[2026-04-02T05:38:02.522+0530] {processor.py:161} INFO - Started process (PID=21116) to work on /Users/aswin/Documents/data-engineering-practice/ETL_Airflow_DBT/airflow/airflow_env/lib/python3.11/site-packages/airflow/example_dags/example_xcomargs.py
[2026-04-02T05:38:02.524+0530] {processor.py:830} INFO - Processing file /Users/aswin/Documents/data-engineering-practice/ETL_Airflow_DBT/airflow/airflow_env/lib/python3.11/site-packages/airflow/example_dags/example_xcomargs.py for tasks to queue
[2026-04-02T05:38:02.524+0530] {logging_mixin.py:188} INFO - [2026-04-02T05:38:02.524+0530] {dagbag.py:540} INFO - Filling up the DagBag from /Users/aswin/Documents/data-engineering-practice/ETL_Airflow_DBT/airflow/airflow_env/lib/python3.11/site-packages/airflow/example_dags/example_xcomargs.py
[2026-04-02T05:38:02.541+0530] {processor.py:840} INFO - DAG(s) 'example_xcom_args_with_operators', 'example_xcom_args' retrieved from /Users/aswin/Documents/data-engineering-practice/ETL_Airflow_DBT/airflow/airflow_env/lib/python3.11/site-packages/airflow/example_dags/example_xcomargs.py
[2026-04-02T05:38:02.602+0530] {logging_mixin.py:188} INFO - [2026-04-02T05:38:02.601+0530] {dag.py:3096} INFO - Sync 2 DAGs
[2026-04-02T05:38:02.607+0530] {logging_mixin.py:188} INFO - [2026-04-02T05:38:02.607+0530] {dag.py:3954} INFO - Setting next_dagrun for example_xcom_args to None, run_after=None
[2026-04-02T05:38:02.609+0530] {logging_mixin.py:188} INFO - [2026-04-02T05:38:02.609+0530] {dag.py:3954} INFO - Setting next_dagrun for example_xcom_args_with_operators to None, run_after=None
[2026-04-02T05:38:02.618+0530] {processor.py:183} INFO - Processing /Users/aswin/Documents/data-engineering-practice/ETL_Airflow_DBT/airflow/airflow_env/lib/python3.11/site-packages/airflow/example_dags/example_xcomargs.py took 0.097 seconds
[2026-04-02T05:38:33.906+0530] {processor.py:161} INFO - Started process (PID=21244) to work on /Users/aswin/Documents/data-engineering-practice/ETL_Airflow_DBT/airflow/airflow_env/lib/python3.11/site-packages/airflow/example_dags/example_xcomargs.py
[2026-04-02T05:38:33.907+0530] {processor.py:830} INFO - Processing file /Users/aswin/Documents/data-engineering-practice/ETL_Airflow_DBT/airflow/airflow_env/lib/python3.11/site-packages/airflow/example_dags/example_xcomargs.py for tasks to queue
[2026-04-02T05:38:33.907+0530] {logging_mixin.py:188} INFO - [2026-04-02T05:38:33.907+0530] {dagbag.py:540} INFO - Filling up the DagBag from /Users/aswin/Documents/data-engineering-practice/ETL_Airflow_DBT/airflow/airflow_env/lib/python3.11/site-packages/airflow/example_dags/example_xcomargs.py
[2026-04-02T05:38:33.923+0530] {processor.py:840} INFO - DAG(s) 'example_xcom_args_with_operators', 'example_xcom_args' retrieved from /Users/aswin/Documents/data-engineering-practice/ETL_Airflow_DBT/airflow/airflow_env/lib/python3.11/site-packages/airflow/example_dags/example_xcomargs.py
[2026-04-02T05:38:33.976+0530] {logging_mixin.py:188} INFO - [2026-04-02T05:38:33.976+0530] {dag.py:3096} INFO - Sync 2 DAGs
[2026-04-02T05:38:33.981+0530] {logging_mixin.py:188} INFO - [2026-04-02T05:38:33.981+0530] {dag.py:3954} INFO - Setting next_dagrun for example_xcom_args to None, run_after=None
[2026-04-02T05:38:33.983+0530] {logging_mixin.py:188} INFO - [2026-04-02T05:38:33.983+0530] {dag.py:3954} INFO - Setting next_dagrun for example_xcom_args_with_operators to None, run_after=None
[2026-04-02T05:38:33.989+0530] {processor.py:183} INFO - Processing /Users/aswin/Documents/data-engineering-practice/ETL_Airflow_DBT/airflow/airflow_env/lib/python3.11/site-packages/airflow/example_dags/example_xcomargs.py took 0.085 seconds
[2026-04-02T05:39:05.067+0530] {processor.py:161} INFO - Started process (PID=21378) to work on /Users/aswin/Documents/data-engineering-practice/ETL_Airflow_DBT/airflow/airflow_env/lib/python3.11/site-packages/airflow/example_dags/example_xcomargs.py
[2026-04-02T05:39:05.068+0530] {processor.py:830} INFO - Processing file /Users/aswin/Documents/data-engineering-practice/ETL_Airflow_DBT/airflow/airflow_env/lib/python3.11/site-packages/airflow/example_dags/example_xcomargs.py for tasks to queue
[2026-04-02T05:39:05.068+0530] {logging_mixin.py:188} INFO - [2026-04-02T05:39:05.068+0530] {dagbag.py:540} INFO - Filling up the DagBag from /Users/aswin/Documents/data-engineering-practice/ETL_Airflow_DBT/airflow/airflow_env/lib/python3.11/site-packages/airflow/example_dags/example_xcomargs.py
[2026-04-02T05:39:05.084+0530] {processor.py:840} INFO - DAG(s) 'example_xcom_args_with_operators', 'example_xcom_args' retrieved from /Users/aswin/Documents/data-engineering-practice/ETL_Airflow_DBT/airflow/airflow_env/lib/python3.11/site-packages/airflow/example_dags/example_xcomargs.py
[2026-04-02T05:39:05.140+0530] {logging_mixin.py:188} INFO - [2026-04-02T05:39:05.140+0530] {dag.py:3096} INFO - Sync 2 DAGs
[2026-04-02T05:39:05.147+0530] {logging_mixin.py:188} INFO - [2026-04-02T05:39:05.147+0530] {dag.py:3954} INFO - Setting next_dagrun for example_xcom_args to None, run_after=None
[2026-04-02T05:39:05.148+0530] {logging_mixin.py:188} INFO - [2026-04-02T05:39:05.148+0530] {dag.py:3954} INFO - Setting next_dagrun for example_xcom_args_with_operators to None, run_after=None
[2026-04-02T05:39:05.157+0530] {processor.py:183} INFO - Processing /Users/aswin/Documents/data-engineering-practice/ETL_Airflow_DBT/airflow/airflow_env/lib/python3.11/site-packages/airflow/example_dags/example_xcomargs.py took 0.091 seconds
[2026-04-02T05:39:36.237+0530] {processor.py:161} INFO - Started process (PID=21504) to work on /Users/aswin/Documents/data-engineering-practice/ETL_Airflow_DBT/airflow/airflow_env/lib/python3.11/site-packages/airflow/example_dags/example_xcomargs.py
[2026-04-02T05:39:36.238+0530] {processor.py:830} INFO - Processing file /Users/aswin/Documents/data-engineering-practice/ETL_Airflow_DBT/airflow/airflow_env/lib/python3.11/site-packages/airflow/example_dags/example_xcomargs.py for tasks to queue
[2026-04-02T05:39:36.238+0530] {logging_mixin.py:188} INFO - [2026-04-02T05:39:36.238+0530] {dagbag.py:540} INFO - Filling up the DagBag from /Users/aswin/Documents/data-engineering-practice/ETL_Airflow_DBT/airflow/airflow_env/lib/python3.11/site-packages/airflow/example_dags/example_xcomargs.py
[2026-04-02T05:39:36.255+0530] {processor.py:840} INFO - DAG(s) 'example_xcom_args_with_operators', 'example_xcom_args' retrieved from /Users/aswin/Documents/data-engineering-practice/ETL_Airflow_DBT/airflow/airflow_env/lib/python3.11/site-packages/airflow/example_dags/example_xcomargs.py
[2026-04-02T05:39:36.309+0530] {logging_mixin.py:188} INFO - [2026-04-02T05:39:36.309+0530] {dag.py:3096} INFO - Sync 2 DAGs
[2026-04-02T05:39:36.315+0530] {logging_mixin.py:188} INFO - [2026-04-02T05:39:36.315+0530] {dag.py:3954} INFO - Setting next_dagrun for example_xcom_args to None, run_after=None
[2026-04-02T05:39:36.317+0530] {logging_mixin.py:188} INFO - [2026-04-02T05:39:36.317+0530] {dag.py:3954} INFO - Setting next_dagrun for example_xcom_args_with_operators to None, run_after=None
[2026-04-02T05:39:36.325+0530] {processor.py:183} INFO - Processing /Users/aswin/Documents/data-engineering-practice/ETL_Airflow_DBT/airflow/airflow_env/lib/python3.11/site-packages/airflow/example_dags/example_xcomargs.py took 0.089 seconds
[2026-04-02T05:40:07.506+0530] {processor.py:161} INFO - Started process (PID=21629) to work on /Users/aswin/Documents/data-engineering-practice/ETL_Airflow_DBT/airflow/airflow_env/lib/python3.11/site-packages/airflow/example_dags/example_xcomargs.py
[2026-04-02T05:40:07.507+0530] {processor.py:830} INFO - Processing file /Users/aswin/Documents/data-engineering-practice/ETL_Airflow_DBT/airflow/airflow_env/lib/python3.11/site-packages/airflow/example_dags/example_xcomargs.py for tasks to queue
[2026-04-02T05:40:07.507+0530] {logging_mixin.py:188} INFO - [2026-04-02T05:40:07.507+0530] {dagbag.py:540} INFO - Filling up the DagBag from /Users/aswin/Documents/data-engineering-practice/ETL_Airflow_DBT/airflow/airflow_env/lib/python3.11/site-packages/airflow/example_dags/example_xcomargs.py
[2026-04-02T05:40:07.524+0530] {processor.py:840} INFO - DAG(s) 'example_xcom_args', 'example_xcom_args_with_operators' retrieved from /Users/aswin/Documents/data-engineering-practice/ETL_Airflow_DBT/airflow/airflow_env/lib/python3.11/site-packages/airflow/example_dags/example_xcomargs.py
[2026-04-02T05:40:07.578+0530] {logging_mixin.py:188} INFO - [2026-04-02T05:40:07.578+0530] {dag.py:3096} INFO - Sync 2 DAGs
[2026-04-02T05:40:07.584+0530] {logging_mixin.py:188} INFO - [2026-04-02T05:40:07.583+0530] {dag.py:3954} INFO - Setting next_dagrun for example_xcom_args to None, run_after=None
[2026-04-02T05:40:07.585+0530] {logging_mixin.py:188} INFO - [2026-04-02T05:40:07.585+0530] {dag.py:3954} INFO - Setting next_dagrun for example_xcom_args_with_operators to None, run_after=None
[2026-04-02T05:40:07.592+0530] {processor.py:183} INFO - Processing /Users/aswin/Documents/data-engineering-practice/ETL_Airflow_DBT/airflow/airflow_env/lib/python3.11/site-packages/airflow/example_dags/example_xcomargs.py took 0.087 seconds
[2026-04-02T05:40:38.532+0530] {processor.py:161} INFO - Started process (PID=21758) to work on /Users/aswin/Documents/data-engineering-practice/ETL_Airflow_DBT/airflow/airflow_env/lib/python3.11/site-packages/airflow/example_dags/example_xcomargs.py
[2026-04-02T05:40:38.533+0530] {processor.py:830} INFO - Processing file /Users/aswin/Documents/data-engineering-practice/ETL_Airflow_DBT/airflow/airflow_env/lib/python3.11/site-packages/airflow/example_dags/example_xcomargs.py for tasks to queue
[2026-04-02T05:40:38.534+0530] {logging_mixin.py:188} INFO - [2026-04-02T05:40:38.534+0530] {dagbag.py:540} INFO - Filling up the DagBag from /Users/aswin/Documents/data-engineering-practice/ETL_Airflow_DBT/airflow/airflow_env/lib/python3.11/site-packages/airflow/example_dags/example_xcomargs.py
[2026-04-02T05:40:38.550+0530] {processor.py:840} INFO - DAG(s) 'example_xcom_args', 'example_xcom_args_with_operators' retrieved from /Users/aswin/Documents/data-engineering-practice/ETL_Airflow_DBT/airflow/airflow_env/lib/python3.11/site-packages/airflow/example_dags/example_xcomargs.py
[2026-04-02T05:40:38.604+0530] {logging_mixin.py:188} INFO - [2026-04-02T05:40:38.603+0530] {dag.py:3096} INFO - Sync 2 DAGs
[2026-04-02T05:40:38.609+0530] {logging_mixin.py:188} INFO - [2026-04-02T05:40:38.609+0530] {dag.py:3954} INFO - Setting next_dagrun for example_xcom_args to None, run_after=None
[2026-04-02T05:40:38.611+0530] {logging_mixin.py:188} INFO - [2026-04-02T05:40:38.610+0530] {dag.py:3954} INFO - Setting next_dagrun for example_xcom_args_with_operators to None, run_after=None
[2026-04-02T05:40:38.619+0530] {processor.py:183} INFO - Processing /Users/aswin/Documents/data-engineering-practice/ETL_Airflow_DBT/airflow/airflow_env/lib/python3.11/site-packages/airflow/example_dags/example_xcomargs.py took 0.087 seconds
[2026-04-02T05:41:09.726+0530] {processor.py:161} INFO - Started process (PID=21891) to work on /Users/aswin/Documents/data-engineering-practice/ETL_Airflow_DBT/airflow/airflow_env/lib/python3.11/site-packages/airflow/example_dags/example_xcomargs.py
[2026-04-02T05:41:09.727+0530] {processor.py:830} INFO - Processing file /Users/aswin/Documents/data-engineering-practice/ETL_Airflow_DBT/airflow/airflow_env/lib/python3.11/site-packages/airflow/example_dags/example_xcomargs.py for tasks to queue
[2026-04-02T05:41:09.727+0530] {logging_mixin.py:188} INFO - [2026-04-02T05:41:09.727+0530] {dagbag.py:540} INFO - Filling up the DagBag from /Users/aswin/Documents/data-engineering-practice/ETL_Airflow_DBT/airflow/airflow_env/lib/python3.11/site-packages/airflow/example_dags/example_xcomargs.py
[2026-04-02T05:41:09.743+0530] {processor.py:840} INFO - DAG(s) 'example_xcom_args_with_operators', 'example_xcom_args' retrieved from /Users/aswin/Documents/data-engineering-practice/ETL_Airflow_DBT/airflow/airflow_env/lib/python3.11/site-packages/airflow/example_dags/example_xcomargs.py
[2026-04-02T05:41:09.799+0530] {logging_mixin.py:188} INFO - [2026-04-02T05:41:09.799+0530] {dag.py:3096} INFO - Sync 2 DAGs
[2026-04-02T05:41:09.804+0530] {logging_mixin.py:188} INFO - [2026-04-02T05:41:09.804+0530] {dag.py:3954} INFO - Setting next_dagrun for example_xcom_args to None, run_after=None
[2026-04-02T05:41:09.806+0530] {logging_mixin.py:188} INFO - [2026-04-02T05:41:09.806+0530] {dag.py:3954} INFO - Setting next_dagrun for example_xcom_args_with_operators to None, run_after=None
[2026-04-02T05:41:09.815+0530] {processor.py:183} INFO - Processing /Users/aswin/Documents/data-engineering-practice/ETL_Airflow_DBT/airflow/airflow_env/lib/python3.11/site-packages/airflow/example_dags/example_xcomargs.py took 0.089 seconds
[2026-04-02T05:41:40.767+0530] {processor.py:161} INFO - Started process (PID=22017) to work on /Users/aswin/Documents/data-engineering-practice/ETL_Airflow_DBT/airflow/airflow_env/lib/python3.11/site-packages/airflow/example_dags/example_xcomargs.py
[2026-04-02T05:41:40.768+0530] {processor.py:830} INFO - Processing file /Users/aswin/Documents/data-engineering-practice/ETL_Airflow_DBT/airflow/airflow_env/lib/python3.11/site-packages/airflow/example_dags/example_xcomargs.py for tasks to queue
[2026-04-02T05:41:40.768+0530] {logging_mixin.py:188} INFO - [2026-04-02T05:41:40.768+0530] {dagbag.py:540} INFO - Filling up the DagBag from /Users/aswin/Documents/data-engineering-practice/ETL_Airflow_DBT/airflow/airflow_env/lib/python3.11/site-packages/airflow/example_dags/example_xcomargs.py
[2026-04-02T05:41:40.784+0530] {processor.py:840} INFO - DAG(s) 'example_xcom_args_with_operators', 'example_xcom_args' retrieved from /Users/aswin/Documents/data-engineering-practice/ETL_Airflow_DBT/airflow/airflow_env/lib/python3.11/site-packages/airflow/example_dags/example_xcomargs.py
[2026-04-02T05:41:40.837+0530] {logging_mixin.py:188} INFO - [2026-04-02T05:41:40.837+0530] {dag.py:3096} INFO - Sync 2 DAGs
[2026-04-02T05:41:40.843+0530] {logging_mixin.py:188} INFO - [2026-04-02T05:41:40.843+0530] {dag.py:3954} INFO - Setting next_dagrun for example_xcom_args to None, run_after=None
[2026-04-02T05:41:40.845+0530] {logging_mixin.py:188} INFO - [2026-04-02T05:41:40.845+0530] {dag.py:3954} INFO - Setting next_dagrun for example_xcom_args_with_operators to None, run_after=None
[2026-04-02T05:41:40.854+0530] {processor.py:183} INFO - Processing /Users/aswin/Documents/data-engineering-practice/ETL_Airflow_DBT/airflow/airflow_env/lib/python3.11/site-packages/airflow/example_dags/example_xcomargs.py took 0.088 seconds
[2026-04-02T05:42:11.838+0530] {processor.py:161} INFO - Started process (PID=22143) to work on /Users/aswin/Documents/data-engineering-practice/ETL_Airflow_DBT/airflow/airflow_env/lib/python3.11/site-packages/airflow/example_dags/example_xcomargs.py
[2026-04-02T05:42:11.838+0530] {processor.py:830} INFO - Processing file /Users/aswin/Documents/data-engineering-practice/ETL_Airflow_DBT/airflow/airflow_env/lib/python3.11/site-packages/airflow/example_dags/example_xcomargs.py for tasks to queue
[2026-04-02T05:42:11.839+0530] {logging_mixin.py:188} INFO - [2026-04-02T05:42:11.838+0530] {dagbag.py:540} INFO - Filling up the DagBag from /Users/aswin/Documents/data-engineering-practice/ETL_Airflow_DBT/airflow/airflow_env/lib/python3.11/site-packages/airflow/example_dags/example_xcomargs.py
[2026-04-02T05:42:11.854+0530] {processor.py:840} INFO - DAG(s) 'example_xcom_args_with_operators', 'example_xcom_args' retrieved from /Users/aswin/Documents/data-engineering-practice/ETL_Airflow_DBT/airflow/airflow_env/lib/python3.11/site-packages/airflow/example_dags/example_xcomargs.py
[2026-04-02T05:42:11.909+0530] {logging_mixin.py:188} INFO - [2026-04-02T05:42:11.909+0530] {dag.py:3096} INFO - Sync 2 DAGs
[2026-04-02T05:42:11.917+0530] {logging_mixin.py:188} INFO - [2026-04-02T05:42:11.917+0530] {dag.py:3954} INFO - Setting next_dagrun for example_xcom_args to None, run_after=None
[2026-04-02T05:42:11.919+0530] {logging_mixin.py:188} INFO - [2026-04-02T05:42:11.919+0530] {dag.py:3954} INFO - Setting next_dagrun for example_xcom_args_with_operators to None, run_after=None
[2026-04-02T05:42:11.927+0530] {processor.py:183} INFO - Processing /Users/aswin/Documents/data-engineering-practice/ETL_Airflow_DBT/airflow/airflow_env/lib/python3.11/site-packages/airflow/example_dags/example_xcomargs.py took 0.090 seconds
[2026-04-02T05:42:43.153+0530] {processor.py:161} INFO - Started process (PID=22274) to work on /Users/aswin/Documents/data-engineering-practice/ETL_Airflow_DBT/airflow/airflow_env/lib/python3.11/site-packages/airflow/example_dags/example_xcomargs.py
[2026-04-02T05:42:43.154+0530] {processor.py:830} INFO - Processing file /Users/aswin/Documents/data-engineering-practice/ETL_Airflow_DBT/airflow/airflow_env/lib/python3.11/site-packages/airflow/example_dags/example_xcomargs.py for tasks to queue
[2026-04-02T05:42:43.154+0530] {logging_mixin.py:188} INFO - [2026-04-02T05:42:43.154+0530] {dagbag.py:540} INFO - Filling up the DagBag from /Users/aswin/Documents/data-engineering-practice/ETL_Airflow_DBT/airflow/airflow_env/lib/python3.11/site-packages/airflow/example_dags/example_xcomargs.py
[2026-04-02T05:42:43.170+0530] {processor.py:840} INFO - DAG(s) 'example_xcom_args', 'example_xcom_args_with_operators' retrieved from /Users/aswin/Documents/data-engineering-practice/ETL_Airflow_DBT/airflow/airflow_env/lib/python3.11/site-packages/airflow/example_dags/example_xcomargs.py
[2026-04-02T05:42:43.223+0530] {logging_mixin.py:188} INFO - [2026-04-02T05:42:43.223+0530] {dag.py:3096} INFO - Sync 2 DAGs
[2026-04-02T05:42:43.229+0530] {logging_mixin.py:188} INFO - [2026-04-02T05:42:43.229+0530] {dag.py:3954} INFO - Setting next_dagrun for example_xcom_args to None, run_after=None
[2026-04-02T05:42:43.230+0530] {logging_mixin.py:188} INFO - [2026-04-02T05:42:43.230+0530] {dag.py:3954} INFO - Setting next_dagrun for example_xcom_args_with_operators to None, run_after=None
[2026-04-02T05:42:43.238+0530] {processor.py:183} INFO - Processing /Users/aswin/Documents/data-engineering-practice/ETL_Airflow_DBT/airflow/airflow_env/lib/python3.11/site-packages/airflow/example_dags/example_xcomargs.py took 0.086 seconds
[2026-04-02T05:43:14.181+0530] {processor.py:161} INFO - Started process (PID=22401) to work on /Users/aswin/Documents/data-engineering-practice/ETL_Airflow_DBT/airflow/airflow_env/lib/python3.11/site-packages/airflow/example_dags/example_xcomargs.py
[2026-04-02T05:43:14.182+0530] {processor.py:830} INFO - Processing file /Users/aswin/Documents/data-engineering-practice/ETL_Airflow_DBT/airflow/airflow_env/lib/python3.11/site-packages/airflow/example_dags/example_xcomargs.py for tasks to queue
[2026-04-02T05:43:14.182+0530] {logging_mixin.py:188} INFO - [2026-04-02T05:43:14.182+0530] {dagbag.py:540} INFO - Filling up the DagBag from /Users/aswin/Documents/data-engineering-practice/ETL_Airflow_DBT/airflow/airflow_env/lib/python3.11/site-packages/airflow/example_dags/example_xcomargs.py
[2026-04-02T05:43:14.198+0530] {processor.py:840} INFO - DAG(s) 'example_xcom_args', 'example_xcom_args_with_operators' retrieved from /Users/aswin/Documents/data-engineering-practice/ETL_Airflow_DBT/airflow/airflow_env/lib/python3.11/site-packages/airflow/example_dags/example_xcomargs.py
[2026-04-02T05:43:14.253+0530] {logging_mixin.py:188} INFO - [2026-04-02T05:43:14.253+0530] {dag.py:3096} INFO - Sync 2 DAGs
[2026-04-02T05:43:14.259+0530] {logging_mixin.py:188} INFO - [2026-04-02T05:43:14.259+0530] {dag.py:3954} INFO - Setting next_dagrun for example_xcom_args to None, run_after=None
[2026-04-02T05:43:14.260+0530] {logging_mixin.py:188} INFO - [2026-04-02T05:43:14.260+0530] {dag.py:3954} INFO - Setting next_dagrun for example_xcom_args_with_operators to None, run_after=None
[2026-04-02T05:43:14.270+0530] {processor.py:183} INFO - Processing /Users/aswin/Documents/data-engineering-practice/ETL_Airflow_DBT/airflow/airflow_env/lib/python3.11/site-packages/airflow/example_dags/example_xcomargs.py took 0.089 seconds
[2026-04-02T05:43:45.522+0530] {processor.py:161} INFO - Started process (PID=22541) to work on /Users/aswin/Documents/data-engineering-practice/ETL_Airflow_DBT/airflow/airflow_env/lib/python3.11/site-packages/airflow/example_dags/example_xcomargs.py
[2026-04-02T05:43:45.524+0530] {processor.py:830} INFO - Processing file /Users/aswin/Documents/data-engineering-practice/ETL_Airflow_DBT/airflow/airflow_env/lib/python3.11/site-packages/airflow/example_dags/example_xcomargs.py for tasks to queue
[2026-04-02T05:43:45.524+0530] {logging_mixin.py:188} INFO - [2026-04-02T05:43:45.524+0530] {dagbag.py:540} INFO - Filling up the DagBag from /Users/aswin/Documents/data-engineering-practice/ETL_Airflow_DBT/airflow/airflow_env/lib/python3.11/site-packages/airflow/example_dags/example_xcomargs.py
[2026-04-02T05:43:45.539+0530] {processor.py:840} INFO - DAG(s) 'example_xcom_args', 'example_xcom_args_with_operators' retrieved from /Users/aswin/Documents/data-engineering-practice/ETL_Airflow_DBT/airflow/airflow_env/lib/python3.11/site-packages/airflow/example_dags/example_xcomargs.py
[2026-04-02T05:43:45.595+0530] {logging_mixin.py:188} INFO - [2026-04-02T05:43:45.595+0530] {dag.py:3096} INFO - Sync 2 DAGs
[2026-04-02T05:43:45.602+0530] {logging_mixin.py:188} INFO - [2026-04-02T05:43:45.602+0530] {dag.py:3954} INFO - Setting next_dagrun for example_xcom_args to None, run_after=None
[2026-04-02T05:43:45.603+0530] {logging_mixin.py:188} INFO - [2026-04-02T05:43:45.603+0530] {dag.py:3954} INFO - Setting next_dagrun for example_xcom_args_with_operators to None, run_after=None
[2026-04-02T05:43:45.612+0530] {processor.py:183} INFO - Processing /Users/aswin/Documents/data-engineering-practice/ETL_Airflow_DBT/airflow/airflow_env/lib/python3.11/site-packages/airflow/example_dags/example_xcomargs.py took 0.090 seconds
[2026-04-02T05:44:17.020+0530] {processor.py:161} INFO - Started process (PID=22672) to work on /Users/aswin/Documents/data-engineering-practice/ETL_Airflow_DBT/airflow/airflow_env/lib/python3.11/site-packages/airflow/example_dags/example_xcomargs.py
[2026-04-02T05:44:17.021+0530] {processor.py:830} INFO - Processing file /Users/aswin/Documents/data-engineering-practice/ETL_Airflow_DBT/airflow/airflow_env/lib/python3.11/site-packages/airflow/example_dags/example_xcomargs.py for tasks to queue
[2026-04-02T05:44:17.022+0530] {logging_mixin.py:188} INFO - [2026-04-02T05:44:17.022+0530] {dagbag.py:540} INFO - Filling up the DagBag from /Users/aswin/Documents/data-engineering-practice/ETL_Airflow_DBT/airflow/airflow_env/lib/python3.11/site-packages/airflow/example_dags/example_xcomargs.py
[2026-04-02T05:44:17.039+0530] {processor.py:840} INFO - DAG(s) 'example_xcom_args_with_operators', 'example_xcom_args' retrieved from /Users/aswin/Documents/data-engineering-practice/ETL_Airflow_DBT/airflow/airflow_env/lib/python3.11/site-packages/airflow/example_dags/example_xcomargs.py
[2026-04-02T05:44:17.106+0530] {logging_mixin.py:188} INFO - [2026-04-02T05:44:17.106+0530] {dag.py:3096} INFO - Sync 2 DAGs
[2026-04-02T05:44:17.112+0530] {logging_mixin.py:188} INFO - [2026-04-02T05:44:17.112+0530] {dag.py:3954} INFO - Setting next_dagrun for example_xcom_args to None, run_after=None
[2026-04-02T05:44:17.114+0530] {logging_mixin.py:188} INFO - [2026-04-02T05:44:17.113+0530] {dag.py:3954} INFO - Setting next_dagrun for example_xcom_args_with_operators to None, run_after=None
[2026-04-02T05:44:17.123+0530] {processor.py:183} INFO - Processing /Users/aswin/Documents/data-engineering-practice/ETL_Airflow_DBT/airflow/airflow_env/lib/python3.11/site-packages/airflow/example_dags/example_xcomargs.py took 0.103 seconds
[2026-04-02T05:44:48.165+0530] {processor.py:161} INFO - Started process (PID=22799) to work on /Users/aswin/Documents/data-engineering-practice/ETL_Airflow_DBT/airflow/airflow_env/lib/python3.11/site-packages/airflow/example_dags/example_xcomargs.py
[2026-04-02T05:44:48.166+0530] {processor.py:830} INFO - Processing file /Users/aswin/Documents/data-engineering-practice/ETL_Airflow_DBT/airflow/airflow_env/lib/python3.11/site-packages/airflow/example_dags/example_xcomargs.py for tasks to queue
[2026-04-02T05:44:48.166+0530] {logging_mixin.py:188} INFO - [2026-04-02T05:44:48.166+0530] {dagbag.py:540} INFO - Filling up the DagBag from /Users/aswin/Documents/data-engineering-practice/ETL_Airflow_DBT/airflow/airflow_env/lib/python3.11/site-packages/airflow/example_dags/example_xcomargs.py
[2026-04-02T05:44:48.182+0530] {processor.py:840} INFO - DAG(s) 'example_xcom_args_with_operators', 'example_xcom_args' retrieved from /Users/aswin/Documents/data-engineering-practice/ETL_Airflow_DBT/airflow/airflow_env/lib/python3.11/site-packages/airflow/example_dags/example_xcomargs.py
[2026-04-02T05:44:48.237+0530] {logging_mixin.py:188} INFO - [2026-04-02T05:44:48.237+0530] {dag.py:3096} INFO - Sync 2 DAGs
[2026-04-02T05:44:48.244+0530] {logging_mixin.py:188} INFO - [2026-04-02T05:44:48.244+0530] {dag.py:3954} INFO - Setting next_dagrun for example_xcom_args to None, run_after=None
[2026-04-02T05:44:48.246+0530] {logging_mixin.py:188} INFO - [2026-04-02T05:44:48.246+0530] {dag.py:3954} INFO - Setting next_dagrun for example_xcom_args_with_operators to None, run_after=None
[2026-04-02T05:44:48.254+0530] {processor.py:183} INFO - Processing /Users/aswin/Documents/data-engineering-practice/ETL_Airflow_DBT/airflow/airflow_env/lib/python3.11/site-packages/airflow/example_dags/example_xcomargs.py took 0.089 seconds
[2026-04-02T05:45:19.859+0530] {processor.py:161} INFO - Started process (PID=22922) to work on /Users/aswin/Documents/data-engineering-practice/ETL_Airflow_DBT/airflow/airflow_env/lib/python3.11/site-packages/airflow/example_dags/example_xcomargs.py
[2026-04-02T05:45:19.860+0530] {processor.py:830} INFO - Processing file /Users/aswin/Documents/data-engineering-practice/ETL_Airflow_DBT/airflow/airflow_env/lib/python3.11/site-packages/airflow/example_dags/example_xcomargs.py for tasks to queue
[2026-04-02T05:45:19.861+0530] {logging_mixin.py:188} INFO - [2026-04-02T05:45:19.861+0530] {dagbag.py:540} INFO - Filling up the DagBag from /Users/aswin/Documents/data-engineering-practice/ETL_Airflow_DBT/airflow/airflow_env/lib/python3.11/site-packages/airflow/example_dags/example_xcomargs.py
[2026-04-02T05:45:19.877+0530] {processor.py:840} INFO - DAG(s) 'example_xcom_args_with_operators', 'example_xcom_args' retrieved from /Users/aswin/Documents/data-engineering-practice/ETL_Airflow_DBT/airflow/airflow_env/lib/python3.11/site-packages/airflow/example_dags/example_xcomargs.py
[2026-04-02T05:45:19.932+0530] {logging_mixin.py:188} INFO - [2026-04-02T05:45:19.932+0530] {dag.py:3096} INFO - Sync 2 DAGs
[2026-04-02T05:45:19.939+0530] {logging_mixin.py:188} INFO - [2026-04-02T05:45:19.939+0530] {dag.py:3954} INFO - Setting next_dagrun for example_xcom_args to None, run_after=None
[2026-04-02T05:45:19.941+0530] {logging_mixin.py:188} INFO - [2026-04-02T05:45:19.941+0530] {dag.py:3954} INFO - Setting next_dagrun for example_xcom_args_with_operators to None, run_after=None
[2026-04-02T05:45:19.947+0530] {processor.py:183} INFO - Processing /Users/aswin/Documents/data-engineering-practice/ETL_Airflow_DBT/airflow/airflow_env/lib/python3.11/site-packages/airflow/example_dags/example_xcomargs.py took 0.089 seconds
[2026-04-02T05:45:50.844+0530] {processor.py:161} INFO - Started process (PID=23036) to work on /Users/aswin/Documents/data-engineering-practice/ETL_Airflow_DBT/airflow/airflow_env/lib/python3.11/site-packages/airflow/example_dags/example_xcomargs.py
[2026-04-02T05:45:50.844+0530] {processor.py:830} INFO - Processing file /Users/aswin/Documents/data-engineering-practice/ETL_Airflow_DBT/airflow/airflow_env/lib/python3.11/site-packages/airflow/example_dags/example_xcomargs.py for tasks to queue
[2026-04-02T05:45:50.845+0530] {logging_mixin.py:188} INFO - [2026-04-02T05:45:50.845+0530] {dagbag.py:540} INFO - Filling up the DagBag from /Users/aswin/Documents/data-engineering-practice/ETL_Airflow_DBT/airflow/airflow_env/lib/python3.11/site-packages/airflow/example_dags/example_xcomargs.py
[2026-04-02T05:45:50.862+0530] {processor.py:840} INFO - DAG(s) 'example_xcom_args', 'example_xcom_args_with_operators' retrieved from /Users/aswin/Documents/data-engineering-practice/ETL_Airflow_DBT/airflow/airflow_env/lib/python3.11/site-packages/airflow/example_dags/example_xcomargs.py
[2026-04-02T05:45:50.916+0530] {logging_mixin.py:188} INFO - [2026-04-02T05:45:50.915+0530] {dag.py:3096} INFO - Sync 2 DAGs
[2026-04-02T05:45:50.921+0530] {logging_mixin.py:188} INFO - [2026-04-02T05:45:50.921+0530] {dag.py:3954} INFO - Setting next_dagrun for example_xcom_args to None, run_after=None
[2026-04-02T05:45:50.922+0530] {logging_mixin.py:188} INFO - [2026-04-02T05:45:50.922+0530] {dag.py:3954} INFO - Setting next_dagrun for example_xcom_args_with_operators to None, run_after=None
[2026-04-02T05:45:50.931+0530] {processor.py:183} INFO - Processing /Users/aswin/Documents/data-engineering-practice/ETL_Airflow_DBT/airflow/airflow_env/lib/python3.11/site-packages/airflow/example_dags/example_xcomargs.py took 0.088 seconds
[2026-04-02T05:46:22.043+0530] {processor.py:161} INFO - Started process (PID=23153) to work on /Users/aswin/Documents/data-engineering-practice/ETL_Airflow_DBT/airflow/airflow_env/lib/python3.11/site-packages/airflow/example_dags/example_xcomargs.py
[2026-04-02T05:46:22.043+0530] {processor.py:830} INFO - Processing file /Users/aswin/Documents/data-engineering-practice/ETL_Airflow_DBT/airflow/airflow_env/lib/python3.11/site-packages/airflow/example_dags/example_xcomargs.py for tasks to queue
[2026-04-02T05:46:22.044+0530] {logging_mixin.py:188} INFO - [2026-04-02T05:46:22.044+0530] {dagbag.py:540} INFO - Filling up the DagBag from /Users/aswin/Documents/data-engineering-practice/ETL_Airflow_DBT/airflow/airflow_env/lib/python3.11/site-packages/airflow/example_dags/example_xcomargs.py
[2026-04-02T05:46:22.059+0530] {processor.py:840} INFO - DAG(s) 'example_xcom_args_with_operators', 'example_xcom_args' retrieved from /Users/aswin/Documents/data-engineering-practice/ETL_Airflow_DBT/airflow/airflow_env/lib/python3.11/site-packages/airflow/example_dags/example_xcomargs.py
[2026-04-02T05:46:22.114+0530] {logging_mixin.py:188} INFO - [2026-04-02T05:46:22.113+0530] {dag.py:3096} INFO - Sync 2 DAGs
[2026-04-02T05:46:22.119+0530] {logging_mixin.py:188} INFO - [2026-04-02T05:46:22.119+0530] {dag.py:3954} INFO - Setting next_dagrun for example_xcom_args to None, run_after=None
[2026-04-02T05:46:22.120+0530] {logging_mixin.py:188} INFO - [2026-04-02T05:46:22.120+0530] {dag.py:3954} INFO - Setting next_dagrun for example_xcom_args_with_operators to None, run_after=None
[2026-04-02T05:46:22.128+0530] {processor.py:183} INFO - Processing /Users/aswin/Documents/data-engineering-practice/ETL_Airflow_DBT/airflow/airflow_env/lib/python3.11/site-packages/airflow/example_dags/example_xcomargs.py took 0.086 seconds
[2026-04-02T05:46:53.264+0530] {processor.py:161} INFO - Started process (PID=23266) to work on /Users/aswin/Documents/data-engineering-practice/ETL_Airflow_DBT/airflow/airflow_env/lib/python3.11/site-packages/airflow/example_dags/example_xcomargs.py
[2026-04-02T05:46:53.265+0530] {processor.py:830} INFO - Processing file /Users/aswin/Documents/data-engineering-practice/ETL_Airflow_DBT/airflow/airflow_env/lib/python3.11/site-packages/airflow/example_dags/example_xcomargs.py for tasks to queue
[2026-04-02T05:46:53.265+0530] {logging_mixin.py:188} INFO - [2026-04-02T05:46:53.265+0530] {dagbag.py:540} INFO - Filling up the DagBag from /Users/aswin/Documents/data-engineering-practice/ETL_Airflow_DBT/airflow/airflow_env/lib/python3.11/site-packages/airflow/example_dags/example_xcomargs.py
[2026-04-02T05:46:53.281+0530] {processor.py:840} INFO - DAG(s) 'example_xcom_args_with_operators', 'example_xcom_args' retrieved from /Users/aswin/Documents/data-engineering-practice/ETL_Airflow_DBT/airflow/airflow_env/lib/python3.11/site-packages/airflow/example_dags/example_xcomargs.py
[2026-04-02T05:46:53.334+0530] {logging_mixin.py:188} INFO - [2026-04-02T05:46:53.334+0530] {dag.py:3096} INFO - Sync 2 DAGs
[2026-04-02T05:46:53.339+0530] {logging_mixin.py:188} INFO - [2026-04-02T05:46:53.339+0530] {dag.py:3954} INFO - Setting next_dagrun for example_xcom_args to None, run_after=None
[2026-04-02T05:46:53.341+0530] {logging_mixin.py:188} INFO - [2026-04-02T05:46:53.341+0530] {dag.py:3954} INFO - Setting next_dagrun for example_xcom_args_with_operators to None, run_after=None
[2026-04-02T05:46:53.348+0530] {processor.py:183} INFO - Processing /Users/aswin/Documents/data-engineering-practice/ETL_Airflow_DBT/airflow/airflow_env/lib/python3.11/site-packages/airflow/example_dags/example_xcomargs.py took 0.086 seconds
[2026-04-02T05:47:24.589+0530] {processor.py:161} INFO - Started process (PID=23380) to work on /Users/aswin/Documents/data-engineering-practice/ETL_Airflow_DBT/airflow/airflow_env/lib/python3.11/site-packages/airflow/example_dags/example_xcomargs.py
[2026-04-02T05:47:24.590+0530] {processor.py:830} INFO - Processing file /Users/aswin/Documents/data-engineering-practice/ETL_Airflow_DBT/airflow/airflow_env/lib/python3.11/site-packages/airflow/example_dags/example_xcomargs.py for tasks to queue
[2026-04-02T05:47:24.590+0530] {logging_mixin.py:188} INFO - [2026-04-02T05:47:24.590+0530] {dagbag.py:540} INFO - Filling up the DagBag from /Users/aswin/Documents/data-engineering-practice/ETL_Airflow_DBT/airflow/airflow_env/lib/python3.11/site-packages/airflow/example_dags/example_xcomargs.py
[2026-04-02T05:47:24.608+0530] {processor.py:840} INFO - DAG(s) 'example_xcom_args_with_operators', 'example_xcom_args' retrieved from /Users/aswin/Documents/data-engineering-practice/ETL_Airflow_DBT/airflow/airflow_env/lib/python3.11/site-packages/airflow/example_dags/example_xcomargs.py
[2026-04-02T05:47:24.669+0530] {logging_mixin.py:188} INFO - [2026-04-02T05:47:24.669+0530] {dag.py:3096} INFO - Sync 2 DAGs
[2026-04-02T05:47:24.678+0530] {logging_mixin.py:188} INFO - [2026-04-02T05:47:24.678+0530] {dag.py:3954} INFO - Setting next_dagrun for example_xcom_args to None, run_after=None
[2026-04-02T05:47:24.680+0530] {logging_mixin.py:188} INFO - [2026-04-02T05:47:24.680+0530] {dag.py:3954} INFO - Setting next_dagrun for example_xcom_args_with_operators to None, run_after=None
[2026-04-02T05:47:24.691+0530] {processor.py:183} INFO - Processing /Users/aswin/Documents/data-engineering-practice/ETL_Airflow_DBT/airflow/airflow_env/lib/python3.11/site-packages/airflow/example_dags/example_xcomargs.py took 0.103 seconds
[2026-04-02T05:47:55.831+0530] {processor.py:161} INFO - Started process (PID=23496) to work on /Users/aswin/Documents/data-engineering-practice/ETL_Airflow_DBT/airflow/airflow_env/lib/python3.11/site-packages/airflow/example_dags/example_xcomargs.py
[2026-04-02T05:47:55.832+0530] {processor.py:830} INFO - Processing file /Users/aswin/Documents/data-engineering-practice/ETL_Airflow_DBT/airflow/airflow_env/lib/python3.11/site-packages/airflow/example_dags/example_xcomargs.py for tasks to queue
[2026-04-02T05:47:55.832+0530] {logging_mixin.py:188} INFO - [2026-04-02T05:47:55.832+0530] {dagbag.py:540} INFO - Filling up the DagBag from /Users/aswin/Documents/data-engineering-practice/ETL_Airflow_DBT/airflow/airflow_env/lib/python3.11/site-packages/airflow/example_dags/example_xcomargs.py
[2026-04-02T05:47:55.848+0530] {processor.py:840} INFO - DAG(s) 'example_xcom_args', 'example_xcom_args_with_operators' retrieved from /Users/aswin/Documents/data-engineering-practice/ETL_Airflow_DBT/airflow/airflow_env/lib/python3.11/site-packages/airflow/example_dags/example_xcomargs.py
[2026-04-02T05:47:55.900+0530] {logging_mixin.py:188} INFO - [2026-04-02T05:47:55.900+0530] {dag.py:3096} INFO - Sync 2 DAGs
[2026-04-02T05:47:55.906+0530] {logging_mixin.py:188} INFO - [2026-04-02T05:47:55.906+0530] {dag.py:3954} INFO - Setting next_dagrun for example_xcom_args to None, run_after=None
[2026-04-02T05:47:55.907+0530] {logging_mixin.py:188} INFO - [2026-04-02T05:47:55.907+0530] {dag.py:3954} INFO - Setting next_dagrun for example_xcom_args_with_operators to None, run_after=None
[2026-04-02T05:47:55.914+0530] {processor.py:183} INFO - Processing /Users/aswin/Documents/data-engineering-practice/ETL_Airflow_DBT/airflow/airflow_env/lib/python3.11/site-packages/airflow/example_dags/example_xcomargs.py took 0.084 seconds
[2026-04-02T05:48:27.139+0530] {processor.py:161} INFO - Started process (PID=23608) to work on /Users/aswin/Documents/data-engineering-practice/ETL_Airflow_DBT/airflow/airflow_env/lib/python3.11/site-packages/airflow/example_dags/example_xcomargs.py
[2026-04-02T05:48:27.139+0530] {processor.py:830} INFO - Processing file /Users/aswin/Documents/data-engineering-practice/ETL_Airflow_DBT/airflow/airflow_env/lib/python3.11/site-packages/airflow/example_dags/example_xcomargs.py for tasks to queue
[2026-04-02T05:48:27.140+0530] {logging_mixin.py:188} INFO - [2026-04-02T05:48:27.139+0530] {dagbag.py:540} INFO - Filling up the DagBag from /Users/aswin/Documents/data-engineering-practice/ETL_Airflow_DBT/airflow/airflow_env/lib/python3.11/site-packages/airflow/example_dags/example_xcomargs.py
[2026-04-02T05:48:27.156+0530] {processor.py:840} INFO - DAG(s) 'example_xcom_args_with_operators', 'example_xcom_args' retrieved from /Users/aswin/Documents/data-engineering-practice/ETL_Airflow_DBT/airflow/airflow_env/lib/python3.11/site-packages/airflow/example_dags/example_xcomargs.py
[2026-04-02T05:48:27.210+0530] {logging_mixin.py:188} INFO - [2026-04-02T05:48:27.210+0530] {dag.py:3096} INFO - Sync 2 DAGs
[2026-04-02T05:48:27.217+0530] {logging_mixin.py:188} INFO - [2026-04-02T05:48:27.217+0530] {dag.py:3954} INFO - Setting next_dagrun for example_xcom_args to None, run_after=None
[2026-04-02T05:48:27.218+0530] {logging_mixin.py:188} INFO - [2026-04-02T05:48:27.218+0530] {dag.py:3954} INFO - Setting next_dagrun for example_xcom_args_with_operators to None, run_after=None
[2026-04-02T05:48:27.226+0530] {processor.py:183} INFO - Processing /Users/aswin/Documents/data-engineering-practice/ETL_Airflow_DBT/airflow/airflow_env/lib/python3.11/site-packages/airflow/example_dags/example_xcomargs.py took 0.088 seconds
[2026-04-02T05:48:58.103+0530] {processor.py:161} INFO - Started process (PID=23721) to work on /Users/aswin/Documents/data-engineering-practice/ETL_Airflow_DBT/airflow/airflow_env/lib/python3.11/site-packages/airflow/example_dags/example_xcomargs.py
[2026-04-02T05:48:58.104+0530] {processor.py:830} INFO - Processing file /Users/aswin/Documents/data-engineering-practice/ETL_Airflow_DBT/airflow/airflow_env/lib/python3.11/site-packages/airflow/example_dags/example_xcomargs.py for tasks to queue
[2026-04-02T05:48:58.104+0530] {logging_mixin.py:188} INFO - [2026-04-02T05:48:58.104+0530] {dagbag.py:540} INFO - Filling up the DagBag from /Users/aswin/Documents/data-engineering-practice/ETL_Airflow_DBT/airflow/airflow_env/lib/python3.11/site-packages/airflow/example_dags/example_xcomargs.py
[2026-04-02T05:48:58.121+0530] {processor.py:840} INFO - DAG(s) 'example_xcom_args', 'example_xcom_args_with_operators' retrieved from /Users/aswin/Documents/data-engineering-practice/ETL_Airflow_DBT/airflow/airflow_env/lib/python3.11/site-packages/airflow/example_dags/example_xcomargs.py
[2026-04-02T05:48:58.180+0530] {logging_mixin.py:188} INFO - [2026-04-02T05:48:58.180+0530] {dag.py:3096} INFO - Sync 2 DAGs
[2026-04-02T05:48:58.187+0530] {logging_mixin.py:188} INFO - [2026-04-02T05:48:58.187+0530] {dag.py:3954} INFO - Setting next_dagrun for example_xcom_args to None, run_after=None
[2026-04-02T05:48:58.189+0530] {logging_mixin.py:188} INFO - [2026-04-02T05:48:58.188+0530] {dag.py:3954} INFO - Setting next_dagrun for example_xcom_args_with_operators to None, run_after=None
[2026-04-02T05:48:58.197+0530] {processor.py:183} INFO - Processing /Users/aswin/Documents/data-engineering-practice/ETL_Airflow_DBT/airflow/airflow_env/lib/python3.11/site-packages/airflow/example_dags/example_xcomargs.py took 0.096 seconds
[2026-04-02T05:49:29.002+0530] {processor.py:161} INFO - Started process (PID=23849) to work on /Users/aswin/Documents/data-engineering-practice/ETL_Airflow_DBT/airflow/airflow_env/lib/python3.11/site-packages/airflow/example_dags/example_xcomargs.py
[2026-04-02T05:49:29.003+0530] {processor.py:830} INFO - Processing file /Users/aswin/Documents/data-engineering-practice/ETL_Airflow_DBT/airflow/airflow_env/lib/python3.11/site-packages/airflow/example_dags/example_xcomargs.py for tasks to queue
[2026-04-02T05:49:29.003+0530] {logging_mixin.py:188} INFO - [2026-04-02T05:49:29.003+0530] {dagbag.py:540} INFO - Filling up the DagBag from /Users/aswin/Documents/data-engineering-practice/ETL_Airflow_DBT/airflow/airflow_env/lib/python3.11/site-packages/airflow/example_dags/example_xcomargs.py
[2026-04-02T05:49:29.020+0530] {processor.py:840} INFO - DAG(s) 'example_xcom_args', 'example_xcom_args_with_operators' retrieved from /Users/aswin/Documents/data-engineering-practice/ETL_Airflow_DBT/airflow/airflow_env/lib/python3.11/site-packages/airflow/example_dags/example_xcomargs.py
[2026-04-02T05:49:29.078+0530] {logging_mixin.py:188} INFO - [2026-04-02T05:49:29.078+0530] {dag.py:3096} INFO - Sync 2 DAGs
[2026-04-02T05:49:29.084+0530] {logging_mixin.py:188} INFO - [2026-04-02T05:49:29.083+0530] {dag.py:3954} INFO - Setting next_dagrun for example_xcom_args to None, run_after=None
[2026-04-02T05:49:29.086+0530] {logging_mixin.py:188} INFO - [2026-04-02T05:49:29.086+0530] {dag.py:3954} INFO - Setting next_dagrun for example_xcom_args_with_operators to None, run_after=None
[2026-04-02T05:49:29.098+0530] {processor.py:183} INFO - Processing /Users/aswin/Documents/data-engineering-practice/ETL_Airflow_DBT/airflow/airflow_env/lib/python3.11/site-packages/airflow/example_dags/example_xcomargs.py took 0.097 seconds
[2026-04-02T05:49:59.914+0530] {processor.py:161} INFO - Started process (PID=23990) to work on /Users/aswin/Documents/data-engineering-practice/ETL_Airflow_DBT/airflow/airflow_env/lib/python3.11/site-packages/airflow/example_dags/example_xcomargs.py
[2026-04-02T05:49:59.915+0530] {processor.py:830} INFO - Processing file /Users/aswin/Documents/data-engineering-practice/ETL_Airflow_DBT/airflow/airflow_env/lib/python3.11/site-packages/airflow/example_dags/example_xcomargs.py for tasks to queue
[2026-04-02T05:49:59.915+0530] {logging_mixin.py:188} INFO - [2026-04-02T05:49:59.915+0530] {dagbag.py:540} INFO - Filling up the DagBag from /Users/aswin/Documents/data-engineering-practice/ETL_Airflow_DBT/airflow/airflow_env/lib/python3.11/site-packages/airflow/example_dags/example_xcomargs.py
[2026-04-02T05:49:59.935+0530] {processor.py:840} INFO - DAG(s) 'example_xcom_args', 'example_xcom_args_with_operators' retrieved from /Users/aswin/Documents/data-engineering-practice/ETL_Airflow_DBT/airflow/airflow_env/lib/python3.11/site-packages/airflow/example_dags/example_xcomargs.py
[2026-04-02T05:49:59.991+0530] {logging_mixin.py:188} INFO - [2026-04-02T05:49:59.991+0530] {dag.py:3096} INFO - Sync 2 DAGs
[2026-04-02T05:49:59.999+0530] {logging_mixin.py:188} INFO - [2026-04-02T05:49:59.999+0530] {dag.py:3954} INFO - Setting next_dagrun for example_xcom_args to None, run_after=None
[2026-04-02T05:50:00.002+0530] {logging_mixin.py:188} INFO - [2026-04-02T05:50:00.002+0530] {dag.py:3954} INFO - Setting next_dagrun for example_xcom_args_with_operators to None, run_after=None
[2026-04-02T05:50:00.022+0530] {processor.py:183} INFO - Processing /Users/aswin/Documents/data-engineering-practice/ETL_Airflow_DBT/airflow/airflow_env/lib/python3.11/site-packages/airflow/example_dags/example_xcomargs.py took 0.109 seconds
[2026-04-02T05:50:30.999+0530] {processor.py:161} INFO - Started process (PID=24119) to work on /Users/aswin/Documents/data-engineering-practice/ETL_Airflow_DBT/airflow/airflow_env/lib/python3.11/site-packages/airflow/example_dags/example_xcomargs.py
[2026-04-02T05:50:31.000+0530] {processor.py:830} INFO - Processing file /Users/aswin/Documents/data-engineering-practice/ETL_Airflow_DBT/airflow/airflow_env/lib/python3.11/site-packages/airflow/example_dags/example_xcomargs.py for tasks to queue
[2026-04-02T05:50:31.000+0530] {logging_mixin.py:188} INFO - [2026-04-02T05:50:31.000+0530] {dagbag.py:540} INFO - Filling up the DagBag from /Users/aswin/Documents/data-engineering-practice/ETL_Airflow_DBT/airflow/airflow_env/lib/python3.11/site-packages/airflow/example_dags/example_xcomargs.py
[2026-04-02T05:50:31.017+0530] {processor.py:840} INFO - DAG(s) 'example_xcom_args', 'example_xcom_args_with_operators' retrieved from /Users/aswin/Documents/data-engineering-practice/ETL_Airflow_DBT/airflow/airflow_env/lib/python3.11/site-packages/airflow/example_dags/example_xcomargs.py
[2026-04-02T05:50:31.072+0530] {logging_mixin.py:188} INFO - [2026-04-02T05:50:31.072+0530] {dag.py:3096} INFO - Sync 2 DAGs
[2026-04-02T05:50:31.077+0530] {logging_mixin.py:188} INFO - [2026-04-02T05:50:31.077+0530] {dag.py:3954} INFO - Setting next_dagrun for example_xcom_args to None, run_after=None
[2026-04-02T05:50:31.079+0530] {logging_mixin.py:188} INFO - [2026-04-02T05:50:31.079+0530] {dag.py:3954} INFO - Setting next_dagrun for example_xcom_args_with_operators to None, run_after=None
[2026-04-02T05:50:31.087+0530] {processor.py:183} INFO - Processing /Users/aswin/Documents/data-engineering-practice/ETL_Airflow_DBT/airflow/airflow_env/lib/python3.11/site-packages/airflow/example_dags/example_xcomargs.py took 0.089 seconds
[2026-04-02T05:51:01.787+0530] {processor.py:161} INFO - Started process (PID=24252) to work on /Users/aswin/Documents/data-engineering-practice/ETL_Airflow_DBT/airflow/airflow_env/lib/python3.11/site-packages/airflow/example_dags/example_xcomargs.py
[2026-04-02T05:51:01.788+0530] {processor.py:830} INFO - Processing file /Users/aswin/Documents/data-engineering-practice/ETL_Airflow_DBT/airflow/airflow_env/lib/python3.11/site-packages/airflow/example_dags/example_xcomargs.py for tasks to queue
[2026-04-02T05:51:01.788+0530] {logging_mixin.py:188} INFO - [2026-04-02T05:51:01.788+0530] {dagbag.py:540} INFO - Filling up the DagBag from /Users/aswin/Documents/data-engineering-practice/ETL_Airflow_DBT/airflow/airflow_env/lib/python3.11/site-packages/airflow/example_dags/example_xcomargs.py
[2026-04-02T05:51:01.805+0530] {processor.py:840} INFO - DAG(s) 'example_xcom_args_with_operators', 'example_xcom_args' retrieved from /Users/aswin/Documents/data-engineering-practice/ETL_Airflow_DBT/airflow/airflow_env/lib/python3.11/site-packages/airflow/example_dags/example_xcomargs.py
[2026-04-02T05:51:01.861+0530] {logging_mixin.py:188} INFO - [2026-04-02T05:51:01.861+0530] {dag.py:3096} INFO - Sync 2 DAGs
[2026-04-02T05:51:01.866+0530] {logging_mixin.py:188} INFO - [2026-04-02T05:51:01.866+0530] {dag.py:3954} INFO - Setting next_dagrun for example_xcom_args to None, run_after=None
[2026-04-02T05:51:01.868+0530] {logging_mixin.py:188} INFO - [2026-04-02T05:51:01.868+0530] {dag.py:3954} INFO - Setting next_dagrun for example_xcom_args_with_operators to None, run_after=None
[2026-04-02T05:51:01.876+0530] {processor.py:183} INFO - Processing /Users/aswin/Documents/data-engineering-practice/ETL_Airflow_DBT/airflow/airflow_env/lib/python3.11/site-packages/airflow/example_dags/example_xcomargs.py took 0.090 seconds
[2026-04-02T05:51:32.620+0530] {processor.py:161} INFO - Started process (PID=24377) to work on /Users/aswin/Documents/data-engineering-practice/ETL_Airflow_DBT/airflow/airflow_env/lib/python3.11/site-packages/airflow/example_dags/example_xcomargs.py
[2026-04-02T05:51:32.620+0530] {processor.py:830} INFO - Processing file /Users/aswin/Documents/data-engineering-practice/ETL_Airflow_DBT/airflow/airflow_env/lib/python3.11/site-packages/airflow/example_dags/example_xcomargs.py for tasks to queue
[2026-04-02T05:51:32.621+0530] {logging_mixin.py:188} INFO - [2026-04-02T05:51:32.620+0530] {dagbag.py:540} INFO - Filling up the DagBag from /Users/aswin/Documents/data-engineering-practice/ETL_Airflow_DBT/airflow/airflow_env/lib/python3.11/site-packages/airflow/example_dags/example_xcomargs.py
[2026-04-02T05:51:32.636+0530] {processor.py:840} INFO - DAG(s) 'example_xcom_args', 'example_xcom_args_with_operators' retrieved from /Users/aswin/Documents/data-engineering-practice/ETL_Airflow_DBT/airflow/airflow_env/lib/python3.11/site-packages/airflow/example_dags/example_xcomargs.py
[2026-04-02T05:51:32.690+0530] {logging_mixin.py:188} INFO - [2026-04-02T05:51:32.690+0530] {dag.py:3096} INFO - Sync 2 DAGs
[2026-04-02T05:51:32.699+0530] {logging_mixin.py:188} INFO - [2026-04-02T05:51:32.699+0530] {dag.py:3954} INFO - Setting next_dagrun for example_xcom_args to None, run_after=None
[2026-04-02T05:51:32.700+0530] {logging_mixin.py:188} INFO - [2026-04-02T05:51:32.700+0530] {dag.py:3954} INFO - Setting next_dagrun for example_xcom_args_with_operators to None, run_after=None
[2026-04-02T05:51:32.707+0530] {processor.py:183} INFO - Processing /Users/aswin/Documents/data-engineering-practice/ETL_Airflow_DBT/airflow/airflow_env/lib/python3.11/site-packages/airflow/example_dags/example_xcomargs.py took 0.088 seconds
[2026-04-02T05:52:03.426+0530] {processor.py:161} INFO - Started process (PID=24503) to work on /Users/aswin/Documents/data-engineering-practice/ETL_Airflow_DBT/airflow/airflow_env/lib/python3.11/site-packages/airflow/example_dags/example_xcomargs.py
[2026-04-02T05:52:03.426+0530] {processor.py:830} INFO - Processing file /Users/aswin/Documents/data-engineering-practice/ETL_Airflow_DBT/airflow/airflow_env/lib/python3.11/site-packages/airflow/example_dags/example_xcomargs.py for tasks to queue
[2026-04-02T05:52:03.426+0530] {logging_mixin.py:188} INFO - [2026-04-02T05:52:03.426+0530] {dagbag.py:540} INFO - Filling up the DagBag from /Users/aswin/Documents/data-engineering-practice/ETL_Airflow_DBT/airflow/airflow_env/lib/python3.11/site-packages/airflow/example_dags/example_xcomargs.py
[2026-04-02T05:52:03.442+0530] {processor.py:840} INFO - DAG(s) 'example_xcom_args_with_operators', 'example_xcom_args' retrieved from /Users/aswin/Documents/data-engineering-practice/ETL_Airflow_DBT/airflow/airflow_env/lib/python3.11/site-packages/airflow/example_dags/example_xcomargs.py
[2026-04-02T05:52:03.496+0530] {logging_mixin.py:188} INFO - [2026-04-02T05:52:03.496+0530] {dag.py:3096} INFO - Sync 2 DAGs
[2026-04-02T05:52:03.503+0530] {logging_mixin.py:188} INFO - [2026-04-02T05:52:03.503+0530] {dag.py:3954} INFO - Setting next_dagrun for example_xcom_args to None, run_after=None
[2026-04-02T05:52:03.504+0530] {logging_mixin.py:188} INFO - [2026-04-02T05:52:03.504+0530] {dag.py:3954} INFO - Setting next_dagrun for example_xcom_args_with_operators to None, run_after=None
[2026-04-02T05:52:03.511+0530] {processor.py:183} INFO - Processing /Users/aswin/Documents/data-engineering-practice/ETL_Airflow_DBT/airflow/airflow_env/lib/python3.11/site-packages/airflow/example_dags/example_xcomargs.py took 0.087 seconds
[2026-04-02T05:52:34.291+0530] {processor.py:161} INFO - Started process (PID=24628) to work on /Users/aswin/Documents/data-engineering-practice/ETL_Airflow_DBT/airflow/airflow_env/lib/python3.11/site-packages/airflow/example_dags/example_xcomargs.py
[2026-04-02T05:52:34.291+0530] {processor.py:830} INFO - Processing file /Users/aswin/Documents/data-engineering-practice/ETL_Airflow_DBT/airflow/airflow_env/lib/python3.11/site-packages/airflow/example_dags/example_xcomargs.py for tasks to queue
[2026-04-02T05:52:34.292+0530] {logging_mixin.py:188} INFO - [2026-04-02T05:52:34.292+0530] {dagbag.py:540} INFO - Filling up the DagBag from /Users/aswin/Documents/data-engineering-practice/ETL_Airflow_DBT/airflow/airflow_env/lib/python3.11/site-packages/airflow/example_dags/example_xcomargs.py
[2026-04-02T05:52:34.307+0530] {processor.py:840} INFO - DAG(s) 'example_xcom_args', 'example_xcom_args_with_operators' retrieved from /Users/aswin/Documents/data-engineering-practice/ETL_Airflow_DBT/airflow/airflow_env/lib/python3.11/site-packages/airflow/example_dags/example_xcomargs.py
[2026-04-02T05:52:34.359+0530] {logging_mixin.py:188} INFO - [2026-04-02T05:52:34.359+0530] {dag.py:3096} INFO - Sync 2 DAGs
[2026-04-02T05:52:34.367+0530] {logging_mixin.py:188} INFO - [2026-04-02T05:52:34.367+0530] {dag.py:3954} INFO - Setting next_dagrun for example_xcom_args to None, run_after=None
[2026-04-02T05:52:34.368+0530] {logging_mixin.py:188} INFO - [2026-04-02T05:52:34.368+0530] {dag.py:3954} INFO - Setting next_dagrun for example_xcom_args_with_operators to None, run_after=None
[2026-04-02T05:52:34.376+0530] {processor.py:183} INFO - Processing /Users/aswin/Documents/data-engineering-practice/ETL_Airflow_DBT/airflow/airflow_env/lib/python3.11/site-packages/airflow/example_dags/example_xcomargs.py took 0.086 seconds
[2026-04-02T05:53:05.158+0530] {processor.py:161} INFO - Started process (PID=24755) to work on /Users/aswin/Documents/data-engineering-practice/ETL_Airflow_DBT/airflow/airflow_env/lib/python3.11/site-packages/airflow/example_dags/example_xcomargs.py
[2026-04-02T05:53:05.159+0530] {processor.py:830} INFO - Processing file /Users/aswin/Documents/data-engineering-practice/ETL_Airflow_DBT/airflow/airflow_env/lib/python3.11/site-packages/airflow/example_dags/example_xcomargs.py for tasks to queue
[2026-04-02T05:53:05.159+0530] {logging_mixin.py:188} INFO - [2026-04-02T05:53:05.159+0530] {dagbag.py:540} INFO - Filling up the DagBag from /Users/aswin/Documents/data-engineering-practice/ETL_Airflow_DBT/airflow/airflow_env/lib/python3.11/site-packages/airflow/example_dags/example_xcomargs.py
[2026-04-02T05:53:05.175+0530] {processor.py:840} INFO - DAG(s) 'example_xcom_args', 'example_xcom_args_with_operators' retrieved from /Users/aswin/Documents/data-engineering-practice/ETL_Airflow_DBT/airflow/airflow_env/lib/python3.11/site-packages/airflow/example_dags/example_xcomargs.py
[2026-04-02T05:53:05.234+0530] {logging_mixin.py:188} INFO - [2026-04-02T05:53:05.234+0530] {dag.py:3096} INFO - Sync 2 DAGs
[2026-04-02T05:53:05.240+0530] {logging_mixin.py:188} INFO - [2026-04-02T05:53:05.240+0530] {dag.py:3954} INFO - Setting next_dagrun for example_xcom_args to None, run_after=None
[2026-04-02T05:53:05.242+0530] {logging_mixin.py:188} INFO - [2026-04-02T05:53:05.242+0530] {dag.py:3954} INFO - Setting next_dagrun for example_xcom_args_with_operators to None, run_after=None
[2026-04-02T05:53:05.251+0530] {processor.py:183} INFO - Processing /Users/aswin/Documents/data-engineering-practice/ETL_Airflow_DBT/airflow/airflow_env/lib/python3.11/site-packages/airflow/example_dags/example_xcomargs.py took 0.094 seconds
[2026-04-02T05:53:36.023+0530] {processor.py:161} INFO - Started process (PID=24881) to work on /Users/aswin/Documents/data-engineering-practice/ETL_Airflow_DBT/airflow/airflow_env/lib/python3.11/site-packages/airflow/example_dags/example_xcomargs.py
[2026-04-02T05:53:36.023+0530] {processor.py:830} INFO - Processing file /Users/aswin/Documents/data-engineering-practice/ETL_Airflow_DBT/airflow/airflow_env/lib/python3.11/site-packages/airflow/example_dags/example_xcomargs.py for tasks to queue
[2026-04-02T05:53:36.023+0530] {logging_mixin.py:188} INFO - [2026-04-02T05:53:36.023+0530] {dagbag.py:540} INFO - Filling up the DagBag from /Users/aswin/Documents/data-engineering-practice/ETL_Airflow_DBT/airflow/airflow_env/lib/python3.11/site-packages/airflow/example_dags/example_xcomargs.py
[2026-04-02T05:53:36.040+0530] {processor.py:840} INFO - DAG(s) 'example_xcom_args_with_operators', 'example_xcom_args' retrieved from /Users/aswin/Documents/data-engineering-practice/ETL_Airflow_DBT/airflow/airflow_env/lib/python3.11/site-packages/airflow/example_dags/example_xcomargs.py
[2026-04-02T05:53:36.093+0530] {logging_mixin.py:188} INFO - [2026-04-02T05:53:36.093+0530] {dag.py:3096} INFO - Sync 2 DAGs
[2026-04-02T05:53:36.099+0530] {logging_mixin.py:188} INFO - [2026-04-02T05:53:36.099+0530] {dag.py:3954} INFO - Setting next_dagrun for example_xcom_args to None, run_after=None
[2026-04-02T05:53:36.101+0530] {logging_mixin.py:188} INFO - [2026-04-02T05:53:36.101+0530] {dag.py:3954} INFO - Setting next_dagrun for example_xcom_args_with_operators to None, run_after=None
[2026-04-02T05:53:36.107+0530] {processor.py:183} INFO - Processing /Users/aswin/Documents/data-engineering-practice/ETL_Airflow_DBT/airflow/airflow_env/lib/python3.11/site-packages/airflow/example_dags/example_xcomargs.py took 0.086 seconds
[2026-04-02T05:54:06.846+0530] {processor.py:161} INFO - Started process (PID=25016) to work on /Users/aswin/Documents/data-engineering-practice/ETL_Airflow_DBT/airflow/airflow_env/lib/python3.11/site-packages/airflow/example_dags/example_xcomargs.py
[2026-04-02T05:54:06.847+0530] {processor.py:830} INFO - Processing file /Users/aswin/Documents/data-engineering-practice/ETL_Airflow_DBT/airflow/airflow_env/lib/python3.11/site-packages/airflow/example_dags/example_xcomargs.py for tasks to queue
[2026-04-02T05:54:06.848+0530] {logging_mixin.py:188} INFO - [2026-04-02T05:54:06.848+0530] {dagbag.py:540} INFO - Filling up the DagBag from /Users/aswin/Documents/data-engineering-practice/ETL_Airflow_DBT/airflow/airflow_env/lib/python3.11/site-packages/airflow/example_dags/example_xcomargs.py
[2026-04-02T05:54:06.863+0530] {processor.py:840} INFO - DAG(s) 'example_xcom_args_with_operators', 'example_xcom_args' retrieved from /Users/aswin/Documents/data-engineering-practice/ETL_Airflow_DBT/airflow/airflow_env/lib/python3.11/site-packages/airflow/example_dags/example_xcomargs.py
[2026-04-02T05:54:06.914+0530] {logging_mixin.py:188} INFO - [2026-04-02T05:54:06.914+0530] {dag.py:3096} INFO - Sync 2 DAGs
[2026-04-02T05:54:06.921+0530] {logging_mixin.py:188} INFO - [2026-04-02T05:54:06.921+0530] {dag.py:3954} INFO - Setting next_dagrun for example_xcom_args to None, run_after=None
[2026-04-02T05:54:06.922+0530] {logging_mixin.py:188} INFO - [2026-04-02T05:54:06.922+0530] {dag.py:3954} INFO - Setting next_dagrun for example_xcom_args_with_operators to None, run_after=None
[2026-04-02T05:54:06.931+0530] {processor.py:183} INFO - Processing /Users/aswin/Documents/data-engineering-practice/ETL_Airflow_DBT/airflow/airflow_env/lib/python3.11/site-packages/airflow/example_dags/example_xcomargs.py took 0.086 seconds
[2026-04-02T05:54:37.865+0530] {processor.py:161} INFO - Started process (PID=25150) to work on /Users/aswin/Documents/data-engineering-practice/ETL_Airflow_DBT/airflow/airflow_env/lib/python3.11/site-packages/airflow/example_dags/example_xcomargs.py
[2026-04-02T05:54:37.866+0530] {processor.py:830} INFO - Processing file /Users/aswin/Documents/data-engineering-practice/ETL_Airflow_DBT/airflow/airflow_env/lib/python3.11/site-packages/airflow/example_dags/example_xcomargs.py for tasks to queue
[2026-04-02T05:54:37.866+0530] {logging_mixin.py:188} INFO - [2026-04-02T05:54:37.866+0530] {dagbag.py:540} INFO - Filling up the DagBag from /Users/aswin/Documents/data-engineering-practice/ETL_Airflow_DBT/airflow/airflow_env/lib/python3.11/site-packages/airflow/example_dags/example_xcomargs.py
[2026-04-02T05:54:37.881+0530] {processor.py:840} INFO - DAG(s) 'example_xcom_args_with_operators', 'example_xcom_args' retrieved from /Users/aswin/Documents/data-engineering-practice/ETL_Airflow_DBT/airflow/airflow_env/lib/python3.11/site-packages/airflow/example_dags/example_xcomargs.py
[2026-04-02T05:54:37.937+0530] {logging_mixin.py:188} INFO - [2026-04-02T05:54:37.937+0530] {dag.py:3096} INFO - Sync 2 DAGs
[2026-04-02T05:54:37.944+0530] {logging_mixin.py:188} INFO - [2026-04-02T05:54:37.944+0530] {dag.py:3954} INFO - Setting next_dagrun for example_xcom_args to None, run_after=None
[2026-04-02T05:54:37.945+0530] {logging_mixin.py:188} INFO - [2026-04-02T05:54:37.945+0530] {dag.py:3954} INFO - Setting next_dagrun for example_xcom_args_with_operators to None, run_after=None
[2026-04-02T05:54:37.954+0530] {processor.py:183} INFO - Processing /Users/aswin/Documents/data-engineering-practice/ETL_Airflow_DBT/airflow/airflow_env/lib/python3.11/site-packages/airflow/example_dags/example_xcomargs.py took 0.090 seconds
[2026-04-02T05:55:08.939+0530] {processor.py:161} INFO - Started process (PID=25274) to work on /Users/aswin/Documents/data-engineering-practice/ETL_Airflow_DBT/airflow/airflow_env/lib/python3.11/site-packages/airflow/example_dags/example_xcomargs.py
[2026-04-02T05:55:08.939+0530] {processor.py:830} INFO - Processing file /Users/aswin/Documents/data-engineering-practice/ETL_Airflow_DBT/airflow/airflow_env/lib/python3.11/site-packages/airflow/example_dags/example_xcomargs.py for tasks to queue
[2026-04-02T05:55:08.939+0530] {logging_mixin.py:188} INFO - [2026-04-02T05:55:08.939+0530] {dagbag.py:540} INFO - Filling up the DagBag from /Users/aswin/Documents/data-engineering-practice/ETL_Airflow_DBT/airflow/airflow_env/lib/python3.11/site-packages/airflow/example_dags/example_xcomargs.py
[2026-04-02T05:55:08.956+0530] {processor.py:840} INFO - DAG(s) 'example_xcom_args', 'example_xcom_args_with_operators' retrieved from /Users/aswin/Documents/data-engineering-practice/ETL_Airflow_DBT/airflow/airflow_env/lib/python3.11/site-packages/airflow/example_dags/example_xcomargs.py
[2026-04-02T05:55:09.008+0530] {logging_mixin.py:188} INFO - [2026-04-02T05:55:09.008+0530] {dag.py:3096} INFO - Sync 2 DAGs
[2026-04-02T05:55:09.014+0530] {logging_mixin.py:188} INFO - [2026-04-02T05:55:09.014+0530] {dag.py:3954} INFO - Setting next_dagrun for example_xcom_args to None, run_after=None
[2026-04-02T05:55:09.016+0530] {logging_mixin.py:188} INFO - [2026-04-02T05:55:09.016+0530] {dag.py:3954} INFO - Setting next_dagrun for example_xcom_args_with_operators to None, run_after=None
[2026-04-02T05:55:09.023+0530] {processor.py:183} INFO - Processing /Users/aswin/Documents/data-engineering-practice/ETL_Airflow_DBT/airflow/airflow_env/lib/python3.11/site-packages/airflow/example_dags/example_xcomargs.py took 0.085 seconds
[2026-04-02T05:55:39.869+0530] {processor.py:161} INFO - Started process (PID=25447) to work on /Users/aswin/Documents/data-engineering-practice/ETL_Airflow_DBT/airflow/airflow_env/lib/python3.11/site-packages/airflow/example_dags/example_xcomargs.py
[2026-04-02T05:55:39.869+0530] {processor.py:830} INFO - Processing file /Users/aswin/Documents/data-engineering-practice/ETL_Airflow_DBT/airflow/airflow_env/lib/python3.11/site-packages/airflow/example_dags/example_xcomargs.py for tasks to queue
[2026-04-02T05:55:39.870+0530] {logging_mixin.py:188} INFO - [2026-04-02T05:55:39.870+0530] {dagbag.py:540} INFO - Filling up the DagBag from /Users/aswin/Documents/data-engineering-practice/ETL_Airflow_DBT/airflow/airflow_env/lib/python3.11/site-packages/airflow/example_dags/example_xcomargs.py
[2026-04-02T05:55:39.887+0530] {processor.py:840} INFO - DAG(s) 'example_xcom_args', 'example_xcom_args_with_operators' retrieved from /Users/aswin/Documents/data-engineering-practice/ETL_Airflow_DBT/airflow/airflow_env/lib/python3.11/site-packages/airflow/example_dags/example_xcomargs.py
[2026-04-02T05:55:39.947+0530] {logging_mixin.py:188} INFO - [2026-04-02T05:55:39.947+0530] {dag.py:3096} INFO - Sync 2 DAGs
[2026-04-02T05:55:39.953+0530] {logging_mixin.py:188} INFO - [2026-04-02T05:55:39.953+0530] {dag.py:3954} INFO - Setting next_dagrun for example_xcom_args to None, run_after=None
[2026-04-02T05:55:39.955+0530] {logging_mixin.py:188} INFO - [2026-04-02T05:55:39.955+0530] {dag.py:3954} INFO - Setting next_dagrun for example_xcom_args_with_operators to None, run_after=None
[2026-04-02T05:55:39.964+0530] {processor.py:183} INFO - Processing /Users/aswin/Documents/data-engineering-practice/ETL_Airflow_DBT/airflow/airflow_env/lib/python3.11/site-packages/airflow/example_dags/example_xcomargs.py took 0.097 seconds
[2026-04-02T05:56:10.960+0530] {processor.py:161} INFO - Started process (PID=25581) to work on /Users/aswin/Documents/data-engineering-practice/ETL_Airflow_DBT/airflow/airflow_env/lib/python3.11/site-packages/airflow/example_dags/example_xcomargs.py
[2026-04-02T05:56:10.961+0530] {processor.py:830} INFO - Processing file /Users/aswin/Documents/data-engineering-practice/ETL_Airflow_DBT/airflow/airflow_env/lib/python3.11/site-packages/airflow/example_dags/example_xcomargs.py for tasks to queue
[2026-04-02T05:56:10.962+0530] {logging_mixin.py:188} INFO - [2026-04-02T05:56:10.962+0530] {dagbag.py:540} INFO - Filling up the DagBag from /Users/aswin/Documents/data-engineering-practice/ETL_Airflow_DBT/airflow/airflow_env/lib/python3.11/site-packages/airflow/example_dags/example_xcomargs.py
[2026-04-02T05:56:10.977+0530] {processor.py:840} INFO - DAG(s) 'example_xcom_args', 'example_xcom_args_with_operators' retrieved from /Users/aswin/Documents/data-engineering-practice/ETL_Airflow_DBT/airflow/airflow_env/lib/python3.11/site-packages/airflow/example_dags/example_xcomargs.py
[2026-04-02T05:56:11.030+0530] {logging_mixin.py:188} INFO - [2026-04-02T05:56:11.030+0530] {dag.py:3096} INFO - Sync 2 DAGs
[2026-04-02T05:56:11.038+0530] {logging_mixin.py:188} INFO - [2026-04-02T05:56:11.038+0530] {dag.py:3954} INFO - Setting next_dagrun for example_xcom_args to None, run_after=None
[2026-04-02T05:56:11.039+0530] {logging_mixin.py:188} INFO - [2026-04-02T05:56:11.039+0530] {dag.py:3954} INFO - Setting next_dagrun for example_xcom_args_with_operators to None, run_after=None
[2026-04-02T05:56:11.047+0530] {processor.py:183} INFO - Processing /Users/aswin/Documents/data-engineering-practice/ETL_Airflow_DBT/airflow/airflow_env/lib/python3.11/site-packages/airflow/example_dags/example_xcomargs.py took 0.088 seconds
[2026-04-02T05:56:41.910+0530] {processor.py:161} INFO - Started process (PID=25705) to work on /Users/aswin/Documents/data-engineering-practice/ETL_Airflow_DBT/airflow/airflow_env/lib/python3.11/site-packages/airflow/example_dags/example_xcomargs.py
[2026-04-02T05:56:41.911+0530] {processor.py:830} INFO - Processing file /Users/aswin/Documents/data-engineering-practice/ETL_Airflow_DBT/airflow/airflow_env/lib/python3.11/site-packages/airflow/example_dags/example_xcomargs.py for tasks to queue
[2026-04-02T05:56:41.912+0530] {logging_mixin.py:188} INFO - [2026-04-02T05:56:41.912+0530] {dagbag.py:540} INFO - Filling up the DagBag from /Users/aswin/Documents/data-engineering-practice/ETL_Airflow_DBT/airflow/airflow_env/lib/python3.11/site-packages/airflow/example_dags/example_xcomargs.py
[2026-04-02T05:56:41.927+0530] {processor.py:840} INFO - DAG(s) 'example_xcom_args', 'example_xcom_args_with_operators' retrieved from /Users/aswin/Documents/data-engineering-practice/ETL_Airflow_DBT/airflow/airflow_env/lib/python3.11/site-packages/airflow/example_dags/example_xcomargs.py
[2026-04-02T05:56:41.981+0530] {logging_mixin.py:188} INFO - [2026-04-02T05:56:41.981+0530] {dag.py:3096} INFO - Sync 2 DAGs
[2026-04-02T05:56:41.986+0530] {logging_mixin.py:188} INFO - [2026-04-02T05:56:41.986+0530] {dag.py:3954} INFO - Setting next_dagrun for example_xcom_args to None, run_after=None
[2026-04-02T05:56:41.988+0530] {logging_mixin.py:188} INFO - [2026-04-02T05:56:41.988+0530] {dag.py:3954} INFO - Setting next_dagrun for example_xcom_args_with_operators to None, run_after=None
[2026-04-02T05:56:41.996+0530] {processor.py:183} INFO - Processing /Users/aswin/Documents/data-engineering-practice/ETL_Airflow_DBT/airflow/airflow_env/lib/python3.11/site-packages/airflow/example_dags/example_xcomargs.py took 0.087 seconds
[2026-04-02T05:57:12.708+0530] {processor.py:161} INFO - Started process (PID=25829) to work on /Users/aswin/Documents/data-engineering-practice/ETL_Airflow_DBT/airflow/airflow_env/lib/python3.11/site-packages/airflow/example_dags/example_xcomargs.py
[2026-04-02T05:57:12.708+0530] {processor.py:830} INFO - Processing file /Users/aswin/Documents/data-engineering-practice/ETL_Airflow_DBT/airflow/airflow_env/lib/python3.11/site-packages/airflow/example_dags/example_xcomargs.py for tasks to queue
[2026-04-02T05:57:12.709+0530] {logging_mixin.py:188} INFO - [2026-04-02T05:57:12.709+0530] {dagbag.py:540} INFO - Filling up the DagBag from /Users/aswin/Documents/data-engineering-practice/ETL_Airflow_DBT/airflow/airflow_env/lib/python3.11/site-packages/airflow/example_dags/example_xcomargs.py
[2026-04-02T05:57:12.726+0530] {processor.py:840} INFO - DAG(s) 'example_xcom_args_with_operators', 'example_xcom_args' retrieved from /Users/aswin/Documents/data-engineering-practice/ETL_Airflow_DBT/airflow/airflow_env/lib/python3.11/site-packages/airflow/example_dags/example_xcomargs.py
[2026-04-02T05:57:12.777+0530] {logging_mixin.py:188} INFO - [2026-04-02T05:57:12.777+0530] {dag.py:3096} INFO - Sync 2 DAGs
[2026-04-02T05:57:12.784+0530] {logging_mixin.py:188} INFO - [2026-04-02T05:57:12.783+0530] {dag.py:3954} INFO - Setting next_dagrun for example_xcom_args to None, run_after=None
[2026-04-02T05:57:12.785+0530] {logging_mixin.py:188} INFO - [2026-04-02T05:57:12.785+0530] {dag.py:3954} INFO - Setting next_dagrun for example_xcom_args_with_operators to None, run_after=None
[2026-04-02T05:57:12.794+0530] {processor.py:183} INFO - Processing /Users/aswin/Documents/data-engineering-practice/ETL_Airflow_DBT/airflow/airflow_env/lib/python3.11/site-packages/airflow/example_dags/example_xcomargs.py took 0.087 seconds
[2026-04-02T05:57:43.655+0530] {processor.py:161} INFO - Started process (PID=25962) to work on /Users/aswin/Documents/data-engineering-practice/ETL_Airflow_DBT/airflow/airflow_env/lib/python3.11/site-packages/airflow/example_dags/example_xcomargs.py
[2026-04-02T05:57:43.656+0530] {processor.py:830} INFO - Processing file /Users/aswin/Documents/data-engineering-practice/ETL_Airflow_DBT/airflow/airflow_env/lib/python3.11/site-packages/airflow/example_dags/example_xcomargs.py for tasks to queue
[2026-04-02T05:57:43.656+0530] {logging_mixin.py:188} INFO - [2026-04-02T05:57:43.656+0530] {dagbag.py:540} INFO - Filling up the DagBag from /Users/aswin/Documents/data-engineering-practice/ETL_Airflow_DBT/airflow/airflow_env/lib/python3.11/site-packages/airflow/example_dags/example_xcomargs.py
[2026-04-02T05:57:43.673+0530] {processor.py:840} INFO - DAG(s) 'example_xcom_args_with_operators', 'example_xcom_args' retrieved from /Users/aswin/Documents/data-engineering-practice/ETL_Airflow_DBT/airflow/airflow_env/lib/python3.11/site-packages/airflow/example_dags/example_xcomargs.py
[2026-04-02T05:57:43.727+0530] {logging_mixin.py:188} INFO - [2026-04-02T05:57:43.726+0530] {dag.py:3096} INFO - Sync 2 DAGs
[2026-04-02T05:57:43.731+0530] {logging_mixin.py:188} INFO - [2026-04-02T05:57:43.731+0530] {dag.py:3954} INFO - Setting next_dagrun for example_xcom_args to None, run_after=None
[2026-04-02T05:57:43.733+0530] {logging_mixin.py:188} INFO - [2026-04-02T05:57:43.733+0530] {dag.py:3954} INFO - Setting next_dagrun for example_xcom_args_with_operators to None, run_after=None
[2026-04-02T05:57:43.741+0530] {processor.py:183} INFO - Processing /Users/aswin/Documents/data-engineering-practice/ETL_Airflow_DBT/airflow/airflow_env/lib/python3.11/site-packages/airflow/example_dags/example_xcomargs.py took 0.088 seconds
[2026-04-02T05:58:14.536+0530] {processor.py:161} INFO - Started process (PID=26086) to work on /Users/aswin/Documents/data-engineering-practice/ETL_Airflow_DBT/airflow/airflow_env/lib/python3.11/site-packages/airflow/example_dags/example_xcomargs.py
[2026-04-02T05:58:14.537+0530] {processor.py:830} INFO - Processing file /Users/aswin/Documents/data-engineering-practice/ETL_Airflow_DBT/airflow/airflow_env/lib/python3.11/site-packages/airflow/example_dags/example_xcomargs.py for tasks to queue
[2026-04-02T05:58:14.537+0530] {logging_mixin.py:188} INFO - [2026-04-02T05:58:14.537+0530] {dagbag.py:540} INFO - Filling up the DagBag from /Users/aswin/Documents/data-engineering-practice/ETL_Airflow_DBT/airflow/airflow_env/lib/python3.11/site-packages/airflow/example_dags/example_xcomargs.py
[2026-04-02T05:58:14.554+0530] {processor.py:840} INFO - DAG(s) 'example_xcom_args_with_operators', 'example_xcom_args' retrieved from /Users/aswin/Documents/data-engineering-practice/ETL_Airflow_DBT/airflow/airflow_env/lib/python3.11/site-packages/airflow/example_dags/example_xcomargs.py
[2026-04-02T05:58:14.605+0530] {logging_mixin.py:188} INFO - [2026-04-02T05:58:14.605+0530] {dag.py:3096} INFO - Sync 2 DAGs
[2026-04-02T05:58:14.611+0530] {logging_mixin.py:188} INFO - [2026-04-02T05:58:14.610+0530] {dag.py:3954} INFO - Setting next_dagrun for example_xcom_args to None, run_after=None
[2026-04-02T05:58:14.612+0530] {logging_mixin.py:188} INFO - [2026-04-02T05:58:14.612+0530] {dag.py:3954} INFO - Setting next_dagrun for example_xcom_args_with_operators to None, run_after=None
[2026-04-02T05:58:14.619+0530] {processor.py:183} INFO - Processing /Users/aswin/Documents/data-engineering-practice/ETL_Airflow_DBT/airflow/airflow_env/lib/python3.11/site-packages/airflow/example_dags/example_xcomargs.py took 0.084 seconds
[2026-04-02T05:58:45.533+0530] {processor.py:161} INFO - Started process (PID=26212) to work on /Users/aswin/Documents/data-engineering-practice/ETL_Airflow_DBT/airflow/airflow_env/lib/python3.11/site-packages/airflow/example_dags/example_xcomargs.py
[2026-04-02T05:58:45.533+0530] {processor.py:830} INFO - Processing file /Users/aswin/Documents/data-engineering-practice/ETL_Airflow_DBT/airflow/airflow_env/lib/python3.11/site-packages/airflow/example_dags/example_xcomargs.py for tasks to queue
[2026-04-02T05:58:45.534+0530] {logging_mixin.py:188} INFO - [2026-04-02T05:58:45.534+0530] {dagbag.py:540} INFO - Filling up the DagBag from /Users/aswin/Documents/data-engineering-practice/ETL_Airflow_DBT/airflow/airflow_env/lib/python3.11/site-packages/airflow/example_dags/example_xcomargs.py
[2026-04-02T05:58:45.551+0530] {processor.py:840} INFO - DAG(s) 'example_xcom_args_with_operators', 'example_xcom_args' retrieved from /Users/aswin/Documents/data-engineering-practice/ETL_Airflow_DBT/airflow/airflow_env/lib/python3.11/site-packages/airflow/example_dags/example_xcomargs.py
[2026-04-02T05:58:45.602+0530] {logging_mixin.py:188} INFO - [2026-04-02T05:58:45.602+0530] {dag.py:3096} INFO - Sync 2 DAGs
[2026-04-02T05:58:45.609+0530] {logging_mixin.py:188} INFO - [2026-04-02T05:58:45.609+0530] {dag.py:3954} INFO - Setting next_dagrun for example_xcom_args to None, run_after=None
[2026-04-02T05:58:45.610+0530] {logging_mixin.py:188} INFO - [2026-04-02T05:58:45.610+0530] {dag.py:3954} INFO - Setting next_dagrun for example_xcom_args_with_operators to None, run_after=None
[2026-04-02T05:58:45.617+0530] {processor.py:183} INFO - Processing /Users/aswin/Documents/data-engineering-practice/ETL_Airflow_DBT/airflow/airflow_env/lib/python3.11/site-packages/airflow/example_dags/example_xcomargs.py took 0.085 seconds
[2026-04-02T05:59:16.782+0530] {processor.py:161} INFO - Started process (PID=26341) to work on /Users/aswin/Documents/data-engineering-practice/ETL_Airflow_DBT/airflow/airflow_env/lib/python3.11/site-packages/airflow/example_dags/example_xcomargs.py
[2026-04-02T05:59:16.783+0530] {processor.py:830} INFO - Processing file /Users/aswin/Documents/data-engineering-practice/ETL_Airflow_DBT/airflow/airflow_env/lib/python3.11/site-packages/airflow/example_dags/example_xcomargs.py for tasks to queue
[2026-04-02T05:59:16.784+0530] {logging_mixin.py:188} INFO - [2026-04-02T05:59:16.784+0530] {dagbag.py:540} INFO - Filling up the DagBag from /Users/aswin/Documents/data-engineering-practice/ETL_Airflow_DBT/airflow/airflow_env/lib/python3.11/site-packages/airflow/example_dags/example_xcomargs.py
[2026-04-02T05:59:16.802+0530] {processor.py:840} INFO - DAG(s) 'example_xcom_args', 'example_xcom_args_with_operators' retrieved from /Users/aswin/Documents/data-engineering-practice/ETL_Airflow_DBT/airflow/airflow_env/lib/python3.11/site-packages/airflow/example_dags/example_xcomargs.py
[2026-04-02T05:59:16.858+0530] {logging_mixin.py:188} INFO - [2026-04-02T05:59:16.858+0530] {dag.py:3096} INFO - Sync 2 DAGs
[2026-04-02T05:59:16.863+0530] {logging_mixin.py:188} INFO - [2026-04-02T05:59:16.863+0530] {dag.py:3954} INFO - Setting next_dagrun for example_xcom_args to None, run_after=None
[2026-04-02T05:59:16.865+0530] {logging_mixin.py:188} INFO - [2026-04-02T05:59:16.865+0530] {dag.py:3954} INFO - Setting next_dagrun for example_xcom_args_with_operators to None, run_after=None
[2026-04-02T05:59:16.873+0530] {processor.py:183} INFO - Processing /Users/aswin/Documents/data-engineering-practice/ETL_Airflow_DBT/airflow/airflow_env/lib/python3.11/site-packages/airflow/example_dags/example_xcomargs.py took 0.092 seconds
[2026-04-02T05:59:47.611+0530] {processor.py:161} INFO - Started process (PID=26475) to work on /Users/aswin/Documents/data-engineering-practice/ETL_Airflow_DBT/airflow/airflow_env/lib/python3.11/site-packages/airflow/example_dags/example_xcomargs.py
[2026-04-02T05:59:47.613+0530] {processor.py:830} INFO - Processing file /Users/aswin/Documents/data-engineering-practice/ETL_Airflow_DBT/airflow/airflow_env/lib/python3.11/site-packages/airflow/example_dags/example_xcomargs.py for tasks to queue
[2026-04-02T05:59:47.613+0530] {logging_mixin.py:188} INFO - [2026-04-02T05:59:47.613+0530] {dagbag.py:540} INFO - Filling up the DagBag from /Users/aswin/Documents/data-engineering-practice/ETL_Airflow_DBT/airflow/airflow_env/lib/python3.11/site-packages/airflow/example_dags/example_xcomargs.py
[2026-04-02T05:59:47.631+0530] {processor.py:840} INFO - DAG(s) 'example_xcom_args_with_operators', 'example_xcom_args' retrieved from /Users/aswin/Documents/data-engineering-practice/ETL_Airflow_DBT/airflow/airflow_env/lib/python3.11/site-packages/airflow/example_dags/example_xcomargs.py
[2026-04-02T05:59:47.681+0530] {logging_mixin.py:188} INFO - [2026-04-02T05:59:47.681+0530] {dag.py:3096} INFO - Sync 2 DAGs
[2026-04-02T05:59:47.686+0530] {logging_mixin.py:188} INFO - [2026-04-02T05:59:47.686+0530] {dag.py:3954} INFO - Setting next_dagrun for example_xcom_args to None, run_after=None
[2026-04-02T05:59:47.688+0530] {logging_mixin.py:188} INFO - [2026-04-02T05:59:47.688+0530] {dag.py:3954} INFO - Setting next_dagrun for example_xcom_args_with_operators to None, run_after=None
[2026-04-02T05:59:47.695+0530] {processor.py:183} INFO - Processing /Users/aswin/Documents/data-engineering-practice/ETL_Airflow_DBT/airflow/airflow_env/lib/python3.11/site-packages/airflow/example_dags/example_xcomargs.py took 0.085 seconds
[2026-04-02T06:00:19.093+0530] {processor.py:161} INFO - Started process (PID=26603) to work on /Users/aswin/Documents/data-engineering-practice/ETL_Airflow_DBT/airflow/airflow_env/lib/python3.11/site-packages/airflow/example_dags/example_xcomargs.py
[2026-04-02T06:00:19.094+0530] {processor.py:830} INFO - Processing file /Users/aswin/Documents/data-engineering-practice/ETL_Airflow_DBT/airflow/airflow_env/lib/python3.11/site-packages/airflow/example_dags/example_xcomargs.py for tasks to queue
[2026-04-02T06:00:19.095+0530] {logging_mixin.py:188} INFO - [2026-04-02T06:00:19.094+0530] {dagbag.py:540} INFO - Filling up the DagBag from /Users/aswin/Documents/data-engineering-practice/ETL_Airflow_DBT/airflow/airflow_env/lib/python3.11/site-packages/airflow/example_dags/example_xcomargs.py
[2026-04-02T06:00:19.113+0530] {processor.py:840} INFO - DAG(s) 'example_xcom_args', 'example_xcom_args_with_operators' retrieved from /Users/aswin/Documents/data-engineering-practice/ETL_Airflow_DBT/airflow/airflow_env/lib/python3.11/site-packages/airflow/example_dags/example_xcomargs.py
[2026-04-02T06:00:19.168+0530] {logging_mixin.py:188} INFO - [2026-04-02T06:00:19.168+0530] {dag.py:3096} INFO - Sync 2 DAGs
[2026-04-02T06:00:19.173+0530] {logging_mixin.py:188} INFO - [2026-04-02T06:00:19.173+0530] {dag.py:3954} INFO - Setting next_dagrun for example_xcom_args to None, run_after=None
[2026-04-02T06:00:19.175+0530] {logging_mixin.py:188} INFO - [2026-04-02T06:00:19.175+0530] {dag.py:3954} INFO - Setting next_dagrun for example_xcom_args_with_operators to None, run_after=None
[2026-04-02T06:00:19.183+0530] {processor.py:183} INFO - Processing /Users/aswin/Documents/data-engineering-practice/ETL_Airflow_DBT/airflow/airflow_env/lib/python3.11/site-packages/airflow/example_dags/example_xcomargs.py took 0.091 seconds
[2026-04-02T06:00:49.943+0530] {processor.py:161} INFO - Started process (PID=26729) to work on /Users/aswin/Documents/data-engineering-practice/ETL_Airflow_DBT/airflow/airflow_env/lib/python3.11/site-packages/airflow/example_dags/example_xcomargs.py
[2026-04-02T06:00:49.943+0530] {processor.py:830} INFO - Processing file /Users/aswin/Documents/data-engineering-practice/ETL_Airflow_DBT/airflow/airflow_env/lib/python3.11/site-packages/airflow/example_dags/example_xcomargs.py for tasks to queue
[2026-04-02T06:00:49.944+0530] {logging_mixin.py:188} INFO - [2026-04-02T06:00:49.944+0530] {dagbag.py:540} INFO - Filling up the DagBag from /Users/aswin/Documents/data-engineering-practice/ETL_Airflow_DBT/airflow/airflow_env/lib/python3.11/site-packages/airflow/example_dags/example_xcomargs.py
[2026-04-02T06:00:49.961+0530] {processor.py:840} INFO - DAG(s) 'example_xcom_args_with_operators', 'example_xcom_args' retrieved from /Users/aswin/Documents/data-engineering-practice/ETL_Airflow_DBT/airflow/airflow_env/lib/python3.11/site-packages/airflow/example_dags/example_xcomargs.py
[2026-04-02T06:00:50.013+0530] {logging_mixin.py:188} INFO - [2026-04-02T06:00:50.013+0530] {dag.py:3096} INFO - Sync 2 DAGs
[2026-04-02T06:00:50.019+0530] {logging_mixin.py:188} INFO - [2026-04-02T06:00:50.019+0530] {dag.py:3954} INFO - Setting next_dagrun for example_xcom_args to None, run_after=None
[2026-04-02T06:00:50.020+0530] {logging_mixin.py:188} INFO - [2026-04-02T06:00:50.020+0530] {dag.py:3954} INFO - Setting next_dagrun for example_xcom_args_with_operators to None, run_after=None
[2026-04-02T06:00:50.029+0530] {processor.py:183} INFO - Processing /Users/aswin/Documents/data-engineering-practice/ETL_Airflow_DBT/airflow/airflow_env/lib/python3.11/site-packages/airflow/example_dags/example_xcomargs.py took 0.087 seconds
[2026-04-02T06:01:20.887+0530] {processor.py:161} INFO - Started process (PID=26860) to work on /Users/aswin/Documents/data-engineering-practice/ETL_Airflow_DBT/airflow/airflow_env/lib/python3.11/site-packages/airflow/example_dags/example_xcomargs.py
[2026-04-02T06:01:20.888+0530] {processor.py:830} INFO - Processing file /Users/aswin/Documents/data-engineering-practice/ETL_Airflow_DBT/airflow/airflow_env/lib/python3.11/site-packages/airflow/example_dags/example_xcomargs.py for tasks to queue
[2026-04-02T06:01:20.888+0530] {logging_mixin.py:188} INFO - [2026-04-02T06:01:20.888+0530] {dagbag.py:540} INFO - Filling up the DagBag from /Users/aswin/Documents/data-engineering-practice/ETL_Airflow_DBT/airflow/airflow_env/lib/python3.11/site-packages/airflow/example_dags/example_xcomargs.py
[2026-04-02T06:01:20.905+0530] {processor.py:840} INFO - DAG(s) 'example_xcom_args_with_operators', 'example_xcom_args' retrieved from /Users/aswin/Documents/data-engineering-practice/ETL_Airflow_DBT/airflow/airflow_env/lib/python3.11/site-packages/airflow/example_dags/example_xcomargs.py
[2026-04-02T06:01:20.957+0530] {logging_mixin.py:188} INFO - [2026-04-02T06:01:20.956+0530] {dag.py:3096} INFO - Sync 2 DAGs
[2026-04-02T06:01:20.962+0530] {logging_mixin.py:188} INFO - [2026-04-02T06:01:20.962+0530] {dag.py:3954} INFO - Setting next_dagrun for example_xcom_args to None, run_after=None
[2026-04-02T06:01:20.963+0530] {logging_mixin.py:188} INFO - [2026-04-02T06:01:20.963+0530] {dag.py:3954} INFO - Setting next_dagrun for example_xcom_args_with_operators to None, run_after=None
[2026-04-02T06:01:20.970+0530] {processor.py:183} INFO - Processing /Users/aswin/Documents/data-engineering-practice/ETL_Airflow_DBT/airflow/airflow_env/lib/python3.11/site-packages/airflow/example_dags/example_xcomargs.py took 0.085 seconds
[2026-04-02T06:01:51.709+0530] {processor.py:161} INFO - Started process (PID=26991) to work on /Users/aswin/Documents/data-engineering-practice/ETL_Airflow_DBT/airflow/airflow_env/lib/python3.11/site-packages/airflow/example_dags/example_xcomargs.py
[2026-04-02T06:01:51.710+0530] {processor.py:830} INFO - Processing file /Users/aswin/Documents/data-engineering-practice/ETL_Airflow_DBT/airflow/airflow_env/lib/python3.11/site-packages/airflow/example_dags/example_xcomargs.py for tasks to queue
[2026-04-02T06:01:51.711+0530] {logging_mixin.py:188} INFO - [2026-04-02T06:01:51.711+0530] {dagbag.py:540} INFO - Filling up the DagBag from /Users/aswin/Documents/data-engineering-practice/ETL_Airflow_DBT/airflow/airflow_env/lib/python3.11/site-packages/airflow/example_dags/example_xcomargs.py
[2026-04-02T06:01:51.727+0530] {processor.py:840} INFO - DAG(s) 'example_xcom_args_with_operators', 'example_xcom_args' retrieved from /Users/aswin/Documents/data-engineering-practice/ETL_Airflow_DBT/airflow/airflow_env/lib/python3.11/site-packages/airflow/example_dags/example_xcomargs.py
[2026-04-02T06:01:51.780+0530] {logging_mixin.py:188} INFO - [2026-04-02T06:01:51.780+0530] {dag.py:3096} INFO - Sync 2 DAGs
[2026-04-02T06:01:51.786+0530] {logging_mixin.py:188} INFO - [2026-04-02T06:01:51.786+0530] {dag.py:3954} INFO - Setting next_dagrun for example_xcom_args to None, run_after=None
[2026-04-02T06:01:51.788+0530] {logging_mixin.py:188} INFO - [2026-04-02T06:01:51.788+0530] {dag.py:3954} INFO - Setting next_dagrun for example_xcom_args_with_operators to None, run_after=None
[2026-04-02T06:01:51.797+0530] {processor.py:183} INFO - Processing /Users/aswin/Documents/data-engineering-practice/ETL_Airflow_DBT/airflow/airflow_env/lib/python3.11/site-packages/airflow/example_dags/example_xcomargs.py took 0.088 seconds
[2026-04-02T06:02:22.665+0530] {processor.py:161} INFO - Started process (PID=27127) to work on /Users/aswin/Documents/data-engineering-practice/ETL_Airflow_DBT/airflow/airflow_env/lib/python3.11/site-packages/airflow/example_dags/example_xcomargs.py
[2026-04-02T06:02:22.666+0530] {processor.py:830} INFO - Processing file /Users/aswin/Documents/data-engineering-practice/ETL_Airflow_DBT/airflow/airflow_env/lib/python3.11/site-packages/airflow/example_dags/example_xcomargs.py for tasks to queue
[2026-04-02T06:02:22.666+0530] {logging_mixin.py:188} INFO - [2026-04-02T06:02:22.666+0530] {dagbag.py:540} INFO - Filling up the DagBag from /Users/aswin/Documents/data-engineering-practice/ETL_Airflow_DBT/airflow/airflow_env/lib/python3.11/site-packages/airflow/example_dags/example_xcomargs.py
[2026-04-02T06:02:22.683+0530] {processor.py:840} INFO - DAG(s) 'example_xcom_args', 'example_xcom_args_with_operators' retrieved from /Users/aswin/Documents/data-engineering-practice/ETL_Airflow_DBT/airflow/airflow_env/lib/python3.11/site-packages/airflow/example_dags/example_xcomargs.py
[2026-04-02T06:02:22.736+0530] {logging_mixin.py:188} INFO - [2026-04-02T06:02:22.736+0530] {dag.py:3096} INFO - Sync 2 DAGs
[2026-04-02T06:02:22.741+0530] {logging_mixin.py:188} INFO - [2026-04-02T06:02:22.741+0530] {dag.py:3954} INFO - Setting next_dagrun for example_xcom_args to None, run_after=None
[2026-04-02T06:02:22.743+0530] {logging_mixin.py:188} INFO - [2026-04-02T06:02:22.743+0530] {dag.py:3954} INFO - Setting next_dagrun for example_xcom_args_with_operators to None, run_after=None
[2026-04-02T06:02:22.749+0530] {processor.py:183} INFO - Processing /Users/aswin/Documents/data-engineering-practice/ETL_Airflow_DBT/airflow/airflow_env/lib/python3.11/site-packages/airflow/example_dags/example_xcomargs.py took 0.087 seconds
[2026-04-02T06:02:53.517+0530] {processor.py:161} INFO - Started process (PID=27253) to work on /Users/aswin/Documents/data-engineering-practice/ETL_Airflow_DBT/airflow/airflow_env/lib/python3.11/site-packages/airflow/example_dags/example_xcomargs.py
[2026-04-02T06:02:53.517+0530] {processor.py:830} INFO - Processing file /Users/aswin/Documents/data-engineering-practice/ETL_Airflow_DBT/airflow/airflow_env/lib/python3.11/site-packages/airflow/example_dags/example_xcomargs.py for tasks to queue
[2026-04-02T06:02:53.518+0530] {logging_mixin.py:188} INFO - [2026-04-02T06:02:53.518+0530] {dagbag.py:540} INFO - Filling up the DagBag from /Users/aswin/Documents/data-engineering-practice/ETL_Airflow_DBT/airflow/airflow_env/lib/python3.11/site-packages/airflow/example_dags/example_xcomargs.py
[2026-04-02T06:02:53.535+0530] {processor.py:840} INFO - DAG(s) 'example_xcom_args', 'example_xcom_args_with_operators' retrieved from /Users/aswin/Documents/data-engineering-practice/ETL_Airflow_DBT/airflow/airflow_env/lib/python3.11/site-packages/airflow/example_dags/example_xcomargs.py
[2026-04-02T06:02:53.588+0530] {logging_mixin.py:188} INFO - [2026-04-02T06:02:53.588+0530] {dag.py:3096} INFO - Sync 2 DAGs
[2026-04-02T06:02:53.593+0530] {logging_mixin.py:188} INFO - [2026-04-02T06:02:53.593+0530] {dag.py:3954} INFO - Setting next_dagrun for example_xcom_args to None, run_after=None
[2026-04-02T06:02:53.595+0530] {logging_mixin.py:188} INFO - [2026-04-02T06:02:53.595+0530] {dag.py:3954} INFO - Setting next_dagrun for example_xcom_args_with_operators to None, run_after=None
[2026-04-02T06:02:53.601+0530] {processor.py:183} INFO - Processing /Users/aswin/Documents/data-engineering-practice/ETL_Airflow_DBT/airflow/airflow_env/lib/python3.11/site-packages/airflow/example_dags/example_xcomargs.py took 0.085 seconds
[2026-04-02T06:03:24.656+0530] {processor.py:161} INFO - Started process (PID=27379) to work on /Users/aswin/Documents/data-engineering-practice/ETL_Airflow_DBT/airflow/airflow_env/lib/python3.11/site-packages/airflow/example_dags/example_xcomargs.py
[2026-04-02T06:03:24.656+0530] {processor.py:830} INFO - Processing file /Users/aswin/Documents/data-engineering-practice/ETL_Airflow_DBT/airflow/airflow_env/lib/python3.11/site-packages/airflow/example_dags/example_xcomargs.py for tasks to queue
[2026-04-02T06:03:24.656+0530] {logging_mixin.py:188} INFO - [2026-04-02T06:03:24.656+0530] {dagbag.py:540} INFO - Filling up the DagBag from /Users/aswin/Documents/data-engineering-practice/ETL_Airflow_DBT/airflow/airflow_env/lib/python3.11/site-packages/airflow/example_dags/example_xcomargs.py
[2026-04-02T06:03:24.673+0530] {processor.py:840} INFO - DAG(s) 'example_xcom_args_with_operators', 'example_xcom_args' retrieved from /Users/aswin/Documents/data-engineering-practice/ETL_Airflow_DBT/airflow/airflow_env/lib/python3.11/site-packages/airflow/example_dags/example_xcomargs.py
[2026-04-02T06:03:24.725+0530] {logging_mixin.py:188} INFO - [2026-04-02T06:03:24.725+0530] {dag.py:3096} INFO - Sync 2 DAGs
[2026-04-02T06:03:24.731+0530] {logging_mixin.py:188} INFO - [2026-04-02T06:03:24.731+0530] {dag.py:3954} INFO - Setting next_dagrun for example_xcom_args to None, run_after=None
[2026-04-02T06:03:24.732+0530] {logging_mixin.py:188} INFO - [2026-04-02T06:03:24.732+0530] {dag.py:3954} INFO - Setting next_dagrun for example_xcom_args_with_operators to None, run_after=None
[2026-04-02T06:03:24.739+0530] {processor.py:183} INFO - Processing /Users/aswin/Documents/data-engineering-practice/ETL_Airflow_DBT/airflow/airflow_env/lib/python3.11/site-packages/airflow/example_dags/example_xcomargs.py took 0.085 seconds
[2026-04-02T06:03:56.000+0530] {processor.py:161} INFO - Started process (PID=27505) to work on /Users/aswin/Documents/data-engineering-practice/ETL_Airflow_DBT/airflow/airflow_env/lib/python3.11/site-packages/airflow/example_dags/example_xcomargs.py
[2026-04-02T06:03:56.001+0530] {processor.py:830} INFO - Processing file /Users/aswin/Documents/data-engineering-practice/ETL_Airflow_DBT/airflow/airflow_env/lib/python3.11/site-packages/airflow/example_dags/example_xcomargs.py for tasks to queue
[2026-04-02T06:03:56.001+0530] {logging_mixin.py:188} INFO - [2026-04-02T06:03:56.001+0530] {dagbag.py:540} INFO - Filling up the DagBag from /Users/aswin/Documents/data-engineering-practice/ETL_Airflow_DBT/airflow/airflow_env/lib/python3.11/site-packages/airflow/example_dags/example_xcomargs.py
[2026-04-02T06:03:56.018+0530] {processor.py:840} INFO - DAG(s) 'example_xcom_args', 'example_xcom_args_with_operators' retrieved from /Users/aswin/Documents/data-engineering-practice/ETL_Airflow_DBT/airflow/airflow_env/lib/python3.11/site-packages/airflow/example_dags/example_xcomargs.py
[2026-04-02T06:03:56.070+0530] {logging_mixin.py:188} INFO - [2026-04-02T06:03:56.070+0530] {dag.py:3096} INFO - Sync 2 DAGs
[2026-04-02T06:03:56.076+0530] {logging_mixin.py:188} INFO - [2026-04-02T06:03:56.076+0530] {dag.py:3954} INFO - Setting next_dagrun for example_xcom_args to None, run_after=None
[2026-04-02T06:03:56.077+0530] {logging_mixin.py:188} INFO - [2026-04-02T06:03:56.077+0530] {dag.py:3954} INFO - Setting next_dagrun for example_xcom_args_with_operators to None, run_after=None
[2026-04-02T06:03:56.085+0530] {processor.py:183} INFO - Processing /Users/aswin/Documents/data-engineering-practice/ETL_Airflow_DBT/airflow/airflow_env/lib/python3.11/site-packages/airflow/example_dags/example_xcomargs.py took 0.086 seconds
[2026-04-02T06:04:27.190+0530] {processor.py:161} INFO - Started process (PID=27645) to work on /Users/aswin/Documents/data-engineering-practice/ETL_Airflow_DBT/airflow/airflow_env/lib/python3.11/site-packages/airflow/example_dags/example_xcomargs.py
[2026-04-02T06:04:27.191+0530] {processor.py:830} INFO - Processing file /Users/aswin/Documents/data-engineering-practice/ETL_Airflow_DBT/airflow/airflow_env/lib/python3.11/site-packages/airflow/example_dags/example_xcomargs.py for tasks to queue
[2026-04-02T06:04:27.191+0530] {logging_mixin.py:188} INFO - [2026-04-02T06:04:27.191+0530] {dagbag.py:540} INFO - Filling up the DagBag from /Users/aswin/Documents/data-engineering-practice/ETL_Airflow_DBT/airflow/airflow_env/lib/python3.11/site-packages/airflow/example_dags/example_xcomargs.py
[2026-04-02T06:04:27.208+0530] {processor.py:840} INFO - DAG(s) 'example_xcom_args_with_operators', 'example_xcom_args' retrieved from /Users/aswin/Documents/data-engineering-practice/ETL_Airflow_DBT/airflow/airflow_env/lib/python3.11/site-packages/airflow/example_dags/example_xcomargs.py
[2026-04-02T06:04:27.261+0530] {logging_mixin.py:188} INFO - [2026-04-02T06:04:27.261+0530] {dag.py:3096} INFO - Sync 2 DAGs
[2026-04-02T06:04:27.270+0530] {logging_mixin.py:188} INFO - [2026-04-02T06:04:27.269+0530] {dag.py:3954} INFO - Setting next_dagrun for example_xcom_args to None, run_after=None
[2026-04-02T06:04:27.273+0530] {logging_mixin.py:188} INFO - [2026-04-02T06:04:27.273+0530] {dag.py:3954} INFO - Setting next_dagrun for example_xcom_args_with_operators to None, run_after=None
[2026-04-02T06:04:27.289+0530] {processor.py:183} INFO - Processing /Users/aswin/Documents/data-engineering-practice/ETL_Airflow_DBT/airflow/airflow_env/lib/python3.11/site-packages/airflow/example_dags/example_xcomargs.py took 0.100 seconds
[2026-04-02T06:04:58.370+0530] {processor.py:161} INFO - Started process (PID=27782) to work on /Users/aswin/Documents/data-engineering-practice/ETL_Airflow_DBT/airflow/airflow_env/lib/python3.11/site-packages/airflow/example_dags/example_xcomargs.py
[2026-04-02T06:04:58.372+0530] {processor.py:830} INFO - Processing file /Users/aswin/Documents/data-engineering-practice/ETL_Airflow_DBT/airflow/airflow_env/lib/python3.11/site-packages/airflow/example_dags/example_xcomargs.py for tasks to queue
[2026-04-02T06:04:58.372+0530] {logging_mixin.py:188} INFO - [2026-04-02T06:04:58.372+0530] {dagbag.py:540} INFO - Filling up the DagBag from /Users/aswin/Documents/data-engineering-practice/ETL_Airflow_DBT/airflow/airflow_env/lib/python3.11/site-packages/airflow/example_dags/example_xcomargs.py
[2026-04-02T06:04:58.389+0530] {processor.py:840} INFO - DAG(s) 'example_xcom_args', 'example_xcom_args_with_operators' retrieved from /Users/aswin/Documents/data-engineering-practice/ETL_Airflow_DBT/airflow/airflow_env/lib/python3.11/site-packages/airflow/example_dags/example_xcomargs.py
[2026-04-02T06:04:58.442+0530] {logging_mixin.py:188} INFO - [2026-04-02T06:04:58.442+0530] {dag.py:3096} INFO - Sync 2 DAGs
[2026-04-02T06:04:58.448+0530] {logging_mixin.py:188} INFO - [2026-04-02T06:04:58.448+0530] {dag.py:3954} INFO - Setting next_dagrun for example_xcom_args to None, run_after=None
[2026-04-02T06:04:58.449+0530] {logging_mixin.py:188} INFO - [2026-04-02T06:04:58.449+0530] {dag.py:3954} INFO - Setting next_dagrun for example_xcom_args_with_operators to None, run_after=None
[2026-04-02T06:04:58.457+0530] {processor.py:183} INFO - Processing /Users/aswin/Documents/data-engineering-practice/ETL_Airflow_DBT/airflow/airflow_env/lib/python3.11/site-packages/airflow/example_dags/example_xcomargs.py took 0.088 seconds
[2026-04-02T06:05:29.560+0530] {processor.py:161} INFO - Started process (PID=27917) to work on /Users/aswin/Documents/data-engineering-practice/ETL_Airflow_DBT/airflow/airflow_env/lib/python3.11/site-packages/airflow/example_dags/example_xcomargs.py
[2026-04-02T06:05:29.560+0530] {processor.py:830} INFO - Processing file /Users/aswin/Documents/data-engineering-practice/ETL_Airflow_DBT/airflow/airflow_env/lib/python3.11/site-packages/airflow/example_dags/example_xcomargs.py for tasks to queue
[2026-04-02T06:05:29.561+0530] {logging_mixin.py:188} INFO - [2026-04-02T06:05:29.561+0530] {dagbag.py:540} INFO - Filling up the DagBag from /Users/aswin/Documents/data-engineering-practice/ETL_Airflow_DBT/airflow/airflow_env/lib/python3.11/site-packages/airflow/example_dags/example_xcomargs.py
[2026-04-02T06:05:29.578+0530] {processor.py:840} INFO - DAG(s) 'example_xcom_args_with_operators', 'example_xcom_args' retrieved from /Users/aswin/Documents/data-engineering-practice/ETL_Airflow_DBT/airflow/airflow_env/lib/python3.11/site-packages/airflow/example_dags/example_xcomargs.py
[2026-04-02T06:05:29.633+0530] {logging_mixin.py:188} INFO - [2026-04-02T06:05:29.633+0530] {dag.py:3096} INFO - Sync 2 DAGs
[2026-04-02T06:05:29.638+0530] {logging_mixin.py:188} INFO - [2026-04-02T06:05:29.638+0530] {dag.py:3954} INFO - Setting next_dagrun for example_xcom_args to None, run_after=None
[2026-04-02T06:05:29.640+0530] {logging_mixin.py:188} INFO - [2026-04-02T06:05:29.640+0530] {dag.py:3954} INFO - Setting next_dagrun for example_xcom_args_with_operators to None, run_after=None
[2026-04-02T06:05:29.648+0530] {processor.py:183} INFO - Processing /Users/aswin/Documents/data-engineering-practice/ETL_Airflow_DBT/airflow/airflow_env/lib/python3.11/site-packages/airflow/example_dags/example_xcomargs.py took 0.089 seconds
[2026-04-02T06:06:00.918+0530] {processor.py:161} INFO - Started process (PID=28069) to work on /Users/aswin/Documents/data-engineering-practice/ETL_Airflow_DBT/airflow/airflow_env/lib/python3.11/site-packages/airflow/example_dags/example_xcomargs.py
[2026-04-02T06:06:00.919+0530] {processor.py:830} INFO - Processing file /Users/aswin/Documents/data-engineering-practice/ETL_Airflow_DBT/airflow/airflow_env/lib/python3.11/site-packages/airflow/example_dags/example_xcomargs.py for tasks to queue
[2026-04-02T06:06:00.920+0530] {logging_mixin.py:188} INFO - [2026-04-02T06:06:00.920+0530] {dagbag.py:540} INFO - Filling up the DagBag from /Users/aswin/Documents/data-engineering-practice/ETL_Airflow_DBT/airflow/airflow_env/lib/python3.11/site-packages/airflow/example_dags/example_xcomargs.py
[2026-04-02T06:06:00.936+0530] {processor.py:840} INFO - DAG(s) 'example_xcom_args', 'example_xcom_args_with_operators' retrieved from /Users/aswin/Documents/data-engineering-practice/ETL_Airflow_DBT/airflow/airflow_env/lib/python3.11/site-packages/airflow/example_dags/example_xcomargs.py
[2026-04-02T06:06:00.990+0530] {logging_mixin.py:188} INFO - [2026-04-02T06:06:00.990+0530] {dag.py:3096} INFO - Sync 2 DAGs
[2026-04-02T06:06:00.996+0530] {logging_mixin.py:188} INFO - [2026-04-02T06:06:00.996+0530] {dag.py:3954} INFO - Setting next_dagrun for example_xcom_args to None, run_after=None
[2026-04-02T06:06:00.997+0530] {logging_mixin.py:188} INFO - [2026-04-02T06:06:00.997+0530] {dag.py:3954} INFO - Setting next_dagrun for example_xcom_args_with_operators to None, run_after=None
[2026-04-02T06:06:01.004+0530] {processor.py:183} INFO - Processing /Users/aswin/Documents/data-engineering-practice/ETL_Airflow_DBT/airflow/airflow_env/lib/python3.11/site-packages/airflow/example_dags/example_xcomargs.py took 0.087 seconds
[2026-04-02T06:06:31.946+0530] {processor.py:161} INFO - Started process (PID=28197) to work on /Users/aswin/Documents/data-engineering-practice/ETL_Airflow_DBT/airflow/airflow_env/lib/python3.11/site-packages/airflow/example_dags/example_xcomargs.py
[2026-04-02T06:06:31.946+0530] {processor.py:830} INFO - Processing file /Users/aswin/Documents/data-engineering-practice/ETL_Airflow_DBT/airflow/airflow_env/lib/python3.11/site-packages/airflow/example_dags/example_xcomargs.py for tasks to queue
[2026-04-02T06:06:31.947+0530] {logging_mixin.py:188} INFO - [2026-04-02T06:06:31.947+0530] {dagbag.py:540} INFO - Filling up the DagBag from /Users/aswin/Documents/data-engineering-practice/ETL_Airflow_DBT/airflow/airflow_env/lib/python3.11/site-packages/airflow/example_dags/example_xcomargs.py
[2026-04-02T06:06:31.963+0530] {processor.py:840} INFO - DAG(s) 'example_xcom_args', 'example_xcom_args_with_operators' retrieved from /Users/aswin/Documents/data-engineering-practice/ETL_Airflow_DBT/airflow/airflow_env/lib/python3.11/site-packages/airflow/example_dags/example_xcomargs.py
[2026-04-02T06:06:32.019+0530] {logging_mixin.py:188} INFO - [2026-04-02T06:06:32.019+0530] {dag.py:3096} INFO - Sync 2 DAGs
[2026-04-02T06:06:32.024+0530] {logging_mixin.py:188} INFO - [2026-04-02T06:06:32.024+0530] {dag.py:3954} INFO - Setting next_dagrun for example_xcom_args to None, run_after=None
[2026-04-02T06:06:32.026+0530] {logging_mixin.py:188} INFO - [2026-04-02T06:06:32.025+0530] {dag.py:3954} INFO - Setting next_dagrun for example_xcom_args_with_operators to None, run_after=None
[2026-04-02T06:06:32.032+0530] {processor.py:183} INFO - Processing /Users/aswin/Documents/data-engineering-practice/ETL_Airflow_DBT/airflow/airflow_env/lib/python3.11/site-packages/airflow/example_dags/example_xcomargs.py took 0.088 seconds
[2026-04-02T06:07:02.969+0530] {processor.py:161} INFO - Started process (PID=28316) to work on /Users/aswin/Documents/data-engineering-practice/ETL_Airflow_DBT/airflow/airflow_env/lib/python3.11/site-packages/airflow/example_dags/example_xcomargs.py
[2026-04-02T06:07:02.970+0530] {processor.py:830} INFO - Processing file /Users/aswin/Documents/data-engineering-practice/ETL_Airflow_DBT/airflow/airflow_env/lib/python3.11/site-packages/airflow/example_dags/example_xcomargs.py for tasks to queue
[2026-04-02T06:07:02.970+0530] {logging_mixin.py:188} INFO - [2026-04-02T06:07:02.970+0530] {dagbag.py:540} INFO - Filling up the DagBag from /Users/aswin/Documents/data-engineering-practice/ETL_Airflow_DBT/airflow/airflow_env/lib/python3.11/site-packages/airflow/example_dags/example_xcomargs.py
[2026-04-02T06:07:02.988+0530] {processor.py:840} INFO - DAG(s) 'example_xcom_args', 'example_xcom_args_with_operators' retrieved from /Users/aswin/Documents/data-engineering-practice/ETL_Airflow_DBT/airflow/airflow_env/lib/python3.11/site-packages/airflow/example_dags/example_xcomargs.py
[2026-04-02T06:07:03.040+0530] {logging_mixin.py:188} INFO - [2026-04-02T06:07:03.040+0530] {dag.py:3096} INFO - Sync 2 DAGs
[2026-04-02T06:07:03.045+0530] {logging_mixin.py:188} INFO - [2026-04-02T06:07:03.045+0530] {dag.py:3954} INFO - Setting next_dagrun for example_xcom_args to None, run_after=None
[2026-04-02T06:07:03.046+0530] {logging_mixin.py:188} INFO - [2026-04-02T06:07:03.046+0530] {dag.py:3954} INFO - Setting next_dagrun for example_xcom_args_with_operators to None, run_after=None
[2026-04-02T06:07:03.055+0530] {processor.py:183} INFO - Processing /Users/aswin/Documents/data-engineering-practice/ETL_Airflow_DBT/airflow/airflow_env/lib/python3.11/site-packages/airflow/example_dags/example_xcomargs.py took 0.086 seconds
