[2026-04-02T05:38:08.595+0530] {processor.py:161} INFO - Started process (PID=21161) to work on /Users/aswin/Documents/data-engineering-practice/ETL_Airflow_DBT/airflow/airflow_env/lib/python3.11/site-packages/airflow/example_dags/example_python_operator.py
[2026-04-02T05:38:08.595+0530] {processor.py:830} INFO - Processing file /Users/aswin/Documents/data-engineering-practice/ETL_Airflow_DBT/airflow/airflow_env/lib/python3.11/site-packages/airflow/example_dags/example_python_operator.py for tasks to queue
[2026-04-02T05:38:08.595+0530] {logging_mixin.py:188} INFO - [2026-04-02T05:38:08.595+0530] {dagbag.py:540} INFO - Filling up the DagBag from /Users/aswin/Documents/data-engineering-practice/ETL_Airflow_DBT/airflow/airflow_env/lib/python3.11/site-packages/airflow/example_dags/example_python_operator.py
[2026-04-02T05:38:08.606+0530] {logging_mixin.py:188} INFO - [2026-04-02T05:38:08.606+0530] {example_python_operator.py:93} WARNING - The virtalenv_python example task requires virtualenv, please install it.
[2026-04-02T05:38:08.608+0530] {processor.py:840} INFO - DAG(s) 'example_python_operator' retrieved from /Users/aswin/Documents/data-engineering-practice/ETL_Airflow_DBT/airflow/airflow_env/lib/python3.11/site-packages/airflow/example_dags/example_python_operator.py
[2026-04-02T05:38:08.661+0530] {logging_mixin.py:188} INFO - [2026-04-02T05:38:08.661+0530] {dag.py:3096} INFO - Sync 1 DAGs
[2026-04-02T05:38:08.667+0530] {logging_mixin.py:188} INFO - [2026-04-02T05:38:08.667+0530] {dag.py:3954} INFO - Setting next_dagrun for example_python_operator to None, run_after=None
[2026-04-02T05:38:08.675+0530] {processor.py:183} INFO - Processing /Users/aswin/Documents/data-engineering-practice/ETL_Airflow_DBT/airflow/airflow_env/lib/python3.11/site-packages/airflow/example_dags/example_python_operator.py took 0.081 seconds
[2026-04-02T05:38:39.923+0530] {processor.py:161} INFO - Started process (PID=21287) to work on /Users/aswin/Documents/data-engineering-practice/ETL_Airflow_DBT/airflow/airflow_env/lib/python3.11/site-packages/airflow/example_dags/example_python_operator.py
[2026-04-02T05:38:39.924+0530] {processor.py:830} INFO - Processing file /Users/aswin/Documents/data-engineering-practice/ETL_Airflow_DBT/airflow/airflow_env/lib/python3.11/site-packages/airflow/example_dags/example_python_operator.py for tasks to queue
[2026-04-02T05:38:39.924+0530] {logging_mixin.py:188} INFO - [2026-04-02T05:38:39.924+0530] {dagbag.py:540} INFO - Filling up the DagBag from /Users/aswin/Documents/data-engineering-practice/ETL_Airflow_DBT/airflow/airflow_env/lib/python3.11/site-packages/airflow/example_dags/example_python_operator.py
[2026-04-02T05:38:39.934+0530] {logging_mixin.py:188} INFO - [2026-04-02T05:38:39.934+0530] {example_python_operator.py:93} WARNING - The virtalenv_python example task requires virtualenv, please install it.
[2026-04-02T05:38:39.936+0530] {processor.py:840} INFO - DAG(s) 'example_python_operator' retrieved from /Users/aswin/Documents/data-engineering-practice/ETL_Airflow_DBT/airflow/airflow_env/lib/python3.11/site-packages/airflow/example_dags/example_python_operator.py
[2026-04-02T05:38:39.987+0530] {logging_mixin.py:188} INFO - [2026-04-02T05:38:39.987+0530] {dag.py:3096} INFO - Sync 1 DAGs
[2026-04-02T05:38:39.993+0530] {logging_mixin.py:188} INFO - [2026-04-02T05:38:39.993+0530] {dag.py:3954} INFO - Setting next_dagrun for example_python_operator to None, run_after=None
[2026-04-02T05:38:40.002+0530] {processor.py:183} INFO - Processing /Users/aswin/Documents/data-engineering-practice/ETL_Airflow_DBT/airflow/airflow_env/lib/python3.11/site-packages/airflow/example_dags/example_python_operator.py took 0.081 seconds
[2026-04-02T05:39:11.007+0530] {processor.py:161} INFO - Started process (PID=21412) to work on /Users/aswin/Documents/data-engineering-practice/ETL_Airflow_DBT/airflow/airflow_env/lib/python3.11/site-packages/airflow/example_dags/example_python_operator.py
[2026-04-02T05:39:11.008+0530] {processor.py:830} INFO - Processing file /Users/aswin/Documents/data-engineering-practice/ETL_Airflow_DBT/airflow/airflow_env/lib/python3.11/site-packages/airflow/example_dags/example_python_operator.py for tasks to queue
[2026-04-02T05:39:11.008+0530] {logging_mixin.py:188} INFO - [2026-04-02T05:39:11.008+0530] {dagbag.py:540} INFO - Filling up the DagBag from /Users/aswin/Documents/data-engineering-practice/ETL_Airflow_DBT/airflow/airflow_env/lib/python3.11/site-packages/airflow/example_dags/example_python_operator.py
[2026-04-02T05:39:11.019+0530] {logging_mixin.py:188} INFO - [2026-04-02T05:39:11.019+0530] {example_python_operator.py:93} WARNING - The virtalenv_python example task requires virtualenv, please install it.
[2026-04-02T05:39:11.021+0530] {processor.py:840} INFO - DAG(s) 'example_python_operator' retrieved from /Users/aswin/Documents/data-engineering-practice/ETL_Airflow_DBT/airflow/airflow_env/lib/python3.11/site-packages/airflow/example_dags/example_python_operator.py
[2026-04-02T05:39:11.073+0530] {logging_mixin.py:188} INFO - [2026-04-02T05:39:11.073+0530] {dag.py:3096} INFO - Sync 1 DAGs
[2026-04-02T05:39:11.079+0530] {logging_mixin.py:188} INFO - [2026-04-02T05:39:11.079+0530] {dag.py:3954} INFO - Setting next_dagrun for example_python_operator to None, run_after=None
[2026-04-02T05:39:11.088+0530] {processor.py:183} INFO - Processing /Users/aswin/Documents/data-engineering-practice/ETL_Airflow_DBT/airflow/airflow_env/lib/python3.11/site-packages/airflow/example_dags/example_python_operator.py took 0.082 seconds
[2026-04-02T05:39:42.232+0530] {processor.py:161} INFO - Started process (PID=21538) to work on /Users/aswin/Documents/data-engineering-practice/ETL_Airflow_DBT/airflow/airflow_env/lib/python3.11/site-packages/airflow/example_dags/example_python_operator.py
[2026-04-02T05:39:42.232+0530] {processor.py:830} INFO - Processing file /Users/aswin/Documents/data-engineering-practice/ETL_Airflow_DBT/airflow/airflow_env/lib/python3.11/site-packages/airflow/example_dags/example_python_operator.py for tasks to queue
[2026-04-02T05:39:42.232+0530] {logging_mixin.py:188} INFO - [2026-04-02T05:39:42.232+0530] {dagbag.py:540} INFO - Filling up the DagBag from /Users/aswin/Documents/data-engineering-practice/ETL_Airflow_DBT/airflow/airflow_env/lib/python3.11/site-packages/airflow/example_dags/example_python_operator.py
[2026-04-02T05:39:42.244+0530] {logging_mixin.py:188} INFO - [2026-04-02T05:39:42.244+0530] {example_python_operator.py:93} WARNING - The virtalenv_python example task requires virtualenv, please install it.
[2026-04-02T05:39:42.245+0530] {processor.py:840} INFO - DAG(s) 'example_python_operator' retrieved from /Users/aswin/Documents/data-engineering-practice/ETL_Airflow_DBT/airflow/airflow_env/lib/python3.11/site-packages/airflow/example_dags/example_python_operator.py
[2026-04-02T05:39:42.298+0530] {logging_mixin.py:188} INFO - [2026-04-02T05:39:42.298+0530] {dag.py:3096} INFO - Sync 1 DAGs
[2026-04-02T05:39:42.304+0530] {logging_mixin.py:188} INFO - [2026-04-02T05:39:42.303+0530] {dag.py:3954} INFO - Setting next_dagrun for example_python_operator to None, run_after=None
[2026-04-02T05:39:42.312+0530] {processor.py:183} INFO - Processing /Users/aswin/Documents/data-engineering-practice/ETL_Airflow_DBT/airflow/airflow_env/lib/python3.11/site-packages/airflow/example_dags/example_python_operator.py took 0.081 seconds
[2026-04-02T05:40:13.438+0530] {processor.py:161} INFO - Started process (PID=21665) to work on /Users/aswin/Documents/data-engineering-practice/ETL_Airflow_DBT/airflow/airflow_env/lib/python3.11/site-packages/airflow/example_dags/example_python_operator.py
[2026-04-02T05:40:13.438+0530] {processor.py:830} INFO - Processing file /Users/aswin/Documents/data-engineering-practice/ETL_Airflow_DBT/airflow/airflow_env/lib/python3.11/site-packages/airflow/example_dags/example_python_operator.py for tasks to queue
[2026-04-02T05:40:13.438+0530] {logging_mixin.py:188} INFO - [2026-04-02T05:40:13.438+0530] {dagbag.py:540} INFO - Filling up the DagBag from /Users/aswin/Documents/data-engineering-practice/ETL_Airflow_DBT/airflow/airflow_env/lib/python3.11/site-packages/airflow/example_dags/example_python_operator.py
[2026-04-02T05:40:13.449+0530] {logging_mixin.py:188} INFO - [2026-04-02T05:40:13.449+0530] {example_python_operator.py:93} WARNING - The virtalenv_python example task requires virtualenv, please install it.
[2026-04-02T05:40:13.451+0530] {processor.py:840} INFO - DAG(s) 'example_python_operator' retrieved from /Users/aswin/Documents/data-engineering-practice/ETL_Airflow_DBT/airflow/airflow_env/lib/python3.11/site-packages/airflow/example_dags/example_python_operator.py
[2026-04-02T05:40:13.503+0530] {logging_mixin.py:188} INFO - [2026-04-02T05:40:13.502+0530] {dag.py:3096} INFO - Sync 1 DAGs
[2026-04-02T05:40:13.509+0530] {logging_mixin.py:188} INFO - [2026-04-02T05:40:13.509+0530] {dag.py:3954} INFO - Setting next_dagrun for example_python_operator to None, run_after=None
[2026-04-02T05:40:13.517+0530] {processor.py:183} INFO - Processing /Users/aswin/Documents/data-engineering-practice/ETL_Airflow_DBT/airflow/airflow_env/lib/python3.11/site-packages/airflow/example_dags/example_python_operator.py took 0.081 seconds
[2026-04-02T05:40:44.476+0530] {processor.py:161} INFO - Started process (PID=21800) to work on /Users/aswin/Documents/data-engineering-practice/ETL_Airflow_DBT/airflow/airflow_env/lib/python3.11/site-packages/airflow/example_dags/example_python_operator.py
[2026-04-02T05:40:44.477+0530] {processor.py:830} INFO - Processing file /Users/aswin/Documents/data-engineering-practice/ETL_Airflow_DBT/airflow/airflow_env/lib/python3.11/site-packages/airflow/example_dags/example_python_operator.py for tasks to queue
[2026-04-02T05:40:44.477+0530] {logging_mixin.py:188} INFO - [2026-04-02T05:40:44.477+0530] {dagbag.py:540} INFO - Filling up the DagBag from /Users/aswin/Documents/data-engineering-practice/ETL_Airflow_DBT/airflow/airflow_env/lib/python3.11/site-packages/airflow/example_dags/example_python_operator.py
[2026-04-02T05:40:44.488+0530] {logging_mixin.py:188} INFO - [2026-04-02T05:40:44.488+0530] {example_python_operator.py:93} WARNING - The virtalenv_python example task requires virtualenv, please install it.
[2026-04-02T05:40:44.489+0530] {processor.py:840} INFO - DAG(s) 'example_python_operator' retrieved from /Users/aswin/Documents/data-engineering-practice/ETL_Airflow_DBT/airflow/airflow_env/lib/python3.11/site-packages/airflow/example_dags/example_python_operator.py
[2026-04-02T05:40:44.540+0530] {logging_mixin.py:188} INFO - [2026-04-02T05:40:44.540+0530] {dag.py:3096} INFO - Sync 1 DAGs
[2026-04-02T05:40:44.547+0530] {logging_mixin.py:188} INFO - [2026-04-02T05:40:44.547+0530] {dag.py:3954} INFO - Setting next_dagrun for example_python_operator to None, run_after=None
[2026-04-02T05:40:44.555+0530] {processor.py:183} INFO - Processing /Users/aswin/Documents/data-engineering-practice/ETL_Airflow_DBT/airflow/airflow_env/lib/python3.11/site-packages/airflow/example_dags/example_python_operator.py took 0.081 seconds
[2026-04-02T05:41:15.629+0530] {processor.py:161} INFO - Started process (PID=21925) to work on /Users/aswin/Documents/data-engineering-practice/ETL_Airflow_DBT/airflow/airflow_env/lib/python3.11/site-packages/airflow/example_dags/example_python_operator.py
[2026-04-02T05:41:15.629+0530] {processor.py:830} INFO - Processing file /Users/aswin/Documents/data-engineering-practice/ETL_Airflow_DBT/airflow/airflow_env/lib/python3.11/site-packages/airflow/example_dags/example_python_operator.py for tasks to queue
[2026-04-02T05:41:15.630+0530] {logging_mixin.py:188} INFO - [2026-04-02T05:41:15.629+0530] {dagbag.py:540} INFO - Filling up the DagBag from /Users/aswin/Documents/data-engineering-practice/ETL_Airflow_DBT/airflow/airflow_env/lib/python3.11/site-packages/airflow/example_dags/example_python_operator.py
[2026-04-02T05:41:15.640+0530] {logging_mixin.py:188} INFO - [2026-04-02T05:41:15.640+0530] {example_python_operator.py:93} WARNING - The virtalenv_python example task requires virtualenv, please install it.
[2026-04-02T05:41:15.641+0530] {processor.py:840} INFO - DAG(s) 'example_python_operator' retrieved from /Users/aswin/Documents/data-engineering-practice/ETL_Airflow_DBT/airflow/airflow_env/lib/python3.11/site-packages/airflow/example_dags/example_python_operator.py
[2026-04-02T05:41:15.694+0530] {logging_mixin.py:188} INFO - [2026-04-02T05:41:15.694+0530] {dag.py:3096} INFO - Sync 1 DAGs
[2026-04-02T05:41:15.700+0530] {logging_mixin.py:188} INFO - [2026-04-02T05:41:15.700+0530] {dag.py:3954} INFO - Setting next_dagrun for example_python_operator to None, run_after=None
[2026-04-02T05:41:15.709+0530] {processor.py:183} INFO - Processing /Users/aswin/Documents/data-engineering-practice/ETL_Airflow_DBT/airflow/airflow_env/lib/python3.11/site-packages/airflow/example_dags/example_python_operator.py took 0.082 seconds
[2026-04-02T05:41:46.974+0530] {processor.py:161} INFO - Started process (PID=22052) to work on /Users/aswin/Documents/data-engineering-practice/ETL_Airflow_DBT/airflow/airflow_env/lib/python3.11/site-packages/airflow/example_dags/example_python_operator.py
[2026-04-02T05:41:46.975+0530] {processor.py:830} INFO - Processing file /Users/aswin/Documents/data-engineering-practice/ETL_Airflow_DBT/airflow/airflow_env/lib/python3.11/site-packages/airflow/example_dags/example_python_operator.py for tasks to queue
[2026-04-02T05:41:46.975+0530] {logging_mixin.py:188} INFO - [2026-04-02T05:41:46.975+0530] {dagbag.py:540} INFO - Filling up the DagBag from /Users/aswin/Documents/data-engineering-practice/ETL_Airflow_DBT/airflow/airflow_env/lib/python3.11/site-packages/airflow/example_dags/example_python_operator.py
[2026-04-02T05:41:46.985+0530] {logging_mixin.py:188} INFO - [2026-04-02T05:41:46.985+0530] {example_python_operator.py:93} WARNING - The virtalenv_python example task requires virtualenv, please install it.
[2026-04-02T05:41:46.987+0530] {processor.py:840} INFO - DAG(s) 'example_python_operator' retrieved from /Users/aswin/Documents/data-engineering-practice/ETL_Airflow_DBT/airflow/airflow_env/lib/python3.11/site-packages/airflow/example_dags/example_python_operator.py
[2026-04-02T05:41:47.043+0530] {logging_mixin.py:188} INFO - [2026-04-02T05:41:47.042+0530] {dag.py:3096} INFO - Sync 1 DAGs
[2026-04-02T05:41:47.049+0530] {logging_mixin.py:188} INFO - [2026-04-02T05:41:47.049+0530] {dag.py:3954} INFO - Setting next_dagrun for example_python_operator to None, run_after=None
[2026-04-02T05:41:47.057+0530] {processor.py:183} INFO - Processing /Users/aswin/Documents/data-engineering-practice/ETL_Airflow_DBT/airflow/airflow_env/lib/python3.11/site-packages/airflow/example_dags/example_python_operator.py took 0.085 seconds
[2026-04-02T05:42:18.172+0530] {processor.py:161} INFO - Started process (PID=22180) to work on /Users/aswin/Documents/data-engineering-practice/ETL_Airflow_DBT/airflow/airflow_env/lib/python3.11/site-packages/airflow/example_dags/example_python_operator.py
[2026-04-02T05:42:18.174+0530] {processor.py:830} INFO - Processing file /Users/aswin/Documents/data-engineering-practice/ETL_Airflow_DBT/airflow/airflow_env/lib/python3.11/site-packages/airflow/example_dags/example_python_operator.py for tasks to queue
[2026-04-02T05:42:18.174+0530] {logging_mixin.py:188} INFO - [2026-04-02T05:42:18.174+0530] {dagbag.py:540} INFO - Filling up the DagBag from /Users/aswin/Documents/data-engineering-practice/ETL_Airflow_DBT/airflow/airflow_env/lib/python3.11/site-packages/airflow/example_dags/example_python_operator.py
[2026-04-02T05:42:18.185+0530] {logging_mixin.py:188} INFO - [2026-04-02T05:42:18.185+0530] {example_python_operator.py:93} WARNING - The virtalenv_python example task requires virtualenv, please install it.
[2026-04-02T05:42:18.186+0530] {processor.py:840} INFO - DAG(s) 'example_python_operator' retrieved from /Users/aswin/Documents/data-engineering-practice/ETL_Airflow_DBT/airflow/airflow_env/lib/python3.11/site-packages/airflow/example_dags/example_python_operator.py
[2026-04-02T05:42:18.240+0530] {logging_mixin.py:188} INFO - [2026-04-02T05:42:18.239+0530] {dag.py:3096} INFO - Sync 1 DAGs
[2026-04-02T05:42:18.246+0530] {logging_mixin.py:188} INFO - [2026-04-02T05:42:18.246+0530] {dag.py:3954} INFO - Setting next_dagrun for example_python_operator to None, run_after=None
[2026-04-02T05:42:18.256+0530] {processor.py:183} INFO - Processing /Users/aswin/Documents/data-engineering-practice/ETL_Airflow_DBT/airflow/airflow_env/lib/python3.11/site-packages/airflow/example_dags/example_python_operator.py took 0.084 seconds
[2026-04-02T05:42:49.817+0530] {processor.py:161} INFO - Started process (PID=22313) to work on /Users/aswin/Documents/data-engineering-practice/ETL_Airflow_DBT/airflow/airflow_env/lib/python3.11/site-packages/airflow/example_dags/example_python_operator.py
[2026-04-02T05:42:49.818+0530] {processor.py:830} INFO - Processing file /Users/aswin/Documents/data-engineering-practice/ETL_Airflow_DBT/airflow/airflow_env/lib/python3.11/site-packages/airflow/example_dags/example_python_operator.py for tasks to queue
[2026-04-02T05:42:49.818+0530] {logging_mixin.py:188} INFO - [2026-04-02T05:42:49.818+0530] {dagbag.py:540} INFO - Filling up the DagBag from /Users/aswin/Documents/data-engineering-practice/ETL_Airflow_DBT/airflow/airflow_env/lib/python3.11/site-packages/airflow/example_dags/example_python_operator.py
[2026-04-02T05:42:49.829+0530] {logging_mixin.py:188} INFO - [2026-04-02T05:42:49.829+0530] {example_python_operator.py:93} WARNING - The virtalenv_python example task requires virtualenv, please install it.
[2026-04-02T05:42:49.830+0530] {processor.py:840} INFO - DAG(s) 'example_python_operator' retrieved from /Users/aswin/Documents/data-engineering-practice/ETL_Airflow_DBT/airflow/airflow_env/lib/python3.11/site-packages/airflow/example_dags/example_python_operator.py
[2026-04-02T05:42:49.881+0530] {logging_mixin.py:188} INFO - [2026-04-02T05:42:49.881+0530] {dag.py:3096} INFO - Sync 1 DAGs
[2026-04-02T05:42:49.888+0530] {logging_mixin.py:188} INFO - [2026-04-02T05:42:49.888+0530] {dag.py:3954} INFO - Setting next_dagrun for example_python_operator to None, run_after=None
[2026-04-02T05:42:49.896+0530] {processor.py:183} INFO - Processing /Users/aswin/Documents/data-engineering-practice/ETL_Airflow_DBT/airflow/airflow_env/lib/python3.11/site-packages/airflow/example_dags/example_python_operator.py took 0.081 seconds
[2026-04-02T05:43:21.133+0530] {processor.py:161} INFO - Started process (PID=22438) to work on /Users/aswin/Documents/data-engineering-practice/ETL_Airflow_DBT/airflow/airflow_env/lib/python3.11/site-packages/airflow/example_dags/example_python_operator.py
[2026-04-02T05:43:21.133+0530] {processor.py:830} INFO - Processing file /Users/aswin/Documents/data-engineering-practice/ETL_Airflow_DBT/airflow/airflow_env/lib/python3.11/site-packages/airflow/example_dags/example_python_operator.py for tasks to queue
[2026-04-02T05:43:21.134+0530] {logging_mixin.py:188} INFO - [2026-04-02T05:43:21.134+0530] {dagbag.py:540} INFO - Filling up the DagBag from /Users/aswin/Documents/data-engineering-practice/ETL_Airflow_DBT/airflow/airflow_env/lib/python3.11/site-packages/airflow/example_dags/example_python_operator.py
[2026-04-02T05:43:21.145+0530] {logging_mixin.py:188} INFO - [2026-04-02T05:43:21.145+0530] {example_python_operator.py:93} WARNING - The virtalenv_python example task requires virtualenv, please install it.
[2026-04-02T05:43:21.146+0530] {processor.py:840} INFO - DAG(s) 'example_python_operator' retrieved from /Users/aswin/Documents/data-engineering-practice/ETL_Airflow_DBT/airflow/airflow_env/lib/python3.11/site-packages/airflow/example_dags/example_python_operator.py
[2026-04-02T05:43:21.200+0530] {logging_mixin.py:188} INFO - [2026-04-02T05:43:21.199+0530] {dag.py:3096} INFO - Sync 1 DAGs
[2026-04-02T05:43:21.206+0530] {logging_mixin.py:188} INFO - [2026-04-02T05:43:21.206+0530] {dag.py:3954} INFO - Setting next_dagrun for example_python_operator to None, run_after=None
[2026-04-02T05:43:21.215+0530] {processor.py:183} INFO - Processing /Users/aswin/Documents/data-engineering-practice/ETL_Airflow_DBT/airflow/airflow_env/lib/python3.11/site-packages/airflow/example_dags/example_python_operator.py took 0.083 seconds
[2026-04-02T05:43:52.052+0530] {processor.py:161} INFO - Started process (PID=22578) to work on /Users/aswin/Documents/data-engineering-practice/ETL_Airflow_DBT/airflow/airflow_env/lib/python3.11/site-packages/airflow/example_dags/example_python_operator.py
[2026-04-02T05:43:52.053+0530] {processor.py:830} INFO - Processing file /Users/aswin/Documents/data-engineering-practice/ETL_Airflow_DBT/airflow/airflow_env/lib/python3.11/site-packages/airflow/example_dags/example_python_operator.py for tasks to queue
[2026-04-02T05:43:52.054+0530] {logging_mixin.py:188} INFO - [2026-04-02T05:43:52.053+0530] {dagbag.py:540} INFO - Filling up the DagBag from /Users/aswin/Documents/data-engineering-practice/ETL_Airflow_DBT/airflow/airflow_env/lib/python3.11/site-packages/airflow/example_dags/example_python_operator.py
[2026-04-02T05:43:52.064+0530] {logging_mixin.py:188} INFO - [2026-04-02T05:43:52.064+0530] {example_python_operator.py:93} WARNING - The virtalenv_python example task requires virtualenv, please install it.
[2026-04-02T05:43:52.065+0530] {processor.py:840} INFO - DAG(s) 'example_python_operator' retrieved from /Users/aswin/Documents/data-engineering-practice/ETL_Airflow_DBT/airflow/airflow_env/lib/python3.11/site-packages/airflow/example_dags/example_python_operator.py
[2026-04-02T05:43:52.116+0530] {logging_mixin.py:188} INFO - [2026-04-02T05:43:52.116+0530] {dag.py:3096} INFO - Sync 1 DAGs
[2026-04-02T05:43:52.122+0530] {logging_mixin.py:188} INFO - [2026-04-02T05:43:52.122+0530] {dag.py:3954} INFO - Setting next_dagrun for example_python_operator to None, run_after=None
[2026-04-02T05:43:52.130+0530] {processor.py:183} INFO - Processing /Users/aswin/Documents/data-engineering-practice/ETL_Airflow_DBT/airflow/airflow_env/lib/python3.11/site-packages/airflow/example_dags/example_python_operator.py took 0.079 seconds
[2026-04-02T05:44:23.190+0530] {processor.py:161} INFO - Started process (PID=22705) to work on /Users/aswin/Documents/data-engineering-practice/ETL_Airflow_DBT/airflow/airflow_env/lib/python3.11/site-packages/airflow/example_dags/example_python_operator.py
[2026-04-02T05:44:23.191+0530] {processor.py:830} INFO - Processing file /Users/aswin/Documents/data-engineering-practice/ETL_Airflow_DBT/airflow/airflow_env/lib/python3.11/site-packages/airflow/example_dags/example_python_operator.py for tasks to queue
[2026-04-02T05:44:23.191+0530] {logging_mixin.py:188} INFO - [2026-04-02T05:44:23.191+0530] {dagbag.py:540} INFO - Filling up the DagBag from /Users/aswin/Documents/data-engineering-practice/ETL_Airflow_DBT/airflow/airflow_env/lib/python3.11/site-packages/airflow/example_dags/example_python_operator.py
[2026-04-02T05:44:23.202+0530] {logging_mixin.py:188} INFO - [2026-04-02T05:44:23.202+0530] {example_python_operator.py:93} WARNING - The virtalenv_python example task requires virtualenv, please install it.
[2026-04-02T05:44:23.204+0530] {processor.py:840} INFO - DAG(s) 'example_python_operator' retrieved from /Users/aswin/Documents/data-engineering-practice/ETL_Airflow_DBT/airflow/airflow_env/lib/python3.11/site-packages/airflow/example_dags/example_python_operator.py
[2026-04-02T05:44:23.256+0530] {logging_mixin.py:188} INFO - [2026-04-02T05:44:23.256+0530] {dag.py:3096} INFO - Sync 1 DAGs
[2026-04-02T05:44:23.261+0530] {logging_mixin.py:188} INFO - [2026-04-02T05:44:23.261+0530] {dag.py:3954} INFO - Setting next_dagrun for example_python_operator to None, run_after=None
[2026-04-02T05:44:23.270+0530] {processor.py:183} INFO - Processing /Users/aswin/Documents/data-engineering-practice/ETL_Airflow_DBT/airflow/airflow_env/lib/python3.11/site-packages/airflow/example_dags/example_python_operator.py took 0.081 seconds
[2026-04-02T05:44:54.243+0530] {processor.py:161} INFO - Started process (PID=22833) to work on /Users/aswin/Documents/data-engineering-practice/ETL_Airflow_DBT/airflow/airflow_env/lib/python3.11/site-packages/airflow/example_dags/example_python_operator.py
[2026-04-02T05:44:54.243+0530] {processor.py:830} INFO - Processing file /Users/aswin/Documents/data-engineering-practice/ETL_Airflow_DBT/airflow/airflow_env/lib/python3.11/site-packages/airflow/example_dags/example_python_operator.py for tasks to queue
[2026-04-02T05:44:54.243+0530] {logging_mixin.py:188} INFO - [2026-04-02T05:44:54.243+0530] {dagbag.py:540} INFO - Filling up the DagBag from /Users/aswin/Documents/data-engineering-practice/ETL_Airflow_DBT/airflow/airflow_env/lib/python3.11/site-packages/airflow/example_dags/example_python_operator.py
[2026-04-02T05:44:54.255+0530] {logging_mixin.py:188} INFO - [2026-04-02T05:44:54.255+0530] {example_python_operator.py:93} WARNING - The virtalenv_python example task requires virtualenv, please install it.
[2026-04-02T05:44:54.256+0530] {processor.py:840} INFO - DAG(s) 'example_python_operator' retrieved from /Users/aswin/Documents/data-engineering-practice/ETL_Airflow_DBT/airflow/airflow_env/lib/python3.11/site-packages/airflow/example_dags/example_python_operator.py
[2026-04-02T05:44:54.309+0530] {logging_mixin.py:188} INFO - [2026-04-02T05:44:54.309+0530] {dag.py:3096} INFO - Sync 1 DAGs
[2026-04-02T05:44:54.315+0530] {logging_mixin.py:188} INFO - [2026-04-02T05:44:54.315+0530] {dag.py:3954} INFO - Setting next_dagrun for example_python_operator to None, run_after=None
[2026-04-02T05:44:54.324+0530] {processor.py:183} INFO - Processing /Users/aswin/Documents/data-engineering-practice/ETL_Airflow_DBT/airflow/airflow_env/lib/python3.11/site-packages/airflow/example_dags/example_python_operator.py took 0.082 seconds
[2026-04-02T05:45:25.903+0530] {processor.py:161} INFO - Started process (PID=22956) to work on /Users/aswin/Documents/data-engineering-practice/ETL_Airflow_DBT/airflow/airflow_env/lib/python3.11/site-packages/airflow/example_dags/example_python_operator.py
[2026-04-02T05:45:25.904+0530] {processor.py:830} INFO - Processing file /Users/aswin/Documents/data-engineering-practice/ETL_Airflow_DBT/airflow/airflow_env/lib/python3.11/site-packages/airflow/example_dags/example_python_operator.py for tasks to queue
[2026-04-02T05:45:25.904+0530] {logging_mixin.py:188} INFO - [2026-04-02T05:45:25.904+0530] {dagbag.py:540} INFO - Filling up the DagBag from /Users/aswin/Documents/data-engineering-practice/ETL_Airflow_DBT/airflow/airflow_env/lib/python3.11/site-packages/airflow/example_dags/example_python_operator.py
[2026-04-02T05:45:25.914+0530] {logging_mixin.py:188} INFO - [2026-04-02T05:45:25.914+0530] {example_python_operator.py:93} WARNING - The virtalenv_python example task requires virtualenv, please install it.
[2026-04-02T05:45:25.916+0530] {processor.py:840} INFO - DAG(s) 'example_python_operator' retrieved from /Users/aswin/Documents/data-engineering-practice/ETL_Airflow_DBT/airflow/airflow_env/lib/python3.11/site-packages/airflow/example_dags/example_python_operator.py
[2026-04-02T05:45:25.970+0530] {logging_mixin.py:188} INFO - [2026-04-02T05:45:25.970+0530] {dag.py:3096} INFO - Sync 1 DAGs
[2026-04-02T05:45:25.975+0530] {logging_mixin.py:188} INFO - [2026-04-02T05:45:25.975+0530] {dag.py:3954} INFO - Setting next_dagrun for example_python_operator to None, run_after=None
[2026-04-02T05:45:25.983+0530] {processor.py:183} INFO - Processing /Users/aswin/Documents/data-engineering-practice/ETL_Airflow_DBT/airflow/airflow_env/lib/python3.11/site-packages/airflow/example_dags/example_python_operator.py took 0.082 seconds
[2026-04-02T05:45:56.975+0530] {processor.py:161} INFO - Started process (PID=23068) to work on /Users/aswin/Documents/data-engineering-practice/ETL_Airflow_DBT/airflow/airflow_env/lib/python3.11/site-packages/airflow/example_dags/example_python_operator.py
[2026-04-02T05:45:56.976+0530] {processor.py:830} INFO - Processing file /Users/aswin/Documents/data-engineering-practice/ETL_Airflow_DBT/airflow/airflow_env/lib/python3.11/site-packages/airflow/example_dags/example_python_operator.py for tasks to queue
[2026-04-02T05:45:56.976+0530] {logging_mixin.py:188} INFO - [2026-04-02T05:45:56.976+0530] {dagbag.py:540} INFO - Filling up the DagBag from /Users/aswin/Documents/data-engineering-practice/ETL_Airflow_DBT/airflow/airflow_env/lib/python3.11/site-packages/airflow/example_dags/example_python_operator.py
[2026-04-02T05:45:56.987+0530] {logging_mixin.py:188} INFO - [2026-04-02T05:45:56.987+0530] {example_python_operator.py:93} WARNING - The virtalenv_python example task requires virtualenv, please install it.
[2026-04-02T05:45:56.989+0530] {processor.py:840} INFO - DAG(s) 'example_python_operator' retrieved from /Users/aswin/Documents/data-engineering-practice/ETL_Airflow_DBT/airflow/airflow_env/lib/python3.11/site-packages/airflow/example_dags/example_python_operator.py
[2026-04-02T05:45:57.045+0530] {logging_mixin.py:188} INFO - [2026-04-02T05:45:57.044+0530] {dag.py:3096} INFO - Sync 1 DAGs
[2026-04-02T05:45:57.050+0530] {logging_mixin.py:188} INFO - [2026-04-02T05:45:57.050+0530] {dag.py:3954} INFO - Setting next_dagrun for example_python_operator to None, run_after=None
[2026-04-02T05:45:57.060+0530] {processor.py:183} INFO - Processing /Users/aswin/Documents/data-engineering-practice/ETL_Airflow_DBT/airflow/airflow_env/lib/python3.11/site-packages/airflow/example_dags/example_python_operator.py took 0.086 seconds
[2026-04-02T05:46:28.418+0530] {processor.py:161} INFO - Started process (PID=23185) to work on /Users/aswin/Documents/data-engineering-practice/ETL_Airflow_DBT/airflow/airflow_env/lib/python3.11/site-packages/airflow/example_dags/example_python_operator.py
[2026-04-02T05:46:28.418+0530] {processor.py:830} INFO - Processing file /Users/aswin/Documents/data-engineering-practice/ETL_Airflow_DBT/airflow/airflow_env/lib/python3.11/site-packages/airflow/example_dags/example_python_operator.py for tasks to queue
[2026-04-02T05:46:28.419+0530] {logging_mixin.py:188} INFO - [2026-04-02T05:46:28.419+0530] {dagbag.py:540} INFO - Filling up the DagBag from /Users/aswin/Documents/data-engineering-practice/ETL_Airflow_DBT/airflow/airflow_env/lib/python3.11/site-packages/airflow/example_dags/example_python_operator.py
[2026-04-02T05:46:28.429+0530] {logging_mixin.py:188} INFO - [2026-04-02T05:46:28.429+0530] {example_python_operator.py:93} WARNING - The virtalenv_python example task requires virtualenv, please install it.
[2026-04-02T05:46:28.430+0530] {processor.py:840} INFO - DAG(s) 'example_python_operator' retrieved from /Users/aswin/Documents/data-engineering-practice/ETL_Airflow_DBT/airflow/airflow_env/lib/python3.11/site-packages/airflow/example_dags/example_python_operator.py
[2026-04-02T05:46:28.483+0530] {logging_mixin.py:188} INFO - [2026-04-02T05:46:28.483+0530] {dag.py:3096} INFO - Sync 1 DAGs
[2026-04-02T05:46:28.488+0530] {logging_mixin.py:188} INFO - [2026-04-02T05:46:28.488+0530] {dag.py:3954} INFO - Setting next_dagrun for example_python_operator to None, run_after=None
[2026-04-02T05:46:28.496+0530] {processor.py:183} INFO - Processing /Users/aswin/Documents/data-engineering-practice/ETL_Airflow_DBT/airflow/airflow_env/lib/python3.11/site-packages/airflow/example_dags/example_python_operator.py took 0.079 seconds
[2026-04-02T05:46:59.476+0530] {processor.py:161} INFO - Started process (PID=23298) to work on /Users/aswin/Documents/data-engineering-practice/ETL_Airflow_DBT/airflow/airflow_env/lib/python3.11/site-packages/airflow/example_dags/example_python_operator.py
[2026-04-02T05:46:59.477+0530] {processor.py:830} INFO - Processing file /Users/aswin/Documents/data-engineering-practice/ETL_Airflow_DBT/airflow/airflow_env/lib/python3.11/site-packages/airflow/example_dags/example_python_operator.py for tasks to queue
[2026-04-02T05:46:59.477+0530] {logging_mixin.py:188} INFO - [2026-04-02T05:46:59.477+0530] {dagbag.py:540} INFO - Filling up the DagBag from /Users/aswin/Documents/data-engineering-practice/ETL_Airflow_DBT/airflow/airflow_env/lib/python3.11/site-packages/airflow/example_dags/example_python_operator.py
[2026-04-02T05:46:59.490+0530] {logging_mixin.py:188} INFO - [2026-04-02T05:46:59.490+0530] {example_python_operator.py:93} WARNING - The virtalenv_python example task requires virtualenv, please install it.
[2026-04-02T05:46:59.492+0530] {processor.py:840} INFO - DAG(s) 'example_python_operator' retrieved from /Users/aswin/Documents/data-engineering-practice/ETL_Airflow_DBT/airflow/airflow_env/lib/python3.11/site-packages/airflow/example_dags/example_python_operator.py
[2026-04-02T05:46:59.550+0530] {logging_mixin.py:188} INFO - [2026-04-02T05:46:59.550+0530] {dag.py:3096} INFO - Sync 1 DAGs
[2026-04-02T05:46:59.558+0530] {logging_mixin.py:188} INFO - [2026-04-02T05:46:59.558+0530] {dag.py:3954} INFO - Setting next_dagrun for example_python_operator to None, run_after=None
[2026-04-02T05:46:59.566+0530] {processor.py:183} INFO - Processing /Users/aswin/Documents/data-engineering-practice/ETL_Airflow_DBT/airflow/airflow_env/lib/python3.11/site-packages/airflow/example_dags/example_python_operator.py took 0.092 seconds
[2026-04-02T05:47:30.526+0530] {processor.py:161} INFO - Started process (PID=23412) to work on /Users/aswin/Documents/data-engineering-practice/ETL_Airflow_DBT/airflow/airflow_env/lib/python3.11/site-packages/airflow/example_dags/example_python_operator.py
[2026-04-02T05:47:30.527+0530] {processor.py:830} INFO - Processing file /Users/aswin/Documents/data-engineering-practice/ETL_Airflow_DBT/airflow/airflow_env/lib/python3.11/site-packages/airflow/example_dags/example_python_operator.py for tasks to queue
[2026-04-02T05:47:30.527+0530] {logging_mixin.py:188} INFO - [2026-04-02T05:47:30.527+0530] {dagbag.py:540} INFO - Filling up the DagBag from /Users/aswin/Documents/data-engineering-practice/ETL_Airflow_DBT/airflow/airflow_env/lib/python3.11/site-packages/airflow/example_dags/example_python_operator.py
[2026-04-02T05:47:30.538+0530] {logging_mixin.py:188} INFO - [2026-04-02T05:47:30.538+0530] {example_python_operator.py:93} WARNING - The virtalenv_python example task requires virtualenv, please install it.
[2026-04-02T05:47:30.540+0530] {processor.py:840} INFO - DAG(s) 'example_python_operator' retrieved from /Users/aswin/Documents/data-engineering-practice/ETL_Airflow_DBT/airflow/airflow_env/lib/python3.11/site-packages/airflow/example_dags/example_python_operator.py
[2026-04-02T05:47:30.590+0530] {logging_mixin.py:188} INFO - [2026-04-02T05:47:30.590+0530] {dag.py:3096} INFO - Sync 1 DAGs
[2026-04-02T05:47:30.595+0530] {logging_mixin.py:188} INFO - [2026-04-02T05:47:30.595+0530] {dag.py:3954} INFO - Setting next_dagrun for example_python_operator to None, run_after=None
[2026-04-02T05:47:30.605+0530] {processor.py:183} INFO - Processing /Users/aswin/Documents/data-engineering-practice/ETL_Airflow_DBT/airflow/airflow_env/lib/python3.11/site-packages/airflow/example_dags/example_python_operator.py took 0.080 seconds
[2026-04-02T05:48:02.109+0530] {processor.py:161} INFO - Started process (PID=23530) to work on /Users/aswin/Documents/data-engineering-practice/ETL_Airflow_DBT/airflow/airflow_env/lib/python3.11/site-packages/airflow/example_dags/example_python_operator.py
[2026-04-02T05:48:02.110+0530] {processor.py:830} INFO - Processing file /Users/aswin/Documents/data-engineering-practice/ETL_Airflow_DBT/airflow/airflow_env/lib/python3.11/site-packages/airflow/example_dags/example_python_operator.py for tasks to queue
[2026-04-02T05:48:02.110+0530] {logging_mixin.py:188} INFO - [2026-04-02T05:48:02.110+0530] {dagbag.py:540} INFO - Filling up the DagBag from /Users/aswin/Documents/data-engineering-practice/ETL_Airflow_DBT/airflow/airflow_env/lib/python3.11/site-packages/airflow/example_dags/example_python_operator.py
[2026-04-02T05:48:02.121+0530] {logging_mixin.py:188} INFO - [2026-04-02T05:48:02.121+0530] {example_python_operator.py:93} WARNING - The virtalenv_python example task requires virtualenv, please install it.
[2026-04-02T05:48:02.123+0530] {processor.py:840} INFO - DAG(s) 'example_python_operator' retrieved from /Users/aswin/Documents/data-engineering-practice/ETL_Airflow_DBT/airflow/airflow_env/lib/python3.11/site-packages/airflow/example_dags/example_python_operator.py
[2026-04-02T05:48:02.177+0530] {logging_mixin.py:188} INFO - [2026-04-02T05:48:02.177+0530] {dag.py:3096} INFO - Sync 1 DAGs
[2026-04-02T05:48:02.183+0530] {logging_mixin.py:188} INFO - [2026-04-02T05:48:02.183+0530] {dag.py:3954} INFO - Setting next_dagrun for example_python_operator to None, run_after=None
[2026-04-02T05:48:02.192+0530] {processor.py:183} INFO - Processing /Users/aswin/Documents/data-engineering-practice/ETL_Airflow_DBT/airflow/airflow_env/lib/python3.11/site-packages/airflow/example_dags/example_python_operator.py took 0.085 seconds
[2026-04-02T05:48:33.231+0530] {processor.py:161} INFO - Started process (PID=23641) to work on /Users/aswin/Documents/data-engineering-practice/ETL_Airflow_DBT/airflow/airflow_env/lib/python3.11/site-packages/airflow/example_dags/example_python_operator.py
[2026-04-02T05:48:33.232+0530] {processor.py:830} INFO - Processing file /Users/aswin/Documents/data-engineering-practice/ETL_Airflow_DBT/airflow/airflow_env/lib/python3.11/site-packages/airflow/example_dags/example_python_operator.py for tasks to queue
[2026-04-02T05:48:33.232+0530] {logging_mixin.py:188} INFO - [2026-04-02T05:48:33.232+0530] {dagbag.py:540} INFO - Filling up the DagBag from /Users/aswin/Documents/data-engineering-practice/ETL_Airflow_DBT/airflow/airflow_env/lib/python3.11/site-packages/airflow/example_dags/example_python_operator.py
[2026-04-02T05:48:33.243+0530] {logging_mixin.py:188} INFO - [2026-04-02T05:48:33.243+0530] {example_python_operator.py:93} WARNING - The virtalenv_python example task requires virtualenv, please install it.
[2026-04-02T05:48:33.244+0530] {processor.py:840} INFO - DAG(s) 'example_python_operator' retrieved from /Users/aswin/Documents/data-engineering-practice/ETL_Airflow_DBT/airflow/airflow_env/lib/python3.11/site-packages/airflow/example_dags/example_python_operator.py
[2026-04-02T05:48:33.296+0530] {logging_mixin.py:188} INFO - [2026-04-02T05:48:33.296+0530] {dag.py:3096} INFO - Sync 1 DAGs
[2026-04-02T05:48:33.302+0530] {logging_mixin.py:188} INFO - [2026-04-02T05:48:33.302+0530] {dag.py:3954} INFO - Setting next_dagrun for example_python_operator to None, run_after=None
[2026-04-02T05:48:33.310+0530] {processor.py:183} INFO - Processing /Users/aswin/Documents/data-engineering-practice/ETL_Airflow_DBT/airflow/airflow_env/lib/python3.11/site-packages/airflow/example_dags/example_python_operator.py took 0.081 seconds
[2026-04-02T05:49:04.549+0530] {processor.py:161} INFO - Started process (PID=23757) to work on /Users/aswin/Documents/data-engineering-practice/ETL_Airflow_DBT/airflow/airflow_env/lib/python3.11/site-packages/airflow/example_dags/example_python_operator.py
[2026-04-02T05:49:04.550+0530] {processor.py:830} INFO - Processing file /Users/aswin/Documents/data-engineering-practice/ETL_Airflow_DBT/airflow/airflow_env/lib/python3.11/site-packages/airflow/example_dags/example_python_operator.py for tasks to queue
[2026-04-02T05:49:04.550+0530] {logging_mixin.py:188} INFO - [2026-04-02T05:49:04.550+0530] {dagbag.py:540} INFO - Filling up the DagBag from /Users/aswin/Documents/data-engineering-practice/ETL_Airflow_DBT/airflow/airflow_env/lib/python3.11/site-packages/airflow/example_dags/example_python_operator.py
[2026-04-02T05:49:04.562+0530] {logging_mixin.py:188} INFO - [2026-04-02T05:49:04.562+0530] {example_python_operator.py:93} WARNING - The virtalenv_python example task requires virtualenv, please install it.
[2026-04-02T05:49:04.563+0530] {processor.py:840} INFO - DAG(s) 'example_python_operator' retrieved from /Users/aswin/Documents/data-engineering-practice/ETL_Airflow_DBT/airflow/airflow_env/lib/python3.11/site-packages/airflow/example_dags/example_python_operator.py
[2026-04-02T05:49:04.614+0530] {logging_mixin.py:188} INFO - [2026-04-02T05:49:04.614+0530] {dag.py:3096} INFO - Sync 1 DAGs
[2026-04-02T05:49:04.619+0530] {logging_mixin.py:188} INFO - [2026-04-02T05:49:04.619+0530] {dag.py:3954} INFO - Setting next_dagrun for example_python_operator to None, run_after=None
[2026-04-02T05:49:04.627+0530] {processor.py:183} INFO - Processing /Users/aswin/Documents/data-engineering-practice/ETL_Airflow_DBT/airflow/airflow_env/lib/python3.11/site-packages/airflow/example_dags/example_python_operator.py took 0.079 seconds
[2026-04-02T05:49:35.979+0530] {processor.py:161} INFO - Started process (PID=23892) to work on /Users/aswin/Documents/data-engineering-practice/ETL_Airflow_DBT/airflow/airflow_env/lib/python3.11/site-packages/airflow/example_dags/example_python_operator.py
[2026-04-02T05:49:35.980+0530] {processor.py:830} INFO - Processing file /Users/aswin/Documents/data-engineering-practice/ETL_Airflow_DBT/airflow/airflow_env/lib/python3.11/site-packages/airflow/example_dags/example_python_operator.py for tasks to queue
[2026-04-02T05:49:35.980+0530] {logging_mixin.py:188} INFO - [2026-04-02T05:49:35.980+0530] {dagbag.py:540} INFO - Filling up the DagBag from /Users/aswin/Documents/data-engineering-practice/ETL_Airflow_DBT/airflow/airflow_env/lib/python3.11/site-packages/airflow/example_dags/example_python_operator.py
[2026-04-02T05:49:35.991+0530] {logging_mixin.py:188} INFO - [2026-04-02T05:49:35.991+0530] {example_python_operator.py:93} WARNING - The virtalenv_python example task requires virtualenv, please install it.
[2026-04-02T05:49:35.992+0530] {processor.py:840} INFO - DAG(s) 'example_python_operator' retrieved from /Users/aswin/Documents/data-engineering-practice/ETL_Airflow_DBT/airflow/airflow_env/lib/python3.11/site-packages/airflow/example_dags/example_python_operator.py
[2026-04-02T05:49:36.044+0530] {logging_mixin.py:188} INFO - [2026-04-02T05:49:36.043+0530] {dag.py:3096} INFO - Sync 1 DAGs
[2026-04-02T05:49:36.050+0530] {logging_mixin.py:188} INFO - [2026-04-02T05:49:36.049+0530] {dag.py:3954} INFO - Setting next_dagrun for example_python_operator to None, run_after=None
[2026-04-02T05:49:36.062+0530] {processor.py:183} INFO - Processing /Users/aswin/Documents/data-engineering-practice/ETL_Airflow_DBT/airflow/airflow_env/lib/python3.11/site-packages/airflow/example_dags/example_python_operator.py took 0.085 seconds
[2026-04-02T05:50:07.326+0530] {processor.py:161} INFO - Started process (PID=24024) to work on /Users/aswin/Documents/data-engineering-practice/ETL_Airflow_DBT/airflow/airflow_env/lib/python3.11/site-packages/airflow/example_dags/example_python_operator.py
[2026-04-02T05:50:07.327+0530] {processor.py:830} INFO - Processing file /Users/aswin/Documents/data-engineering-practice/ETL_Airflow_DBT/airflow/airflow_env/lib/python3.11/site-packages/airflow/example_dags/example_python_operator.py for tasks to queue
[2026-04-02T05:50:07.327+0530] {logging_mixin.py:188} INFO - [2026-04-02T05:50:07.327+0530] {dagbag.py:540} INFO - Filling up the DagBag from /Users/aswin/Documents/data-engineering-practice/ETL_Airflow_DBT/airflow/airflow_env/lib/python3.11/site-packages/airflow/example_dags/example_python_operator.py
[2026-04-02T05:50:07.338+0530] {logging_mixin.py:188} INFO - [2026-04-02T05:50:07.338+0530] {example_python_operator.py:93} WARNING - The virtalenv_python example task requires virtualenv, please install it.
[2026-04-02T05:50:07.339+0530] {processor.py:840} INFO - DAG(s) 'example_python_operator' retrieved from /Users/aswin/Documents/data-engineering-practice/ETL_Airflow_DBT/airflow/airflow_env/lib/python3.11/site-packages/airflow/example_dags/example_python_operator.py
[2026-04-02T05:50:07.390+0530] {logging_mixin.py:188} INFO - [2026-04-02T05:50:07.390+0530] {dag.py:3096} INFO - Sync 1 DAGs
[2026-04-02T05:50:07.396+0530] {logging_mixin.py:188} INFO - [2026-04-02T05:50:07.396+0530] {dag.py:3954} INFO - Setting next_dagrun for example_python_operator to None, run_after=None
[2026-04-02T05:50:07.405+0530] {processor.py:183} INFO - Processing /Users/aswin/Documents/data-engineering-practice/ETL_Airflow_DBT/airflow/airflow_env/lib/python3.11/site-packages/airflow/example_dags/example_python_operator.py took 0.079 seconds
[2026-04-02T05:50:38.295+0530] {processor.py:161} INFO - Started process (PID=24154) to work on /Users/aswin/Documents/data-engineering-practice/ETL_Airflow_DBT/airflow/airflow_env/lib/python3.11/site-packages/airflow/example_dags/example_python_operator.py
[2026-04-02T05:50:38.296+0530] {processor.py:830} INFO - Processing file /Users/aswin/Documents/data-engineering-practice/ETL_Airflow_DBT/airflow/airflow_env/lib/python3.11/site-packages/airflow/example_dags/example_python_operator.py for tasks to queue
[2026-04-02T05:50:38.296+0530] {logging_mixin.py:188} INFO - [2026-04-02T05:50:38.296+0530] {dagbag.py:540} INFO - Filling up the DagBag from /Users/aswin/Documents/data-engineering-practice/ETL_Airflow_DBT/airflow/airflow_env/lib/python3.11/site-packages/airflow/example_dags/example_python_operator.py
[2026-04-02T05:50:38.307+0530] {logging_mixin.py:188} INFO - [2026-04-02T05:50:38.307+0530] {example_python_operator.py:93} WARNING - The virtalenv_python example task requires virtualenv, please install it.
[2026-04-02T05:50:38.308+0530] {processor.py:840} INFO - DAG(s) 'example_python_operator' retrieved from /Users/aswin/Documents/data-engineering-practice/ETL_Airflow_DBT/airflow/airflow_env/lib/python3.11/site-packages/airflow/example_dags/example_python_operator.py
[2026-04-02T05:50:38.360+0530] {logging_mixin.py:188} INFO - [2026-04-02T05:50:38.360+0530] {dag.py:3096} INFO - Sync 1 DAGs
[2026-04-02T05:50:38.366+0530] {logging_mixin.py:188} INFO - [2026-04-02T05:50:38.366+0530] {dag.py:3954} INFO - Setting next_dagrun for example_python_operator to None, run_after=None
[2026-04-02T05:50:38.375+0530] {processor.py:183} INFO - Processing /Users/aswin/Documents/data-engineering-practice/ETL_Airflow_DBT/airflow/airflow_env/lib/python3.11/site-packages/airflow/example_dags/example_python_operator.py took 0.081 seconds
[2026-04-02T05:51:09.239+0530] {processor.py:161} INFO - Started process (PID=24290) to work on /Users/aswin/Documents/data-engineering-practice/ETL_Airflow_DBT/airflow/airflow_env/lib/python3.11/site-packages/airflow/example_dags/example_python_operator.py
[2026-04-02T05:51:09.239+0530] {processor.py:830} INFO - Processing file /Users/aswin/Documents/data-engineering-practice/ETL_Airflow_DBT/airflow/airflow_env/lib/python3.11/site-packages/airflow/example_dags/example_python_operator.py for tasks to queue
[2026-04-02T05:51:09.240+0530] {logging_mixin.py:188} INFO - [2026-04-02T05:51:09.240+0530] {dagbag.py:540} INFO - Filling up the DagBag from /Users/aswin/Documents/data-engineering-practice/ETL_Airflow_DBT/airflow/airflow_env/lib/python3.11/site-packages/airflow/example_dags/example_python_operator.py
[2026-04-02T05:51:09.251+0530] {logging_mixin.py:188} INFO - [2026-04-02T05:51:09.251+0530] {example_python_operator.py:93} WARNING - The virtalenv_python example task requires virtualenv, please install it.
[2026-04-02T05:51:09.252+0530] {processor.py:840} INFO - DAG(s) 'example_python_operator' retrieved from /Users/aswin/Documents/data-engineering-practice/ETL_Airflow_DBT/airflow/airflow_env/lib/python3.11/site-packages/airflow/example_dags/example_python_operator.py
[2026-04-02T05:51:09.304+0530] {logging_mixin.py:188} INFO - [2026-04-02T05:51:09.304+0530] {dag.py:3096} INFO - Sync 1 DAGs
[2026-04-02T05:51:09.309+0530] {logging_mixin.py:188} INFO - [2026-04-02T05:51:09.309+0530] {dag.py:3954} INFO - Setting next_dagrun for example_python_operator to None, run_after=None
[2026-04-02T05:51:09.317+0530] {processor.py:183} INFO - Processing /Users/aswin/Documents/data-engineering-practice/ETL_Airflow_DBT/airflow/airflow_env/lib/python3.11/site-packages/airflow/example_dags/example_python_operator.py took 0.080 seconds
[2026-04-02T05:51:40.069+0530] {processor.py:161} INFO - Started process (PID=24414) to work on /Users/aswin/Documents/data-engineering-practice/ETL_Airflow_DBT/airflow/airflow_env/lib/python3.11/site-packages/airflow/example_dags/example_python_operator.py
[2026-04-02T05:51:40.070+0530] {processor.py:830} INFO - Processing file /Users/aswin/Documents/data-engineering-practice/ETL_Airflow_DBT/airflow/airflow_env/lib/python3.11/site-packages/airflow/example_dags/example_python_operator.py for tasks to queue
[2026-04-02T05:51:40.070+0530] {logging_mixin.py:188} INFO - [2026-04-02T05:51:40.070+0530] {dagbag.py:540} INFO - Filling up the DagBag from /Users/aswin/Documents/data-engineering-practice/ETL_Airflow_DBT/airflow/airflow_env/lib/python3.11/site-packages/airflow/example_dags/example_python_operator.py
[2026-04-02T05:51:40.082+0530] {logging_mixin.py:188} INFO - [2026-04-02T05:51:40.082+0530] {example_python_operator.py:93} WARNING - The virtalenv_python example task requires virtualenv, please install it.
[2026-04-02T05:51:40.083+0530] {processor.py:840} INFO - DAG(s) 'example_python_operator' retrieved from /Users/aswin/Documents/data-engineering-practice/ETL_Airflow_DBT/airflow/airflow_env/lib/python3.11/site-packages/airflow/example_dags/example_python_operator.py
[2026-04-02T05:51:40.136+0530] {logging_mixin.py:188} INFO - [2026-04-02T05:51:40.136+0530] {dag.py:3096} INFO - Sync 1 DAGs
[2026-04-02T05:51:40.143+0530] {logging_mixin.py:188} INFO - [2026-04-02T05:51:40.143+0530] {dag.py:3954} INFO - Setting next_dagrun for example_python_operator to None, run_after=None
[2026-04-02T05:51:40.152+0530] {processor.py:183} INFO - Processing /Users/aswin/Documents/data-engineering-practice/ETL_Airflow_DBT/airflow/airflow_env/lib/python3.11/site-packages/airflow/example_dags/example_python_operator.py took 0.084 seconds
[2026-04-02T05:52:11.072+0530] {processor.py:161} INFO - Started process (PID=24540) to work on /Users/aswin/Documents/data-engineering-practice/ETL_Airflow_DBT/airflow/airflow_env/lib/python3.11/site-packages/airflow/example_dags/example_python_operator.py
[2026-04-02T05:52:11.072+0530] {processor.py:830} INFO - Processing file /Users/aswin/Documents/data-engineering-practice/ETL_Airflow_DBT/airflow/airflow_env/lib/python3.11/site-packages/airflow/example_dags/example_python_operator.py for tasks to queue
[2026-04-02T05:52:11.073+0530] {logging_mixin.py:188} INFO - [2026-04-02T05:52:11.072+0530] {dagbag.py:540} INFO - Filling up the DagBag from /Users/aswin/Documents/data-engineering-practice/ETL_Airflow_DBT/airflow/airflow_env/lib/python3.11/site-packages/airflow/example_dags/example_python_operator.py
[2026-04-02T05:52:11.083+0530] {logging_mixin.py:188} INFO - [2026-04-02T05:52:11.083+0530] {example_python_operator.py:93} WARNING - The virtalenv_python example task requires virtualenv, please install it.
[2026-04-02T05:52:11.085+0530] {processor.py:840} INFO - DAG(s) 'example_python_operator' retrieved from /Users/aswin/Documents/data-engineering-practice/ETL_Airflow_DBT/airflow/airflow_env/lib/python3.11/site-packages/airflow/example_dags/example_python_operator.py
[2026-04-02T05:52:11.134+0530] {logging_mixin.py:188} INFO - [2026-04-02T05:52:11.134+0530] {dag.py:3096} INFO - Sync 1 DAGs
[2026-04-02T05:52:11.140+0530] {logging_mixin.py:188} INFO - [2026-04-02T05:52:11.140+0530] {dag.py:3954} INFO - Setting next_dagrun for example_python_operator to None, run_after=None
[2026-04-02T05:52:11.147+0530] {processor.py:183} INFO - Processing /Users/aswin/Documents/data-engineering-practice/ETL_Airflow_DBT/airflow/airflow_env/lib/python3.11/site-packages/airflow/example_dags/example_python_operator.py took 0.077 seconds
[2026-04-02T05:52:42.222+0530] {processor.py:161} INFO - Started process (PID=24665) to work on /Users/aswin/Documents/data-engineering-practice/ETL_Airflow_DBT/airflow/airflow_env/lib/python3.11/site-packages/airflow/example_dags/example_python_operator.py
[2026-04-02T05:52:42.223+0530] {processor.py:830} INFO - Processing file /Users/aswin/Documents/data-engineering-practice/ETL_Airflow_DBT/airflow/airflow_env/lib/python3.11/site-packages/airflow/example_dags/example_python_operator.py for tasks to queue
[2026-04-02T05:52:42.223+0530] {logging_mixin.py:188} INFO - [2026-04-02T05:52:42.223+0530] {dagbag.py:540} INFO - Filling up the DagBag from /Users/aswin/Documents/data-engineering-practice/ETL_Airflow_DBT/airflow/airflow_env/lib/python3.11/site-packages/airflow/example_dags/example_python_operator.py
[2026-04-02T05:52:42.234+0530] {logging_mixin.py:188} INFO - [2026-04-02T05:52:42.234+0530] {example_python_operator.py:93} WARNING - The virtalenv_python example task requires virtualenv, please install it.
[2026-04-02T05:52:42.236+0530] {processor.py:840} INFO - DAG(s) 'example_python_operator' retrieved from /Users/aswin/Documents/data-engineering-practice/ETL_Airflow_DBT/airflow/airflow_env/lib/python3.11/site-packages/airflow/example_dags/example_python_operator.py
[2026-04-02T05:52:42.290+0530] {logging_mixin.py:188} INFO - [2026-04-02T05:52:42.290+0530] {dag.py:3096} INFO - Sync 1 DAGs
[2026-04-02T05:52:42.297+0530] {logging_mixin.py:188} INFO - [2026-04-02T05:52:42.296+0530] {dag.py:3954} INFO - Setting next_dagrun for example_python_operator to None, run_after=None
[2026-04-02T05:52:42.305+0530] {processor.py:183} INFO - Processing /Users/aswin/Documents/data-engineering-practice/ETL_Airflow_DBT/airflow/airflow_env/lib/python3.11/site-packages/airflow/example_dags/example_python_operator.py took 0.084 seconds
[2026-04-02T05:53:13.588+0530] {processor.py:161} INFO - Started process (PID=24790) to work on /Users/aswin/Documents/data-engineering-practice/ETL_Airflow_DBT/airflow/airflow_env/lib/python3.11/site-packages/airflow/example_dags/example_python_operator.py
[2026-04-02T05:53:13.589+0530] {processor.py:830} INFO - Processing file /Users/aswin/Documents/data-engineering-practice/ETL_Airflow_DBT/airflow/airflow_env/lib/python3.11/site-packages/airflow/example_dags/example_python_operator.py for tasks to queue
[2026-04-02T05:53:13.589+0530] {logging_mixin.py:188} INFO - [2026-04-02T05:53:13.589+0530] {dagbag.py:540} INFO - Filling up the DagBag from /Users/aswin/Documents/data-engineering-practice/ETL_Airflow_DBT/airflow/airflow_env/lib/python3.11/site-packages/airflow/example_dags/example_python_operator.py
[2026-04-02T05:53:13.600+0530] {logging_mixin.py:188} INFO - [2026-04-02T05:53:13.600+0530] {example_python_operator.py:93} WARNING - The virtalenv_python example task requires virtualenv, please install it.
[2026-04-02T05:53:13.601+0530] {processor.py:840} INFO - DAG(s) 'example_python_operator' retrieved from /Users/aswin/Documents/data-engineering-practice/ETL_Airflow_DBT/airflow/airflow_env/lib/python3.11/site-packages/airflow/example_dags/example_python_operator.py
[2026-04-02T05:53:13.655+0530] {logging_mixin.py:188} INFO - [2026-04-02T05:53:13.655+0530] {dag.py:3096} INFO - Sync 1 DAGs
[2026-04-02T05:53:13.661+0530] {logging_mixin.py:188} INFO - [2026-04-02T05:53:13.661+0530] {dag.py:3954} INFO - Setting next_dagrun for example_python_operator to None, run_after=None
[2026-04-02T05:53:13.669+0530] {processor.py:183} INFO - Processing /Users/aswin/Documents/data-engineering-practice/ETL_Airflow_DBT/airflow/airflow_env/lib/python3.11/site-packages/airflow/example_dags/example_python_operator.py took 0.083 seconds
[2026-04-02T05:53:44.994+0530] {processor.py:161} INFO - Started process (PID=24918) to work on /Users/aswin/Documents/data-engineering-practice/ETL_Airflow_DBT/airflow/airflow_env/lib/python3.11/site-packages/airflow/example_dags/example_python_operator.py
[2026-04-02T05:53:44.995+0530] {processor.py:830} INFO - Processing file /Users/aswin/Documents/data-engineering-practice/ETL_Airflow_DBT/airflow/airflow_env/lib/python3.11/site-packages/airflow/example_dags/example_python_operator.py for tasks to queue
[2026-04-02T05:53:44.995+0530] {logging_mixin.py:188} INFO - [2026-04-02T05:53:44.995+0530] {dagbag.py:540} INFO - Filling up the DagBag from /Users/aswin/Documents/data-engineering-practice/ETL_Airflow_DBT/airflow/airflow_env/lib/python3.11/site-packages/airflow/example_dags/example_python_operator.py
[2026-04-02T05:53:45.006+0530] {logging_mixin.py:188} INFO - [2026-04-02T05:53:45.006+0530] {example_python_operator.py:93} WARNING - The virtalenv_python example task requires virtualenv, please install it.
[2026-04-02T05:53:45.007+0530] {processor.py:840} INFO - DAG(s) 'example_python_operator' retrieved from /Users/aswin/Documents/data-engineering-practice/ETL_Airflow_DBT/airflow/airflow_env/lib/python3.11/site-packages/airflow/example_dags/example_python_operator.py
[2026-04-02T05:53:45.062+0530] {logging_mixin.py:188} INFO - [2026-04-02T05:53:45.062+0530] {dag.py:3096} INFO - Sync 1 DAGs
[2026-04-02T05:53:45.068+0530] {logging_mixin.py:188} INFO - [2026-04-02T05:53:45.068+0530] {dag.py:3954} INFO - Setting next_dagrun for example_python_operator to None, run_after=None
[2026-04-02T05:53:45.077+0530] {processor.py:183} INFO - Processing /Users/aswin/Documents/data-engineering-practice/ETL_Airflow_DBT/airflow/airflow_env/lib/python3.11/site-packages/airflow/example_dags/example_python_operator.py took 0.084 seconds
[2026-04-02T05:54:16.302+0530] {processor.py:161} INFO - Started process (PID=25054) to work on /Users/aswin/Documents/data-engineering-practice/ETL_Airflow_DBT/airflow/airflow_env/lib/python3.11/site-packages/airflow/example_dags/example_python_operator.py
[2026-04-02T05:54:16.303+0530] {processor.py:830} INFO - Processing file /Users/aswin/Documents/data-engineering-practice/ETL_Airflow_DBT/airflow/airflow_env/lib/python3.11/site-packages/airflow/example_dags/example_python_operator.py for tasks to queue
[2026-04-02T05:54:16.303+0530] {logging_mixin.py:188} INFO - [2026-04-02T05:54:16.303+0530] {dagbag.py:540} INFO - Filling up the DagBag from /Users/aswin/Documents/data-engineering-practice/ETL_Airflow_DBT/airflow/airflow_env/lib/python3.11/site-packages/airflow/example_dags/example_python_operator.py
[2026-04-02T05:54:16.315+0530] {logging_mixin.py:188} INFO - [2026-04-02T05:54:16.315+0530] {example_python_operator.py:93} WARNING - The virtalenv_python example task requires virtualenv, please install it.
[2026-04-02T05:54:16.316+0530] {processor.py:840} INFO - DAG(s) 'example_python_operator' retrieved from /Users/aswin/Documents/data-engineering-practice/ETL_Airflow_DBT/airflow/airflow_env/lib/python3.11/site-packages/airflow/example_dags/example_python_operator.py
[2026-04-02T05:54:16.370+0530] {logging_mixin.py:188} INFO - [2026-04-02T05:54:16.370+0530] {dag.py:3096} INFO - Sync 1 DAGs
[2026-04-02T05:54:16.375+0530] {logging_mixin.py:188} INFO - [2026-04-02T05:54:16.375+0530] {dag.py:3954} INFO - Setting next_dagrun for example_python_operator to None, run_after=None
[2026-04-02T05:54:16.385+0530] {processor.py:183} INFO - Processing /Users/aswin/Documents/data-engineering-practice/ETL_Airflow_DBT/airflow/airflow_env/lib/python3.11/site-packages/airflow/example_dags/example_python_operator.py took 0.084 seconds
[2026-04-02T05:54:47.308+0530] {processor.py:161} INFO - Started process (PID=25189) to work on /Users/aswin/Documents/data-engineering-practice/ETL_Airflow_DBT/airflow/airflow_env/lib/python3.11/site-packages/airflow/example_dags/example_python_operator.py
[2026-04-02T05:54:47.308+0530] {processor.py:830} INFO - Processing file /Users/aswin/Documents/data-engineering-practice/ETL_Airflow_DBT/airflow/airflow_env/lib/python3.11/site-packages/airflow/example_dags/example_python_operator.py for tasks to queue
[2026-04-02T05:54:47.309+0530] {logging_mixin.py:188} INFO - [2026-04-02T05:54:47.309+0530] {dagbag.py:540} INFO - Filling up the DagBag from /Users/aswin/Documents/data-engineering-practice/ETL_Airflow_DBT/airflow/airflow_env/lib/python3.11/site-packages/airflow/example_dags/example_python_operator.py
[2026-04-02T05:54:47.321+0530] {logging_mixin.py:188} INFO - [2026-04-02T05:54:47.321+0530] {example_python_operator.py:93} WARNING - The virtalenv_python example task requires virtualenv, please install it.
[2026-04-02T05:54:47.323+0530] {processor.py:840} INFO - DAG(s) 'example_python_operator' retrieved from /Users/aswin/Documents/data-engineering-practice/ETL_Airflow_DBT/airflow/airflow_env/lib/python3.11/site-packages/airflow/example_dags/example_python_operator.py
[2026-04-02T05:54:47.377+0530] {logging_mixin.py:188} INFO - [2026-04-02T05:54:47.377+0530] {dag.py:3096} INFO - Sync 1 DAGs
[2026-04-02T05:54:47.382+0530] {logging_mixin.py:188} INFO - [2026-04-02T05:54:47.382+0530] {dag.py:3954} INFO - Setting next_dagrun for example_python_operator to None, run_after=None
[2026-04-02T05:54:47.390+0530] {processor.py:183} INFO - Processing /Users/aswin/Documents/data-engineering-practice/ETL_Airflow_DBT/airflow/airflow_env/lib/python3.11/site-packages/airflow/example_dags/example_python_operator.py took 0.083 seconds
[2026-04-02T05:55:18.175+0530] {processor.py:161} INFO - Started process (PID=25313) to work on /Users/aswin/Documents/data-engineering-practice/ETL_Airflow_DBT/airflow/airflow_env/lib/python3.11/site-packages/airflow/example_dags/example_python_operator.py
[2026-04-02T05:55:18.176+0530] {processor.py:830} INFO - Processing file /Users/aswin/Documents/data-engineering-practice/ETL_Airflow_DBT/airflow/airflow_env/lib/python3.11/site-packages/airflow/example_dags/example_python_operator.py for tasks to queue
[2026-04-02T05:55:18.176+0530] {logging_mixin.py:188} INFO - [2026-04-02T05:55:18.176+0530] {dagbag.py:540} INFO - Filling up the DagBag from /Users/aswin/Documents/data-engineering-practice/ETL_Airflow_DBT/airflow/airflow_env/lib/python3.11/site-packages/airflow/example_dags/example_python_operator.py
[2026-04-02T05:55:18.187+0530] {logging_mixin.py:188} INFO - [2026-04-02T05:55:18.187+0530] {example_python_operator.py:93} WARNING - The virtalenv_python example task requires virtualenv, please install it.
[2026-04-02T05:55:18.188+0530] {processor.py:840} INFO - DAG(s) 'example_python_operator' retrieved from /Users/aswin/Documents/data-engineering-practice/ETL_Airflow_DBT/airflow/airflow_env/lib/python3.11/site-packages/airflow/example_dags/example_python_operator.py
[2026-04-02T05:55:18.247+0530] {logging_mixin.py:188} INFO - [2026-04-02T05:55:18.247+0530] {dag.py:3096} INFO - Sync 1 DAGs
[2026-04-02T05:55:18.253+0530] {logging_mixin.py:188} INFO - [2026-04-02T05:55:18.253+0530] {dag.py:3954} INFO - Setting next_dagrun for example_python_operator to None, run_after=None
[2026-04-02T05:55:18.262+0530] {processor.py:183} INFO - Processing /Users/aswin/Documents/data-engineering-practice/ETL_Airflow_DBT/airflow/airflow_env/lib/python3.11/site-packages/airflow/example_dags/example_python_operator.py took 0.088 seconds
[2026-04-02T05:55:49.118+0530] {processor.py:161} INFO - Started process (PID=25486) to work on /Users/aswin/Documents/data-engineering-practice/ETL_Airflow_DBT/airflow/airflow_env/lib/python3.11/site-packages/airflow/example_dags/example_python_operator.py
[2026-04-02T05:55:49.119+0530] {processor.py:830} INFO - Processing file /Users/aswin/Documents/data-engineering-practice/ETL_Airflow_DBT/airflow/airflow_env/lib/python3.11/site-packages/airflow/example_dags/example_python_operator.py for tasks to queue
[2026-04-02T05:55:49.119+0530] {logging_mixin.py:188} INFO - [2026-04-02T05:55:49.119+0530] {dagbag.py:540} INFO - Filling up the DagBag from /Users/aswin/Documents/data-engineering-practice/ETL_Airflow_DBT/airflow/airflow_env/lib/python3.11/site-packages/airflow/example_dags/example_python_operator.py
[2026-04-02T05:55:49.131+0530] {logging_mixin.py:188} INFO - [2026-04-02T05:55:49.131+0530] {example_python_operator.py:93} WARNING - The virtalenv_python example task requires virtualenv, please install it.
[2026-04-02T05:55:49.132+0530] {processor.py:840} INFO - DAG(s) 'example_python_operator' retrieved from /Users/aswin/Documents/data-engineering-practice/ETL_Airflow_DBT/airflow/airflow_env/lib/python3.11/site-packages/airflow/example_dags/example_python_operator.py
[2026-04-02T05:55:49.185+0530] {logging_mixin.py:188} INFO - [2026-04-02T05:55:49.185+0530] {dag.py:3096} INFO - Sync 1 DAGs
[2026-04-02T05:55:49.191+0530] {logging_mixin.py:188} INFO - [2026-04-02T05:55:49.191+0530] {dag.py:3954} INFO - Setting next_dagrun for example_python_operator to None, run_after=None
[2026-04-02T05:55:49.209+0530] {processor.py:183} INFO - Processing /Users/aswin/Documents/data-engineering-practice/ETL_Airflow_DBT/airflow/airflow_env/lib/python3.11/site-packages/airflow/example_dags/example_python_operator.py took 0.092 seconds
[2026-04-02T05:56:20.160+0530] {processor.py:161} INFO - Started process (PID=25618) to work on /Users/aswin/Documents/data-engineering-practice/ETL_Airflow_DBT/airflow/airflow_env/lib/python3.11/site-packages/airflow/example_dags/example_python_operator.py
[2026-04-02T05:56:20.161+0530] {processor.py:830} INFO - Processing file /Users/aswin/Documents/data-engineering-practice/ETL_Airflow_DBT/airflow/airflow_env/lib/python3.11/site-packages/airflow/example_dags/example_python_operator.py for tasks to queue
[2026-04-02T05:56:20.161+0530] {logging_mixin.py:188} INFO - [2026-04-02T05:56:20.161+0530] {dagbag.py:540} INFO - Filling up the DagBag from /Users/aswin/Documents/data-engineering-practice/ETL_Airflow_DBT/airflow/airflow_env/lib/python3.11/site-packages/airflow/example_dags/example_python_operator.py
[2026-04-02T05:56:20.172+0530] {logging_mixin.py:188} INFO - [2026-04-02T05:56:20.172+0530] {example_python_operator.py:93} WARNING - The virtalenv_python example task requires virtualenv, please install it.
[2026-04-02T05:56:20.174+0530] {processor.py:840} INFO - DAG(s) 'example_python_operator' retrieved from /Users/aswin/Documents/data-engineering-practice/ETL_Airflow_DBT/airflow/airflow_env/lib/python3.11/site-packages/airflow/example_dags/example_python_operator.py
[2026-04-02T05:56:20.227+0530] {logging_mixin.py:188} INFO - [2026-04-02T05:56:20.227+0530] {dag.py:3096} INFO - Sync 1 DAGs
[2026-04-02T05:56:20.239+0530] {logging_mixin.py:188} INFO - [2026-04-02T05:56:20.239+0530] {dag.py:3954} INFO - Setting next_dagrun for example_python_operator to None, run_after=None
[2026-04-02T05:56:20.248+0530] {processor.py:183} INFO - Processing /Users/aswin/Documents/data-engineering-practice/ETL_Airflow_DBT/airflow/airflow_env/lib/python3.11/site-packages/airflow/example_dags/example_python_operator.py took 0.089 seconds
[2026-04-02T05:56:51.453+0530] {processor.py:161} INFO - Started process (PID=25743) to work on /Users/aswin/Documents/data-engineering-practice/ETL_Airflow_DBT/airflow/airflow_env/lib/python3.11/site-packages/airflow/example_dags/example_python_operator.py
[2026-04-02T05:56:51.454+0530] {processor.py:830} INFO - Processing file /Users/aswin/Documents/data-engineering-practice/ETL_Airflow_DBT/airflow/airflow_env/lib/python3.11/site-packages/airflow/example_dags/example_python_operator.py for tasks to queue
[2026-04-02T05:56:51.454+0530] {logging_mixin.py:188} INFO - [2026-04-02T05:56:51.454+0530] {dagbag.py:540} INFO - Filling up the DagBag from /Users/aswin/Documents/data-engineering-practice/ETL_Airflow_DBT/airflow/airflow_env/lib/python3.11/site-packages/airflow/example_dags/example_python_operator.py
[2026-04-02T05:56:51.465+0530] {logging_mixin.py:188} INFO - [2026-04-02T05:56:51.465+0530] {example_python_operator.py:93} WARNING - The virtalenv_python example task requires virtualenv, please install it.
[2026-04-02T05:56:51.467+0530] {processor.py:840} INFO - DAG(s) 'example_python_operator' retrieved from /Users/aswin/Documents/data-engineering-practice/ETL_Airflow_DBT/airflow/airflow_env/lib/python3.11/site-packages/airflow/example_dags/example_python_operator.py
[2026-04-02T05:56:51.520+0530] {logging_mixin.py:188} INFO - [2026-04-02T05:56:51.520+0530] {dag.py:3096} INFO - Sync 1 DAGs
[2026-04-02T05:56:51.527+0530] {logging_mixin.py:188} INFO - [2026-04-02T05:56:51.526+0530] {dag.py:3954} INFO - Setting next_dagrun for example_python_operator to None, run_after=None
[2026-04-02T05:56:51.535+0530] {processor.py:183} INFO - Processing /Users/aswin/Documents/data-engineering-practice/ETL_Airflow_DBT/airflow/airflow_env/lib/python3.11/site-packages/airflow/example_dags/example_python_operator.py took 0.083 seconds
[2026-04-02T05:57:22.617+0530] {processor.py:161} INFO - Started process (PID=25868) to work on /Users/aswin/Documents/data-engineering-practice/ETL_Airflow_DBT/airflow/airflow_env/lib/python3.11/site-packages/airflow/example_dags/example_python_operator.py
[2026-04-02T05:57:22.618+0530] {processor.py:830} INFO - Processing file /Users/aswin/Documents/data-engineering-practice/ETL_Airflow_DBT/airflow/airflow_env/lib/python3.11/site-packages/airflow/example_dags/example_python_operator.py for tasks to queue
[2026-04-02T05:57:22.618+0530] {logging_mixin.py:188} INFO - [2026-04-02T05:57:22.618+0530] {dagbag.py:540} INFO - Filling up the DagBag from /Users/aswin/Documents/data-engineering-practice/ETL_Airflow_DBT/airflow/airflow_env/lib/python3.11/site-packages/airflow/example_dags/example_python_operator.py
[2026-04-02T05:57:22.629+0530] {logging_mixin.py:188} INFO - [2026-04-02T05:57:22.629+0530] {example_python_operator.py:93} WARNING - The virtalenv_python example task requires virtualenv, please install it.
[2026-04-02T05:57:22.631+0530] {processor.py:840} INFO - DAG(s) 'example_python_operator' retrieved from /Users/aswin/Documents/data-engineering-practice/ETL_Airflow_DBT/airflow/airflow_env/lib/python3.11/site-packages/airflow/example_dags/example_python_operator.py
[2026-04-02T05:57:22.683+0530] {logging_mixin.py:188} INFO - [2026-04-02T05:57:22.683+0530] {dag.py:3096} INFO - Sync 1 DAGs
[2026-04-02T05:57:22.689+0530] {logging_mixin.py:188} INFO - [2026-04-02T05:57:22.689+0530] {dag.py:3954} INFO - Setting next_dagrun for example_python_operator to None, run_after=None
[2026-04-02T05:57:22.697+0530] {processor.py:183} INFO - Processing /Users/aswin/Documents/data-engineering-practice/ETL_Airflow_DBT/airflow/airflow_env/lib/python3.11/site-packages/airflow/example_dags/example_python_operator.py took 0.081 seconds
[2026-04-02T05:57:53.872+0530] {processor.py:161} INFO - Started process (PID=26001) to work on /Users/aswin/Documents/data-engineering-practice/ETL_Airflow_DBT/airflow/airflow_env/lib/python3.11/site-packages/airflow/example_dags/example_python_operator.py
[2026-04-02T05:57:53.873+0530] {processor.py:830} INFO - Processing file /Users/aswin/Documents/data-engineering-practice/ETL_Airflow_DBT/airflow/airflow_env/lib/python3.11/site-packages/airflow/example_dags/example_python_operator.py for tasks to queue
[2026-04-02T05:57:53.873+0530] {logging_mixin.py:188} INFO - [2026-04-02T05:57:53.873+0530] {dagbag.py:540} INFO - Filling up the DagBag from /Users/aswin/Documents/data-engineering-practice/ETL_Airflow_DBT/airflow/airflow_env/lib/python3.11/site-packages/airflow/example_dags/example_python_operator.py
[2026-04-02T05:57:53.884+0530] {logging_mixin.py:188} INFO - [2026-04-02T05:57:53.884+0530] {example_python_operator.py:93} WARNING - The virtalenv_python example task requires virtualenv, please install it.
[2026-04-02T05:57:53.885+0530] {processor.py:840} INFO - DAG(s) 'example_python_operator' retrieved from /Users/aswin/Documents/data-engineering-practice/ETL_Airflow_DBT/airflow/airflow_env/lib/python3.11/site-packages/airflow/example_dags/example_python_operator.py
[2026-04-02T05:57:53.937+0530] {logging_mixin.py:188} INFO - [2026-04-02T05:57:53.937+0530] {dag.py:3096} INFO - Sync 1 DAGs
[2026-04-02T05:57:53.944+0530] {logging_mixin.py:188} INFO - [2026-04-02T05:57:53.944+0530] {dag.py:3954} INFO - Setting next_dagrun for example_python_operator to None, run_after=None
[2026-04-02T05:57:53.953+0530] {processor.py:183} INFO - Processing /Users/aswin/Documents/data-engineering-practice/ETL_Airflow_DBT/airflow/airflow_env/lib/python3.11/site-packages/airflow/example_dags/example_python_operator.py took 0.082 seconds
[2026-04-02T05:58:25.081+0530] {processor.py:161} INFO - Started process (PID=26126) to work on /Users/aswin/Documents/data-engineering-practice/ETL_Airflow_DBT/airflow/airflow_env/lib/python3.11/site-packages/airflow/example_dags/example_python_operator.py
[2026-04-02T05:58:25.081+0530] {processor.py:830} INFO - Processing file /Users/aswin/Documents/data-engineering-practice/ETL_Airflow_DBT/airflow/airflow_env/lib/python3.11/site-packages/airflow/example_dags/example_python_operator.py for tasks to queue
[2026-04-02T05:58:25.081+0530] {logging_mixin.py:188} INFO - [2026-04-02T05:58:25.081+0530] {dagbag.py:540} INFO - Filling up the DagBag from /Users/aswin/Documents/data-engineering-practice/ETL_Airflow_DBT/airflow/airflow_env/lib/python3.11/site-packages/airflow/example_dags/example_python_operator.py
[2026-04-02T05:58:25.092+0530] {logging_mixin.py:188} INFO - [2026-04-02T05:58:25.092+0530] {example_python_operator.py:93} WARNING - The virtalenv_python example task requires virtualenv, please install it.
[2026-04-02T05:58:25.093+0530] {processor.py:840} INFO - DAG(s) 'example_python_operator' retrieved from /Users/aswin/Documents/data-engineering-practice/ETL_Airflow_DBT/airflow/airflow_env/lib/python3.11/site-packages/airflow/example_dags/example_python_operator.py
[2026-04-02T05:58:25.148+0530] {logging_mixin.py:188} INFO - [2026-04-02T05:58:25.148+0530] {dag.py:3096} INFO - Sync 1 DAGs
[2026-04-02T05:58:25.156+0530] {logging_mixin.py:188} INFO - [2026-04-02T05:58:25.155+0530] {dag.py:3954} INFO - Setting next_dagrun for example_python_operator to None, run_after=None
[2026-04-02T05:58:25.164+0530] {processor.py:183} INFO - Processing /Users/aswin/Documents/data-engineering-practice/ETL_Airflow_DBT/airflow/airflow_env/lib/python3.11/site-packages/airflow/example_dags/example_python_operator.py took 0.085 seconds
[2026-04-02T05:58:56.339+0530] {processor.py:161} INFO - Started process (PID=26251) to work on /Users/aswin/Documents/data-engineering-practice/ETL_Airflow_DBT/airflow/airflow_env/lib/python3.11/site-packages/airflow/example_dags/example_python_operator.py
[2026-04-02T05:58:56.339+0530] {processor.py:830} INFO - Processing file /Users/aswin/Documents/data-engineering-practice/ETL_Airflow_DBT/airflow/airflow_env/lib/python3.11/site-packages/airflow/example_dags/example_python_operator.py for tasks to queue
[2026-04-02T05:58:56.340+0530] {logging_mixin.py:188} INFO - [2026-04-02T05:58:56.340+0530] {dagbag.py:540} INFO - Filling up the DagBag from /Users/aswin/Documents/data-engineering-practice/ETL_Airflow_DBT/airflow/airflow_env/lib/python3.11/site-packages/airflow/example_dags/example_python_operator.py
[2026-04-02T05:58:56.350+0530] {logging_mixin.py:188} INFO - [2026-04-02T05:58:56.350+0530] {example_python_operator.py:93} WARNING - The virtalenv_python example task requires virtualenv, please install it.
[2026-04-02T05:58:56.352+0530] {processor.py:840} INFO - DAG(s) 'example_python_operator' retrieved from /Users/aswin/Documents/data-engineering-practice/ETL_Airflow_DBT/airflow/airflow_env/lib/python3.11/site-packages/airflow/example_dags/example_python_operator.py
[2026-04-02T05:58:56.403+0530] {logging_mixin.py:188} INFO - [2026-04-02T05:58:56.403+0530] {dag.py:3096} INFO - Sync 1 DAGs
[2026-04-02T05:58:56.409+0530] {logging_mixin.py:188} INFO - [2026-04-02T05:58:56.409+0530] {dag.py:3954} INFO - Setting next_dagrun for example_python_operator to None, run_after=None
[2026-04-02T05:58:56.417+0530] {processor.py:183} INFO - Processing /Users/aswin/Documents/data-engineering-practice/ETL_Airflow_DBT/airflow/airflow_env/lib/python3.11/site-packages/airflow/example_dags/example_python_operator.py took 0.079 seconds
[2026-04-02T05:59:27.332+0530] {processor.py:161} INFO - Started process (PID=26385) to work on /Users/aswin/Documents/data-engineering-practice/ETL_Airflow_DBT/airflow/airflow_env/lib/python3.11/site-packages/airflow/example_dags/example_python_operator.py
[2026-04-02T05:59:27.333+0530] {processor.py:830} INFO - Processing file /Users/aswin/Documents/data-engineering-practice/ETL_Airflow_DBT/airflow/airflow_env/lib/python3.11/site-packages/airflow/example_dags/example_python_operator.py for tasks to queue
[2026-04-02T05:59:27.333+0530] {logging_mixin.py:188} INFO - [2026-04-02T05:59:27.333+0530] {dagbag.py:540} INFO - Filling up the DagBag from /Users/aswin/Documents/data-engineering-practice/ETL_Airflow_DBT/airflow/airflow_env/lib/python3.11/site-packages/airflow/example_dags/example_python_operator.py
[2026-04-02T05:59:27.344+0530] {logging_mixin.py:188} INFO - [2026-04-02T05:59:27.344+0530] {example_python_operator.py:93} WARNING - The virtalenv_python example task requires virtualenv, please install it.
[2026-04-02T05:59:27.345+0530] {processor.py:840} INFO - DAG(s) 'example_python_operator' retrieved from /Users/aswin/Documents/data-engineering-practice/ETL_Airflow_DBT/airflow/airflow_env/lib/python3.11/site-packages/airflow/example_dags/example_python_operator.py
[2026-04-02T05:59:27.396+0530] {logging_mixin.py:188} INFO - [2026-04-02T05:59:27.396+0530] {dag.py:3096} INFO - Sync 1 DAGs
[2026-04-02T05:59:27.402+0530] {logging_mixin.py:188} INFO - [2026-04-02T05:59:27.402+0530] {dag.py:3954} INFO - Setting next_dagrun for example_python_operator to None, run_after=None
[2026-04-02T05:59:27.412+0530] {processor.py:183} INFO - Processing /Users/aswin/Documents/data-engineering-practice/ETL_Airflow_DBT/airflow/airflow_env/lib/python3.11/site-packages/airflow/example_dags/example_python_operator.py took 0.081 seconds
[2026-04-02T05:59:59.206+0530] {processor.py:161} INFO - Started process (PID=26515) to work on /Users/aswin/Documents/data-engineering-practice/ETL_Airflow_DBT/airflow/airflow_env/lib/python3.11/site-packages/airflow/example_dags/example_python_operator.py
[2026-04-02T05:59:59.207+0530] {processor.py:830} INFO - Processing file /Users/aswin/Documents/data-engineering-practice/ETL_Airflow_DBT/airflow/airflow_env/lib/python3.11/site-packages/airflow/example_dags/example_python_operator.py for tasks to queue
[2026-04-02T05:59:59.207+0530] {logging_mixin.py:188} INFO - [2026-04-02T05:59:59.207+0530] {dagbag.py:540} INFO - Filling up the DagBag from /Users/aswin/Documents/data-engineering-practice/ETL_Airflow_DBT/airflow/airflow_env/lib/python3.11/site-packages/airflow/example_dags/example_python_operator.py
[2026-04-02T05:59:59.220+0530] {logging_mixin.py:188} INFO - [2026-04-02T05:59:59.220+0530] {example_python_operator.py:93} WARNING - The virtalenv_python example task requires virtualenv, please install it.
[2026-04-02T05:59:59.222+0530] {processor.py:840} INFO - DAG(s) 'example_python_operator' retrieved from /Users/aswin/Documents/data-engineering-practice/ETL_Airflow_DBT/airflow/airflow_env/lib/python3.11/site-packages/airflow/example_dags/example_python_operator.py
[2026-04-02T05:59:59.276+0530] {logging_mixin.py:188} INFO - [2026-04-02T05:59:59.276+0530] {dag.py:3096} INFO - Sync 1 DAGs
[2026-04-02T05:59:59.283+0530] {logging_mixin.py:188} INFO - [2026-04-02T05:59:59.283+0530] {dag.py:3954} INFO - Setting next_dagrun for example_python_operator to None, run_after=None
[2026-04-02T05:59:59.292+0530] {processor.py:183} INFO - Processing /Users/aswin/Documents/data-engineering-practice/ETL_Airflow_DBT/airflow/airflow_env/lib/python3.11/site-packages/airflow/example_dags/example_python_operator.py took 0.087 seconds
[2026-04-02T06:00:30.011+0530] {processor.py:161} INFO - Started process (PID=26641) to work on /Users/aswin/Documents/data-engineering-practice/ETL_Airflow_DBT/airflow/airflow_env/lib/python3.11/site-packages/airflow/example_dags/example_python_operator.py
[2026-04-02T06:00:30.012+0530] {processor.py:830} INFO - Processing file /Users/aswin/Documents/data-engineering-practice/ETL_Airflow_DBT/airflow/airflow_env/lib/python3.11/site-packages/airflow/example_dags/example_python_operator.py for tasks to queue
[2026-04-02T06:00:30.012+0530] {logging_mixin.py:188} INFO - [2026-04-02T06:00:30.012+0530] {dagbag.py:540} INFO - Filling up the DagBag from /Users/aswin/Documents/data-engineering-practice/ETL_Airflow_DBT/airflow/airflow_env/lib/python3.11/site-packages/airflow/example_dags/example_python_operator.py
[2026-04-02T06:00:30.024+0530] {logging_mixin.py:188} INFO - [2026-04-02T06:00:30.024+0530] {example_python_operator.py:93} WARNING - The virtalenv_python example task requires virtualenv, please install it.
[2026-04-02T06:00:30.025+0530] {processor.py:840} INFO - DAG(s) 'example_python_operator' retrieved from /Users/aswin/Documents/data-engineering-practice/ETL_Airflow_DBT/airflow/airflow_env/lib/python3.11/site-packages/airflow/example_dags/example_python_operator.py
[2026-04-02T06:00:30.080+0530] {logging_mixin.py:188} INFO - [2026-04-02T06:00:30.080+0530] {dag.py:3096} INFO - Sync 1 DAGs
[2026-04-02T06:00:30.085+0530] {logging_mixin.py:188} INFO - [2026-04-02T06:00:30.085+0530] {dag.py:3954} INFO - Setting next_dagrun for example_python_operator to None, run_after=None
[2026-04-02T06:00:30.093+0530] {processor.py:183} INFO - Processing /Users/aswin/Documents/data-engineering-practice/ETL_Airflow_DBT/airflow/airflow_env/lib/python3.11/site-packages/airflow/example_dags/example_python_operator.py took 0.084 seconds
[2026-04-02T06:01:01.163+0530] {processor.py:161} INFO - Started process (PID=26772) to work on /Users/aswin/Documents/data-engineering-practice/ETL_Airflow_DBT/airflow/airflow_env/lib/python3.11/site-packages/airflow/example_dags/example_python_operator.py
[2026-04-02T06:01:01.163+0530] {processor.py:830} INFO - Processing file /Users/aswin/Documents/data-engineering-practice/ETL_Airflow_DBT/airflow/airflow_env/lib/python3.11/site-packages/airflow/example_dags/example_python_operator.py for tasks to queue
[2026-04-02T06:01:01.164+0530] {logging_mixin.py:188} INFO - [2026-04-02T06:01:01.164+0530] {dagbag.py:540} INFO - Filling up the DagBag from /Users/aswin/Documents/data-engineering-practice/ETL_Airflow_DBT/airflow/airflow_env/lib/python3.11/site-packages/airflow/example_dags/example_python_operator.py
[2026-04-02T06:01:01.176+0530] {logging_mixin.py:188} INFO - [2026-04-02T06:01:01.175+0530] {example_python_operator.py:93} WARNING - The virtalenv_python example task requires virtualenv, please install it.
[2026-04-02T06:01:01.177+0530] {processor.py:840} INFO - DAG(s) 'example_python_operator' retrieved from /Users/aswin/Documents/data-engineering-practice/ETL_Airflow_DBT/airflow/airflow_env/lib/python3.11/site-packages/airflow/example_dags/example_python_operator.py
[2026-04-02T06:01:01.228+0530] {logging_mixin.py:188} INFO - [2026-04-02T06:01:01.228+0530] {dag.py:3096} INFO - Sync 1 DAGs
[2026-04-02T06:01:01.234+0530] {logging_mixin.py:188} INFO - [2026-04-02T06:01:01.234+0530] {dag.py:3954} INFO - Setting next_dagrun for example_python_operator to None, run_after=None
[2026-04-02T06:01:01.242+0530] {processor.py:183} INFO - Processing /Users/aswin/Documents/data-engineering-practice/ETL_Airflow_DBT/airflow/airflow_env/lib/python3.11/site-packages/airflow/example_dags/example_python_operator.py took 0.080 seconds
[2026-04-02T06:01:32.054+0530] {processor.py:161} INFO - Started process (PID=26899) to work on /Users/aswin/Documents/data-engineering-practice/ETL_Airflow_DBT/airflow/airflow_env/lib/python3.11/site-packages/airflow/example_dags/example_python_operator.py
[2026-04-02T06:01:32.054+0530] {processor.py:830} INFO - Processing file /Users/aswin/Documents/data-engineering-practice/ETL_Airflow_DBT/airflow/airflow_env/lib/python3.11/site-packages/airflow/example_dags/example_python_operator.py for tasks to queue
[2026-04-02T06:01:32.054+0530] {logging_mixin.py:188} INFO - [2026-04-02T06:01:32.054+0530] {dagbag.py:540} INFO - Filling up the DagBag from /Users/aswin/Documents/data-engineering-practice/ETL_Airflow_DBT/airflow/airflow_env/lib/python3.11/site-packages/airflow/example_dags/example_python_operator.py
[2026-04-02T06:01:32.067+0530] {logging_mixin.py:188} INFO - [2026-04-02T06:01:32.067+0530] {example_python_operator.py:93} WARNING - The virtalenv_python example task requires virtualenv, please install it.
[2026-04-02T06:01:32.068+0530] {processor.py:840} INFO - DAG(s) 'example_python_operator' retrieved from /Users/aswin/Documents/data-engineering-practice/ETL_Airflow_DBT/airflow/airflow_env/lib/python3.11/site-packages/airflow/example_dags/example_python_operator.py
[2026-04-02T06:01:32.125+0530] {logging_mixin.py:188} INFO - [2026-04-02T06:01:32.125+0530] {dag.py:3096} INFO - Sync 1 DAGs
[2026-04-02T06:01:32.130+0530] {logging_mixin.py:188} INFO - [2026-04-02T06:01:32.130+0530] {dag.py:3954} INFO - Setting next_dagrun for example_python_operator to None, run_after=None
[2026-04-02T06:01:32.139+0530] {processor.py:183} INFO - Processing /Users/aswin/Documents/data-engineering-practice/ETL_Airflow_DBT/airflow/airflow_env/lib/python3.11/site-packages/airflow/example_dags/example_python_operator.py took 0.087 seconds
[2026-04-02T06:02:03.298+0530] {processor.py:161} INFO - Started process (PID=27037) to work on /Users/aswin/Documents/data-engineering-practice/ETL_Airflow_DBT/airflow/airflow_env/lib/python3.11/site-packages/airflow/example_dags/example_python_operator.py
[2026-04-02T06:02:03.299+0530] {processor.py:830} INFO - Processing file /Users/aswin/Documents/data-engineering-practice/ETL_Airflow_DBT/airflow/airflow_env/lib/python3.11/site-packages/airflow/example_dags/example_python_operator.py for tasks to queue
[2026-04-02T06:02:03.299+0530] {logging_mixin.py:188} INFO - [2026-04-02T06:02:03.299+0530] {dagbag.py:540} INFO - Filling up the DagBag from /Users/aswin/Documents/data-engineering-practice/ETL_Airflow_DBT/airflow/airflow_env/lib/python3.11/site-packages/airflow/example_dags/example_python_operator.py
[2026-04-02T06:02:03.310+0530] {logging_mixin.py:188} INFO - [2026-04-02T06:02:03.309+0530] {example_python_operator.py:93} WARNING - The virtalenv_python example task requires virtualenv, please install it.
[2026-04-02T06:02:03.311+0530] {processor.py:840} INFO - DAG(s) 'example_python_operator' retrieved from /Users/aswin/Documents/data-engineering-practice/ETL_Airflow_DBT/airflow/airflow_env/lib/python3.11/site-packages/airflow/example_dags/example_python_operator.py
[2026-04-02T06:02:03.364+0530] {logging_mixin.py:188} INFO - [2026-04-02T06:02:03.364+0530] {dag.py:3096} INFO - Sync 1 DAGs
[2026-04-02T06:02:03.370+0530] {logging_mixin.py:188} INFO - [2026-04-02T06:02:03.370+0530] {dag.py:3954} INFO - Setting next_dagrun for example_python_operator to None, run_after=None
[2026-04-02T06:02:03.379+0530] {processor.py:183} INFO - Processing /Users/aswin/Documents/data-engineering-practice/ETL_Airflow_DBT/airflow/airflow_env/lib/python3.11/site-packages/airflow/example_dags/example_python_operator.py took 0.082 seconds
[2026-04-02T06:02:34.458+0530] {processor.py:161} INFO - Started process (PID=27169) to work on /Users/aswin/Documents/data-engineering-practice/ETL_Airflow_DBT/airflow/airflow_env/lib/python3.11/site-packages/airflow/example_dags/example_python_operator.py
[2026-04-02T06:02:34.458+0530] {processor.py:830} INFO - Processing file /Users/aswin/Documents/data-engineering-practice/ETL_Airflow_DBT/airflow/airflow_env/lib/python3.11/site-packages/airflow/example_dags/example_python_operator.py for tasks to queue
[2026-04-02T06:02:34.459+0530] {logging_mixin.py:188} INFO - [2026-04-02T06:02:34.459+0530] {dagbag.py:540} INFO - Filling up the DagBag from /Users/aswin/Documents/data-engineering-practice/ETL_Airflow_DBT/airflow/airflow_env/lib/python3.11/site-packages/airflow/example_dags/example_python_operator.py
[2026-04-02T06:02:34.471+0530] {logging_mixin.py:188} INFO - [2026-04-02T06:02:34.471+0530] {example_python_operator.py:93} WARNING - The virtalenv_python example task requires virtualenv, please install it.
[2026-04-02T06:02:34.472+0530] {processor.py:840} INFO - DAG(s) 'example_python_operator' retrieved from /Users/aswin/Documents/data-engineering-practice/ETL_Airflow_DBT/airflow/airflow_env/lib/python3.11/site-packages/airflow/example_dags/example_python_operator.py
[2026-04-02T06:02:34.523+0530] {logging_mixin.py:188} INFO - [2026-04-02T06:02:34.523+0530] {dag.py:3096} INFO - Sync 1 DAGs
[2026-04-02T06:02:34.530+0530] {logging_mixin.py:188} INFO - [2026-04-02T06:02:34.529+0530] {dag.py:3954} INFO - Setting next_dagrun for example_python_operator to None, run_after=None
[2026-04-02T06:02:34.539+0530] {processor.py:183} INFO - Processing /Users/aswin/Documents/data-engineering-practice/ETL_Airflow_DBT/airflow/airflow_env/lib/python3.11/site-packages/airflow/example_dags/example_python_operator.py took 0.082 seconds
[2026-04-02T06:03:05.497+0530] {processor.py:161} INFO - Started process (PID=27294) to work on /Users/aswin/Documents/data-engineering-practice/ETL_Airflow_DBT/airflow/airflow_env/lib/python3.11/site-packages/airflow/example_dags/example_python_operator.py
[2026-04-02T06:03:05.498+0530] {processor.py:830} INFO - Processing file /Users/aswin/Documents/data-engineering-practice/ETL_Airflow_DBT/airflow/airflow_env/lib/python3.11/site-packages/airflow/example_dags/example_python_operator.py for tasks to queue
[2026-04-02T06:03:05.499+0530] {logging_mixin.py:188} INFO - [2026-04-02T06:03:05.499+0530] {dagbag.py:540} INFO - Filling up the DagBag from /Users/aswin/Documents/data-engineering-practice/ETL_Airflow_DBT/airflow/airflow_env/lib/python3.11/site-packages/airflow/example_dags/example_python_operator.py
[2026-04-02T06:03:05.509+0530] {logging_mixin.py:188} INFO - [2026-04-02T06:03:05.509+0530] {example_python_operator.py:93} WARNING - The virtalenv_python example task requires virtualenv, please install it.
[2026-04-02T06:03:05.510+0530] {processor.py:840} INFO - DAG(s) 'example_python_operator' retrieved from /Users/aswin/Documents/data-engineering-practice/ETL_Airflow_DBT/airflow/airflow_env/lib/python3.11/site-packages/airflow/example_dags/example_python_operator.py
[2026-04-02T06:03:05.564+0530] {logging_mixin.py:188} INFO - [2026-04-02T06:03:05.564+0530] {dag.py:3096} INFO - Sync 1 DAGs
[2026-04-02T06:03:05.571+0530] {logging_mixin.py:188} INFO - [2026-04-02T06:03:05.571+0530] {dag.py:3954} INFO - Setting next_dagrun for example_python_operator to None, run_after=None
[2026-04-02T06:03:05.581+0530] {processor.py:183} INFO - Processing /Users/aswin/Documents/data-engineering-practice/ETL_Airflow_DBT/airflow/airflow_env/lib/python3.11/site-packages/airflow/example_dags/example_python_operator.py took 0.084 seconds
[2026-04-02T06:03:36.622+0530] {processor.py:161} INFO - Started process (PID=27420) to work on /Users/aswin/Documents/data-engineering-practice/ETL_Airflow_DBT/airflow/airflow_env/lib/python3.11/site-packages/airflow/example_dags/example_python_operator.py
[2026-04-02T06:03:36.623+0530] {processor.py:830} INFO - Processing file /Users/aswin/Documents/data-engineering-practice/ETL_Airflow_DBT/airflow/airflow_env/lib/python3.11/site-packages/airflow/example_dags/example_python_operator.py for tasks to queue
[2026-04-02T06:03:36.623+0530] {logging_mixin.py:188} INFO - [2026-04-02T06:03:36.623+0530] {dagbag.py:540} INFO - Filling up the DagBag from /Users/aswin/Documents/data-engineering-practice/ETL_Airflow_DBT/airflow/airflow_env/lib/python3.11/site-packages/airflow/example_dags/example_python_operator.py
[2026-04-02T06:03:36.634+0530] {logging_mixin.py:188} INFO - [2026-04-02T06:03:36.634+0530] {example_python_operator.py:93} WARNING - The virtalenv_python example task requires virtualenv, please install it.
[2026-04-02T06:03:36.635+0530] {processor.py:840} INFO - DAG(s) 'example_python_operator' retrieved from /Users/aswin/Documents/data-engineering-practice/ETL_Airflow_DBT/airflow/airflow_env/lib/python3.11/site-packages/airflow/example_dags/example_python_operator.py
[2026-04-02T06:03:36.688+0530] {logging_mixin.py:188} INFO - [2026-04-02T06:03:36.688+0530] {dag.py:3096} INFO - Sync 1 DAGs
[2026-04-02T06:03:36.694+0530] {logging_mixin.py:188} INFO - [2026-04-02T06:03:36.694+0530] {dag.py:3954} INFO - Setting next_dagrun for example_python_operator to None, run_after=None
[2026-04-02T06:03:36.703+0530] {processor.py:183} INFO - Processing /Users/aswin/Documents/data-engineering-practice/ETL_Airflow_DBT/airflow/airflow_env/lib/python3.11/site-packages/airflow/example_dags/example_python_operator.py took 0.082 seconds
[2026-04-02T06:04:07.940+0530] {processor.py:161} INFO - Started process (PID=27545) to work on /Users/aswin/Documents/data-engineering-practice/ETL_Airflow_DBT/airflow/airflow_env/lib/python3.11/site-packages/airflow/example_dags/example_python_operator.py
[2026-04-02T06:04:07.941+0530] {processor.py:830} INFO - Processing file /Users/aswin/Documents/data-engineering-practice/ETL_Airflow_DBT/airflow/airflow_env/lib/python3.11/site-packages/airflow/example_dags/example_python_operator.py for tasks to queue
[2026-04-02T06:04:07.941+0530] {logging_mixin.py:188} INFO - [2026-04-02T06:04:07.941+0530] {dagbag.py:540} INFO - Filling up the DagBag from /Users/aswin/Documents/data-engineering-practice/ETL_Airflow_DBT/airflow/airflow_env/lib/python3.11/site-packages/airflow/example_dags/example_python_operator.py
[2026-04-02T06:04:07.952+0530] {logging_mixin.py:188} INFO - [2026-04-02T06:04:07.952+0530] {example_python_operator.py:93} WARNING - The virtalenv_python example task requires virtualenv, please install it.
[2026-04-02T06:04:07.954+0530] {processor.py:840} INFO - DAG(s) 'example_python_operator' retrieved from /Users/aswin/Documents/data-engineering-practice/ETL_Airflow_DBT/airflow/airflow_env/lib/python3.11/site-packages/airflow/example_dags/example_python_operator.py
[2026-04-02T06:04:08.013+0530] {logging_mixin.py:188} INFO - [2026-04-02T06:04:08.013+0530] {dag.py:3096} INFO - Sync 1 DAGs
[2026-04-02T06:04:08.018+0530] {logging_mixin.py:188} INFO - [2026-04-02T06:04:08.018+0530] {dag.py:3954} INFO - Setting next_dagrun for example_python_operator to None, run_after=None
[2026-04-02T06:04:08.027+0530] {processor.py:183} INFO - Processing /Users/aswin/Documents/data-engineering-practice/ETL_Airflow_DBT/airflow/airflow_env/lib/python3.11/site-packages/airflow/example_dags/example_python_operator.py took 0.089 seconds
[2026-04-02T06:04:39.167+0530] {processor.py:161} INFO - Started process (PID=27695) to work on /Users/aswin/Documents/data-engineering-practice/ETL_Airflow_DBT/airflow/airflow_env/lib/python3.11/site-packages/airflow/example_dags/example_python_operator.py
[2026-04-02T06:04:39.167+0530] {processor.py:830} INFO - Processing file /Users/aswin/Documents/data-engineering-practice/ETL_Airflow_DBT/airflow/airflow_env/lib/python3.11/site-packages/airflow/example_dags/example_python_operator.py for tasks to queue
[2026-04-02T06:04:39.168+0530] {logging_mixin.py:188} INFO - [2026-04-02T06:04:39.168+0530] {dagbag.py:540} INFO - Filling up the DagBag from /Users/aswin/Documents/data-engineering-practice/ETL_Airflow_DBT/airflow/airflow_env/lib/python3.11/site-packages/airflow/example_dags/example_python_operator.py
[2026-04-02T06:04:39.180+0530] {logging_mixin.py:188} INFO - [2026-04-02T06:04:39.180+0530] {example_python_operator.py:93} WARNING - The virtalenv_python example task requires virtualenv, please install it.
[2026-04-02T06:04:39.181+0530] {processor.py:840} INFO - DAG(s) 'example_python_operator' retrieved from /Users/aswin/Documents/data-engineering-practice/ETL_Airflow_DBT/airflow/airflow_env/lib/python3.11/site-packages/airflow/example_dags/example_python_operator.py
[2026-04-02T06:04:39.235+0530] {logging_mixin.py:188} INFO - [2026-04-02T06:04:39.234+0530] {dag.py:3096} INFO - Sync 1 DAGs
[2026-04-02T06:04:39.241+0530] {logging_mixin.py:188} INFO - [2026-04-02T06:04:39.241+0530] {dag.py:3954} INFO - Setting next_dagrun for example_python_operator to None, run_after=None
[2026-04-02T06:04:39.251+0530] {processor.py:183} INFO - Processing /Users/aswin/Documents/data-engineering-practice/ETL_Airflow_DBT/airflow/airflow_env/lib/python3.11/site-packages/airflow/example_dags/example_python_operator.py took 0.086 seconds
[2026-04-02T06:05:10.255+0530] {processor.py:161} INFO - Started process (PID=27826) to work on /Users/aswin/Documents/data-engineering-practice/ETL_Airflow_DBT/airflow/airflow_env/lib/python3.11/site-packages/airflow/example_dags/example_python_operator.py
[2026-04-02T06:05:10.255+0530] {processor.py:830} INFO - Processing file /Users/aswin/Documents/data-engineering-practice/ETL_Airflow_DBT/airflow/airflow_env/lib/python3.11/site-packages/airflow/example_dags/example_python_operator.py for tasks to queue
[2026-04-02T06:05:10.256+0530] {logging_mixin.py:188} INFO - [2026-04-02T06:05:10.256+0530] {dagbag.py:540} INFO - Filling up the DagBag from /Users/aswin/Documents/data-engineering-practice/ETL_Airflow_DBT/airflow/airflow_env/lib/python3.11/site-packages/airflow/example_dags/example_python_operator.py
[2026-04-02T06:05:10.267+0530] {logging_mixin.py:188} INFO - [2026-04-02T06:05:10.267+0530] {example_python_operator.py:93} WARNING - The virtalenv_python example task requires virtualenv, please install it.
[2026-04-02T06:05:10.268+0530] {processor.py:840} INFO - DAG(s) 'example_python_operator' retrieved from /Users/aswin/Documents/data-engineering-practice/ETL_Airflow_DBT/airflow/airflow_env/lib/python3.11/site-packages/airflow/example_dags/example_python_operator.py
[2026-04-02T06:05:10.321+0530] {logging_mixin.py:188} INFO - [2026-04-02T06:05:10.321+0530] {dag.py:3096} INFO - Sync 1 DAGs
[2026-04-02T06:05:10.326+0530] {logging_mixin.py:188} INFO - [2026-04-02T06:05:10.326+0530] {dag.py:3954} INFO - Setting next_dagrun for example_python_operator to None, run_after=None
[2026-04-02T06:05:10.334+0530] {processor.py:183} INFO - Processing /Users/aswin/Documents/data-engineering-practice/ETL_Airflow_DBT/airflow/airflow_env/lib/python3.11/site-packages/airflow/example_dags/example_python_operator.py took 0.080 seconds
[2026-04-02T06:05:41.294+0530] {processor.py:161} INFO - Started process (PID=27960) to work on /Users/aswin/Documents/data-engineering-practice/ETL_Airflow_DBT/airflow/airflow_env/lib/python3.11/site-packages/airflow/example_dags/example_python_operator.py
[2026-04-02T06:05:41.294+0530] {processor.py:830} INFO - Processing file /Users/aswin/Documents/data-engineering-practice/ETL_Airflow_DBT/airflow/airflow_env/lib/python3.11/site-packages/airflow/example_dags/example_python_operator.py for tasks to queue
[2026-04-02T06:05:41.295+0530] {logging_mixin.py:188} INFO - [2026-04-02T06:05:41.294+0530] {dagbag.py:540} INFO - Filling up the DagBag from /Users/aswin/Documents/data-engineering-practice/ETL_Airflow_DBT/airflow/airflow_env/lib/python3.11/site-packages/airflow/example_dags/example_python_operator.py
[2026-04-02T06:05:41.305+0530] {logging_mixin.py:188} INFO - [2026-04-02T06:05:41.305+0530] {example_python_operator.py:93} WARNING - The virtalenv_python example task requires virtualenv, please install it.
[2026-04-02T06:05:41.307+0530] {processor.py:840} INFO - DAG(s) 'example_python_operator' retrieved from /Users/aswin/Documents/data-engineering-practice/ETL_Airflow_DBT/airflow/airflow_env/lib/python3.11/site-packages/airflow/example_dags/example_python_operator.py
[2026-04-02T06:05:41.360+0530] {logging_mixin.py:188} INFO - [2026-04-02T06:05:41.359+0530] {dag.py:3096} INFO - Sync 1 DAGs
[2026-04-02T06:05:41.366+0530] {logging_mixin.py:188} INFO - [2026-04-02T06:05:41.366+0530] {dag.py:3954} INFO - Setting next_dagrun for example_python_operator to None, run_after=None
[2026-04-02T06:05:41.373+0530] {processor.py:183} INFO - Processing /Users/aswin/Documents/data-engineering-practice/ETL_Airflow_DBT/airflow/airflow_env/lib/python3.11/site-packages/airflow/example_dags/example_python_operator.py took 0.081 seconds
[2026-04-02T06:06:12.383+0530] {processor.py:161} INFO - Started process (PID=28109) to work on /Users/aswin/Documents/data-engineering-practice/ETL_Airflow_DBT/airflow/airflow_env/lib/python3.11/site-packages/airflow/example_dags/example_python_operator.py
[2026-04-02T06:06:12.384+0530] {processor.py:830} INFO - Processing file /Users/aswin/Documents/data-engineering-practice/ETL_Airflow_DBT/airflow/airflow_env/lib/python3.11/site-packages/airflow/example_dags/example_python_operator.py for tasks to queue
[2026-04-02T06:06:12.384+0530] {logging_mixin.py:188} INFO - [2026-04-02T06:06:12.384+0530] {dagbag.py:540} INFO - Filling up the DagBag from /Users/aswin/Documents/data-engineering-practice/ETL_Airflow_DBT/airflow/airflow_env/lib/python3.11/site-packages/airflow/example_dags/example_python_operator.py
[2026-04-02T06:06:12.395+0530] {logging_mixin.py:188} INFO - [2026-04-02T06:06:12.395+0530] {example_python_operator.py:93} WARNING - The virtalenv_python example task requires virtualenv, please install it.
[2026-04-02T06:06:12.396+0530] {processor.py:840} INFO - DAG(s) 'example_python_operator' retrieved from /Users/aswin/Documents/data-engineering-practice/ETL_Airflow_DBT/airflow/airflow_env/lib/python3.11/site-packages/airflow/example_dags/example_python_operator.py
[2026-04-02T06:06:12.449+0530] {logging_mixin.py:188} INFO - [2026-04-02T06:06:12.449+0530] {dag.py:3096} INFO - Sync 1 DAGs
[2026-04-02T06:06:12.454+0530] {logging_mixin.py:188} INFO - [2026-04-02T06:06:12.454+0530] {dag.py:3954} INFO - Setting next_dagrun for example_python_operator to None, run_after=None
[2026-04-02T06:06:12.463+0530] {processor.py:183} INFO - Processing /Users/aswin/Documents/data-engineering-practice/ETL_Airflow_DBT/airflow/airflow_env/lib/python3.11/site-packages/airflow/example_dags/example_python_operator.py took 0.081 seconds
[2026-04-02T06:06:43.629+0530] {processor.py:161} INFO - Started process (PID=28235) to work on /Users/aswin/Documents/data-engineering-practice/ETL_Airflow_DBT/airflow/airflow_env/lib/python3.11/site-packages/airflow/example_dags/example_python_operator.py
[2026-04-02T06:06:43.631+0530] {processor.py:830} INFO - Processing file /Users/aswin/Documents/data-engineering-practice/ETL_Airflow_DBT/airflow/airflow_env/lib/python3.11/site-packages/airflow/example_dags/example_python_operator.py for tasks to queue
[2026-04-02T06:06:43.631+0530] {logging_mixin.py:188} INFO - [2026-04-02T06:06:43.631+0530] {dagbag.py:540} INFO - Filling up the DagBag from /Users/aswin/Documents/data-engineering-practice/ETL_Airflow_DBT/airflow/airflow_env/lib/python3.11/site-packages/airflow/example_dags/example_python_operator.py
[2026-04-02T06:06:43.641+0530] {logging_mixin.py:188} INFO - [2026-04-02T06:06:43.641+0530] {example_python_operator.py:93} WARNING - The virtalenv_python example task requires virtualenv, please install it.
[2026-04-02T06:06:43.642+0530] {processor.py:840} INFO - DAG(s) 'example_python_operator' retrieved from /Users/aswin/Documents/data-engineering-practice/ETL_Airflow_DBT/airflow/airflow_env/lib/python3.11/site-packages/airflow/example_dags/example_python_operator.py
[2026-04-02T06:06:43.696+0530] {logging_mixin.py:188} INFO - [2026-04-02T06:06:43.696+0530] {dag.py:3096} INFO - Sync 1 DAGs
[2026-04-02T06:06:43.701+0530] {logging_mixin.py:188} INFO - [2026-04-02T06:06:43.701+0530] {dag.py:3954} INFO - Setting next_dagrun for example_python_operator to None, run_after=None
[2026-04-02T06:06:43.710+0530] {processor.py:183} INFO - Processing /Users/aswin/Documents/data-engineering-practice/ETL_Airflow_DBT/airflow/airflow_env/lib/python3.11/site-packages/airflow/example_dags/example_python_operator.py took 0.081 seconds
