[2026-04-02T05:38:13.701+0530] {processor.py:161} INFO - Started process (PID=21189) to work on /Users/aswin/Documents/data-engineering-practice/ETL_Airflow_DBT/airflow/airflow_env/lib/python3.11/site-packages/airflow/example_dags/example_datasets.py
[2026-04-02T05:38:13.701+0530] {processor.py:830} INFO - Processing file /Users/aswin/Documents/data-engineering-practice/ETL_Airflow_DBT/airflow/airflow_env/lib/python3.11/site-packages/airflow/example_dags/example_datasets.py for tasks to queue
[2026-04-02T05:38:13.701+0530] {logging_mixin.py:188} INFO - [2026-04-02T05:38:13.701+0530] {dagbag.py:540} INFO - Filling up the DagBag from /Users/aswin/Documents/data-engineering-practice/ETL_Airflow_DBT/airflow/airflow_env/lib/python3.11/site-packages/airflow/example_dags/example_datasets.py
[2026-04-02T05:38:13.724+0530] {processor.py:840} INFO - DAG(s) 'dataset_consumes_1_and_2', 'dataset_consumes_1', 'dataset_consumes_1_never_scheduled', 'consume_1_or_2_with_dataset_expressions', 'dataset_produces_2', 'conditional_dataset_and_time_based_timetable', 'consume_1_and_2_with_dataset_expressions', 'dataset_consumes_unknown_never_scheduled', 'consume_1_or_both_2_and_3_with_dataset_expressions', 'dataset_produces_1' retrieved from /Users/aswin/Documents/data-engineering-practice/ETL_Airflow_DBT/airflow/airflow_env/lib/python3.11/site-packages/airflow/example_dags/example_datasets.py
[2026-04-02T05:38:13.786+0530] {logging_mixin.py:188} INFO - [2026-04-02T05:38:13.786+0530] {dag.py:3096} INFO - Sync 10 DAGs
[2026-04-02T05:38:13.798+0530] {logging_mixin.py:188} INFO - [2026-04-02T05:38:13.798+0530] {dag.py:3954} INFO - Setting next_dagrun for conditional_dataset_and_time_based_timetable to 2026-04-01 01:00:00+00:00, run_after=2026-04-01 01:00:00+00:00
[2026-04-02T05:38:13.799+0530] {logging_mixin.py:188} INFO - [2026-04-02T05:38:13.799+0530] {dag.py:3954} INFO - Setting next_dagrun for consume_1_and_2_with_dataset_expressions to None, run_after=None
[2026-04-02T05:38:13.800+0530] {logging_mixin.py:188} INFO - [2026-04-02T05:38:13.800+0530] {dag.py:3954} INFO - Setting next_dagrun for consume_1_or_2_with_dataset_expressions to None, run_after=None
[2026-04-02T05:38:13.800+0530] {logging_mixin.py:188} INFO - [2026-04-02T05:38:13.800+0530] {dag.py:3954} INFO - Setting next_dagrun for consume_1_or_both_2_and_3_with_dataset_expressions to None, run_after=None
[2026-04-02T05:38:13.800+0530] {logging_mixin.py:188} INFO - [2026-04-02T05:38:13.800+0530] {dag.py:3954} INFO - Setting next_dagrun for dataset_consumes_1 to None, run_after=None
[2026-04-02T05:38:13.801+0530] {logging_mixin.py:188} INFO - [2026-04-02T05:38:13.801+0530] {dag.py:3954} INFO - Setting next_dagrun for dataset_consumes_1_and_2 to None, run_after=None
[2026-04-02T05:38:13.801+0530] {logging_mixin.py:188} INFO - [2026-04-02T05:38:13.801+0530] {dag.py:3954} INFO - Setting next_dagrun for dataset_consumes_1_never_scheduled to None, run_after=None
[2026-04-02T05:38:13.802+0530] {logging_mixin.py:188} INFO - [2026-04-02T05:38:13.802+0530] {dag.py:3954} INFO - Setting next_dagrun for dataset_consumes_unknown_never_scheduled to None, run_after=None
[2026-04-02T05:38:13.803+0530] {logging_mixin.py:188} INFO - [2026-04-02T05:38:13.803+0530] {dag.py:3954} INFO - Setting next_dagrun for dataset_produces_1 to 2026-04-01 00:00:00+00:00, run_after=2026-04-02 00:00:00+00:00
[2026-04-02T05:38:13.803+0530] {logging_mixin.py:188} INFO - [2026-04-02T05:38:13.803+0530] {dag.py:3954} INFO - Setting next_dagrun for dataset_produces_2 to None, run_after=None
[2026-04-02T05:38:13.819+0530] {processor.py:183} INFO - Processing /Users/aswin/Documents/data-engineering-practice/ETL_Airflow_DBT/airflow/airflow_env/lib/python3.11/site-packages/airflow/example_dags/example_datasets.py took 0.120 seconds
[2026-04-02T05:38:45.047+0530] {processor.py:161} INFO - Started process (PID=21317) to work on /Users/aswin/Documents/data-engineering-practice/ETL_Airflow_DBT/airflow/airflow_env/lib/python3.11/site-packages/airflow/example_dags/example_datasets.py
[2026-04-02T05:38:45.048+0530] {processor.py:830} INFO - Processing file /Users/aswin/Documents/data-engineering-practice/ETL_Airflow_DBT/airflow/airflow_env/lib/python3.11/site-packages/airflow/example_dags/example_datasets.py for tasks to queue
[2026-04-02T05:38:45.048+0530] {logging_mixin.py:188} INFO - [2026-04-02T05:38:45.048+0530] {dagbag.py:540} INFO - Filling up the DagBag from /Users/aswin/Documents/data-engineering-practice/ETL_Airflow_DBT/airflow/airflow_env/lib/python3.11/site-packages/airflow/example_dags/example_datasets.py
[2026-04-02T05:38:45.066+0530] {processor.py:840} INFO - DAG(s) 'conditional_dataset_and_time_based_timetable', 'dataset_consumes_unknown_never_scheduled', 'dataset_produces_2', 'consume_1_and_2_with_dataset_expressions', 'consume_1_or_2_with_dataset_expressions', 'dataset_consumes_1', 'dataset_consumes_1_never_scheduled', 'dataset_produces_1', 'dataset_consumes_1_and_2', 'consume_1_or_both_2_and_3_with_dataset_expressions' retrieved from /Users/aswin/Documents/data-engineering-practice/ETL_Airflow_DBT/airflow/airflow_env/lib/python3.11/site-packages/airflow/example_dags/example_datasets.py
[2026-04-02T05:38:45.129+0530] {logging_mixin.py:188} INFO - [2026-04-02T05:38:45.128+0530] {dag.py:3096} INFO - Sync 10 DAGs
[2026-04-02T05:38:45.141+0530] {logging_mixin.py:188} INFO - [2026-04-02T05:38:45.141+0530] {dag.py:3954} INFO - Setting next_dagrun for conditional_dataset_and_time_based_timetable to 2026-04-01 01:00:00+00:00, run_after=2026-04-01 01:00:00+00:00
[2026-04-02T05:38:45.142+0530] {logging_mixin.py:188} INFO - [2026-04-02T05:38:45.142+0530] {dag.py:3954} INFO - Setting next_dagrun for consume_1_and_2_with_dataset_expressions to None, run_after=None
[2026-04-02T05:38:45.143+0530] {logging_mixin.py:188} INFO - [2026-04-02T05:38:45.143+0530] {dag.py:3954} INFO - Setting next_dagrun for consume_1_or_2_with_dataset_expressions to None, run_after=None
[2026-04-02T05:38:45.143+0530] {logging_mixin.py:188} INFO - [2026-04-02T05:38:45.143+0530] {dag.py:3954} INFO - Setting next_dagrun for consume_1_or_both_2_and_3_with_dataset_expressions to None, run_after=None
[2026-04-02T05:38:45.144+0530] {logging_mixin.py:188} INFO - [2026-04-02T05:38:45.144+0530] {dag.py:3954} INFO - Setting next_dagrun for dataset_consumes_1 to None, run_after=None
[2026-04-02T05:38:45.144+0530] {logging_mixin.py:188} INFO - [2026-04-02T05:38:45.144+0530] {dag.py:3954} INFO - Setting next_dagrun for dataset_consumes_1_and_2 to None, run_after=None
[2026-04-02T05:38:45.145+0530] {logging_mixin.py:188} INFO - [2026-04-02T05:38:45.145+0530] {dag.py:3954} INFO - Setting next_dagrun for dataset_consumes_1_never_scheduled to None, run_after=None
[2026-04-02T05:38:45.145+0530] {logging_mixin.py:188} INFO - [2026-04-02T05:38:45.145+0530] {dag.py:3954} INFO - Setting next_dagrun for dataset_consumes_unknown_never_scheduled to None, run_after=None
[2026-04-02T05:38:45.146+0530] {logging_mixin.py:188} INFO - [2026-04-02T05:38:45.146+0530] {dag.py:3954} INFO - Setting next_dagrun for dataset_produces_1 to 2026-04-01 00:00:00+00:00, run_after=2026-04-02 00:00:00+00:00
[2026-04-02T05:38:45.146+0530] {logging_mixin.py:188} INFO - [2026-04-02T05:38:45.146+0530] {dag.py:3954} INFO - Setting next_dagrun for dataset_produces_2 to None, run_after=None
[2026-04-02T05:38:45.163+0530] {processor.py:183} INFO - Processing /Users/aswin/Documents/data-engineering-practice/ETL_Airflow_DBT/airflow/airflow_env/lib/python3.11/site-packages/airflow/example_dags/example_datasets.py took 0.118 seconds
[2026-04-02T05:39:16.227+0530] {processor.py:161} INFO - Started process (PID=21443) to work on /Users/aswin/Documents/data-engineering-practice/ETL_Airflow_DBT/airflow/airflow_env/lib/python3.11/site-packages/airflow/example_dags/example_datasets.py
[2026-04-02T05:39:16.228+0530] {processor.py:830} INFO - Processing file /Users/aswin/Documents/data-engineering-practice/ETL_Airflow_DBT/airflow/airflow_env/lib/python3.11/site-packages/airflow/example_dags/example_datasets.py for tasks to queue
[2026-04-02T05:39:16.228+0530] {logging_mixin.py:188} INFO - [2026-04-02T05:39:16.228+0530] {dagbag.py:540} INFO - Filling up the DagBag from /Users/aswin/Documents/data-engineering-practice/ETL_Airflow_DBT/airflow/airflow_env/lib/python3.11/site-packages/airflow/example_dags/example_datasets.py
[2026-04-02T05:39:16.249+0530] {processor.py:840} INFO - DAG(s) 'consume_1_or_both_2_and_3_with_dataset_expressions', 'conditional_dataset_and_time_based_timetable', 'dataset_produces_1', 'dataset_produces_2', 'consume_1_or_2_with_dataset_expressions', 'dataset_consumes_1_never_scheduled', 'dataset_consumes_unknown_never_scheduled', 'dataset_consumes_1_and_2', 'dataset_consumes_1', 'consume_1_and_2_with_dataset_expressions' retrieved from /Users/aswin/Documents/data-engineering-practice/ETL_Airflow_DBT/airflow/airflow_env/lib/python3.11/site-packages/airflow/example_dags/example_datasets.py
[2026-04-02T05:39:16.317+0530] {logging_mixin.py:188} INFO - [2026-04-02T05:39:16.316+0530] {dag.py:3096} INFO - Sync 10 DAGs
[2026-04-02T05:39:16.334+0530] {logging_mixin.py:188} INFO - [2026-04-02T05:39:16.334+0530] {dag.py:3954} INFO - Setting next_dagrun for conditional_dataset_and_time_based_timetable to 2026-04-01 01:00:00+00:00, run_after=2026-04-01 01:00:00+00:00
[2026-04-02T05:39:16.336+0530] {logging_mixin.py:188} INFO - [2026-04-02T05:39:16.336+0530] {dag.py:3954} INFO - Setting next_dagrun for consume_1_and_2_with_dataset_expressions to None, run_after=None
[2026-04-02T05:39:16.336+0530] {logging_mixin.py:188} INFO - [2026-04-02T05:39:16.336+0530] {dag.py:3954} INFO - Setting next_dagrun for consume_1_or_2_with_dataset_expressions to None, run_after=None
[2026-04-02T05:39:16.337+0530] {logging_mixin.py:188} INFO - [2026-04-02T05:39:16.337+0530] {dag.py:3954} INFO - Setting next_dagrun for consume_1_or_both_2_and_3_with_dataset_expressions to None, run_after=None
[2026-04-02T05:39:16.337+0530] {logging_mixin.py:188} INFO - [2026-04-02T05:39:16.337+0530] {dag.py:3954} INFO - Setting next_dagrun for dataset_consumes_1 to None, run_after=None
[2026-04-02T05:39:16.338+0530] {logging_mixin.py:188} INFO - [2026-04-02T05:39:16.338+0530] {dag.py:3954} INFO - Setting next_dagrun for dataset_consumes_1_and_2 to None, run_after=None
[2026-04-02T05:39:16.338+0530] {logging_mixin.py:188} INFO - [2026-04-02T05:39:16.338+0530] {dag.py:3954} INFO - Setting next_dagrun for dataset_consumes_1_never_scheduled to None, run_after=None
[2026-04-02T05:39:16.339+0530] {logging_mixin.py:188} INFO - [2026-04-02T05:39:16.339+0530] {dag.py:3954} INFO - Setting next_dagrun for dataset_consumes_unknown_never_scheduled to None, run_after=None
[2026-04-02T05:39:16.339+0530] {logging_mixin.py:188} INFO - [2026-04-02T05:39:16.339+0530] {dag.py:3954} INFO - Setting next_dagrun for dataset_produces_1 to 2026-04-01 00:00:00+00:00, run_after=2026-04-02 00:00:00+00:00
[2026-04-02T05:39:16.340+0530] {logging_mixin.py:188} INFO - [2026-04-02T05:39:16.340+0530] {dag.py:3954} INFO - Setting next_dagrun for dataset_produces_2 to None, run_after=None
[2026-04-02T05:39:16.359+0530] {processor.py:183} INFO - Processing /Users/aswin/Documents/data-engineering-practice/ETL_Airflow_DBT/airflow/airflow_env/lib/python3.11/site-packages/airflow/example_dags/example_datasets.py took 0.133 seconds
[2026-04-02T05:39:47.499+0530] {processor.py:161} INFO - Started process (PID=21569) to work on /Users/aswin/Documents/data-engineering-practice/ETL_Airflow_DBT/airflow/airflow_env/lib/python3.11/site-packages/airflow/example_dags/example_datasets.py
[2026-04-02T05:39:47.500+0530] {processor.py:830} INFO - Processing file /Users/aswin/Documents/data-engineering-practice/ETL_Airflow_DBT/airflow/airflow_env/lib/python3.11/site-packages/airflow/example_dags/example_datasets.py for tasks to queue
[2026-04-02T05:39:47.501+0530] {logging_mixin.py:188} INFO - [2026-04-02T05:39:47.501+0530] {dagbag.py:540} INFO - Filling up the DagBag from /Users/aswin/Documents/data-engineering-practice/ETL_Airflow_DBT/airflow/airflow_env/lib/python3.11/site-packages/airflow/example_dags/example_datasets.py
[2026-04-02T05:39:47.522+0530] {processor.py:840} INFO - DAG(s) 'dataset_consumes_unknown_never_scheduled', 'dataset_consumes_1', 'dataset_consumes_1_and_2', 'conditional_dataset_and_time_based_timetable', 'dataset_produces_2', 'consume_1_and_2_with_dataset_expressions', 'dataset_consumes_1_never_scheduled', 'consume_1_or_both_2_and_3_with_dataset_expressions', 'consume_1_or_2_with_dataset_expressions', 'dataset_produces_1' retrieved from /Users/aswin/Documents/data-engineering-practice/ETL_Airflow_DBT/airflow/airflow_env/lib/python3.11/site-packages/airflow/example_dags/example_datasets.py
[2026-04-02T05:39:47.583+0530] {logging_mixin.py:188} INFO - [2026-04-02T05:39:47.583+0530] {dag.py:3096} INFO - Sync 10 DAGs
[2026-04-02T05:39:47.595+0530] {logging_mixin.py:188} INFO - [2026-04-02T05:39:47.595+0530] {dag.py:3954} INFO - Setting next_dagrun for conditional_dataset_and_time_based_timetable to 2026-04-01 01:00:00+00:00, run_after=2026-04-01 01:00:00+00:00
[2026-04-02T05:39:47.597+0530] {logging_mixin.py:188} INFO - [2026-04-02T05:39:47.597+0530] {dag.py:3954} INFO - Setting next_dagrun for consume_1_and_2_with_dataset_expressions to None, run_after=None
[2026-04-02T05:39:47.598+0530] {logging_mixin.py:188} INFO - [2026-04-02T05:39:47.598+0530] {dag.py:3954} INFO - Setting next_dagrun for consume_1_or_2_with_dataset_expressions to None, run_after=None
[2026-04-02T05:39:47.598+0530] {logging_mixin.py:188} INFO - [2026-04-02T05:39:47.598+0530] {dag.py:3954} INFO - Setting next_dagrun for consume_1_or_both_2_and_3_with_dataset_expressions to None, run_after=None
[2026-04-02T05:39:47.598+0530] {logging_mixin.py:188} INFO - [2026-04-02T05:39:47.598+0530] {dag.py:3954} INFO - Setting next_dagrun for dataset_consumes_1 to None, run_after=None
[2026-04-02T05:39:47.599+0530] {logging_mixin.py:188} INFO - [2026-04-02T05:39:47.599+0530] {dag.py:3954} INFO - Setting next_dagrun for dataset_consumes_1_and_2 to None, run_after=None
[2026-04-02T05:39:47.599+0530] {logging_mixin.py:188} INFO - [2026-04-02T05:39:47.599+0530] {dag.py:3954} INFO - Setting next_dagrun for dataset_consumes_1_never_scheduled to None, run_after=None
[2026-04-02T05:39:47.600+0530] {logging_mixin.py:188} INFO - [2026-04-02T05:39:47.600+0530] {dag.py:3954} INFO - Setting next_dagrun for dataset_consumes_unknown_never_scheduled to None, run_after=None
[2026-04-02T05:39:47.601+0530] {logging_mixin.py:188} INFO - [2026-04-02T05:39:47.601+0530] {dag.py:3954} INFO - Setting next_dagrun for dataset_produces_1 to 2026-04-01 00:00:00+00:00, run_after=2026-04-02 00:00:00+00:00
[2026-04-02T05:39:47.601+0530] {logging_mixin.py:188} INFO - [2026-04-02T05:39:47.601+0530] {dag.py:3954} INFO - Setting next_dagrun for dataset_produces_2 to None, run_after=None
[2026-04-02T05:39:47.616+0530] {processor.py:183} INFO - Processing /Users/aswin/Documents/data-engineering-practice/ETL_Airflow_DBT/airflow/airflow_env/lib/python3.11/site-packages/airflow/example_dags/example_datasets.py took 0.118 seconds
[2026-04-02T05:40:18.592+0530] {processor.py:161} INFO - Started process (PID=21696) to work on /Users/aswin/Documents/data-engineering-practice/ETL_Airflow_DBT/airflow/airflow_env/lib/python3.11/site-packages/airflow/example_dags/example_datasets.py
[2026-04-02T05:40:18.592+0530] {processor.py:830} INFO - Processing file /Users/aswin/Documents/data-engineering-practice/ETL_Airflow_DBT/airflow/airflow_env/lib/python3.11/site-packages/airflow/example_dags/example_datasets.py for tasks to queue
[2026-04-02T05:40:18.592+0530] {logging_mixin.py:188} INFO - [2026-04-02T05:40:18.592+0530] {dagbag.py:540} INFO - Filling up the DagBag from /Users/aswin/Documents/data-engineering-practice/ETL_Airflow_DBT/airflow/airflow_env/lib/python3.11/site-packages/airflow/example_dags/example_datasets.py
[2026-04-02T05:40:18.610+0530] {processor.py:840} INFO - DAG(s) 'dataset_produces_1', 'dataset_consumes_1_never_scheduled', 'dataset_consumes_1', 'dataset_consumes_1_and_2', 'dataset_produces_2', 'dataset_consumes_unknown_never_scheduled', 'consume_1_and_2_with_dataset_expressions', 'consume_1_or_both_2_and_3_with_dataset_expressions', 'consume_1_or_2_with_dataset_expressions', 'conditional_dataset_and_time_based_timetable' retrieved from /Users/aswin/Documents/data-engineering-practice/ETL_Airflow_DBT/airflow/airflow_env/lib/python3.11/site-packages/airflow/example_dags/example_datasets.py
[2026-04-02T05:40:18.673+0530] {logging_mixin.py:188} INFO - [2026-04-02T05:40:18.673+0530] {dag.py:3096} INFO - Sync 10 DAGs
[2026-04-02T05:40:18.687+0530] {logging_mixin.py:188} INFO - [2026-04-02T05:40:18.686+0530] {dag.py:3954} INFO - Setting next_dagrun for conditional_dataset_and_time_based_timetable to 2026-04-01 01:00:00+00:00, run_after=2026-04-01 01:00:00+00:00
[2026-04-02T05:40:18.688+0530] {logging_mixin.py:188} INFO - [2026-04-02T05:40:18.688+0530] {dag.py:3954} INFO - Setting next_dagrun for consume_1_and_2_with_dataset_expressions to None, run_after=None
[2026-04-02T05:40:18.689+0530] {logging_mixin.py:188} INFO - [2026-04-02T05:40:18.689+0530] {dag.py:3954} INFO - Setting next_dagrun for consume_1_or_2_with_dataset_expressions to None, run_after=None
[2026-04-02T05:40:18.689+0530] {logging_mixin.py:188} INFO - [2026-04-02T05:40:18.689+0530] {dag.py:3954} INFO - Setting next_dagrun for consume_1_or_both_2_and_3_with_dataset_expressions to None, run_after=None
[2026-04-02T05:40:18.690+0530] {logging_mixin.py:188} INFO - [2026-04-02T05:40:18.690+0530] {dag.py:3954} INFO - Setting next_dagrun for dataset_consumes_1 to None, run_after=None
[2026-04-02T05:40:18.690+0530] {logging_mixin.py:188} INFO - [2026-04-02T05:40:18.690+0530] {dag.py:3954} INFO - Setting next_dagrun for dataset_consumes_1_and_2 to None, run_after=None
[2026-04-02T05:40:18.691+0530] {logging_mixin.py:188} INFO - [2026-04-02T05:40:18.690+0530] {dag.py:3954} INFO - Setting next_dagrun for dataset_consumes_1_never_scheduled to None, run_after=None
[2026-04-02T05:40:18.691+0530] {logging_mixin.py:188} INFO - [2026-04-02T05:40:18.691+0530] {dag.py:3954} INFO - Setting next_dagrun for dataset_consumes_unknown_never_scheduled to None, run_after=None
[2026-04-02T05:40:18.692+0530] {logging_mixin.py:188} INFO - [2026-04-02T05:40:18.692+0530] {dag.py:3954} INFO - Setting next_dagrun for dataset_produces_1 to 2026-04-01 00:00:00+00:00, run_after=2026-04-02 00:00:00+00:00
[2026-04-02T05:40:18.692+0530] {logging_mixin.py:188} INFO - [2026-04-02T05:40:18.692+0530] {dag.py:3954} INFO - Setting next_dagrun for dataset_produces_2 to None, run_after=None
[2026-04-02T05:40:18.710+0530] {processor.py:183} INFO - Processing /Users/aswin/Documents/data-engineering-practice/ETL_Airflow_DBT/airflow/airflow_env/lib/python3.11/site-packages/airflow/example_dags/example_datasets.py took 0.120 seconds
[2026-04-02T05:40:49.630+0530] {processor.py:161} INFO - Started process (PID=21831) to work on /Users/aswin/Documents/data-engineering-practice/ETL_Airflow_DBT/airflow/airflow_env/lib/python3.11/site-packages/airflow/example_dags/example_datasets.py
[2026-04-02T05:40:49.630+0530] {processor.py:830} INFO - Processing file /Users/aswin/Documents/data-engineering-practice/ETL_Airflow_DBT/airflow/airflow_env/lib/python3.11/site-packages/airflow/example_dags/example_datasets.py for tasks to queue
[2026-04-02T05:40:49.630+0530] {logging_mixin.py:188} INFO - [2026-04-02T05:40:49.630+0530] {dagbag.py:540} INFO - Filling up the DagBag from /Users/aswin/Documents/data-engineering-practice/ETL_Airflow_DBT/airflow/airflow_env/lib/python3.11/site-packages/airflow/example_dags/example_datasets.py
[2026-04-02T05:40:49.654+0530] {processor.py:840} INFO - DAG(s) 'dataset_produces_1', 'consume_1_or_both_2_and_3_with_dataset_expressions', 'consume_1_or_2_with_dataset_expressions', 'dataset_consumes_1_never_scheduled', 'dataset_consumes_1_and_2', 'consume_1_and_2_with_dataset_expressions', 'conditional_dataset_and_time_based_timetable', 'dataset_consumes_unknown_never_scheduled', 'dataset_consumes_1', 'dataset_produces_2' retrieved from /Users/aswin/Documents/data-engineering-practice/ETL_Airflow_DBT/airflow/airflow_env/lib/python3.11/site-packages/airflow/example_dags/example_datasets.py
[2026-04-02T05:40:49.715+0530] {logging_mixin.py:188} INFO - [2026-04-02T05:40:49.714+0530] {dag.py:3096} INFO - Sync 10 DAGs
[2026-04-02T05:40:49.728+0530] {logging_mixin.py:188} INFO - [2026-04-02T05:40:49.728+0530] {dag.py:3954} INFO - Setting next_dagrun for conditional_dataset_and_time_based_timetable to 2026-04-01 01:00:00+00:00, run_after=2026-04-01 01:00:00+00:00
[2026-04-02T05:40:49.730+0530] {logging_mixin.py:188} INFO - [2026-04-02T05:40:49.730+0530] {dag.py:3954} INFO - Setting next_dagrun for consume_1_and_2_with_dataset_expressions to None, run_after=None
[2026-04-02T05:40:49.730+0530] {logging_mixin.py:188} INFO - [2026-04-02T05:40:49.730+0530] {dag.py:3954} INFO - Setting next_dagrun for consume_1_or_2_with_dataset_expressions to None, run_after=None
[2026-04-02T05:40:49.731+0530] {logging_mixin.py:188} INFO - [2026-04-02T05:40:49.731+0530] {dag.py:3954} INFO - Setting next_dagrun for consume_1_or_both_2_and_3_with_dataset_expressions to None, run_after=None
[2026-04-02T05:40:49.731+0530] {logging_mixin.py:188} INFO - [2026-04-02T05:40:49.731+0530] {dag.py:3954} INFO - Setting next_dagrun for dataset_consumes_1 to None, run_after=None
[2026-04-02T05:40:49.732+0530] {logging_mixin.py:188} INFO - [2026-04-02T05:40:49.732+0530] {dag.py:3954} INFO - Setting next_dagrun for dataset_consumes_1_and_2 to None, run_after=None
[2026-04-02T05:40:49.732+0530] {logging_mixin.py:188} INFO - [2026-04-02T05:40:49.732+0530] {dag.py:3954} INFO - Setting next_dagrun for dataset_consumes_1_never_scheduled to None, run_after=None
[2026-04-02T05:40:49.733+0530] {logging_mixin.py:188} INFO - [2026-04-02T05:40:49.733+0530] {dag.py:3954} INFO - Setting next_dagrun for dataset_consumes_unknown_never_scheduled to None, run_after=None
[2026-04-02T05:40:49.734+0530] {logging_mixin.py:188} INFO - [2026-04-02T05:40:49.734+0530] {dag.py:3954} INFO - Setting next_dagrun for dataset_produces_1 to 2026-04-01 00:00:00+00:00, run_after=2026-04-02 00:00:00+00:00
[2026-04-02T05:40:49.734+0530] {logging_mixin.py:188} INFO - [2026-04-02T05:40:49.734+0530] {dag.py:3954} INFO - Setting next_dagrun for dataset_produces_2 to None, run_after=None
[2026-04-02T05:40:49.754+0530] {processor.py:183} INFO - Processing /Users/aswin/Documents/data-engineering-practice/ETL_Airflow_DBT/airflow/airflow_env/lib/python3.11/site-packages/airflow/example_dags/example_datasets.py took 0.126 seconds
[2026-04-02T05:41:20.803+0530] {processor.py:161} INFO - Started process (PID=21956) to work on /Users/aswin/Documents/data-engineering-practice/ETL_Airflow_DBT/airflow/airflow_env/lib/python3.11/site-packages/airflow/example_dags/example_datasets.py
[2026-04-02T05:41:20.803+0530] {processor.py:830} INFO - Processing file /Users/aswin/Documents/data-engineering-practice/ETL_Airflow_DBT/airflow/airflow_env/lib/python3.11/site-packages/airflow/example_dags/example_datasets.py for tasks to queue
[2026-04-02T05:41:20.804+0530] {logging_mixin.py:188} INFO - [2026-04-02T05:41:20.804+0530] {dagbag.py:540} INFO - Filling up the DagBag from /Users/aswin/Documents/data-engineering-practice/ETL_Airflow_DBT/airflow/airflow_env/lib/python3.11/site-packages/airflow/example_dags/example_datasets.py
[2026-04-02T05:41:20.828+0530] {processor.py:840} INFO - DAG(s) 'consume_1_or_2_with_dataset_expressions', 'dataset_produces_1', 'dataset_consumes_1_never_scheduled', 'dataset_consumes_unknown_never_scheduled', 'consume_1_or_both_2_and_3_with_dataset_expressions', 'dataset_produces_2', 'dataset_consumes_1_and_2', 'dataset_consumes_1', 'consume_1_and_2_with_dataset_expressions', 'conditional_dataset_and_time_based_timetable' retrieved from /Users/aswin/Documents/data-engineering-practice/ETL_Airflow_DBT/airflow/airflow_env/lib/python3.11/site-packages/airflow/example_dags/example_datasets.py
[2026-04-02T05:41:20.891+0530] {logging_mixin.py:188} INFO - [2026-04-02T05:41:20.891+0530] {dag.py:3096} INFO - Sync 10 DAGs
[2026-04-02T05:41:20.906+0530] {logging_mixin.py:188} INFO - [2026-04-02T05:41:20.906+0530] {dag.py:3954} INFO - Setting next_dagrun for conditional_dataset_and_time_based_timetable to 2026-04-01 01:00:00+00:00, run_after=2026-04-01 01:00:00+00:00
[2026-04-02T05:41:20.907+0530] {logging_mixin.py:188} INFO - [2026-04-02T05:41:20.907+0530] {dag.py:3954} INFO - Setting next_dagrun for consume_1_and_2_with_dataset_expressions to None, run_after=None
[2026-04-02T05:41:20.908+0530] {logging_mixin.py:188} INFO - [2026-04-02T05:41:20.908+0530] {dag.py:3954} INFO - Setting next_dagrun for consume_1_or_2_with_dataset_expressions to None, run_after=None
[2026-04-02T05:41:20.908+0530] {logging_mixin.py:188} INFO - [2026-04-02T05:41:20.908+0530] {dag.py:3954} INFO - Setting next_dagrun for consume_1_or_both_2_and_3_with_dataset_expressions to None, run_after=None
[2026-04-02T05:41:20.909+0530] {logging_mixin.py:188} INFO - [2026-04-02T05:41:20.909+0530] {dag.py:3954} INFO - Setting next_dagrun for dataset_consumes_1 to None, run_after=None
[2026-04-02T05:41:20.909+0530] {logging_mixin.py:188} INFO - [2026-04-02T05:41:20.909+0530] {dag.py:3954} INFO - Setting next_dagrun for dataset_consumes_1_and_2 to None, run_after=None
[2026-04-02T05:41:20.910+0530] {logging_mixin.py:188} INFO - [2026-04-02T05:41:20.910+0530] {dag.py:3954} INFO - Setting next_dagrun for dataset_consumes_1_never_scheduled to None, run_after=None
[2026-04-02T05:41:20.910+0530] {logging_mixin.py:188} INFO - [2026-04-02T05:41:20.910+0530] {dag.py:3954} INFO - Setting next_dagrun for dataset_consumes_unknown_never_scheduled to None, run_after=None
[2026-04-02T05:41:20.911+0530] {logging_mixin.py:188} INFO - [2026-04-02T05:41:20.911+0530] {dag.py:3954} INFO - Setting next_dagrun for dataset_produces_1 to 2026-04-01 00:00:00+00:00, run_after=2026-04-02 00:00:00+00:00
[2026-04-02T05:41:20.912+0530] {logging_mixin.py:188} INFO - [2026-04-02T05:41:20.912+0530] {dag.py:3954} INFO - Setting next_dagrun for dataset_produces_2 to None, run_after=None
[2026-04-02T05:41:20.935+0530] {processor.py:183} INFO - Processing /Users/aswin/Documents/data-engineering-practice/ETL_Airflow_DBT/airflow/airflow_env/lib/python3.11/site-packages/airflow/example_dags/example_datasets.py took 0.133 seconds
[2026-04-02T05:41:52.151+0530] {processor.py:161} INFO - Started process (PID=22082) to work on /Users/aswin/Documents/data-engineering-practice/ETL_Airflow_DBT/airflow/airflow_env/lib/python3.11/site-packages/airflow/example_dags/example_datasets.py
[2026-04-02T05:41:52.151+0530] {processor.py:830} INFO - Processing file /Users/aswin/Documents/data-engineering-practice/ETL_Airflow_DBT/airflow/airflow_env/lib/python3.11/site-packages/airflow/example_dags/example_datasets.py for tasks to queue
[2026-04-02T05:41:52.152+0530] {logging_mixin.py:188} INFO - [2026-04-02T05:41:52.151+0530] {dagbag.py:540} INFO - Filling up the DagBag from /Users/aswin/Documents/data-engineering-practice/ETL_Airflow_DBT/airflow/airflow_env/lib/python3.11/site-packages/airflow/example_dags/example_datasets.py
[2026-04-02T05:41:52.169+0530] {processor.py:840} INFO - DAG(s) 'dataset_consumes_1_and_2', 'dataset_produces_2', 'dataset_produces_1', 'consume_1_or_both_2_and_3_with_dataset_expressions', 'dataset_consumes_1', 'dataset_consumes_1_never_scheduled', 'consume_1_or_2_with_dataset_expressions', 'dataset_consumes_unknown_never_scheduled', 'conditional_dataset_and_time_based_timetable', 'consume_1_and_2_with_dataset_expressions' retrieved from /Users/aswin/Documents/data-engineering-practice/ETL_Airflow_DBT/airflow/airflow_env/lib/python3.11/site-packages/airflow/example_dags/example_datasets.py
[2026-04-02T05:41:52.232+0530] {logging_mixin.py:188} INFO - [2026-04-02T05:41:52.232+0530] {dag.py:3096} INFO - Sync 10 DAGs
[2026-04-02T05:41:52.245+0530] {logging_mixin.py:188} INFO - [2026-04-02T05:41:52.245+0530] {dag.py:3954} INFO - Setting next_dagrun for conditional_dataset_and_time_based_timetable to 2026-04-01 01:00:00+00:00, run_after=2026-04-01 01:00:00+00:00
[2026-04-02T05:41:52.247+0530] {logging_mixin.py:188} INFO - [2026-04-02T05:41:52.247+0530] {dag.py:3954} INFO - Setting next_dagrun for consume_1_and_2_with_dataset_expressions to None, run_after=None
[2026-04-02T05:41:52.247+0530] {logging_mixin.py:188} INFO - [2026-04-02T05:41:52.247+0530] {dag.py:3954} INFO - Setting next_dagrun for consume_1_or_2_with_dataset_expressions to None, run_after=None
[2026-04-02T05:41:52.248+0530] {logging_mixin.py:188} INFO - [2026-04-02T05:41:52.248+0530] {dag.py:3954} INFO - Setting next_dagrun for consume_1_or_both_2_and_3_with_dataset_expressions to None, run_after=None
[2026-04-02T05:41:52.248+0530] {logging_mixin.py:188} INFO - [2026-04-02T05:41:52.248+0530] {dag.py:3954} INFO - Setting next_dagrun for dataset_consumes_1 to None, run_after=None
[2026-04-02T05:41:52.249+0530] {logging_mixin.py:188} INFO - [2026-04-02T05:41:52.249+0530] {dag.py:3954} INFO - Setting next_dagrun for dataset_consumes_1_and_2 to None, run_after=None
[2026-04-02T05:41:52.249+0530] {logging_mixin.py:188} INFO - [2026-04-02T05:41:52.249+0530] {dag.py:3954} INFO - Setting next_dagrun for dataset_consumes_1_never_scheduled to None, run_after=None
[2026-04-02T05:41:52.250+0530] {logging_mixin.py:188} INFO - [2026-04-02T05:41:52.250+0530] {dag.py:3954} INFO - Setting next_dagrun for dataset_consumes_unknown_never_scheduled to None, run_after=None
[2026-04-02T05:41:52.251+0530] {logging_mixin.py:188} INFO - [2026-04-02T05:41:52.251+0530] {dag.py:3954} INFO - Setting next_dagrun for dataset_produces_1 to 2026-04-01 00:00:00+00:00, run_after=2026-04-02 00:00:00+00:00
[2026-04-02T05:41:52.251+0530] {logging_mixin.py:188} INFO - [2026-04-02T05:41:52.251+0530] {dag.py:3954} INFO - Setting next_dagrun for dataset_produces_2 to None, run_after=None
[2026-04-02T05:41:52.270+0530] {processor.py:183} INFO - Processing /Users/aswin/Documents/data-engineering-practice/ETL_Airflow_DBT/airflow/airflow_env/lib/python3.11/site-packages/airflow/example_dags/example_datasets.py took 0.120 seconds
[2026-04-02T05:42:23.416+0530] {processor.py:161} INFO - Started process (PID=22213) to work on /Users/aswin/Documents/data-engineering-practice/ETL_Airflow_DBT/airflow/airflow_env/lib/python3.11/site-packages/airflow/example_dags/example_datasets.py
[2026-04-02T05:42:23.416+0530] {processor.py:830} INFO - Processing file /Users/aswin/Documents/data-engineering-practice/ETL_Airflow_DBT/airflow/airflow_env/lib/python3.11/site-packages/airflow/example_dags/example_datasets.py for tasks to queue
[2026-04-02T05:42:23.417+0530] {logging_mixin.py:188} INFO - [2026-04-02T05:42:23.417+0530] {dagbag.py:540} INFO - Filling up the DagBag from /Users/aswin/Documents/data-engineering-practice/ETL_Airflow_DBT/airflow/airflow_env/lib/python3.11/site-packages/airflow/example_dags/example_datasets.py
[2026-04-02T05:42:23.438+0530] {processor.py:840} INFO - DAG(s) 'consume_1_or_2_with_dataset_expressions', 'conditional_dataset_and_time_based_timetable', 'dataset_consumes_1', 'dataset_produces_1', 'dataset_produces_2', 'consume_1_or_both_2_and_3_with_dataset_expressions', 'dataset_consumes_unknown_never_scheduled', 'dataset_consumes_1_never_scheduled', 'dataset_consumes_1_and_2', 'consume_1_and_2_with_dataset_expressions' retrieved from /Users/aswin/Documents/data-engineering-practice/ETL_Airflow_DBT/airflow/airflow_env/lib/python3.11/site-packages/airflow/example_dags/example_datasets.py
[2026-04-02T05:42:23.501+0530] {logging_mixin.py:188} INFO - [2026-04-02T05:42:23.501+0530] {dag.py:3096} INFO - Sync 10 DAGs
[2026-04-02T05:42:23.514+0530] {logging_mixin.py:188} INFO - [2026-04-02T05:42:23.514+0530] {dag.py:3954} INFO - Setting next_dagrun for conditional_dataset_and_time_based_timetable to 2026-04-01 01:00:00+00:00, run_after=2026-04-01 01:00:00+00:00
[2026-04-02T05:42:23.516+0530] {logging_mixin.py:188} INFO - [2026-04-02T05:42:23.516+0530] {dag.py:3954} INFO - Setting next_dagrun for consume_1_and_2_with_dataset_expressions to None, run_after=None
[2026-04-02T05:42:23.516+0530] {logging_mixin.py:188} INFO - [2026-04-02T05:42:23.516+0530] {dag.py:3954} INFO - Setting next_dagrun for consume_1_or_2_with_dataset_expressions to None, run_after=None
[2026-04-02T05:42:23.516+0530] {logging_mixin.py:188} INFO - [2026-04-02T05:42:23.516+0530] {dag.py:3954} INFO - Setting next_dagrun for consume_1_or_both_2_and_3_with_dataset_expressions to None, run_after=None
[2026-04-02T05:42:23.517+0530] {logging_mixin.py:188} INFO - [2026-04-02T05:42:23.517+0530] {dag.py:3954} INFO - Setting next_dagrun for dataset_consumes_1 to None, run_after=None
[2026-04-02T05:42:23.517+0530] {logging_mixin.py:188} INFO - [2026-04-02T05:42:23.517+0530] {dag.py:3954} INFO - Setting next_dagrun for dataset_consumes_1_and_2 to None, run_after=None
[2026-04-02T05:42:23.518+0530] {logging_mixin.py:188} INFO - [2026-04-02T05:42:23.518+0530] {dag.py:3954} INFO - Setting next_dagrun for dataset_consumes_1_never_scheduled to None, run_after=None
[2026-04-02T05:42:23.518+0530] {logging_mixin.py:188} INFO - [2026-04-02T05:42:23.518+0530] {dag.py:3954} INFO - Setting next_dagrun for dataset_consumes_unknown_never_scheduled to None, run_after=None
[2026-04-02T05:42:23.519+0530] {logging_mixin.py:188} INFO - [2026-04-02T05:42:23.519+0530] {dag.py:3954} INFO - Setting next_dagrun for dataset_produces_1 to 2026-04-01 00:00:00+00:00, run_after=2026-04-02 00:00:00+00:00
[2026-04-02T05:42:23.519+0530] {logging_mixin.py:188} INFO - [2026-04-02T05:42:23.519+0530] {dag.py:3954} INFO - Setting next_dagrun for dataset_produces_2 to None, run_after=None
[2026-04-02T05:42:23.541+0530] {processor.py:183} INFO - Processing /Users/aswin/Documents/data-engineering-practice/ETL_Airflow_DBT/airflow/airflow_env/lib/python3.11/site-packages/airflow/example_dags/example_datasets.py took 0.127 seconds
[2026-04-02T05:42:54.948+0530] {processor.py:161} INFO - Started process (PID=22343) to work on /Users/aswin/Documents/data-engineering-practice/ETL_Airflow_DBT/airflow/airflow_env/lib/python3.11/site-packages/airflow/example_dags/example_datasets.py
[2026-04-02T05:42:54.949+0530] {processor.py:830} INFO - Processing file /Users/aswin/Documents/data-engineering-practice/ETL_Airflow_DBT/airflow/airflow_env/lib/python3.11/site-packages/airflow/example_dags/example_datasets.py for tasks to queue
[2026-04-02T05:42:54.950+0530] {logging_mixin.py:188} INFO - [2026-04-02T05:42:54.950+0530] {dagbag.py:540} INFO - Filling up the DagBag from /Users/aswin/Documents/data-engineering-practice/ETL_Airflow_DBT/airflow/airflow_env/lib/python3.11/site-packages/airflow/example_dags/example_datasets.py
[2026-04-02T05:42:54.968+0530] {processor.py:840} INFO - DAG(s) 'dataset_consumes_1_and_2', 'conditional_dataset_and_time_based_timetable', 'consume_1_or_2_with_dataset_expressions', 'dataset_produces_1', 'dataset_produces_2', 'consume_1_or_both_2_and_3_with_dataset_expressions', 'consume_1_and_2_with_dataset_expressions', 'dataset_consumes_unknown_never_scheduled', 'dataset_consumes_1_never_scheduled', 'dataset_consumes_1' retrieved from /Users/aswin/Documents/data-engineering-practice/ETL_Airflow_DBT/airflow/airflow_env/lib/python3.11/site-packages/airflow/example_dags/example_datasets.py
[2026-04-02T05:42:55.028+0530] {logging_mixin.py:188} INFO - [2026-04-02T05:42:55.028+0530] {dag.py:3096} INFO - Sync 10 DAGs
[2026-04-02T05:42:55.040+0530] {logging_mixin.py:188} INFO - [2026-04-02T05:42:55.040+0530] {dag.py:3954} INFO - Setting next_dagrun for conditional_dataset_and_time_based_timetable to 2026-04-01 01:00:00+00:00, run_after=2026-04-01 01:00:00+00:00
[2026-04-02T05:42:55.041+0530] {logging_mixin.py:188} INFO - [2026-04-02T05:42:55.041+0530] {dag.py:3954} INFO - Setting next_dagrun for consume_1_and_2_with_dataset_expressions to None, run_after=None
[2026-04-02T05:42:55.042+0530] {logging_mixin.py:188} INFO - [2026-04-02T05:42:55.042+0530] {dag.py:3954} INFO - Setting next_dagrun for consume_1_or_2_with_dataset_expressions to None, run_after=None
[2026-04-02T05:42:55.043+0530] {logging_mixin.py:188} INFO - [2026-04-02T05:42:55.043+0530] {dag.py:3954} INFO - Setting next_dagrun for consume_1_or_both_2_and_3_with_dataset_expressions to None, run_after=None
[2026-04-02T05:42:55.043+0530] {logging_mixin.py:188} INFO - [2026-04-02T05:42:55.043+0530] {dag.py:3954} INFO - Setting next_dagrun for dataset_consumes_1 to None, run_after=None
[2026-04-02T05:42:55.044+0530] {logging_mixin.py:188} INFO - [2026-04-02T05:42:55.043+0530] {dag.py:3954} INFO - Setting next_dagrun for dataset_consumes_1_and_2 to None, run_after=None
[2026-04-02T05:42:55.044+0530] {logging_mixin.py:188} INFO - [2026-04-02T05:42:55.044+0530] {dag.py:3954} INFO - Setting next_dagrun for dataset_consumes_1_never_scheduled to None, run_after=None
[2026-04-02T05:42:55.044+0530] {logging_mixin.py:188} INFO - [2026-04-02T05:42:55.044+0530] {dag.py:3954} INFO - Setting next_dagrun for dataset_consumes_unknown_never_scheduled to None, run_after=None
[2026-04-02T05:42:55.045+0530] {logging_mixin.py:188} INFO - [2026-04-02T05:42:55.045+0530] {dag.py:3954} INFO - Setting next_dagrun for dataset_produces_1 to 2026-04-01 00:00:00+00:00, run_after=2026-04-02 00:00:00+00:00
[2026-04-02T05:42:55.046+0530] {logging_mixin.py:188} INFO - [2026-04-02T05:42:55.046+0530] {dag.py:3954} INFO - Setting next_dagrun for dataset_produces_2 to None, run_after=None
[2026-04-02T05:42:55.064+0530] {processor.py:183} INFO - Processing /Users/aswin/Documents/data-engineering-practice/ETL_Airflow_DBT/airflow/airflow_env/lib/python3.11/site-packages/airflow/example_dags/example_datasets.py took 0.117 seconds
[2026-04-02T05:43:26.618+0530] {processor.py:161} INFO - Started process (PID=22469) to work on /Users/aswin/Documents/data-engineering-practice/ETL_Airflow_DBT/airflow/airflow_env/lib/python3.11/site-packages/airflow/example_dags/example_datasets.py
[2026-04-02T05:43:26.619+0530] {processor.py:830} INFO - Processing file /Users/aswin/Documents/data-engineering-practice/ETL_Airflow_DBT/airflow/airflow_env/lib/python3.11/site-packages/airflow/example_dags/example_datasets.py for tasks to queue
[2026-04-02T05:43:26.620+0530] {logging_mixin.py:188} INFO - [2026-04-02T05:43:26.620+0530] {dagbag.py:540} INFO - Filling up the DagBag from /Users/aswin/Documents/data-engineering-practice/ETL_Airflow_DBT/airflow/airflow_env/lib/python3.11/site-packages/airflow/example_dags/example_datasets.py
[2026-04-02T05:43:26.646+0530] {processor.py:840} INFO - DAG(s) 'consume_1_and_2_with_dataset_expressions', 'dataset_produces_2', 'dataset_consumes_1_never_scheduled', 'dataset_consumes_unknown_never_scheduled', 'consume_1_or_both_2_and_3_with_dataset_expressions', 'consume_1_or_2_with_dataset_expressions', 'dataset_consumes_1', 'conditional_dataset_and_time_based_timetable', 'dataset_produces_1', 'dataset_consumes_1_and_2' retrieved from /Users/aswin/Documents/data-engineering-practice/ETL_Airflow_DBT/airflow/airflow_env/lib/python3.11/site-packages/airflow/example_dags/example_datasets.py
[2026-04-02T05:43:26.709+0530] {logging_mixin.py:188} INFO - [2026-04-02T05:43:26.708+0530] {dag.py:3096} INFO - Sync 10 DAGs
[2026-04-02T05:43:26.724+0530] {logging_mixin.py:188} INFO - [2026-04-02T05:43:26.724+0530] {dag.py:3954} INFO - Setting next_dagrun for conditional_dataset_and_time_based_timetable to 2026-04-01 01:00:00+00:00, run_after=2026-04-01 01:00:00+00:00
[2026-04-02T05:43:26.726+0530] {logging_mixin.py:188} INFO - [2026-04-02T05:43:26.726+0530] {dag.py:3954} INFO - Setting next_dagrun for consume_1_and_2_with_dataset_expressions to None, run_after=None
[2026-04-02T05:43:26.726+0530] {logging_mixin.py:188} INFO - [2026-04-02T05:43:26.726+0530] {dag.py:3954} INFO - Setting next_dagrun for consume_1_or_2_with_dataset_expressions to None, run_after=None
[2026-04-02T05:43:26.727+0530] {logging_mixin.py:188} INFO - [2026-04-02T05:43:26.727+0530] {dag.py:3954} INFO - Setting next_dagrun for consume_1_or_both_2_and_3_with_dataset_expressions to None, run_after=None
[2026-04-02T05:43:26.727+0530] {logging_mixin.py:188} INFO - [2026-04-02T05:43:26.727+0530] {dag.py:3954} INFO - Setting next_dagrun for dataset_consumes_1 to None, run_after=None
[2026-04-02T05:43:26.728+0530] {logging_mixin.py:188} INFO - [2026-04-02T05:43:26.728+0530] {dag.py:3954} INFO - Setting next_dagrun for dataset_consumes_1_and_2 to None, run_after=None
[2026-04-02T05:43:26.728+0530] {logging_mixin.py:188} INFO - [2026-04-02T05:43:26.728+0530] {dag.py:3954} INFO - Setting next_dagrun for dataset_consumes_1_never_scheduled to None, run_after=None
[2026-04-02T05:43:26.729+0530] {logging_mixin.py:188} INFO - [2026-04-02T05:43:26.729+0530] {dag.py:3954} INFO - Setting next_dagrun for dataset_consumes_unknown_never_scheduled to None, run_after=None
[2026-04-02T05:43:26.730+0530] {logging_mixin.py:188} INFO - [2026-04-02T05:43:26.729+0530] {dag.py:3954} INFO - Setting next_dagrun for dataset_produces_1 to 2026-04-01 00:00:00+00:00, run_after=2026-04-02 00:00:00+00:00
[2026-04-02T05:43:26.730+0530] {logging_mixin.py:188} INFO - [2026-04-02T05:43:26.730+0530] {dag.py:3954} INFO - Setting next_dagrun for dataset_produces_2 to None, run_after=None
[2026-04-02T05:43:26.751+0530] {processor.py:183} INFO - Processing /Users/aswin/Documents/data-engineering-practice/ETL_Airflow_DBT/airflow/airflow_env/lib/python3.11/site-packages/airflow/example_dags/example_datasets.py took 0.134 seconds
[2026-04-02T05:43:57.545+0530] {processor.py:161} INFO - Started process (PID=22608) to work on /Users/aswin/Documents/data-engineering-practice/ETL_Airflow_DBT/airflow/airflow_env/lib/python3.11/site-packages/airflow/example_dags/example_datasets.py
[2026-04-02T05:43:57.546+0530] {processor.py:830} INFO - Processing file /Users/aswin/Documents/data-engineering-practice/ETL_Airflow_DBT/airflow/airflow_env/lib/python3.11/site-packages/airflow/example_dags/example_datasets.py for tasks to queue
[2026-04-02T05:43:57.546+0530] {logging_mixin.py:188} INFO - [2026-04-02T05:43:57.546+0530] {dagbag.py:540} INFO - Filling up the DagBag from /Users/aswin/Documents/data-engineering-practice/ETL_Airflow_DBT/airflow/airflow_env/lib/python3.11/site-packages/airflow/example_dags/example_datasets.py
[2026-04-02T05:43:57.567+0530] {processor.py:840} INFO - DAG(s) 'consume_1_and_2_with_dataset_expressions', 'consume_1_or_2_with_dataset_expressions', 'dataset_consumes_unknown_never_scheduled', 'conditional_dataset_and_time_based_timetable', 'dataset_consumes_1_and_2', 'dataset_produces_2', 'dataset_consumes_1_never_scheduled', 'consume_1_or_both_2_and_3_with_dataset_expressions', 'dataset_consumes_1', 'dataset_produces_1' retrieved from /Users/aswin/Documents/data-engineering-practice/ETL_Airflow_DBT/airflow/airflow_env/lib/python3.11/site-packages/airflow/example_dags/example_datasets.py
[2026-04-02T05:43:57.630+0530] {logging_mixin.py:188} INFO - [2026-04-02T05:43:57.630+0530] {dag.py:3096} INFO - Sync 10 DAGs
[2026-04-02T05:43:57.644+0530] {logging_mixin.py:188} INFO - [2026-04-02T05:43:57.644+0530] {dag.py:3954} INFO - Setting next_dagrun for conditional_dataset_and_time_based_timetable to 2026-04-01 01:00:00+00:00, run_after=2026-04-01 01:00:00+00:00
[2026-04-02T05:43:57.646+0530] {logging_mixin.py:188} INFO - [2026-04-02T05:43:57.646+0530] {dag.py:3954} INFO - Setting next_dagrun for consume_1_and_2_with_dataset_expressions to None, run_after=None
[2026-04-02T05:43:57.646+0530] {logging_mixin.py:188} INFO - [2026-04-02T05:43:57.646+0530] {dag.py:3954} INFO - Setting next_dagrun for consume_1_or_2_with_dataset_expressions to None, run_after=None
[2026-04-02T05:43:57.647+0530] {logging_mixin.py:188} INFO - [2026-04-02T05:43:57.647+0530] {dag.py:3954} INFO - Setting next_dagrun for consume_1_or_both_2_and_3_with_dataset_expressions to None, run_after=None
[2026-04-02T05:43:57.647+0530] {logging_mixin.py:188} INFO - [2026-04-02T05:43:57.647+0530] {dag.py:3954} INFO - Setting next_dagrun for dataset_consumes_1 to None, run_after=None
[2026-04-02T05:43:57.648+0530] {logging_mixin.py:188} INFO - [2026-04-02T05:43:57.648+0530] {dag.py:3954} INFO - Setting next_dagrun for dataset_consumes_1_and_2 to None, run_after=None
[2026-04-02T05:43:57.648+0530] {logging_mixin.py:188} INFO - [2026-04-02T05:43:57.648+0530] {dag.py:3954} INFO - Setting next_dagrun for dataset_consumes_1_never_scheduled to None, run_after=None
[2026-04-02T05:43:57.649+0530] {logging_mixin.py:188} INFO - [2026-04-02T05:43:57.649+0530] {dag.py:3954} INFO - Setting next_dagrun for dataset_consumes_unknown_never_scheduled to None, run_after=None
[2026-04-02T05:43:57.649+0530] {logging_mixin.py:188} INFO - [2026-04-02T05:43:57.649+0530] {dag.py:3954} INFO - Setting next_dagrun for dataset_produces_1 to 2026-04-01 00:00:00+00:00, run_after=2026-04-02 00:00:00+00:00
[2026-04-02T05:43:57.650+0530] {logging_mixin.py:188} INFO - [2026-04-02T05:43:57.650+0530] {dag.py:3954} INFO - Setting next_dagrun for dataset_produces_2 to None, run_after=None
[2026-04-02T05:43:57.668+0530] {processor.py:183} INFO - Processing /Users/aswin/Documents/data-engineering-practice/ETL_Airflow_DBT/airflow/airflow_env/lib/python3.11/site-packages/airflow/example_dags/example_datasets.py took 0.124 seconds
[2026-04-02T05:44:28.704+0530] {processor.py:161} INFO - Started process (PID=22735) to work on /Users/aswin/Documents/data-engineering-practice/ETL_Airflow_DBT/airflow/airflow_env/lib/python3.11/site-packages/airflow/example_dags/example_datasets.py
[2026-04-02T05:44:28.706+0530] {processor.py:830} INFO - Processing file /Users/aswin/Documents/data-engineering-practice/ETL_Airflow_DBT/airflow/airflow_env/lib/python3.11/site-packages/airflow/example_dags/example_datasets.py for tasks to queue
[2026-04-02T05:44:28.706+0530] {logging_mixin.py:188} INFO - [2026-04-02T05:44:28.706+0530] {dagbag.py:540} INFO - Filling up the DagBag from /Users/aswin/Documents/data-engineering-practice/ETL_Airflow_DBT/airflow/airflow_env/lib/python3.11/site-packages/airflow/example_dags/example_datasets.py
[2026-04-02T05:44:28.732+0530] {processor.py:840} INFO - DAG(s) 'consume_1_or_both_2_and_3_with_dataset_expressions', 'dataset_consumes_1_and_2', 'dataset_consumes_1', 'consume_1_or_2_with_dataset_expressions', 'dataset_produces_1', 'dataset_consumes_1_never_scheduled', 'conditional_dataset_and_time_based_timetable', 'dataset_produces_2', 'dataset_consumes_unknown_never_scheduled', 'consume_1_and_2_with_dataset_expressions' retrieved from /Users/aswin/Documents/data-engineering-practice/ETL_Airflow_DBT/airflow/airflow_env/lib/python3.11/site-packages/airflow/example_dags/example_datasets.py
[2026-04-02T05:44:28.793+0530] {logging_mixin.py:188} INFO - [2026-04-02T05:44:28.793+0530] {dag.py:3096} INFO - Sync 10 DAGs
[2026-04-02T05:44:28.805+0530] {logging_mixin.py:188} INFO - [2026-04-02T05:44:28.805+0530] {dag.py:3954} INFO - Setting next_dagrun for conditional_dataset_and_time_based_timetable to 2026-04-01 01:00:00+00:00, run_after=2026-04-01 01:00:00+00:00
[2026-04-02T05:44:28.807+0530] {logging_mixin.py:188} INFO - [2026-04-02T05:44:28.807+0530] {dag.py:3954} INFO - Setting next_dagrun for consume_1_and_2_with_dataset_expressions to None, run_after=None
[2026-04-02T05:44:28.808+0530] {logging_mixin.py:188} INFO - [2026-04-02T05:44:28.808+0530] {dag.py:3954} INFO - Setting next_dagrun for consume_1_or_2_with_dataset_expressions to None, run_after=None
[2026-04-02T05:44:28.808+0530] {logging_mixin.py:188} INFO - [2026-04-02T05:44:28.808+0530] {dag.py:3954} INFO - Setting next_dagrun for consume_1_or_both_2_and_3_with_dataset_expressions to None, run_after=None
[2026-04-02T05:44:28.808+0530] {logging_mixin.py:188} INFO - [2026-04-02T05:44:28.808+0530] {dag.py:3954} INFO - Setting next_dagrun for dataset_consumes_1 to None, run_after=None
[2026-04-02T05:44:28.809+0530] {logging_mixin.py:188} INFO - [2026-04-02T05:44:28.809+0530] {dag.py:3954} INFO - Setting next_dagrun for dataset_consumes_1_and_2 to None, run_after=None
[2026-04-02T05:44:28.809+0530] {logging_mixin.py:188} INFO - [2026-04-02T05:44:28.809+0530] {dag.py:3954} INFO - Setting next_dagrun for dataset_consumes_1_never_scheduled to None, run_after=None
[2026-04-02T05:44:28.810+0530] {logging_mixin.py:188} INFO - [2026-04-02T05:44:28.810+0530] {dag.py:3954} INFO - Setting next_dagrun for dataset_consumes_unknown_never_scheduled to None, run_after=None
[2026-04-02T05:44:28.810+0530] {logging_mixin.py:188} INFO - [2026-04-02T05:44:28.810+0530] {dag.py:3954} INFO - Setting next_dagrun for dataset_produces_1 to 2026-04-01 00:00:00+00:00, run_after=2026-04-02 00:00:00+00:00
[2026-04-02T05:44:28.811+0530] {logging_mixin.py:188} INFO - [2026-04-02T05:44:28.811+0530] {dag.py:3954} INFO - Setting next_dagrun for dataset_produces_2 to None, run_after=None
[2026-04-02T05:44:28.825+0530] {processor.py:183} INFO - Processing /Users/aswin/Documents/data-engineering-practice/ETL_Airflow_DBT/airflow/airflow_env/lib/python3.11/site-packages/airflow/example_dags/example_datasets.py took 0.122 seconds
[2026-04-02T05:44:59.732+0530] {processor.py:161} INFO - Started process (PID=22863) to work on /Users/aswin/Documents/data-engineering-practice/ETL_Airflow_DBT/airflow/airflow_env/lib/python3.11/site-packages/airflow/example_dags/example_datasets.py
[2026-04-02T05:44:59.733+0530] {processor.py:830} INFO - Processing file /Users/aswin/Documents/data-engineering-practice/ETL_Airflow_DBT/airflow/airflow_env/lib/python3.11/site-packages/airflow/example_dags/example_datasets.py for tasks to queue
[2026-04-02T05:44:59.733+0530] {logging_mixin.py:188} INFO - [2026-04-02T05:44:59.733+0530] {dagbag.py:540} INFO - Filling up the DagBag from /Users/aswin/Documents/data-engineering-practice/ETL_Airflow_DBT/airflow/airflow_env/lib/python3.11/site-packages/airflow/example_dags/example_datasets.py
[2026-04-02T05:44:59.755+0530] {processor.py:840} INFO - DAG(s) 'dataset_consumes_1_never_scheduled', 'consume_1_or_both_2_and_3_with_dataset_expressions', 'dataset_consumes_1', 'dataset_produces_2', 'consume_1_or_2_with_dataset_expressions', 'dataset_consumes_1_and_2', 'dataset_produces_1', 'consume_1_and_2_with_dataset_expressions', 'dataset_consumes_unknown_never_scheduled', 'conditional_dataset_and_time_based_timetable' retrieved from /Users/aswin/Documents/data-engineering-practice/ETL_Airflow_DBT/airflow/airflow_env/lib/python3.11/site-packages/airflow/example_dags/example_datasets.py
[2026-04-02T05:44:59.815+0530] {logging_mixin.py:188} INFO - [2026-04-02T05:44:59.815+0530] {dag.py:3096} INFO - Sync 10 DAGs
[2026-04-02T05:44:59.825+0530] {logging_mixin.py:188} INFO - [2026-04-02T05:44:59.825+0530] {dag.py:3954} INFO - Setting next_dagrun for conditional_dataset_and_time_based_timetable to 2026-04-01 01:00:00+00:00, run_after=2026-04-01 01:00:00+00:00
[2026-04-02T05:44:59.827+0530] {logging_mixin.py:188} INFO - [2026-04-02T05:44:59.827+0530] {dag.py:3954} INFO - Setting next_dagrun for consume_1_and_2_with_dataset_expressions to None, run_after=None
[2026-04-02T05:44:59.827+0530] {logging_mixin.py:188} INFO - [2026-04-02T05:44:59.827+0530] {dag.py:3954} INFO - Setting next_dagrun for consume_1_or_2_with_dataset_expressions to None, run_after=None
[2026-04-02T05:44:59.828+0530] {logging_mixin.py:188} INFO - [2026-04-02T05:44:59.828+0530] {dag.py:3954} INFO - Setting next_dagrun for consume_1_or_both_2_and_3_with_dataset_expressions to None, run_after=None
[2026-04-02T05:44:59.828+0530] {logging_mixin.py:188} INFO - [2026-04-02T05:44:59.828+0530] {dag.py:3954} INFO - Setting next_dagrun for dataset_consumes_1 to None, run_after=None
[2026-04-02T05:44:59.829+0530] {logging_mixin.py:188} INFO - [2026-04-02T05:44:59.829+0530] {dag.py:3954} INFO - Setting next_dagrun for dataset_consumes_1_and_2 to None, run_after=None
[2026-04-02T05:44:59.829+0530] {logging_mixin.py:188} INFO - [2026-04-02T05:44:59.829+0530] {dag.py:3954} INFO - Setting next_dagrun for dataset_consumes_1_never_scheduled to None, run_after=None
[2026-04-02T05:44:59.829+0530] {logging_mixin.py:188} INFO - [2026-04-02T05:44:59.829+0530] {dag.py:3954} INFO - Setting next_dagrun for dataset_consumes_unknown_never_scheduled to None, run_after=None
[2026-04-02T05:44:59.830+0530] {logging_mixin.py:188} INFO - [2026-04-02T05:44:59.830+0530] {dag.py:3954} INFO - Setting next_dagrun for dataset_produces_1 to 2026-04-01 00:00:00+00:00, run_after=2026-04-02 00:00:00+00:00
[2026-04-02T05:44:59.830+0530] {logging_mixin.py:188} INFO - [2026-04-02T05:44:59.830+0530] {dag.py:3954} INFO - Setting next_dagrun for dataset_produces_2 to None, run_after=None
[2026-04-02T05:44:59.844+0530] {processor.py:183} INFO - Processing /Users/aswin/Documents/data-engineering-practice/ETL_Airflow_DBT/airflow/airflow_env/lib/python3.11/site-packages/airflow/example_dags/example_datasets.py took 0.114 seconds
[2026-04-02T05:45:31.157+0530] {processor.py:161} INFO - Started process (PID=22984) to work on /Users/aswin/Documents/data-engineering-practice/ETL_Airflow_DBT/airflow/airflow_env/lib/python3.11/site-packages/airflow/example_dags/example_datasets.py
[2026-04-02T05:45:31.158+0530] {processor.py:830} INFO - Processing file /Users/aswin/Documents/data-engineering-practice/ETL_Airflow_DBT/airflow/airflow_env/lib/python3.11/site-packages/airflow/example_dags/example_datasets.py for tasks to queue
[2026-04-02T05:45:31.158+0530] {logging_mixin.py:188} INFO - [2026-04-02T05:45:31.158+0530] {dagbag.py:540} INFO - Filling up the DagBag from /Users/aswin/Documents/data-engineering-practice/ETL_Airflow_DBT/airflow/airflow_env/lib/python3.11/site-packages/airflow/example_dags/example_datasets.py
[2026-04-02T05:45:31.185+0530] {processor.py:840} INFO - DAG(s) 'conditional_dataset_and_time_based_timetable', 'dataset_consumes_unknown_never_scheduled', 'dataset_consumes_1_never_scheduled', 'dataset_produces_1', 'dataset_consumes_1', 'dataset_produces_2', 'dataset_consumes_1_and_2', 'consume_1_or_2_with_dataset_expressions', 'consume_1_or_both_2_and_3_with_dataset_expressions', 'consume_1_and_2_with_dataset_expressions' retrieved from /Users/aswin/Documents/data-engineering-practice/ETL_Airflow_DBT/airflow/airflow_env/lib/python3.11/site-packages/airflow/example_dags/example_datasets.py
[2026-04-02T05:45:31.247+0530] {logging_mixin.py:188} INFO - [2026-04-02T05:45:31.247+0530] {dag.py:3096} INFO - Sync 10 DAGs
[2026-04-02T05:45:31.259+0530] {logging_mixin.py:188} INFO - [2026-04-02T05:45:31.258+0530] {dag.py:3954} INFO - Setting next_dagrun for conditional_dataset_and_time_based_timetable to 2026-04-01 01:00:00+00:00, run_after=2026-04-01 01:00:00+00:00
[2026-04-02T05:45:31.260+0530] {logging_mixin.py:188} INFO - [2026-04-02T05:45:31.260+0530] {dag.py:3954} INFO - Setting next_dagrun for consume_1_and_2_with_dataset_expressions to None, run_after=None
[2026-04-02T05:45:31.260+0530] {logging_mixin.py:188} INFO - [2026-04-02T05:45:31.260+0530] {dag.py:3954} INFO - Setting next_dagrun for consume_1_or_2_with_dataset_expressions to None, run_after=None
[2026-04-02T05:45:31.261+0530] {logging_mixin.py:188} INFO - [2026-04-02T05:45:31.261+0530] {dag.py:3954} INFO - Setting next_dagrun for consume_1_or_both_2_and_3_with_dataset_expressions to None, run_after=None
[2026-04-02T05:45:31.261+0530] {logging_mixin.py:188} INFO - [2026-04-02T05:45:31.261+0530] {dag.py:3954} INFO - Setting next_dagrun for dataset_consumes_1 to None, run_after=None
[2026-04-02T05:45:31.261+0530] {logging_mixin.py:188} INFO - [2026-04-02T05:45:31.261+0530] {dag.py:3954} INFO - Setting next_dagrun for dataset_consumes_1_and_2 to None, run_after=None
[2026-04-02T05:45:31.262+0530] {logging_mixin.py:188} INFO - [2026-04-02T05:45:31.262+0530] {dag.py:3954} INFO - Setting next_dagrun for dataset_consumes_1_never_scheduled to None, run_after=None
[2026-04-02T05:45:31.262+0530] {logging_mixin.py:188} INFO - [2026-04-02T05:45:31.262+0530] {dag.py:3954} INFO - Setting next_dagrun for dataset_consumes_unknown_never_scheduled to None, run_after=None
[2026-04-02T05:45:31.263+0530] {logging_mixin.py:188} INFO - [2026-04-02T05:45:31.263+0530] {dag.py:3954} INFO - Setting next_dagrun for dataset_produces_1 to 2026-04-01 00:00:00+00:00, run_after=2026-04-02 00:00:00+00:00
[2026-04-02T05:45:31.263+0530] {logging_mixin.py:188} INFO - [2026-04-02T05:45:31.263+0530] {dag.py:3954} INFO - Setting next_dagrun for dataset_produces_2 to None, run_after=None
[2026-04-02T05:45:31.277+0530] {processor.py:183} INFO - Processing /Users/aswin/Documents/data-engineering-practice/ETL_Airflow_DBT/airflow/airflow_env/lib/python3.11/site-packages/airflow/example_dags/example_datasets.py took 0.121 seconds
[2026-04-02T05:46:02.159+0530] {processor.py:161} INFO - Started process (PID=23099) to work on /Users/aswin/Documents/data-engineering-practice/ETL_Airflow_DBT/airflow/airflow_env/lib/python3.11/site-packages/airflow/example_dags/example_datasets.py
[2026-04-02T05:46:02.160+0530] {processor.py:830} INFO - Processing file /Users/aswin/Documents/data-engineering-practice/ETL_Airflow_DBT/airflow/airflow_env/lib/python3.11/site-packages/airflow/example_dags/example_datasets.py for tasks to queue
[2026-04-02T05:46:02.161+0530] {logging_mixin.py:188} INFO - [2026-04-02T05:46:02.161+0530] {dagbag.py:540} INFO - Filling up the DagBag from /Users/aswin/Documents/data-engineering-practice/ETL_Airflow_DBT/airflow/airflow_env/lib/python3.11/site-packages/airflow/example_dags/example_datasets.py
[2026-04-02T05:46:02.177+0530] {processor.py:840} INFO - DAG(s) 'dataset_consumes_unknown_never_scheduled', 'dataset_consumes_1', 'consume_1_or_2_with_dataset_expressions', 'dataset_consumes_1_and_2', 'consume_1_and_2_with_dataset_expressions', 'dataset_produces_2', 'dataset_consumes_1_never_scheduled', 'consume_1_or_both_2_and_3_with_dataset_expressions', 'conditional_dataset_and_time_based_timetable', 'dataset_produces_1' retrieved from /Users/aswin/Documents/data-engineering-practice/ETL_Airflow_DBT/airflow/airflow_env/lib/python3.11/site-packages/airflow/example_dags/example_datasets.py
[2026-04-02T05:46:02.244+0530] {logging_mixin.py:188} INFO - [2026-04-02T05:46:02.244+0530] {dag.py:3096} INFO - Sync 10 DAGs
[2026-04-02T05:46:02.257+0530] {logging_mixin.py:188} INFO - [2026-04-02T05:46:02.256+0530] {dag.py:3954} INFO - Setting next_dagrun for conditional_dataset_and_time_based_timetable to 2026-04-01 01:00:00+00:00, run_after=2026-04-01 01:00:00+00:00
[2026-04-02T05:46:02.258+0530] {logging_mixin.py:188} INFO - [2026-04-02T05:46:02.258+0530] {dag.py:3954} INFO - Setting next_dagrun for consume_1_and_2_with_dataset_expressions to None, run_after=None
[2026-04-02T05:46:02.259+0530] {logging_mixin.py:188} INFO - [2026-04-02T05:46:02.259+0530] {dag.py:3954} INFO - Setting next_dagrun for consume_1_or_2_with_dataset_expressions to None, run_after=None
[2026-04-02T05:46:02.259+0530] {logging_mixin.py:188} INFO - [2026-04-02T05:46:02.259+0530] {dag.py:3954} INFO - Setting next_dagrun for consume_1_or_both_2_and_3_with_dataset_expressions to None, run_after=None
[2026-04-02T05:46:02.260+0530] {logging_mixin.py:188} INFO - [2026-04-02T05:46:02.260+0530] {dag.py:3954} INFO - Setting next_dagrun for dataset_consumes_1 to None, run_after=None
[2026-04-02T05:46:02.260+0530] {logging_mixin.py:188} INFO - [2026-04-02T05:46:02.260+0530] {dag.py:3954} INFO - Setting next_dagrun for dataset_consumes_1_and_2 to None, run_after=None
[2026-04-02T05:46:02.260+0530] {logging_mixin.py:188} INFO - [2026-04-02T05:46:02.260+0530] {dag.py:3954} INFO - Setting next_dagrun for dataset_consumes_1_never_scheduled to None, run_after=None
[2026-04-02T05:46:02.261+0530] {logging_mixin.py:188} INFO - [2026-04-02T05:46:02.261+0530] {dag.py:3954} INFO - Setting next_dagrun for dataset_consumes_unknown_never_scheduled to None, run_after=None
[2026-04-02T05:46:02.262+0530] {logging_mixin.py:188} INFO - [2026-04-02T05:46:02.262+0530] {dag.py:3954} INFO - Setting next_dagrun for dataset_produces_1 to 2026-04-01 00:00:00+00:00, run_after=2026-04-02 00:00:00+00:00
[2026-04-02T05:46:02.262+0530] {logging_mixin.py:188} INFO - [2026-04-02T05:46:02.262+0530] {dag.py:3954} INFO - Setting next_dagrun for dataset_produces_2 to None, run_after=None
[2026-04-02T05:46:02.285+0530] {processor.py:183} INFO - Processing /Users/aswin/Documents/data-engineering-practice/ETL_Airflow_DBT/airflow/airflow_env/lib/python3.11/site-packages/airflow/example_dags/example_datasets.py took 0.127 seconds
[2026-04-02T05:46:33.552+0530] {processor.py:161} INFO - Started process (PID=23214) to work on /Users/aswin/Documents/data-engineering-practice/ETL_Airflow_DBT/airflow/airflow_env/lib/python3.11/site-packages/airflow/example_dags/example_datasets.py
[2026-04-02T05:46:33.553+0530] {processor.py:830} INFO - Processing file /Users/aswin/Documents/data-engineering-practice/ETL_Airflow_DBT/airflow/airflow_env/lib/python3.11/site-packages/airflow/example_dags/example_datasets.py for tasks to queue
[2026-04-02T05:46:33.553+0530] {logging_mixin.py:188} INFO - [2026-04-02T05:46:33.553+0530] {dagbag.py:540} INFO - Filling up the DagBag from /Users/aswin/Documents/data-engineering-practice/ETL_Airflow_DBT/airflow/airflow_env/lib/python3.11/site-packages/airflow/example_dags/example_datasets.py
[2026-04-02T05:46:33.571+0530] {processor.py:840} INFO - DAG(s) 'consume_1_and_2_with_dataset_expressions', 'consume_1_or_2_with_dataset_expressions', 'conditional_dataset_and_time_based_timetable', 'dataset_produces_1', 'dataset_produces_2', 'dataset_consumes_1', 'consume_1_or_both_2_and_3_with_dataset_expressions', 'dataset_consumes_unknown_never_scheduled', 'dataset_consumes_1_and_2', 'dataset_consumes_1_never_scheduled' retrieved from /Users/aswin/Documents/data-engineering-practice/ETL_Airflow_DBT/airflow/airflow_env/lib/python3.11/site-packages/airflow/example_dags/example_datasets.py
[2026-04-02T05:46:33.639+0530] {logging_mixin.py:188} INFO - [2026-04-02T05:46:33.639+0530] {dag.py:3096} INFO - Sync 10 DAGs
[2026-04-02T05:46:33.652+0530] {logging_mixin.py:188} INFO - [2026-04-02T05:46:33.652+0530] {dag.py:3954} INFO - Setting next_dagrun for conditional_dataset_and_time_based_timetable to 2026-04-01 01:00:00+00:00, run_after=2026-04-01 01:00:00+00:00
[2026-04-02T05:46:33.653+0530] {logging_mixin.py:188} INFO - [2026-04-02T05:46:33.653+0530] {dag.py:3954} INFO - Setting next_dagrun for consume_1_and_2_with_dataset_expressions to None, run_after=None
[2026-04-02T05:46:33.654+0530] {logging_mixin.py:188} INFO - [2026-04-02T05:46:33.654+0530] {dag.py:3954} INFO - Setting next_dagrun for consume_1_or_2_with_dataset_expressions to None, run_after=None
[2026-04-02T05:46:33.654+0530] {logging_mixin.py:188} INFO - [2026-04-02T05:46:33.654+0530] {dag.py:3954} INFO - Setting next_dagrun for consume_1_or_both_2_and_3_with_dataset_expressions to None, run_after=None
[2026-04-02T05:46:33.655+0530] {logging_mixin.py:188} INFO - [2026-04-02T05:46:33.655+0530] {dag.py:3954} INFO - Setting next_dagrun for dataset_consumes_1 to None, run_after=None
[2026-04-02T05:46:33.655+0530] {logging_mixin.py:188} INFO - [2026-04-02T05:46:33.655+0530] {dag.py:3954} INFO - Setting next_dagrun for dataset_consumes_1_and_2 to None, run_after=None
[2026-04-02T05:46:33.656+0530] {logging_mixin.py:188} INFO - [2026-04-02T05:46:33.656+0530] {dag.py:3954} INFO - Setting next_dagrun for dataset_consumes_1_never_scheduled to None, run_after=None
[2026-04-02T05:46:33.656+0530] {logging_mixin.py:188} INFO - [2026-04-02T05:46:33.656+0530] {dag.py:3954} INFO - Setting next_dagrun for dataset_consumes_unknown_never_scheduled to None, run_after=None
[2026-04-02T05:46:33.657+0530] {logging_mixin.py:188} INFO - [2026-04-02T05:46:33.657+0530] {dag.py:3954} INFO - Setting next_dagrun for dataset_produces_1 to 2026-04-01 00:00:00+00:00, run_after=2026-04-02 00:00:00+00:00
[2026-04-02T05:46:33.658+0530] {logging_mixin.py:188} INFO - [2026-04-02T05:46:33.658+0530] {dag.py:3954} INFO - Setting next_dagrun for dataset_produces_2 to None, run_after=None
[2026-04-02T05:46:33.673+0530] {processor.py:183} INFO - Processing /Users/aswin/Documents/data-engineering-practice/ETL_Airflow_DBT/airflow/airflow_env/lib/python3.11/site-packages/airflow/example_dags/example_datasets.py took 0.122 seconds
[2026-04-02T05:47:04.968+0530] {processor.py:161} INFO - Started process (PID=23327) to work on /Users/aswin/Documents/data-engineering-practice/ETL_Airflow_DBT/airflow/airflow_env/lib/python3.11/site-packages/airflow/example_dags/example_datasets.py
[2026-04-02T05:47:04.969+0530] {processor.py:830} INFO - Processing file /Users/aswin/Documents/data-engineering-practice/ETL_Airflow_DBT/airflow/airflow_env/lib/python3.11/site-packages/airflow/example_dags/example_datasets.py for tasks to queue
[2026-04-02T05:47:04.969+0530] {logging_mixin.py:188} INFO - [2026-04-02T05:47:04.969+0530] {dagbag.py:540} INFO - Filling up the DagBag from /Users/aswin/Documents/data-engineering-practice/ETL_Airflow_DBT/airflow/airflow_env/lib/python3.11/site-packages/airflow/example_dags/example_datasets.py
[2026-04-02T05:47:04.992+0530] {processor.py:840} INFO - DAG(s) 'consume_1_and_2_with_dataset_expressions', 'dataset_consumes_1_and_2', 'dataset_consumes_unknown_never_scheduled', 'dataset_consumes_1_never_scheduled', 'dataset_produces_2', 'dataset_consumes_1', 'conditional_dataset_and_time_based_timetable', 'consume_1_or_2_with_dataset_expressions', 'dataset_produces_1', 'consume_1_or_both_2_and_3_with_dataset_expressions' retrieved from /Users/aswin/Documents/data-engineering-practice/ETL_Airflow_DBT/airflow/airflow_env/lib/python3.11/site-packages/airflow/example_dags/example_datasets.py
[2026-04-02T05:47:05.056+0530] {logging_mixin.py:188} INFO - [2026-04-02T05:47:05.056+0530] {dag.py:3096} INFO - Sync 10 DAGs
[2026-04-02T05:47:05.068+0530] {logging_mixin.py:188} INFO - [2026-04-02T05:47:05.067+0530] {dag.py:3954} INFO - Setting next_dagrun for conditional_dataset_and_time_based_timetable to 2026-04-01 01:00:00+00:00, run_after=2026-04-01 01:00:00+00:00
[2026-04-02T05:47:05.069+0530] {logging_mixin.py:188} INFO - [2026-04-02T05:47:05.069+0530] {dag.py:3954} INFO - Setting next_dagrun for consume_1_and_2_with_dataset_expressions to None, run_after=None
[2026-04-02T05:47:05.069+0530] {logging_mixin.py:188} INFO - [2026-04-02T05:47:05.069+0530] {dag.py:3954} INFO - Setting next_dagrun for consume_1_or_2_with_dataset_expressions to None, run_after=None
[2026-04-02T05:47:05.070+0530] {logging_mixin.py:188} INFO - [2026-04-02T05:47:05.070+0530] {dag.py:3954} INFO - Setting next_dagrun for consume_1_or_both_2_and_3_with_dataset_expressions to None, run_after=None
[2026-04-02T05:47:05.070+0530] {logging_mixin.py:188} INFO - [2026-04-02T05:47:05.070+0530] {dag.py:3954} INFO - Setting next_dagrun for dataset_consumes_1 to None, run_after=None
[2026-04-02T05:47:05.070+0530] {logging_mixin.py:188} INFO - [2026-04-02T05:47:05.070+0530] {dag.py:3954} INFO - Setting next_dagrun for dataset_consumes_1_and_2 to None, run_after=None
[2026-04-02T05:47:05.071+0530] {logging_mixin.py:188} INFO - [2026-04-02T05:47:05.071+0530] {dag.py:3954} INFO - Setting next_dagrun for dataset_consumes_1_never_scheduled to None, run_after=None
[2026-04-02T05:47:05.071+0530] {logging_mixin.py:188} INFO - [2026-04-02T05:47:05.071+0530] {dag.py:3954} INFO - Setting next_dagrun for dataset_consumes_unknown_never_scheduled to None, run_after=None
[2026-04-02T05:47:05.072+0530] {logging_mixin.py:188} INFO - [2026-04-02T05:47:05.072+0530] {dag.py:3954} INFO - Setting next_dagrun for dataset_produces_1 to 2026-04-01 00:00:00+00:00, run_after=2026-04-02 00:00:00+00:00
[2026-04-02T05:47:05.072+0530] {logging_mixin.py:188} INFO - [2026-04-02T05:47:05.072+0530] {dag.py:3954} INFO - Setting next_dagrun for dataset_produces_2 to None, run_after=None
[2026-04-02T05:47:05.090+0530] {processor.py:183} INFO - Processing /Users/aswin/Documents/data-engineering-practice/ETL_Airflow_DBT/airflow/airflow_env/lib/python3.11/site-packages/airflow/example_dags/example_datasets.py took 0.123 seconds
[2026-04-02T05:47:36.508+0530] {processor.py:161} INFO - Started process (PID=23442) to work on /Users/aswin/Documents/data-engineering-practice/ETL_Airflow_DBT/airflow/airflow_env/lib/python3.11/site-packages/airflow/example_dags/example_datasets.py
[2026-04-02T05:47:36.508+0530] {processor.py:830} INFO - Processing file /Users/aswin/Documents/data-engineering-practice/ETL_Airflow_DBT/airflow/airflow_env/lib/python3.11/site-packages/airflow/example_dags/example_datasets.py for tasks to queue
[2026-04-02T05:47:36.509+0530] {logging_mixin.py:188} INFO - [2026-04-02T05:47:36.509+0530] {dagbag.py:540} INFO - Filling up the DagBag from /Users/aswin/Documents/data-engineering-practice/ETL_Airflow_DBT/airflow/airflow_env/lib/python3.11/site-packages/airflow/example_dags/example_datasets.py
[2026-04-02T05:47:36.531+0530] {processor.py:840} INFO - DAG(s) 'dataset_consumes_unknown_never_scheduled', 'dataset_consumes_1_and_2', 'dataset_produces_1', 'consume_1_or_2_with_dataset_expressions', 'dataset_produces_2', 'dataset_consumes_1', 'conditional_dataset_and_time_based_timetable', 'consume_1_and_2_with_dataset_expressions', 'consume_1_or_both_2_and_3_with_dataset_expressions', 'dataset_consumes_1_never_scheduled' retrieved from /Users/aswin/Documents/data-engineering-practice/ETL_Airflow_DBT/airflow/airflow_env/lib/python3.11/site-packages/airflow/example_dags/example_datasets.py
[2026-04-02T05:47:36.594+0530] {logging_mixin.py:188} INFO - [2026-04-02T05:47:36.594+0530] {dag.py:3096} INFO - Sync 10 DAGs
[2026-04-02T05:47:36.607+0530] {logging_mixin.py:188} INFO - [2026-04-02T05:47:36.607+0530] {dag.py:3954} INFO - Setting next_dagrun for conditional_dataset_and_time_based_timetable to 2026-04-01 01:00:00+00:00, run_after=2026-04-01 01:00:00+00:00
[2026-04-02T05:47:36.609+0530] {logging_mixin.py:188} INFO - [2026-04-02T05:47:36.609+0530] {dag.py:3954} INFO - Setting next_dagrun for consume_1_and_2_with_dataset_expressions to None, run_after=None
[2026-04-02T05:47:36.609+0530] {logging_mixin.py:188} INFO - [2026-04-02T05:47:36.609+0530] {dag.py:3954} INFO - Setting next_dagrun for consume_1_or_2_with_dataset_expressions to None, run_after=None
[2026-04-02T05:47:36.610+0530] {logging_mixin.py:188} INFO - [2026-04-02T05:47:36.610+0530] {dag.py:3954} INFO - Setting next_dagrun for consume_1_or_both_2_and_3_with_dataset_expressions to None, run_after=None
[2026-04-02T05:47:36.610+0530] {logging_mixin.py:188} INFO - [2026-04-02T05:47:36.610+0530] {dag.py:3954} INFO - Setting next_dagrun for dataset_consumes_1 to None, run_after=None
[2026-04-02T05:47:36.610+0530] {logging_mixin.py:188} INFO - [2026-04-02T05:47:36.610+0530] {dag.py:3954} INFO - Setting next_dagrun for dataset_consumes_1_and_2 to None, run_after=None
[2026-04-02T05:47:36.611+0530] {logging_mixin.py:188} INFO - [2026-04-02T05:47:36.611+0530] {dag.py:3954} INFO - Setting next_dagrun for dataset_consumes_1_never_scheduled to None, run_after=None
[2026-04-02T05:47:36.611+0530] {logging_mixin.py:188} INFO - [2026-04-02T05:47:36.611+0530] {dag.py:3954} INFO - Setting next_dagrun for dataset_consumes_unknown_never_scheduled to None, run_after=None
[2026-04-02T05:47:36.612+0530] {logging_mixin.py:188} INFO - [2026-04-02T05:47:36.612+0530] {dag.py:3954} INFO - Setting next_dagrun for dataset_produces_1 to 2026-04-01 00:00:00+00:00, run_after=2026-04-02 00:00:00+00:00
[2026-04-02T05:47:36.612+0530] {logging_mixin.py:188} INFO - [2026-04-02T05:47:36.612+0530] {dag.py:3954} INFO - Setting next_dagrun for dataset_produces_2 to None, run_after=None
[2026-04-02T05:47:36.629+0530] {processor.py:183} INFO - Processing /Users/aswin/Documents/data-engineering-practice/ETL_Airflow_DBT/airflow/airflow_env/lib/python3.11/site-packages/airflow/example_dags/example_datasets.py took 0.122 seconds
[2026-04-02T05:48:07.420+0530] {processor.py:161} INFO - Started process (PID=23557) to work on /Users/aswin/Documents/data-engineering-practice/ETL_Airflow_DBT/airflow/airflow_env/lib/python3.11/site-packages/airflow/example_dags/example_datasets.py
[2026-04-02T05:48:07.421+0530] {processor.py:830} INFO - Processing file /Users/aswin/Documents/data-engineering-practice/ETL_Airflow_DBT/airflow/airflow_env/lib/python3.11/site-packages/airflow/example_dags/example_datasets.py for tasks to queue
[2026-04-02T05:48:07.421+0530] {logging_mixin.py:188} INFO - [2026-04-02T05:48:07.421+0530] {dagbag.py:540} INFO - Filling up the DagBag from /Users/aswin/Documents/data-engineering-practice/ETL_Airflow_DBT/airflow/airflow_env/lib/python3.11/site-packages/airflow/example_dags/example_datasets.py
[2026-04-02T05:48:07.442+0530] {processor.py:840} INFO - DAG(s) 'consume_1_or_2_with_dataset_expressions', 'dataset_consumes_1_never_scheduled', 'dataset_consumes_1_and_2', 'dataset_produces_1', 'dataset_consumes_unknown_never_scheduled', 'conditional_dataset_and_time_based_timetable', 'dataset_consumes_1', 'consume_1_or_both_2_and_3_with_dataset_expressions', 'dataset_produces_2', 'consume_1_and_2_with_dataset_expressions' retrieved from /Users/aswin/Documents/data-engineering-practice/ETL_Airflow_DBT/airflow/airflow_env/lib/python3.11/site-packages/airflow/example_dags/example_datasets.py
[2026-04-02T05:48:07.506+0530] {logging_mixin.py:188} INFO - [2026-04-02T05:48:07.506+0530] {dag.py:3096} INFO - Sync 10 DAGs
[2026-04-02T05:48:07.520+0530] {logging_mixin.py:188} INFO - [2026-04-02T05:48:07.520+0530] {dag.py:3954} INFO - Setting next_dagrun for conditional_dataset_and_time_based_timetable to 2026-04-01 01:00:00+00:00, run_after=2026-04-01 01:00:00+00:00
[2026-04-02T05:48:07.522+0530] {logging_mixin.py:188} INFO - [2026-04-02T05:48:07.522+0530] {dag.py:3954} INFO - Setting next_dagrun for consume_1_and_2_with_dataset_expressions to None, run_after=None
[2026-04-02T05:48:07.522+0530] {logging_mixin.py:188} INFO - [2026-04-02T05:48:07.522+0530] {dag.py:3954} INFO - Setting next_dagrun for consume_1_or_2_with_dataset_expressions to None, run_after=None
[2026-04-02T05:48:07.523+0530] {logging_mixin.py:188} INFO - [2026-04-02T05:48:07.523+0530] {dag.py:3954} INFO - Setting next_dagrun for consume_1_or_both_2_and_3_with_dataset_expressions to None, run_after=None
[2026-04-02T05:48:07.523+0530] {logging_mixin.py:188} INFO - [2026-04-02T05:48:07.523+0530] {dag.py:3954} INFO - Setting next_dagrun for dataset_consumes_1 to None, run_after=None
[2026-04-02T05:48:07.524+0530] {logging_mixin.py:188} INFO - [2026-04-02T05:48:07.524+0530] {dag.py:3954} INFO - Setting next_dagrun for dataset_consumes_1_and_2 to None, run_after=None
[2026-04-02T05:48:07.524+0530] {logging_mixin.py:188} INFO - [2026-04-02T05:48:07.524+0530] {dag.py:3954} INFO - Setting next_dagrun for dataset_consumes_1_never_scheduled to None, run_after=None
[2026-04-02T05:48:07.525+0530] {logging_mixin.py:188} INFO - [2026-04-02T05:48:07.525+0530] {dag.py:3954} INFO - Setting next_dagrun for dataset_consumes_unknown_never_scheduled to None, run_after=None
[2026-04-02T05:48:07.525+0530] {logging_mixin.py:188} INFO - [2026-04-02T05:48:07.525+0530] {dag.py:3954} INFO - Setting next_dagrun for dataset_produces_1 to 2026-04-01 00:00:00+00:00, run_after=2026-04-02 00:00:00+00:00
[2026-04-02T05:48:07.526+0530] {logging_mixin.py:188} INFO - [2026-04-02T05:48:07.526+0530] {dag.py:3954} INFO - Setting next_dagrun for dataset_produces_2 to None, run_after=None
[2026-04-02T05:48:07.543+0530] {processor.py:183} INFO - Processing /Users/aswin/Documents/data-engineering-practice/ETL_Airflow_DBT/airflow/airflow_env/lib/python3.11/site-packages/airflow/example_dags/example_datasets.py took 0.124 seconds
[2026-04-02T05:48:38.405+0530] {processor.py:161} INFO - Started process (PID=23669) to work on /Users/aswin/Documents/data-engineering-practice/ETL_Airflow_DBT/airflow/airflow_env/lib/python3.11/site-packages/airflow/example_dags/example_datasets.py
[2026-04-02T05:48:38.406+0530] {processor.py:830} INFO - Processing file /Users/aswin/Documents/data-engineering-practice/ETL_Airflow_DBT/airflow/airflow_env/lib/python3.11/site-packages/airflow/example_dags/example_datasets.py for tasks to queue
[2026-04-02T05:48:38.406+0530] {logging_mixin.py:188} INFO - [2026-04-02T05:48:38.406+0530] {dagbag.py:540} INFO - Filling up the DagBag from /Users/aswin/Documents/data-engineering-practice/ETL_Airflow_DBT/airflow/airflow_env/lib/python3.11/site-packages/airflow/example_dags/example_datasets.py
[2026-04-02T05:48:38.429+0530] {processor.py:840} INFO - DAG(s) 'dataset_consumes_1_and_2', 'dataset_produces_1', 'dataset_consumes_1', 'dataset_consumes_unknown_never_scheduled', 'consume_1_or_both_2_and_3_with_dataset_expressions', 'dataset_produces_2', 'conditional_dataset_and_time_based_timetable', 'dataset_consumes_1_never_scheduled', 'consume_1_or_2_with_dataset_expressions', 'consume_1_and_2_with_dataset_expressions' retrieved from /Users/aswin/Documents/data-engineering-practice/ETL_Airflow_DBT/airflow/airflow_env/lib/python3.11/site-packages/airflow/example_dags/example_datasets.py
[2026-04-02T05:48:38.487+0530] {logging_mixin.py:188} INFO - [2026-04-02T05:48:38.487+0530] {dag.py:3096} INFO - Sync 10 DAGs
[2026-04-02T05:48:38.499+0530] {logging_mixin.py:188} INFO - [2026-04-02T05:48:38.499+0530] {dag.py:3954} INFO - Setting next_dagrun for conditional_dataset_and_time_based_timetable to 2026-04-01 01:00:00+00:00, run_after=2026-04-01 01:00:00+00:00
[2026-04-02T05:48:38.500+0530] {logging_mixin.py:188} INFO - [2026-04-02T05:48:38.500+0530] {dag.py:3954} INFO - Setting next_dagrun for consume_1_and_2_with_dataset_expressions to None, run_after=None
[2026-04-02T05:48:38.501+0530] {logging_mixin.py:188} INFO - [2026-04-02T05:48:38.501+0530] {dag.py:3954} INFO - Setting next_dagrun for consume_1_or_2_with_dataset_expressions to None, run_after=None
[2026-04-02T05:48:38.501+0530] {logging_mixin.py:188} INFO - [2026-04-02T05:48:38.501+0530] {dag.py:3954} INFO - Setting next_dagrun for consume_1_or_both_2_and_3_with_dataset_expressions to None, run_after=None
[2026-04-02T05:48:38.502+0530] {logging_mixin.py:188} INFO - [2026-04-02T05:48:38.502+0530] {dag.py:3954} INFO - Setting next_dagrun for dataset_consumes_1 to None, run_after=None
[2026-04-02T05:48:38.502+0530] {logging_mixin.py:188} INFO - [2026-04-02T05:48:38.502+0530] {dag.py:3954} INFO - Setting next_dagrun for dataset_consumes_1_and_2 to None, run_after=None
[2026-04-02T05:48:38.503+0530] {logging_mixin.py:188} INFO - [2026-04-02T05:48:38.503+0530] {dag.py:3954} INFO - Setting next_dagrun for dataset_consumes_1_never_scheduled to None, run_after=None
[2026-04-02T05:48:38.503+0530] {logging_mixin.py:188} INFO - [2026-04-02T05:48:38.503+0530] {dag.py:3954} INFO - Setting next_dagrun for dataset_consumes_unknown_never_scheduled to None, run_after=None
[2026-04-02T05:48:38.504+0530] {logging_mixin.py:188} INFO - [2026-04-02T05:48:38.504+0530] {dag.py:3954} INFO - Setting next_dagrun for dataset_produces_1 to 2026-04-01 00:00:00+00:00, run_after=2026-04-02 00:00:00+00:00
[2026-04-02T05:48:38.504+0530] {logging_mixin.py:188} INFO - [2026-04-02T05:48:38.504+0530] {dag.py:3954} INFO - Setting next_dagrun for dataset_produces_2 to None, run_after=None
[2026-04-02T05:48:38.520+0530] {processor.py:183} INFO - Processing /Users/aswin/Documents/data-engineering-practice/ETL_Airflow_DBT/airflow/airflow_env/lib/python3.11/site-packages/airflow/example_dags/example_datasets.py took 0.117 seconds
[2026-04-02T05:49:09.677+0530] {processor.py:161} INFO - Started process (PID=23785) to work on /Users/aswin/Documents/data-engineering-practice/ETL_Airflow_DBT/airflow/airflow_env/lib/python3.11/site-packages/airflow/example_dags/example_datasets.py
[2026-04-02T05:49:09.678+0530] {processor.py:830} INFO - Processing file /Users/aswin/Documents/data-engineering-practice/ETL_Airflow_DBT/airflow/airflow_env/lib/python3.11/site-packages/airflow/example_dags/example_datasets.py for tasks to queue
[2026-04-02T05:49:09.678+0530] {logging_mixin.py:188} INFO - [2026-04-02T05:49:09.678+0530] {dagbag.py:540} INFO - Filling up the DagBag from /Users/aswin/Documents/data-engineering-practice/ETL_Airflow_DBT/airflow/airflow_env/lib/python3.11/site-packages/airflow/example_dags/example_datasets.py
[2026-04-02T05:49:09.699+0530] {processor.py:840} INFO - DAG(s) 'dataset_produces_2', 'dataset_consumes_1_never_scheduled', 'dataset_consumes_unknown_never_scheduled', 'dataset_consumes_1_and_2', 'dataset_produces_1', 'dataset_consumes_1', 'consume_1_or_both_2_and_3_with_dataset_expressions', 'conditional_dataset_and_time_based_timetable', 'consume_1_or_2_with_dataset_expressions', 'consume_1_and_2_with_dataset_expressions' retrieved from /Users/aswin/Documents/data-engineering-practice/ETL_Airflow_DBT/airflow/airflow_env/lib/python3.11/site-packages/airflow/example_dags/example_datasets.py
[2026-04-02T05:49:09.761+0530] {logging_mixin.py:188} INFO - [2026-04-02T05:49:09.761+0530] {dag.py:3096} INFO - Sync 10 DAGs
[2026-04-02T05:49:09.772+0530] {logging_mixin.py:188} INFO - [2026-04-02T05:49:09.772+0530] {dag.py:3954} INFO - Setting next_dagrun for conditional_dataset_and_time_based_timetable to 2026-04-01 01:00:00+00:00, run_after=2026-04-01 01:00:00+00:00
[2026-04-02T05:49:09.774+0530] {logging_mixin.py:188} INFO - [2026-04-02T05:49:09.773+0530] {dag.py:3954} INFO - Setting next_dagrun for consume_1_and_2_with_dataset_expressions to None, run_after=None
[2026-04-02T05:49:09.774+0530] {logging_mixin.py:188} INFO - [2026-04-02T05:49:09.774+0530] {dag.py:3954} INFO - Setting next_dagrun for consume_1_or_2_with_dataset_expressions to None, run_after=None
[2026-04-02T05:49:09.774+0530] {logging_mixin.py:188} INFO - [2026-04-02T05:49:09.774+0530] {dag.py:3954} INFO - Setting next_dagrun for consume_1_or_both_2_and_3_with_dataset_expressions to None, run_after=None
[2026-04-02T05:49:09.775+0530] {logging_mixin.py:188} INFO - [2026-04-02T05:49:09.775+0530] {dag.py:3954} INFO - Setting next_dagrun for dataset_consumes_1 to None, run_after=None
[2026-04-02T05:49:09.775+0530] {logging_mixin.py:188} INFO - [2026-04-02T05:49:09.775+0530] {dag.py:3954} INFO - Setting next_dagrun for dataset_consumes_1_and_2 to None, run_after=None
[2026-04-02T05:49:09.776+0530] {logging_mixin.py:188} INFO - [2026-04-02T05:49:09.775+0530] {dag.py:3954} INFO - Setting next_dagrun for dataset_consumes_1_never_scheduled to None, run_after=None
[2026-04-02T05:49:09.776+0530] {logging_mixin.py:188} INFO - [2026-04-02T05:49:09.776+0530] {dag.py:3954} INFO - Setting next_dagrun for dataset_consumes_unknown_never_scheduled to None, run_after=None
[2026-04-02T05:49:09.777+0530] {logging_mixin.py:188} INFO - [2026-04-02T05:49:09.777+0530] {dag.py:3954} INFO - Setting next_dagrun for dataset_produces_1 to 2026-04-01 00:00:00+00:00, run_after=2026-04-02 00:00:00+00:00
[2026-04-02T05:49:09.777+0530] {logging_mixin.py:188} INFO - [2026-04-02T05:49:09.777+0530] {dag.py:3954} INFO - Setting next_dagrun for dataset_produces_2 to None, run_after=None
[2026-04-02T05:49:09.792+0530] {processor.py:183} INFO - Processing /Users/aswin/Documents/data-engineering-practice/ETL_Airflow_DBT/airflow/airflow_env/lib/python3.11/site-packages/airflow/example_dags/example_datasets.py took 0.116 seconds
[2026-04-02T05:49:41.163+0530] {processor.py:161} INFO - Started process (PID=23920) to work on /Users/aswin/Documents/data-engineering-practice/ETL_Airflow_DBT/airflow/airflow_env/lib/python3.11/site-packages/airflow/example_dags/example_datasets.py
[2026-04-02T05:49:41.164+0530] {processor.py:830} INFO - Processing file /Users/aswin/Documents/data-engineering-practice/ETL_Airflow_DBT/airflow/airflow_env/lib/python3.11/site-packages/airflow/example_dags/example_datasets.py for tasks to queue
[2026-04-02T05:49:41.164+0530] {logging_mixin.py:188} INFO - [2026-04-02T05:49:41.164+0530] {dagbag.py:540} INFO - Filling up the DagBag from /Users/aswin/Documents/data-engineering-practice/ETL_Airflow_DBT/airflow/airflow_env/lib/python3.11/site-packages/airflow/example_dags/example_datasets.py
[2026-04-02T05:49:41.185+0530] {processor.py:840} INFO - DAG(s) 'consume_1_or_2_with_dataset_expressions', 'consume_1_and_2_with_dataset_expressions', 'dataset_consumes_unknown_never_scheduled', 'dataset_produces_1', 'conditional_dataset_and_time_based_timetable', 'consume_1_or_both_2_and_3_with_dataset_expressions', 'dataset_consumes_1_never_scheduled', 'dataset_consumes_1_and_2', 'dataset_produces_2', 'dataset_consumes_1' retrieved from /Users/aswin/Documents/data-engineering-practice/ETL_Airflow_DBT/airflow/airflow_env/lib/python3.11/site-packages/airflow/example_dags/example_datasets.py
[2026-04-02T05:49:41.249+0530] {logging_mixin.py:188} INFO - [2026-04-02T05:49:41.249+0530] {dag.py:3096} INFO - Sync 10 DAGs
[2026-04-02T05:49:41.260+0530] {logging_mixin.py:188} INFO - [2026-04-02T05:49:41.260+0530] {dag.py:3954} INFO - Setting next_dagrun for conditional_dataset_and_time_based_timetable to 2026-04-01 01:00:00+00:00, run_after=2026-04-01 01:00:00+00:00
[2026-04-02T05:49:41.262+0530] {logging_mixin.py:188} INFO - [2026-04-02T05:49:41.261+0530] {dag.py:3954} INFO - Setting next_dagrun for consume_1_and_2_with_dataset_expressions to None, run_after=None
[2026-04-02T05:49:41.262+0530] {logging_mixin.py:188} INFO - [2026-04-02T05:49:41.262+0530] {dag.py:3954} INFO - Setting next_dagrun for consume_1_or_2_with_dataset_expressions to None, run_after=None
[2026-04-02T05:49:41.262+0530] {logging_mixin.py:188} INFO - [2026-04-02T05:49:41.262+0530] {dag.py:3954} INFO - Setting next_dagrun for consume_1_or_both_2_and_3_with_dataset_expressions to None, run_after=None
[2026-04-02T05:49:41.263+0530] {logging_mixin.py:188} INFO - [2026-04-02T05:49:41.263+0530] {dag.py:3954} INFO - Setting next_dagrun for dataset_consumes_1 to None, run_after=None
[2026-04-02T05:49:41.263+0530] {logging_mixin.py:188} INFO - [2026-04-02T05:49:41.263+0530] {dag.py:3954} INFO - Setting next_dagrun for dataset_consumes_1_and_2 to None, run_after=None
[2026-04-02T05:49:41.264+0530] {logging_mixin.py:188} INFO - [2026-04-02T05:49:41.264+0530] {dag.py:3954} INFO - Setting next_dagrun for dataset_consumes_1_never_scheduled to None, run_after=None
[2026-04-02T05:49:41.264+0530] {logging_mixin.py:188} INFO - [2026-04-02T05:49:41.264+0530] {dag.py:3954} INFO - Setting next_dagrun for dataset_consumes_unknown_never_scheduled to None, run_after=None
[2026-04-02T05:49:41.265+0530] {logging_mixin.py:188} INFO - [2026-04-02T05:49:41.265+0530] {dag.py:3954} INFO - Setting next_dagrun for dataset_produces_1 to 2026-04-01 00:00:00+00:00, run_after=2026-04-02 00:00:00+00:00
[2026-04-02T05:49:41.265+0530] {logging_mixin.py:188} INFO - [2026-04-02T05:49:41.265+0530] {dag.py:3954} INFO - Setting next_dagrun for dataset_produces_2 to None, run_after=None
[2026-04-02T05:49:41.280+0530] {processor.py:183} INFO - Processing /Users/aswin/Documents/data-engineering-practice/ETL_Airflow_DBT/airflow/airflow_env/lib/python3.11/site-packages/airflow/example_dags/example_datasets.py took 0.118 seconds
[2026-04-02T05:50:12.596+0530] {processor.py:161} INFO - Started process (PID=24055) to work on /Users/aswin/Documents/data-engineering-practice/ETL_Airflow_DBT/airflow/airflow_env/lib/python3.11/site-packages/airflow/example_dags/example_datasets.py
[2026-04-02T05:50:12.597+0530] {processor.py:830} INFO - Processing file /Users/aswin/Documents/data-engineering-practice/ETL_Airflow_DBT/airflow/airflow_env/lib/python3.11/site-packages/airflow/example_dags/example_datasets.py for tasks to queue
[2026-04-02T05:50:12.597+0530] {logging_mixin.py:188} INFO - [2026-04-02T05:50:12.597+0530] {dagbag.py:540} INFO - Filling up the DagBag from /Users/aswin/Documents/data-engineering-practice/ETL_Airflow_DBT/airflow/airflow_env/lib/python3.11/site-packages/airflow/example_dags/example_datasets.py
[2026-04-02T05:50:12.615+0530] {processor.py:840} INFO - DAG(s) 'dataset_consumes_unknown_never_scheduled', 'consume_1_or_2_with_dataset_expressions', 'consume_1_and_2_with_dataset_expressions', 'dataset_produces_1', 'dataset_consumes_1_never_scheduled', 'consume_1_or_both_2_and_3_with_dataset_expressions', 'dataset_produces_2', 'dataset_consumes_1_and_2', 'conditional_dataset_and_time_based_timetable', 'dataset_consumes_1' retrieved from /Users/aswin/Documents/data-engineering-practice/ETL_Airflow_DBT/airflow/airflow_env/lib/python3.11/site-packages/airflow/example_dags/example_datasets.py
[2026-04-02T05:50:12.679+0530] {logging_mixin.py:188} INFO - [2026-04-02T05:50:12.679+0530] {dag.py:3096} INFO - Sync 10 DAGs
[2026-04-02T05:50:12.691+0530] {logging_mixin.py:188} INFO - [2026-04-02T05:50:12.691+0530] {dag.py:3954} INFO - Setting next_dagrun for conditional_dataset_and_time_based_timetable to 2026-04-01 01:00:00+00:00, run_after=2026-04-01 01:00:00+00:00
[2026-04-02T05:50:12.692+0530] {logging_mixin.py:188} INFO - [2026-04-02T05:50:12.692+0530] {dag.py:3954} INFO - Setting next_dagrun for consume_1_and_2_with_dataset_expressions to None, run_after=None
[2026-04-02T05:50:12.693+0530] {logging_mixin.py:188} INFO - [2026-04-02T05:50:12.693+0530] {dag.py:3954} INFO - Setting next_dagrun for consume_1_or_2_with_dataset_expressions to None, run_after=None
[2026-04-02T05:50:12.693+0530] {logging_mixin.py:188} INFO - [2026-04-02T05:50:12.693+0530] {dag.py:3954} INFO - Setting next_dagrun for consume_1_or_both_2_and_3_with_dataset_expressions to None, run_after=None
[2026-04-02T05:50:12.694+0530] {logging_mixin.py:188} INFO - [2026-04-02T05:50:12.694+0530] {dag.py:3954} INFO - Setting next_dagrun for dataset_consumes_1 to None, run_after=None
[2026-04-02T05:50:12.694+0530] {logging_mixin.py:188} INFO - [2026-04-02T05:50:12.694+0530] {dag.py:3954} INFO - Setting next_dagrun for dataset_consumes_1_and_2 to None, run_after=None
[2026-04-02T05:50:12.695+0530] {logging_mixin.py:188} INFO - [2026-04-02T05:50:12.695+0530] {dag.py:3954} INFO - Setting next_dagrun for dataset_consumes_1_never_scheduled to None, run_after=None
[2026-04-02T05:50:12.695+0530] {logging_mixin.py:188} INFO - [2026-04-02T05:50:12.695+0530] {dag.py:3954} INFO - Setting next_dagrun for dataset_consumes_unknown_never_scheduled to None, run_after=None
[2026-04-02T05:50:12.696+0530] {logging_mixin.py:188} INFO - [2026-04-02T05:50:12.696+0530] {dag.py:3954} INFO - Setting next_dagrun for dataset_produces_1 to 2026-04-01 00:00:00+00:00, run_after=2026-04-02 00:00:00+00:00
[2026-04-02T05:50:12.697+0530] {logging_mixin.py:188} INFO - [2026-04-02T05:50:12.697+0530] {dag.py:3954} INFO - Setting next_dagrun for dataset_produces_2 to None, run_after=None
[2026-04-02T05:50:12.714+0530] {processor.py:183} INFO - Processing /Users/aswin/Documents/data-engineering-practice/ETL_Airflow_DBT/airflow/airflow_env/lib/python3.11/site-packages/airflow/example_dags/example_datasets.py took 0.119 seconds
[2026-04-02T05:50:43.415+0530] {processor.py:161} INFO - Started process (PID=24184) to work on /Users/aswin/Documents/data-engineering-practice/ETL_Airflow_DBT/airflow/airflow_env/lib/python3.11/site-packages/airflow/example_dags/example_datasets.py
[2026-04-02T05:50:43.416+0530] {processor.py:830} INFO - Processing file /Users/aswin/Documents/data-engineering-practice/ETL_Airflow_DBT/airflow/airflow_env/lib/python3.11/site-packages/airflow/example_dags/example_datasets.py for tasks to queue
[2026-04-02T05:50:43.417+0530] {logging_mixin.py:188} INFO - [2026-04-02T05:50:43.417+0530] {dagbag.py:540} INFO - Filling up the DagBag from /Users/aswin/Documents/data-engineering-practice/ETL_Airflow_DBT/airflow/airflow_env/lib/python3.11/site-packages/airflow/example_dags/example_datasets.py
[2026-04-02T05:50:43.438+0530] {processor.py:840} INFO - DAG(s) 'dataset_produces_2', 'dataset_consumes_unknown_never_scheduled', 'dataset_produces_1', 'dataset_consumes_1', 'consume_1_and_2_with_dataset_expressions', 'conditional_dataset_and_time_based_timetable', 'consume_1_or_both_2_and_3_with_dataset_expressions', 'consume_1_or_2_with_dataset_expressions', 'dataset_consumes_1_and_2', 'dataset_consumes_1_never_scheduled' retrieved from /Users/aswin/Documents/data-engineering-practice/ETL_Airflow_DBT/airflow/airflow_env/lib/python3.11/site-packages/airflow/example_dags/example_datasets.py
[2026-04-02T05:50:43.504+0530] {logging_mixin.py:188} INFO - [2026-04-02T05:50:43.504+0530] {dag.py:3096} INFO - Sync 10 DAGs
[2026-04-02T05:50:43.517+0530] {logging_mixin.py:188} INFO - [2026-04-02T05:50:43.517+0530] {dag.py:3954} INFO - Setting next_dagrun for conditional_dataset_and_time_based_timetable to 2026-04-01 01:00:00+00:00, run_after=2026-04-01 01:00:00+00:00
[2026-04-02T05:50:43.518+0530] {logging_mixin.py:188} INFO - [2026-04-02T05:50:43.518+0530] {dag.py:3954} INFO - Setting next_dagrun for consume_1_and_2_with_dataset_expressions to None, run_after=None
[2026-04-02T05:50:43.519+0530] {logging_mixin.py:188} INFO - [2026-04-02T05:50:43.519+0530] {dag.py:3954} INFO - Setting next_dagrun for consume_1_or_2_with_dataset_expressions to None, run_after=None
[2026-04-02T05:50:43.519+0530] {logging_mixin.py:188} INFO - [2026-04-02T05:50:43.519+0530] {dag.py:3954} INFO - Setting next_dagrun for consume_1_or_both_2_and_3_with_dataset_expressions to None, run_after=None
[2026-04-02T05:50:43.520+0530] {logging_mixin.py:188} INFO - [2026-04-02T05:50:43.520+0530] {dag.py:3954} INFO - Setting next_dagrun for dataset_consumes_1 to None, run_after=None
[2026-04-02T05:50:43.520+0530] {logging_mixin.py:188} INFO - [2026-04-02T05:50:43.520+0530] {dag.py:3954} INFO - Setting next_dagrun for dataset_consumes_1_and_2 to None, run_after=None
[2026-04-02T05:50:43.521+0530] {logging_mixin.py:188} INFO - [2026-04-02T05:50:43.521+0530] {dag.py:3954} INFO - Setting next_dagrun for dataset_consumes_1_never_scheduled to None, run_after=None
[2026-04-02T05:50:43.521+0530] {logging_mixin.py:188} INFO - [2026-04-02T05:50:43.521+0530] {dag.py:3954} INFO - Setting next_dagrun for dataset_consumes_unknown_never_scheduled to None, run_after=None
[2026-04-02T05:50:43.522+0530] {logging_mixin.py:188} INFO - [2026-04-02T05:50:43.522+0530] {dag.py:3954} INFO - Setting next_dagrun for dataset_produces_1 to 2026-04-01 00:00:00+00:00, run_after=2026-04-02 00:00:00+00:00
[2026-04-02T05:50:43.522+0530] {logging_mixin.py:188} INFO - [2026-04-02T05:50:43.522+0530] {dag.py:3954} INFO - Setting next_dagrun for dataset_produces_2 to None, run_after=None
[2026-04-02T05:50:43.538+0530] {processor.py:183} INFO - Processing /Users/aswin/Documents/data-engineering-practice/ETL_Airflow_DBT/airflow/airflow_env/lib/python3.11/site-packages/airflow/example_dags/example_datasets.py took 0.124 seconds
[2026-04-02T05:51:14.364+0530] {processor.py:161} INFO - Started process (PID=24320) to work on /Users/aswin/Documents/data-engineering-practice/ETL_Airflow_DBT/airflow/airflow_env/lib/python3.11/site-packages/airflow/example_dags/example_datasets.py
[2026-04-02T05:51:14.365+0530] {processor.py:830} INFO - Processing file /Users/aswin/Documents/data-engineering-practice/ETL_Airflow_DBT/airflow/airflow_env/lib/python3.11/site-packages/airflow/example_dags/example_datasets.py for tasks to queue
[2026-04-02T05:51:14.366+0530] {logging_mixin.py:188} INFO - [2026-04-02T05:51:14.365+0530] {dagbag.py:540} INFO - Filling up the DagBag from /Users/aswin/Documents/data-engineering-practice/ETL_Airflow_DBT/airflow/airflow_env/lib/python3.11/site-packages/airflow/example_dags/example_datasets.py
[2026-04-02T05:51:14.388+0530] {processor.py:840} INFO - DAG(s) 'dataset_consumes_1_and_2', 'dataset_produces_2', 'dataset_produces_1', 'dataset_consumes_unknown_never_scheduled', 'dataset_consumes_1', 'consume_1_or_2_with_dataset_expressions', 'conditional_dataset_and_time_based_timetable', 'consume_1_or_both_2_and_3_with_dataset_expressions', 'dataset_consumes_1_never_scheduled', 'consume_1_and_2_with_dataset_expressions' retrieved from /Users/aswin/Documents/data-engineering-practice/ETL_Airflow_DBT/airflow/airflow_env/lib/python3.11/site-packages/airflow/example_dags/example_datasets.py
[2026-04-02T05:51:14.451+0530] {logging_mixin.py:188} INFO - [2026-04-02T05:51:14.451+0530] {dag.py:3096} INFO - Sync 10 DAGs
[2026-04-02T05:51:14.464+0530] {logging_mixin.py:188} INFO - [2026-04-02T05:51:14.464+0530] {dag.py:3954} INFO - Setting next_dagrun for conditional_dataset_and_time_based_timetable to 2026-04-01 01:00:00+00:00, run_after=2026-04-01 01:00:00+00:00
[2026-04-02T05:51:14.466+0530] {logging_mixin.py:188} INFO - [2026-04-02T05:51:14.466+0530] {dag.py:3954} INFO - Setting next_dagrun for consume_1_and_2_with_dataset_expressions to None, run_after=None
[2026-04-02T05:51:14.466+0530] {logging_mixin.py:188} INFO - [2026-04-02T05:51:14.466+0530] {dag.py:3954} INFO - Setting next_dagrun for consume_1_or_2_with_dataset_expressions to None, run_after=None
[2026-04-02T05:51:14.467+0530] {logging_mixin.py:188} INFO - [2026-04-02T05:51:14.467+0530] {dag.py:3954} INFO - Setting next_dagrun for consume_1_or_both_2_and_3_with_dataset_expressions to None, run_after=None
[2026-04-02T05:51:14.467+0530] {logging_mixin.py:188} INFO - [2026-04-02T05:51:14.467+0530] {dag.py:3954} INFO - Setting next_dagrun for dataset_consumes_1 to None, run_after=None
[2026-04-02T05:51:14.468+0530] {logging_mixin.py:188} INFO - [2026-04-02T05:51:14.468+0530] {dag.py:3954} INFO - Setting next_dagrun for dataset_consumes_1_and_2 to None, run_after=None
[2026-04-02T05:51:14.468+0530] {logging_mixin.py:188} INFO - [2026-04-02T05:51:14.468+0530] {dag.py:3954} INFO - Setting next_dagrun for dataset_consumes_1_never_scheduled to None, run_after=None
[2026-04-02T05:51:14.469+0530] {logging_mixin.py:188} INFO - [2026-04-02T05:51:14.468+0530] {dag.py:3954} INFO - Setting next_dagrun for dataset_consumes_unknown_never_scheduled to None, run_after=None
[2026-04-02T05:51:14.469+0530] {logging_mixin.py:188} INFO - [2026-04-02T05:51:14.469+0530] {dag.py:3954} INFO - Setting next_dagrun for dataset_produces_1 to 2026-04-01 00:00:00+00:00, run_after=2026-04-02 00:00:00+00:00
[2026-04-02T05:51:14.470+0530] {logging_mixin.py:188} INFO - [2026-04-02T05:51:14.470+0530] {dag.py:3954} INFO - Setting next_dagrun for dataset_produces_2 to None, run_after=None
[2026-04-02T05:51:14.488+0530] {processor.py:183} INFO - Processing /Users/aswin/Documents/data-engineering-practice/ETL_Airflow_DBT/airflow/airflow_env/lib/python3.11/site-packages/airflow/example_dags/example_datasets.py took 0.125 seconds
[2026-04-02T05:51:45.997+0530] {processor.py:161} INFO - Started process (PID=24445) to work on /Users/aswin/Documents/data-engineering-practice/ETL_Airflow_DBT/airflow/airflow_env/lib/python3.11/site-packages/airflow/example_dags/example_datasets.py
[2026-04-02T05:51:45.998+0530] {processor.py:830} INFO - Processing file /Users/aswin/Documents/data-engineering-practice/ETL_Airflow_DBT/airflow/airflow_env/lib/python3.11/site-packages/airflow/example_dags/example_datasets.py for tasks to queue
[2026-04-02T05:51:45.998+0530] {logging_mixin.py:188} INFO - [2026-04-02T05:51:45.998+0530] {dagbag.py:540} INFO - Filling up the DagBag from /Users/aswin/Documents/data-engineering-practice/ETL_Airflow_DBT/airflow/airflow_env/lib/python3.11/site-packages/airflow/example_dags/example_datasets.py
[2026-04-02T05:51:46.025+0530] {processor.py:840} INFO - DAG(s) 'dataset_produces_2', 'consume_1_or_both_2_and_3_with_dataset_expressions', 'dataset_consumes_1_and_2', 'consume_1_or_2_with_dataset_expressions', 'dataset_consumes_1', 'dataset_consumes_unknown_never_scheduled', 'consume_1_and_2_with_dataset_expressions', 'dataset_consumes_1_never_scheduled', 'conditional_dataset_and_time_based_timetable', 'dataset_produces_1' retrieved from /Users/aswin/Documents/data-engineering-practice/ETL_Airflow_DBT/airflow/airflow_env/lib/python3.11/site-packages/airflow/example_dags/example_datasets.py
[2026-04-02T05:51:46.110+0530] {logging_mixin.py:188} INFO - [2026-04-02T05:51:46.110+0530] {dag.py:3096} INFO - Sync 10 DAGs
[2026-04-02T05:51:46.122+0530] {logging_mixin.py:188} INFO - [2026-04-02T05:51:46.122+0530] {dag.py:3954} INFO - Setting next_dagrun for conditional_dataset_and_time_based_timetable to 2026-04-01 01:00:00+00:00, run_after=2026-04-01 01:00:00+00:00
[2026-04-02T05:51:46.124+0530] {logging_mixin.py:188} INFO - [2026-04-02T05:51:46.123+0530] {dag.py:3954} INFO - Setting next_dagrun for consume_1_and_2_with_dataset_expressions to None, run_after=None
[2026-04-02T05:51:46.124+0530] {logging_mixin.py:188} INFO - [2026-04-02T05:51:46.124+0530] {dag.py:3954} INFO - Setting next_dagrun for consume_1_or_2_with_dataset_expressions to None, run_after=None
[2026-04-02T05:51:46.124+0530] {logging_mixin.py:188} INFO - [2026-04-02T05:51:46.124+0530] {dag.py:3954} INFO - Setting next_dagrun for consume_1_or_both_2_and_3_with_dataset_expressions to None, run_after=None
[2026-04-02T05:51:46.125+0530] {logging_mixin.py:188} INFO - [2026-04-02T05:51:46.125+0530] {dag.py:3954} INFO - Setting next_dagrun for dataset_consumes_1 to None, run_after=None
[2026-04-02T05:51:46.125+0530] {logging_mixin.py:188} INFO - [2026-04-02T05:51:46.125+0530] {dag.py:3954} INFO - Setting next_dagrun for dataset_consumes_1_and_2 to None, run_after=None
[2026-04-02T05:51:46.126+0530] {logging_mixin.py:188} INFO - [2026-04-02T05:51:46.126+0530] {dag.py:3954} INFO - Setting next_dagrun for dataset_consumes_1_never_scheduled to None, run_after=None
[2026-04-02T05:51:46.126+0530] {logging_mixin.py:188} INFO - [2026-04-02T05:51:46.126+0530] {dag.py:3954} INFO - Setting next_dagrun for dataset_consumes_unknown_never_scheduled to None, run_after=None
[2026-04-02T05:51:46.127+0530] {logging_mixin.py:188} INFO - [2026-04-02T05:51:46.127+0530] {dag.py:3954} INFO - Setting next_dagrun for dataset_produces_1 to 2026-04-01 00:00:00+00:00, run_after=2026-04-02 00:00:00+00:00
[2026-04-02T05:51:46.127+0530] {logging_mixin.py:188} INFO - [2026-04-02T05:51:46.127+0530] {dag.py:3954} INFO - Setting next_dagrun for dataset_produces_2 to None, run_after=None
[2026-04-02T05:51:46.145+0530] {processor.py:183} INFO - Processing /Users/aswin/Documents/data-engineering-practice/ETL_Airflow_DBT/airflow/airflow_env/lib/python3.11/site-packages/airflow/example_dags/example_datasets.py took 0.149 seconds
[2026-04-02T05:52:17.252+0530] {processor.py:161} INFO - Started process (PID=24571) to work on /Users/aswin/Documents/data-engineering-practice/ETL_Airflow_DBT/airflow/airflow_env/lib/python3.11/site-packages/airflow/example_dags/example_datasets.py
[2026-04-02T05:52:17.253+0530] {processor.py:830} INFO - Processing file /Users/aswin/Documents/data-engineering-practice/ETL_Airflow_DBT/airflow/airflow_env/lib/python3.11/site-packages/airflow/example_dags/example_datasets.py for tasks to queue
[2026-04-02T05:52:17.253+0530] {logging_mixin.py:188} INFO - [2026-04-02T05:52:17.253+0530] {dagbag.py:540} INFO - Filling up the DagBag from /Users/aswin/Documents/data-engineering-practice/ETL_Airflow_DBT/airflow/airflow_env/lib/python3.11/site-packages/airflow/example_dags/example_datasets.py
[2026-04-02T05:52:17.278+0530] {processor.py:840} INFO - DAG(s) 'conditional_dataset_and_time_based_timetable', 'dataset_consumes_1', 'dataset_consumes_1_and_2', 'dataset_consumes_unknown_never_scheduled', 'dataset_produces_1', 'dataset_consumes_1_never_scheduled', 'consume_1_and_2_with_dataset_expressions', 'consume_1_or_2_with_dataset_expressions', 'dataset_produces_2', 'consume_1_or_both_2_and_3_with_dataset_expressions' retrieved from /Users/aswin/Documents/data-engineering-practice/ETL_Airflow_DBT/airflow/airflow_env/lib/python3.11/site-packages/airflow/example_dags/example_datasets.py
[2026-04-02T05:52:17.342+0530] {logging_mixin.py:188} INFO - [2026-04-02T05:52:17.342+0530] {dag.py:3096} INFO - Sync 10 DAGs
[2026-04-02T05:52:17.357+0530] {logging_mixin.py:188} INFO - [2026-04-02T05:52:17.357+0530] {dag.py:3954} INFO - Setting next_dagrun for conditional_dataset_and_time_based_timetable to 2026-04-01 01:00:00+00:00, run_after=2026-04-01 01:00:00+00:00
[2026-04-02T05:52:17.359+0530] {logging_mixin.py:188} INFO - [2026-04-02T05:52:17.359+0530] {dag.py:3954} INFO - Setting next_dagrun for consume_1_and_2_with_dataset_expressions to None, run_after=None
[2026-04-02T05:52:17.359+0530] {logging_mixin.py:188} INFO - [2026-04-02T05:52:17.359+0530] {dag.py:3954} INFO - Setting next_dagrun for consume_1_or_2_with_dataset_expressions to None, run_after=None
[2026-04-02T05:52:17.360+0530] {logging_mixin.py:188} INFO - [2026-04-02T05:52:17.360+0530] {dag.py:3954} INFO - Setting next_dagrun for consume_1_or_both_2_and_3_with_dataset_expressions to None, run_after=None
[2026-04-02T05:52:17.360+0530] {logging_mixin.py:188} INFO - [2026-04-02T05:52:17.360+0530] {dag.py:3954} INFO - Setting next_dagrun for dataset_consumes_1 to None, run_after=None
[2026-04-02T05:52:17.361+0530] {logging_mixin.py:188} INFO - [2026-04-02T05:52:17.361+0530] {dag.py:3954} INFO - Setting next_dagrun for dataset_consumes_1_and_2 to None, run_after=None
[2026-04-02T05:52:17.361+0530] {logging_mixin.py:188} INFO - [2026-04-02T05:52:17.361+0530] {dag.py:3954} INFO - Setting next_dagrun for dataset_consumes_1_never_scheduled to None, run_after=None
[2026-04-02T05:52:17.362+0530] {logging_mixin.py:188} INFO - [2026-04-02T05:52:17.362+0530] {dag.py:3954} INFO - Setting next_dagrun for dataset_consumes_unknown_never_scheduled to None, run_after=None
[2026-04-02T05:52:17.362+0530] {logging_mixin.py:188} INFO - [2026-04-02T05:52:17.362+0530] {dag.py:3954} INFO - Setting next_dagrun for dataset_produces_1 to 2026-04-01 00:00:00+00:00, run_after=2026-04-02 00:00:00+00:00
[2026-04-02T05:52:17.363+0530] {logging_mixin.py:188} INFO - [2026-04-02T05:52:17.363+0530] {dag.py:3954} INFO - Setting next_dagrun for dataset_produces_2 to None, run_after=None
[2026-04-02T05:52:17.381+0530] {processor.py:183} INFO - Processing /Users/aswin/Documents/data-engineering-practice/ETL_Airflow_DBT/airflow/airflow_env/lib/python3.11/site-packages/airflow/example_dags/example_datasets.py took 0.131 seconds
[2026-04-02T05:52:48.153+0530] {processor.py:161} INFO - Started process (PID=24696) to work on /Users/aswin/Documents/data-engineering-practice/ETL_Airflow_DBT/airflow/airflow_env/lib/python3.11/site-packages/airflow/example_dags/example_datasets.py
[2026-04-02T05:52:48.154+0530] {processor.py:830} INFO - Processing file /Users/aswin/Documents/data-engineering-practice/ETL_Airflow_DBT/airflow/airflow_env/lib/python3.11/site-packages/airflow/example_dags/example_datasets.py for tasks to queue
[2026-04-02T05:52:48.155+0530] {logging_mixin.py:188} INFO - [2026-04-02T05:52:48.155+0530] {dagbag.py:540} INFO - Filling up the DagBag from /Users/aswin/Documents/data-engineering-practice/ETL_Airflow_DBT/airflow/airflow_env/lib/python3.11/site-packages/airflow/example_dags/example_datasets.py
[2026-04-02T05:52:48.180+0530] {processor.py:840} INFO - DAG(s) 'consume_1_or_both_2_and_3_with_dataset_expressions', 'dataset_consumes_1_and_2', 'consume_1_or_2_with_dataset_expressions', 'dataset_produces_1', 'conditional_dataset_and_time_based_timetable', 'dataset_consumes_unknown_never_scheduled', 'dataset_consumes_1', 'dataset_produces_2', 'dataset_consumes_1_never_scheduled', 'consume_1_and_2_with_dataset_expressions' retrieved from /Users/aswin/Documents/data-engineering-practice/ETL_Airflow_DBT/airflow/airflow_env/lib/python3.11/site-packages/airflow/example_dags/example_datasets.py
[2026-04-02T05:52:48.241+0530] {logging_mixin.py:188} INFO - [2026-04-02T05:52:48.241+0530] {dag.py:3096} INFO - Sync 10 DAGs
[2026-04-02T05:52:48.253+0530] {logging_mixin.py:188} INFO - [2026-04-02T05:52:48.253+0530] {dag.py:3954} INFO - Setting next_dagrun for conditional_dataset_and_time_based_timetable to 2026-04-01 01:00:00+00:00, run_after=2026-04-01 01:00:00+00:00
[2026-04-02T05:52:48.254+0530] {logging_mixin.py:188} INFO - [2026-04-02T05:52:48.254+0530] {dag.py:3954} INFO - Setting next_dagrun for consume_1_and_2_with_dataset_expressions to None, run_after=None
[2026-04-02T05:52:48.255+0530] {logging_mixin.py:188} INFO - [2026-04-02T05:52:48.255+0530] {dag.py:3954} INFO - Setting next_dagrun for consume_1_or_2_with_dataset_expressions to None, run_after=None
[2026-04-02T05:52:48.255+0530] {logging_mixin.py:188} INFO - [2026-04-02T05:52:48.255+0530] {dag.py:3954} INFO - Setting next_dagrun for consume_1_or_both_2_and_3_with_dataset_expressions to None, run_after=None
[2026-04-02T05:52:48.256+0530] {logging_mixin.py:188} INFO - [2026-04-02T05:52:48.256+0530] {dag.py:3954} INFO - Setting next_dagrun for dataset_consumes_1 to None, run_after=None
[2026-04-02T05:52:48.256+0530] {logging_mixin.py:188} INFO - [2026-04-02T05:52:48.256+0530] {dag.py:3954} INFO - Setting next_dagrun for dataset_consumes_1_and_2 to None, run_after=None
[2026-04-02T05:52:48.256+0530] {logging_mixin.py:188} INFO - [2026-04-02T05:52:48.256+0530] {dag.py:3954} INFO - Setting next_dagrun for dataset_consumes_1_never_scheduled to None, run_after=None
[2026-04-02T05:52:48.257+0530] {logging_mixin.py:188} INFO - [2026-04-02T05:52:48.257+0530] {dag.py:3954} INFO - Setting next_dagrun for dataset_consumes_unknown_never_scheduled to None, run_after=None
[2026-04-02T05:52:48.258+0530] {logging_mixin.py:188} INFO - [2026-04-02T05:52:48.258+0530] {dag.py:3954} INFO - Setting next_dagrun for dataset_produces_1 to 2026-04-01 00:00:00+00:00, run_after=2026-04-02 00:00:00+00:00
[2026-04-02T05:52:48.258+0530] {logging_mixin.py:188} INFO - [2026-04-02T05:52:48.258+0530] {dag.py:3954} INFO - Setting next_dagrun for dataset_produces_2 to None, run_after=None
[2026-04-02T05:52:48.273+0530] {processor.py:183} INFO - Processing /Users/aswin/Documents/data-engineering-practice/ETL_Airflow_DBT/airflow/airflow_env/lib/python3.11/site-packages/airflow/example_dags/example_datasets.py took 0.121 seconds
[2026-04-02T05:53:19.282+0530] {processor.py:161} INFO - Started process (PID=24823) to work on /Users/aswin/Documents/data-engineering-practice/ETL_Airflow_DBT/airflow/airflow_env/lib/python3.11/site-packages/airflow/example_dags/example_datasets.py
[2026-04-02T05:53:19.284+0530] {processor.py:830} INFO - Processing file /Users/aswin/Documents/data-engineering-practice/ETL_Airflow_DBT/airflow/airflow_env/lib/python3.11/site-packages/airflow/example_dags/example_datasets.py for tasks to queue
[2026-04-02T05:53:19.284+0530] {logging_mixin.py:188} INFO - [2026-04-02T05:53:19.284+0530] {dagbag.py:540} INFO - Filling up the DagBag from /Users/aswin/Documents/data-engineering-practice/ETL_Airflow_DBT/airflow/airflow_env/lib/python3.11/site-packages/airflow/example_dags/example_datasets.py
[2026-04-02T05:53:19.305+0530] {processor.py:840} INFO - DAG(s) 'dataset_produces_2', 'dataset_consumes_1_and_2', 'dataset_produces_1', 'dataset_consumes_1_never_scheduled', 'consume_1_or_both_2_and_3_with_dataset_expressions', 'dataset_consumes_1', 'consume_1_or_2_with_dataset_expressions', 'consume_1_and_2_with_dataset_expressions', 'conditional_dataset_and_time_based_timetable', 'dataset_consumes_unknown_never_scheduled' retrieved from /Users/aswin/Documents/data-engineering-practice/ETL_Airflow_DBT/airflow/airflow_env/lib/python3.11/site-packages/airflow/example_dags/example_datasets.py
[2026-04-02T05:53:19.370+0530] {logging_mixin.py:188} INFO - [2026-04-02T05:53:19.369+0530] {dag.py:3096} INFO - Sync 10 DAGs
[2026-04-02T05:53:19.383+0530] {logging_mixin.py:188} INFO - [2026-04-02T05:53:19.383+0530] {dag.py:3954} INFO - Setting next_dagrun for conditional_dataset_and_time_based_timetable to 2026-04-01 01:00:00+00:00, run_after=2026-04-01 01:00:00+00:00
[2026-04-02T05:53:19.385+0530] {logging_mixin.py:188} INFO - [2026-04-02T05:53:19.385+0530] {dag.py:3954} INFO - Setting next_dagrun for consume_1_and_2_with_dataset_expressions to None, run_after=None
[2026-04-02T05:53:19.385+0530] {logging_mixin.py:188} INFO - [2026-04-02T05:53:19.385+0530] {dag.py:3954} INFO - Setting next_dagrun for consume_1_or_2_with_dataset_expressions to None, run_after=None
[2026-04-02T05:53:19.386+0530] {logging_mixin.py:188} INFO - [2026-04-02T05:53:19.386+0530] {dag.py:3954} INFO - Setting next_dagrun for consume_1_or_both_2_and_3_with_dataset_expressions to None, run_after=None
[2026-04-02T05:53:19.386+0530] {logging_mixin.py:188} INFO - [2026-04-02T05:53:19.386+0530] {dag.py:3954} INFO - Setting next_dagrun for dataset_consumes_1 to None, run_after=None
[2026-04-02T05:53:19.387+0530] {logging_mixin.py:188} INFO - [2026-04-02T05:53:19.387+0530] {dag.py:3954} INFO - Setting next_dagrun for dataset_consumes_1_and_2 to None, run_after=None
[2026-04-02T05:53:19.387+0530] {logging_mixin.py:188} INFO - [2026-04-02T05:53:19.387+0530] {dag.py:3954} INFO - Setting next_dagrun for dataset_consumes_1_never_scheduled to None, run_after=None
[2026-04-02T05:53:19.387+0530] {logging_mixin.py:188} INFO - [2026-04-02T05:53:19.387+0530] {dag.py:3954} INFO - Setting next_dagrun for dataset_consumes_unknown_never_scheduled to None, run_after=None
[2026-04-02T05:53:19.388+0530] {logging_mixin.py:188} INFO - [2026-04-02T05:53:19.388+0530] {dag.py:3954} INFO - Setting next_dagrun for dataset_produces_1 to 2026-04-01 00:00:00+00:00, run_after=2026-04-02 00:00:00+00:00
[2026-04-02T05:53:19.389+0530] {logging_mixin.py:188} INFO - [2026-04-02T05:53:19.389+0530] {dag.py:3954} INFO - Setting next_dagrun for dataset_produces_2 to None, run_after=None
[2026-04-02T05:53:19.412+0530] {processor.py:183} INFO - Processing /Users/aswin/Documents/data-engineering-practice/ETL_Airflow_DBT/airflow/airflow_env/lib/python3.11/site-packages/airflow/example_dags/example_datasets.py took 0.131 seconds
[2026-04-02T05:53:50.205+0530] {processor.py:161} INFO - Started process (PID=24958) to work on /Users/aswin/Documents/data-engineering-practice/ETL_Airflow_DBT/airflow/airflow_env/lib/python3.11/site-packages/airflow/example_dags/example_datasets.py
[2026-04-02T05:53:50.206+0530] {processor.py:830} INFO - Processing file /Users/aswin/Documents/data-engineering-practice/ETL_Airflow_DBT/airflow/airflow_env/lib/python3.11/site-packages/airflow/example_dags/example_datasets.py for tasks to queue
[2026-04-02T05:53:50.207+0530] {logging_mixin.py:188} INFO - [2026-04-02T05:53:50.206+0530] {dagbag.py:540} INFO - Filling up the DagBag from /Users/aswin/Documents/data-engineering-practice/ETL_Airflow_DBT/airflow/airflow_env/lib/python3.11/site-packages/airflow/example_dags/example_datasets.py
[2026-04-02T05:53:50.232+0530] {processor.py:840} INFO - DAG(s) 'dataset_consumes_1_never_scheduled', 'dataset_produces_2', 'dataset_consumes_unknown_never_scheduled', 'conditional_dataset_and_time_based_timetable', 'dataset_consumes_1_and_2', 'consume_1_and_2_with_dataset_expressions', 'dataset_produces_1', 'consume_1_or_2_with_dataset_expressions', 'dataset_consumes_1', 'consume_1_or_both_2_and_3_with_dataset_expressions' retrieved from /Users/aswin/Documents/data-engineering-practice/ETL_Airflow_DBT/airflow/airflow_env/lib/python3.11/site-packages/airflow/example_dags/example_datasets.py
[2026-04-02T05:53:50.296+0530] {logging_mixin.py:188} INFO - [2026-04-02T05:53:50.296+0530] {dag.py:3096} INFO - Sync 10 DAGs
[2026-04-02T05:53:50.309+0530] {logging_mixin.py:188} INFO - [2026-04-02T05:53:50.309+0530] {dag.py:3954} INFO - Setting next_dagrun for conditional_dataset_and_time_based_timetable to 2026-04-01 01:00:00+00:00, run_after=2026-04-01 01:00:00+00:00
[2026-04-02T05:53:50.311+0530] {logging_mixin.py:188} INFO - [2026-04-02T05:53:50.311+0530] {dag.py:3954} INFO - Setting next_dagrun for consume_1_and_2_with_dataset_expressions to None, run_after=None
[2026-04-02T05:53:50.311+0530] {logging_mixin.py:188} INFO - [2026-04-02T05:53:50.311+0530] {dag.py:3954} INFO - Setting next_dagrun for consume_1_or_2_with_dataset_expressions to None, run_after=None
[2026-04-02T05:53:50.312+0530] {logging_mixin.py:188} INFO - [2026-04-02T05:53:50.312+0530] {dag.py:3954} INFO - Setting next_dagrun for consume_1_or_both_2_and_3_with_dataset_expressions to None, run_after=None
[2026-04-02T05:53:50.312+0530] {logging_mixin.py:188} INFO - [2026-04-02T05:53:50.312+0530] {dag.py:3954} INFO - Setting next_dagrun for dataset_consumes_1 to None, run_after=None
[2026-04-02T05:53:50.313+0530] {logging_mixin.py:188} INFO - [2026-04-02T05:53:50.312+0530] {dag.py:3954} INFO - Setting next_dagrun for dataset_consumes_1_and_2 to None, run_after=None
[2026-04-02T05:53:50.313+0530] {logging_mixin.py:188} INFO - [2026-04-02T05:53:50.313+0530] {dag.py:3954} INFO - Setting next_dagrun for dataset_consumes_1_never_scheduled to None, run_after=None
[2026-04-02T05:53:50.313+0530] {logging_mixin.py:188} INFO - [2026-04-02T05:53:50.313+0530] {dag.py:3954} INFO - Setting next_dagrun for dataset_consumes_unknown_never_scheduled to None, run_after=None
[2026-04-02T05:53:50.314+0530] {logging_mixin.py:188} INFO - [2026-04-02T05:53:50.314+0530] {dag.py:3954} INFO - Setting next_dagrun for dataset_produces_1 to 2026-04-01 00:00:00+00:00, run_after=2026-04-02 00:00:00+00:00
[2026-04-02T05:53:50.315+0530] {logging_mixin.py:188} INFO - [2026-04-02T05:53:50.315+0530] {dag.py:3954} INFO - Setting next_dagrun for dataset_produces_2 to None, run_after=None
[2026-04-02T05:53:50.332+0530] {processor.py:183} INFO - Processing /Users/aswin/Documents/data-engineering-practice/ETL_Airflow_DBT/airflow/airflow_env/lib/python3.11/site-packages/airflow/example_dags/example_datasets.py took 0.128 seconds
[2026-04-02T05:54:21.819+0530] {processor.py:161} INFO - Started process (PID=25084) to work on /Users/aswin/Documents/data-engineering-practice/ETL_Airflow_DBT/airflow/airflow_env/lib/python3.11/site-packages/airflow/example_dags/example_datasets.py
[2026-04-02T05:54:21.819+0530] {processor.py:830} INFO - Processing file /Users/aswin/Documents/data-engineering-practice/ETL_Airflow_DBT/airflow/airflow_env/lib/python3.11/site-packages/airflow/example_dags/example_datasets.py for tasks to queue
[2026-04-02T05:54:21.820+0530] {logging_mixin.py:188} INFO - [2026-04-02T05:54:21.819+0530] {dagbag.py:540} INFO - Filling up the DagBag from /Users/aswin/Documents/data-engineering-practice/ETL_Airflow_DBT/airflow/airflow_env/lib/python3.11/site-packages/airflow/example_dags/example_datasets.py
[2026-04-02T05:54:21.840+0530] {processor.py:840} INFO - DAG(s) 'consume_1_and_2_with_dataset_expressions', 'consume_1_or_2_with_dataset_expressions', 'conditional_dataset_and_time_based_timetable', 'dataset_consumes_unknown_never_scheduled', 'dataset_consumes_1_and_2', 'dataset_consumes_1_never_scheduled', 'consume_1_or_both_2_and_3_with_dataset_expressions', 'dataset_produces_1', 'dataset_consumes_1', 'dataset_produces_2' retrieved from /Users/aswin/Documents/data-engineering-practice/ETL_Airflow_DBT/airflow/airflow_env/lib/python3.11/site-packages/airflow/example_dags/example_datasets.py
[2026-04-02T05:54:21.901+0530] {logging_mixin.py:188} INFO - [2026-04-02T05:54:21.901+0530] {dag.py:3096} INFO - Sync 10 DAGs
[2026-04-02T05:54:21.912+0530] {logging_mixin.py:188} INFO - [2026-04-02T05:54:21.912+0530] {dag.py:3954} INFO - Setting next_dagrun for conditional_dataset_and_time_based_timetable to 2026-04-01 01:00:00+00:00, run_after=2026-04-01 01:00:00+00:00
[2026-04-02T05:54:21.914+0530] {logging_mixin.py:188} INFO - [2026-04-02T05:54:21.914+0530] {dag.py:3954} INFO - Setting next_dagrun for consume_1_and_2_with_dataset_expressions to None, run_after=None
[2026-04-02T05:54:21.914+0530] {logging_mixin.py:188} INFO - [2026-04-02T05:54:21.914+0530] {dag.py:3954} INFO - Setting next_dagrun for consume_1_or_2_with_dataset_expressions to None, run_after=None
[2026-04-02T05:54:21.915+0530] {logging_mixin.py:188} INFO - [2026-04-02T05:54:21.915+0530] {dag.py:3954} INFO - Setting next_dagrun for consume_1_or_both_2_and_3_with_dataset_expressions to None, run_after=None
[2026-04-02T05:54:21.915+0530] {logging_mixin.py:188} INFO - [2026-04-02T05:54:21.915+0530] {dag.py:3954} INFO - Setting next_dagrun for dataset_consumes_1 to None, run_after=None
[2026-04-02T05:54:21.916+0530] {logging_mixin.py:188} INFO - [2026-04-02T05:54:21.916+0530] {dag.py:3954} INFO - Setting next_dagrun for dataset_consumes_1_and_2 to None, run_after=None
[2026-04-02T05:54:21.916+0530] {logging_mixin.py:188} INFO - [2026-04-02T05:54:21.916+0530] {dag.py:3954} INFO - Setting next_dagrun for dataset_consumes_1_never_scheduled to None, run_after=None
[2026-04-02T05:54:21.916+0530] {logging_mixin.py:188} INFO - [2026-04-02T05:54:21.916+0530] {dag.py:3954} INFO - Setting next_dagrun for dataset_consumes_unknown_never_scheduled to None, run_after=None
[2026-04-02T05:54:21.917+0530] {logging_mixin.py:188} INFO - [2026-04-02T05:54:21.917+0530] {dag.py:3954} INFO - Setting next_dagrun for dataset_produces_1 to 2026-04-01 00:00:00+00:00, run_after=2026-04-02 00:00:00+00:00
[2026-04-02T05:54:21.918+0530] {logging_mixin.py:188} INFO - [2026-04-02T05:54:21.918+0530] {dag.py:3954} INFO - Setting next_dagrun for dataset_produces_2 to None, run_after=None
[2026-04-02T05:54:21.932+0530] {processor.py:183} INFO - Processing /Users/aswin/Documents/data-engineering-practice/ETL_Airflow_DBT/airflow/airflow_env/lib/python3.11/site-packages/airflow/example_dags/example_datasets.py took 0.115 seconds
[2026-04-02T05:54:52.699+0530] {processor.py:161} INFO - Started process (PID=25218) to work on /Users/aswin/Documents/data-engineering-practice/ETL_Airflow_DBT/airflow/airflow_env/lib/python3.11/site-packages/airflow/example_dags/example_datasets.py
[2026-04-02T05:54:52.701+0530] {processor.py:830} INFO - Processing file /Users/aswin/Documents/data-engineering-practice/ETL_Airflow_DBT/airflow/airflow_env/lib/python3.11/site-packages/airflow/example_dags/example_datasets.py for tasks to queue
[2026-04-02T05:54:52.701+0530] {logging_mixin.py:188} INFO - [2026-04-02T05:54:52.701+0530] {dagbag.py:540} INFO - Filling up the DagBag from /Users/aswin/Documents/data-engineering-practice/ETL_Airflow_DBT/airflow/airflow_env/lib/python3.11/site-packages/airflow/example_dags/example_datasets.py
[2026-04-02T05:54:52.722+0530] {processor.py:840} INFO - DAG(s) 'conditional_dataset_and_time_based_timetable', 'dataset_consumes_1', 'consume_1_or_both_2_and_3_with_dataset_expressions', 'dataset_consumes_1_never_scheduled', 'dataset_consumes_unknown_never_scheduled', 'dataset_consumes_1_and_2', 'dataset_produces_2', 'consume_1_and_2_with_dataset_expressions', 'dataset_produces_1', 'consume_1_or_2_with_dataset_expressions' retrieved from /Users/aswin/Documents/data-engineering-practice/ETL_Airflow_DBT/airflow/airflow_env/lib/python3.11/site-packages/airflow/example_dags/example_datasets.py
[2026-04-02T05:54:52.786+0530] {logging_mixin.py:188} INFO - [2026-04-02T05:54:52.786+0530] {dag.py:3096} INFO - Sync 10 DAGs
[2026-04-02T05:54:52.802+0530] {logging_mixin.py:188} INFO - [2026-04-02T05:54:52.802+0530] {dag.py:3954} INFO - Setting next_dagrun for conditional_dataset_and_time_based_timetable to 2026-04-01 01:00:00+00:00, run_after=2026-04-01 01:00:00+00:00
[2026-04-02T05:54:52.804+0530] {logging_mixin.py:188} INFO - [2026-04-02T05:54:52.803+0530] {dag.py:3954} INFO - Setting next_dagrun for consume_1_and_2_with_dataset_expressions to None, run_after=None
[2026-04-02T05:54:52.804+0530] {logging_mixin.py:188} INFO - [2026-04-02T05:54:52.804+0530] {dag.py:3954} INFO - Setting next_dagrun for consume_1_or_2_with_dataset_expressions to None, run_after=None
[2026-04-02T05:54:52.804+0530] {logging_mixin.py:188} INFO - [2026-04-02T05:54:52.804+0530] {dag.py:3954} INFO - Setting next_dagrun for consume_1_or_both_2_and_3_with_dataset_expressions to None, run_after=None
[2026-04-02T05:54:52.805+0530] {logging_mixin.py:188} INFO - [2026-04-02T05:54:52.805+0530] {dag.py:3954} INFO - Setting next_dagrun for dataset_consumes_1 to None, run_after=None
[2026-04-02T05:54:52.805+0530] {logging_mixin.py:188} INFO - [2026-04-02T05:54:52.805+0530] {dag.py:3954} INFO - Setting next_dagrun for dataset_consumes_1_and_2 to None, run_after=None
[2026-04-02T05:54:52.806+0530] {logging_mixin.py:188} INFO - [2026-04-02T05:54:52.806+0530] {dag.py:3954} INFO - Setting next_dagrun for dataset_consumes_1_never_scheduled to None, run_after=None
[2026-04-02T05:54:52.806+0530] {logging_mixin.py:188} INFO - [2026-04-02T05:54:52.806+0530] {dag.py:3954} INFO - Setting next_dagrun for dataset_consumes_unknown_never_scheduled to None, run_after=None
[2026-04-02T05:54:52.807+0530] {logging_mixin.py:188} INFO - [2026-04-02T05:54:52.807+0530] {dag.py:3954} INFO - Setting next_dagrun for dataset_produces_1 to 2026-04-01 00:00:00+00:00, run_after=2026-04-02 00:00:00+00:00
[2026-04-02T05:54:52.807+0530] {logging_mixin.py:188} INFO - [2026-04-02T05:54:52.807+0530] {dag.py:3954} INFO - Setting next_dagrun for dataset_produces_2 to None, run_after=None
[2026-04-02T05:54:52.824+0530] {processor.py:183} INFO - Processing /Users/aswin/Documents/data-engineering-practice/ETL_Airflow_DBT/airflow/airflow_env/lib/python3.11/site-packages/airflow/example_dags/example_datasets.py took 0.126 seconds
[2026-04-02T05:55:24.031+0530] {processor.py:161} INFO - Started process (PID=25364) to work on /Users/aswin/Documents/data-engineering-practice/ETL_Airflow_DBT/airflow/airflow_env/lib/python3.11/site-packages/airflow/example_dags/example_datasets.py
[2026-04-02T05:55:24.032+0530] {processor.py:830} INFO - Processing file /Users/aswin/Documents/data-engineering-practice/ETL_Airflow_DBT/airflow/airflow_env/lib/python3.11/site-packages/airflow/example_dags/example_datasets.py for tasks to queue
[2026-04-02T05:55:24.032+0530] {logging_mixin.py:188} INFO - [2026-04-02T05:55:24.032+0530] {dagbag.py:540} INFO - Filling up the DagBag from /Users/aswin/Documents/data-engineering-practice/ETL_Airflow_DBT/airflow/airflow_env/lib/python3.11/site-packages/airflow/example_dags/example_datasets.py
[2026-04-02T05:55:24.056+0530] {processor.py:840} INFO - DAG(s) 'consume_1_or_both_2_and_3_with_dataset_expressions', 'consume_1_or_2_with_dataset_expressions', 'dataset_consumes_1', 'consume_1_and_2_with_dataset_expressions', 'dataset_consumes_1_never_scheduled', 'dataset_consumes_unknown_never_scheduled', 'dataset_produces_2', 'conditional_dataset_and_time_based_timetable', 'dataset_consumes_1_and_2', 'dataset_produces_1' retrieved from /Users/aswin/Documents/data-engineering-practice/ETL_Airflow_DBT/airflow/airflow_env/lib/python3.11/site-packages/airflow/example_dags/example_datasets.py
[2026-04-02T05:55:24.121+0530] {logging_mixin.py:188} INFO - [2026-04-02T05:55:24.121+0530] {dag.py:3096} INFO - Sync 10 DAGs
[2026-04-02T05:55:24.133+0530] {logging_mixin.py:188} INFO - [2026-04-02T05:55:24.133+0530] {dag.py:3954} INFO - Setting next_dagrun for conditional_dataset_and_time_based_timetable to 2026-04-01 01:00:00+00:00, run_after=2026-04-01 01:00:00+00:00
[2026-04-02T05:55:24.135+0530] {logging_mixin.py:188} INFO - [2026-04-02T05:55:24.135+0530] {dag.py:3954} INFO - Setting next_dagrun for consume_1_and_2_with_dataset_expressions to None, run_after=None
[2026-04-02T05:55:24.135+0530] {logging_mixin.py:188} INFO - [2026-04-02T05:55:24.135+0530] {dag.py:3954} INFO - Setting next_dagrun for consume_1_or_2_with_dataset_expressions to None, run_after=None
[2026-04-02T05:55:24.136+0530] {logging_mixin.py:188} INFO - [2026-04-02T05:55:24.136+0530] {dag.py:3954} INFO - Setting next_dagrun for consume_1_or_both_2_and_3_with_dataset_expressions to None, run_after=None
[2026-04-02T05:55:24.136+0530] {logging_mixin.py:188} INFO - [2026-04-02T05:55:24.136+0530] {dag.py:3954} INFO - Setting next_dagrun for dataset_consumes_1 to None, run_after=None
[2026-04-02T05:55:24.137+0530] {logging_mixin.py:188} INFO - [2026-04-02T05:55:24.136+0530] {dag.py:3954} INFO - Setting next_dagrun for dataset_consumes_1_and_2 to None, run_after=None
[2026-04-02T05:55:24.137+0530] {logging_mixin.py:188} INFO - [2026-04-02T05:55:24.137+0530] {dag.py:3954} INFO - Setting next_dagrun for dataset_consumes_1_never_scheduled to None, run_after=None
[2026-04-02T05:55:24.137+0530] {logging_mixin.py:188} INFO - [2026-04-02T05:55:24.137+0530] {dag.py:3954} INFO - Setting next_dagrun for dataset_consumes_unknown_never_scheduled to None, run_after=None
[2026-04-02T05:55:24.138+0530] {logging_mixin.py:188} INFO - [2026-04-02T05:55:24.138+0530] {dag.py:3954} INFO - Setting next_dagrun for dataset_produces_1 to 2026-04-01 00:00:00+00:00, run_after=2026-04-02 00:00:00+00:00
[2026-04-02T05:55:24.139+0530] {logging_mixin.py:188} INFO - [2026-04-02T05:55:24.138+0530] {dag.py:3954} INFO - Setting next_dagrun for dataset_produces_2 to None, run_after=None
[2026-04-02T05:55:24.152+0530] {processor.py:183} INFO - Processing /Users/aswin/Documents/data-engineering-practice/ETL_Airflow_DBT/airflow/airflow_env/lib/python3.11/site-packages/airflow/example_dags/example_datasets.py took 0.122 seconds
[2026-04-02T05:55:55.297+0530] {processor.py:161} INFO - Started process (PID=25523) to work on /Users/aswin/Documents/data-engineering-practice/ETL_Airflow_DBT/airflow/airflow_env/lib/python3.11/site-packages/airflow/example_dags/example_datasets.py
[2026-04-02T05:55:55.298+0530] {processor.py:830} INFO - Processing file /Users/aswin/Documents/data-engineering-practice/ETL_Airflow_DBT/airflow/airflow_env/lib/python3.11/site-packages/airflow/example_dags/example_datasets.py for tasks to queue
[2026-04-02T05:55:55.298+0530] {logging_mixin.py:188} INFO - [2026-04-02T05:55:55.298+0530] {dagbag.py:540} INFO - Filling up the DagBag from /Users/aswin/Documents/data-engineering-practice/ETL_Airflow_DBT/airflow/airflow_env/lib/python3.11/site-packages/airflow/example_dags/example_datasets.py
[2026-04-02T05:55:55.319+0530] {processor.py:840} INFO - DAG(s) 'dataset_consumes_1', 'dataset_consumes_1_and_2', 'consume_1_or_2_with_dataset_expressions', 'consume_1_and_2_with_dataset_expressions', 'dataset_produces_1', 'consume_1_or_both_2_and_3_with_dataset_expressions', 'dataset_consumes_1_never_scheduled', 'conditional_dataset_and_time_based_timetable', 'dataset_consumes_unknown_never_scheduled', 'dataset_produces_2' retrieved from /Users/aswin/Documents/data-engineering-practice/ETL_Airflow_DBT/airflow/airflow_env/lib/python3.11/site-packages/airflow/example_dags/example_datasets.py
[2026-04-02T05:55:55.384+0530] {logging_mixin.py:188} INFO - [2026-04-02T05:55:55.383+0530] {dag.py:3096} INFO - Sync 10 DAGs
[2026-04-02T05:55:55.400+0530] {logging_mixin.py:188} INFO - [2026-04-02T05:55:55.400+0530] {dag.py:3954} INFO - Setting next_dagrun for conditional_dataset_and_time_based_timetable to 2026-04-01 01:00:00+00:00, run_after=2026-04-01 01:00:00+00:00
[2026-04-02T05:55:55.402+0530] {logging_mixin.py:188} INFO - [2026-04-02T05:55:55.401+0530] {dag.py:3954} INFO - Setting next_dagrun for consume_1_and_2_with_dataset_expressions to None, run_after=None
[2026-04-02T05:55:55.402+0530] {logging_mixin.py:188} INFO - [2026-04-02T05:55:55.402+0530] {dag.py:3954} INFO - Setting next_dagrun for consume_1_or_2_with_dataset_expressions to None, run_after=None
[2026-04-02T05:55:55.403+0530] {logging_mixin.py:188} INFO - [2026-04-02T05:55:55.403+0530] {dag.py:3954} INFO - Setting next_dagrun for consume_1_or_both_2_and_3_with_dataset_expressions to None, run_after=None
[2026-04-02T05:55:55.403+0530] {logging_mixin.py:188} INFO - [2026-04-02T05:55:55.403+0530] {dag.py:3954} INFO - Setting next_dagrun for dataset_consumes_1 to None, run_after=None
[2026-04-02T05:55:55.404+0530] {logging_mixin.py:188} INFO - [2026-04-02T05:55:55.404+0530] {dag.py:3954} INFO - Setting next_dagrun for dataset_consumes_1_and_2 to None, run_after=None
[2026-04-02T05:55:55.404+0530] {logging_mixin.py:188} INFO - [2026-04-02T05:55:55.404+0530] {dag.py:3954} INFO - Setting next_dagrun for dataset_consumes_1_never_scheduled to None, run_after=None
[2026-04-02T05:55:55.405+0530] {logging_mixin.py:188} INFO - [2026-04-02T05:55:55.405+0530] {dag.py:3954} INFO - Setting next_dagrun for dataset_consumes_unknown_never_scheduled to None, run_after=None
[2026-04-02T05:55:55.405+0530] {logging_mixin.py:188} INFO - [2026-04-02T05:55:55.405+0530] {dag.py:3954} INFO - Setting next_dagrun for dataset_produces_1 to 2026-04-01 00:00:00+00:00, run_after=2026-04-02 00:00:00+00:00
[2026-04-02T05:55:55.406+0530] {logging_mixin.py:188} INFO - [2026-04-02T05:55:55.406+0530] {dag.py:3954} INFO - Setting next_dagrun for dataset_produces_2 to None, run_after=None
[2026-04-02T05:55:55.426+0530] {processor.py:183} INFO - Processing /Users/aswin/Documents/data-engineering-practice/ETL_Airflow_DBT/airflow/airflow_env/lib/python3.11/site-packages/airflow/example_dags/example_datasets.py took 0.131 seconds
[2026-04-02T05:56:26.361+0530] {processor.py:161} INFO - Started process (PID=25649) to work on /Users/aswin/Documents/data-engineering-practice/ETL_Airflow_DBT/airflow/airflow_env/lib/python3.11/site-packages/airflow/example_dags/example_datasets.py
[2026-04-02T05:56:26.363+0530] {processor.py:830} INFO - Processing file /Users/aswin/Documents/data-engineering-practice/ETL_Airflow_DBT/airflow/airflow_env/lib/python3.11/site-packages/airflow/example_dags/example_datasets.py for tasks to queue
[2026-04-02T05:56:26.363+0530] {logging_mixin.py:188} INFO - [2026-04-02T05:56:26.363+0530] {dagbag.py:540} INFO - Filling up the DagBag from /Users/aswin/Documents/data-engineering-practice/ETL_Airflow_DBT/airflow/airflow_env/lib/python3.11/site-packages/airflow/example_dags/example_datasets.py
[2026-04-02T05:56:26.383+0530] {processor.py:840} INFO - DAG(s) 'dataset_produces_2', 'consume_1_or_2_with_dataset_expressions', 'consume_1_or_both_2_and_3_with_dataset_expressions', 'dataset_consumes_1', 'conditional_dataset_and_time_based_timetable', 'dataset_produces_1', 'dataset_consumes_1_and_2', 'dataset_consumes_unknown_never_scheduled', 'consume_1_and_2_with_dataset_expressions', 'dataset_consumes_1_never_scheduled' retrieved from /Users/aswin/Documents/data-engineering-practice/ETL_Airflow_DBT/airflow/airflow_env/lib/python3.11/site-packages/airflow/example_dags/example_datasets.py
[2026-04-02T05:56:26.450+0530] {logging_mixin.py:188} INFO - [2026-04-02T05:56:26.450+0530] {dag.py:3096} INFO - Sync 10 DAGs
[2026-04-02T05:56:26.464+0530] {logging_mixin.py:188} INFO - [2026-04-02T05:56:26.464+0530] {dag.py:3954} INFO - Setting next_dagrun for conditional_dataset_and_time_based_timetable to 2026-04-01 01:00:00+00:00, run_after=2026-04-01 01:00:00+00:00
[2026-04-02T05:56:26.466+0530] {logging_mixin.py:188} INFO - [2026-04-02T05:56:26.466+0530] {dag.py:3954} INFO - Setting next_dagrun for consume_1_and_2_with_dataset_expressions to None, run_after=None
[2026-04-02T05:56:26.466+0530] {logging_mixin.py:188} INFO - [2026-04-02T05:56:26.466+0530] {dag.py:3954} INFO - Setting next_dagrun for consume_1_or_2_with_dataset_expressions to None, run_after=None
[2026-04-02T05:56:26.467+0530] {logging_mixin.py:188} INFO - [2026-04-02T05:56:26.467+0530] {dag.py:3954} INFO - Setting next_dagrun for consume_1_or_both_2_and_3_with_dataset_expressions to None, run_after=None
[2026-04-02T05:56:26.467+0530] {logging_mixin.py:188} INFO - [2026-04-02T05:56:26.467+0530] {dag.py:3954} INFO - Setting next_dagrun for dataset_consumes_1 to None, run_after=None
[2026-04-02T05:56:26.468+0530] {logging_mixin.py:188} INFO - [2026-04-02T05:56:26.468+0530] {dag.py:3954} INFO - Setting next_dagrun for dataset_consumes_1_and_2 to None, run_after=None
[2026-04-02T05:56:26.468+0530] {logging_mixin.py:188} INFO - [2026-04-02T05:56:26.468+0530] {dag.py:3954} INFO - Setting next_dagrun for dataset_consumes_1_never_scheduled to None, run_after=None
[2026-04-02T05:56:26.469+0530] {logging_mixin.py:188} INFO - [2026-04-02T05:56:26.468+0530] {dag.py:3954} INFO - Setting next_dagrun for dataset_consumes_unknown_never_scheduled to None, run_after=None
[2026-04-02T05:56:26.469+0530] {logging_mixin.py:188} INFO - [2026-04-02T05:56:26.469+0530] {dag.py:3954} INFO - Setting next_dagrun for dataset_produces_1 to 2026-04-01 00:00:00+00:00, run_after=2026-04-02 00:00:00+00:00
[2026-04-02T05:56:26.470+0530] {logging_mixin.py:188} INFO - [2026-04-02T05:56:26.470+0530] {dag.py:3954} INFO - Setting next_dagrun for dataset_produces_2 to None, run_after=None
[2026-04-02T05:56:26.488+0530] {processor.py:183} INFO - Processing /Users/aswin/Documents/data-engineering-practice/ETL_Airflow_DBT/airflow/airflow_env/lib/python3.11/site-packages/airflow/example_dags/example_datasets.py took 0.128 seconds
[2026-04-02T05:56:57.691+0530] {processor.py:161} INFO - Started process (PID=25774) to work on /Users/aswin/Documents/data-engineering-practice/ETL_Airflow_DBT/airflow/airflow_env/lib/python3.11/site-packages/airflow/example_dags/example_datasets.py
[2026-04-02T05:56:57.692+0530] {processor.py:830} INFO - Processing file /Users/aswin/Documents/data-engineering-practice/ETL_Airflow_DBT/airflow/airflow_env/lib/python3.11/site-packages/airflow/example_dags/example_datasets.py for tasks to queue
[2026-04-02T05:56:57.692+0530] {logging_mixin.py:188} INFO - [2026-04-02T05:56:57.692+0530] {dagbag.py:540} INFO - Filling up the DagBag from /Users/aswin/Documents/data-engineering-practice/ETL_Airflow_DBT/airflow/airflow_env/lib/python3.11/site-packages/airflow/example_dags/example_datasets.py
[2026-04-02T05:56:57.714+0530] {processor.py:840} INFO - DAG(s) 'consume_1_and_2_with_dataset_expressions', 'dataset_consumes_unknown_never_scheduled', 'dataset_produces_1', 'dataset_consumes_1_never_scheduled', 'dataset_produces_2', 'consume_1_or_2_with_dataset_expressions', 'dataset_consumes_1_and_2', 'consume_1_or_both_2_and_3_with_dataset_expressions', 'dataset_consumes_1', 'conditional_dataset_and_time_based_timetable' retrieved from /Users/aswin/Documents/data-engineering-practice/ETL_Airflow_DBT/airflow/airflow_env/lib/python3.11/site-packages/airflow/example_dags/example_datasets.py
[2026-04-02T05:56:57.776+0530] {logging_mixin.py:188} INFO - [2026-04-02T05:56:57.776+0530] {dag.py:3096} INFO - Sync 10 DAGs
[2026-04-02T05:56:57.786+0530] {logging_mixin.py:188} INFO - [2026-04-02T05:56:57.786+0530] {dag.py:3954} INFO - Setting next_dagrun for conditional_dataset_and_time_based_timetable to 2026-04-01 01:00:00+00:00, run_after=2026-04-01 01:00:00+00:00
[2026-04-02T05:56:57.788+0530] {logging_mixin.py:188} INFO - [2026-04-02T05:56:57.788+0530] {dag.py:3954} INFO - Setting next_dagrun for consume_1_and_2_with_dataset_expressions to None, run_after=None
[2026-04-02T05:56:57.788+0530] {logging_mixin.py:188} INFO - [2026-04-02T05:56:57.788+0530] {dag.py:3954} INFO - Setting next_dagrun for consume_1_or_2_with_dataset_expressions to None, run_after=None
[2026-04-02T05:56:57.789+0530] {logging_mixin.py:188} INFO - [2026-04-02T05:56:57.789+0530] {dag.py:3954} INFO - Setting next_dagrun for consume_1_or_both_2_and_3_with_dataset_expressions to None, run_after=None
[2026-04-02T05:56:57.789+0530] {logging_mixin.py:188} INFO - [2026-04-02T05:56:57.789+0530] {dag.py:3954} INFO - Setting next_dagrun for dataset_consumes_1 to None, run_after=None
[2026-04-02T05:56:57.789+0530] {logging_mixin.py:188} INFO - [2026-04-02T05:56:57.789+0530] {dag.py:3954} INFO - Setting next_dagrun for dataset_consumes_1_and_2 to None, run_after=None
[2026-04-02T05:56:57.790+0530] {logging_mixin.py:188} INFO - [2026-04-02T05:56:57.790+0530] {dag.py:3954} INFO - Setting next_dagrun for dataset_consumes_1_never_scheduled to None, run_after=None
[2026-04-02T05:56:57.790+0530] {logging_mixin.py:188} INFO - [2026-04-02T05:56:57.790+0530] {dag.py:3954} INFO - Setting next_dagrun for dataset_consumes_unknown_never_scheduled to None, run_after=None
[2026-04-02T05:56:57.791+0530] {logging_mixin.py:188} INFO - [2026-04-02T05:56:57.791+0530] {dag.py:3954} INFO - Setting next_dagrun for dataset_produces_1 to 2026-04-01 00:00:00+00:00, run_after=2026-04-02 00:00:00+00:00
[2026-04-02T05:56:57.791+0530] {logging_mixin.py:188} INFO - [2026-04-02T05:56:57.791+0530] {dag.py:3954} INFO - Setting next_dagrun for dataset_produces_2 to None, run_after=None
[2026-04-02T05:56:57.805+0530] {processor.py:183} INFO - Processing /Users/aswin/Documents/data-engineering-practice/ETL_Airflow_DBT/airflow/airflow_env/lib/python3.11/site-packages/airflow/example_dags/example_datasets.py took 0.115 seconds
[2026-04-02T05:57:28.495+0530] {processor.py:161} INFO - Started process (PID=25906) to work on /Users/aswin/Documents/data-engineering-practice/ETL_Airflow_DBT/airflow/airflow_env/lib/python3.11/site-packages/airflow/example_dags/example_datasets.py
[2026-04-02T05:57:28.496+0530] {processor.py:830} INFO - Processing file /Users/aswin/Documents/data-engineering-practice/ETL_Airflow_DBT/airflow/airflow_env/lib/python3.11/site-packages/airflow/example_dags/example_datasets.py for tasks to queue
[2026-04-02T05:57:28.496+0530] {logging_mixin.py:188} INFO - [2026-04-02T05:57:28.496+0530] {dagbag.py:540} INFO - Filling up the DagBag from /Users/aswin/Documents/data-engineering-practice/ETL_Airflow_DBT/airflow/airflow_env/lib/python3.11/site-packages/airflow/example_dags/example_datasets.py
[2026-04-02T05:57:28.516+0530] {processor.py:840} INFO - DAG(s) 'dataset_consumes_1_and_2', 'dataset_consumes_1', 'consume_1_and_2_with_dataset_expressions', 'conditional_dataset_and_time_based_timetable', 'consume_1_or_2_with_dataset_expressions', 'consume_1_or_both_2_and_3_with_dataset_expressions', 'dataset_consumes_unknown_never_scheduled', 'dataset_produces_2', 'dataset_produces_1', 'dataset_consumes_1_never_scheduled' retrieved from /Users/aswin/Documents/data-engineering-practice/ETL_Airflow_DBT/airflow/airflow_env/lib/python3.11/site-packages/airflow/example_dags/example_datasets.py
[2026-04-02T05:57:28.584+0530] {logging_mixin.py:188} INFO - [2026-04-02T05:57:28.584+0530] {dag.py:3096} INFO - Sync 10 DAGs
[2026-04-02T05:57:28.599+0530] {logging_mixin.py:188} INFO - [2026-04-02T05:57:28.599+0530] {dag.py:3954} INFO - Setting next_dagrun for conditional_dataset_and_time_based_timetable to 2026-04-01 01:00:00+00:00, run_after=2026-04-01 01:00:00+00:00
[2026-04-02T05:57:28.601+0530] {logging_mixin.py:188} INFO - [2026-04-02T05:57:28.601+0530] {dag.py:3954} INFO - Setting next_dagrun for consume_1_and_2_with_dataset_expressions to None, run_after=None
[2026-04-02T05:57:28.601+0530] {logging_mixin.py:188} INFO - [2026-04-02T05:57:28.601+0530] {dag.py:3954} INFO - Setting next_dagrun for consume_1_or_2_with_dataset_expressions to None, run_after=None
[2026-04-02T05:57:28.602+0530] {logging_mixin.py:188} INFO - [2026-04-02T05:57:28.602+0530] {dag.py:3954} INFO - Setting next_dagrun for consume_1_or_both_2_and_3_with_dataset_expressions to None, run_after=None
[2026-04-02T05:57:28.602+0530] {logging_mixin.py:188} INFO - [2026-04-02T05:57:28.602+0530] {dag.py:3954} INFO - Setting next_dagrun for dataset_consumes_1 to None, run_after=None
[2026-04-02T05:57:28.603+0530] {logging_mixin.py:188} INFO - [2026-04-02T05:57:28.603+0530] {dag.py:3954} INFO - Setting next_dagrun for dataset_consumes_1_and_2 to None, run_after=None
[2026-04-02T05:57:28.603+0530] {logging_mixin.py:188} INFO - [2026-04-02T05:57:28.603+0530] {dag.py:3954} INFO - Setting next_dagrun for dataset_consumes_1_never_scheduled to None, run_after=None
[2026-04-02T05:57:28.603+0530] {logging_mixin.py:188} INFO - [2026-04-02T05:57:28.603+0530] {dag.py:3954} INFO - Setting next_dagrun for dataset_consumes_unknown_never_scheduled to None, run_after=None
[2026-04-02T05:57:28.604+0530] {logging_mixin.py:188} INFO - [2026-04-02T05:57:28.604+0530] {dag.py:3954} INFO - Setting next_dagrun for dataset_produces_1 to 2026-04-01 00:00:00+00:00, run_after=2026-04-02 00:00:00+00:00
[2026-04-02T05:57:28.605+0530] {logging_mixin.py:188} INFO - [2026-04-02T05:57:28.605+0530] {dag.py:3954} INFO - Setting next_dagrun for dataset_produces_2 to None, run_after=None
[2026-04-02T05:57:28.625+0530] {processor.py:183} INFO - Processing /Users/aswin/Documents/data-engineering-practice/ETL_Airflow_DBT/airflow/airflow_env/lib/python3.11/site-packages/airflow/example_dags/example_datasets.py took 0.130 seconds
[2026-04-02T05:57:59.677+0530] {processor.py:161} INFO - Started process (PID=26031) to work on /Users/aswin/Documents/data-engineering-practice/ETL_Airflow_DBT/airflow/airflow_env/lib/python3.11/site-packages/airflow/example_dags/example_datasets.py
[2026-04-02T05:57:59.678+0530] {processor.py:830} INFO - Processing file /Users/aswin/Documents/data-engineering-practice/ETL_Airflow_DBT/airflow/airflow_env/lib/python3.11/site-packages/airflow/example_dags/example_datasets.py for tasks to queue
[2026-04-02T05:57:59.678+0530] {logging_mixin.py:188} INFO - [2026-04-02T05:57:59.678+0530] {dagbag.py:540} INFO - Filling up the DagBag from /Users/aswin/Documents/data-engineering-practice/ETL_Airflow_DBT/airflow/airflow_env/lib/python3.11/site-packages/airflow/example_dags/example_datasets.py
[2026-04-02T05:57:59.699+0530] {processor.py:840} INFO - DAG(s) 'consume_1_and_2_with_dataset_expressions', 'conditional_dataset_and_time_based_timetable', 'dataset_consumes_unknown_never_scheduled', 'consume_1_or_both_2_and_3_with_dataset_expressions', 'dataset_consumes_1_and_2', 'dataset_consumes_1_never_scheduled', 'dataset_produces_1', 'dataset_consumes_1', 'consume_1_or_2_with_dataset_expressions', 'dataset_produces_2' retrieved from /Users/aswin/Documents/data-engineering-practice/ETL_Airflow_DBT/airflow/airflow_env/lib/python3.11/site-packages/airflow/example_dags/example_datasets.py
[2026-04-02T05:57:59.765+0530] {logging_mixin.py:188} INFO - [2026-04-02T05:57:59.765+0530] {dag.py:3096} INFO - Sync 10 DAGs
[2026-04-02T05:57:59.780+0530] {logging_mixin.py:188} INFO - [2026-04-02T05:57:59.780+0530] {dag.py:3954} INFO - Setting next_dagrun for conditional_dataset_and_time_based_timetable to 2026-04-01 01:00:00+00:00, run_after=2026-04-01 01:00:00+00:00
[2026-04-02T05:57:59.782+0530] {logging_mixin.py:188} INFO - [2026-04-02T05:57:59.782+0530] {dag.py:3954} INFO - Setting next_dagrun for consume_1_and_2_with_dataset_expressions to None, run_after=None
[2026-04-02T05:57:59.782+0530] {logging_mixin.py:188} INFO - [2026-04-02T05:57:59.782+0530] {dag.py:3954} INFO - Setting next_dagrun for consume_1_or_2_with_dataset_expressions to None, run_after=None
[2026-04-02T05:57:59.783+0530] {logging_mixin.py:188} INFO - [2026-04-02T05:57:59.783+0530] {dag.py:3954} INFO - Setting next_dagrun for consume_1_or_both_2_and_3_with_dataset_expressions to None, run_after=None
[2026-04-02T05:57:59.783+0530] {logging_mixin.py:188} INFO - [2026-04-02T05:57:59.783+0530] {dag.py:3954} INFO - Setting next_dagrun for dataset_consumes_1 to None, run_after=None
[2026-04-02T05:57:59.784+0530] {logging_mixin.py:188} INFO - [2026-04-02T05:57:59.784+0530] {dag.py:3954} INFO - Setting next_dagrun for dataset_consumes_1_and_2 to None, run_after=None
[2026-04-02T05:57:59.784+0530] {logging_mixin.py:188} INFO - [2026-04-02T05:57:59.784+0530] {dag.py:3954} INFO - Setting next_dagrun for dataset_consumes_1_never_scheduled to None, run_after=None
[2026-04-02T05:57:59.785+0530] {logging_mixin.py:188} INFO - [2026-04-02T05:57:59.785+0530] {dag.py:3954} INFO - Setting next_dagrun for dataset_consumes_unknown_never_scheduled to None, run_after=None
[2026-04-02T05:57:59.786+0530] {logging_mixin.py:188} INFO - [2026-04-02T05:57:59.785+0530] {dag.py:3954} INFO - Setting next_dagrun for dataset_produces_1 to 2026-04-01 00:00:00+00:00, run_after=2026-04-02 00:00:00+00:00
[2026-04-02T05:57:59.786+0530] {logging_mixin.py:188} INFO - [2026-04-02T05:57:59.786+0530] {dag.py:3954} INFO - Setting next_dagrun for dataset_produces_2 to None, run_after=None
[2026-04-02T05:57:59.803+0530] {processor.py:183} INFO - Processing /Users/aswin/Documents/data-engineering-practice/ETL_Airflow_DBT/airflow/airflow_env/lib/python3.11/site-packages/airflow/example_dags/example_datasets.py took 0.127 seconds
[2026-04-02T05:58:30.817+0530] {processor.py:161} INFO - Started process (PID=26156) to work on /Users/aswin/Documents/data-engineering-practice/ETL_Airflow_DBT/airflow/airflow_env/lib/python3.11/site-packages/airflow/example_dags/example_datasets.py
[2026-04-02T05:58:30.817+0530] {processor.py:830} INFO - Processing file /Users/aswin/Documents/data-engineering-practice/ETL_Airflow_DBT/airflow/airflow_env/lib/python3.11/site-packages/airflow/example_dags/example_datasets.py for tasks to queue
[2026-04-02T05:58:30.817+0530] {logging_mixin.py:188} INFO - [2026-04-02T05:58:30.817+0530] {dagbag.py:540} INFO - Filling up the DagBag from /Users/aswin/Documents/data-engineering-practice/ETL_Airflow_DBT/airflow/airflow_env/lib/python3.11/site-packages/airflow/example_dags/example_datasets.py
[2026-04-02T05:58:30.837+0530] {processor.py:840} INFO - DAG(s) 'dataset_consumes_unknown_never_scheduled', 'dataset_produces_2', 'dataset_consumes_1_never_scheduled', 'dataset_consumes_1_and_2', 'conditional_dataset_and_time_based_timetable', 'consume_1_or_both_2_and_3_with_dataset_expressions', 'consume_1_and_2_with_dataset_expressions', 'consume_1_or_2_with_dataset_expressions', 'dataset_produces_1', 'dataset_consumes_1' retrieved from /Users/aswin/Documents/data-engineering-practice/ETL_Airflow_DBT/airflow/airflow_env/lib/python3.11/site-packages/airflow/example_dags/example_datasets.py
[2026-04-02T05:58:30.903+0530] {logging_mixin.py:188} INFO - [2026-04-02T05:58:30.903+0530] {dag.py:3096} INFO - Sync 10 DAGs
[2026-04-02T05:58:30.918+0530] {logging_mixin.py:188} INFO - [2026-04-02T05:58:30.918+0530] {dag.py:3954} INFO - Setting next_dagrun for conditional_dataset_and_time_based_timetable to 2026-04-01 01:00:00+00:00, run_after=2026-04-01 01:00:00+00:00
[2026-04-02T05:58:30.919+0530] {logging_mixin.py:188} INFO - [2026-04-02T05:58:30.919+0530] {dag.py:3954} INFO - Setting next_dagrun for consume_1_and_2_with_dataset_expressions to None, run_after=None
[2026-04-02T05:58:30.920+0530] {logging_mixin.py:188} INFO - [2026-04-02T05:58:30.920+0530] {dag.py:3954} INFO - Setting next_dagrun for consume_1_or_2_with_dataset_expressions to None, run_after=None
[2026-04-02T05:58:30.920+0530] {logging_mixin.py:188} INFO - [2026-04-02T05:58:30.920+0530] {dag.py:3954} INFO - Setting next_dagrun for consume_1_or_both_2_and_3_with_dataset_expressions to None, run_after=None
[2026-04-02T05:58:30.921+0530] {logging_mixin.py:188} INFO - [2026-04-02T05:58:30.921+0530] {dag.py:3954} INFO - Setting next_dagrun for dataset_consumes_1 to None, run_after=None
[2026-04-02T05:58:30.921+0530] {logging_mixin.py:188} INFO - [2026-04-02T05:58:30.921+0530] {dag.py:3954} INFO - Setting next_dagrun for dataset_consumes_1_and_2 to None, run_after=None
[2026-04-02T05:58:30.922+0530] {logging_mixin.py:188} INFO - [2026-04-02T05:58:30.922+0530] {dag.py:3954} INFO - Setting next_dagrun for dataset_consumes_1_never_scheduled to None, run_after=None
[2026-04-02T05:58:30.922+0530] {logging_mixin.py:188} INFO - [2026-04-02T05:58:30.922+0530] {dag.py:3954} INFO - Setting next_dagrun for dataset_consumes_unknown_never_scheduled to None, run_after=None
[2026-04-02T05:58:30.923+0530] {logging_mixin.py:188} INFO - [2026-04-02T05:58:30.923+0530] {dag.py:3954} INFO - Setting next_dagrun for dataset_produces_1 to 2026-04-01 00:00:00+00:00, run_after=2026-04-02 00:00:00+00:00
[2026-04-02T05:58:30.923+0530] {logging_mixin.py:188} INFO - [2026-04-02T05:58:30.923+0530] {dag.py:3954} INFO - Setting next_dagrun for dataset_produces_2 to None, run_after=None
[2026-04-02T05:58:30.941+0530] {processor.py:183} INFO - Processing /Users/aswin/Documents/data-engineering-practice/ETL_Airflow_DBT/airflow/airflow_env/lib/python3.11/site-packages/airflow/example_dags/example_datasets.py took 0.126 seconds
[2026-04-02T05:59:01.872+0530] {processor.py:161} INFO - Started process (PID=26282) to work on /Users/aswin/Documents/data-engineering-practice/ETL_Airflow_DBT/airflow/airflow_env/lib/python3.11/site-packages/airflow/example_dags/example_datasets.py
[2026-04-02T05:59:01.873+0530] {processor.py:830} INFO - Processing file /Users/aswin/Documents/data-engineering-practice/ETL_Airflow_DBT/airflow/airflow_env/lib/python3.11/site-packages/airflow/example_dags/example_datasets.py for tasks to queue
[2026-04-02T05:59:01.874+0530] {logging_mixin.py:188} INFO - [2026-04-02T05:59:01.874+0530] {dagbag.py:540} INFO - Filling up the DagBag from /Users/aswin/Documents/data-engineering-practice/ETL_Airflow_DBT/airflow/airflow_env/lib/python3.11/site-packages/airflow/example_dags/example_datasets.py
[2026-04-02T05:59:01.896+0530] {processor.py:840} INFO - DAG(s) 'consume_1_or_2_with_dataset_expressions', 'consume_1_or_both_2_and_3_with_dataset_expressions', 'dataset_produces_2', 'dataset_consumes_unknown_never_scheduled', 'dataset_consumes_1_never_scheduled', 'consume_1_and_2_with_dataset_expressions', 'conditional_dataset_and_time_based_timetable', 'dataset_consumes_1', 'dataset_produces_1', 'dataset_consumes_1_and_2' retrieved from /Users/aswin/Documents/data-engineering-practice/ETL_Airflow_DBT/airflow/airflow_env/lib/python3.11/site-packages/airflow/example_dags/example_datasets.py
[2026-04-02T05:59:01.958+0530] {logging_mixin.py:188} INFO - [2026-04-02T05:59:01.958+0530] {dag.py:3096} INFO - Sync 10 DAGs
[2026-04-02T05:59:01.971+0530] {logging_mixin.py:188} INFO - [2026-04-02T05:59:01.971+0530] {dag.py:3954} INFO - Setting next_dagrun for conditional_dataset_and_time_based_timetable to 2026-04-01 01:00:00+00:00, run_after=2026-04-01 01:00:00+00:00
[2026-04-02T05:59:01.973+0530] {logging_mixin.py:188} INFO - [2026-04-02T05:59:01.973+0530] {dag.py:3954} INFO - Setting next_dagrun for consume_1_and_2_with_dataset_expressions to None, run_after=None
[2026-04-02T05:59:01.973+0530] {logging_mixin.py:188} INFO - [2026-04-02T05:59:01.973+0530] {dag.py:3954} INFO - Setting next_dagrun for consume_1_or_2_with_dataset_expressions to None, run_after=None
[2026-04-02T05:59:01.974+0530] {logging_mixin.py:188} INFO - [2026-04-02T05:59:01.974+0530] {dag.py:3954} INFO - Setting next_dagrun for consume_1_or_both_2_and_3_with_dataset_expressions to None, run_after=None
[2026-04-02T05:59:01.974+0530] {logging_mixin.py:188} INFO - [2026-04-02T05:59:01.974+0530] {dag.py:3954} INFO - Setting next_dagrun for dataset_consumes_1 to None, run_after=None
[2026-04-02T05:59:01.975+0530] {logging_mixin.py:188} INFO - [2026-04-02T05:59:01.975+0530] {dag.py:3954} INFO - Setting next_dagrun for dataset_consumes_1_and_2 to None, run_after=None
[2026-04-02T05:59:01.975+0530] {logging_mixin.py:188} INFO - [2026-04-02T05:59:01.975+0530] {dag.py:3954} INFO - Setting next_dagrun for dataset_consumes_1_never_scheduled to None, run_after=None
[2026-04-02T05:59:01.976+0530] {logging_mixin.py:188} INFO - [2026-04-02T05:59:01.976+0530] {dag.py:3954} INFO - Setting next_dagrun for dataset_consumes_unknown_never_scheduled to None, run_after=None
[2026-04-02T05:59:01.976+0530] {logging_mixin.py:188} INFO - [2026-04-02T05:59:01.976+0530] {dag.py:3954} INFO - Setting next_dagrun for dataset_produces_1 to 2026-04-01 00:00:00+00:00, run_after=2026-04-02 00:00:00+00:00
[2026-04-02T05:59:01.977+0530] {logging_mixin.py:188} INFO - [2026-04-02T05:59:01.977+0530] {dag.py:3954} INFO - Setting next_dagrun for dataset_produces_2 to None, run_after=None
[2026-04-02T05:59:01.993+0530] {processor.py:183} INFO - Processing /Users/aswin/Documents/data-engineering-practice/ETL_Airflow_DBT/airflow/airflow_env/lib/python3.11/site-packages/airflow/example_dags/example_datasets.py took 0.122 seconds
[2026-04-02T05:59:33.815+0530] {processor.py:161} INFO - Started process (PID=26422) to work on /Users/aswin/Documents/data-engineering-practice/ETL_Airflow_DBT/airflow/airflow_env/lib/python3.11/site-packages/airflow/example_dags/example_datasets.py
[2026-04-02T05:59:33.817+0530] {processor.py:830} INFO - Processing file /Users/aswin/Documents/data-engineering-practice/ETL_Airflow_DBT/airflow/airflow_env/lib/python3.11/site-packages/airflow/example_dags/example_datasets.py for tasks to queue
[2026-04-02T05:59:33.817+0530] {logging_mixin.py:188} INFO - [2026-04-02T05:59:33.817+0530] {dagbag.py:540} INFO - Filling up the DagBag from /Users/aswin/Documents/data-engineering-practice/ETL_Airflow_DBT/airflow/airflow_env/lib/python3.11/site-packages/airflow/example_dags/example_datasets.py
[2026-04-02T05:59:33.842+0530] {processor.py:840} INFO - DAG(s) 'conditional_dataset_and_time_based_timetable', 'dataset_produces_1', 'dataset_produces_2', 'dataset_consumes_unknown_never_scheduled', 'dataset_consumes_1', 'consume_1_or_2_with_dataset_expressions', 'dataset_consumes_1_never_scheduled', 'consume_1_or_both_2_and_3_with_dataset_expressions', 'dataset_consumes_1_and_2', 'consume_1_and_2_with_dataset_expressions' retrieved from /Users/aswin/Documents/data-engineering-practice/ETL_Airflow_DBT/airflow/airflow_env/lib/python3.11/site-packages/airflow/example_dags/example_datasets.py
[2026-04-02T05:59:33.911+0530] {logging_mixin.py:188} INFO - [2026-04-02T05:59:33.911+0530] {dag.py:3096} INFO - Sync 10 DAGs
[2026-04-02T05:59:33.923+0530] {logging_mixin.py:188} INFO - [2026-04-02T05:59:33.923+0530] {dag.py:3954} INFO - Setting next_dagrun for conditional_dataset_and_time_based_timetable to 2026-04-01 01:00:00+00:00, run_after=2026-04-01 01:00:00+00:00
[2026-04-02T05:59:33.925+0530] {logging_mixin.py:188} INFO - [2026-04-02T05:59:33.924+0530] {dag.py:3954} INFO - Setting next_dagrun for consume_1_and_2_with_dataset_expressions to None, run_after=None
[2026-04-02T05:59:33.925+0530] {logging_mixin.py:188} INFO - [2026-04-02T05:59:33.925+0530] {dag.py:3954} INFO - Setting next_dagrun for consume_1_or_2_with_dataset_expressions to None, run_after=None
[2026-04-02T05:59:33.926+0530] {logging_mixin.py:188} INFO - [2026-04-02T05:59:33.926+0530] {dag.py:3954} INFO - Setting next_dagrun for consume_1_or_both_2_and_3_with_dataset_expressions to None, run_after=None
[2026-04-02T05:59:33.926+0530] {logging_mixin.py:188} INFO - [2026-04-02T05:59:33.926+0530] {dag.py:3954} INFO - Setting next_dagrun for dataset_consumes_1 to None, run_after=None
[2026-04-02T05:59:33.926+0530] {logging_mixin.py:188} INFO - [2026-04-02T05:59:33.926+0530] {dag.py:3954} INFO - Setting next_dagrun for dataset_consumes_1_and_2 to None, run_after=None
[2026-04-02T05:59:33.927+0530] {logging_mixin.py:188} INFO - [2026-04-02T05:59:33.927+0530] {dag.py:3954} INFO - Setting next_dagrun for dataset_consumes_1_never_scheduled to None, run_after=None
[2026-04-02T05:59:33.927+0530] {logging_mixin.py:188} INFO - [2026-04-02T05:59:33.927+0530] {dag.py:3954} INFO - Setting next_dagrun for dataset_consumes_unknown_never_scheduled to None, run_after=None
[2026-04-02T05:59:33.928+0530] {logging_mixin.py:188} INFO - [2026-04-02T05:59:33.928+0530] {dag.py:3954} INFO - Setting next_dagrun for dataset_produces_1 to 2026-04-01 00:00:00+00:00, run_after=2026-04-02 00:00:00+00:00
[2026-04-02T05:59:33.929+0530] {logging_mixin.py:188} INFO - [2026-04-02T05:59:33.928+0530] {dag.py:3954} INFO - Setting next_dagrun for dataset_produces_2 to None, run_after=None
[2026-04-02T05:59:33.946+0530] {processor.py:183} INFO - Processing /Users/aswin/Documents/data-engineering-practice/ETL_Airflow_DBT/airflow/airflow_env/lib/python3.11/site-packages/airflow/example_dags/example_datasets.py took 0.131 seconds
[2026-04-02T06:00:04.804+0530] {processor.py:161} INFO - Started process (PID=26548) to work on /Users/aswin/Documents/data-engineering-practice/ETL_Airflow_DBT/airflow/airflow_env/lib/python3.11/site-packages/airflow/example_dags/example_datasets.py
[2026-04-02T06:00:04.805+0530] {processor.py:830} INFO - Processing file /Users/aswin/Documents/data-engineering-practice/ETL_Airflow_DBT/airflow/airflow_env/lib/python3.11/site-packages/airflow/example_dags/example_datasets.py for tasks to queue
[2026-04-02T06:00:04.806+0530] {logging_mixin.py:188} INFO - [2026-04-02T06:00:04.806+0530] {dagbag.py:540} INFO - Filling up the DagBag from /Users/aswin/Documents/data-engineering-practice/ETL_Airflow_DBT/airflow/airflow_env/lib/python3.11/site-packages/airflow/example_dags/example_datasets.py
[2026-04-02T06:00:04.827+0530] {processor.py:840} INFO - DAG(s) 'consume_1_or_both_2_and_3_with_dataset_expressions', 'dataset_consumes_1_never_scheduled', 'dataset_consumes_unknown_never_scheduled', 'dataset_produces_2', 'dataset_produces_1', 'dataset_consumes_1', 'consume_1_and_2_with_dataset_expressions', 'conditional_dataset_and_time_based_timetable', 'dataset_consumes_1_and_2', 'consume_1_or_2_with_dataset_expressions' retrieved from /Users/aswin/Documents/data-engineering-practice/ETL_Airflow_DBT/airflow/airflow_env/lib/python3.11/site-packages/airflow/example_dags/example_datasets.py
[2026-04-02T06:00:04.891+0530] {logging_mixin.py:188} INFO - [2026-04-02T06:00:04.891+0530] {dag.py:3096} INFO - Sync 10 DAGs
[2026-04-02T06:00:04.905+0530] {logging_mixin.py:188} INFO - [2026-04-02T06:00:04.905+0530] {dag.py:3954} INFO - Setting next_dagrun for conditional_dataset_and_time_based_timetable to 2026-04-01 01:00:00+00:00, run_after=2026-04-01 01:00:00+00:00
[2026-04-02T06:00:04.906+0530] {logging_mixin.py:188} INFO - [2026-04-02T06:00:04.906+0530] {dag.py:3954} INFO - Setting next_dagrun for consume_1_and_2_with_dataset_expressions to None, run_after=None
[2026-04-02T06:00:04.907+0530] {logging_mixin.py:188} INFO - [2026-04-02T06:00:04.907+0530] {dag.py:3954} INFO - Setting next_dagrun for consume_1_or_2_with_dataset_expressions to None, run_after=None
[2026-04-02T06:00:04.907+0530] {logging_mixin.py:188} INFO - [2026-04-02T06:00:04.907+0530] {dag.py:3954} INFO - Setting next_dagrun for consume_1_or_both_2_and_3_with_dataset_expressions to None, run_after=None
[2026-04-02T06:00:04.908+0530] {logging_mixin.py:188} INFO - [2026-04-02T06:00:04.908+0530] {dag.py:3954} INFO - Setting next_dagrun for dataset_consumes_1 to None, run_after=None
[2026-04-02T06:00:04.908+0530] {logging_mixin.py:188} INFO - [2026-04-02T06:00:04.908+0530] {dag.py:3954} INFO - Setting next_dagrun for dataset_consumes_1_and_2 to None, run_after=None
[2026-04-02T06:00:04.909+0530] {logging_mixin.py:188} INFO - [2026-04-02T06:00:04.909+0530] {dag.py:3954} INFO - Setting next_dagrun for dataset_consumes_1_never_scheduled to None, run_after=None
[2026-04-02T06:00:04.909+0530] {logging_mixin.py:188} INFO - [2026-04-02T06:00:04.909+0530] {dag.py:3954} INFO - Setting next_dagrun for dataset_consumes_unknown_never_scheduled to None, run_after=None
[2026-04-02T06:00:04.910+0530] {logging_mixin.py:188} INFO - [2026-04-02T06:00:04.910+0530] {dag.py:3954} INFO - Setting next_dagrun for dataset_produces_1 to 2026-04-01 00:00:00+00:00, run_after=2026-04-02 00:00:00+00:00
[2026-04-02T06:00:04.911+0530] {logging_mixin.py:188} INFO - [2026-04-02T06:00:04.910+0530] {dag.py:3954} INFO - Setting next_dagrun for dataset_produces_2 to None, run_after=None
[2026-04-02T06:00:04.926+0530] {processor.py:183} INFO - Processing /Users/aswin/Documents/data-engineering-practice/ETL_Airflow_DBT/airflow/airflow_env/lib/python3.11/site-packages/airflow/example_dags/example_datasets.py took 0.123 seconds
[2026-04-02T06:00:36.565+0530] {processor.py:161} INFO - Started process (PID=26675) to work on /Users/aswin/Documents/data-engineering-practice/ETL_Airflow_DBT/airflow/airflow_env/lib/python3.11/site-packages/airflow/example_dags/example_datasets.py
[2026-04-02T06:00:36.566+0530] {processor.py:830} INFO - Processing file /Users/aswin/Documents/data-engineering-practice/ETL_Airflow_DBT/airflow/airflow_env/lib/python3.11/site-packages/airflow/example_dags/example_datasets.py for tasks to queue
[2026-04-02T06:00:36.566+0530] {logging_mixin.py:188} INFO - [2026-04-02T06:00:36.566+0530] {dagbag.py:540} INFO - Filling up the DagBag from /Users/aswin/Documents/data-engineering-practice/ETL_Airflow_DBT/airflow/airflow_env/lib/python3.11/site-packages/airflow/example_dags/example_datasets.py
[2026-04-02T06:00:36.592+0530] {processor.py:840} INFO - DAG(s) 'dataset_consumes_1_never_scheduled', 'consume_1_and_2_with_dataset_expressions', 'dataset_produces_1', 'dataset_consumes_1_and_2', 'dataset_consumes_unknown_never_scheduled', 'conditional_dataset_and_time_based_timetable', 'dataset_produces_2', 'consume_1_or_both_2_and_3_with_dataset_expressions', 'dataset_consumes_1', 'consume_1_or_2_with_dataset_expressions' retrieved from /Users/aswin/Documents/data-engineering-practice/ETL_Airflow_DBT/airflow/airflow_env/lib/python3.11/site-packages/airflow/example_dags/example_datasets.py
[2026-04-02T06:00:36.655+0530] {logging_mixin.py:188} INFO - [2026-04-02T06:00:36.655+0530] {dag.py:3096} INFO - Sync 10 DAGs
[2026-04-02T06:00:36.669+0530] {logging_mixin.py:188} INFO - [2026-04-02T06:00:36.669+0530] {dag.py:3954} INFO - Setting next_dagrun for conditional_dataset_and_time_based_timetable to 2026-04-01 01:00:00+00:00, run_after=2026-04-01 01:00:00+00:00
[2026-04-02T06:00:36.671+0530] {logging_mixin.py:188} INFO - [2026-04-02T06:00:36.671+0530] {dag.py:3954} INFO - Setting next_dagrun for consume_1_and_2_with_dataset_expressions to None, run_after=None
[2026-04-02T06:00:36.671+0530] {logging_mixin.py:188} INFO - [2026-04-02T06:00:36.671+0530] {dag.py:3954} INFO - Setting next_dagrun for consume_1_or_2_with_dataset_expressions to None, run_after=None
[2026-04-02T06:00:36.672+0530] {logging_mixin.py:188} INFO - [2026-04-02T06:00:36.672+0530] {dag.py:3954} INFO - Setting next_dagrun for consume_1_or_both_2_and_3_with_dataset_expressions to None, run_after=None
[2026-04-02T06:00:36.672+0530] {logging_mixin.py:188} INFO - [2026-04-02T06:00:36.672+0530] {dag.py:3954} INFO - Setting next_dagrun for dataset_consumes_1 to None, run_after=None
[2026-04-02T06:00:36.673+0530] {logging_mixin.py:188} INFO - [2026-04-02T06:00:36.673+0530] {dag.py:3954} INFO - Setting next_dagrun for dataset_consumes_1_and_2 to None, run_after=None
[2026-04-02T06:00:36.673+0530] {logging_mixin.py:188} INFO - [2026-04-02T06:00:36.673+0530] {dag.py:3954} INFO - Setting next_dagrun for dataset_consumes_1_never_scheduled to None, run_after=None
[2026-04-02T06:00:36.674+0530] {logging_mixin.py:188} INFO - [2026-04-02T06:00:36.674+0530] {dag.py:3954} INFO - Setting next_dagrun for dataset_consumes_unknown_never_scheduled to None, run_after=None
[2026-04-02T06:00:36.674+0530] {logging_mixin.py:188} INFO - [2026-04-02T06:00:36.674+0530] {dag.py:3954} INFO - Setting next_dagrun for dataset_produces_1 to 2026-04-01 00:00:00+00:00, run_after=2026-04-02 00:00:00+00:00
[2026-04-02T06:00:36.675+0530] {logging_mixin.py:188} INFO - [2026-04-02T06:00:36.675+0530] {dag.py:3954} INFO - Setting next_dagrun for dataset_produces_2 to None, run_after=None
[2026-04-02T06:00:36.693+0530] {processor.py:183} INFO - Processing /Users/aswin/Documents/data-engineering-practice/ETL_Airflow_DBT/airflow/airflow_env/lib/python3.11/site-packages/airflow/example_dags/example_datasets.py took 0.129 seconds
[2026-04-02T06:01:07.655+0530] {processor.py:161} INFO - Started process (PID=26805) to work on /Users/aswin/Documents/data-engineering-practice/ETL_Airflow_DBT/airflow/airflow_env/lib/python3.11/site-packages/airflow/example_dags/example_datasets.py
[2026-04-02T06:01:07.656+0530] {processor.py:830} INFO - Processing file /Users/aswin/Documents/data-engineering-practice/ETL_Airflow_DBT/airflow/airflow_env/lib/python3.11/site-packages/airflow/example_dags/example_datasets.py for tasks to queue
[2026-04-02T06:01:07.656+0530] {logging_mixin.py:188} INFO - [2026-04-02T06:01:07.656+0530] {dagbag.py:540} INFO - Filling up the DagBag from /Users/aswin/Documents/data-engineering-practice/ETL_Airflow_DBT/airflow/airflow_env/lib/python3.11/site-packages/airflow/example_dags/example_datasets.py
[2026-04-02T06:01:07.678+0530] {processor.py:840} INFO - DAG(s) 'dataset_produces_1', 'dataset_consumes_1', 'dataset_consumes_1_and_2', 'consume_1_or_both_2_and_3_with_dataset_expressions', 'consume_1_and_2_with_dataset_expressions', 'consume_1_or_2_with_dataset_expressions', 'dataset_consumes_1_never_scheduled', 'dataset_consumes_unknown_never_scheduled', 'dataset_produces_2', 'conditional_dataset_and_time_based_timetable' retrieved from /Users/aswin/Documents/data-engineering-practice/ETL_Airflow_DBT/airflow/airflow_env/lib/python3.11/site-packages/airflow/example_dags/example_datasets.py
[2026-04-02T06:01:07.742+0530] {logging_mixin.py:188} INFO - [2026-04-02T06:01:07.742+0530] {dag.py:3096} INFO - Sync 10 DAGs
[2026-04-02T06:01:07.755+0530] {logging_mixin.py:188} INFO - [2026-04-02T06:01:07.755+0530] {dag.py:3954} INFO - Setting next_dagrun for conditional_dataset_and_time_based_timetable to 2026-04-01 01:00:00+00:00, run_after=2026-04-01 01:00:00+00:00
[2026-04-02T06:01:07.756+0530] {logging_mixin.py:188} INFO - [2026-04-02T06:01:07.756+0530] {dag.py:3954} INFO - Setting next_dagrun for consume_1_and_2_with_dataset_expressions to None, run_after=None
[2026-04-02T06:01:07.757+0530] {logging_mixin.py:188} INFO - [2026-04-02T06:01:07.757+0530] {dag.py:3954} INFO - Setting next_dagrun for consume_1_or_2_with_dataset_expressions to None, run_after=None
[2026-04-02T06:01:07.757+0530] {logging_mixin.py:188} INFO - [2026-04-02T06:01:07.757+0530] {dag.py:3954} INFO - Setting next_dagrun for consume_1_or_both_2_and_3_with_dataset_expressions to None, run_after=None
[2026-04-02T06:01:07.758+0530] {logging_mixin.py:188} INFO - [2026-04-02T06:01:07.758+0530] {dag.py:3954} INFO - Setting next_dagrun for dataset_consumes_1 to None, run_after=None
[2026-04-02T06:01:07.758+0530] {logging_mixin.py:188} INFO - [2026-04-02T06:01:07.758+0530] {dag.py:3954} INFO - Setting next_dagrun for dataset_consumes_1_and_2 to None, run_after=None
[2026-04-02T06:01:07.759+0530] {logging_mixin.py:188} INFO - [2026-04-02T06:01:07.759+0530] {dag.py:3954} INFO - Setting next_dagrun for dataset_consumes_1_never_scheduled to None, run_after=None
[2026-04-02T06:01:07.759+0530] {logging_mixin.py:188} INFO - [2026-04-02T06:01:07.759+0530] {dag.py:3954} INFO - Setting next_dagrun for dataset_consumes_unknown_never_scheduled to None, run_after=None
[2026-04-02T06:01:07.760+0530] {logging_mixin.py:188} INFO - [2026-04-02T06:01:07.760+0530] {dag.py:3954} INFO - Setting next_dagrun for dataset_produces_1 to 2026-04-01 00:00:00+00:00, run_after=2026-04-02 00:00:00+00:00
[2026-04-02T06:01:07.760+0530] {logging_mixin.py:188} INFO - [2026-04-02T06:01:07.760+0530] {dag.py:3954} INFO - Setting next_dagrun for dataset_produces_2 to None, run_after=None
[2026-04-02T06:01:07.778+0530] {processor.py:183} INFO - Processing /Users/aswin/Documents/data-engineering-practice/ETL_Airflow_DBT/airflow/airflow_env/lib/python3.11/site-packages/airflow/example_dags/example_datasets.py took 0.124 seconds
[2026-04-02T06:01:38.910+0530] {processor.py:161} INFO - Started process (PID=26934) to work on /Users/aswin/Documents/data-engineering-practice/ETL_Airflow_DBT/airflow/airflow_env/lib/python3.11/site-packages/airflow/example_dags/example_datasets.py
[2026-04-02T06:01:38.910+0530] {processor.py:830} INFO - Processing file /Users/aswin/Documents/data-engineering-practice/ETL_Airflow_DBT/airflow/airflow_env/lib/python3.11/site-packages/airflow/example_dags/example_datasets.py for tasks to queue
[2026-04-02T06:01:38.910+0530] {logging_mixin.py:188} INFO - [2026-04-02T06:01:38.910+0530] {dagbag.py:540} INFO - Filling up the DagBag from /Users/aswin/Documents/data-engineering-practice/ETL_Airflow_DBT/airflow/airflow_env/lib/python3.11/site-packages/airflow/example_dags/example_datasets.py
[2026-04-02T06:01:38.931+0530] {processor.py:840} INFO - DAG(s) 'consume_1_or_2_with_dataset_expressions', 'conditional_dataset_and_time_based_timetable', 'dataset_consumes_unknown_never_scheduled', 'consume_1_and_2_with_dataset_expressions', 'consume_1_or_both_2_and_3_with_dataset_expressions', 'dataset_consumes_1_and_2', 'dataset_produces_1', 'dataset_consumes_1', 'dataset_consumes_1_never_scheduled', 'dataset_produces_2' retrieved from /Users/aswin/Documents/data-engineering-practice/ETL_Airflow_DBT/airflow/airflow_env/lib/python3.11/site-packages/airflow/example_dags/example_datasets.py
[2026-04-02T06:01:38.995+0530] {logging_mixin.py:188} INFO - [2026-04-02T06:01:38.995+0530] {dag.py:3096} INFO - Sync 10 DAGs
[2026-04-02T06:01:39.006+0530] {logging_mixin.py:188} INFO - [2026-04-02T06:01:39.006+0530] {dag.py:3954} INFO - Setting next_dagrun for conditional_dataset_and_time_based_timetable to 2026-04-01 01:00:00+00:00, run_after=2026-04-01 01:00:00+00:00
[2026-04-02T06:01:39.008+0530] {logging_mixin.py:188} INFO - [2026-04-02T06:01:39.008+0530] {dag.py:3954} INFO - Setting next_dagrun for consume_1_and_2_with_dataset_expressions to None, run_after=None
[2026-04-02T06:01:39.009+0530] {logging_mixin.py:188} INFO - [2026-04-02T06:01:39.009+0530] {dag.py:3954} INFO - Setting next_dagrun for consume_1_or_2_with_dataset_expressions to None, run_after=None
[2026-04-02T06:01:39.009+0530] {logging_mixin.py:188} INFO - [2026-04-02T06:01:39.009+0530] {dag.py:3954} INFO - Setting next_dagrun for consume_1_or_both_2_and_3_with_dataset_expressions to None, run_after=None
[2026-04-02T06:01:39.010+0530] {logging_mixin.py:188} INFO - [2026-04-02T06:01:39.010+0530] {dag.py:3954} INFO - Setting next_dagrun for dataset_consumes_1 to None, run_after=None
[2026-04-02T06:01:39.010+0530] {logging_mixin.py:188} INFO - [2026-04-02T06:01:39.010+0530] {dag.py:3954} INFO - Setting next_dagrun for dataset_consumes_1_and_2 to None, run_after=None
[2026-04-02T06:01:39.010+0530] {logging_mixin.py:188} INFO - [2026-04-02T06:01:39.010+0530] {dag.py:3954} INFO - Setting next_dagrun for dataset_consumes_1_never_scheduled to None, run_after=None
[2026-04-02T06:01:39.011+0530] {logging_mixin.py:188} INFO - [2026-04-02T06:01:39.011+0530] {dag.py:3954} INFO - Setting next_dagrun for dataset_consumes_unknown_never_scheduled to None, run_after=None
[2026-04-02T06:01:39.012+0530] {logging_mixin.py:188} INFO - [2026-04-02T06:01:39.012+0530] {dag.py:3954} INFO - Setting next_dagrun for dataset_produces_1 to 2026-04-01 00:00:00+00:00, run_after=2026-04-02 00:00:00+00:00
[2026-04-02T06:01:39.012+0530] {logging_mixin.py:188} INFO - [2026-04-02T06:01:39.012+0530] {dag.py:3954} INFO - Setting next_dagrun for dataset_produces_2 to None, run_after=None
[2026-04-02T06:01:39.030+0530] {processor.py:183} INFO - Processing /Users/aswin/Documents/data-engineering-practice/ETL_Airflow_DBT/airflow/airflow_env/lib/python3.11/site-packages/airflow/example_dags/example_datasets.py took 0.121 seconds
[2026-04-02T06:02:10.382+0530] {processor.py:161} INFO - Started process (PID=27076) to work on /Users/aswin/Documents/data-engineering-practice/ETL_Airflow_DBT/airflow/airflow_env/lib/python3.11/site-packages/airflow/example_dags/example_datasets.py
[2026-04-02T06:02:10.383+0530] {processor.py:830} INFO - Processing file /Users/aswin/Documents/data-engineering-practice/ETL_Airflow_DBT/airflow/airflow_env/lib/python3.11/site-packages/airflow/example_dags/example_datasets.py for tasks to queue
[2026-04-02T06:02:10.383+0530] {logging_mixin.py:188} INFO - [2026-04-02T06:02:10.383+0530] {dagbag.py:540} INFO - Filling up the DagBag from /Users/aswin/Documents/data-engineering-practice/ETL_Airflow_DBT/airflow/airflow_env/lib/python3.11/site-packages/airflow/example_dags/example_datasets.py
[2026-04-02T06:02:10.408+0530] {processor.py:840} INFO - DAG(s) 'consume_1_or_both_2_and_3_with_dataset_expressions', 'dataset_consumes_unknown_never_scheduled', 'dataset_consumes_1_and_2', 'dataset_consumes_1', 'dataset_produces_1', 'dataset_consumes_1_never_scheduled', 'consume_1_or_2_with_dataset_expressions', 'consume_1_and_2_with_dataset_expressions', 'dataset_produces_2', 'conditional_dataset_and_time_based_timetable' retrieved from /Users/aswin/Documents/data-engineering-practice/ETL_Airflow_DBT/airflow/airflow_env/lib/python3.11/site-packages/airflow/example_dags/example_datasets.py
[2026-04-02T06:02:10.475+0530] {logging_mixin.py:188} INFO - [2026-04-02T06:02:10.475+0530] {dag.py:3096} INFO - Sync 10 DAGs
[2026-04-02T06:02:10.489+0530] {logging_mixin.py:188} INFO - [2026-04-02T06:02:10.488+0530] {dag.py:3954} INFO - Setting next_dagrun for conditional_dataset_and_time_based_timetable to 2026-04-01 01:00:00+00:00, run_after=2026-04-01 01:00:00+00:00
[2026-04-02T06:02:10.490+0530] {logging_mixin.py:188} INFO - [2026-04-02T06:02:10.490+0530] {dag.py:3954} INFO - Setting next_dagrun for consume_1_and_2_with_dataset_expressions to None, run_after=None
[2026-04-02T06:02:10.491+0530] {logging_mixin.py:188} INFO - [2026-04-02T06:02:10.491+0530] {dag.py:3954} INFO - Setting next_dagrun for consume_1_or_2_with_dataset_expressions to None, run_after=None
[2026-04-02T06:02:10.491+0530] {logging_mixin.py:188} INFO - [2026-04-02T06:02:10.491+0530] {dag.py:3954} INFO - Setting next_dagrun for consume_1_or_both_2_and_3_with_dataset_expressions to None, run_after=None
[2026-04-02T06:02:10.492+0530] {logging_mixin.py:188} INFO - [2026-04-02T06:02:10.491+0530] {dag.py:3954} INFO - Setting next_dagrun for dataset_consumes_1 to None, run_after=None
[2026-04-02T06:02:10.492+0530] {logging_mixin.py:188} INFO - [2026-04-02T06:02:10.492+0530] {dag.py:3954} INFO - Setting next_dagrun for dataset_consumes_1_and_2 to None, run_after=None
[2026-04-02T06:02:10.492+0530] {logging_mixin.py:188} INFO - [2026-04-02T06:02:10.492+0530] {dag.py:3954} INFO - Setting next_dagrun for dataset_consumes_1_never_scheduled to None, run_after=None
[2026-04-02T06:02:10.493+0530] {logging_mixin.py:188} INFO - [2026-04-02T06:02:10.493+0530] {dag.py:3954} INFO - Setting next_dagrun for dataset_consumes_unknown_never_scheduled to None, run_after=None
[2026-04-02T06:02:10.494+0530] {logging_mixin.py:188} INFO - [2026-04-02T06:02:10.494+0530] {dag.py:3954} INFO - Setting next_dagrun for dataset_produces_1 to 2026-04-01 00:00:00+00:00, run_after=2026-04-02 00:00:00+00:00
[2026-04-02T06:02:10.494+0530] {logging_mixin.py:188} INFO - [2026-04-02T06:02:10.494+0530] {dag.py:3954} INFO - Setting next_dagrun for dataset_produces_2 to None, run_after=None
[2026-04-02T06:02:10.510+0530] {processor.py:183} INFO - Processing /Users/aswin/Documents/data-engineering-practice/ETL_Airflow_DBT/airflow/airflow_env/lib/python3.11/site-packages/airflow/example_dags/example_datasets.py took 0.129 seconds
[2026-04-02T06:02:41.270+0530] {processor.py:161} INFO - Started process (PID=27201) to work on /Users/aswin/Documents/data-engineering-practice/ETL_Airflow_DBT/airflow/airflow_env/lib/python3.11/site-packages/airflow/example_dags/example_datasets.py
[2026-04-02T06:02:41.270+0530] {processor.py:830} INFO - Processing file /Users/aswin/Documents/data-engineering-practice/ETL_Airflow_DBT/airflow/airflow_env/lib/python3.11/site-packages/airflow/example_dags/example_datasets.py for tasks to queue
[2026-04-02T06:02:41.270+0530] {logging_mixin.py:188} INFO - [2026-04-02T06:02:41.270+0530] {dagbag.py:540} INFO - Filling up the DagBag from /Users/aswin/Documents/data-engineering-practice/ETL_Airflow_DBT/airflow/airflow_env/lib/python3.11/site-packages/airflow/example_dags/example_datasets.py
[2026-04-02T06:02:41.287+0530] {processor.py:840} INFO - DAG(s) 'consume_1_and_2_with_dataset_expressions', 'dataset_consumes_unknown_never_scheduled', 'dataset_produces_2', 'consume_1_or_2_with_dataset_expressions', 'consume_1_or_both_2_and_3_with_dataset_expressions', 'dataset_consumes_1_and_2', 'dataset_produces_1', 'dataset_consumes_1_never_scheduled', 'dataset_consumes_1', 'conditional_dataset_and_time_based_timetable' retrieved from /Users/aswin/Documents/data-engineering-practice/ETL_Airflow_DBT/airflow/airflow_env/lib/python3.11/site-packages/airflow/example_dags/example_datasets.py
[2026-04-02T06:02:41.349+0530] {logging_mixin.py:188} INFO - [2026-04-02T06:02:41.349+0530] {dag.py:3096} INFO - Sync 10 DAGs
[2026-04-02T06:02:41.361+0530] {logging_mixin.py:188} INFO - [2026-04-02T06:02:41.361+0530] {dag.py:3954} INFO - Setting next_dagrun for conditional_dataset_and_time_based_timetable to 2026-04-01 01:00:00+00:00, run_after=2026-04-01 01:00:00+00:00
[2026-04-02T06:02:41.362+0530] {logging_mixin.py:188} INFO - [2026-04-02T06:02:41.362+0530] {dag.py:3954} INFO - Setting next_dagrun for consume_1_and_2_with_dataset_expressions to None, run_after=None
[2026-04-02T06:02:41.363+0530] {logging_mixin.py:188} INFO - [2026-04-02T06:02:41.363+0530] {dag.py:3954} INFO - Setting next_dagrun for consume_1_or_2_with_dataset_expressions to None, run_after=None
[2026-04-02T06:02:41.363+0530] {logging_mixin.py:188} INFO - [2026-04-02T06:02:41.363+0530] {dag.py:3954} INFO - Setting next_dagrun for consume_1_or_both_2_and_3_with_dataset_expressions to None, run_after=None
[2026-04-02T06:02:41.364+0530] {logging_mixin.py:188} INFO - [2026-04-02T06:02:41.364+0530] {dag.py:3954} INFO - Setting next_dagrun for dataset_consumes_1 to None, run_after=None
[2026-04-02T06:02:41.364+0530] {logging_mixin.py:188} INFO - [2026-04-02T06:02:41.364+0530] {dag.py:3954} INFO - Setting next_dagrun for dataset_consumes_1_and_2 to None, run_after=None
[2026-04-02T06:02:41.365+0530] {logging_mixin.py:188} INFO - [2026-04-02T06:02:41.365+0530] {dag.py:3954} INFO - Setting next_dagrun for dataset_consumes_1_never_scheduled to None, run_after=None
[2026-04-02T06:02:41.365+0530] {logging_mixin.py:188} INFO - [2026-04-02T06:02:41.365+0530] {dag.py:3954} INFO - Setting next_dagrun for dataset_consumes_unknown_never_scheduled to None, run_after=None
[2026-04-02T06:02:41.366+0530] {logging_mixin.py:188} INFO - [2026-04-02T06:02:41.366+0530] {dag.py:3954} INFO - Setting next_dagrun for dataset_produces_1 to 2026-04-01 00:00:00+00:00, run_after=2026-04-02 00:00:00+00:00
[2026-04-02T06:02:41.366+0530] {logging_mixin.py:188} INFO - [2026-04-02T06:02:41.366+0530] {dag.py:3954} INFO - Setting next_dagrun for dataset_produces_2 to None, run_after=None
[2026-04-02T06:02:41.384+0530] {processor.py:183} INFO - Processing /Users/aswin/Documents/data-engineering-practice/ETL_Airflow_DBT/airflow/airflow_env/lib/python3.11/site-packages/airflow/example_dags/example_datasets.py took 0.115 seconds
[2026-04-02T06:03:12.305+0530] {processor.py:161} INFO - Started process (PID=27326) to work on /Users/aswin/Documents/data-engineering-practice/ETL_Airflow_DBT/airflow/airflow_env/lib/python3.11/site-packages/airflow/example_dags/example_datasets.py
[2026-04-02T06:03:12.306+0530] {processor.py:830} INFO - Processing file /Users/aswin/Documents/data-engineering-practice/ETL_Airflow_DBT/airflow/airflow_env/lib/python3.11/site-packages/airflow/example_dags/example_datasets.py for tasks to queue
[2026-04-02T06:03:12.306+0530] {logging_mixin.py:188} INFO - [2026-04-02T06:03:12.306+0530] {dagbag.py:540} INFO - Filling up the DagBag from /Users/aswin/Documents/data-engineering-practice/ETL_Airflow_DBT/airflow/airflow_env/lib/python3.11/site-packages/airflow/example_dags/example_datasets.py
[2026-04-02T06:03:12.328+0530] {processor.py:840} INFO - DAG(s) 'dataset_consumes_1', 'dataset_consumes_1_never_scheduled', 'conditional_dataset_and_time_based_timetable', 'dataset_produces_2', 'consume_1_or_both_2_and_3_with_dataset_expressions', 'dataset_consumes_1_and_2', 'dataset_consumes_unknown_never_scheduled', 'consume_1_or_2_with_dataset_expressions', 'dataset_produces_1', 'consume_1_and_2_with_dataset_expressions' retrieved from /Users/aswin/Documents/data-engineering-practice/ETL_Airflow_DBT/airflow/airflow_env/lib/python3.11/site-packages/airflow/example_dags/example_datasets.py
[2026-04-02T06:03:12.390+0530] {logging_mixin.py:188} INFO - [2026-04-02T06:03:12.390+0530] {dag.py:3096} INFO - Sync 10 DAGs
[2026-04-02T06:03:12.401+0530] {logging_mixin.py:188} INFO - [2026-04-02T06:03:12.401+0530] {dag.py:3954} INFO - Setting next_dagrun for conditional_dataset_and_time_based_timetable to 2026-04-01 01:00:00+00:00, run_after=2026-04-01 01:00:00+00:00
[2026-04-02T06:03:12.403+0530] {logging_mixin.py:188} INFO - [2026-04-02T06:03:12.403+0530] {dag.py:3954} INFO - Setting next_dagrun for consume_1_and_2_with_dataset_expressions to None, run_after=None
[2026-04-02T06:03:12.403+0530] {logging_mixin.py:188} INFO - [2026-04-02T06:03:12.403+0530] {dag.py:3954} INFO - Setting next_dagrun for consume_1_or_2_with_dataset_expressions to None, run_after=None
[2026-04-02T06:03:12.404+0530] {logging_mixin.py:188} INFO - [2026-04-02T06:03:12.404+0530] {dag.py:3954} INFO - Setting next_dagrun for consume_1_or_both_2_and_3_with_dataset_expressions to None, run_after=None
[2026-04-02T06:03:12.404+0530] {logging_mixin.py:188} INFO - [2026-04-02T06:03:12.404+0530] {dag.py:3954} INFO - Setting next_dagrun for dataset_consumes_1 to None, run_after=None
[2026-04-02T06:03:12.405+0530] {logging_mixin.py:188} INFO - [2026-04-02T06:03:12.405+0530] {dag.py:3954} INFO - Setting next_dagrun for dataset_consumes_1_and_2 to None, run_after=None
[2026-04-02T06:03:12.405+0530] {logging_mixin.py:188} INFO - [2026-04-02T06:03:12.405+0530] {dag.py:3954} INFO - Setting next_dagrun for dataset_consumes_1_never_scheduled to None, run_after=None
[2026-04-02T06:03:12.406+0530] {logging_mixin.py:188} INFO - [2026-04-02T06:03:12.406+0530] {dag.py:3954} INFO - Setting next_dagrun for dataset_consumes_unknown_never_scheduled to None, run_after=None
[2026-04-02T06:03:12.406+0530] {logging_mixin.py:188} INFO - [2026-04-02T06:03:12.406+0530] {dag.py:3954} INFO - Setting next_dagrun for dataset_produces_1 to 2026-04-01 00:00:00+00:00, run_after=2026-04-02 00:00:00+00:00
[2026-04-02T06:03:12.407+0530] {logging_mixin.py:188} INFO - [2026-04-02T06:03:12.407+0530] {dag.py:3954} INFO - Setting next_dagrun for dataset_produces_2 to None, run_after=None
[2026-04-02T06:03:12.424+0530] {processor.py:183} INFO - Processing /Users/aswin/Documents/data-engineering-practice/ETL_Airflow_DBT/airflow/airflow_env/lib/python3.11/site-packages/airflow/example_dags/example_datasets.py took 0.120 seconds
[2026-04-02T06:03:43.285+0530] {processor.py:161} INFO - Started process (PID=27452) to work on /Users/aswin/Documents/data-engineering-practice/ETL_Airflow_DBT/airflow/airflow_env/lib/python3.11/site-packages/airflow/example_dags/example_datasets.py
[2026-04-02T06:03:43.286+0530] {processor.py:830} INFO - Processing file /Users/aswin/Documents/data-engineering-practice/ETL_Airflow_DBT/airflow/airflow_env/lib/python3.11/site-packages/airflow/example_dags/example_datasets.py for tasks to queue
[2026-04-02T06:03:43.287+0530] {logging_mixin.py:188} INFO - [2026-04-02T06:03:43.286+0530] {dagbag.py:540} INFO - Filling up the DagBag from /Users/aswin/Documents/data-engineering-practice/ETL_Airflow_DBT/airflow/airflow_env/lib/python3.11/site-packages/airflow/example_dags/example_datasets.py
[2026-04-02T06:03:43.308+0530] {processor.py:840} INFO - DAG(s) 'dataset_consumes_unknown_never_scheduled', 'dataset_produces_1', 'consume_1_and_2_with_dataset_expressions', 'dataset_consumes_1_never_scheduled', 'conditional_dataset_and_time_based_timetable', 'dataset_produces_2', 'consume_1_or_both_2_and_3_with_dataset_expressions', 'dataset_consumes_1', 'consume_1_or_2_with_dataset_expressions', 'dataset_consumes_1_and_2' retrieved from /Users/aswin/Documents/data-engineering-practice/ETL_Airflow_DBT/airflow/airflow_env/lib/python3.11/site-packages/airflow/example_dags/example_datasets.py
[2026-04-02T06:03:43.370+0530] {logging_mixin.py:188} INFO - [2026-04-02T06:03:43.370+0530] {dag.py:3096} INFO - Sync 10 DAGs
[2026-04-02T06:03:43.383+0530] {logging_mixin.py:188} INFO - [2026-04-02T06:03:43.383+0530] {dag.py:3954} INFO - Setting next_dagrun for conditional_dataset_and_time_based_timetable to 2026-04-01 01:00:00+00:00, run_after=2026-04-01 01:00:00+00:00
[2026-04-02T06:03:43.385+0530] {logging_mixin.py:188} INFO - [2026-04-02T06:03:43.385+0530] {dag.py:3954} INFO - Setting next_dagrun for consume_1_and_2_with_dataset_expressions to None, run_after=None
[2026-04-02T06:03:43.385+0530] {logging_mixin.py:188} INFO - [2026-04-02T06:03:43.385+0530] {dag.py:3954} INFO - Setting next_dagrun for consume_1_or_2_with_dataset_expressions to None, run_after=None
[2026-04-02T06:03:43.386+0530] {logging_mixin.py:188} INFO - [2026-04-02T06:03:43.386+0530] {dag.py:3954} INFO - Setting next_dagrun for consume_1_or_both_2_and_3_with_dataset_expressions to None, run_after=None
[2026-04-02T06:03:43.386+0530] {logging_mixin.py:188} INFO - [2026-04-02T06:03:43.386+0530] {dag.py:3954} INFO - Setting next_dagrun for dataset_consumes_1 to None, run_after=None
[2026-04-02T06:03:43.387+0530] {logging_mixin.py:188} INFO - [2026-04-02T06:03:43.387+0530] {dag.py:3954} INFO - Setting next_dagrun for dataset_consumes_1_and_2 to None, run_after=None
[2026-04-02T06:03:43.387+0530] {logging_mixin.py:188} INFO - [2026-04-02T06:03:43.387+0530] {dag.py:3954} INFO - Setting next_dagrun for dataset_consumes_1_never_scheduled to None, run_after=None
[2026-04-02T06:03:43.388+0530] {logging_mixin.py:188} INFO - [2026-04-02T06:03:43.388+0530] {dag.py:3954} INFO - Setting next_dagrun for dataset_consumes_unknown_never_scheduled to None, run_after=None
[2026-04-02T06:03:43.388+0530] {logging_mixin.py:188} INFO - [2026-04-02T06:03:43.388+0530] {dag.py:3954} INFO - Setting next_dagrun for dataset_produces_1 to 2026-04-01 00:00:00+00:00, run_after=2026-04-02 00:00:00+00:00
[2026-04-02T06:03:43.389+0530] {logging_mixin.py:188} INFO - [2026-04-02T06:03:43.389+0530] {dag.py:3954} INFO - Setting next_dagrun for dataset_produces_2 to None, run_after=None
[2026-04-02T06:03:43.405+0530] {processor.py:183} INFO - Processing /Users/aswin/Documents/data-engineering-practice/ETL_Airflow_DBT/airflow/airflow_env/lib/python3.11/site-packages/airflow/example_dags/example_datasets.py took 0.121 seconds
[2026-04-02T06:04:14.404+0530] {processor.py:161} INFO - Started process (PID=27576) to work on /Users/aswin/Documents/data-engineering-practice/ETL_Airflow_DBT/airflow/airflow_env/lib/python3.11/site-packages/airflow/example_dags/example_datasets.py
[2026-04-02T06:04:14.406+0530] {processor.py:830} INFO - Processing file /Users/aswin/Documents/data-engineering-practice/ETL_Airflow_DBT/airflow/airflow_env/lib/python3.11/site-packages/airflow/example_dags/example_datasets.py for tasks to queue
[2026-04-02T06:04:14.406+0530] {logging_mixin.py:188} INFO - [2026-04-02T06:04:14.406+0530] {dagbag.py:540} INFO - Filling up the DagBag from /Users/aswin/Documents/data-engineering-practice/ETL_Airflow_DBT/airflow/airflow_env/lib/python3.11/site-packages/airflow/example_dags/example_datasets.py
[2026-04-02T06:04:14.426+0530] {processor.py:840} INFO - DAG(s) 'dataset_consumes_unknown_never_scheduled', 'consume_1_or_both_2_and_3_with_dataset_expressions', 'dataset_consumes_1_never_scheduled', 'dataset_produces_2', 'consume_1_or_2_with_dataset_expressions', 'dataset_produces_1', 'consume_1_and_2_with_dataset_expressions', 'conditional_dataset_and_time_based_timetable', 'dataset_consumes_1_and_2', 'dataset_consumes_1' retrieved from /Users/aswin/Documents/data-engineering-practice/ETL_Airflow_DBT/airflow/airflow_env/lib/python3.11/site-packages/airflow/example_dags/example_datasets.py
[2026-04-02T06:04:14.490+0530] {logging_mixin.py:188} INFO - [2026-04-02T06:04:14.490+0530] {dag.py:3096} INFO - Sync 10 DAGs
[2026-04-02T06:04:14.503+0530] {logging_mixin.py:188} INFO - [2026-04-02T06:04:14.503+0530] {dag.py:3954} INFO - Setting next_dagrun for conditional_dataset_and_time_based_timetable to 2026-04-01 01:00:00+00:00, run_after=2026-04-01 01:00:00+00:00
[2026-04-02T06:04:14.505+0530] {logging_mixin.py:188} INFO - [2026-04-02T06:04:14.505+0530] {dag.py:3954} INFO - Setting next_dagrun for consume_1_and_2_with_dataset_expressions to None, run_after=None
[2026-04-02T06:04:14.505+0530] {logging_mixin.py:188} INFO - [2026-04-02T06:04:14.505+0530] {dag.py:3954} INFO - Setting next_dagrun for consume_1_or_2_with_dataset_expressions to None, run_after=None
[2026-04-02T06:04:14.506+0530] {logging_mixin.py:188} INFO - [2026-04-02T06:04:14.506+0530] {dag.py:3954} INFO - Setting next_dagrun for consume_1_or_both_2_and_3_with_dataset_expressions to None, run_after=None
[2026-04-02T06:04:14.506+0530] {logging_mixin.py:188} INFO - [2026-04-02T06:04:14.506+0530] {dag.py:3954} INFO - Setting next_dagrun for dataset_consumes_1 to None, run_after=None
[2026-04-02T06:04:14.507+0530] {logging_mixin.py:188} INFO - [2026-04-02T06:04:14.507+0530] {dag.py:3954} INFO - Setting next_dagrun for dataset_consumes_1_and_2 to None, run_after=None
[2026-04-02T06:04:14.507+0530] {logging_mixin.py:188} INFO - [2026-04-02T06:04:14.507+0530] {dag.py:3954} INFO - Setting next_dagrun for dataset_consumes_1_never_scheduled to None, run_after=None
[2026-04-02T06:04:14.508+0530] {logging_mixin.py:188} INFO - [2026-04-02T06:04:14.508+0530] {dag.py:3954} INFO - Setting next_dagrun for dataset_consumes_unknown_never_scheduled to None, run_after=None
[2026-04-02T06:04:14.509+0530] {logging_mixin.py:188} INFO - [2026-04-02T06:04:14.508+0530] {dag.py:3954} INFO - Setting next_dagrun for dataset_produces_1 to 2026-04-01 00:00:00+00:00, run_after=2026-04-02 00:00:00+00:00
[2026-04-02T06:04:14.509+0530] {logging_mixin.py:188} INFO - [2026-04-02T06:04:14.509+0530] {dag.py:3954} INFO - Setting next_dagrun for dataset_produces_2 to None, run_after=None
[2026-04-02T06:04:14.527+0530] {processor.py:183} INFO - Processing /Users/aswin/Documents/data-engineering-practice/ETL_Airflow_DBT/airflow/airflow_env/lib/python3.11/site-packages/airflow/example_dags/example_datasets.py took 0.123 seconds
[2026-04-02T06:04:45.953+0530] {processor.py:161} INFO - Started process (PID=27731) to work on /Users/aswin/Documents/data-engineering-practice/ETL_Airflow_DBT/airflow/airflow_env/lib/python3.11/site-packages/airflow/example_dags/example_datasets.py
[2026-04-02T06:04:45.954+0530] {processor.py:830} INFO - Processing file /Users/aswin/Documents/data-engineering-practice/ETL_Airflow_DBT/airflow/airflow_env/lib/python3.11/site-packages/airflow/example_dags/example_datasets.py for tasks to queue
[2026-04-02T06:04:45.955+0530] {logging_mixin.py:188} INFO - [2026-04-02T06:04:45.955+0530] {dagbag.py:540} INFO - Filling up the DagBag from /Users/aswin/Documents/data-engineering-practice/ETL_Airflow_DBT/airflow/airflow_env/lib/python3.11/site-packages/airflow/example_dags/example_datasets.py
[2026-04-02T06:04:45.980+0530] {processor.py:840} INFO - DAG(s) 'consume_1_and_2_with_dataset_expressions', 'conditional_dataset_and_time_based_timetable', 'dataset_consumes_unknown_never_scheduled', 'dataset_consumes_1', 'dataset_consumes_1_never_scheduled', 'dataset_consumes_1_and_2', 'consume_1_or_both_2_and_3_with_dataset_expressions', 'dataset_produces_2', 'dataset_produces_1', 'consume_1_or_2_with_dataset_expressions' retrieved from /Users/aswin/Documents/data-engineering-practice/ETL_Airflow_DBT/airflow/airflow_env/lib/python3.11/site-packages/airflow/example_dags/example_datasets.py
[2026-04-02T06:04:46.044+0530] {logging_mixin.py:188} INFO - [2026-04-02T06:04:46.044+0530] {dag.py:3096} INFO - Sync 10 DAGs
[2026-04-02T06:04:46.056+0530] {logging_mixin.py:188} INFO - [2026-04-02T06:04:46.055+0530] {dag.py:3954} INFO - Setting next_dagrun for conditional_dataset_and_time_based_timetable to 2026-04-01 01:00:00+00:00, run_after=2026-04-01 01:00:00+00:00
[2026-04-02T06:04:46.057+0530] {logging_mixin.py:188} INFO - [2026-04-02T06:04:46.057+0530] {dag.py:3954} INFO - Setting next_dagrun for consume_1_and_2_with_dataset_expressions to None, run_after=None
[2026-04-02T06:04:46.058+0530] {logging_mixin.py:188} INFO - [2026-04-02T06:04:46.058+0530] {dag.py:3954} INFO - Setting next_dagrun for consume_1_or_2_with_dataset_expressions to None, run_after=None
[2026-04-02T06:04:46.058+0530] {logging_mixin.py:188} INFO - [2026-04-02T06:04:46.058+0530] {dag.py:3954} INFO - Setting next_dagrun for consume_1_or_both_2_and_3_with_dataset_expressions to None, run_after=None
[2026-04-02T06:04:46.059+0530] {logging_mixin.py:188} INFO - [2026-04-02T06:04:46.059+0530] {dag.py:3954} INFO - Setting next_dagrun for dataset_consumes_1 to None, run_after=None
[2026-04-02T06:04:46.059+0530] {logging_mixin.py:188} INFO - [2026-04-02T06:04:46.059+0530] {dag.py:3954} INFO - Setting next_dagrun for dataset_consumes_1_and_2 to None, run_after=None
[2026-04-02T06:04:46.060+0530] {logging_mixin.py:188} INFO - [2026-04-02T06:04:46.060+0530] {dag.py:3954} INFO - Setting next_dagrun for dataset_consumes_1_never_scheduled to None, run_after=None
[2026-04-02T06:04:46.060+0530] {logging_mixin.py:188} INFO - [2026-04-02T06:04:46.060+0530] {dag.py:3954} INFO - Setting next_dagrun for dataset_consumes_unknown_never_scheduled to None, run_after=None
[2026-04-02T06:04:46.061+0530] {logging_mixin.py:188} INFO - [2026-04-02T06:04:46.061+0530] {dag.py:3954} INFO - Setting next_dagrun for dataset_produces_1 to 2026-04-01 00:00:00+00:00, run_after=2026-04-02 00:00:00+00:00
[2026-04-02T06:04:46.061+0530] {logging_mixin.py:188} INFO - [2026-04-02T06:04:46.061+0530] {dag.py:3954} INFO - Setting next_dagrun for dataset_produces_2 to None, run_after=None
[2026-04-02T06:04:46.080+0530] {processor.py:183} INFO - Processing /Users/aswin/Documents/data-engineering-practice/ETL_Airflow_DBT/airflow/airflow_env/lib/python3.11/site-packages/airflow/example_dags/example_datasets.py took 0.128 seconds
[2026-04-02T06:05:16.804+0530] {processor.py:161} INFO - Started process (PID=27866) to work on /Users/aswin/Documents/data-engineering-practice/ETL_Airflow_DBT/airflow/airflow_env/lib/python3.11/site-packages/airflow/example_dags/example_datasets.py
[2026-04-02T06:05:16.804+0530] {processor.py:830} INFO - Processing file /Users/aswin/Documents/data-engineering-practice/ETL_Airflow_DBT/airflow/airflow_env/lib/python3.11/site-packages/airflow/example_dags/example_datasets.py for tasks to queue
[2026-04-02T06:05:16.805+0530] {logging_mixin.py:188} INFO - [2026-04-02T06:05:16.804+0530] {dagbag.py:540} INFO - Filling up the DagBag from /Users/aswin/Documents/data-engineering-practice/ETL_Airflow_DBT/airflow/airflow_env/lib/python3.11/site-packages/airflow/example_dags/example_datasets.py
[2026-04-02T06:05:16.822+0530] {processor.py:840} INFO - DAG(s) 'dataset_consumes_1', 'dataset_consumes_1_and_2', 'consume_1_and_2_with_dataset_expressions', 'consume_1_or_2_with_dataset_expressions', 'dataset_consumes_unknown_never_scheduled', 'dataset_consumes_1_never_scheduled', 'consume_1_or_both_2_and_3_with_dataset_expressions', 'conditional_dataset_and_time_based_timetable', 'dataset_produces_1', 'dataset_produces_2' retrieved from /Users/aswin/Documents/data-engineering-practice/ETL_Airflow_DBT/airflow/airflow_env/lib/python3.11/site-packages/airflow/example_dags/example_datasets.py
[2026-04-02T06:05:16.884+0530] {logging_mixin.py:188} INFO - [2026-04-02T06:05:16.884+0530] {dag.py:3096} INFO - Sync 10 DAGs
[2026-04-02T06:05:16.895+0530] {logging_mixin.py:188} INFO - [2026-04-02T06:05:16.895+0530] {dag.py:3954} INFO - Setting next_dagrun for conditional_dataset_and_time_based_timetable to 2026-04-01 01:00:00+00:00, run_after=2026-04-01 01:00:00+00:00
[2026-04-02T06:05:16.897+0530] {logging_mixin.py:188} INFO - [2026-04-02T06:05:16.897+0530] {dag.py:3954} INFO - Setting next_dagrun for consume_1_and_2_with_dataset_expressions to None, run_after=None
[2026-04-02T06:05:16.897+0530] {logging_mixin.py:188} INFO - [2026-04-02T06:05:16.897+0530] {dag.py:3954} INFO - Setting next_dagrun for consume_1_or_2_with_dataset_expressions to None, run_after=None
[2026-04-02T06:05:16.898+0530] {logging_mixin.py:188} INFO - [2026-04-02T06:05:16.898+0530] {dag.py:3954} INFO - Setting next_dagrun for consume_1_or_both_2_and_3_with_dataset_expressions to None, run_after=None
[2026-04-02T06:05:16.898+0530] {logging_mixin.py:188} INFO - [2026-04-02T06:05:16.898+0530] {dag.py:3954} INFO - Setting next_dagrun for dataset_consumes_1 to None, run_after=None
[2026-04-02T06:05:16.899+0530] {logging_mixin.py:188} INFO - [2026-04-02T06:05:16.899+0530] {dag.py:3954} INFO - Setting next_dagrun for dataset_consumes_1_and_2 to None, run_after=None
[2026-04-02T06:05:16.899+0530] {logging_mixin.py:188} INFO - [2026-04-02T06:05:16.899+0530] {dag.py:3954} INFO - Setting next_dagrun for dataset_consumes_1_never_scheduled to None, run_after=None
[2026-04-02T06:05:16.900+0530] {logging_mixin.py:188} INFO - [2026-04-02T06:05:16.900+0530] {dag.py:3954} INFO - Setting next_dagrun for dataset_consumes_unknown_never_scheduled to None, run_after=None
[2026-04-02T06:05:16.900+0530] {logging_mixin.py:188} INFO - [2026-04-02T06:05:16.900+0530] {dag.py:3954} INFO - Setting next_dagrun for dataset_produces_1 to 2026-04-01 00:00:00+00:00, run_after=2026-04-02 00:00:00+00:00
[2026-04-02T06:05:16.901+0530] {logging_mixin.py:188} INFO - [2026-04-02T06:05:16.901+0530] {dag.py:3954} INFO - Setting next_dagrun for dataset_produces_2 to None, run_after=None
[2026-04-02T06:05:16.918+0530] {processor.py:183} INFO - Processing /Users/aswin/Documents/data-engineering-practice/ETL_Airflow_DBT/airflow/airflow_env/lib/python3.11/site-packages/airflow/example_dags/example_datasets.py took 0.115 seconds
[2026-04-02T06:05:48.178+0530] {processor.py:161} INFO - Started process (PID=28004) to work on /Users/aswin/Documents/data-engineering-practice/ETL_Airflow_DBT/airflow/airflow_env/lib/python3.11/site-packages/airflow/example_dags/example_datasets.py
[2026-04-02T06:05:48.178+0530] {processor.py:830} INFO - Processing file /Users/aswin/Documents/data-engineering-practice/ETL_Airflow_DBT/airflow/airflow_env/lib/python3.11/site-packages/airflow/example_dags/example_datasets.py for tasks to queue
[2026-04-02T06:05:48.179+0530] {logging_mixin.py:188} INFO - [2026-04-02T06:05:48.179+0530] {dagbag.py:540} INFO - Filling up the DagBag from /Users/aswin/Documents/data-engineering-practice/ETL_Airflow_DBT/airflow/airflow_env/lib/python3.11/site-packages/airflow/example_dags/example_datasets.py
[2026-04-02T06:05:48.197+0530] {processor.py:840} INFO - DAG(s) 'dataset_consumes_1_never_scheduled', 'dataset_consumes_1', 'dataset_produces_1', 'dataset_consumes_1_and_2', 'consume_1_or_both_2_and_3_with_dataset_expressions', 'dataset_produces_2', 'consume_1_and_2_with_dataset_expressions', 'dataset_consumes_unknown_never_scheduled', 'consume_1_or_2_with_dataset_expressions', 'conditional_dataset_and_time_based_timetable' retrieved from /Users/aswin/Documents/data-engineering-practice/ETL_Airflow_DBT/airflow/airflow_env/lib/python3.11/site-packages/airflow/example_dags/example_datasets.py
[2026-04-02T06:05:48.259+0530] {logging_mixin.py:188} INFO - [2026-04-02T06:05:48.259+0530] {dag.py:3096} INFO - Sync 10 DAGs
[2026-04-02T06:05:48.270+0530] {logging_mixin.py:188} INFO - [2026-04-02T06:05:48.270+0530] {dag.py:3954} INFO - Setting next_dagrun for conditional_dataset_and_time_based_timetable to 2026-04-01 01:00:00+00:00, run_after=2026-04-01 01:00:00+00:00
[2026-04-02T06:05:48.272+0530] {logging_mixin.py:188} INFO - [2026-04-02T06:05:48.272+0530] {dag.py:3954} INFO - Setting next_dagrun for consume_1_and_2_with_dataset_expressions to None, run_after=None
[2026-04-02T06:05:48.272+0530] {logging_mixin.py:188} INFO - [2026-04-02T06:05:48.272+0530] {dag.py:3954} INFO - Setting next_dagrun for consume_1_or_2_with_dataset_expressions to None, run_after=None
[2026-04-02T06:05:48.273+0530] {logging_mixin.py:188} INFO - [2026-04-02T06:05:48.273+0530] {dag.py:3954} INFO - Setting next_dagrun for consume_1_or_both_2_and_3_with_dataset_expressions to None, run_after=None
[2026-04-02T06:05:48.273+0530] {logging_mixin.py:188} INFO - [2026-04-02T06:05:48.273+0530] {dag.py:3954} INFO - Setting next_dagrun for dataset_consumes_1 to None, run_after=None
[2026-04-02T06:05:48.274+0530] {logging_mixin.py:188} INFO - [2026-04-02T06:05:48.274+0530] {dag.py:3954} INFO - Setting next_dagrun for dataset_consumes_1_and_2 to None, run_after=None
[2026-04-02T06:05:48.274+0530] {logging_mixin.py:188} INFO - [2026-04-02T06:05:48.274+0530] {dag.py:3954} INFO - Setting next_dagrun for dataset_consumes_1_never_scheduled to None, run_after=None
[2026-04-02T06:05:48.275+0530] {logging_mixin.py:188} INFO - [2026-04-02T06:05:48.274+0530] {dag.py:3954} INFO - Setting next_dagrun for dataset_consumes_unknown_never_scheduled to None, run_after=None
[2026-04-02T06:05:48.275+0530] {logging_mixin.py:188} INFO - [2026-04-02T06:05:48.275+0530] {dag.py:3954} INFO - Setting next_dagrun for dataset_produces_1 to 2026-04-01 00:00:00+00:00, run_after=2026-04-02 00:00:00+00:00
[2026-04-02T06:05:48.276+0530] {logging_mixin.py:188} INFO - [2026-04-02T06:05:48.276+0530] {dag.py:3954} INFO - Setting next_dagrun for dataset_produces_2 to None, run_after=None
[2026-04-02T06:05:48.292+0530] {processor.py:183} INFO - Processing /Users/aswin/Documents/data-engineering-practice/ETL_Airflow_DBT/airflow/airflow_env/lib/python3.11/site-packages/airflow/example_dags/example_datasets.py took 0.115 seconds
[2026-04-02T06:06:18.987+0530] {processor.py:161} INFO - Started process (PID=28144) to work on /Users/aswin/Documents/data-engineering-practice/ETL_Airflow_DBT/airflow/airflow_env/lib/python3.11/site-packages/airflow/example_dags/example_datasets.py
[2026-04-02T06:06:18.988+0530] {processor.py:830} INFO - Processing file /Users/aswin/Documents/data-engineering-practice/ETL_Airflow_DBT/airflow/airflow_env/lib/python3.11/site-packages/airflow/example_dags/example_datasets.py for tasks to queue
[2026-04-02T06:06:18.988+0530] {logging_mixin.py:188} INFO - [2026-04-02T06:06:18.988+0530] {dagbag.py:540} INFO - Filling up the DagBag from /Users/aswin/Documents/data-engineering-practice/ETL_Airflow_DBT/airflow/airflow_env/lib/python3.11/site-packages/airflow/example_dags/example_datasets.py
[2026-04-02T06:06:19.010+0530] {processor.py:840} INFO - DAG(s) 'dataset_consumes_1_never_scheduled', 'consume_1_or_2_with_dataset_expressions', 'dataset_consumes_unknown_never_scheduled', 'dataset_consumes_1_and_2', 'consume_1_and_2_with_dataset_expressions', 'dataset_produces_1', 'consume_1_or_both_2_and_3_with_dataset_expressions', 'dataset_produces_2', 'dataset_consumes_1', 'conditional_dataset_and_time_based_timetable' retrieved from /Users/aswin/Documents/data-engineering-practice/ETL_Airflow_DBT/airflow/airflow_env/lib/python3.11/site-packages/airflow/example_dags/example_datasets.py
[2026-04-02T06:06:19.072+0530] {logging_mixin.py:188} INFO - [2026-04-02T06:06:19.072+0530] {dag.py:3096} INFO - Sync 10 DAGs
[2026-04-02T06:06:19.085+0530] {logging_mixin.py:188} INFO - [2026-04-02T06:06:19.085+0530] {dag.py:3954} INFO - Setting next_dagrun for conditional_dataset_and_time_based_timetable to 2026-04-01 01:00:00+00:00, run_after=2026-04-01 01:00:00+00:00
[2026-04-02T06:06:19.087+0530] {logging_mixin.py:188} INFO - [2026-04-02T06:06:19.087+0530] {dag.py:3954} INFO - Setting next_dagrun for consume_1_and_2_with_dataset_expressions to None, run_after=None
[2026-04-02T06:06:19.088+0530] {logging_mixin.py:188} INFO - [2026-04-02T06:06:19.088+0530] {dag.py:3954} INFO - Setting next_dagrun for consume_1_or_2_with_dataset_expressions to None, run_after=None
[2026-04-02T06:06:19.088+0530] {logging_mixin.py:188} INFO - [2026-04-02T06:06:19.088+0530] {dag.py:3954} INFO - Setting next_dagrun for consume_1_or_both_2_and_3_with_dataset_expressions to None, run_after=None
[2026-04-02T06:06:19.089+0530] {logging_mixin.py:188} INFO - [2026-04-02T06:06:19.089+0530] {dag.py:3954} INFO - Setting next_dagrun for dataset_consumes_1 to None, run_after=None
[2026-04-02T06:06:19.089+0530] {logging_mixin.py:188} INFO - [2026-04-02T06:06:19.089+0530] {dag.py:3954} INFO - Setting next_dagrun for dataset_consumes_1_and_2 to None, run_after=None
[2026-04-02T06:06:19.090+0530] {logging_mixin.py:188} INFO - [2026-04-02T06:06:19.089+0530] {dag.py:3954} INFO - Setting next_dagrun for dataset_consumes_1_never_scheduled to None, run_after=None
[2026-04-02T06:06:19.090+0530] {logging_mixin.py:188} INFO - [2026-04-02T06:06:19.090+0530] {dag.py:3954} INFO - Setting next_dagrun for dataset_consumes_unknown_never_scheduled to None, run_after=None
[2026-04-02T06:06:19.091+0530] {logging_mixin.py:188} INFO - [2026-04-02T06:06:19.091+0530] {dag.py:3954} INFO - Setting next_dagrun for dataset_produces_1 to 2026-04-01 00:00:00+00:00, run_after=2026-04-02 00:00:00+00:00
[2026-04-02T06:06:19.091+0530] {logging_mixin.py:188} INFO - [2026-04-02T06:06:19.091+0530] {dag.py:3954} INFO - Setting next_dagrun for dataset_produces_2 to None, run_after=None
[2026-04-02T06:06:19.110+0530] {processor.py:183} INFO - Processing /Users/aswin/Documents/data-engineering-practice/ETL_Airflow_DBT/airflow/airflow_env/lib/python3.11/site-packages/airflow/example_dags/example_datasets.py took 0.124 seconds
[2026-04-02T06:06:50.196+0530] {processor.py:161} INFO - Started process (PID=28266) to work on /Users/aswin/Documents/data-engineering-practice/ETL_Airflow_DBT/airflow/airflow_env/lib/python3.11/site-packages/airflow/example_dags/example_datasets.py
[2026-04-02T06:06:50.197+0530] {processor.py:830} INFO - Processing file /Users/aswin/Documents/data-engineering-practice/ETL_Airflow_DBT/airflow/airflow_env/lib/python3.11/site-packages/airflow/example_dags/example_datasets.py for tasks to queue
[2026-04-02T06:06:50.197+0530] {logging_mixin.py:188} INFO - [2026-04-02T06:06:50.197+0530] {dagbag.py:540} INFO - Filling up the DagBag from /Users/aswin/Documents/data-engineering-practice/ETL_Airflow_DBT/airflow/airflow_env/lib/python3.11/site-packages/airflow/example_dags/example_datasets.py
[2026-04-02T06:06:50.221+0530] {processor.py:840} INFO - DAG(s) 'dataset_consumes_1_never_scheduled', 'dataset_consumes_1', 'dataset_produces_2', 'dataset_consumes_unknown_never_scheduled', 'dataset_produces_1', 'dataset_consumes_1_and_2', 'consume_1_or_2_with_dataset_expressions', 'consume_1_and_2_with_dataset_expressions', 'conditional_dataset_and_time_based_timetable', 'consume_1_or_both_2_and_3_with_dataset_expressions' retrieved from /Users/aswin/Documents/data-engineering-practice/ETL_Airflow_DBT/airflow/airflow_env/lib/python3.11/site-packages/airflow/example_dags/example_datasets.py
[2026-04-02T06:06:50.286+0530] {logging_mixin.py:188} INFO - [2026-04-02T06:06:50.286+0530] {dag.py:3096} INFO - Sync 10 DAGs
[2026-04-02T06:06:50.300+0530] {logging_mixin.py:188} INFO - [2026-04-02T06:06:50.299+0530] {dag.py:3954} INFO - Setting next_dagrun for conditional_dataset_and_time_based_timetable to 2026-04-01 01:00:00+00:00, run_after=2026-04-01 01:00:00+00:00
[2026-04-02T06:06:50.301+0530] {logging_mixin.py:188} INFO - [2026-04-02T06:06:50.301+0530] {dag.py:3954} INFO - Setting next_dagrun for consume_1_and_2_with_dataset_expressions to None, run_after=None
[2026-04-02T06:06:50.302+0530] {logging_mixin.py:188} INFO - [2026-04-02T06:06:50.302+0530] {dag.py:3954} INFO - Setting next_dagrun for consume_1_or_2_with_dataset_expressions to None, run_after=None
[2026-04-02T06:06:50.302+0530] {logging_mixin.py:188} INFO - [2026-04-02T06:06:50.302+0530] {dag.py:3954} INFO - Setting next_dagrun for consume_1_or_both_2_and_3_with_dataset_expressions to None, run_after=None
[2026-04-02T06:06:50.303+0530] {logging_mixin.py:188} INFO - [2026-04-02T06:06:50.303+0530] {dag.py:3954} INFO - Setting next_dagrun for dataset_consumes_1 to None, run_after=None
[2026-04-02T06:06:50.303+0530] {logging_mixin.py:188} INFO - [2026-04-02T06:06:50.303+0530] {dag.py:3954} INFO - Setting next_dagrun for dataset_consumes_1_and_2 to None, run_after=None
[2026-04-02T06:06:50.304+0530] {logging_mixin.py:188} INFO - [2026-04-02T06:06:50.304+0530] {dag.py:3954} INFO - Setting next_dagrun for dataset_consumes_1_never_scheduled to None, run_after=None
[2026-04-02T06:06:50.304+0530] {logging_mixin.py:188} INFO - [2026-04-02T06:06:50.304+0530] {dag.py:3954} INFO - Setting next_dagrun for dataset_consumes_unknown_never_scheduled to None, run_after=None
[2026-04-02T06:06:50.305+0530] {logging_mixin.py:188} INFO - [2026-04-02T06:06:50.305+0530] {dag.py:3954} INFO - Setting next_dagrun for dataset_produces_1 to 2026-04-01 00:00:00+00:00, run_after=2026-04-02 00:00:00+00:00
[2026-04-02T06:06:50.306+0530] {logging_mixin.py:188} INFO - [2026-04-02T06:06:50.306+0530] {dag.py:3954} INFO - Setting next_dagrun for dataset_produces_2 to None, run_after=None
[2026-04-02T06:06:50.323+0530] {processor.py:183} INFO - Processing /Users/aswin/Documents/data-engineering-practice/ETL_Airflow_DBT/airflow/airflow_env/lib/python3.11/site-packages/airflow/example_dags/example_datasets.py took 0.128 seconds
