[2026-04-01T05:30:39.358+0530] {processor.py:161} INFO - Started process (PID=73355) to work on /Users/aswin/Documents/data-engineering-practice/ETL_Airflow_DBT/airflow/dags/dbt_pipeline.py
[2026-04-01T05:30:39.359+0530] {processor.py:830} INFO - Processing file /Users/aswin/Documents/data-engineering-practice/ETL_Airflow_DBT/airflow/dags/dbt_pipeline.py for tasks to queue
[2026-04-01T05:30:39.359+0530] {logging_mixin.py:188} INFO - [2026-04-01T05:30:39.359+0530] {dagbag.py:540} INFO - Filling up the DagBag from /Users/aswin/Documents/data-engineering-practice/ETL_Airflow_DBT/airflow/dags/dbt_pipeline.py
[2026-04-01T05:30:39.363+0530] {processor.py:840} INFO - DAG(s) 'dbt_pipeline' retrieved from /Users/aswin/Documents/data-engineering-practice/ETL_Airflow_DBT/airflow/dags/dbt_pipeline.py
[2026-04-01T05:30:39.394+0530] {logging_mixin.py:188} INFO - [2026-04-01T05:30:39.394+0530] {dag.py:3096} INFO - Sync 1 DAGs
[2026-04-01T05:30:39.398+0530] {logging_mixin.py:188} INFO - [2026-04-01T05:30:39.398+0530] {dag.py:3954} INFO - Setting next_dagrun for dbt_pipeline to None, run_after=None
[2026-04-01T05:30:39.404+0530] {processor.py:183} INFO - Processing /Users/aswin/Documents/data-engineering-practice/ETL_Airflow_DBT/airflow/dags/dbt_pipeline.py took 0.046 seconds
[2026-04-01T05:31:43.444+0530] {processor.py:161} INFO - Started process (PID=73395) to work on /Users/aswin/Documents/data-engineering-practice/ETL_Airflow_DBT/airflow/dags/dbt_pipeline.py
[2026-04-01T05:31:43.445+0530] {processor.py:830} INFO - Processing file /Users/aswin/Documents/data-engineering-practice/ETL_Airflow_DBT/airflow/dags/dbt_pipeline.py for tasks to queue
[2026-04-01T05:31:43.446+0530] {logging_mixin.py:188} INFO - [2026-04-01T05:31:43.446+0530] {dagbag.py:540} INFO - Filling up the DagBag from /Users/aswin/Documents/data-engineering-practice/ETL_Airflow_DBT/airflow/dags/dbt_pipeline.py
[2026-04-01T05:31:43.448+0530] {processor.py:840} INFO - DAG(s) 'dbt_pipeline' retrieved from /Users/aswin/Documents/data-engineering-practice/ETL_Airflow_DBT/airflow/dags/dbt_pipeline.py
[2026-04-01T05:31:43.478+0530] {logging_mixin.py:188} INFO - [2026-04-01T05:31:43.478+0530] {dag.py:3096} INFO - Sync 1 DAGs
[2026-04-01T05:31:43.481+0530] {logging_mixin.py:188} INFO - [2026-04-01T05:31:43.481+0530] {dag.py:3954} INFO - Setting next_dagrun for dbt_pipeline to None, run_after=None
[2026-04-01T05:31:43.487+0530] {processor.py:183} INFO - Processing /Users/aswin/Documents/data-engineering-practice/ETL_Airflow_DBT/airflow/dags/dbt_pipeline.py took 0.044 seconds
[2026-04-01T05:32:48.785+0530] {processor.py:161} INFO - Started process (PID=73438) to work on /Users/aswin/Documents/data-engineering-practice/ETL_Airflow_DBT/airflow/dags/dbt_pipeline.py
[2026-04-01T05:32:48.787+0530] {processor.py:830} INFO - Processing file /Users/aswin/Documents/data-engineering-practice/ETL_Airflow_DBT/airflow/dags/dbt_pipeline.py for tasks to queue
[2026-04-01T05:32:48.787+0530] {logging_mixin.py:188} INFO - [2026-04-01T05:32:48.787+0530] {dagbag.py:540} INFO - Filling up the DagBag from /Users/aswin/Documents/data-engineering-practice/ETL_Airflow_DBT/airflow/dags/dbt_pipeline.py
[2026-04-01T05:32:48.789+0530] {processor.py:840} INFO - DAG(s) 'dbt_pipeline' retrieved from /Users/aswin/Documents/data-engineering-practice/ETL_Airflow_DBT/airflow/dags/dbt_pipeline.py
[2026-04-01T05:32:48.819+0530] {logging_mixin.py:188} INFO - [2026-04-01T05:32:48.819+0530] {dag.py:3096} INFO - Sync 1 DAGs
[2026-04-01T05:32:48.823+0530] {logging_mixin.py:188} INFO - [2026-04-01T05:32:48.823+0530] {dag.py:3954} INFO - Setting next_dagrun for dbt_pipeline to None, run_after=None
[2026-04-01T05:32:48.828+0530] {processor.py:183} INFO - Processing /Users/aswin/Documents/data-engineering-practice/ETL_Airflow_DBT/airflow/dags/dbt_pipeline.py took 0.044 seconds
[2026-04-01T05:33:49.684+0530] {processor.py:161} INFO - Started process (PID=73513) to work on /Users/aswin/Documents/data-engineering-practice/ETL_Airflow_DBT/airflow/dags/dbt_pipeline.py
[2026-04-01T05:33:49.685+0530] {processor.py:830} INFO - Processing file /Users/aswin/Documents/data-engineering-practice/ETL_Airflow_DBT/airflow/dags/dbt_pipeline.py for tasks to queue
[2026-04-01T05:33:49.685+0530] {logging_mixin.py:188} INFO - [2026-04-01T05:33:49.685+0530] {dagbag.py:540} INFO - Filling up the DagBag from /Users/aswin/Documents/data-engineering-practice/ETL_Airflow_DBT/airflow/dags/dbt_pipeline.py
[2026-04-01T05:33:49.688+0530] {processor.py:840} INFO - DAG(s) 'dbt_pipeline' retrieved from /Users/aswin/Documents/data-engineering-practice/ETL_Airflow_DBT/airflow/dags/dbt_pipeline.py
[2026-04-01T05:33:49.718+0530] {logging_mixin.py:188} INFO - [2026-04-01T05:33:49.717+0530] {dag.py:3096} INFO - Sync 1 DAGs
[2026-04-01T05:33:49.721+0530] {logging_mixin.py:188} INFO - [2026-04-01T05:33:49.721+0530] {dag.py:3954} INFO - Setting next_dagrun for dbt_pipeline to None, run_after=None
[2026-04-01T05:33:49.726+0530] {processor.py:183} INFO - Processing /Users/aswin/Documents/data-engineering-practice/ETL_Airflow_DBT/airflow/dags/dbt_pipeline.py took 0.043 seconds
[2026-04-01T05:34:46.345+0530] {processor.py:161} INFO - Started process (PID=73554) to work on /Users/aswin/Documents/data-engineering-practice/ETL_Airflow_DBT/airflow/dags/dbt_pipeline.py
[2026-04-01T05:34:46.346+0530] {processor.py:830} INFO - Processing file /Users/aswin/Documents/data-engineering-practice/ETL_Airflow_DBT/airflow/dags/dbt_pipeline.py for tasks to queue
[2026-04-01T05:34:46.346+0530] {logging_mixin.py:188} INFO - [2026-04-01T05:34:46.346+0530] {dagbag.py:540} INFO - Filling up the DagBag from /Users/aswin/Documents/data-engineering-practice/ETL_Airflow_DBT/airflow/dags/dbt_pipeline.py
[2026-04-01T05:34:46.349+0530] {processor.py:840} INFO - DAG(s) 'dbt_pipeline' retrieved from /Users/aswin/Documents/data-engineering-practice/ETL_Airflow_DBT/airflow/dags/dbt_pipeline.py
[2026-04-01T05:34:46.378+0530] {logging_mixin.py:188} INFO - [2026-04-01T05:34:46.378+0530] {dag.py:3096} INFO - Sync 1 DAGs
[2026-04-01T05:34:46.381+0530] {logging_mixin.py:188} INFO - [2026-04-01T05:34:46.381+0530] {dag.py:3954} INFO - Setting next_dagrun for dbt_pipeline to None, run_after=None
[2026-04-01T05:34:46.387+0530] {processor.py:183} INFO - Processing /Users/aswin/Documents/data-engineering-practice/ETL_Airflow_DBT/airflow/dags/dbt_pipeline.py took 0.043 seconds
[2026-04-01T05:35:42.851+0530] {processor.py:161} INFO - Started process (PID=73593) to work on /Users/aswin/Documents/data-engineering-practice/ETL_Airflow_DBT/airflow/dags/dbt_pipeline.py
[2026-04-01T05:35:42.853+0530] {processor.py:830} INFO - Processing file /Users/aswin/Documents/data-engineering-practice/ETL_Airflow_DBT/airflow/dags/dbt_pipeline.py for tasks to queue
[2026-04-01T05:35:42.853+0530] {logging_mixin.py:188} INFO - [2026-04-01T05:35:42.853+0530] {dagbag.py:540} INFO - Filling up the DagBag from /Users/aswin/Documents/data-engineering-practice/ETL_Airflow_DBT/airflow/dags/dbt_pipeline.py
[2026-04-01T05:35:42.855+0530] {processor.py:840} INFO - DAG(s) 'dbt_pipeline' retrieved from /Users/aswin/Documents/data-engineering-practice/ETL_Airflow_DBT/airflow/dags/dbt_pipeline.py
[2026-04-01T05:35:42.886+0530] {logging_mixin.py:188} INFO - [2026-04-01T05:35:42.886+0530] {dag.py:3096} INFO - Sync 1 DAGs
[2026-04-01T05:35:42.889+0530] {logging_mixin.py:188} INFO - [2026-04-01T05:35:42.889+0530] {dag.py:3954} INFO - Setting next_dagrun for dbt_pipeline to None, run_after=None
[2026-04-01T05:35:42.895+0530] {processor.py:183} INFO - Processing /Users/aswin/Documents/data-engineering-practice/ETL_Airflow_DBT/airflow/dags/dbt_pipeline.py took 0.044 seconds
[2026-04-01T05:36:38.362+0530] {processor.py:161} INFO - Started process (PID=73646) to work on /Users/aswin/Documents/data-engineering-practice/ETL_Airflow_DBT/airflow/dags/dbt_pipeline.py
[2026-04-01T05:36:38.362+0530] {processor.py:830} INFO - Processing file /Users/aswin/Documents/data-engineering-practice/ETL_Airflow_DBT/airflow/dags/dbt_pipeline.py for tasks to queue
[2026-04-01T05:36:38.362+0530] {logging_mixin.py:188} INFO - [2026-04-01T05:36:38.362+0530] {dagbag.py:540} INFO - Filling up the DagBag from /Users/aswin/Documents/data-engineering-practice/ETL_Airflow_DBT/airflow/dags/dbt_pipeline.py
[2026-04-01T05:36:38.366+0530] {processor.py:840} INFO - DAG(s) 'dbt_pipeline' retrieved from /Users/aswin/Documents/data-engineering-practice/ETL_Airflow_DBT/airflow/dags/dbt_pipeline.py
[2026-04-01T05:36:38.397+0530] {logging_mixin.py:188} INFO - [2026-04-01T05:36:38.397+0530] {dag.py:3096} INFO - Sync 1 DAGs
[2026-04-01T05:36:38.401+0530] {logging_mixin.py:188} INFO - [2026-04-01T05:36:38.401+0530] {dag.py:3954} INFO - Setting next_dagrun for dbt_pipeline to None, run_after=None
[2026-04-01T05:36:38.407+0530] {processor.py:183} INFO - Processing /Users/aswin/Documents/data-engineering-practice/ETL_Airflow_DBT/airflow/dags/dbt_pipeline.py took 0.046 seconds
[2026-04-01T05:54:18.574+0530] {processor.py:161} INFO - Started process (PID=73927) to work on /Users/aswin/Documents/data-engineering-practice/ETL_Airflow_DBT/airflow/dags/dbt_pipeline.py
[2026-04-01T05:54:18.574+0530] {processor.py:830} INFO - Processing file /Users/aswin/Documents/data-engineering-practice/ETL_Airflow_DBT/airflow/dags/dbt_pipeline.py for tasks to queue
[2026-04-01T05:54:18.575+0530] {logging_mixin.py:188} INFO - [2026-04-01T05:54:18.575+0530] {dagbag.py:540} INFO - Filling up the DagBag from /Users/aswin/Documents/data-engineering-practice/ETL_Airflow_DBT/airflow/dags/dbt_pipeline.py
[2026-04-01T05:54:18.580+0530] {processor.py:840} INFO - DAG(s) 'dbt_pipeline' retrieved from /Users/aswin/Documents/data-engineering-practice/ETL_Airflow_DBT/airflow/dags/dbt_pipeline.py
[2026-04-01T05:54:18.693+0530] {logging_mixin.py:188} INFO - [2026-04-01T05:54:18.692+0530] {override.py:1829} INFO - Created Permission View: can edit on DAG:dbt_pipeline
[2026-04-01T05:54:18.696+0530] {logging_mixin.py:188} INFO - [2026-04-01T05:54:18.696+0530] {override.py:1829} INFO - Created Permission View: can read on DAG:dbt_pipeline
[2026-04-01T05:54:18.699+0530] {logging_mixin.py:188} INFO - [2026-04-01T05:54:18.699+0530] {override.py:1829} INFO - Created Permission View: can delete on DAG:dbt_pipeline
[2026-04-01T05:54:18.700+0530] {logging_mixin.py:188} INFO - [2026-04-01T05:54:18.700+0530] {dag.py:3096} INFO - Sync 1 DAGs
[2026-04-01T05:54:18.706+0530] {logging_mixin.py:188} INFO - [2026-04-01T05:54:18.706+0530] {dag.py:3118} INFO - Creating ORM DAG for dbt_pipeline
[2026-04-01T05:54:18.706+0530] {logging_mixin.py:188} INFO - [2026-04-01T05:54:18.706+0530] {dag.py:3954} INFO - Setting next_dagrun for dbt_pipeline to None, run_after=None
[2026-04-01T05:54:18.712+0530] {processor.py:183} INFO - Processing /Users/aswin/Documents/data-engineering-practice/ETL_Airflow_DBT/airflow/dags/dbt_pipeline.py took 0.140 seconds
[2026-04-01T05:54:49.524+0530] {processor.py:161} INFO - Started process (PID=74645) to work on /Users/aswin/Documents/data-engineering-practice/ETL_Airflow_DBT/airflow/dags/dbt_pipeline.py
[2026-04-01T05:54:49.526+0530] {processor.py:830} INFO - Processing file /Users/aswin/Documents/data-engineering-practice/ETL_Airflow_DBT/airflow/dags/dbt_pipeline.py for tasks to queue
[2026-04-01T05:54:49.527+0530] {logging_mixin.py:188} INFO - [2026-04-01T05:54:49.527+0530] {dagbag.py:540} INFO - Filling up the DagBag from /Users/aswin/Documents/data-engineering-practice/ETL_Airflow_DBT/airflow/dags/dbt_pipeline.py
[2026-04-01T05:54:49.530+0530] {processor.py:840} INFO - DAG(s) 'dbt_pipeline' retrieved from /Users/aswin/Documents/data-engineering-practice/ETL_Airflow_DBT/airflow/dags/dbt_pipeline.py
[2026-04-01T05:54:49.586+0530] {logging_mixin.py:188} INFO - [2026-04-01T05:54:49.586+0530] {dag.py:3096} INFO - Sync 1 DAGs
[2026-04-01T05:54:49.593+0530] {logging_mixin.py:188} INFO - [2026-04-01T05:54:49.593+0530] {dag.py:3954} INFO - Setting next_dagrun for dbt_pipeline to None, run_after=None
[2026-04-01T05:54:49.602+0530] {processor.py:183} INFO - Processing /Users/aswin/Documents/data-engineering-practice/ETL_Airflow_DBT/airflow/dags/dbt_pipeline.py took 0.079 seconds
[2026-04-01T05:55:20.665+0530] {processor.py:161} INFO - Started process (PID=75356) to work on /Users/aswin/Documents/data-engineering-practice/ETL_Airflow_DBT/airflow/dags/dbt_pipeline.py
[2026-04-01T05:55:20.665+0530] {processor.py:830} INFO - Processing file /Users/aswin/Documents/data-engineering-practice/ETL_Airflow_DBT/airflow/dags/dbt_pipeline.py for tasks to queue
[2026-04-01T05:55:20.665+0530] {logging_mixin.py:188} INFO - [2026-04-01T05:55:20.665+0530] {dagbag.py:540} INFO - Filling up the DagBag from /Users/aswin/Documents/data-engineering-practice/ETL_Airflow_DBT/airflow/dags/dbt_pipeline.py
[2026-04-01T05:55:20.669+0530] {processor.py:840} INFO - DAG(s) 'dbt_pipeline' retrieved from /Users/aswin/Documents/data-engineering-practice/ETL_Airflow_DBT/airflow/dags/dbt_pipeline.py
[2026-04-01T05:55:20.732+0530] {logging_mixin.py:188} INFO - [2026-04-01T05:55:20.732+0530] {dag.py:3096} INFO - Sync 1 DAGs
[2026-04-01T05:55:20.738+0530] {logging_mixin.py:188} INFO - [2026-04-01T05:55:20.738+0530] {dag.py:3954} INFO - Setting next_dagrun for dbt_pipeline to None, run_after=None
[2026-04-01T05:55:20.746+0530] {processor.py:183} INFO - Processing /Users/aswin/Documents/data-engineering-practice/ETL_Airflow_DBT/airflow/dags/dbt_pipeline.py took 0.083 seconds
[2026-04-01T05:55:51.729+0530] {processor.py:161} INFO - Started process (PID=76055) to work on /Users/aswin/Documents/data-engineering-practice/ETL_Airflow_DBT/airflow/dags/dbt_pipeline.py
[2026-04-01T05:55:51.730+0530] {processor.py:830} INFO - Processing file /Users/aswin/Documents/data-engineering-practice/ETL_Airflow_DBT/airflow/dags/dbt_pipeline.py for tasks to queue
[2026-04-01T05:55:51.730+0530] {logging_mixin.py:188} INFO - [2026-04-01T05:55:51.730+0530] {dagbag.py:540} INFO - Filling up the DagBag from /Users/aswin/Documents/data-engineering-practice/ETL_Airflow_DBT/airflow/dags/dbt_pipeline.py
[2026-04-01T05:55:51.734+0530] {processor.py:840} INFO - DAG(s) 'dbt_pipeline' retrieved from /Users/aswin/Documents/data-engineering-practice/ETL_Airflow_DBT/airflow/dags/dbt_pipeline.py
[2026-04-01T05:55:51.792+0530] {logging_mixin.py:188} INFO - [2026-04-01T05:55:51.792+0530] {dag.py:3096} INFO - Sync 1 DAGs
[2026-04-01T05:55:51.798+0530] {logging_mixin.py:188} INFO - [2026-04-01T05:55:51.798+0530] {dag.py:3954} INFO - Setting next_dagrun for dbt_pipeline to None, run_after=None
[2026-04-01T05:55:51.807+0530] {processor.py:183} INFO - Processing /Users/aswin/Documents/data-engineering-practice/ETL_Airflow_DBT/airflow/dags/dbt_pipeline.py took 0.079 seconds
[2026-04-01T05:56:23.021+0530] {processor.py:161} INFO - Started process (PID=76377) to work on /Users/aswin/Documents/data-engineering-practice/ETL_Airflow_DBT/airflow/dags/dbt_pipeline.py
[2026-04-01T05:56:23.022+0530] {processor.py:830} INFO - Processing file /Users/aswin/Documents/data-engineering-practice/ETL_Airflow_DBT/airflow/dags/dbt_pipeline.py for tasks to queue
[2026-04-01T05:56:23.022+0530] {logging_mixin.py:188} INFO - [2026-04-01T05:56:23.022+0530] {dagbag.py:540} INFO - Filling up the DagBag from /Users/aswin/Documents/data-engineering-practice/ETL_Airflow_DBT/airflow/dags/dbt_pipeline.py
[2026-04-01T05:56:23.026+0530] {processor.py:840} INFO - DAG(s) 'dbt_pipeline' retrieved from /Users/aswin/Documents/data-engineering-practice/ETL_Airflow_DBT/airflow/dags/dbt_pipeline.py
[2026-04-01T05:56:23.082+0530] {logging_mixin.py:188} INFO - [2026-04-01T05:56:23.082+0530] {dag.py:3096} INFO - Sync 1 DAGs
[2026-04-01T05:56:23.088+0530] {logging_mixin.py:188} INFO - [2026-04-01T05:56:23.088+0530] {dag.py:3954} INFO - Setting next_dagrun for dbt_pipeline to None, run_after=None
[2026-04-01T05:56:23.097+0530] {processor.py:183} INFO - Processing /Users/aswin/Documents/data-engineering-practice/ETL_Airflow_DBT/airflow/dags/dbt_pipeline.py took 0.078 seconds
[2026-04-01T05:56:54.378+0530] {processor.py:161} INFO - Started process (PID=76494) to work on /Users/aswin/Documents/data-engineering-practice/ETL_Airflow_DBT/airflow/dags/dbt_pipeline.py
[2026-04-01T05:56:54.379+0530] {processor.py:830} INFO - Processing file /Users/aswin/Documents/data-engineering-practice/ETL_Airflow_DBT/airflow/dags/dbt_pipeline.py for tasks to queue
[2026-04-01T05:56:54.380+0530] {logging_mixin.py:188} INFO - [2026-04-01T05:56:54.380+0530] {dagbag.py:540} INFO - Filling up the DagBag from /Users/aswin/Documents/data-engineering-practice/ETL_Airflow_DBT/airflow/dags/dbt_pipeline.py
[2026-04-01T05:56:54.383+0530] {processor.py:840} INFO - DAG(s) 'dbt_pipeline' retrieved from /Users/aswin/Documents/data-engineering-practice/ETL_Airflow_DBT/airflow/dags/dbt_pipeline.py
[2026-04-01T05:56:54.446+0530] {logging_mixin.py:188} INFO - [2026-04-01T05:56:54.446+0530] {dag.py:3096} INFO - Sync 1 DAGs
[2026-04-01T05:56:54.456+0530] {logging_mixin.py:188} INFO - [2026-04-01T05:56:54.456+0530] {dag.py:3954} INFO - Setting next_dagrun for dbt_pipeline to None, run_after=None
[2026-04-01T05:56:54.465+0530] {processor.py:183} INFO - Processing /Users/aswin/Documents/data-engineering-practice/ETL_Airflow_DBT/airflow/dags/dbt_pipeline.py took 0.089 seconds
[2026-04-01T05:57:25.672+0530] {processor.py:161} INFO - Started process (PID=76619) to work on /Users/aswin/Documents/data-engineering-practice/ETL_Airflow_DBT/airflow/dags/dbt_pipeline.py
[2026-04-01T05:57:25.673+0530] {processor.py:830} INFO - Processing file /Users/aswin/Documents/data-engineering-practice/ETL_Airflow_DBT/airflow/dags/dbt_pipeline.py for tasks to queue
[2026-04-01T05:57:25.674+0530] {logging_mixin.py:188} INFO - [2026-04-01T05:57:25.673+0530] {dagbag.py:540} INFO - Filling up the DagBag from /Users/aswin/Documents/data-engineering-practice/ETL_Airflow_DBT/airflow/dags/dbt_pipeline.py
[2026-04-01T05:57:25.677+0530] {processor.py:840} INFO - DAG(s) 'dbt_pipeline' retrieved from /Users/aswin/Documents/data-engineering-practice/ETL_Airflow_DBT/airflow/dags/dbt_pipeline.py
[2026-04-01T05:57:25.729+0530] {logging_mixin.py:188} INFO - [2026-04-01T05:57:25.729+0530] {dag.py:3096} INFO - Sync 1 DAGs
[2026-04-01T05:57:25.735+0530] {logging_mixin.py:188} INFO - [2026-04-01T05:57:25.735+0530] {dag.py:3954} INFO - Setting next_dagrun for dbt_pipeline to None, run_after=None
[2026-04-01T05:57:25.743+0530] {processor.py:183} INFO - Processing /Users/aswin/Documents/data-engineering-practice/ETL_Airflow_DBT/airflow/dags/dbt_pipeline.py took 0.072 seconds
[2026-04-01T05:57:56.475+0530] {processor.py:161} INFO - Started process (PID=76733) to work on /Users/aswin/Documents/data-engineering-practice/ETL_Airflow_DBT/airflow/dags/dbt_pipeline.py
[2026-04-01T05:57:56.475+0530] {processor.py:830} INFO - Processing file /Users/aswin/Documents/data-engineering-practice/ETL_Airflow_DBT/airflow/dags/dbt_pipeline.py for tasks to queue
[2026-04-01T05:57:56.476+0530] {logging_mixin.py:188} INFO - [2026-04-01T05:57:56.476+0530] {dagbag.py:540} INFO - Filling up the DagBag from /Users/aswin/Documents/data-engineering-practice/ETL_Airflow_DBT/airflow/dags/dbt_pipeline.py
[2026-04-01T05:57:56.478+0530] {processor.py:840} INFO - DAG(s) 'dbt_pipeline' retrieved from /Users/aswin/Documents/data-engineering-practice/ETL_Airflow_DBT/airflow/dags/dbt_pipeline.py
[2026-04-01T05:57:56.535+0530] {logging_mixin.py:188} INFO - [2026-04-01T05:57:56.535+0530] {dag.py:3096} INFO - Sync 1 DAGs
[2026-04-01T05:57:56.543+0530] {logging_mixin.py:188} INFO - [2026-04-01T05:57:56.543+0530] {dag.py:3954} INFO - Setting next_dagrun for dbt_pipeline to None, run_after=None
[2026-04-01T05:57:56.553+0530] {processor.py:183} INFO - Processing /Users/aswin/Documents/data-engineering-practice/ETL_Airflow_DBT/airflow/dags/dbt_pipeline.py took 0.079 seconds
[2026-04-01T06:15:38.748+0530] {processor.py:161} INFO - Started process (PID=77066) to work on /Users/aswin/Documents/data-engineering-practice/ETL_Airflow_DBT/airflow/dags/dbt_pipeline.py
[2026-04-01T06:15:38.749+0530] {processor.py:830} INFO - Processing file /Users/aswin/Documents/data-engineering-practice/ETL_Airflow_DBT/airflow/dags/dbt_pipeline.py for tasks to queue
[2026-04-01T06:15:38.749+0530] {logging_mixin.py:188} INFO - [2026-04-01T06:15:38.749+0530] {dagbag.py:540} INFO - Filling up the DagBag from /Users/aswin/Documents/data-engineering-practice/ETL_Airflow_DBT/airflow/dags/dbt_pipeline.py
[2026-04-01T06:15:38.752+0530] {processor.py:840} INFO - DAG(s) 'dbt_pipeline' retrieved from /Users/aswin/Documents/data-engineering-practice/ETL_Airflow_DBT/airflow/dags/dbt_pipeline.py
[2026-04-01T06:15:38.813+0530] {logging_mixin.py:188} INFO - [2026-04-01T06:15:38.813+0530] {dag.py:3096} INFO - Sync 1 DAGs
[2026-04-01T06:15:38.820+0530] {logging_mixin.py:188} INFO - [2026-04-01T06:15:38.819+0530] {dag.py:3954} INFO - Setting next_dagrun for dbt_pipeline to None, run_after=None
[2026-04-01T06:15:38.828+0530] {processor.py:183} INFO - Processing /Users/aswin/Documents/data-engineering-practice/ETL_Airflow_DBT/airflow/dags/dbt_pipeline.py took 0.081 seconds
[2026-04-01T06:16:09.596+0530] {processor.py:161} INFO - Started process (PID=77783) to work on /Users/aswin/Documents/data-engineering-practice/ETL_Airflow_DBT/airflow/dags/dbt_pipeline.py
[2026-04-01T06:16:09.597+0530] {processor.py:830} INFO - Processing file /Users/aswin/Documents/data-engineering-practice/ETL_Airflow_DBT/airflow/dags/dbt_pipeline.py for tasks to queue
[2026-04-01T06:16:09.598+0530] {logging_mixin.py:188} INFO - [2026-04-01T06:16:09.598+0530] {dagbag.py:540} INFO - Filling up the DagBag from /Users/aswin/Documents/data-engineering-practice/ETL_Airflow_DBT/airflow/dags/dbt_pipeline.py
[2026-04-01T06:16:09.602+0530] {processor.py:840} INFO - DAG(s) 'dbt_pipeline' retrieved from /Users/aswin/Documents/data-engineering-practice/ETL_Airflow_DBT/airflow/dags/dbt_pipeline.py
[2026-04-01T06:16:09.663+0530] {logging_mixin.py:188} INFO - [2026-04-01T06:16:09.663+0530] {dag.py:3096} INFO - Sync 1 DAGs
[2026-04-01T06:16:09.669+0530] {logging_mixin.py:188} INFO - [2026-04-01T06:16:09.669+0530] {dag.py:3954} INFO - Setting next_dagrun for dbt_pipeline to None, run_after=None
[2026-04-01T06:16:09.677+0530] {processor.py:183} INFO - Processing /Users/aswin/Documents/data-engineering-practice/ETL_Airflow_DBT/airflow/dags/dbt_pipeline.py took 0.082 seconds
[2026-04-01T06:16:40.930+0530] {processor.py:161} INFO - Started process (PID=78300) to work on /Users/aswin/Documents/data-engineering-practice/ETL_Airflow_DBT/airflow/dags/dbt_pipeline.py
[2026-04-01T06:16:40.931+0530] {processor.py:830} INFO - Processing file /Users/aswin/Documents/data-engineering-practice/ETL_Airflow_DBT/airflow/dags/dbt_pipeline.py for tasks to queue
[2026-04-01T06:16:40.932+0530] {logging_mixin.py:188} INFO - [2026-04-01T06:16:40.932+0530] {dagbag.py:540} INFO - Filling up the DagBag from /Users/aswin/Documents/data-engineering-practice/ETL_Airflow_DBT/airflow/dags/dbt_pipeline.py
[2026-04-01T06:16:40.935+0530] {processor.py:840} INFO - DAG(s) 'dbt_pipeline' retrieved from /Users/aswin/Documents/data-engineering-practice/ETL_Airflow_DBT/airflow/dags/dbt_pipeline.py
[2026-04-01T06:16:40.985+0530] {logging_mixin.py:188} INFO - [2026-04-01T06:16:40.985+0530] {dag.py:3096} INFO - Sync 1 DAGs
[2026-04-01T06:16:40.991+0530] {logging_mixin.py:188} INFO - [2026-04-01T06:16:40.991+0530] {dag.py:3954} INFO - Setting next_dagrun for dbt_pipeline to None, run_after=None
[2026-04-01T06:16:41.002+0530] {processor.py:183} INFO - Processing /Users/aswin/Documents/data-engineering-practice/ETL_Airflow_DBT/airflow/dags/dbt_pipeline.py took 0.073 seconds
[2026-04-01T06:17:12.148+0530] {processor.py:161} INFO - Started process (PID=78426) to work on /Users/aswin/Documents/data-engineering-practice/ETL_Airflow_DBT/airflow/dags/dbt_pipeline.py
[2026-04-01T06:17:12.149+0530] {processor.py:830} INFO - Processing file /Users/aswin/Documents/data-engineering-practice/ETL_Airflow_DBT/airflow/dags/dbt_pipeline.py for tasks to queue
[2026-04-01T06:17:12.149+0530] {logging_mixin.py:188} INFO - [2026-04-01T06:17:12.149+0530] {dagbag.py:540} INFO - Filling up the DagBag from /Users/aswin/Documents/data-engineering-practice/ETL_Airflow_DBT/airflow/dags/dbt_pipeline.py
[2026-04-01T06:17:12.152+0530] {processor.py:840} INFO - DAG(s) 'dbt_pipeline' retrieved from /Users/aswin/Documents/data-engineering-practice/ETL_Airflow_DBT/airflow/dags/dbt_pipeline.py
[2026-04-01T06:17:12.204+0530] {logging_mixin.py:188} INFO - [2026-04-01T06:17:12.204+0530] {dag.py:3096} INFO - Sync 1 DAGs
[2026-04-01T06:17:12.211+0530] {logging_mixin.py:188} INFO - [2026-04-01T06:17:12.211+0530] {dag.py:3954} INFO - Setting next_dagrun for dbt_pipeline to None, run_after=None
[2026-04-01T06:17:12.221+0530] {processor.py:183} INFO - Processing /Users/aswin/Documents/data-engineering-practice/ETL_Airflow_DBT/airflow/dags/dbt_pipeline.py took 0.074 seconds
[2026-04-01T06:17:43.172+0530] {processor.py:161} INFO - Started process (PID=78539) to work on /Users/aswin/Documents/data-engineering-practice/ETL_Airflow_DBT/airflow/dags/dbt_pipeline.py
[2026-04-01T06:17:43.173+0530] {processor.py:830} INFO - Processing file /Users/aswin/Documents/data-engineering-practice/ETL_Airflow_DBT/airflow/dags/dbt_pipeline.py for tasks to queue
[2026-04-01T06:17:43.173+0530] {logging_mixin.py:188} INFO - [2026-04-01T06:17:43.173+0530] {dagbag.py:540} INFO - Filling up the DagBag from /Users/aswin/Documents/data-engineering-practice/ETL_Airflow_DBT/airflow/dags/dbt_pipeline.py
[2026-04-01T06:17:43.177+0530] {processor.py:840} INFO - DAG(s) 'dbt_pipeline' retrieved from /Users/aswin/Documents/data-engineering-practice/ETL_Airflow_DBT/airflow/dags/dbt_pipeline.py
[2026-04-01T06:17:43.227+0530] {logging_mixin.py:188} INFO - [2026-04-01T06:17:43.227+0530] {dag.py:3096} INFO - Sync 1 DAGs
[2026-04-01T06:17:43.234+0530] {logging_mixin.py:188} INFO - [2026-04-01T06:17:43.234+0530] {dag.py:3954} INFO - Setting next_dagrun for dbt_pipeline to None, run_after=None
[2026-04-01T06:17:43.243+0530] {processor.py:183} INFO - Processing /Users/aswin/Documents/data-engineering-practice/ETL_Airflow_DBT/airflow/dags/dbt_pipeline.py took 0.072 seconds
[2026-04-01T06:23:23.632+0530] {processor.py:161} INFO - Started process (PID=78751) to work on /Users/aswin/Documents/data-engineering-practice/ETL_Airflow_DBT/airflow/dags/dbt_pipeline.py
[2026-04-01T06:23:23.632+0530] {processor.py:830} INFO - Processing file /Users/aswin/Documents/data-engineering-practice/ETL_Airflow_DBT/airflow/dags/dbt_pipeline.py for tasks to queue
[2026-04-01T06:23:23.632+0530] {logging_mixin.py:188} INFO - [2026-04-01T06:23:23.632+0530] {dagbag.py:540} INFO - Filling up the DagBag from /Users/aswin/Documents/data-engineering-practice/ETL_Airflow_DBT/airflow/dags/dbt_pipeline.py
[2026-04-01T06:23:23.637+0530] {processor.py:840} INFO - DAG(s) 'dbt_pipeline' retrieved from /Users/aswin/Documents/data-engineering-practice/ETL_Airflow_DBT/airflow/dags/dbt_pipeline.py
[2026-04-01T06:23:23.691+0530] {logging_mixin.py:188} INFO - [2026-04-01T06:23:23.691+0530] {dag.py:3096} INFO - Sync 1 DAGs
[2026-04-01T06:23:23.699+0530] {logging_mixin.py:188} INFO - [2026-04-01T06:23:23.699+0530] {dag.py:3954} INFO - Setting next_dagrun for dbt_pipeline to None, run_after=None
[2026-04-01T06:23:23.709+0530] {processor.py:183} INFO - Processing /Users/aswin/Documents/data-engineering-practice/ETL_Airflow_DBT/airflow/dags/dbt_pipeline.py took 0.079 seconds
[2026-04-01T06:23:54.942+0530] {processor.py:161} INFO - Started process (PID=78878) to work on /Users/aswin/Documents/data-engineering-practice/ETL_Airflow_DBT/airflow/dags/dbt_pipeline.py
[2026-04-01T06:23:54.944+0530] {processor.py:830} INFO - Processing file /Users/aswin/Documents/data-engineering-practice/ETL_Airflow_DBT/airflow/dags/dbt_pipeline.py for tasks to queue
[2026-04-01T06:23:54.944+0530] {logging_mixin.py:188} INFO - [2026-04-01T06:23:54.944+0530] {dagbag.py:540} INFO - Filling up the DagBag from /Users/aswin/Documents/data-engineering-practice/ETL_Airflow_DBT/airflow/dags/dbt_pipeline.py
[2026-04-01T06:23:54.948+0530] {processor.py:840} INFO - DAG(s) 'dbt_pipeline' retrieved from /Users/aswin/Documents/data-engineering-practice/ETL_Airflow_DBT/airflow/dags/dbt_pipeline.py
[2026-04-01T06:23:55.009+0530] {logging_mixin.py:188} INFO - [2026-04-01T06:23:55.009+0530] {dag.py:3096} INFO - Sync 1 DAGs
[2026-04-01T06:23:55.016+0530] {logging_mixin.py:188} INFO - [2026-04-01T06:23:55.016+0530] {dag.py:3954} INFO - Setting next_dagrun for dbt_pipeline to None, run_after=None
[2026-04-01T06:23:55.025+0530] {processor.py:183} INFO - Processing /Users/aswin/Documents/data-engineering-practice/ETL_Airflow_DBT/airflow/dags/dbt_pipeline.py took 0.084 seconds
[2026-04-01T06:24:25.753+0530] {processor.py:161} INFO - Started process (PID=79006) to work on /Users/aswin/Documents/data-engineering-practice/ETL_Airflow_DBT/airflow/dags/dbt_pipeline.py
[2026-04-01T06:24:25.754+0530] {processor.py:830} INFO - Processing file /Users/aswin/Documents/data-engineering-practice/ETL_Airflow_DBT/airflow/dags/dbt_pipeline.py for tasks to queue
[2026-04-01T06:24:25.754+0530] {logging_mixin.py:188} INFO - [2026-04-01T06:24:25.754+0530] {dagbag.py:540} INFO - Filling up the DagBag from /Users/aswin/Documents/data-engineering-practice/ETL_Airflow_DBT/airflow/dags/dbt_pipeline.py
[2026-04-01T06:24:25.757+0530] {processor.py:840} INFO - DAG(s) 'dbt_pipeline' retrieved from /Users/aswin/Documents/data-engineering-practice/ETL_Airflow_DBT/airflow/dags/dbt_pipeline.py
[2026-04-01T06:24:25.811+0530] {logging_mixin.py:188} INFO - [2026-04-01T06:24:25.811+0530] {dag.py:3096} INFO - Sync 1 DAGs
[2026-04-01T06:24:25.818+0530] {logging_mixin.py:188} INFO - [2026-04-01T06:24:25.818+0530] {dag.py:3954} INFO - Setting next_dagrun for dbt_pipeline to None, run_after=None
[2026-04-01T06:24:25.828+0530] {processor.py:183} INFO - Processing /Users/aswin/Documents/data-engineering-practice/ETL_Airflow_DBT/airflow/dags/dbt_pipeline.py took 0.076 seconds
[2026-04-01T06:24:56.516+0530] {processor.py:161} INFO - Started process (PID=79121) to work on /Users/aswin/Documents/data-engineering-practice/ETL_Airflow_DBT/airflow/dags/dbt_pipeline.py
[2026-04-01T06:24:56.517+0530] {processor.py:830} INFO - Processing file /Users/aswin/Documents/data-engineering-practice/ETL_Airflow_DBT/airflow/dags/dbt_pipeline.py for tasks to queue
[2026-04-01T06:24:56.517+0530] {logging_mixin.py:188} INFO - [2026-04-01T06:24:56.517+0530] {dagbag.py:540} INFO - Filling up the DagBag from /Users/aswin/Documents/data-engineering-practice/ETL_Airflow_DBT/airflow/dags/dbt_pipeline.py
[2026-04-01T06:24:56.519+0530] {processor.py:840} INFO - DAG(s) 'dbt_pipeline' retrieved from /Users/aswin/Documents/data-engineering-practice/ETL_Airflow_DBT/airflow/dags/dbt_pipeline.py
[2026-04-01T06:24:56.570+0530] {logging_mixin.py:188} INFO - [2026-04-01T06:24:56.569+0530] {dag.py:3096} INFO - Sync 1 DAGs
[2026-04-01T06:24:56.577+0530] {logging_mixin.py:188} INFO - [2026-04-01T06:24:56.577+0530] {dag.py:3954} INFO - Setting next_dagrun for dbt_pipeline to None, run_after=None
[2026-04-01T06:24:56.586+0530] {processor.py:183} INFO - Processing /Users/aswin/Documents/data-engineering-practice/ETL_Airflow_DBT/airflow/dags/dbt_pipeline.py took 0.071 seconds
[2026-04-01T06:25:28.119+0530] {processor.py:161} INFO - Started process (PID=79233) to work on /Users/aswin/Documents/data-engineering-practice/ETL_Airflow_DBT/airflow/dags/dbt_pipeline.py
[2026-04-01T06:25:28.121+0530] {processor.py:830} INFO - Processing file /Users/aswin/Documents/data-engineering-practice/ETL_Airflow_DBT/airflow/dags/dbt_pipeline.py for tasks to queue
[2026-04-01T06:25:28.121+0530] {logging_mixin.py:188} INFO - [2026-04-01T06:25:28.121+0530] {dagbag.py:540} INFO - Filling up the DagBag from /Users/aswin/Documents/data-engineering-practice/ETL_Airflow_DBT/airflow/dags/dbt_pipeline.py
[2026-04-01T06:25:28.126+0530] {processor.py:840} INFO - DAG(s) 'dbt_pipeline' retrieved from /Users/aswin/Documents/data-engineering-practice/ETL_Airflow_DBT/airflow/dags/dbt_pipeline.py
[2026-04-01T06:25:28.187+0530] {logging_mixin.py:188} INFO - [2026-04-01T06:25:28.187+0530] {dag.py:3096} INFO - Sync 1 DAGs
[2026-04-01T06:25:28.194+0530] {logging_mixin.py:188} INFO - [2026-04-01T06:25:28.194+0530] {dag.py:3954} INFO - Setting next_dagrun for dbt_pipeline to None, run_after=None
[2026-04-01T06:25:28.206+0530] {processor.py:183} INFO - Processing /Users/aswin/Documents/data-engineering-practice/ETL_Airflow_DBT/airflow/dags/dbt_pipeline.py took 0.087 seconds
[2026-04-01T06:25:59.725+0530] {processor.py:161} INFO - Started process (PID=79350) to work on /Users/aswin/Documents/data-engineering-practice/ETL_Airflow_DBT/airflow/dags/dbt_pipeline.py
[2026-04-01T06:25:59.726+0530] {processor.py:830} INFO - Processing file /Users/aswin/Documents/data-engineering-practice/ETL_Airflow_DBT/airflow/dags/dbt_pipeline.py for tasks to queue
[2026-04-01T06:25:59.726+0530] {logging_mixin.py:188} INFO - [2026-04-01T06:25:59.726+0530] {dagbag.py:540} INFO - Filling up the DagBag from /Users/aswin/Documents/data-engineering-practice/ETL_Airflow_DBT/airflow/dags/dbt_pipeline.py
[2026-04-01T06:25:59.729+0530] {processor.py:840} INFO - DAG(s) 'dbt_pipeline' retrieved from /Users/aswin/Documents/data-engineering-practice/ETL_Airflow_DBT/airflow/dags/dbt_pipeline.py
[2026-04-01T06:25:59.787+0530] {logging_mixin.py:188} INFO - [2026-04-01T06:25:59.787+0530] {dag.py:3096} INFO - Sync 1 DAGs
[2026-04-01T06:25:59.793+0530] {logging_mixin.py:188} INFO - [2026-04-01T06:25:59.793+0530] {dag.py:3954} INFO - Setting next_dagrun for dbt_pipeline to None, run_after=None
[2026-04-01T06:25:59.801+0530] {processor.py:183} INFO - Processing /Users/aswin/Documents/data-engineering-practice/ETL_Airflow_DBT/airflow/dags/dbt_pipeline.py took 0.078 seconds
[2026-04-01T06:26:30.905+0530] {processor.py:161} INFO - Started process (PID=79463) to work on /Users/aswin/Documents/data-engineering-practice/ETL_Airflow_DBT/airflow/dags/dbt_pipeline.py
[2026-04-01T06:26:30.907+0530] {processor.py:830} INFO - Processing file /Users/aswin/Documents/data-engineering-practice/ETL_Airflow_DBT/airflow/dags/dbt_pipeline.py for tasks to queue
[2026-04-01T06:26:30.907+0530] {logging_mixin.py:188} INFO - [2026-04-01T06:26:30.907+0530] {dagbag.py:540} INFO - Filling up the DagBag from /Users/aswin/Documents/data-engineering-practice/ETL_Airflow_DBT/airflow/dags/dbt_pipeline.py
[2026-04-01T06:26:30.910+0530] {processor.py:840} INFO - DAG(s) 'dbt_pipeline' retrieved from /Users/aswin/Documents/data-engineering-practice/ETL_Airflow_DBT/airflow/dags/dbt_pipeline.py
[2026-04-01T06:26:30.962+0530] {logging_mixin.py:188} INFO - [2026-04-01T06:26:30.962+0530] {dag.py:3096} INFO - Sync 1 DAGs
[2026-04-01T06:26:30.969+0530] {logging_mixin.py:188} INFO - [2026-04-01T06:26:30.969+0530] {dag.py:3954} INFO - Setting next_dagrun for dbt_pipeline to None, run_after=None
[2026-04-01T06:26:30.977+0530] {processor.py:183} INFO - Processing /Users/aswin/Documents/data-engineering-practice/ETL_Airflow_DBT/airflow/dags/dbt_pipeline.py took 0.073 seconds
[2026-04-01T06:27:01.874+0530] {processor.py:161} INFO - Started process (PID=79575) to work on /Users/aswin/Documents/data-engineering-practice/ETL_Airflow_DBT/airflow/dags/dbt_pipeline.py
[2026-04-01T06:27:01.874+0530] {processor.py:830} INFO - Processing file /Users/aswin/Documents/data-engineering-practice/ETL_Airflow_DBT/airflow/dags/dbt_pipeline.py for tasks to queue
[2026-04-01T06:27:01.874+0530] {logging_mixin.py:188} INFO - [2026-04-01T06:27:01.874+0530] {dagbag.py:540} INFO - Filling up the DagBag from /Users/aswin/Documents/data-engineering-practice/ETL_Airflow_DBT/airflow/dags/dbt_pipeline.py
[2026-04-01T06:27:01.877+0530] {processor.py:840} INFO - DAG(s) 'dbt_pipeline' retrieved from /Users/aswin/Documents/data-engineering-practice/ETL_Airflow_DBT/airflow/dags/dbt_pipeline.py
[2026-04-01T06:27:01.928+0530] {logging_mixin.py:188} INFO - [2026-04-01T06:27:01.928+0530] {dag.py:3096} INFO - Sync 1 DAGs
[2026-04-01T06:27:01.934+0530] {logging_mixin.py:188} INFO - [2026-04-01T06:27:01.934+0530] {dag.py:3954} INFO - Setting next_dagrun for dbt_pipeline to None, run_after=None
[2026-04-01T06:27:01.942+0530] {processor.py:183} INFO - Processing /Users/aswin/Documents/data-engineering-practice/ETL_Airflow_DBT/airflow/dags/dbt_pipeline.py took 0.069 seconds
[2026-04-01T06:27:32.714+0530] {processor.py:161} INFO - Started process (PID=79690) to work on /Users/aswin/Documents/data-engineering-practice/ETL_Airflow_DBT/airflow/dags/dbt_pipeline.py
[2026-04-01T06:27:32.715+0530] {processor.py:830} INFO - Processing file /Users/aswin/Documents/data-engineering-practice/ETL_Airflow_DBT/airflow/dags/dbt_pipeline.py for tasks to queue
[2026-04-01T06:27:32.715+0530] {logging_mixin.py:188} INFO - [2026-04-01T06:27:32.715+0530] {dagbag.py:540} INFO - Filling up the DagBag from /Users/aswin/Documents/data-engineering-practice/ETL_Airflow_DBT/airflow/dags/dbt_pipeline.py
[2026-04-01T06:27:32.719+0530] {processor.py:840} INFO - DAG(s) 'dbt_pipeline' retrieved from /Users/aswin/Documents/data-engineering-practice/ETL_Airflow_DBT/airflow/dags/dbt_pipeline.py
[2026-04-01T06:27:32.772+0530] {logging_mixin.py:188} INFO - [2026-04-01T06:27:32.772+0530] {dag.py:3096} INFO - Sync 1 DAGs
[2026-04-01T06:27:32.779+0530] {logging_mixin.py:188} INFO - [2026-04-01T06:27:32.779+0530] {dag.py:3954} INFO - Setting next_dagrun for dbt_pipeline to None, run_after=None
[2026-04-01T06:27:32.788+0530] {processor.py:183} INFO - Processing /Users/aswin/Documents/data-engineering-practice/ETL_Airflow_DBT/airflow/dags/dbt_pipeline.py took 0.075 seconds
[2026-04-01T07:35:23.302+0530] {processor.py:161} INFO - Started process (PID=80461) to work on /Users/aswin/Documents/data-engineering-practice/ETL_Airflow_DBT/airflow/dags/dbt_pipeline.py
[2026-04-01T07:35:23.302+0530] {processor.py:830} INFO - Processing file /Users/aswin/Documents/data-engineering-practice/ETL_Airflow_DBT/airflow/dags/dbt_pipeline.py for tasks to queue
[2026-04-01T07:35:23.303+0530] {logging_mixin.py:188} INFO - [2026-04-01T07:35:23.303+0530] {dagbag.py:540} INFO - Filling up the DagBag from /Users/aswin/Documents/data-engineering-practice/ETL_Airflow_DBT/airflow/dags/dbt_pipeline.py
[2026-04-01T07:35:23.305+0530] {processor.py:840} INFO - DAG(s) 'dbt_pipeline' retrieved from /Users/aswin/Documents/data-engineering-practice/ETL_Airflow_DBT/airflow/dags/dbt_pipeline.py
[2026-04-01T07:35:23.362+0530] {logging_mixin.py:188} INFO - [2026-04-01T07:35:23.362+0530] {dag.py:3096} INFO - Sync 1 DAGs
[2026-04-01T07:35:23.369+0530] {logging_mixin.py:188} INFO - [2026-04-01T07:35:23.369+0530] {dag.py:3954} INFO - Setting next_dagrun for dbt_pipeline to None, run_after=None
[2026-04-01T07:35:23.378+0530] {processor.py:183} INFO - Processing /Users/aswin/Documents/data-engineering-practice/ETL_Airflow_DBT/airflow/dags/dbt_pipeline.py took 0.077 seconds
[2026-04-01T07:35:54.468+0530] {processor.py:161} INFO - Started process (PID=80614) to work on /Users/aswin/Documents/data-engineering-practice/ETL_Airflow_DBT/airflow/dags/dbt_pipeline.py
[2026-04-01T07:35:54.468+0530] {processor.py:830} INFO - Processing file /Users/aswin/Documents/data-engineering-practice/ETL_Airflow_DBT/airflow/dags/dbt_pipeline.py for tasks to queue
[2026-04-01T07:35:54.469+0530] {logging_mixin.py:188} INFO - [2026-04-01T07:35:54.469+0530] {dagbag.py:540} INFO - Filling up the DagBag from /Users/aswin/Documents/data-engineering-practice/ETL_Airflow_DBT/airflow/dags/dbt_pipeline.py
[2026-04-01T07:35:54.472+0530] {processor.py:840} INFO - DAG(s) 'dbt_pipeline' retrieved from /Users/aswin/Documents/data-engineering-practice/ETL_Airflow_DBT/airflow/dags/dbt_pipeline.py
[2026-04-01T07:35:54.527+0530] {logging_mixin.py:188} INFO - [2026-04-01T07:35:54.526+0530] {dag.py:3096} INFO - Sync 1 DAGs
[2026-04-01T07:35:54.533+0530] {logging_mixin.py:188} INFO - [2026-04-01T07:35:54.532+0530] {dag.py:3954} INFO - Setting next_dagrun for dbt_pipeline to None, run_after=None
[2026-04-01T07:35:54.540+0530] {processor.py:183} INFO - Processing /Users/aswin/Documents/data-engineering-practice/ETL_Airflow_DBT/airflow/dags/dbt_pipeline.py took 0.074 seconds
[2026-04-01T07:36:25.451+0530] {processor.py:161} INFO - Started process (PID=80752) to work on /Users/aswin/Documents/data-engineering-practice/ETL_Airflow_DBT/airflow/dags/dbt_pipeline.py
[2026-04-01T07:36:25.452+0530] {processor.py:830} INFO - Processing file /Users/aswin/Documents/data-engineering-practice/ETL_Airflow_DBT/airflow/dags/dbt_pipeline.py for tasks to queue
[2026-04-01T07:36:25.452+0530] {logging_mixin.py:188} INFO - [2026-04-01T07:36:25.452+0530] {dagbag.py:540} INFO - Filling up the DagBag from /Users/aswin/Documents/data-engineering-practice/ETL_Airflow_DBT/airflow/dags/dbt_pipeline.py
[2026-04-01T07:36:25.458+0530] {processor.py:840} INFO - DAG(s) 'dbt_pipeline' retrieved from /Users/aswin/Documents/data-engineering-practice/ETL_Airflow_DBT/airflow/dags/dbt_pipeline.py
[2026-04-01T07:36:25.515+0530] {logging_mixin.py:188} INFO - [2026-04-01T07:36:25.515+0530] {dag.py:3096} INFO - Sync 1 DAGs
[2026-04-01T07:36:25.521+0530] {logging_mixin.py:188} INFO - [2026-04-01T07:36:25.521+0530] {dag.py:3954} INFO - Setting next_dagrun for dbt_pipeline to None, run_after=None
[2026-04-01T07:36:25.532+0530] {processor.py:183} INFO - Processing /Users/aswin/Documents/data-engineering-practice/ETL_Airflow_DBT/airflow/dags/dbt_pipeline.py took 0.082 seconds
[2026-04-01T07:36:56.498+0530] {processor.py:161} INFO - Started process (PID=80877) to work on /Users/aswin/Documents/data-engineering-practice/ETL_Airflow_DBT/airflow/dags/dbt_pipeline.py
[2026-04-01T07:36:56.499+0530] {processor.py:830} INFO - Processing file /Users/aswin/Documents/data-engineering-practice/ETL_Airflow_DBT/airflow/dags/dbt_pipeline.py for tasks to queue
[2026-04-01T07:36:56.499+0530] {logging_mixin.py:188} INFO - [2026-04-01T07:36:56.499+0530] {dagbag.py:540} INFO - Filling up the DagBag from /Users/aswin/Documents/data-engineering-practice/ETL_Airflow_DBT/airflow/dags/dbt_pipeline.py
[2026-04-01T07:36:56.505+0530] {processor.py:840} INFO - DAG(s) 'dbt_pipeline' retrieved from /Users/aswin/Documents/data-engineering-practice/ETL_Airflow_DBT/airflow/dags/dbt_pipeline.py
[2026-04-01T07:36:56.560+0530] {logging_mixin.py:188} INFO - [2026-04-01T07:36:56.560+0530] {dag.py:3096} INFO - Sync 1 DAGs
[2026-04-01T07:36:56.567+0530] {logging_mixin.py:188} INFO - [2026-04-01T07:36:56.567+0530] {dag.py:3954} INFO - Setting next_dagrun for dbt_pipeline to None, run_after=None
[2026-04-01T07:36:56.577+0530] {processor.py:183} INFO - Processing /Users/aswin/Documents/data-engineering-practice/ETL_Airflow_DBT/airflow/dags/dbt_pipeline.py took 0.080 seconds
[2026-04-01T07:37:27.578+0530] {processor.py:161} INFO - Started process (PID=81006) to work on /Users/aswin/Documents/data-engineering-practice/ETL_Airflow_DBT/airflow/dags/dbt_pipeline.py
[2026-04-01T07:37:27.579+0530] {processor.py:830} INFO - Processing file /Users/aswin/Documents/data-engineering-practice/ETL_Airflow_DBT/airflow/dags/dbt_pipeline.py for tasks to queue
[2026-04-01T07:37:27.579+0530] {logging_mixin.py:188} INFO - [2026-04-01T07:37:27.579+0530] {dagbag.py:540} INFO - Filling up the DagBag from /Users/aswin/Documents/data-engineering-practice/ETL_Airflow_DBT/airflow/dags/dbt_pipeline.py
[2026-04-01T07:37:27.583+0530] {processor.py:840} INFO - DAG(s) 'dbt_pipeline' retrieved from /Users/aswin/Documents/data-engineering-practice/ETL_Airflow_DBT/airflow/dags/dbt_pipeline.py
[2026-04-01T07:37:27.640+0530] {logging_mixin.py:188} INFO - [2026-04-01T07:37:27.640+0530] {dag.py:3096} INFO - Sync 1 DAGs
[2026-04-01T07:37:27.647+0530] {logging_mixin.py:188} INFO - [2026-04-01T07:37:27.647+0530] {dag.py:3954} INFO - Setting next_dagrun for dbt_pipeline to None, run_after=None
[2026-04-01T07:37:27.656+0530] {processor.py:183} INFO - Processing /Users/aswin/Documents/data-engineering-practice/ETL_Airflow_DBT/airflow/dags/dbt_pipeline.py took 0.078 seconds
[2026-04-01T07:37:58.559+0530] {processor.py:161} INFO - Started process (PID=81130) to work on /Users/aswin/Documents/data-engineering-practice/ETL_Airflow_DBT/airflow/dags/dbt_pipeline.py
[2026-04-01T07:37:58.561+0530] {processor.py:830} INFO - Processing file /Users/aswin/Documents/data-engineering-practice/ETL_Airflow_DBT/airflow/dags/dbt_pipeline.py for tasks to queue
[2026-04-01T07:37:58.561+0530] {logging_mixin.py:188} INFO - [2026-04-01T07:37:58.561+0530] {dagbag.py:540} INFO - Filling up the DagBag from /Users/aswin/Documents/data-engineering-practice/ETL_Airflow_DBT/airflow/dags/dbt_pipeline.py
[2026-04-01T07:37:58.566+0530] {processor.py:840} INFO - DAG(s) 'dbt_pipeline' retrieved from /Users/aswin/Documents/data-engineering-practice/ETL_Airflow_DBT/airflow/dags/dbt_pipeline.py
[2026-04-01T07:37:58.621+0530] {logging_mixin.py:188} INFO - [2026-04-01T07:37:58.621+0530] {dag.py:3096} INFO - Sync 1 DAGs
[2026-04-01T07:37:58.629+0530] {logging_mixin.py:188} INFO - [2026-04-01T07:37:58.629+0530] {dag.py:3954} INFO - Setting next_dagrun for dbt_pipeline to None, run_after=None
[2026-04-01T07:37:58.636+0530] {processor.py:183} INFO - Processing /Users/aswin/Documents/data-engineering-practice/ETL_Airflow_DBT/airflow/dags/dbt_pipeline.py took 0.078 seconds
[2026-04-01T07:38:29.851+0530] {processor.py:161} INFO - Started process (PID=81255) to work on /Users/aswin/Documents/data-engineering-practice/ETL_Airflow_DBT/airflow/dags/dbt_pipeline.py
[2026-04-01T07:38:29.853+0530] {processor.py:830} INFO - Processing file /Users/aswin/Documents/data-engineering-practice/ETL_Airflow_DBT/airflow/dags/dbt_pipeline.py for tasks to queue
[2026-04-01T07:38:29.853+0530] {logging_mixin.py:188} INFO - [2026-04-01T07:38:29.853+0530] {dagbag.py:540} INFO - Filling up the DagBag from /Users/aswin/Documents/data-engineering-practice/ETL_Airflow_DBT/airflow/dags/dbt_pipeline.py
[2026-04-01T07:38:29.858+0530] {processor.py:840} INFO - DAG(s) 'dbt_pipeline' retrieved from /Users/aswin/Documents/data-engineering-practice/ETL_Airflow_DBT/airflow/dags/dbt_pipeline.py
[2026-04-01T07:38:29.915+0530] {logging_mixin.py:188} INFO - [2026-04-01T07:38:29.915+0530] {dag.py:3096} INFO - Sync 1 DAGs
[2026-04-01T07:38:29.921+0530] {logging_mixin.py:188} INFO - [2026-04-01T07:38:29.921+0530] {dag.py:3954} INFO - Setting next_dagrun for dbt_pipeline to None, run_after=None
[2026-04-01T07:38:29.932+0530] {processor.py:183} INFO - Processing /Users/aswin/Documents/data-engineering-practice/ETL_Airflow_DBT/airflow/dags/dbt_pipeline.py took 0.082 seconds
[2026-04-01T07:39:00.833+0530] {processor.py:161} INFO - Started process (PID=81381) to work on /Users/aswin/Documents/data-engineering-practice/ETL_Airflow_DBT/airflow/dags/dbt_pipeline.py
[2026-04-01T07:39:00.834+0530] {processor.py:830} INFO - Processing file /Users/aswin/Documents/data-engineering-practice/ETL_Airflow_DBT/airflow/dags/dbt_pipeline.py for tasks to queue
[2026-04-01T07:39:00.835+0530] {logging_mixin.py:188} INFO - [2026-04-01T07:39:00.834+0530] {dagbag.py:540} INFO - Filling up the DagBag from /Users/aswin/Documents/data-engineering-practice/ETL_Airflow_DBT/airflow/dags/dbt_pipeline.py
[2026-04-01T07:39:00.840+0530] {processor.py:840} INFO - DAG(s) 'dbt_pipeline' retrieved from /Users/aswin/Documents/data-engineering-practice/ETL_Airflow_DBT/airflow/dags/dbt_pipeline.py
[2026-04-01T07:39:00.892+0530] {logging_mixin.py:188} INFO - [2026-04-01T07:39:00.892+0530] {dag.py:3096} INFO - Sync 1 DAGs
[2026-04-01T07:39:00.900+0530] {logging_mixin.py:188} INFO - [2026-04-01T07:39:00.900+0530] {dag.py:3954} INFO - Setting next_dagrun for dbt_pipeline to None, run_after=None
[2026-04-01T07:39:00.909+0530] {processor.py:183} INFO - Processing /Users/aswin/Documents/data-engineering-practice/ETL_Airflow_DBT/airflow/dags/dbt_pipeline.py took 0.079 seconds
[2026-04-01T07:39:32.135+0530] {processor.py:161} INFO - Started process (PID=81506) to work on /Users/aswin/Documents/data-engineering-practice/ETL_Airflow_DBT/airflow/dags/dbt_pipeline.py
[2026-04-01T07:39:32.136+0530] {processor.py:830} INFO - Processing file /Users/aswin/Documents/data-engineering-practice/ETL_Airflow_DBT/airflow/dags/dbt_pipeline.py for tasks to queue
[2026-04-01T07:39:32.136+0530] {logging_mixin.py:188} INFO - [2026-04-01T07:39:32.136+0530] {dagbag.py:540} INFO - Filling up the DagBag from /Users/aswin/Documents/data-engineering-practice/ETL_Airflow_DBT/airflow/dags/dbt_pipeline.py
[2026-04-01T07:39:32.140+0530] {processor.py:840} INFO - DAG(s) 'dbt_pipeline' retrieved from /Users/aswin/Documents/data-engineering-practice/ETL_Airflow_DBT/airflow/dags/dbt_pipeline.py
[2026-04-01T07:39:32.197+0530] {logging_mixin.py:188} INFO - [2026-04-01T07:39:32.197+0530] {dag.py:3096} INFO - Sync 1 DAGs
[2026-04-01T07:39:32.203+0530] {logging_mixin.py:188} INFO - [2026-04-01T07:39:32.203+0530] {dag.py:3954} INFO - Setting next_dagrun for dbt_pipeline to None, run_after=None
[2026-04-01T07:39:32.211+0530] {processor.py:183} INFO - Processing /Users/aswin/Documents/data-engineering-practice/ETL_Airflow_DBT/airflow/dags/dbt_pipeline.py took 0.078 seconds
[2026-04-01T07:40:03.234+0530] {processor.py:161} INFO - Started process (PID=81633) to work on /Users/aswin/Documents/data-engineering-practice/ETL_Airflow_DBT/airflow/dags/dbt_pipeline.py
[2026-04-01T07:40:03.235+0530] {processor.py:830} INFO - Processing file /Users/aswin/Documents/data-engineering-practice/ETL_Airflow_DBT/airflow/dags/dbt_pipeline.py for tasks to queue
[2026-04-01T07:40:03.235+0530] {logging_mixin.py:188} INFO - [2026-04-01T07:40:03.235+0530] {dagbag.py:540} INFO - Filling up the DagBag from /Users/aswin/Documents/data-engineering-practice/ETL_Airflow_DBT/airflow/dags/dbt_pipeline.py
[2026-04-01T07:40:03.239+0530] {processor.py:840} INFO - DAG(s) 'dbt_pipeline' retrieved from /Users/aswin/Documents/data-engineering-practice/ETL_Airflow_DBT/airflow/dags/dbt_pipeline.py
[2026-04-01T07:40:03.293+0530] {logging_mixin.py:188} INFO - [2026-04-01T07:40:03.293+0530] {dag.py:3096} INFO - Sync 1 DAGs
[2026-04-01T07:40:03.301+0530] {logging_mixin.py:188} INFO - [2026-04-01T07:40:03.301+0530] {dag.py:3954} INFO - Setting next_dagrun for dbt_pipeline to None, run_after=None
[2026-04-01T07:40:03.311+0530] {processor.py:183} INFO - Processing /Users/aswin/Documents/data-engineering-practice/ETL_Airflow_DBT/airflow/dags/dbt_pipeline.py took 0.077 seconds
[2026-04-01T07:40:34.571+0530] {processor.py:161} INFO - Started process (PID=81761) to work on /Users/aswin/Documents/data-engineering-practice/ETL_Airflow_DBT/airflow/dags/dbt_pipeline.py
[2026-04-01T07:40:34.572+0530] {processor.py:830} INFO - Processing file /Users/aswin/Documents/data-engineering-practice/ETL_Airflow_DBT/airflow/dags/dbt_pipeline.py for tasks to queue
[2026-04-01T07:40:34.572+0530] {logging_mixin.py:188} INFO - [2026-04-01T07:40:34.572+0530] {dagbag.py:540} INFO - Filling up the DagBag from /Users/aswin/Documents/data-engineering-practice/ETL_Airflow_DBT/airflow/dags/dbt_pipeline.py
[2026-04-01T07:40:34.578+0530] {processor.py:840} INFO - DAG(s) 'dbt_pipeline' retrieved from /Users/aswin/Documents/data-engineering-practice/ETL_Airflow_DBT/airflow/dags/dbt_pipeline.py
[2026-04-01T07:40:34.630+0530] {logging_mixin.py:188} INFO - [2026-04-01T07:40:34.630+0530] {dag.py:3096} INFO - Sync 1 DAGs
[2026-04-01T07:40:34.637+0530] {logging_mixin.py:188} INFO - [2026-04-01T07:40:34.636+0530] {dag.py:3954} INFO - Setting next_dagrun for dbt_pipeline to None, run_after=None
[2026-04-01T07:40:34.645+0530] {processor.py:183} INFO - Processing /Users/aswin/Documents/data-engineering-practice/ETL_Airflow_DBT/airflow/dags/dbt_pipeline.py took 0.075 seconds
[2026-04-01T07:41:05.729+0530] {processor.py:161} INFO - Started process (PID=81886) to work on /Users/aswin/Documents/data-engineering-practice/ETL_Airflow_DBT/airflow/dags/dbt_pipeline.py
[2026-04-01T07:41:05.730+0530] {processor.py:830} INFO - Processing file /Users/aswin/Documents/data-engineering-practice/ETL_Airflow_DBT/airflow/dags/dbt_pipeline.py for tasks to queue
[2026-04-01T07:41:05.730+0530] {logging_mixin.py:188} INFO - [2026-04-01T07:41:05.730+0530] {dagbag.py:540} INFO - Filling up the DagBag from /Users/aswin/Documents/data-engineering-practice/ETL_Airflow_DBT/airflow/dags/dbt_pipeline.py
[2026-04-01T07:41:05.735+0530] {processor.py:840} INFO - DAG(s) 'dbt_pipeline' retrieved from /Users/aswin/Documents/data-engineering-practice/ETL_Airflow_DBT/airflow/dags/dbt_pipeline.py
[2026-04-01T07:41:05.794+0530] {logging_mixin.py:188} INFO - [2026-04-01T07:41:05.794+0530] {dag.py:3096} INFO - Sync 1 DAGs
[2026-04-01T07:41:05.801+0530] {logging_mixin.py:188} INFO - [2026-04-01T07:41:05.801+0530] {dag.py:3954} INFO - Setting next_dagrun for dbt_pipeline to None, run_after=None
[2026-04-01T07:41:05.809+0530] {processor.py:183} INFO - Processing /Users/aswin/Documents/data-engineering-practice/ETL_Airflow_DBT/airflow/dags/dbt_pipeline.py took 0.082 seconds
[2026-04-01T07:41:36.858+0530] {processor.py:161} INFO - Started process (PID=82010) to work on /Users/aswin/Documents/data-engineering-practice/ETL_Airflow_DBT/airflow/dags/dbt_pipeline.py
[2026-04-01T07:41:36.860+0530] {processor.py:830} INFO - Processing file /Users/aswin/Documents/data-engineering-practice/ETL_Airflow_DBT/airflow/dags/dbt_pipeline.py for tasks to queue
[2026-04-01T07:41:36.860+0530] {logging_mixin.py:188} INFO - [2026-04-01T07:41:36.860+0530] {dagbag.py:540} INFO - Filling up the DagBag from /Users/aswin/Documents/data-engineering-practice/ETL_Airflow_DBT/airflow/dags/dbt_pipeline.py
[2026-04-01T07:41:36.864+0530] {processor.py:840} INFO - DAG(s) 'dbt_pipeline' retrieved from /Users/aswin/Documents/data-engineering-practice/ETL_Airflow_DBT/airflow/dags/dbt_pipeline.py
[2026-04-01T07:41:36.916+0530] {logging_mixin.py:188} INFO - [2026-04-01T07:41:36.916+0530] {dag.py:3096} INFO - Sync 1 DAGs
[2026-04-01T07:41:36.924+0530] {logging_mixin.py:188} INFO - [2026-04-01T07:41:36.924+0530] {dag.py:3954} INFO - Setting next_dagrun for dbt_pipeline to None, run_after=None
[2026-04-01T07:41:36.933+0530] {processor.py:183} INFO - Processing /Users/aswin/Documents/data-engineering-practice/ETL_Airflow_DBT/airflow/dags/dbt_pipeline.py took 0.076 seconds
[2026-04-01T07:42:08.027+0530] {processor.py:161} INFO - Started process (PID=82137) to work on /Users/aswin/Documents/data-engineering-practice/ETL_Airflow_DBT/airflow/dags/dbt_pipeline.py
[2026-04-01T07:42:08.029+0530] {processor.py:830} INFO - Processing file /Users/aswin/Documents/data-engineering-practice/ETL_Airflow_DBT/airflow/dags/dbt_pipeline.py for tasks to queue
[2026-04-01T07:42:08.029+0530] {logging_mixin.py:188} INFO - [2026-04-01T07:42:08.029+0530] {dagbag.py:540} INFO - Filling up the DagBag from /Users/aswin/Documents/data-engineering-practice/ETL_Airflow_DBT/airflow/dags/dbt_pipeline.py
[2026-04-01T07:42:08.032+0530] {processor.py:840} INFO - DAG(s) 'dbt_pipeline' retrieved from /Users/aswin/Documents/data-engineering-practice/ETL_Airflow_DBT/airflow/dags/dbt_pipeline.py
[2026-04-01T07:42:08.085+0530] {logging_mixin.py:188} INFO - [2026-04-01T07:42:08.085+0530] {dag.py:3096} INFO - Sync 1 DAGs
[2026-04-01T07:42:08.092+0530] {logging_mixin.py:188} INFO - [2026-04-01T07:42:08.092+0530] {dag.py:3954} INFO - Setting next_dagrun for dbt_pipeline to None, run_after=None
[2026-04-01T07:42:08.102+0530] {processor.py:183} INFO - Processing /Users/aswin/Documents/data-engineering-practice/ETL_Airflow_DBT/airflow/dags/dbt_pipeline.py took 0.076 seconds
[2026-04-01T07:42:39.489+0530] {processor.py:161} INFO - Started process (PID=82303) to work on /Users/aswin/Documents/data-engineering-practice/ETL_Airflow_DBT/airflow/dags/dbt_pipeline.py
[2026-04-01T07:42:39.490+0530] {processor.py:830} INFO - Processing file /Users/aswin/Documents/data-engineering-practice/ETL_Airflow_DBT/airflow/dags/dbt_pipeline.py for tasks to queue
[2026-04-01T07:42:39.491+0530] {logging_mixin.py:188} INFO - [2026-04-01T07:42:39.491+0530] {dagbag.py:540} INFO - Filling up the DagBag from /Users/aswin/Documents/data-engineering-practice/ETL_Airflow_DBT/airflow/dags/dbt_pipeline.py
[2026-04-01T07:42:39.496+0530] {processor.py:840} INFO - DAG(s) 'dbt_pipeline' retrieved from /Users/aswin/Documents/data-engineering-practice/ETL_Airflow_DBT/airflow/dags/dbt_pipeline.py
[2026-04-01T07:42:39.551+0530] {logging_mixin.py:188} INFO - [2026-04-01T07:42:39.551+0530] {dag.py:3096} INFO - Sync 1 DAGs
[2026-04-01T07:42:39.557+0530] {logging_mixin.py:188} INFO - [2026-04-01T07:42:39.557+0530] {dag.py:3954} INFO - Setting next_dagrun for dbt_pipeline to None, run_after=None
[2026-04-01T07:42:39.565+0530] {processor.py:183} INFO - Processing /Users/aswin/Documents/data-engineering-practice/ETL_Airflow_DBT/airflow/dags/dbt_pipeline.py took 0.077 seconds
[2026-04-01T07:43:10.417+0530] {processor.py:161} INFO - Started process (PID=82437) to work on /Users/aswin/Documents/data-engineering-practice/ETL_Airflow_DBT/airflow/dags/dbt_pipeline.py
[2026-04-01T07:43:10.418+0530] {processor.py:830} INFO - Processing file /Users/aswin/Documents/data-engineering-practice/ETL_Airflow_DBT/airflow/dags/dbt_pipeline.py for tasks to queue
[2026-04-01T07:43:10.418+0530] {logging_mixin.py:188} INFO - [2026-04-01T07:43:10.418+0530] {dagbag.py:540} INFO - Filling up the DagBag from /Users/aswin/Documents/data-engineering-practice/ETL_Airflow_DBT/airflow/dags/dbt_pipeline.py
[2026-04-01T07:43:10.422+0530] {processor.py:840} INFO - DAG(s) 'dbt_pipeline' retrieved from /Users/aswin/Documents/data-engineering-practice/ETL_Airflow_DBT/airflow/dags/dbt_pipeline.py
[2026-04-01T07:43:10.476+0530] {logging_mixin.py:188} INFO - [2026-04-01T07:43:10.475+0530] {dag.py:3096} INFO - Sync 1 DAGs
[2026-04-01T07:43:10.483+0530] {logging_mixin.py:188} INFO - [2026-04-01T07:43:10.483+0530] {dag.py:3954} INFO - Setting next_dagrun for dbt_pipeline to None, run_after=None
[2026-04-01T07:43:10.493+0530] {processor.py:183} INFO - Processing /Users/aswin/Documents/data-engineering-practice/ETL_Airflow_DBT/airflow/dags/dbt_pipeline.py took 0.077 seconds
[2026-04-01T07:43:41.658+0530] {processor.py:161} INFO - Started process (PID=82566) to work on /Users/aswin/Documents/data-engineering-practice/ETL_Airflow_DBT/airflow/dags/dbt_pipeline.py
[2026-04-01T07:43:41.658+0530] {processor.py:830} INFO - Processing file /Users/aswin/Documents/data-engineering-practice/ETL_Airflow_DBT/airflow/dags/dbt_pipeline.py for tasks to queue
[2026-04-01T07:43:41.659+0530] {logging_mixin.py:188} INFO - [2026-04-01T07:43:41.659+0530] {dagbag.py:540} INFO - Filling up the DagBag from /Users/aswin/Documents/data-engineering-practice/ETL_Airflow_DBT/airflow/dags/dbt_pipeline.py
[2026-04-01T07:43:41.662+0530] {processor.py:840} INFO - DAG(s) 'dbt_pipeline' retrieved from /Users/aswin/Documents/data-engineering-practice/ETL_Airflow_DBT/airflow/dags/dbt_pipeline.py
[2026-04-01T07:43:41.717+0530] {logging_mixin.py:188} INFO - [2026-04-01T07:43:41.717+0530] {dag.py:3096} INFO - Sync 1 DAGs
[2026-04-01T07:43:41.726+0530] {logging_mixin.py:188} INFO - [2026-04-01T07:43:41.725+0530] {dag.py:3954} INFO - Setting next_dagrun for dbt_pipeline to None, run_after=None
[2026-04-01T07:43:41.735+0530] {processor.py:183} INFO - Processing /Users/aswin/Documents/data-engineering-practice/ETL_Airflow_DBT/airflow/dags/dbt_pipeline.py took 0.079 seconds
[2026-04-01T07:44:12.589+0530] {processor.py:161} INFO - Started process (PID=82704) to work on /Users/aswin/Documents/data-engineering-practice/ETL_Airflow_DBT/airflow/dags/dbt_pipeline.py
[2026-04-01T07:44:12.590+0530] {processor.py:830} INFO - Processing file /Users/aswin/Documents/data-engineering-practice/ETL_Airflow_DBT/airflow/dags/dbt_pipeline.py for tasks to queue
[2026-04-01T07:44:12.590+0530] {logging_mixin.py:188} INFO - [2026-04-01T07:44:12.590+0530] {dagbag.py:540} INFO - Filling up the DagBag from /Users/aswin/Documents/data-engineering-practice/ETL_Airflow_DBT/airflow/dags/dbt_pipeline.py
[2026-04-01T07:44:12.595+0530] {processor.py:840} INFO - DAG(s) 'dbt_pipeline' retrieved from /Users/aswin/Documents/data-engineering-practice/ETL_Airflow_DBT/airflow/dags/dbt_pipeline.py
[2026-04-01T07:44:12.652+0530] {logging_mixin.py:188} INFO - [2026-04-01T07:44:12.652+0530] {dag.py:3096} INFO - Sync 1 DAGs
[2026-04-01T07:44:12.660+0530] {logging_mixin.py:188} INFO - [2026-04-01T07:44:12.660+0530] {dag.py:3954} INFO - Setting next_dagrun for dbt_pipeline to None, run_after=None
[2026-04-01T07:44:12.668+0530] {processor.py:183} INFO - Processing /Users/aswin/Documents/data-engineering-practice/ETL_Airflow_DBT/airflow/dags/dbt_pipeline.py took 0.081 seconds
[2026-04-01T07:44:43.536+0530] {processor.py:161} INFO - Started process (PID=82831) to work on /Users/aswin/Documents/data-engineering-practice/ETL_Airflow_DBT/airflow/dags/dbt_pipeline.py
[2026-04-01T07:44:43.538+0530] {processor.py:830} INFO - Processing file /Users/aswin/Documents/data-engineering-practice/ETL_Airflow_DBT/airflow/dags/dbt_pipeline.py for tasks to queue
[2026-04-01T07:44:43.538+0530] {logging_mixin.py:188} INFO - [2026-04-01T07:44:43.538+0530] {dagbag.py:540} INFO - Filling up the DagBag from /Users/aswin/Documents/data-engineering-practice/ETL_Airflow_DBT/airflow/dags/dbt_pipeline.py
[2026-04-01T07:44:43.543+0530] {processor.py:840} INFO - DAG(s) 'dbt_pipeline' retrieved from /Users/aswin/Documents/data-engineering-practice/ETL_Airflow_DBT/airflow/dags/dbt_pipeline.py
[2026-04-01T07:44:43.599+0530] {logging_mixin.py:188} INFO - [2026-04-01T07:44:43.598+0530] {dag.py:3096} INFO - Sync 1 DAGs
[2026-04-01T07:44:43.605+0530] {logging_mixin.py:188} INFO - [2026-04-01T07:44:43.605+0530] {dag.py:3954} INFO - Setting next_dagrun for dbt_pipeline to None, run_after=None
[2026-04-01T07:44:43.627+0530] {processor.py:183} INFO - Processing /Users/aswin/Documents/data-engineering-practice/ETL_Airflow_DBT/airflow/dags/dbt_pipeline.py took 0.092 seconds
[2026-04-01T07:45:14.554+0530] {processor.py:161} INFO - Started process (PID=82959) to work on /Users/aswin/Documents/data-engineering-practice/ETL_Airflow_DBT/airflow/dags/dbt_pipeline.py
[2026-04-01T07:45:14.555+0530] {processor.py:830} INFO - Processing file /Users/aswin/Documents/data-engineering-practice/ETL_Airflow_DBT/airflow/dags/dbt_pipeline.py for tasks to queue
[2026-04-01T07:45:14.556+0530] {logging_mixin.py:188} INFO - [2026-04-01T07:45:14.555+0530] {dagbag.py:540} INFO - Filling up the DagBag from /Users/aswin/Documents/data-engineering-practice/ETL_Airflow_DBT/airflow/dags/dbt_pipeline.py
[2026-04-01T07:45:14.560+0530] {processor.py:840} INFO - DAG(s) 'dbt_pipeline' retrieved from /Users/aswin/Documents/data-engineering-practice/ETL_Airflow_DBT/airflow/dags/dbt_pipeline.py
[2026-04-01T07:45:14.616+0530] {logging_mixin.py:188} INFO - [2026-04-01T07:45:14.616+0530] {dag.py:3096} INFO - Sync 1 DAGs
[2026-04-01T07:45:14.624+0530] {logging_mixin.py:188} INFO - [2026-04-01T07:45:14.624+0530] {dag.py:3954} INFO - Setting next_dagrun for dbt_pipeline to None, run_after=None
[2026-04-01T07:45:14.639+0530] {processor.py:183} INFO - Processing /Users/aswin/Documents/data-engineering-practice/ETL_Airflow_DBT/airflow/dags/dbt_pipeline.py took 0.089 seconds
[2026-04-01T07:45:45.634+0530] {processor.py:161} INFO - Started process (PID=83096) to work on /Users/aswin/Documents/data-engineering-practice/ETL_Airflow_DBT/airflow/dags/dbt_pipeline.py
[2026-04-01T07:45:45.635+0530] {processor.py:830} INFO - Processing file /Users/aswin/Documents/data-engineering-practice/ETL_Airflow_DBT/airflow/dags/dbt_pipeline.py for tasks to queue
[2026-04-01T07:45:45.635+0530] {logging_mixin.py:188} INFO - [2026-04-01T07:45:45.635+0530] {dagbag.py:540} INFO - Filling up the DagBag from /Users/aswin/Documents/data-engineering-practice/ETL_Airflow_DBT/airflow/dags/dbt_pipeline.py
[2026-04-01T07:45:45.639+0530] {processor.py:840} INFO - DAG(s) 'dbt_pipeline' retrieved from /Users/aswin/Documents/data-engineering-practice/ETL_Airflow_DBT/airflow/dags/dbt_pipeline.py
[2026-04-01T07:45:45.699+0530] {logging_mixin.py:188} INFO - [2026-04-01T07:45:45.699+0530] {dag.py:3096} INFO - Sync 1 DAGs
[2026-04-01T07:45:45.706+0530] {logging_mixin.py:188} INFO - [2026-04-01T07:45:45.706+0530] {dag.py:3954} INFO - Setting next_dagrun for dbt_pipeline to None, run_after=None
[2026-04-01T07:45:45.716+0530] {processor.py:183} INFO - Processing /Users/aswin/Documents/data-engineering-practice/ETL_Airflow_DBT/airflow/dags/dbt_pipeline.py took 0.082 seconds
[2026-04-01T07:46:17.079+0530] {processor.py:161} INFO - Started process (PID=83222) to work on /Users/aswin/Documents/data-engineering-practice/ETL_Airflow_DBT/airflow/dags/dbt_pipeline.py
[2026-04-01T07:46:17.080+0530] {processor.py:830} INFO - Processing file /Users/aswin/Documents/data-engineering-practice/ETL_Airflow_DBT/airflow/dags/dbt_pipeline.py for tasks to queue
[2026-04-01T07:46:17.080+0530] {logging_mixin.py:188} INFO - [2026-04-01T07:46:17.080+0530] {dagbag.py:540} INFO - Filling up the DagBag from /Users/aswin/Documents/data-engineering-practice/ETL_Airflow_DBT/airflow/dags/dbt_pipeline.py
[2026-04-01T07:46:17.084+0530] {processor.py:840} INFO - DAG(s) 'dbt_pipeline' retrieved from /Users/aswin/Documents/data-engineering-practice/ETL_Airflow_DBT/airflow/dags/dbt_pipeline.py
[2026-04-01T07:46:17.143+0530] {logging_mixin.py:188} INFO - [2026-04-01T07:46:17.143+0530] {dag.py:3096} INFO - Sync 1 DAGs
[2026-04-01T07:46:17.150+0530] {logging_mixin.py:188} INFO - [2026-04-01T07:46:17.150+0530] {dag.py:3954} INFO - Setting next_dagrun for dbt_pipeline to None, run_after=None
[2026-04-01T07:46:17.164+0530] {processor.py:183} INFO - Processing /Users/aswin/Documents/data-engineering-practice/ETL_Airflow_DBT/airflow/dags/dbt_pipeline.py took 0.087 seconds
[2026-04-01T07:46:48.672+0530] {processor.py:161} INFO - Started process (PID=83351) to work on /Users/aswin/Documents/data-engineering-practice/ETL_Airflow_DBT/airflow/dags/dbt_pipeline.py
[2026-04-01T07:46:48.673+0530] {processor.py:830} INFO - Processing file /Users/aswin/Documents/data-engineering-practice/ETL_Airflow_DBT/airflow/dags/dbt_pipeline.py for tasks to queue
[2026-04-01T07:46:48.673+0530] {logging_mixin.py:188} INFO - [2026-04-01T07:46:48.673+0530] {dagbag.py:540} INFO - Filling up the DagBag from /Users/aswin/Documents/data-engineering-practice/ETL_Airflow_DBT/airflow/dags/dbt_pipeline.py
[2026-04-01T07:46:48.678+0530] {processor.py:840} INFO - DAG(s) 'dbt_pipeline' retrieved from /Users/aswin/Documents/data-engineering-practice/ETL_Airflow_DBT/airflow/dags/dbt_pipeline.py
[2026-04-01T07:46:48.737+0530] {logging_mixin.py:188} INFO - [2026-04-01T07:46:48.737+0530] {dag.py:3096} INFO - Sync 1 DAGs
[2026-04-01T07:46:48.743+0530] {logging_mixin.py:188} INFO - [2026-04-01T07:46:48.743+0530] {dag.py:3954} INFO - Setting next_dagrun for dbt_pipeline to None, run_after=None
[2026-04-01T07:46:48.753+0530] {processor.py:183} INFO - Processing /Users/aswin/Documents/data-engineering-practice/ETL_Airflow_DBT/airflow/dags/dbt_pipeline.py took 0.083 seconds
[2026-04-01T07:47:19.862+0530] {processor.py:161} INFO - Started process (PID=83490) to work on /Users/aswin/Documents/data-engineering-practice/ETL_Airflow_DBT/airflow/dags/dbt_pipeline.py
[2026-04-01T07:47:19.862+0530] {processor.py:830} INFO - Processing file /Users/aswin/Documents/data-engineering-practice/ETL_Airflow_DBT/airflow/dags/dbt_pipeline.py for tasks to queue
[2026-04-01T07:47:19.862+0530] {logging_mixin.py:188} INFO - [2026-04-01T07:47:19.862+0530] {dagbag.py:540} INFO - Filling up the DagBag from /Users/aswin/Documents/data-engineering-practice/ETL_Airflow_DBT/airflow/dags/dbt_pipeline.py
[2026-04-01T07:47:19.866+0530] {processor.py:840} INFO - DAG(s) 'dbt_pipeline' retrieved from /Users/aswin/Documents/data-engineering-practice/ETL_Airflow_DBT/airflow/dags/dbt_pipeline.py
[2026-04-01T07:47:19.922+0530] {logging_mixin.py:188} INFO - [2026-04-01T07:47:19.921+0530] {dag.py:3096} INFO - Sync 1 DAGs
[2026-04-01T07:47:19.940+0530] {logging_mixin.py:188} INFO - [2026-04-01T07:47:19.940+0530] {dag.py:3954} INFO - Setting next_dagrun for dbt_pipeline to None, run_after=None
[2026-04-01T07:47:19.949+0530] {processor.py:183} INFO - Processing /Users/aswin/Documents/data-engineering-practice/ETL_Airflow_DBT/airflow/dags/dbt_pipeline.py took 0.088 seconds
[2026-04-01T07:47:51.043+0530] {processor.py:161} INFO - Started process (PID=83640) to work on /Users/aswin/Documents/data-engineering-practice/ETL_Airflow_DBT/airflow/dags/dbt_pipeline.py
[2026-04-01T07:47:51.043+0530] {processor.py:830} INFO - Processing file /Users/aswin/Documents/data-engineering-practice/ETL_Airflow_DBT/airflow/dags/dbt_pipeline.py for tasks to queue
[2026-04-01T07:47:51.044+0530] {logging_mixin.py:188} INFO - [2026-04-01T07:47:51.043+0530] {dagbag.py:540} INFO - Filling up the DagBag from /Users/aswin/Documents/data-engineering-practice/ETL_Airflow_DBT/airflow/dags/dbt_pipeline.py
[2026-04-01T07:47:51.047+0530] {processor.py:840} INFO - DAG(s) 'dbt_pipeline' retrieved from /Users/aswin/Documents/data-engineering-practice/ETL_Airflow_DBT/airflow/dags/dbt_pipeline.py
[2026-04-01T07:47:51.105+0530] {logging_mixin.py:188} INFO - [2026-04-01T07:47:51.105+0530] {dag.py:3096} INFO - Sync 1 DAGs
[2026-04-01T07:47:51.111+0530] {logging_mixin.py:188} INFO - [2026-04-01T07:47:51.111+0530] {dag.py:3954} INFO - Setting next_dagrun for dbt_pipeline to None, run_after=None
[2026-04-01T07:47:51.119+0530] {processor.py:183} INFO - Processing /Users/aswin/Documents/data-engineering-practice/ETL_Airflow_DBT/airflow/dags/dbt_pipeline.py took 0.077 seconds
[2026-04-01T07:48:22.097+0530] {processor.py:161} INFO - Started process (PID=83767) to work on /Users/aswin/Documents/data-engineering-practice/ETL_Airflow_DBT/airflow/dags/dbt_pipeline.py
[2026-04-01T07:48:22.098+0530] {processor.py:830} INFO - Processing file /Users/aswin/Documents/data-engineering-practice/ETL_Airflow_DBT/airflow/dags/dbt_pipeline.py for tasks to queue
[2026-04-01T07:48:22.098+0530] {logging_mixin.py:188} INFO - [2026-04-01T07:48:22.098+0530] {dagbag.py:540} INFO - Filling up the DagBag from /Users/aswin/Documents/data-engineering-practice/ETL_Airflow_DBT/airflow/dags/dbt_pipeline.py
[2026-04-01T07:48:22.103+0530] {processor.py:840} INFO - DAG(s) 'dbt_pipeline' retrieved from /Users/aswin/Documents/data-engineering-practice/ETL_Airflow_DBT/airflow/dags/dbt_pipeline.py
[2026-04-01T07:48:22.159+0530] {logging_mixin.py:188} INFO - [2026-04-01T07:48:22.159+0530] {dag.py:3096} INFO - Sync 1 DAGs
[2026-04-01T07:48:22.165+0530] {logging_mixin.py:188} INFO - [2026-04-01T07:48:22.165+0530] {dag.py:3954} INFO - Setting next_dagrun for dbt_pipeline to None, run_after=None
[2026-04-01T07:48:22.174+0530] {processor.py:183} INFO - Processing /Users/aswin/Documents/data-engineering-practice/ETL_Airflow_DBT/airflow/dags/dbt_pipeline.py took 0.078 seconds
[2026-04-01T07:48:53.159+0530] {processor.py:161} INFO - Started process (PID=83894) to work on /Users/aswin/Documents/data-engineering-practice/ETL_Airflow_DBT/airflow/dags/dbt_pipeline.py
[2026-04-01T07:48:53.159+0530] {processor.py:830} INFO - Processing file /Users/aswin/Documents/data-engineering-practice/ETL_Airflow_DBT/airflow/dags/dbt_pipeline.py for tasks to queue
[2026-04-01T07:48:53.159+0530] {logging_mixin.py:188} INFO - [2026-04-01T07:48:53.159+0530] {dagbag.py:540} INFO - Filling up the DagBag from /Users/aswin/Documents/data-engineering-practice/ETL_Airflow_DBT/airflow/dags/dbt_pipeline.py
[2026-04-01T07:48:53.163+0530] {processor.py:840} INFO - DAG(s) 'dbt_pipeline' retrieved from /Users/aswin/Documents/data-engineering-practice/ETL_Airflow_DBT/airflow/dags/dbt_pipeline.py
[2026-04-01T07:48:53.222+0530] {logging_mixin.py:188} INFO - [2026-04-01T07:48:53.222+0530] {dag.py:3096} INFO - Sync 1 DAGs
[2026-04-01T07:48:53.228+0530] {logging_mixin.py:188} INFO - [2026-04-01T07:48:53.228+0530] {dag.py:3954} INFO - Setting next_dagrun for dbt_pipeline to None, run_after=None
[2026-04-01T07:48:53.235+0530] {processor.py:183} INFO - Processing /Users/aswin/Documents/data-engineering-practice/ETL_Airflow_DBT/airflow/dags/dbt_pipeline.py took 0.078 seconds
[2026-04-01T07:49:24.360+0530] {processor.py:161} INFO - Started process (PID=84022) to work on /Users/aswin/Documents/data-engineering-practice/ETL_Airflow_DBT/airflow/dags/dbt_pipeline.py
[2026-04-01T07:49:24.361+0530] {processor.py:830} INFO - Processing file /Users/aswin/Documents/data-engineering-practice/ETL_Airflow_DBT/airflow/dags/dbt_pipeline.py for tasks to queue
[2026-04-01T07:49:24.361+0530] {logging_mixin.py:188} INFO - [2026-04-01T07:49:24.361+0530] {dagbag.py:540} INFO - Filling up the DagBag from /Users/aswin/Documents/data-engineering-practice/ETL_Airflow_DBT/airflow/dags/dbt_pipeline.py
[2026-04-01T07:49:24.365+0530] {processor.py:840} INFO - DAG(s) 'dbt_pipeline' retrieved from /Users/aswin/Documents/data-engineering-practice/ETL_Airflow_DBT/airflow/dags/dbt_pipeline.py
[2026-04-01T07:49:24.419+0530] {logging_mixin.py:188} INFO - [2026-04-01T07:49:24.419+0530] {dag.py:3096} INFO - Sync 1 DAGs
[2026-04-01T07:49:24.427+0530] {logging_mixin.py:188} INFO - [2026-04-01T07:49:24.426+0530] {dag.py:3954} INFO - Setting next_dagrun for dbt_pipeline to None, run_after=None
[2026-04-01T07:49:24.436+0530] {processor.py:183} INFO - Processing /Users/aswin/Documents/data-engineering-practice/ETL_Airflow_DBT/airflow/dags/dbt_pipeline.py took 0.077 seconds
[2026-04-01T07:49:55.411+0530] {processor.py:161} INFO - Started process (PID=84146) to work on /Users/aswin/Documents/data-engineering-practice/ETL_Airflow_DBT/airflow/dags/dbt_pipeline.py
[2026-04-01T07:49:55.411+0530] {processor.py:830} INFO - Processing file /Users/aswin/Documents/data-engineering-practice/ETL_Airflow_DBT/airflow/dags/dbt_pipeline.py for tasks to queue
[2026-04-01T07:49:55.412+0530] {logging_mixin.py:188} INFO - [2026-04-01T07:49:55.412+0530] {dagbag.py:540} INFO - Filling up the DagBag from /Users/aswin/Documents/data-engineering-practice/ETL_Airflow_DBT/airflow/dags/dbt_pipeline.py
[2026-04-01T07:49:55.415+0530] {processor.py:840} INFO - DAG(s) 'dbt_pipeline' retrieved from /Users/aswin/Documents/data-engineering-practice/ETL_Airflow_DBT/airflow/dags/dbt_pipeline.py
[2026-04-01T07:49:55.473+0530] {logging_mixin.py:188} INFO - [2026-04-01T07:49:55.473+0530] {dag.py:3096} INFO - Sync 1 DAGs
[2026-04-01T07:49:55.479+0530] {logging_mixin.py:188} INFO - [2026-04-01T07:49:55.479+0530] {dag.py:3954} INFO - Setting next_dagrun for dbt_pipeline to None, run_after=None
[2026-04-01T07:49:55.491+0530] {processor.py:183} INFO - Processing /Users/aswin/Documents/data-engineering-practice/ETL_Airflow_DBT/airflow/dags/dbt_pipeline.py took 0.082 seconds
[2026-04-01T07:50:26.310+0530] {processor.py:161} INFO - Started process (PID=84274) to work on /Users/aswin/Documents/data-engineering-practice/ETL_Airflow_DBT/airflow/dags/dbt_pipeline.py
[2026-04-01T07:50:26.310+0530] {processor.py:830} INFO - Processing file /Users/aswin/Documents/data-engineering-practice/ETL_Airflow_DBT/airflow/dags/dbt_pipeline.py for tasks to queue
[2026-04-01T07:50:26.311+0530] {logging_mixin.py:188} INFO - [2026-04-01T07:50:26.311+0530] {dagbag.py:540} INFO - Filling up the DagBag from /Users/aswin/Documents/data-engineering-practice/ETL_Airflow_DBT/airflow/dags/dbt_pipeline.py
[2026-04-01T07:50:26.314+0530] {processor.py:840} INFO - DAG(s) 'dbt_pipeline' retrieved from /Users/aswin/Documents/data-engineering-practice/ETL_Airflow_DBT/airflow/dags/dbt_pipeline.py
[2026-04-01T07:50:26.366+0530] {logging_mixin.py:188} INFO - [2026-04-01T07:50:26.366+0530] {dag.py:3096} INFO - Sync 1 DAGs
[2026-04-01T07:50:26.372+0530] {logging_mixin.py:188} INFO - [2026-04-01T07:50:26.372+0530] {dag.py:3954} INFO - Setting next_dagrun for dbt_pipeline to None, run_after=None
[2026-04-01T07:50:26.382+0530] {processor.py:183} INFO - Processing /Users/aswin/Documents/data-engineering-practice/ETL_Airflow_DBT/airflow/dags/dbt_pipeline.py took 0.073 seconds
[2026-04-01T07:50:57.423+0530] {processor.py:161} INFO - Started process (PID=84403) to work on /Users/aswin/Documents/data-engineering-practice/ETL_Airflow_DBT/airflow/dags/dbt_pipeline.py
[2026-04-01T07:50:57.424+0530] {processor.py:830} INFO - Processing file /Users/aswin/Documents/data-engineering-practice/ETL_Airflow_DBT/airflow/dags/dbt_pipeline.py for tasks to queue
[2026-04-01T07:50:57.424+0530] {logging_mixin.py:188} INFO - [2026-04-01T07:50:57.424+0530] {dagbag.py:540} INFO - Filling up the DagBag from /Users/aswin/Documents/data-engineering-practice/ETL_Airflow_DBT/airflow/dags/dbt_pipeline.py
[2026-04-01T07:50:57.428+0530] {processor.py:840} INFO - DAG(s) 'dbt_pipeline' retrieved from /Users/aswin/Documents/data-engineering-practice/ETL_Airflow_DBT/airflow/dags/dbt_pipeline.py
[2026-04-01T07:50:57.485+0530] {logging_mixin.py:188} INFO - [2026-04-01T07:50:57.485+0530] {dag.py:3096} INFO - Sync 1 DAGs
[2026-04-01T07:50:57.491+0530] {logging_mixin.py:188} INFO - [2026-04-01T07:50:57.491+0530] {dag.py:3954} INFO - Setting next_dagrun for dbt_pipeline to None, run_after=None
[2026-04-01T07:50:57.500+0530] {processor.py:183} INFO - Processing /Users/aswin/Documents/data-engineering-practice/ETL_Airflow_DBT/airflow/dags/dbt_pipeline.py took 0.078 seconds
[2026-04-01T07:51:28.442+0530] {processor.py:161} INFO - Started process (PID=84529) to work on /Users/aswin/Documents/data-engineering-practice/ETL_Airflow_DBT/airflow/dags/dbt_pipeline.py
[2026-04-01T07:51:28.443+0530] {processor.py:830} INFO - Processing file /Users/aswin/Documents/data-engineering-practice/ETL_Airflow_DBT/airflow/dags/dbt_pipeline.py for tasks to queue
[2026-04-01T07:51:28.443+0530] {logging_mixin.py:188} INFO - [2026-04-01T07:51:28.443+0530] {dagbag.py:540} INFO - Filling up the DagBag from /Users/aswin/Documents/data-engineering-practice/ETL_Airflow_DBT/airflow/dags/dbt_pipeline.py
[2026-04-01T07:51:28.446+0530] {processor.py:840} INFO - DAG(s) 'dbt_pipeline' retrieved from /Users/aswin/Documents/data-engineering-practice/ETL_Airflow_DBT/airflow/dags/dbt_pipeline.py
[2026-04-01T07:51:28.498+0530] {logging_mixin.py:188} INFO - [2026-04-01T07:51:28.497+0530] {dag.py:3096} INFO - Sync 1 DAGs
[2026-04-01T07:51:28.504+0530] {logging_mixin.py:188} INFO - [2026-04-01T07:51:28.503+0530] {dag.py:3954} INFO - Setting next_dagrun for dbt_pipeline to None, run_after=None
[2026-04-01T07:51:28.512+0530] {processor.py:183} INFO - Processing /Users/aswin/Documents/data-engineering-practice/ETL_Airflow_DBT/airflow/dags/dbt_pipeline.py took 0.071 seconds
[2026-04-01T07:51:59.419+0530] {processor.py:161} INFO - Started process (PID=84655) to work on /Users/aswin/Documents/data-engineering-practice/ETL_Airflow_DBT/airflow/dags/dbt_pipeline.py
[2026-04-01T07:51:59.419+0530] {processor.py:830} INFO - Processing file /Users/aswin/Documents/data-engineering-practice/ETL_Airflow_DBT/airflow/dags/dbt_pipeline.py for tasks to queue
[2026-04-01T07:51:59.420+0530] {logging_mixin.py:188} INFO - [2026-04-01T07:51:59.420+0530] {dagbag.py:540} INFO - Filling up the DagBag from /Users/aswin/Documents/data-engineering-practice/ETL_Airflow_DBT/airflow/dags/dbt_pipeline.py
[2026-04-01T07:51:59.423+0530] {processor.py:840} INFO - DAG(s) 'dbt_pipeline' retrieved from /Users/aswin/Documents/data-engineering-practice/ETL_Airflow_DBT/airflow/dags/dbt_pipeline.py
[2026-04-01T07:51:59.477+0530] {logging_mixin.py:188} INFO - [2026-04-01T07:51:59.477+0530] {dag.py:3096} INFO - Sync 1 DAGs
[2026-04-01T07:51:59.484+0530] {logging_mixin.py:188} INFO - [2026-04-01T07:51:59.484+0530] {dag.py:3954} INFO - Setting next_dagrun for dbt_pipeline to None, run_after=None
[2026-04-01T07:51:59.494+0530] {processor.py:183} INFO - Processing /Users/aswin/Documents/data-engineering-practice/ETL_Airflow_DBT/airflow/dags/dbt_pipeline.py took 0.077 seconds
[2026-04-01T07:52:30.578+0530] {processor.py:161} INFO - Started process (PID=84780) to work on /Users/aswin/Documents/data-engineering-practice/ETL_Airflow_DBT/airflow/dags/dbt_pipeline.py
[2026-04-01T07:52:30.579+0530] {processor.py:830} INFO - Processing file /Users/aswin/Documents/data-engineering-practice/ETL_Airflow_DBT/airflow/dags/dbt_pipeline.py for tasks to queue
[2026-04-01T07:52:30.579+0530] {logging_mixin.py:188} INFO - [2026-04-01T07:52:30.579+0530] {dagbag.py:540} INFO - Filling up the DagBag from /Users/aswin/Documents/data-engineering-practice/ETL_Airflow_DBT/airflow/dags/dbt_pipeline.py
[2026-04-01T07:52:30.583+0530] {processor.py:840} INFO - DAG(s) 'dbt_pipeline' retrieved from /Users/aswin/Documents/data-engineering-practice/ETL_Airflow_DBT/airflow/dags/dbt_pipeline.py
[2026-04-01T07:52:30.638+0530] {logging_mixin.py:188} INFO - [2026-04-01T07:52:30.638+0530] {dag.py:3096} INFO - Sync 1 DAGs
[2026-04-01T07:52:30.644+0530] {logging_mixin.py:188} INFO - [2026-04-01T07:52:30.644+0530] {dag.py:3954} INFO - Setting next_dagrun for dbt_pipeline to None, run_after=None
[2026-04-01T07:52:30.652+0530] {processor.py:183} INFO - Processing /Users/aswin/Documents/data-engineering-practice/ETL_Airflow_DBT/airflow/dags/dbt_pipeline.py took 0.074 seconds
[2026-04-01T07:53:01.625+0530] {processor.py:161} INFO - Started process (PID=84933) to work on /Users/aswin/Documents/data-engineering-practice/ETL_Airflow_DBT/airflow/dags/dbt_pipeline.py
[2026-04-01T07:53:01.626+0530] {processor.py:830} INFO - Processing file /Users/aswin/Documents/data-engineering-practice/ETL_Airflow_DBT/airflow/dags/dbt_pipeline.py for tasks to queue
[2026-04-01T07:53:01.626+0530] {logging_mixin.py:188} INFO - [2026-04-01T07:53:01.626+0530] {dagbag.py:540} INFO - Filling up the DagBag from /Users/aswin/Documents/data-engineering-practice/ETL_Airflow_DBT/airflow/dags/dbt_pipeline.py
[2026-04-01T07:53:01.629+0530] {processor.py:840} INFO - DAG(s) 'dbt_pipeline' retrieved from /Users/aswin/Documents/data-engineering-practice/ETL_Airflow_DBT/airflow/dags/dbt_pipeline.py
[2026-04-01T07:53:01.686+0530] {logging_mixin.py:188} INFO - [2026-04-01T07:53:01.686+0530] {dag.py:3096} INFO - Sync 1 DAGs
[2026-04-01T07:53:01.692+0530] {logging_mixin.py:188} INFO - [2026-04-01T07:53:01.692+0530] {dag.py:3954} INFO - Setting next_dagrun for dbt_pipeline to None, run_after=None
[2026-04-01T07:53:01.702+0530] {processor.py:183} INFO - Processing /Users/aswin/Documents/data-engineering-practice/ETL_Airflow_DBT/airflow/dags/dbt_pipeline.py took 0.078 seconds
[2026-04-01T07:53:32.886+0530] {processor.py:161} INFO - Started process (PID=85061) to work on /Users/aswin/Documents/data-engineering-practice/ETL_Airflow_DBT/airflow/dags/dbt_pipeline.py
[2026-04-01T07:53:32.887+0530] {processor.py:830} INFO - Processing file /Users/aswin/Documents/data-engineering-practice/ETL_Airflow_DBT/airflow/dags/dbt_pipeline.py for tasks to queue
[2026-04-01T07:53:32.887+0530] {logging_mixin.py:188} INFO - [2026-04-01T07:53:32.887+0530] {dagbag.py:540} INFO - Filling up the DagBag from /Users/aswin/Documents/data-engineering-practice/ETL_Airflow_DBT/airflow/dags/dbt_pipeline.py
[2026-04-01T07:53:32.890+0530] {processor.py:840} INFO - DAG(s) 'dbt_pipeline' retrieved from /Users/aswin/Documents/data-engineering-practice/ETL_Airflow_DBT/airflow/dags/dbt_pipeline.py
[2026-04-01T07:53:32.945+0530] {logging_mixin.py:188} INFO - [2026-04-01T07:53:32.945+0530] {dag.py:3096} INFO - Sync 1 DAGs
[2026-04-01T07:53:32.951+0530] {logging_mixin.py:188} INFO - [2026-04-01T07:53:32.950+0530] {dag.py:3954} INFO - Setting next_dagrun for dbt_pipeline to None, run_after=None
[2026-04-01T07:53:32.959+0530] {processor.py:183} INFO - Processing /Users/aswin/Documents/data-engineering-practice/ETL_Airflow_DBT/airflow/dags/dbt_pipeline.py took 0.074 seconds
[2026-04-01T07:54:03.963+0530] {processor.py:161} INFO - Started process (PID=85197) to work on /Users/aswin/Documents/data-engineering-practice/ETL_Airflow_DBT/airflow/dags/dbt_pipeline.py
[2026-04-01T07:54:03.964+0530] {processor.py:830} INFO - Processing file /Users/aswin/Documents/data-engineering-practice/ETL_Airflow_DBT/airflow/dags/dbt_pipeline.py for tasks to queue
[2026-04-01T07:54:03.964+0530] {logging_mixin.py:188} INFO - [2026-04-01T07:54:03.964+0530] {dagbag.py:540} INFO - Filling up the DagBag from /Users/aswin/Documents/data-engineering-practice/ETL_Airflow_DBT/airflow/dags/dbt_pipeline.py
[2026-04-01T07:54:03.968+0530] {processor.py:840} INFO - DAG(s) 'dbt_pipeline' retrieved from /Users/aswin/Documents/data-engineering-practice/ETL_Airflow_DBT/airflow/dags/dbt_pipeline.py
[2026-04-01T07:54:04.021+0530] {logging_mixin.py:188} INFO - [2026-04-01T07:54:04.021+0530] {dag.py:3096} INFO - Sync 1 DAGs
[2026-04-01T07:54:04.027+0530] {logging_mixin.py:188} INFO - [2026-04-01T07:54:04.027+0530] {dag.py:3954} INFO - Setting next_dagrun for dbt_pipeline to None, run_after=None
[2026-04-01T07:54:04.035+0530] {processor.py:183} INFO - Processing /Users/aswin/Documents/data-engineering-practice/ETL_Airflow_DBT/airflow/dags/dbt_pipeline.py took 0.073 seconds
[2026-04-01T07:54:34.740+0530] {processor.py:161} INFO - Started process (PID=85323) to work on /Users/aswin/Documents/data-engineering-practice/ETL_Airflow_DBT/airflow/dags/dbt_pipeline.py
[2026-04-01T07:54:34.740+0530] {processor.py:830} INFO - Processing file /Users/aswin/Documents/data-engineering-practice/ETL_Airflow_DBT/airflow/dags/dbt_pipeline.py for tasks to queue
[2026-04-01T07:54:34.741+0530] {logging_mixin.py:188} INFO - [2026-04-01T07:54:34.740+0530] {dagbag.py:540} INFO - Filling up the DagBag from /Users/aswin/Documents/data-engineering-practice/ETL_Airflow_DBT/airflow/dags/dbt_pipeline.py
[2026-04-01T07:54:34.745+0530] {processor.py:840} INFO - DAG(s) 'dbt_pipeline' retrieved from /Users/aswin/Documents/data-engineering-practice/ETL_Airflow_DBT/airflow/dags/dbt_pipeline.py
[2026-04-01T07:54:34.800+0530] {logging_mixin.py:188} INFO - [2026-04-01T07:54:34.799+0530] {dag.py:3096} INFO - Sync 1 DAGs
[2026-04-01T07:54:34.806+0530] {logging_mixin.py:188} INFO - [2026-04-01T07:54:34.805+0530] {dag.py:3954} INFO - Setting next_dagrun for dbt_pipeline to None, run_after=None
[2026-04-01T07:54:34.815+0530] {processor.py:183} INFO - Processing /Users/aswin/Documents/data-engineering-practice/ETL_Airflow_DBT/airflow/dags/dbt_pipeline.py took 0.077 seconds
[2026-04-01T07:55:05.874+0530] {processor.py:161} INFO - Started process (PID=85450) to work on /Users/aswin/Documents/data-engineering-practice/ETL_Airflow_DBT/airflow/dags/dbt_pipeline.py
[2026-04-01T07:55:05.874+0530] {processor.py:830} INFO - Processing file /Users/aswin/Documents/data-engineering-practice/ETL_Airflow_DBT/airflow/dags/dbt_pipeline.py for tasks to queue
[2026-04-01T07:55:05.875+0530] {logging_mixin.py:188} INFO - [2026-04-01T07:55:05.875+0530] {dagbag.py:540} INFO - Filling up the DagBag from /Users/aswin/Documents/data-engineering-practice/ETL_Airflow_DBT/airflow/dags/dbt_pipeline.py
[2026-04-01T07:55:05.878+0530] {processor.py:840} INFO - DAG(s) 'dbt_pipeline' retrieved from /Users/aswin/Documents/data-engineering-practice/ETL_Airflow_DBT/airflow/dags/dbt_pipeline.py
[2026-04-01T07:55:05.934+0530] {logging_mixin.py:188} INFO - [2026-04-01T07:55:05.934+0530] {dag.py:3096} INFO - Sync 1 DAGs
[2026-04-01T07:55:05.940+0530] {logging_mixin.py:188} INFO - [2026-04-01T07:55:05.939+0530] {dag.py:3954} INFO - Setting next_dagrun for dbt_pipeline to None, run_after=None
[2026-04-01T07:55:05.949+0530] {processor.py:183} INFO - Processing /Users/aswin/Documents/data-engineering-practice/ETL_Airflow_DBT/airflow/dags/dbt_pipeline.py took 0.076 seconds
[2026-04-01T07:55:36.976+0530] {processor.py:161} INFO - Started process (PID=85580) to work on /Users/aswin/Documents/data-engineering-practice/ETL_Airflow_DBT/airflow/dags/dbt_pipeline.py
[2026-04-01T07:55:36.977+0530] {processor.py:830} INFO - Processing file /Users/aswin/Documents/data-engineering-practice/ETL_Airflow_DBT/airflow/dags/dbt_pipeline.py for tasks to queue
[2026-04-01T07:55:36.977+0530] {logging_mixin.py:188} INFO - [2026-04-01T07:55:36.977+0530] {dagbag.py:540} INFO - Filling up the DagBag from /Users/aswin/Documents/data-engineering-practice/ETL_Airflow_DBT/airflow/dags/dbt_pipeline.py
[2026-04-01T07:55:36.981+0530] {processor.py:840} INFO - DAG(s) 'dbt_pipeline' retrieved from /Users/aswin/Documents/data-engineering-practice/ETL_Airflow_DBT/airflow/dags/dbt_pipeline.py
[2026-04-01T07:55:37.038+0530] {logging_mixin.py:188} INFO - [2026-04-01T07:55:37.038+0530] {dag.py:3096} INFO - Sync 1 DAGs
[2026-04-01T07:55:37.044+0530] {logging_mixin.py:188} INFO - [2026-04-01T07:55:37.044+0530] {dag.py:3954} INFO - Setting next_dagrun for dbt_pipeline to None, run_after=None
[2026-04-01T07:55:37.053+0530] {processor.py:183} INFO - Processing /Users/aswin/Documents/data-engineering-practice/ETL_Airflow_DBT/airflow/dags/dbt_pipeline.py took 0.078 seconds
[2026-04-01T07:56:08.149+0530] {processor.py:161} INFO - Started process (PID=85706) to work on /Users/aswin/Documents/data-engineering-practice/ETL_Airflow_DBT/airflow/dags/dbt_pipeline.py
[2026-04-01T07:56:08.150+0530] {processor.py:830} INFO - Processing file /Users/aswin/Documents/data-engineering-practice/ETL_Airflow_DBT/airflow/dags/dbt_pipeline.py for tasks to queue
[2026-04-01T07:56:08.150+0530] {logging_mixin.py:188} INFO - [2026-04-01T07:56:08.150+0530] {dagbag.py:540} INFO - Filling up the DagBag from /Users/aswin/Documents/data-engineering-practice/ETL_Airflow_DBT/airflow/dags/dbt_pipeline.py
[2026-04-01T07:56:08.153+0530] {processor.py:840} INFO - DAG(s) 'dbt_pipeline' retrieved from /Users/aswin/Documents/data-engineering-practice/ETL_Airflow_DBT/airflow/dags/dbt_pipeline.py
[2026-04-01T07:56:08.205+0530] {logging_mixin.py:188} INFO - [2026-04-01T07:56:08.205+0530] {dag.py:3096} INFO - Sync 1 DAGs
[2026-04-01T07:56:08.210+0530] {logging_mixin.py:188} INFO - [2026-04-01T07:56:08.210+0530] {dag.py:3954} INFO - Setting next_dagrun for dbt_pipeline to None, run_after=None
[2026-04-01T07:56:08.218+0530] {processor.py:183} INFO - Processing /Users/aswin/Documents/data-engineering-practice/ETL_Airflow_DBT/airflow/dags/dbt_pipeline.py took 0.071 seconds
[2026-04-01T07:56:38.976+0530] {processor.py:161} INFO - Started process (PID=85832) to work on /Users/aswin/Documents/data-engineering-practice/ETL_Airflow_DBT/airflow/dags/dbt_pipeline.py
[2026-04-01T07:56:38.976+0530] {processor.py:830} INFO - Processing file /Users/aswin/Documents/data-engineering-practice/ETL_Airflow_DBT/airflow/dags/dbt_pipeline.py for tasks to queue
[2026-04-01T07:56:38.977+0530] {logging_mixin.py:188} INFO - [2026-04-01T07:56:38.977+0530] {dagbag.py:540} INFO - Filling up the DagBag from /Users/aswin/Documents/data-engineering-practice/ETL_Airflow_DBT/airflow/dags/dbt_pipeline.py
[2026-04-01T07:56:38.980+0530] {processor.py:840} INFO - DAG(s) 'dbt_pipeline' retrieved from /Users/aswin/Documents/data-engineering-practice/ETL_Airflow_DBT/airflow/dags/dbt_pipeline.py
[2026-04-01T07:56:39.038+0530] {logging_mixin.py:188} INFO - [2026-04-01T07:56:39.037+0530] {dag.py:3096} INFO - Sync 1 DAGs
[2026-04-01T07:56:39.044+0530] {logging_mixin.py:188} INFO - [2026-04-01T07:56:39.044+0530] {dag.py:3954} INFO - Setting next_dagrun for dbt_pipeline to None, run_after=None
[2026-04-01T07:56:39.054+0530] {processor.py:183} INFO - Processing /Users/aswin/Documents/data-engineering-practice/ETL_Airflow_DBT/airflow/dags/dbt_pipeline.py took 0.079 seconds
[2026-04-01T07:57:10.558+0530] {processor.py:161} INFO - Started process (PID=85964) to work on /Users/aswin/Documents/data-engineering-practice/ETL_Airflow_DBT/airflow/dags/dbt_pipeline.py
[2026-04-01T07:57:10.558+0530] {processor.py:830} INFO - Processing file /Users/aswin/Documents/data-engineering-practice/ETL_Airflow_DBT/airflow/dags/dbt_pipeline.py for tasks to queue
[2026-04-01T07:57:10.559+0530] {logging_mixin.py:188} INFO - [2026-04-01T07:57:10.558+0530] {dagbag.py:540} INFO - Filling up the DagBag from /Users/aswin/Documents/data-engineering-practice/ETL_Airflow_DBT/airflow/dags/dbt_pipeline.py
[2026-04-01T07:57:10.562+0530] {processor.py:840} INFO - DAG(s) 'dbt_pipeline' retrieved from /Users/aswin/Documents/data-engineering-practice/ETL_Airflow_DBT/airflow/dags/dbt_pipeline.py
[2026-04-01T07:57:10.619+0530] {logging_mixin.py:188} INFO - [2026-04-01T07:57:10.619+0530] {dag.py:3096} INFO - Sync 1 DAGs
[2026-04-01T07:57:10.625+0530] {logging_mixin.py:188} INFO - [2026-04-01T07:57:10.625+0530] {dag.py:3954} INFO - Setting next_dagrun for dbt_pipeline to None, run_after=None
[2026-04-01T07:57:10.633+0530] {processor.py:183} INFO - Processing /Users/aswin/Documents/data-engineering-practice/ETL_Airflow_DBT/airflow/dags/dbt_pipeline.py took 0.077 seconds
[2026-04-01T07:57:43.818+0530] {processor.py:161} INFO - Started process (PID=86093) to work on /Users/aswin/Documents/data-engineering-practice/ETL_Airflow_DBT/airflow/dags/dbt_pipeline.py
[2026-04-01T07:57:43.819+0530] {processor.py:830} INFO - Processing file /Users/aswin/Documents/data-engineering-practice/ETL_Airflow_DBT/airflow/dags/dbt_pipeline.py for tasks to queue
[2026-04-01T07:57:43.819+0530] {logging_mixin.py:188} INFO - [2026-04-01T07:57:43.819+0530] {dagbag.py:540} INFO - Filling up the DagBag from /Users/aswin/Documents/data-engineering-practice/ETL_Airflow_DBT/airflow/dags/dbt_pipeline.py
[2026-04-01T07:57:43.822+0530] {processor.py:840} INFO - DAG(s) 'dbt_pipeline' retrieved from /Users/aswin/Documents/data-engineering-practice/ETL_Airflow_DBT/airflow/dags/dbt_pipeline.py
[2026-04-01T07:57:43.877+0530] {logging_mixin.py:188} INFO - [2026-04-01T07:57:43.877+0530] {dag.py:3096} INFO - Sync 1 DAGs
[2026-04-01T07:57:43.885+0530] {logging_mixin.py:188} INFO - [2026-04-01T07:57:43.885+0530] {dag.py:3954} INFO - Setting next_dagrun for dbt_pipeline to None, run_after=None
[2026-04-01T07:57:43.893+0530] {processor.py:183} INFO - Processing /Users/aswin/Documents/data-engineering-practice/ETL_Airflow_DBT/airflow/dags/dbt_pipeline.py took 0.076 seconds
[2026-04-01T07:59:40.503+0530] {processor.py:161} INFO - Started process (PID=86146) to work on /Users/aswin/Documents/data-engineering-practice/ETL_Airflow_DBT/airflow/dags/dbt_pipeline.py
[2026-04-01T07:59:40.504+0530] {processor.py:830} INFO - Processing file /Users/aswin/Documents/data-engineering-practice/ETL_Airflow_DBT/airflow/dags/dbt_pipeline.py for tasks to queue
[2026-04-01T07:59:40.504+0530] {logging_mixin.py:188} INFO - [2026-04-01T07:59:40.504+0530] {dagbag.py:540} INFO - Filling up the DagBag from /Users/aswin/Documents/data-engineering-practice/ETL_Airflow_DBT/airflow/dags/dbt_pipeline.py
[2026-04-01T07:59:40.506+0530] {processor.py:840} INFO - DAG(s) 'dbt_pipeline' retrieved from /Users/aswin/Documents/data-engineering-practice/ETL_Airflow_DBT/airflow/dags/dbt_pipeline.py
[2026-04-01T07:59:40.557+0530] {logging_mixin.py:188} INFO - [2026-04-01T07:59:40.556+0530] {dag.py:3096} INFO - Sync 1 DAGs
[2026-04-01T07:59:40.563+0530] {logging_mixin.py:188} INFO - [2026-04-01T07:59:40.563+0530] {dag.py:3954} INFO - Setting next_dagrun for dbt_pipeline to None, run_after=None
[2026-04-01T07:59:40.571+0530] {processor.py:183} INFO - Processing /Users/aswin/Documents/data-engineering-practice/ETL_Airflow_DBT/airflow/dags/dbt_pipeline.py took 0.069 seconds
[2026-04-01T08:15:54.032+0530] {processor.py:161} INFO - Started process (PID=86268) to work on /Users/aswin/Documents/data-engineering-practice/ETL_Airflow_DBT/airflow/dags/dbt_pipeline.py
[2026-04-01T08:15:54.033+0530] {processor.py:830} INFO - Processing file /Users/aswin/Documents/data-engineering-practice/ETL_Airflow_DBT/airflow/dags/dbt_pipeline.py for tasks to queue
[2026-04-01T08:15:54.033+0530] {logging_mixin.py:188} INFO - [2026-04-01T08:15:54.033+0530] {dagbag.py:540} INFO - Filling up the DagBag from /Users/aswin/Documents/data-engineering-practice/ETL_Airflow_DBT/airflow/dags/dbt_pipeline.py
[2026-04-01T08:15:54.036+0530] {processor.py:840} INFO - DAG(s) 'dbt_pipeline' retrieved from /Users/aswin/Documents/data-engineering-practice/ETL_Airflow_DBT/airflow/dags/dbt_pipeline.py
[2026-04-01T08:15:54.091+0530] {logging_mixin.py:188} INFO - [2026-04-01T08:15:54.091+0530] {dag.py:3096} INFO - Sync 1 DAGs
[2026-04-01T08:15:54.099+0530] {logging_mixin.py:188} INFO - [2026-04-01T08:15:54.098+0530] {dag.py:3954} INFO - Setting next_dagrun for dbt_pipeline to None, run_after=None
[2026-04-01T08:15:54.110+0530] {processor.py:183} INFO - Processing /Users/aswin/Documents/data-engineering-practice/ETL_Airflow_DBT/airflow/dags/dbt_pipeline.py took 0.079 seconds
[2026-04-01T08:16:34.900+0530] {processor.py:161} INFO - Started process (PID=86360) to work on /Users/aswin/Documents/data-engineering-practice/ETL_Airflow_DBT/airflow/dags/dbt_pipeline.py
[2026-04-01T08:16:34.900+0530] {processor.py:830} INFO - Processing file /Users/aswin/Documents/data-engineering-practice/ETL_Airflow_DBT/airflow/dags/dbt_pipeline.py for tasks to queue
[2026-04-01T08:16:34.901+0530] {logging_mixin.py:188} INFO - [2026-04-01T08:16:34.901+0530] {dagbag.py:540} INFO - Filling up the DagBag from /Users/aswin/Documents/data-engineering-practice/ETL_Airflow_DBT/airflow/dags/dbt_pipeline.py
[2026-04-01T08:16:34.904+0530] {processor.py:840} INFO - DAG(s) 'dbt_pipeline' retrieved from /Users/aswin/Documents/data-engineering-practice/ETL_Airflow_DBT/airflow/dags/dbt_pipeline.py
[2026-04-01T08:16:34.955+0530] {logging_mixin.py:188} INFO - [2026-04-01T08:16:34.955+0530] {dag.py:3096} INFO - Sync 1 DAGs
[2026-04-01T08:16:34.962+0530] {logging_mixin.py:188} INFO - [2026-04-01T08:16:34.962+0530] {dag.py:3954} INFO - Setting next_dagrun for dbt_pipeline to None, run_after=None
[2026-04-01T08:16:34.973+0530] {processor.py:183} INFO - Processing /Users/aswin/Documents/data-engineering-practice/ETL_Airflow_DBT/airflow/dags/dbt_pipeline.py took 0.074 seconds
[2026-04-01T08:17:39.781+0530] {processor.py:161} INFO - Started process (PID=86434) to work on /Users/aswin/Documents/data-engineering-practice/ETL_Airflow_DBT/airflow/dags/dbt_pipeline.py
[2026-04-01T08:17:39.781+0530] {processor.py:830} INFO - Processing file /Users/aswin/Documents/data-engineering-practice/ETL_Airflow_DBT/airflow/dags/dbt_pipeline.py for tasks to queue
[2026-04-01T08:17:39.781+0530] {logging_mixin.py:188} INFO - [2026-04-01T08:17:39.781+0530] {dagbag.py:540} INFO - Filling up the DagBag from /Users/aswin/Documents/data-engineering-practice/ETL_Airflow_DBT/airflow/dags/dbt_pipeline.py
[2026-04-01T08:17:39.784+0530] {processor.py:840} INFO - DAG(s) 'dbt_pipeline' retrieved from /Users/aswin/Documents/data-engineering-practice/ETL_Airflow_DBT/airflow/dags/dbt_pipeline.py
[2026-04-01T08:17:39.837+0530] {logging_mixin.py:188} INFO - [2026-04-01T08:17:39.836+0530] {dag.py:3096} INFO - Sync 1 DAGs
[2026-04-01T08:17:39.844+0530] {logging_mixin.py:188} INFO - [2026-04-01T08:17:39.844+0530] {dag.py:3954} INFO - Setting next_dagrun for dbt_pipeline to None, run_after=None
[2026-04-01T08:17:39.856+0530] {processor.py:183} INFO - Processing /Users/aswin/Documents/data-engineering-practice/ETL_Airflow_DBT/airflow/dags/dbt_pipeline.py took 0.077 seconds
[2026-04-01T08:33:59.031+0530] {processor.py:161} INFO - Started process (PID=86562) to work on /Users/aswin/Documents/data-engineering-practice/ETL_Airflow_DBT/airflow/dags/dbt_pipeline.py
[2026-04-01T08:33:59.032+0530] {processor.py:830} INFO - Processing file /Users/aswin/Documents/data-engineering-practice/ETL_Airflow_DBT/airflow/dags/dbt_pipeline.py for tasks to queue
[2026-04-01T08:33:59.032+0530] {logging_mixin.py:188} INFO - [2026-04-01T08:33:59.032+0530] {dagbag.py:540} INFO - Filling up the DagBag from /Users/aswin/Documents/data-engineering-practice/ETL_Airflow_DBT/airflow/dags/dbt_pipeline.py
[2026-04-01T08:33:59.035+0530] {processor.py:840} INFO - DAG(s) 'dbt_pipeline' retrieved from /Users/aswin/Documents/data-engineering-practice/ETL_Airflow_DBT/airflow/dags/dbt_pipeline.py
[2026-04-01T08:33:59.093+0530] {logging_mixin.py:188} INFO - [2026-04-01T08:33:59.093+0530] {dag.py:3096} INFO - Sync 1 DAGs
[2026-04-01T08:33:59.101+0530] {logging_mixin.py:188} INFO - [2026-04-01T08:33:59.101+0530] {dag.py:3954} INFO - Setting next_dagrun for dbt_pipeline to None, run_after=None
[2026-04-01T08:33:59.110+0530] {processor.py:183} INFO - Processing /Users/aswin/Documents/data-engineering-practice/ETL_Airflow_DBT/airflow/dags/dbt_pipeline.py took 0.080 seconds
[2026-04-01T08:35:32.589+0530] {processor.py:161} INFO - Started process (PID=86671) to work on /Users/aswin/Documents/data-engineering-practice/ETL_Airflow_DBT/airflow/dags/dbt_pipeline.py
[2026-04-01T08:35:32.589+0530] {processor.py:830} INFO - Processing file /Users/aswin/Documents/data-engineering-practice/ETL_Airflow_DBT/airflow/dags/dbt_pipeline.py for tasks to queue
[2026-04-01T08:35:32.589+0530] {logging_mixin.py:188} INFO - [2026-04-01T08:35:32.589+0530] {dagbag.py:540} INFO - Filling up the DagBag from /Users/aswin/Documents/data-engineering-practice/ETL_Airflow_DBT/airflow/dags/dbt_pipeline.py
[2026-04-01T08:35:32.592+0530] {processor.py:840} INFO - DAG(s) 'dbt_pipeline' retrieved from /Users/aswin/Documents/data-engineering-practice/ETL_Airflow_DBT/airflow/dags/dbt_pipeline.py
[2026-04-01T08:35:32.646+0530] {logging_mixin.py:188} INFO - [2026-04-01T08:35:32.646+0530] {dag.py:3096} INFO - Sync 1 DAGs
[2026-04-01T08:35:32.653+0530] {logging_mixin.py:188} INFO - [2026-04-01T08:35:32.653+0530] {dag.py:3954} INFO - Setting next_dagrun for dbt_pipeline to None, run_after=None
[2026-04-01T08:35:32.662+0530] {processor.py:183} INFO - Processing /Users/aswin/Documents/data-engineering-practice/ETL_Airflow_DBT/airflow/dags/dbt_pipeline.py took 0.075 seconds
[2026-04-01T08:36:10.277+0530] {processor.py:161} INFO - Started process (PID=86747) to work on /Users/aswin/Documents/data-engineering-practice/ETL_Airflow_DBT/airflow/dags/dbt_pipeline.py
[2026-04-01T08:36:10.277+0530] {processor.py:830} INFO - Processing file /Users/aswin/Documents/data-engineering-practice/ETL_Airflow_DBT/airflow/dags/dbt_pipeline.py for tasks to queue
[2026-04-01T08:36:10.277+0530] {logging_mixin.py:188} INFO - [2026-04-01T08:36:10.277+0530] {dagbag.py:540} INFO - Filling up the DagBag from /Users/aswin/Documents/data-engineering-practice/ETL_Airflow_DBT/airflow/dags/dbt_pipeline.py
[2026-04-01T08:36:10.280+0530] {processor.py:840} INFO - DAG(s) 'dbt_pipeline' retrieved from /Users/aswin/Documents/data-engineering-practice/ETL_Airflow_DBT/airflow/dags/dbt_pipeline.py
[2026-04-01T08:36:10.329+0530] {logging_mixin.py:188} INFO - [2026-04-01T08:36:10.329+0530] {dag.py:3096} INFO - Sync 1 DAGs
[2026-04-01T08:36:10.337+0530] {logging_mixin.py:188} INFO - [2026-04-01T08:36:10.337+0530] {dag.py:3954} INFO - Setting next_dagrun for dbt_pipeline to None, run_after=None
[2026-04-01T08:36:10.347+0530] {processor.py:183} INFO - Processing /Users/aswin/Documents/data-engineering-practice/ETL_Airflow_DBT/airflow/dags/dbt_pipeline.py took 0.071 seconds
[2026-04-01T08:37:14.713+0530] {processor.py:161} INFO - Started process (PID=86834) to work on /Users/aswin/Documents/data-engineering-practice/ETL_Airflow_DBT/airflow/dags/dbt_pipeline.py
[2026-04-01T08:37:14.713+0530] {processor.py:830} INFO - Processing file /Users/aswin/Documents/data-engineering-practice/ETL_Airflow_DBT/airflow/dags/dbt_pipeline.py for tasks to queue
[2026-04-01T08:37:14.714+0530] {logging_mixin.py:188} INFO - [2026-04-01T08:37:14.713+0530] {dagbag.py:540} INFO - Filling up the DagBag from /Users/aswin/Documents/data-engineering-practice/ETL_Airflow_DBT/airflow/dags/dbt_pipeline.py
[2026-04-01T08:37:14.716+0530] {processor.py:840} INFO - DAG(s) 'dbt_pipeline' retrieved from /Users/aswin/Documents/data-engineering-practice/ETL_Airflow_DBT/airflow/dags/dbt_pipeline.py
[2026-04-01T08:37:14.766+0530] {logging_mixin.py:188} INFO - [2026-04-01T08:37:14.766+0530] {dag.py:3096} INFO - Sync 1 DAGs
[2026-04-01T08:37:14.773+0530] {logging_mixin.py:188} INFO - [2026-04-01T08:37:14.773+0530] {dag.py:3954} INFO - Setting next_dagrun for dbt_pipeline to None, run_after=None
[2026-04-01T08:37:14.783+0530] {processor.py:183} INFO - Processing /Users/aswin/Documents/data-engineering-practice/ETL_Airflow_DBT/airflow/dags/dbt_pipeline.py took 0.072 seconds
[2026-04-01T08:55:49.983+0530] {processor.py:161} INFO - Started process (PID=86931) to work on /Users/aswin/Documents/data-engineering-practice/ETL_Airflow_DBT/airflow/dags/dbt_pipeline.py
[2026-04-01T08:55:49.983+0530] {processor.py:830} INFO - Processing file /Users/aswin/Documents/data-engineering-practice/ETL_Airflow_DBT/airflow/dags/dbt_pipeline.py for tasks to queue
[2026-04-01T08:55:49.984+0530] {logging_mixin.py:188} INFO - [2026-04-01T08:55:49.984+0530] {dagbag.py:540} INFO - Filling up the DagBag from /Users/aswin/Documents/data-engineering-practice/ETL_Airflow_DBT/airflow/dags/dbt_pipeline.py
[2026-04-01T08:55:49.987+0530] {processor.py:840} INFO - DAG(s) 'dbt_pipeline' retrieved from /Users/aswin/Documents/data-engineering-practice/ETL_Airflow_DBT/airflow/dags/dbt_pipeline.py
[2026-04-01T08:55:50.038+0530] {logging_mixin.py:188} INFO - [2026-04-01T08:55:50.038+0530] {dag.py:3096} INFO - Sync 1 DAGs
[2026-04-01T08:55:50.046+0530] {logging_mixin.py:188} INFO - [2026-04-01T08:55:50.046+0530] {dag.py:3954} INFO - Setting next_dagrun for dbt_pipeline to None, run_after=None
[2026-04-01T08:55:50.056+0530] {processor.py:183} INFO - Processing /Users/aswin/Documents/data-engineering-practice/ETL_Airflow_DBT/airflow/dags/dbt_pipeline.py took 0.074 seconds
[2026-04-01T08:56:54.897+0530] {processor.py:161} INFO - Started process (PID=87021) to work on /Users/aswin/Documents/data-engineering-practice/ETL_Airflow_DBT/airflow/dags/dbt_pipeline.py
[2026-04-01T08:56:54.898+0530] {processor.py:830} INFO - Processing file /Users/aswin/Documents/data-engineering-practice/ETL_Airflow_DBT/airflow/dags/dbt_pipeline.py for tasks to queue
[2026-04-01T08:56:54.898+0530] {logging_mixin.py:188} INFO - [2026-04-01T08:56:54.898+0530] {dagbag.py:540} INFO - Filling up the DagBag from /Users/aswin/Documents/data-engineering-practice/ETL_Airflow_DBT/airflow/dags/dbt_pipeline.py
[2026-04-01T08:56:54.903+0530] {processor.py:840} INFO - DAG(s) 'dbt_pipeline' retrieved from /Users/aswin/Documents/data-engineering-practice/ETL_Airflow_DBT/airflow/dags/dbt_pipeline.py
[2026-04-01T08:56:54.979+0530] {logging_mixin.py:188} INFO - [2026-04-01T08:56:54.979+0530] {dag.py:3096} INFO - Sync 1 DAGs
[2026-04-01T08:56:54.986+0530] {logging_mixin.py:188} INFO - [2026-04-01T08:56:54.985+0530] {dag.py:3954} INFO - Setting next_dagrun for dbt_pipeline to None, run_after=None
[2026-04-01T08:56:54.997+0530] {processor.py:183} INFO - Processing /Users/aswin/Documents/data-engineering-practice/ETL_Airflow_DBT/airflow/dags/dbt_pipeline.py took 0.102 seconds
[2026-04-01T08:59:06.980+0530] {processor.py:161} INFO - Started process (PID=87158) to work on /Users/aswin/Documents/data-engineering-practice/ETL_Airflow_DBT/airflow/dags/dbt_pipeline.py
[2026-04-01T08:59:06.981+0530] {processor.py:830} INFO - Processing file /Users/aswin/Documents/data-engineering-practice/ETL_Airflow_DBT/airflow/dags/dbt_pipeline.py for tasks to queue
[2026-04-01T08:59:06.981+0530] {logging_mixin.py:188} INFO - [2026-04-01T08:59:06.981+0530] {dagbag.py:540} INFO - Filling up the DagBag from /Users/aswin/Documents/data-engineering-practice/ETL_Airflow_DBT/airflow/dags/dbt_pipeline.py
[2026-04-01T08:59:06.985+0530] {processor.py:840} INFO - DAG(s) 'dbt_pipeline' retrieved from /Users/aswin/Documents/data-engineering-practice/ETL_Airflow_DBT/airflow/dags/dbt_pipeline.py
[2026-04-01T08:59:07.063+0530] {logging_mixin.py:188} INFO - [2026-04-01T08:59:07.063+0530] {dag.py:3096} INFO - Sync 1 DAGs
[2026-04-01T08:59:07.070+0530] {logging_mixin.py:188} INFO - [2026-04-01T08:59:07.070+0530] {dag.py:3954} INFO - Setting next_dagrun for dbt_pipeline to None, run_after=None
[2026-04-01T08:59:07.081+0530] {processor.py:183} INFO - Processing /Users/aswin/Documents/data-engineering-practice/ETL_Airflow_DBT/airflow/dags/dbt_pipeline.py took 0.102 seconds
[2026-04-01T09:15:12.725+0530] {processor.py:161} INFO - Started process (PID=87252) to work on /Users/aswin/Documents/data-engineering-practice/ETL_Airflow_DBT/airflow/dags/dbt_pipeline.py
[2026-04-01T09:15:12.725+0530] {processor.py:830} INFO - Processing file /Users/aswin/Documents/data-engineering-practice/ETL_Airflow_DBT/airflow/dags/dbt_pipeline.py for tasks to queue
[2026-04-01T09:15:12.725+0530] {logging_mixin.py:188} INFO - [2026-04-01T09:15:12.725+0530] {dagbag.py:540} INFO - Filling up the DagBag from /Users/aswin/Documents/data-engineering-practice/ETL_Airflow_DBT/airflow/dags/dbt_pipeline.py
[2026-04-01T09:15:12.728+0530] {processor.py:840} INFO - DAG(s) 'dbt_pipeline' retrieved from /Users/aswin/Documents/data-engineering-practice/ETL_Airflow_DBT/airflow/dags/dbt_pipeline.py
[2026-04-01T09:15:12.962+0530] {logging_mixin.py:188} INFO - [2026-04-01T09:15:12.961+0530] {dag.py:3096} INFO - Sync 1 DAGs
[2026-04-01T09:15:12.975+0530] {logging_mixin.py:188} INFO - [2026-04-01T09:15:12.975+0530] {dag.py:3954} INFO - Setting next_dagrun for dbt_pipeline to None, run_after=None
[2026-04-01T09:15:13.012+0530] {processor.py:183} INFO - Processing /Users/aswin/Documents/data-engineering-practice/ETL_Airflow_DBT/airflow/dags/dbt_pipeline.py took 0.288 seconds
[2026-04-01T09:16:17.768+0530] {processor.py:161} INFO - Started process (PID=87339) to work on /Users/aswin/Documents/data-engineering-practice/ETL_Airflow_DBT/airflow/dags/dbt_pipeline.py
[2026-04-01T09:16:17.768+0530] {processor.py:830} INFO - Processing file /Users/aswin/Documents/data-engineering-practice/ETL_Airflow_DBT/airflow/dags/dbt_pipeline.py for tasks to queue
[2026-04-01T09:16:17.768+0530] {logging_mixin.py:188} INFO - [2026-04-01T09:16:17.768+0530] {dagbag.py:540} INFO - Filling up the DagBag from /Users/aswin/Documents/data-engineering-practice/ETL_Airflow_DBT/airflow/dags/dbt_pipeline.py
[2026-04-01T09:16:17.771+0530] {processor.py:840} INFO - DAG(s) 'dbt_pipeline' retrieved from /Users/aswin/Documents/data-engineering-practice/ETL_Airflow_DBT/airflow/dags/dbt_pipeline.py
[2026-04-01T09:16:17.824+0530] {logging_mixin.py:188} INFO - [2026-04-01T09:16:17.824+0530] {dag.py:3096} INFO - Sync 1 DAGs
[2026-04-01T09:16:17.829+0530] {logging_mixin.py:188} INFO - [2026-04-01T09:16:17.829+0530] {dag.py:3954} INFO - Setting next_dagrun for dbt_pipeline to None, run_after=None
[2026-04-01T09:16:17.837+0530] {processor.py:183} INFO - Processing /Users/aswin/Documents/data-engineering-practice/ETL_Airflow_DBT/airflow/dags/dbt_pipeline.py took 0.070 seconds
[2026-04-01T09:17:23.469+0530] {processor.py:161} INFO - Started process (PID=87426) to work on /Users/aswin/Documents/data-engineering-practice/ETL_Airflow_DBT/airflow/dags/dbt_pipeline.py
[2026-04-01T09:17:23.470+0530] {processor.py:830} INFO - Processing file /Users/aswin/Documents/data-engineering-practice/ETL_Airflow_DBT/airflow/dags/dbt_pipeline.py for tasks to queue
[2026-04-01T09:17:23.470+0530] {logging_mixin.py:188} INFO - [2026-04-01T09:17:23.470+0530] {dagbag.py:540} INFO - Filling up the DagBag from /Users/aswin/Documents/data-engineering-practice/ETL_Airflow_DBT/airflow/dags/dbt_pipeline.py
[2026-04-01T09:17:23.473+0530] {processor.py:840} INFO - DAG(s) 'dbt_pipeline' retrieved from /Users/aswin/Documents/data-engineering-practice/ETL_Airflow_DBT/airflow/dags/dbt_pipeline.py
[2026-04-01T09:17:23.524+0530] {logging_mixin.py:188} INFO - [2026-04-01T09:17:23.524+0530] {dag.py:3096} INFO - Sync 1 DAGs
[2026-04-01T09:17:23.532+0530] {logging_mixin.py:188} INFO - [2026-04-01T09:17:23.532+0530] {dag.py:3954} INFO - Setting next_dagrun for dbt_pipeline to None, run_after=None
[2026-04-01T09:17:23.540+0530] {processor.py:183} INFO - Processing /Users/aswin/Documents/data-engineering-practice/ETL_Airflow_DBT/airflow/dags/dbt_pipeline.py took 0.072 seconds
[2026-04-01T09:35:24.476+0530] {processor.py:161} INFO - Started process (PID=87523) to work on /Users/aswin/Documents/data-engineering-practice/ETL_Airflow_DBT/airflow/dags/dbt_pipeline.py
[2026-04-01T09:35:24.478+0530] {processor.py:830} INFO - Processing file /Users/aswin/Documents/data-engineering-practice/ETL_Airflow_DBT/airflow/dags/dbt_pipeline.py for tasks to queue
[2026-04-01T09:35:24.479+0530] {logging_mixin.py:188} INFO - [2026-04-01T09:35:24.478+0530] {dagbag.py:540} INFO - Filling up the DagBag from /Users/aswin/Documents/data-engineering-practice/ETL_Airflow_DBT/airflow/dags/dbt_pipeline.py
[2026-04-01T09:35:24.482+0530] {processor.py:840} INFO - DAG(s) 'dbt_pipeline' retrieved from /Users/aswin/Documents/data-engineering-practice/ETL_Airflow_DBT/airflow/dags/dbt_pipeline.py
[2026-04-01T09:35:24.752+0530] {logging_mixin.py:188} INFO - [2026-04-01T09:35:24.752+0530] {dag.py:3096} INFO - Sync 1 DAGs
[2026-04-01T09:35:24.758+0530] {logging_mixin.py:188} INFO - [2026-04-01T09:35:24.758+0530] {dag.py:3954} INFO - Setting next_dagrun for dbt_pipeline to None, run_after=None
[2026-04-01T09:35:24.840+0530] {processor.py:183} INFO - Processing /Users/aswin/Documents/data-engineering-practice/ETL_Airflow_DBT/airflow/dags/dbt_pipeline.py took 0.366 seconds
[2026-04-01T09:36:29.903+0530] {processor.py:161} INFO - Started process (PID=87611) to work on /Users/aswin/Documents/data-engineering-practice/ETL_Airflow_DBT/airflow/dags/dbt_pipeline.py
[2026-04-01T09:36:29.904+0530] {processor.py:830} INFO - Processing file /Users/aswin/Documents/data-engineering-practice/ETL_Airflow_DBT/airflow/dags/dbt_pipeline.py for tasks to queue
[2026-04-01T09:36:29.904+0530] {logging_mixin.py:188} INFO - [2026-04-01T09:36:29.904+0530] {dagbag.py:540} INFO - Filling up the DagBag from /Users/aswin/Documents/data-engineering-practice/ETL_Airflow_DBT/airflow/dags/dbt_pipeline.py
[2026-04-01T09:36:29.907+0530] {processor.py:840} INFO - DAG(s) 'dbt_pipeline' retrieved from /Users/aswin/Documents/data-engineering-practice/ETL_Airflow_DBT/airflow/dags/dbt_pipeline.py
[2026-04-01T09:36:29.970+0530] {logging_mixin.py:188} INFO - [2026-04-01T09:36:29.969+0530] {dag.py:3096} INFO - Sync 1 DAGs
[2026-04-01T09:36:29.977+0530] {logging_mixin.py:188} INFO - [2026-04-01T09:36:29.977+0530] {dag.py:3954} INFO - Setting next_dagrun for dbt_pipeline to None, run_after=None
[2026-04-01T09:36:29.986+0530] {processor.py:183} INFO - Processing /Users/aswin/Documents/data-engineering-practice/ETL_Airflow_DBT/airflow/dags/dbt_pipeline.py took 0.084 seconds
[2026-04-01T09:37:34.616+0530] {processor.py:161} INFO - Started process (PID=87699) to work on /Users/aswin/Documents/data-engineering-practice/ETL_Airflow_DBT/airflow/dags/dbt_pipeline.py
[2026-04-01T09:37:34.617+0530] {processor.py:830} INFO - Processing file /Users/aswin/Documents/data-engineering-practice/ETL_Airflow_DBT/airflow/dags/dbt_pipeline.py for tasks to queue
[2026-04-01T09:37:34.617+0530] {logging_mixin.py:188} INFO - [2026-04-01T09:37:34.617+0530] {dagbag.py:540} INFO - Filling up the DagBag from /Users/aswin/Documents/data-engineering-practice/ETL_Airflow_DBT/airflow/dags/dbt_pipeline.py
[2026-04-01T09:37:34.619+0530] {processor.py:840} INFO - DAG(s) 'dbt_pipeline' retrieved from /Users/aswin/Documents/data-engineering-practice/ETL_Airflow_DBT/airflow/dags/dbt_pipeline.py
[2026-04-01T09:37:34.669+0530] {logging_mixin.py:188} INFO - [2026-04-01T09:37:34.669+0530] {dag.py:3096} INFO - Sync 1 DAGs
[2026-04-01T09:37:34.677+0530] {logging_mixin.py:188} INFO - [2026-04-01T09:37:34.677+0530] {dag.py:3954} INFO - Setting next_dagrun for dbt_pipeline to None, run_after=None
[2026-04-01T09:37:34.687+0530] {processor.py:183} INFO - Processing /Users/aswin/Documents/data-engineering-practice/ETL_Airflow_DBT/airflow/dags/dbt_pipeline.py took 0.072 seconds
[2026-04-01T10:00:11.194+0530] {processor.py:161} INFO - Started process (PID=87792) to work on /Users/aswin/Documents/data-engineering-practice/ETL_Airflow_DBT/airflow/dags/dbt_pipeline.py
[2026-04-01T10:00:11.194+0530] {processor.py:830} INFO - Processing file /Users/aswin/Documents/data-engineering-practice/ETL_Airflow_DBT/airflow/dags/dbt_pipeline.py for tasks to queue
[2026-04-01T10:00:11.195+0530] {logging_mixin.py:188} INFO - [2026-04-01T10:00:11.194+0530] {dagbag.py:540} INFO - Filling up the DagBag from /Users/aswin/Documents/data-engineering-practice/ETL_Airflow_DBT/airflow/dags/dbt_pipeline.py
[2026-04-01T10:00:11.197+0530] {processor.py:840} INFO - DAG(s) 'dbt_pipeline' retrieved from /Users/aswin/Documents/data-engineering-practice/ETL_Airflow_DBT/airflow/dags/dbt_pipeline.py
[2026-04-01T10:00:11.249+0530] {logging_mixin.py:188} INFO - [2026-04-01T10:00:11.249+0530] {dag.py:3096} INFO - Sync 1 DAGs
[2026-04-01T10:00:11.258+0530] {logging_mixin.py:188} INFO - [2026-04-01T10:00:11.257+0530] {dag.py:3954} INFO - Setting next_dagrun for dbt_pipeline to None, run_after=None
[2026-04-01T10:00:11.266+0530] {processor.py:183} INFO - Processing /Users/aswin/Documents/data-engineering-practice/ETL_Airflow_DBT/airflow/dags/dbt_pipeline.py took 0.073 seconds
[2026-04-01T10:01:45.120+0530] {processor.py:161} INFO - Started process (PID=87904) to work on /Users/aswin/Documents/data-engineering-practice/ETL_Airflow_DBT/airflow/dags/dbt_pipeline.py
[2026-04-01T10:01:45.120+0530] {processor.py:830} INFO - Processing file /Users/aswin/Documents/data-engineering-practice/ETL_Airflow_DBT/airflow/dags/dbt_pipeline.py for tasks to queue
[2026-04-01T10:01:45.121+0530] {logging_mixin.py:188} INFO - [2026-04-01T10:01:45.121+0530] {dagbag.py:540} INFO - Filling up the DagBag from /Users/aswin/Documents/data-engineering-practice/ETL_Airflow_DBT/airflow/dags/dbt_pipeline.py
[2026-04-01T10:01:45.123+0530] {processor.py:840} INFO - DAG(s) 'dbt_pipeline' retrieved from /Users/aswin/Documents/data-engineering-practice/ETL_Airflow_DBT/airflow/dags/dbt_pipeline.py
[2026-04-01T10:01:45.175+0530] {logging_mixin.py:188} INFO - [2026-04-01T10:01:45.175+0530] {dag.py:3096} INFO - Sync 1 DAGs
[2026-04-01T10:01:45.182+0530] {logging_mixin.py:188} INFO - [2026-04-01T10:01:45.182+0530] {dag.py:3954} INFO - Setting next_dagrun for dbt_pipeline to None, run_after=None
[2026-04-01T10:01:45.191+0530] {processor.py:183} INFO - Processing /Users/aswin/Documents/data-engineering-practice/ETL_Airflow_DBT/airflow/dags/dbt_pipeline.py took 0.073 seconds
[2026-04-01T10:02:50.128+0530] {processor.py:161} INFO - Started process (PID=87993) to work on /Users/aswin/Documents/data-engineering-practice/ETL_Airflow_DBT/airflow/dags/dbt_pipeline.py
[2026-04-01T10:02:50.129+0530] {processor.py:830} INFO - Processing file /Users/aswin/Documents/data-engineering-practice/ETL_Airflow_DBT/airflow/dags/dbt_pipeline.py for tasks to queue
[2026-04-01T10:02:50.129+0530] {logging_mixin.py:188} INFO - [2026-04-01T10:02:50.129+0530] {dagbag.py:540} INFO - Filling up the DagBag from /Users/aswin/Documents/data-engineering-practice/ETL_Airflow_DBT/airflow/dags/dbt_pipeline.py
[2026-04-01T10:02:50.132+0530] {processor.py:840} INFO - DAG(s) 'dbt_pipeline' retrieved from /Users/aswin/Documents/data-engineering-practice/ETL_Airflow_DBT/airflow/dags/dbt_pipeline.py
[2026-04-01T10:02:50.182+0530] {logging_mixin.py:188} INFO - [2026-04-01T10:02:50.182+0530] {dag.py:3096} INFO - Sync 1 DAGs
[2026-04-01T10:02:50.190+0530] {logging_mixin.py:188} INFO - [2026-04-01T10:02:50.190+0530] {dag.py:3954} INFO - Setting next_dagrun for dbt_pipeline to None, run_after=None
[2026-04-01T10:02:50.201+0530] {processor.py:183} INFO - Processing /Users/aswin/Documents/data-engineering-practice/ETL_Airflow_DBT/airflow/dags/dbt_pipeline.py took 0.074 seconds
[2026-04-01T10:20:34.108+0530] {processor.py:161} INFO - Started process (PID=88102) to work on /Users/aswin/Documents/data-engineering-practice/ETL_Airflow_DBT/airflow/dags/dbt_pipeline.py
[2026-04-01T10:20:34.108+0530] {processor.py:830} INFO - Processing file /Users/aswin/Documents/data-engineering-practice/ETL_Airflow_DBT/airflow/dags/dbt_pipeline.py for tasks to queue
[2026-04-01T10:20:34.109+0530] {logging_mixin.py:188} INFO - [2026-04-01T10:20:34.109+0530] {dagbag.py:540} INFO - Filling up the DagBag from /Users/aswin/Documents/data-engineering-practice/ETL_Airflow_DBT/airflow/dags/dbt_pipeline.py
[2026-04-01T10:20:34.111+0530] {processor.py:840} INFO - DAG(s) 'dbt_pipeline' retrieved from /Users/aswin/Documents/data-engineering-practice/ETL_Airflow_DBT/airflow/dags/dbt_pipeline.py
[2026-04-01T10:20:34.168+0530] {logging_mixin.py:188} INFO - [2026-04-01T10:20:34.167+0530] {taskinstance.py:2892} ERROR - {'DAG Id': 'dbt_pipeline', 'Task Id': 'dbt_run', 'Run Id': 'manual__2026-04-01T02:05:48.765477+00:00', 'Hostname': 'Aswins-MacBook-Pro.local'}
[2026-04-01T10:20:34.175+0530] {logging_mixin.py:188} INFO - [2026-04-01T10:20:34.175+0530] {taskinstance.py:1205} INFO - Marking task as FAILED. dag_id=dbt_pipeline, task_id=dbt_run, execution_date=20260401T020548, start_date=20260401T020550, end_date=20260401T045034
[2026-04-01T10:20:34.183+0530] {processor.py:791} INFO - Executed failure callback for <TaskInstance: dbt_pipeline.dbt_run manual__2026-04-01T02:05:48.765477+00:00 [failed]> in state failed
[2026-04-01T10:20:34.192+0530] {logging_mixin.py:188} INFO - [2026-04-01T10:20:34.192+0530] {dag.py:3096} INFO - Sync 1 DAGs
[2026-04-01T10:20:34.196+0530] {logging_mixin.py:188} INFO - [2026-04-01T10:20:34.196+0530] {dag.py:3954} INFO - Setting next_dagrun for dbt_pipeline to None, run_after=None
[2026-04-01T10:20:34.204+0530] {processor.py:183} INFO - Processing /Users/aswin/Documents/data-engineering-practice/ETL_Airflow_DBT/airflow/dags/dbt_pipeline.py took 0.097 seconds
[2026-04-01T10:21:43.574+0530] {processor.py:161} INFO - Started process (PID=88223) to work on /Users/aswin/Documents/data-engineering-practice/ETL_Airflow_DBT/airflow/dags/dbt_pipeline.py
[2026-04-01T10:21:43.574+0530] {processor.py:830} INFO - Processing file /Users/aswin/Documents/data-engineering-practice/ETL_Airflow_DBT/airflow/dags/dbt_pipeline.py for tasks to queue
[2026-04-01T10:21:43.574+0530] {logging_mixin.py:188} INFO - [2026-04-01T10:21:43.574+0530] {dagbag.py:540} INFO - Filling up the DagBag from /Users/aswin/Documents/data-engineering-practice/ETL_Airflow_DBT/airflow/dags/dbt_pipeline.py
[2026-04-01T10:21:43.577+0530] {processor.py:840} INFO - DAG(s) 'dbt_pipeline' retrieved from /Users/aswin/Documents/data-engineering-practice/ETL_Airflow_DBT/airflow/dags/dbt_pipeline.py
[2026-04-01T10:21:43.626+0530] {logging_mixin.py:188} INFO - [2026-04-01T10:21:43.626+0530] {dag.py:3096} INFO - Sync 1 DAGs
[2026-04-01T10:21:43.633+0530] {logging_mixin.py:188} INFO - [2026-04-01T10:21:43.632+0530] {dag.py:3954} INFO - Setting next_dagrun for dbt_pipeline to None, run_after=None
[2026-04-01T10:21:43.643+0530] {processor.py:183} INFO - Processing /Users/aswin/Documents/data-engineering-practice/ETL_Airflow_DBT/airflow/dags/dbt_pipeline.py took 0.070 seconds
[2026-04-01T10:22:47.150+0530] {processor.py:161} INFO - Started process (PID=88300) to work on /Users/aswin/Documents/data-engineering-practice/ETL_Airflow_DBT/airflow/dags/dbt_pipeline.py
[2026-04-01T10:22:47.151+0530] {processor.py:830} INFO - Processing file /Users/aswin/Documents/data-engineering-practice/ETL_Airflow_DBT/airflow/dags/dbt_pipeline.py for tasks to queue
[2026-04-01T10:22:47.152+0530] {logging_mixin.py:188} INFO - [2026-04-01T10:22:47.152+0530] {dagbag.py:540} INFO - Filling up the DagBag from /Users/aswin/Documents/data-engineering-practice/ETL_Airflow_DBT/airflow/dags/dbt_pipeline.py
[2026-04-01T10:22:47.155+0530] {processor.py:840} INFO - DAG(s) 'dbt_pipeline' retrieved from /Users/aswin/Documents/data-engineering-practice/ETL_Airflow_DBT/airflow/dags/dbt_pipeline.py
[2026-04-01T10:22:47.206+0530] {logging_mixin.py:188} INFO - [2026-04-01T10:22:47.206+0530] {dag.py:3096} INFO - Sync 1 DAGs
[2026-04-01T10:22:47.213+0530] {logging_mixin.py:188} INFO - [2026-04-01T10:22:47.213+0530] {dag.py:3954} INFO - Setting next_dagrun for dbt_pipeline to None, run_after=None
[2026-04-01T10:22:47.223+0530] {processor.py:183} INFO - Processing /Users/aswin/Documents/data-engineering-practice/ETL_Airflow_DBT/airflow/dags/dbt_pipeline.py took 0.074 seconds
[2026-04-01T10:23:51.339+0530] {processor.py:161} INFO - Started process (PID=88382) to work on /Users/aswin/Documents/data-engineering-practice/ETL_Airflow_DBT/airflow/dags/dbt_pipeline.py
[2026-04-01T10:23:51.340+0530] {processor.py:830} INFO - Processing file /Users/aswin/Documents/data-engineering-practice/ETL_Airflow_DBT/airflow/dags/dbt_pipeline.py for tasks to queue
[2026-04-01T10:23:51.340+0530] {logging_mixin.py:188} INFO - [2026-04-01T10:23:51.340+0530] {dagbag.py:540} INFO - Filling up the DagBag from /Users/aswin/Documents/data-engineering-practice/ETL_Airflow_DBT/airflow/dags/dbt_pipeline.py
[2026-04-01T10:23:51.343+0530] {processor.py:840} INFO - DAG(s) 'dbt_pipeline' retrieved from /Users/aswin/Documents/data-engineering-practice/ETL_Airflow_DBT/airflow/dags/dbt_pipeline.py
[2026-04-01T10:23:51.394+0530] {logging_mixin.py:188} INFO - [2026-04-01T10:23:51.394+0530] {dag.py:3096} INFO - Sync 1 DAGs
[2026-04-01T10:23:51.401+0530] {logging_mixin.py:188} INFO - [2026-04-01T10:23:51.401+0530] {dag.py:3954} INFO - Setting next_dagrun for dbt_pipeline to None, run_after=None
[2026-04-01T10:23:51.411+0530] {processor.py:183} INFO - Processing /Users/aswin/Documents/data-engineering-practice/ETL_Airflow_DBT/airflow/dags/dbt_pipeline.py took 0.073 seconds
[2026-04-01T10:42:01.284+0530] {processor.py:161} INFO - Started process (PID=88475) to work on /Users/aswin/Documents/data-engineering-practice/ETL_Airflow_DBT/airflow/dags/dbt_pipeline.py
[2026-04-01T10:42:01.284+0530] {processor.py:830} INFO - Processing file /Users/aswin/Documents/data-engineering-practice/ETL_Airflow_DBT/airflow/dags/dbt_pipeline.py for tasks to queue
[2026-04-01T10:42:01.285+0530] {logging_mixin.py:188} INFO - [2026-04-01T10:42:01.284+0530] {dagbag.py:540} INFO - Filling up the DagBag from /Users/aswin/Documents/data-engineering-practice/ETL_Airflow_DBT/airflow/dags/dbt_pipeline.py
[2026-04-01T10:42:01.287+0530] {processor.py:840} INFO - DAG(s) 'dbt_pipeline' retrieved from /Users/aswin/Documents/data-engineering-practice/ETL_Airflow_DBT/airflow/dags/dbt_pipeline.py
[2026-04-01T10:42:01.339+0530] {logging_mixin.py:188} INFO - [2026-04-01T10:42:01.339+0530] {dag.py:3096} INFO - Sync 1 DAGs
[2026-04-01T10:42:01.346+0530] {logging_mixin.py:188} INFO - [2026-04-01T10:42:01.346+0530] {dag.py:3954} INFO - Setting next_dagrun for dbt_pipeline to None, run_after=None
[2026-04-01T10:42:01.355+0530] {processor.py:183} INFO - Processing /Users/aswin/Documents/data-engineering-practice/ETL_Airflow_DBT/airflow/dags/dbt_pipeline.py took 0.072 seconds
[2026-04-01T10:43:04.623+0530] {processor.py:161} INFO - Started process (PID=88550) to work on /Users/aswin/Documents/data-engineering-practice/ETL_Airflow_DBT/airflow/dags/dbt_pipeline.py
[2026-04-01T10:43:04.624+0530] {processor.py:830} INFO - Processing file /Users/aswin/Documents/data-engineering-practice/ETL_Airflow_DBT/airflow/dags/dbt_pipeline.py for tasks to queue
[2026-04-01T10:43:04.624+0530] {logging_mixin.py:188} INFO - [2026-04-01T10:43:04.624+0530] {dagbag.py:540} INFO - Filling up the DagBag from /Users/aswin/Documents/data-engineering-practice/ETL_Airflow_DBT/airflow/dags/dbt_pipeline.py
[2026-04-01T10:43:04.627+0530] {processor.py:840} INFO - DAG(s) 'dbt_pipeline' retrieved from /Users/aswin/Documents/data-engineering-practice/ETL_Airflow_DBT/airflow/dags/dbt_pipeline.py
[2026-04-01T10:43:04.682+0530] {logging_mixin.py:188} INFO - [2026-04-01T10:43:04.682+0530] {dag.py:3096} INFO - Sync 1 DAGs
[2026-04-01T10:43:04.690+0530] {logging_mixin.py:188} INFO - [2026-04-01T10:43:04.690+0530] {dag.py:3954} INFO - Setting next_dagrun for dbt_pipeline to None, run_after=None
[2026-04-01T10:43:04.699+0530] {processor.py:183} INFO - Processing /Users/aswin/Documents/data-engineering-practice/ETL_Airflow_DBT/airflow/dags/dbt_pipeline.py took 0.078 seconds
[2026-04-01T10:44:09.189+0530] {processor.py:161} INFO - Started process (PID=88632) to work on /Users/aswin/Documents/data-engineering-practice/ETL_Airflow_DBT/airflow/dags/dbt_pipeline.py
[2026-04-01T10:44:09.189+0530] {processor.py:830} INFO - Processing file /Users/aswin/Documents/data-engineering-practice/ETL_Airflow_DBT/airflow/dags/dbt_pipeline.py for tasks to queue
[2026-04-01T10:44:09.190+0530] {logging_mixin.py:188} INFO - [2026-04-01T10:44:09.190+0530] {dagbag.py:540} INFO - Filling up the DagBag from /Users/aswin/Documents/data-engineering-practice/ETL_Airflow_DBT/airflow/dags/dbt_pipeline.py
[2026-04-01T10:44:09.192+0530] {processor.py:840} INFO - DAG(s) 'dbt_pipeline' retrieved from /Users/aswin/Documents/data-engineering-practice/ETL_Airflow_DBT/airflow/dags/dbt_pipeline.py
[2026-04-01T10:44:09.246+0530] {logging_mixin.py:188} INFO - [2026-04-01T10:44:09.246+0530] {dag.py:3096} INFO - Sync 1 DAGs
[2026-04-01T10:44:09.254+0530] {logging_mixin.py:188} INFO - [2026-04-01T10:44:09.253+0530] {dag.py:3954} INFO - Setting next_dagrun for dbt_pipeline to None, run_after=None
[2026-04-01T10:44:09.264+0530] {processor.py:183} INFO - Processing /Users/aswin/Documents/data-engineering-practice/ETL_Airflow_DBT/airflow/dags/dbt_pipeline.py took 0.076 seconds
[2026-04-01T11:00:28.801+0530] {processor.py:161} INFO - Started process (PID=88715) to work on /Users/aswin/Documents/data-engineering-practice/ETL_Airflow_DBT/airflow/dags/dbt_pipeline.py
[2026-04-01T11:00:28.802+0530] {processor.py:830} INFO - Processing file /Users/aswin/Documents/data-engineering-practice/ETL_Airflow_DBT/airflow/dags/dbt_pipeline.py for tasks to queue
[2026-04-01T11:00:28.802+0530] {logging_mixin.py:188} INFO - [2026-04-01T11:00:28.802+0530] {dagbag.py:540} INFO - Filling up the DagBag from /Users/aswin/Documents/data-engineering-practice/ETL_Airflow_DBT/airflow/dags/dbt_pipeline.py
[2026-04-01T11:00:28.805+0530] {processor.py:840} INFO - DAG(s) 'dbt_pipeline' retrieved from /Users/aswin/Documents/data-engineering-practice/ETL_Airflow_DBT/airflow/dags/dbt_pipeline.py
[2026-04-01T11:00:28.857+0530] {logging_mixin.py:188} INFO - [2026-04-01T11:00:28.857+0530] {dag.py:3096} INFO - Sync 1 DAGs
[2026-04-01T11:00:28.864+0530] {logging_mixin.py:188} INFO - [2026-04-01T11:00:28.864+0530] {dag.py:3954} INFO - Setting next_dagrun for dbt_pipeline to None, run_after=None
[2026-04-01T11:00:28.874+0530] {processor.py:183} INFO - Processing /Users/aswin/Documents/data-engineering-practice/ETL_Airflow_DBT/airflow/dags/dbt_pipeline.py took 0.074 seconds
[2026-04-01T11:02:00.478+0530] {processor.py:161} INFO - Started process (PID=88812) to work on /Users/aswin/Documents/data-engineering-practice/ETL_Airflow_DBT/airflow/dags/dbt_pipeline.py
[2026-04-01T11:02:00.478+0530] {processor.py:830} INFO - Processing file /Users/aswin/Documents/data-engineering-practice/ETL_Airflow_DBT/airflow/dags/dbt_pipeline.py for tasks to queue
[2026-04-01T11:02:00.479+0530] {logging_mixin.py:188} INFO - [2026-04-01T11:02:00.479+0530] {dagbag.py:540} INFO - Filling up the DagBag from /Users/aswin/Documents/data-engineering-practice/ETL_Airflow_DBT/airflow/dags/dbt_pipeline.py
[2026-04-01T11:02:00.481+0530] {processor.py:840} INFO - DAG(s) 'dbt_pipeline' retrieved from /Users/aswin/Documents/data-engineering-practice/ETL_Airflow_DBT/airflow/dags/dbt_pipeline.py
[2026-04-01T11:02:00.537+0530] {logging_mixin.py:188} INFO - [2026-04-01T11:02:00.537+0530] {dag.py:3096} INFO - Sync 1 DAGs
[2026-04-01T11:02:00.545+0530] {logging_mixin.py:188} INFO - [2026-04-01T11:02:00.545+0530] {dag.py:3954} INFO - Setting next_dagrun for dbt_pipeline to None, run_after=None
[2026-04-01T11:02:00.555+0530] {processor.py:183} INFO - Processing /Users/aswin/Documents/data-engineering-practice/ETL_Airflow_DBT/airflow/dags/dbt_pipeline.py took 0.078 seconds
[2026-04-01T11:02:37.921+0530] {processor.py:161} INFO - Started process (PID=88882) to work on /Users/aswin/Documents/data-engineering-practice/ETL_Airflow_DBT/airflow/dags/dbt_pipeline.py
[2026-04-01T11:02:37.922+0530] {processor.py:830} INFO - Processing file /Users/aswin/Documents/data-engineering-practice/ETL_Airflow_DBT/airflow/dags/dbt_pipeline.py for tasks to queue
[2026-04-01T11:02:37.922+0530] {logging_mixin.py:188} INFO - [2026-04-01T11:02:37.922+0530] {dagbag.py:540} INFO - Filling up the DagBag from /Users/aswin/Documents/data-engineering-practice/ETL_Airflow_DBT/airflow/dags/dbt_pipeline.py
[2026-04-01T11:02:37.925+0530] {processor.py:840} INFO - DAG(s) 'dbt_pipeline' retrieved from /Users/aswin/Documents/data-engineering-practice/ETL_Airflow_DBT/airflow/dags/dbt_pipeline.py
[2026-04-01T11:02:37.980+0530] {logging_mixin.py:188} INFO - [2026-04-01T11:02:37.980+0530] {dag.py:3096} INFO - Sync 1 DAGs
[2026-04-01T11:02:37.986+0530] {logging_mixin.py:188} INFO - [2026-04-01T11:02:37.985+0530] {dag.py:3954} INFO - Setting next_dagrun for dbt_pipeline to None, run_after=None
[2026-04-01T11:02:37.993+0530] {processor.py:183} INFO - Processing /Users/aswin/Documents/data-engineering-practice/ETL_Airflow_DBT/airflow/dags/dbt_pipeline.py took 0.073 seconds
[2026-04-01T11:03:42.298+0530] {processor.py:161} INFO - Started process (PID=88965) to work on /Users/aswin/Documents/data-engineering-practice/ETL_Airflow_DBT/airflow/dags/dbt_pipeline.py
[2026-04-01T11:03:42.299+0530] {processor.py:830} INFO - Processing file /Users/aswin/Documents/data-engineering-practice/ETL_Airflow_DBT/airflow/dags/dbt_pipeline.py for tasks to queue
[2026-04-01T11:03:42.299+0530] {logging_mixin.py:188} INFO - [2026-04-01T11:03:42.299+0530] {dagbag.py:540} INFO - Filling up the DagBag from /Users/aswin/Documents/data-engineering-practice/ETL_Airflow_DBT/airflow/dags/dbt_pipeline.py
[2026-04-01T11:03:42.301+0530] {processor.py:840} INFO - DAG(s) 'dbt_pipeline' retrieved from /Users/aswin/Documents/data-engineering-practice/ETL_Airflow_DBT/airflow/dags/dbt_pipeline.py
[2026-04-01T11:03:42.356+0530] {logging_mixin.py:188} INFO - [2026-04-01T11:03:42.356+0530] {dag.py:3096} INFO - Sync 1 DAGs
[2026-04-01T11:03:42.363+0530] {logging_mixin.py:188} INFO - [2026-04-01T11:03:42.363+0530] {dag.py:3954} INFO - Setting next_dagrun for dbt_pipeline to None, run_after=None
[2026-04-01T11:03:42.374+0530] {processor.py:183} INFO - Processing /Users/aswin/Documents/data-engineering-practice/ETL_Airflow_DBT/airflow/dags/dbt_pipeline.py took 0.077 seconds
[2026-04-01T11:07:38.692+0530] {processor.py:161} INFO - Started process (PID=89052) to work on /Users/aswin/Documents/data-engineering-practice/ETL_Airflow_DBT/airflow/dags/dbt_pipeline.py
[2026-04-01T11:07:38.692+0530] {processor.py:830} INFO - Processing file /Users/aswin/Documents/data-engineering-practice/ETL_Airflow_DBT/airflow/dags/dbt_pipeline.py for tasks to queue
[2026-04-01T11:07:38.692+0530] {logging_mixin.py:188} INFO - [2026-04-01T11:07:38.692+0530] {dagbag.py:540} INFO - Filling up the DagBag from /Users/aswin/Documents/data-engineering-practice/ETL_Airflow_DBT/airflow/dags/dbt_pipeline.py
[2026-04-01T11:07:38.695+0530] {processor.py:840} INFO - DAG(s) 'dbt_pipeline' retrieved from /Users/aswin/Documents/data-engineering-practice/ETL_Airflow_DBT/airflow/dags/dbt_pipeline.py
[2026-04-01T11:07:38.745+0530] {logging_mixin.py:188} INFO - [2026-04-01T11:07:38.745+0530] {dag.py:3096} INFO - Sync 1 DAGs
[2026-04-01T11:07:38.752+0530] {logging_mixin.py:188} INFO - [2026-04-01T11:07:38.752+0530] {dag.py:3954} INFO - Setting next_dagrun for dbt_pipeline to None, run_after=None
[2026-04-01T11:07:38.762+0530] {processor.py:183} INFO - Processing /Users/aswin/Documents/data-engineering-practice/ETL_Airflow_DBT/airflow/dags/dbt_pipeline.py took 0.072 seconds
[2026-04-01T11:08:14.591+0530] {processor.py:161} INFO - Started process (PID=89148) to work on /Users/aswin/Documents/data-engineering-practice/ETL_Airflow_DBT/airflow/dags/dbt_pipeline.py
[2026-04-01T11:08:14.591+0530] {processor.py:830} INFO - Processing file /Users/aswin/Documents/data-engineering-practice/ETL_Airflow_DBT/airflow/dags/dbt_pipeline.py for tasks to queue
[2026-04-01T11:08:14.591+0530] {logging_mixin.py:188} INFO - [2026-04-01T11:08:14.591+0530] {dagbag.py:540} INFO - Filling up the DagBag from /Users/aswin/Documents/data-engineering-practice/ETL_Airflow_DBT/airflow/dags/dbt_pipeline.py
[2026-04-01T11:08:14.594+0530] {processor.py:840} INFO - DAG(s) 'dbt_pipeline' retrieved from /Users/aswin/Documents/data-engineering-practice/ETL_Airflow_DBT/airflow/dags/dbt_pipeline.py
[2026-04-01T11:08:14.650+0530] {logging_mixin.py:188} INFO - [2026-04-01T11:08:14.650+0530] {dag.py:3096} INFO - Sync 1 DAGs
[2026-04-01T11:08:14.656+0530] {logging_mixin.py:188} INFO - [2026-04-01T11:08:14.656+0530] {dag.py:3954} INFO - Setting next_dagrun for dbt_pipeline to None, run_after=None
[2026-04-01T11:08:14.664+0530] {processor.py:183} INFO - Processing /Users/aswin/Documents/data-engineering-practice/ETL_Airflow_DBT/airflow/dags/dbt_pipeline.py took 0.075 seconds
[2026-04-01T11:22:11.946+0530] {processor.py:161} INFO - Started process (PID=89208) to work on /Users/aswin/Documents/data-engineering-practice/ETL_Airflow_DBT/airflow/dags/dbt_pipeline.py
[2026-04-01T11:22:11.946+0530] {processor.py:830} INFO - Processing file /Users/aswin/Documents/data-engineering-practice/ETL_Airflow_DBT/airflow/dags/dbt_pipeline.py for tasks to queue
[2026-04-01T11:22:11.946+0530] {logging_mixin.py:188} INFO - [2026-04-01T11:22:11.946+0530] {dagbag.py:540} INFO - Filling up the DagBag from /Users/aswin/Documents/data-engineering-practice/ETL_Airflow_DBT/airflow/dags/dbt_pipeline.py
[2026-04-01T11:22:11.949+0530] {processor.py:840} INFO - DAG(s) 'dbt_pipeline' retrieved from /Users/aswin/Documents/data-engineering-practice/ETL_Airflow_DBT/airflow/dags/dbt_pipeline.py
[2026-04-01T11:22:11.999+0530] {logging_mixin.py:188} INFO - [2026-04-01T11:22:11.999+0530] {dag.py:3096} INFO - Sync 1 DAGs
[2026-04-01T11:22:12.005+0530] {logging_mixin.py:188} INFO - [2026-04-01T11:22:12.005+0530] {dag.py:3954} INFO - Setting next_dagrun for dbt_pipeline to None, run_after=None
[2026-04-01T11:22:12.013+0530] {processor.py:183} INFO - Processing /Users/aswin/Documents/data-engineering-practice/ETL_Airflow_DBT/airflow/dags/dbt_pipeline.py took 0.069 seconds
[2026-04-01T11:23:13.373+0530] {processor.py:161} INFO - Started process (PID=89285) to work on /Users/aswin/Documents/data-engineering-practice/ETL_Airflow_DBT/airflow/dags/dbt_pipeline.py
[2026-04-01T11:23:13.373+0530] {processor.py:830} INFO - Processing file /Users/aswin/Documents/data-engineering-practice/ETL_Airflow_DBT/airflow/dags/dbt_pipeline.py for tasks to queue
[2026-04-01T11:23:13.373+0530] {logging_mixin.py:188} INFO - [2026-04-01T11:23:13.373+0530] {dagbag.py:540} INFO - Filling up the DagBag from /Users/aswin/Documents/data-engineering-practice/ETL_Airflow_DBT/airflow/dags/dbt_pipeline.py
[2026-04-01T11:23:13.376+0530] {processor.py:840} INFO - DAG(s) 'dbt_pipeline' retrieved from /Users/aswin/Documents/data-engineering-practice/ETL_Airflow_DBT/airflow/dags/dbt_pipeline.py
[2026-04-01T11:23:13.428+0530] {logging_mixin.py:188} INFO - [2026-04-01T11:23:13.428+0530] {dag.py:3096} INFO - Sync 1 DAGs
[2026-04-01T11:23:13.436+0530] {logging_mixin.py:188} INFO - [2026-04-01T11:23:13.436+0530] {dag.py:3954} INFO - Setting next_dagrun for dbt_pipeline to None, run_after=None
[2026-04-01T11:23:13.447+0530] {processor.py:183} INFO - Processing /Users/aswin/Documents/data-engineering-practice/ETL_Airflow_DBT/airflow/dags/dbt_pipeline.py took 0.076 seconds
[2026-04-01T11:23:53.558+0530] {processor.py:161} INFO - Started process (PID=89370) to work on /Users/aswin/Documents/data-engineering-practice/ETL_Airflow_DBT/airflow/dags/dbt_pipeline.py
[2026-04-01T11:23:53.558+0530] {processor.py:830} INFO - Processing file /Users/aswin/Documents/data-engineering-practice/ETL_Airflow_DBT/airflow/dags/dbt_pipeline.py for tasks to queue
[2026-04-01T11:23:53.559+0530] {logging_mixin.py:188} INFO - [2026-04-01T11:23:53.559+0530] {dagbag.py:540} INFO - Filling up the DagBag from /Users/aswin/Documents/data-engineering-practice/ETL_Airflow_DBT/airflow/dags/dbt_pipeline.py
[2026-04-01T11:23:53.562+0530] {processor.py:840} INFO - DAG(s) 'dbt_pipeline' retrieved from /Users/aswin/Documents/data-engineering-practice/ETL_Airflow_DBT/airflow/dags/dbt_pipeline.py
[2026-04-01T11:23:53.620+0530] {logging_mixin.py:188} INFO - [2026-04-01T11:23:53.620+0530] {dag.py:3096} INFO - Sync 1 DAGs
[2026-04-01T11:23:53.628+0530] {logging_mixin.py:188} INFO - [2026-04-01T11:23:53.628+0530] {dag.py:3954} INFO - Setting next_dagrun for dbt_pipeline to None, run_after=None
[2026-04-01T11:23:53.637+0530] {processor.py:183} INFO - Processing /Users/aswin/Documents/data-engineering-practice/ETL_Airflow_DBT/airflow/dags/dbt_pipeline.py took 0.080 seconds
[2026-04-01T11:24:57.428+0530] {processor.py:161} INFO - Started process (PID=89447) to work on /Users/aswin/Documents/data-engineering-practice/ETL_Airflow_DBT/airflow/dags/dbt_pipeline.py
[2026-04-01T11:24:57.428+0530] {processor.py:830} INFO - Processing file /Users/aswin/Documents/data-engineering-practice/ETL_Airflow_DBT/airflow/dags/dbt_pipeline.py for tasks to queue
[2026-04-01T11:24:57.428+0530] {logging_mixin.py:188} INFO - [2026-04-01T11:24:57.428+0530] {dagbag.py:540} INFO - Filling up the DagBag from /Users/aswin/Documents/data-engineering-practice/ETL_Airflow_DBT/airflow/dags/dbt_pipeline.py
[2026-04-01T11:24:57.431+0530] {processor.py:840} INFO - DAG(s) 'dbt_pipeline' retrieved from /Users/aswin/Documents/data-engineering-practice/ETL_Airflow_DBT/airflow/dags/dbt_pipeline.py
[2026-04-01T11:24:57.483+0530] {logging_mixin.py:188} INFO - [2026-04-01T11:24:57.483+0530] {dag.py:3096} INFO - Sync 1 DAGs
[2026-04-01T11:24:57.490+0530] {logging_mixin.py:188} INFO - [2026-04-01T11:24:57.490+0530] {dag.py:3954} INFO - Setting next_dagrun for dbt_pipeline to None, run_after=None
[2026-04-01T11:24:57.501+0530] {processor.py:183} INFO - Processing /Users/aswin/Documents/data-engineering-practice/ETL_Airflow_DBT/airflow/dags/dbt_pipeline.py took 0.074 seconds
[2026-04-01T11:25:37.468+0530] {processor.py:161} INFO - Started process (PID=89531) to work on /Users/aswin/Documents/data-engineering-practice/ETL_Airflow_DBT/airflow/dags/dbt_pipeline.py
[2026-04-01T11:25:37.468+0530] {processor.py:830} INFO - Processing file /Users/aswin/Documents/data-engineering-practice/ETL_Airflow_DBT/airflow/dags/dbt_pipeline.py for tasks to queue
[2026-04-01T11:25:37.469+0530] {logging_mixin.py:188} INFO - [2026-04-01T11:25:37.469+0530] {dagbag.py:540} INFO - Filling up the DagBag from /Users/aswin/Documents/data-engineering-practice/ETL_Airflow_DBT/airflow/dags/dbt_pipeline.py
[2026-04-01T11:25:37.472+0530] {processor.py:840} INFO - DAG(s) 'dbt_pipeline' retrieved from /Users/aswin/Documents/data-engineering-practice/ETL_Airflow_DBT/airflow/dags/dbt_pipeline.py
[2026-04-01T11:25:37.536+0530] {logging_mixin.py:188} INFO - [2026-04-01T11:25:37.536+0530] {dag.py:3096} INFO - Sync 1 DAGs
[2026-04-01T11:25:37.543+0530] {logging_mixin.py:188} INFO - [2026-04-01T11:25:37.543+0530] {dag.py:3954} INFO - Setting next_dagrun for dbt_pipeline to None, run_after=None
[2026-04-01T11:25:37.552+0530] {processor.py:183} INFO - Processing /Users/aswin/Documents/data-engineering-practice/ETL_Airflow_DBT/airflow/dags/dbt_pipeline.py took 0.085 seconds
[2026-04-01T11:43:02.642+0530] {processor.py:161} INFO - Started process (PID=89637) to work on /Users/aswin/Documents/data-engineering-practice/ETL_Airflow_DBT/airflow/dags/dbt_pipeline.py
[2026-04-01T11:43:02.642+0530] {processor.py:830} INFO - Processing file /Users/aswin/Documents/data-engineering-practice/ETL_Airflow_DBT/airflow/dags/dbt_pipeline.py for tasks to queue
[2026-04-01T11:43:02.643+0530] {logging_mixin.py:188} INFO - [2026-04-01T11:43:02.642+0530] {dagbag.py:540} INFO - Filling up the DagBag from /Users/aswin/Documents/data-engineering-practice/ETL_Airflow_DBT/airflow/dags/dbt_pipeline.py
[2026-04-01T11:43:02.645+0530] {processor.py:840} INFO - DAG(s) 'dbt_pipeline' retrieved from /Users/aswin/Documents/data-engineering-practice/ETL_Airflow_DBT/airflow/dags/dbt_pipeline.py
[2026-04-01T11:43:02.696+0530] {logging_mixin.py:188} INFO - [2026-04-01T11:43:02.696+0530] {dag.py:3096} INFO - Sync 1 DAGs
[2026-04-01T11:43:02.704+0530] {logging_mixin.py:188} INFO - [2026-04-01T11:43:02.703+0530] {dag.py:3954} INFO - Setting next_dagrun for dbt_pipeline to None, run_after=None
[2026-04-01T11:43:02.716+0530] {processor.py:183} INFO - Processing /Users/aswin/Documents/data-engineering-practice/ETL_Airflow_DBT/airflow/dags/dbt_pipeline.py took 0.076 seconds
[2026-04-01T11:44:06.730+0530] {processor.py:161} INFO - Started process (PID=89715) to work on /Users/aswin/Documents/data-engineering-practice/ETL_Airflow_DBT/airflow/dags/dbt_pipeline.py
[2026-04-01T11:44:06.730+0530] {processor.py:830} INFO - Processing file /Users/aswin/Documents/data-engineering-practice/ETL_Airflow_DBT/airflow/dags/dbt_pipeline.py for tasks to queue
[2026-04-01T11:44:06.730+0530] {logging_mixin.py:188} INFO - [2026-04-01T11:44:06.730+0530] {dagbag.py:540} INFO - Filling up the DagBag from /Users/aswin/Documents/data-engineering-practice/ETL_Airflow_DBT/airflow/dags/dbt_pipeline.py
[2026-04-01T11:44:06.733+0530] {processor.py:840} INFO - DAG(s) 'dbt_pipeline' retrieved from /Users/aswin/Documents/data-engineering-practice/ETL_Airflow_DBT/airflow/dags/dbt_pipeline.py
[2026-04-01T11:44:06.785+0530] {logging_mixin.py:188} INFO - [2026-04-01T11:44:06.785+0530] {dag.py:3096} INFO - Sync 1 DAGs
[2026-04-01T11:44:06.792+0530] {logging_mixin.py:188} INFO - [2026-04-01T11:44:06.792+0530] {dag.py:3954} INFO - Setting next_dagrun for dbt_pipeline to None, run_after=None
[2026-04-01T11:44:06.803+0530] {processor.py:183} INFO - Processing /Users/aswin/Documents/data-engineering-practice/ETL_Airflow_DBT/airflow/dags/dbt_pipeline.py took 0.075 seconds
[2026-04-01T11:45:11.046+0530] {processor.py:161} INFO - Started process (PID=89801) to work on /Users/aswin/Documents/data-engineering-practice/ETL_Airflow_DBT/airflow/dags/dbt_pipeline.py
[2026-04-01T11:45:11.046+0530] {processor.py:830} INFO - Processing file /Users/aswin/Documents/data-engineering-practice/ETL_Airflow_DBT/airflow/dags/dbt_pipeline.py for tasks to queue
[2026-04-01T11:45:11.047+0530] {logging_mixin.py:188} INFO - [2026-04-01T11:45:11.047+0530] {dagbag.py:540} INFO - Filling up the DagBag from /Users/aswin/Documents/data-engineering-practice/ETL_Airflow_DBT/airflow/dags/dbt_pipeline.py
[2026-04-01T11:45:11.051+0530] {processor.py:840} INFO - DAG(s) 'dbt_pipeline' retrieved from /Users/aswin/Documents/data-engineering-practice/ETL_Airflow_DBT/airflow/dags/dbt_pipeline.py
[2026-04-01T11:45:11.108+0530] {logging_mixin.py:188} INFO - [2026-04-01T11:45:11.108+0530] {dag.py:3096} INFO - Sync 1 DAGs
[2026-04-01T11:45:11.116+0530] {logging_mixin.py:188} INFO - [2026-04-01T11:45:11.116+0530] {dag.py:3954} INFO - Setting next_dagrun for dbt_pipeline to None, run_after=None
[2026-04-01T11:45:11.124+0530] {processor.py:183} INFO - Processing /Users/aswin/Documents/data-engineering-practice/ETL_Airflow_DBT/airflow/dags/dbt_pipeline.py took 0.079 seconds
[2026-04-01T12:02:00.450+0530] {processor.py:161} INFO - Started process (PID=89904) to work on /Users/aswin/Documents/data-engineering-practice/ETL_Airflow_DBT/airflow/dags/dbt_pipeline.py
[2026-04-01T12:02:00.451+0530] {processor.py:830} INFO - Processing file /Users/aswin/Documents/data-engineering-practice/ETL_Airflow_DBT/airflow/dags/dbt_pipeline.py for tasks to queue
[2026-04-01T12:02:00.451+0530] {logging_mixin.py:188} INFO - [2026-04-01T12:02:00.451+0530] {dagbag.py:540} INFO - Filling up the DagBag from /Users/aswin/Documents/data-engineering-practice/ETL_Airflow_DBT/airflow/dags/dbt_pipeline.py
[2026-04-01T12:02:00.454+0530] {processor.py:840} INFO - DAG(s) 'dbt_pipeline' retrieved from /Users/aswin/Documents/data-engineering-practice/ETL_Airflow_DBT/airflow/dags/dbt_pipeline.py
[2026-04-01T12:02:00.505+0530] {logging_mixin.py:188} INFO - [2026-04-01T12:02:00.505+0530] {dag.py:3096} INFO - Sync 1 DAGs
[2026-04-01T12:02:00.513+0530] {logging_mixin.py:188} INFO - [2026-04-01T12:02:00.513+0530] {dag.py:3954} INFO - Setting next_dagrun for dbt_pipeline to None, run_after=None
[2026-04-01T12:02:00.527+0530] {processor.py:183} INFO - Processing /Users/aswin/Documents/data-engineering-practice/ETL_Airflow_DBT/airflow/dags/dbt_pipeline.py took 0.078 seconds
[2026-04-01T12:03:05.032+0530] {processor.py:161} INFO - Started process (PID=89996) to work on /Users/aswin/Documents/data-engineering-practice/ETL_Airflow_DBT/airflow/dags/dbt_pipeline.py
[2026-04-01T12:03:05.033+0530] {processor.py:830} INFO - Processing file /Users/aswin/Documents/data-engineering-practice/ETL_Airflow_DBT/airflow/dags/dbt_pipeline.py for tasks to queue
[2026-04-01T12:03:05.033+0530] {logging_mixin.py:188} INFO - [2026-04-01T12:03:05.033+0530] {dagbag.py:540} INFO - Filling up the DagBag from /Users/aswin/Documents/data-engineering-practice/ETL_Airflow_DBT/airflow/dags/dbt_pipeline.py
[2026-04-01T12:03:05.036+0530] {processor.py:840} INFO - DAG(s) 'dbt_pipeline' retrieved from /Users/aswin/Documents/data-engineering-practice/ETL_Airflow_DBT/airflow/dags/dbt_pipeline.py
[2026-04-01T12:03:05.092+0530] {logging_mixin.py:188} INFO - [2026-04-01T12:03:05.092+0530] {dag.py:3096} INFO - Sync 1 DAGs
[2026-04-01T12:03:05.099+0530] {logging_mixin.py:188} INFO - [2026-04-01T12:03:05.099+0530] {dag.py:3954} INFO - Setting next_dagrun for dbt_pipeline to None, run_after=None
[2026-04-01T12:03:05.111+0530] {processor.py:183} INFO - Processing /Users/aswin/Documents/data-engineering-practice/ETL_Airflow_DBT/airflow/dags/dbt_pipeline.py took 0.079 seconds
[2026-04-01T12:04:09.659+0530] {processor.py:161} INFO - Started process (PID=90078) to work on /Users/aswin/Documents/data-engineering-practice/ETL_Airflow_DBT/airflow/dags/dbt_pipeline.py
[2026-04-01T12:04:09.660+0530] {processor.py:830} INFO - Processing file /Users/aswin/Documents/data-engineering-practice/ETL_Airflow_DBT/airflow/dags/dbt_pipeline.py for tasks to queue
[2026-04-01T12:04:09.660+0530] {logging_mixin.py:188} INFO - [2026-04-01T12:04:09.660+0530] {dagbag.py:540} INFO - Filling up the DagBag from /Users/aswin/Documents/data-engineering-practice/ETL_Airflow_DBT/airflow/dags/dbt_pipeline.py
[2026-04-01T12:04:09.663+0530] {processor.py:840} INFO - DAG(s) 'dbt_pipeline' retrieved from /Users/aswin/Documents/data-engineering-practice/ETL_Airflow_DBT/airflow/dags/dbt_pipeline.py
[2026-04-01T12:04:09.714+0530] {logging_mixin.py:188} INFO - [2026-04-01T12:04:09.714+0530] {dag.py:3096} INFO - Sync 1 DAGs
[2026-04-01T12:04:09.722+0530] {logging_mixin.py:188} INFO - [2026-04-01T12:04:09.722+0530] {dag.py:3954} INFO - Setting next_dagrun for dbt_pipeline to None, run_after=None
[2026-04-01T12:04:09.733+0530] {processor.py:183} INFO - Processing /Users/aswin/Documents/data-engineering-practice/ETL_Airflow_DBT/airflow/dags/dbt_pipeline.py took 0.075 seconds
[2026-04-01T12:22:03.511+0530] {processor.py:161} INFO - Started process (PID=90161) to work on /Users/aswin/Documents/data-engineering-practice/ETL_Airflow_DBT/airflow/dags/dbt_pipeline.py
[2026-04-01T12:22:03.512+0530] {processor.py:830} INFO - Processing file /Users/aswin/Documents/data-engineering-practice/ETL_Airflow_DBT/airflow/dags/dbt_pipeline.py for tasks to queue
[2026-04-01T12:22:03.512+0530] {logging_mixin.py:188} INFO - [2026-04-01T12:22:03.512+0530] {dagbag.py:540} INFO - Filling up the DagBag from /Users/aswin/Documents/data-engineering-practice/ETL_Airflow_DBT/airflow/dags/dbt_pipeline.py
[2026-04-01T12:22:03.515+0530] {processor.py:840} INFO - DAG(s) 'dbt_pipeline' retrieved from /Users/aswin/Documents/data-engineering-practice/ETL_Airflow_DBT/airflow/dags/dbt_pipeline.py
[2026-04-01T12:22:03.566+0530] {logging_mixin.py:188} INFO - [2026-04-01T12:22:03.566+0530] {dag.py:3096} INFO - Sync 1 DAGs
[2026-04-01T12:22:03.574+0530] {logging_mixin.py:188} INFO - [2026-04-01T12:22:03.574+0530] {dag.py:3954} INFO - Setting next_dagrun for dbt_pipeline to None, run_after=None
[2026-04-01T12:22:03.582+0530] {processor.py:183} INFO - Processing /Users/aswin/Documents/data-engineering-practice/ETL_Airflow_DBT/airflow/dags/dbt_pipeline.py took 0.073 seconds
[2026-04-01T12:23:14.448+0530] {processor.py:161} INFO - Started process (PID=90280) to work on /Users/aswin/Documents/data-engineering-practice/ETL_Airflow_DBT/airflow/dags/dbt_pipeline.py
[2026-04-01T12:23:14.450+0530] {processor.py:830} INFO - Processing file /Users/aswin/Documents/data-engineering-practice/ETL_Airflow_DBT/airflow/dags/dbt_pipeline.py for tasks to queue
[2026-04-01T12:23:14.450+0530] {logging_mixin.py:188} INFO - [2026-04-01T12:23:14.450+0530] {dagbag.py:540} INFO - Filling up the DagBag from /Users/aswin/Documents/data-engineering-practice/ETL_Airflow_DBT/airflow/dags/dbt_pipeline.py
[2026-04-01T12:23:14.456+0530] {processor.py:840} INFO - DAG(s) 'dbt_pipeline' retrieved from /Users/aswin/Documents/data-engineering-practice/ETL_Airflow_DBT/airflow/dags/dbt_pipeline.py
[2026-04-01T12:23:14.563+0530] {logging_mixin.py:188} INFO - [2026-04-01T12:23:14.562+0530] {dag.py:3096} INFO - Sync 1 DAGs
[2026-04-01T12:23:14.575+0530] {logging_mixin.py:188} INFO - [2026-04-01T12:23:14.575+0530] {dag.py:3954} INFO - Setting next_dagrun for dbt_pipeline to None, run_after=None
[2026-04-01T12:23:14.592+0530] {processor.py:183} INFO - Processing /Users/aswin/Documents/data-engineering-practice/ETL_Airflow_DBT/airflow/dags/dbt_pipeline.py took 0.146 seconds
[2026-04-01T12:24:17.130+0530] {processor.py:161} INFO - Started process (PID=90353) to work on /Users/aswin/Documents/data-engineering-practice/ETL_Airflow_DBT/airflow/dags/dbt_pipeline.py
[2026-04-01T12:24:17.130+0530] {processor.py:830} INFO - Processing file /Users/aswin/Documents/data-engineering-practice/ETL_Airflow_DBT/airflow/dags/dbt_pipeline.py for tasks to queue
[2026-04-01T12:24:17.130+0530] {logging_mixin.py:188} INFO - [2026-04-01T12:24:17.130+0530] {dagbag.py:540} INFO - Filling up the DagBag from /Users/aswin/Documents/data-engineering-practice/ETL_Airflow_DBT/airflow/dags/dbt_pipeline.py
[2026-04-01T12:24:17.133+0530] {processor.py:840} INFO - DAG(s) 'dbt_pipeline' retrieved from /Users/aswin/Documents/data-engineering-practice/ETL_Airflow_DBT/airflow/dags/dbt_pipeline.py
[2026-04-01T12:24:17.185+0530] {logging_mixin.py:188} INFO - [2026-04-01T12:24:17.185+0530] {dag.py:3096} INFO - Sync 1 DAGs
[2026-04-01T12:24:17.192+0530] {logging_mixin.py:188} INFO - [2026-04-01T12:24:17.192+0530] {dag.py:3954} INFO - Setting next_dagrun for dbt_pipeline to None, run_after=None
[2026-04-01T12:24:17.202+0530] {processor.py:183} INFO - Processing /Users/aswin/Documents/data-engineering-practice/ETL_Airflow_DBT/airflow/dags/dbt_pipeline.py took 0.073 seconds
[2026-04-01T12:25:21.989+0530] {processor.py:161} INFO - Started process (PID=90435) to work on /Users/aswin/Documents/data-engineering-practice/ETL_Airflow_DBT/airflow/dags/dbt_pipeline.py
[2026-04-01T12:25:21.991+0530] {processor.py:830} INFO - Processing file /Users/aswin/Documents/data-engineering-practice/ETL_Airflow_DBT/airflow/dags/dbt_pipeline.py for tasks to queue
[2026-04-01T12:25:21.991+0530] {logging_mixin.py:188} INFO - [2026-04-01T12:25:21.991+0530] {dagbag.py:540} INFO - Filling up the DagBag from /Users/aswin/Documents/data-engineering-practice/ETL_Airflow_DBT/airflow/dags/dbt_pipeline.py
[2026-04-01T12:25:21.994+0530] {processor.py:840} INFO - DAG(s) 'dbt_pipeline' retrieved from /Users/aswin/Documents/data-engineering-practice/ETL_Airflow_DBT/airflow/dags/dbt_pipeline.py
[2026-04-01T12:25:22.043+0530] {logging_mixin.py:188} INFO - [2026-04-01T12:25:22.042+0530] {dag.py:3096} INFO - Sync 1 DAGs
[2026-04-01T12:25:22.050+0530] {logging_mixin.py:188} INFO - [2026-04-01T12:25:22.050+0530] {dag.py:3954} INFO - Setting next_dagrun for dbt_pipeline to None, run_after=None
[2026-04-01T12:25:22.060+0530] {processor.py:183} INFO - Processing /Users/aswin/Documents/data-engineering-practice/ETL_Airflow_DBT/airflow/dags/dbt_pipeline.py took 0.071 seconds
[2026-04-01T12:43:33.433+0530] {processor.py:161} INFO - Started process (PID=90519) to work on /Users/aswin/Documents/data-engineering-practice/ETL_Airflow_DBT/airflow/dags/dbt_pipeline.py
[2026-04-01T12:43:33.434+0530] {processor.py:830} INFO - Processing file /Users/aswin/Documents/data-engineering-practice/ETL_Airflow_DBT/airflow/dags/dbt_pipeline.py for tasks to queue
[2026-04-01T12:43:33.434+0530] {logging_mixin.py:188} INFO - [2026-04-01T12:43:33.434+0530] {dagbag.py:540} INFO - Filling up the DagBag from /Users/aswin/Documents/data-engineering-practice/ETL_Airflow_DBT/airflow/dags/dbt_pipeline.py
[2026-04-01T12:43:33.437+0530] {processor.py:840} INFO - DAG(s) 'dbt_pipeline' retrieved from /Users/aswin/Documents/data-engineering-practice/ETL_Airflow_DBT/airflow/dags/dbt_pipeline.py
[2026-04-01T12:43:33.488+0530] {logging_mixin.py:188} INFO - [2026-04-01T12:43:33.488+0530] {dag.py:3096} INFO - Sync 1 DAGs
[2026-04-01T12:43:33.493+0530] {logging_mixin.py:188} INFO - [2026-04-01T12:43:33.493+0530] {dag.py:3954} INFO - Setting next_dagrun for dbt_pipeline to None, run_after=None
[2026-04-01T12:43:33.509+0530] {processor.py:183} INFO - Processing /Users/aswin/Documents/data-engineering-practice/ETL_Airflow_DBT/airflow/dags/dbt_pipeline.py took 0.077 seconds
[2026-04-01T12:44:37.835+0530] {processor.py:161} INFO - Started process (PID=90598) to work on /Users/aswin/Documents/data-engineering-practice/ETL_Airflow_DBT/airflow/dags/dbt_pipeline.py
[2026-04-01T12:44:37.836+0530] {processor.py:830} INFO - Processing file /Users/aswin/Documents/data-engineering-practice/ETL_Airflow_DBT/airflow/dags/dbt_pipeline.py for tasks to queue
[2026-04-01T12:44:37.836+0530] {logging_mixin.py:188} INFO - [2026-04-01T12:44:37.836+0530] {dagbag.py:540} INFO - Filling up the DagBag from /Users/aswin/Documents/data-engineering-practice/ETL_Airflow_DBT/airflow/dags/dbt_pipeline.py
[2026-04-01T12:44:37.839+0530] {processor.py:840} INFO - DAG(s) 'dbt_pipeline' retrieved from /Users/aswin/Documents/data-engineering-practice/ETL_Airflow_DBT/airflow/dags/dbt_pipeline.py
[2026-04-01T12:44:37.896+0530] {logging_mixin.py:188} INFO - [2026-04-01T12:44:37.896+0530] {dag.py:3096} INFO - Sync 1 DAGs
[2026-04-01T12:44:37.903+0530] {logging_mixin.py:188} INFO - [2026-04-01T12:44:37.903+0530] {dag.py:3954} INFO - Setting next_dagrun for dbt_pipeline to None, run_after=None
[2026-04-01T12:44:37.913+0530] {processor.py:183} INFO - Processing /Users/aswin/Documents/data-engineering-practice/ETL_Airflow_DBT/airflow/dags/dbt_pipeline.py took 0.079 seconds
[2026-04-01T12:45:42.021+0530] {processor.py:161} INFO - Started process (PID=90678) to work on /Users/aswin/Documents/data-engineering-practice/ETL_Airflow_DBT/airflow/dags/dbt_pipeline.py
[2026-04-01T12:45:42.021+0530] {processor.py:830} INFO - Processing file /Users/aswin/Documents/data-engineering-practice/ETL_Airflow_DBT/airflow/dags/dbt_pipeline.py for tasks to queue
[2026-04-01T12:45:42.022+0530] {logging_mixin.py:188} INFO - [2026-04-01T12:45:42.022+0530] {dagbag.py:540} INFO - Filling up the DagBag from /Users/aswin/Documents/data-engineering-practice/ETL_Airflow_DBT/airflow/dags/dbt_pipeline.py
[2026-04-01T12:45:42.024+0530] {processor.py:840} INFO - DAG(s) 'dbt_pipeline' retrieved from /Users/aswin/Documents/data-engineering-practice/ETL_Airflow_DBT/airflow/dags/dbt_pipeline.py
[2026-04-01T12:45:42.076+0530] {logging_mixin.py:188} INFO - [2026-04-01T12:45:42.076+0530] {dag.py:3096} INFO - Sync 1 DAGs
[2026-04-01T12:45:42.083+0530] {logging_mixin.py:188} INFO - [2026-04-01T12:45:42.083+0530] {dag.py:3954} INFO - Setting next_dagrun for dbt_pipeline to None, run_after=None
[2026-04-01T12:45:42.093+0530] {processor.py:183} INFO - Processing /Users/aswin/Documents/data-engineering-practice/ETL_Airflow_DBT/airflow/dags/dbt_pipeline.py took 0.073 seconds
[2026-04-01T13:03:27.909+0530] {processor.py:161} INFO - Started process (PID=90768) to work on /Users/aswin/Documents/data-engineering-practice/ETL_Airflow_DBT/airflow/dags/dbt_pipeline.py
[2026-04-01T13:03:27.910+0530] {processor.py:830} INFO - Processing file /Users/aswin/Documents/data-engineering-practice/ETL_Airflow_DBT/airflow/dags/dbt_pipeline.py for tasks to queue
[2026-04-01T13:03:27.910+0530] {logging_mixin.py:188} INFO - [2026-04-01T13:03:27.910+0530] {dagbag.py:540} INFO - Filling up the DagBag from /Users/aswin/Documents/data-engineering-practice/ETL_Airflow_DBT/airflow/dags/dbt_pipeline.py
[2026-04-01T13:03:27.913+0530] {processor.py:840} INFO - DAG(s) 'dbt_pipeline' retrieved from /Users/aswin/Documents/data-engineering-practice/ETL_Airflow_DBT/airflow/dags/dbt_pipeline.py
[2026-04-01T13:03:27.963+0530] {logging_mixin.py:188} INFO - [2026-04-01T13:03:27.963+0530] {dag.py:3096} INFO - Sync 1 DAGs
[2026-04-01T13:03:27.969+0530] {logging_mixin.py:188} INFO - [2026-04-01T13:03:27.969+0530] {dag.py:3954} INFO - Setting next_dagrun for dbt_pipeline to None, run_after=None
[2026-04-01T13:03:27.980+0530] {processor.py:183} INFO - Processing /Users/aswin/Documents/data-engineering-practice/ETL_Airflow_DBT/airflow/dags/dbt_pipeline.py took 0.072 seconds
[2026-04-01T13:04:33.555+0530] {processor.py:161} INFO - Started process (PID=90865) to work on /Users/aswin/Documents/data-engineering-practice/ETL_Airflow_DBT/airflow/dags/dbt_pipeline.py
[2026-04-01T13:04:33.556+0530] {processor.py:830} INFO - Processing file /Users/aswin/Documents/data-engineering-practice/ETL_Airflow_DBT/airflow/dags/dbt_pipeline.py for tasks to queue
[2026-04-01T13:04:33.557+0530] {logging_mixin.py:188} INFO - [2026-04-01T13:04:33.557+0530] {dagbag.py:540} INFO - Filling up the DagBag from /Users/aswin/Documents/data-engineering-practice/ETL_Airflow_DBT/airflow/dags/dbt_pipeline.py
[2026-04-01T13:04:33.559+0530] {processor.py:840} INFO - DAG(s) 'dbt_pipeline' retrieved from /Users/aswin/Documents/data-engineering-practice/ETL_Airflow_DBT/airflow/dags/dbt_pipeline.py
[2026-04-01T13:04:33.610+0530] {logging_mixin.py:188} INFO - [2026-04-01T13:04:33.610+0530] {dag.py:3096} INFO - Sync 1 DAGs
[2026-04-01T13:04:33.615+0530] {logging_mixin.py:188} INFO - [2026-04-01T13:04:33.615+0530] {dag.py:3954} INFO - Setting next_dagrun for dbt_pipeline to None, run_after=None
[2026-04-01T13:04:33.631+0530] {processor.py:183} INFO - Processing /Users/aswin/Documents/data-engineering-practice/ETL_Airflow_DBT/airflow/dags/dbt_pipeline.py took 0.077 seconds
[2026-04-01T13:19:51.481+0530] {processor.py:161} INFO - Started process (PID=90958) to work on /Users/aswin/Documents/data-engineering-practice/ETL_Airflow_DBT/airflow/dags/dbt_pipeline.py
[2026-04-01T13:19:51.481+0530] {processor.py:830} INFO - Processing file /Users/aswin/Documents/data-engineering-practice/ETL_Airflow_DBT/airflow/dags/dbt_pipeline.py for tasks to queue
[2026-04-01T13:19:51.481+0530] {logging_mixin.py:188} INFO - [2026-04-01T13:19:51.481+0530] {dagbag.py:540} INFO - Filling up the DagBag from /Users/aswin/Documents/data-engineering-practice/ETL_Airflow_DBT/airflow/dags/dbt_pipeline.py
[2026-04-01T13:19:51.484+0530] {processor.py:840} INFO - DAG(s) 'dbt_pipeline' retrieved from /Users/aswin/Documents/data-engineering-practice/ETL_Airflow_DBT/airflow/dags/dbt_pipeline.py
[2026-04-01T13:19:51.537+0530] {logging_mixin.py:188} INFO - [2026-04-01T13:19:51.536+0530] {dag.py:3096} INFO - Sync 1 DAGs
[2026-04-01T13:19:51.545+0530] {logging_mixin.py:188} INFO - [2026-04-01T13:19:51.545+0530] {dag.py:3954} INFO - Setting next_dagrun for dbt_pipeline to None, run_after=None
[2026-04-01T13:19:51.557+0530] {processor.py:183} INFO - Processing /Users/aswin/Documents/data-engineering-practice/ETL_Airflow_DBT/airflow/dags/dbt_pipeline.py took 0.077 seconds
[2026-04-01T13:21:24.901+0530] {processor.py:161} INFO - Started process (PID=91066) to work on /Users/aswin/Documents/data-engineering-practice/ETL_Airflow_DBT/airflow/dags/dbt_pipeline.py
[2026-04-01T13:21:24.901+0530] {processor.py:830} INFO - Processing file /Users/aswin/Documents/data-engineering-practice/ETL_Airflow_DBT/airflow/dags/dbt_pipeline.py for tasks to queue
[2026-04-01T13:21:24.902+0530] {logging_mixin.py:188} INFO - [2026-04-01T13:21:24.902+0530] {dagbag.py:540} INFO - Filling up the DagBag from /Users/aswin/Documents/data-engineering-practice/ETL_Airflow_DBT/airflow/dags/dbt_pipeline.py
[2026-04-01T13:21:24.906+0530] {processor.py:840} INFO - DAG(s) 'dbt_pipeline' retrieved from /Users/aswin/Documents/data-engineering-practice/ETL_Airflow_DBT/airflow/dags/dbt_pipeline.py
[2026-04-01T13:21:24.959+0530] {logging_mixin.py:188} INFO - [2026-04-01T13:21:24.958+0530] {dag.py:3096} INFO - Sync 1 DAGs
[2026-04-01T13:21:24.968+0530] {logging_mixin.py:188} INFO - [2026-04-01T13:21:24.968+0530] {dag.py:3954} INFO - Setting next_dagrun for dbt_pipeline to None, run_after=None
[2026-04-01T13:21:24.991+0530] {processor.py:183} INFO - Processing /Users/aswin/Documents/data-engineering-practice/ETL_Airflow_DBT/airflow/dags/dbt_pipeline.py took 0.092 seconds
[2026-04-01T13:22:29.904+0530] {processor.py:161} INFO - Started process (PID=91151) to work on /Users/aswin/Documents/data-engineering-practice/ETL_Airflow_DBT/airflow/dags/dbt_pipeline.py
[2026-04-01T13:22:29.905+0530] {processor.py:830} INFO - Processing file /Users/aswin/Documents/data-engineering-practice/ETL_Airflow_DBT/airflow/dags/dbt_pipeline.py for tasks to queue
[2026-04-01T13:22:29.905+0530] {logging_mixin.py:188} INFO - [2026-04-01T13:22:29.905+0530] {dagbag.py:540} INFO - Filling up the DagBag from /Users/aswin/Documents/data-engineering-practice/ETL_Airflow_DBT/airflow/dags/dbt_pipeline.py
[2026-04-01T13:22:29.908+0530] {processor.py:840} INFO - DAG(s) 'dbt_pipeline' retrieved from /Users/aswin/Documents/data-engineering-practice/ETL_Airflow_DBT/airflow/dags/dbt_pipeline.py
[2026-04-01T13:22:29.958+0530] {logging_mixin.py:188} INFO - [2026-04-01T13:22:29.958+0530] {dag.py:3096} INFO - Sync 1 DAGs
[2026-04-01T13:22:29.965+0530] {logging_mixin.py:188} INFO - [2026-04-01T13:22:29.965+0530] {dag.py:3954} INFO - Setting next_dagrun for dbt_pipeline to None, run_after=None
[2026-04-01T13:22:29.976+0530] {processor.py:183} INFO - Processing /Users/aswin/Documents/data-engineering-practice/ETL_Airflow_DBT/airflow/dags/dbt_pipeline.py took 0.073 seconds
[2026-04-01T13:40:51.553+0530] {processor.py:161} INFO - Started process (PID=91236) to work on /Users/aswin/Documents/data-engineering-practice/ETL_Airflow_DBT/airflow/dags/dbt_pipeline.py
[2026-04-01T13:40:51.553+0530] {processor.py:830} INFO - Processing file /Users/aswin/Documents/data-engineering-practice/ETL_Airflow_DBT/airflow/dags/dbt_pipeline.py for tasks to queue
[2026-04-01T13:40:51.554+0530] {logging_mixin.py:188} INFO - [2026-04-01T13:40:51.554+0530] {dagbag.py:540} INFO - Filling up the DagBag from /Users/aswin/Documents/data-engineering-practice/ETL_Airflow_DBT/airflow/dags/dbt_pipeline.py
[2026-04-01T13:40:51.557+0530] {processor.py:840} INFO - DAG(s) 'dbt_pipeline' retrieved from /Users/aswin/Documents/data-engineering-practice/ETL_Airflow_DBT/airflow/dags/dbt_pipeline.py
[2026-04-01T13:40:51.609+0530] {logging_mixin.py:188} INFO - [2026-04-01T13:40:51.609+0530] {dag.py:3096} INFO - Sync 1 DAGs
[2026-04-01T13:40:51.619+0530] {logging_mixin.py:188} INFO - [2026-04-01T13:40:51.619+0530] {dag.py:3954} INFO - Setting next_dagrun for dbt_pipeline to None, run_after=None
[2026-04-01T13:40:51.629+0530] {processor.py:183} INFO - Processing /Users/aswin/Documents/data-engineering-practice/ETL_Airflow_DBT/airflow/dags/dbt_pipeline.py took 0.077 seconds
[2026-04-01T13:41:37.699+0530] {processor.py:161} INFO - Started process (PID=91349) to work on /Users/aswin/Documents/data-engineering-practice/ETL_Airflow_DBT/airflow/dags/dbt_pipeline.py
[2026-04-01T13:41:37.700+0530] {processor.py:830} INFO - Processing file /Users/aswin/Documents/data-engineering-practice/ETL_Airflow_DBT/airflow/dags/dbt_pipeline.py for tasks to queue
[2026-04-01T13:41:37.700+0530] {logging_mixin.py:188} INFO - [2026-04-01T13:41:37.700+0530] {dagbag.py:540} INFO - Filling up the DagBag from /Users/aswin/Documents/data-engineering-practice/ETL_Airflow_DBT/airflow/dags/dbt_pipeline.py
[2026-04-01T13:41:37.703+0530] {processor.py:840} INFO - DAG(s) 'dbt_pipeline' retrieved from /Users/aswin/Documents/data-engineering-practice/ETL_Airflow_DBT/airflow/dags/dbt_pipeline.py
[2026-04-01T13:41:37.759+0530] {logging_mixin.py:188} INFO - [2026-04-01T13:41:37.758+0530] {dag.py:3096} INFO - Sync 1 DAGs
[2026-04-01T13:41:37.766+0530] {logging_mixin.py:188} INFO - [2026-04-01T13:41:37.766+0530] {dag.py:3954} INFO - Setting next_dagrun for dbt_pipeline to None, run_after=None
[2026-04-01T13:41:37.776+0530] {processor.py:183} INFO - Processing /Users/aswin/Documents/data-engineering-practice/ETL_Airflow_DBT/airflow/dags/dbt_pipeline.py took 0.078 seconds
[2026-04-01T13:44:36.666+0530] {processor.py:161} INFO - Started process (PID=91376) to work on /Users/aswin/Documents/data-engineering-practice/ETL_Airflow_DBT/airflow/dags/dbt_pipeline.py
[2026-04-01T13:44:36.667+0530] {processor.py:830} INFO - Processing file /Users/aswin/Documents/data-engineering-practice/ETL_Airflow_DBT/airflow/dags/dbt_pipeline.py for tasks to queue
[2026-04-01T13:44:36.667+0530] {logging_mixin.py:188} INFO - [2026-04-01T13:44:36.667+0530] {dagbag.py:540} INFO - Filling up the DagBag from /Users/aswin/Documents/data-engineering-practice/ETL_Airflow_DBT/airflow/dags/dbt_pipeline.py
[2026-04-01T13:44:36.670+0530] {processor.py:840} INFO - DAG(s) 'dbt_pipeline' retrieved from /Users/aswin/Documents/data-engineering-practice/ETL_Airflow_DBT/airflow/dags/dbt_pipeline.py
[2026-04-01T13:44:36.725+0530] {logging_mixin.py:188} INFO - [2026-04-01T13:44:36.725+0530] {dag.py:3096} INFO - Sync 1 DAGs
[2026-04-01T13:44:36.737+0530] {logging_mixin.py:188} INFO - [2026-04-01T13:44:36.737+0530] {dag.py:3954} INFO - Setting next_dagrun for dbt_pipeline to None, run_after=None
[2026-04-01T13:44:36.746+0530] {processor.py:183} INFO - Processing /Users/aswin/Documents/data-engineering-practice/ETL_Airflow_DBT/airflow/dags/dbt_pipeline.py took 0.080 seconds
[2026-04-01T14:00:45.403+0530] {processor.py:161} INFO - Started process (PID=91506) to work on /Users/aswin/Documents/data-engineering-practice/ETL_Airflow_DBT/airflow/dags/dbt_pipeline.py
[2026-04-01T14:00:45.403+0530] {processor.py:830} INFO - Processing file /Users/aswin/Documents/data-engineering-practice/ETL_Airflow_DBT/airflow/dags/dbt_pipeline.py for tasks to queue
[2026-04-01T14:00:45.404+0530] {logging_mixin.py:188} INFO - [2026-04-01T14:00:45.403+0530] {dagbag.py:540} INFO - Filling up the DagBag from /Users/aswin/Documents/data-engineering-practice/ETL_Airflow_DBT/airflow/dags/dbt_pipeline.py
[2026-04-01T14:00:45.407+0530] {processor.py:840} INFO - DAG(s) 'dbt_pipeline' retrieved from /Users/aswin/Documents/data-engineering-practice/ETL_Airflow_DBT/airflow/dags/dbt_pipeline.py
[2026-04-01T14:00:45.465+0530] {logging_mixin.py:188} INFO - [2026-04-01T14:00:45.465+0530] {dag.py:3096} INFO - Sync 1 DAGs
[2026-04-01T14:00:45.473+0530] {logging_mixin.py:188} INFO - [2026-04-01T14:00:45.472+0530] {dag.py:3954} INFO - Setting next_dagrun for dbt_pipeline to None, run_after=None
[2026-04-01T14:00:45.482+0530] {processor.py:183} INFO - Processing /Users/aswin/Documents/data-engineering-practice/ETL_Airflow_DBT/airflow/dags/dbt_pipeline.py took 0.081 seconds
[2026-04-01T14:01:49.970+0530] {processor.py:161} INFO - Started process (PID=91589) to work on /Users/aswin/Documents/data-engineering-practice/ETL_Airflow_DBT/airflow/dags/dbt_pipeline.py
[2026-04-01T14:01:49.970+0530] {processor.py:830} INFO - Processing file /Users/aswin/Documents/data-engineering-practice/ETL_Airflow_DBT/airflow/dags/dbt_pipeline.py for tasks to queue
[2026-04-01T14:01:49.970+0530] {logging_mixin.py:188} INFO - [2026-04-01T14:01:49.970+0530] {dagbag.py:540} INFO - Filling up the DagBag from /Users/aswin/Documents/data-engineering-practice/ETL_Airflow_DBT/airflow/dags/dbt_pipeline.py
[2026-04-01T14:01:49.973+0530] {processor.py:840} INFO - DAG(s) 'dbt_pipeline' retrieved from /Users/aswin/Documents/data-engineering-practice/ETL_Airflow_DBT/airflow/dags/dbt_pipeline.py
[2026-04-01T14:01:50.025+0530] {logging_mixin.py:188} INFO - [2026-04-01T14:01:50.025+0530] {dag.py:3096} INFO - Sync 1 DAGs
[2026-04-01T14:01:50.032+0530] {logging_mixin.py:188} INFO - [2026-04-01T14:01:50.032+0530] {dag.py:3954} INFO - Setting next_dagrun for dbt_pipeline to None, run_after=None
[2026-04-01T14:01:50.042+0530] {processor.py:183} INFO - Processing /Users/aswin/Documents/data-engineering-practice/ETL_Airflow_DBT/airflow/dags/dbt_pipeline.py took 0.074 seconds
[2026-04-01T14:02:54.810+0530] {processor.py:161} INFO - Started process (PID=91671) to work on /Users/aswin/Documents/data-engineering-practice/ETL_Airflow_DBT/airflow/dags/dbt_pipeline.py
[2026-04-01T14:02:54.811+0530] {processor.py:830} INFO - Processing file /Users/aswin/Documents/data-engineering-practice/ETL_Airflow_DBT/airflow/dags/dbt_pipeline.py for tasks to queue
[2026-04-01T14:02:54.811+0530] {logging_mixin.py:188} INFO - [2026-04-01T14:02:54.811+0530] {dagbag.py:540} INFO - Filling up the DagBag from /Users/aswin/Documents/data-engineering-practice/ETL_Airflow_DBT/airflow/dags/dbt_pipeline.py
[2026-04-01T14:02:54.816+0530] {processor.py:840} INFO - DAG(s) 'dbt_pipeline' retrieved from /Users/aswin/Documents/data-engineering-practice/ETL_Airflow_DBT/airflow/dags/dbt_pipeline.py
[2026-04-01T14:02:54.865+0530] {logging_mixin.py:188} INFO - [2026-04-01T14:02:54.865+0530] {dag.py:3096} INFO - Sync 1 DAGs
[2026-04-01T14:02:54.872+0530] {logging_mixin.py:188} INFO - [2026-04-01T14:02:54.872+0530] {dag.py:3954} INFO - Setting next_dagrun for dbt_pipeline to None, run_after=None
[2026-04-01T14:02:54.882+0530] {processor.py:183} INFO - Processing /Users/aswin/Documents/data-engineering-practice/ETL_Airflow_DBT/airflow/dags/dbt_pipeline.py took 0.073 seconds
[2026-04-01T14:19:31.234+0530] {processor.py:161} INFO - Started process (PID=91761) to work on /Users/aswin/Documents/data-engineering-practice/ETL_Airflow_DBT/airflow/dags/dbt_pipeline.py
[2026-04-01T14:19:31.236+0530] {processor.py:830} INFO - Processing file /Users/aswin/Documents/data-engineering-practice/ETL_Airflow_DBT/airflow/dags/dbt_pipeline.py for tasks to queue
[2026-04-01T14:19:31.236+0530] {logging_mixin.py:188} INFO - [2026-04-01T14:19:31.236+0530] {dagbag.py:540} INFO - Filling up the DagBag from /Users/aswin/Documents/data-engineering-practice/ETL_Airflow_DBT/airflow/dags/dbt_pipeline.py
[2026-04-01T14:19:31.239+0530] {processor.py:840} INFO - DAG(s) 'dbt_pipeline' retrieved from /Users/aswin/Documents/data-engineering-practice/ETL_Airflow_DBT/airflow/dags/dbt_pipeline.py
[2026-04-01T14:19:31.296+0530] {logging_mixin.py:188} INFO - [2026-04-01T14:19:31.296+0530] {dag.py:3096} INFO - Sync 1 DAGs
[2026-04-01T14:19:31.304+0530] {logging_mixin.py:188} INFO - [2026-04-01T14:19:31.304+0530] {dag.py:3954} INFO - Setting next_dagrun for dbt_pipeline to None, run_after=None
[2026-04-01T14:19:31.315+0530] {processor.py:183} INFO - Processing /Users/aswin/Documents/data-engineering-practice/ETL_Airflow_DBT/airflow/dags/dbt_pipeline.py took 0.081 seconds
[2026-04-01T14:20:36.347+0530] {processor.py:161} INFO - Started process (PID=91850) to work on /Users/aswin/Documents/data-engineering-practice/ETL_Airflow_DBT/airflow/dags/dbt_pipeline.py
[2026-04-01T14:20:36.348+0530] {processor.py:830} INFO - Processing file /Users/aswin/Documents/data-engineering-practice/ETL_Airflow_DBT/airflow/dags/dbt_pipeline.py for tasks to queue
[2026-04-01T14:20:36.349+0530] {logging_mixin.py:188} INFO - [2026-04-01T14:20:36.349+0530] {dagbag.py:540} INFO - Filling up the DagBag from /Users/aswin/Documents/data-engineering-practice/ETL_Airflow_DBT/airflow/dags/dbt_pipeline.py
[2026-04-01T14:20:36.352+0530] {processor.py:840} INFO - DAG(s) 'dbt_pipeline' retrieved from /Users/aswin/Documents/data-engineering-practice/ETL_Airflow_DBT/airflow/dags/dbt_pipeline.py
[2026-04-01T14:20:36.402+0530] {logging_mixin.py:188} INFO - [2026-04-01T14:20:36.402+0530] {dag.py:3096} INFO - Sync 1 DAGs
[2026-04-01T14:20:36.409+0530] {logging_mixin.py:188} INFO - [2026-04-01T14:20:36.409+0530] {dag.py:3954} INFO - Setting next_dagrun for dbt_pipeline to None, run_after=None
[2026-04-01T14:20:36.420+0530] {processor.py:183} INFO - Processing /Users/aswin/Documents/data-engineering-practice/ETL_Airflow_DBT/airflow/dags/dbt_pipeline.py took 0.073 seconds
[2026-04-01T14:21:16.820+0530] {processor.py:161} INFO - Started process (PID=91933) to work on /Users/aswin/Documents/data-engineering-practice/ETL_Airflow_DBT/airflow/dags/dbt_pipeline.py
[2026-04-01T14:21:16.820+0530] {processor.py:830} INFO - Processing file /Users/aswin/Documents/data-engineering-practice/ETL_Airflow_DBT/airflow/dags/dbt_pipeline.py for tasks to queue
[2026-04-01T14:21:16.821+0530] {logging_mixin.py:188} INFO - [2026-04-01T14:21:16.820+0530] {dagbag.py:540} INFO - Filling up the DagBag from /Users/aswin/Documents/data-engineering-practice/ETL_Airflow_DBT/airflow/dags/dbt_pipeline.py
[2026-04-01T14:21:16.823+0530] {processor.py:840} INFO - DAG(s) 'dbt_pipeline' retrieved from /Users/aswin/Documents/data-engineering-practice/ETL_Airflow_DBT/airflow/dags/dbt_pipeline.py
[2026-04-01T14:21:16.874+0530] {logging_mixin.py:188} INFO - [2026-04-01T14:21:16.874+0530] {dag.py:3096} INFO - Sync 1 DAGs
[2026-04-01T14:21:16.880+0530] {logging_mixin.py:188} INFO - [2026-04-01T14:21:16.880+0530] {dag.py:3954} INFO - Setting next_dagrun for dbt_pipeline to None, run_after=None
[2026-04-01T14:21:16.893+0530] {processor.py:183} INFO - Processing /Users/aswin/Documents/data-engineering-practice/ETL_Airflow_DBT/airflow/dags/dbt_pipeline.py took 0.074 seconds
[2026-04-01T14:38:10.051+0530] {processor.py:161} INFO - Started process (PID=92011) to work on /Users/aswin/Documents/data-engineering-practice/ETL_Airflow_DBT/airflow/dags/dbt_pipeline.py
[2026-04-01T14:38:10.052+0530] {processor.py:830} INFO - Processing file /Users/aswin/Documents/data-engineering-practice/ETL_Airflow_DBT/airflow/dags/dbt_pipeline.py for tasks to queue
[2026-04-01T14:38:10.052+0530] {logging_mixin.py:188} INFO - [2026-04-01T14:38:10.052+0530] {dagbag.py:540} INFO - Filling up the DagBag from /Users/aswin/Documents/data-engineering-practice/ETL_Airflow_DBT/airflow/dags/dbt_pipeline.py
[2026-04-01T14:38:10.055+0530] {processor.py:840} INFO - DAG(s) 'dbt_pipeline' retrieved from /Users/aswin/Documents/data-engineering-practice/ETL_Airflow_DBT/airflow/dags/dbt_pipeline.py
[2026-04-01T14:38:10.106+0530] {logging_mixin.py:188} INFO - [2026-04-01T14:38:10.106+0530] {dag.py:3096} INFO - Sync 1 DAGs
[2026-04-01T14:38:10.115+0530] {logging_mixin.py:188} INFO - [2026-04-01T14:38:10.115+0530] {dag.py:3954} INFO - Setting next_dagrun for dbt_pipeline to None, run_after=None
[2026-04-01T14:38:10.126+0530] {processor.py:183} INFO - Processing /Users/aswin/Documents/data-engineering-practice/ETL_Airflow_DBT/airflow/dags/dbt_pipeline.py took 0.076 seconds
[2026-04-01T14:39:14.371+0530] {processor.py:161} INFO - Started process (PID=92093) to work on /Users/aswin/Documents/data-engineering-practice/ETL_Airflow_DBT/airflow/dags/dbt_pipeline.py
[2026-04-01T14:39:14.371+0530] {processor.py:830} INFO - Processing file /Users/aswin/Documents/data-engineering-practice/ETL_Airflow_DBT/airflow/dags/dbt_pipeline.py for tasks to queue
[2026-04-01T14:39:14.372+0530] {logging_mixin.py:188} INFO - [2026-04-01T14:39:14.372+0530] {dagbag.py:540} INFO - Filling up the DagBag from /Users/aswin/Documents/data-engineering-practice/ETL_Airflow_DBT/airflow/dags/dbt_pipeline.py
[2026-04-01T14:39:14.375+0530] {processor.py:840} INFO - DAG(s) 'dbt_pipeline' retrieved from /Users/aswin/Documents/data-engineering-practice/ETL_Airflow_DBT/airflow/dags/dbt_pipeline.py
[2026-04-01T14:39:14.429+0530] {logging_mixin.py:188} INFO - [2026-04-01T14:39:14.429+0530] {dag.py:3096} INFO - Sync 1 DAGs
[2026-04-01T14:39:14.435+0530] {logging_mixin.py:188} INFO - [2026-04-01T14:39:14.435+0530] {dag.py:3954} INFO - Setting next_dagrun for dbt_pipeline to None, run_after=None
[2026-04-01T14:39:14.443+0530] {processor.py:183} INFO - Processing /Users/aswin/Documents/data-engineering-practice/ETL_Airflow_DBT/airflow/dags/dbt_pipeline.py took 0.073 seconds
[2026-04-01T14:39:52.170+0530] {processor.py:161} INFO - Started process (PID=92169) to work on /Users/aswin/Documents/data-engineering-practice/ETL_Airflow_DBT/airflow/dags/dbt_pipeline.py
[2026-04-01T14:39:52.170+0530] {processor.py:830} INFO - Processing file /Users/aswin/Documents/data-engineering-practice/ETL_Airflow_DBT/airflow/dags/dbt_pipeline.py for tasks to queue
[2026-04-01T14:39:52.170+0530] {logging_mixin.py:188} INFO - [2026-04-01T14:39:52.170+0530] {dagbag.py:540} INFO - Filling up the DagBag from /Users/aswin/Documents/data-engineering-practice/ETL_Airflow_DBT/airflow/dags/dbt_pipeline.py
[2026-04-01T14:39:52.173+0530] {processor.py:840} INFO - DAG(s) 'dbt_pipeline' retrieved from /Users/aswin/Documents/data-engineering-practice/ETL_Airflow_DBT/airflow/dags/dbt_pipeline.py
[2026-04-01T14:39:52.224+0530] {logging_mixin.py:188} INFO - [2026-04-01T14:39:52.223+0530] {dag.py:3096} INFO - Sync 1 DAGs
[2026-04-01T14:39:52.232+0530] {logging_mixin.py:188} INFO - [2026-04-01T14:39:52.232+0530] {dag.py:3954} INFO - Setting next_dagrun for dbt_pipeline to None, run_after=None
[2026-04-01T14:39:52.242+0530] {processor.py:183} INFO - Processing /Users/aswin/Documents/data-engineering-practice/ETL_Airflow_DBT/airflow/dags/dbt_pipeline.py took 0.073 seconds
[2026-04-01T14:40:56.682+0530] {processor.py:161} INFO - Started process (PID=92250) to work on /Users/aswin/Documents/data-engineering-practice/ETL_Airflow_DBT/airflow/dags/dbt_pipeline.py
[2026-04-01T14:40:56.682+0530] {processor.py:830} INFO - Processing file /Users/aswin/Documents/data-engineering-practice/ETL_Airflow_DBT/airflow/dags/dbt_pipeline.py for tasks to queue
[2026-04-01T14:40:56.683+0530] {logging_mixin.py:188} INFO - [2026-04-01T14:40:56.683+0530] {dagbag.py:540} INFO - Filling up the DagBag from /Users/aswin/Documents/data-engineering-practice/ETL_Airflow_DBT/airflow/dags/dbt_pipeline.py
[2026-04-01T14:40:56.685+0530] {processor.py:840} INFO - DAG(s) 'dbt_pipeline' retrieved from /Users/aswin/Documents/data-engineering-practice/ETL_Airflow_DBT/airflow/dags/dbt_pipeline.py
[2026-04-01T14:40:56.735+0530] {logging_mixin.py:188} INFO - [2026-04-01T14:40:56.735+0530] {dag.py:3096} INFO - Sync 1 DAGs
[2026-04-01T14:40:56.742+0530] {logging_mixin.py:188} INFO - [2026-04-01T14:40:56.742+0530] {dag.py:3954} INFO - Setting next_dagrun for dbt_pipeline to None, run_after=None
[2026-04-01T14:40:56.752+0530] {processor.py:183} INFO - Processing /Users/aswin/Documents/data-engineering-practice/ETL_Airflow_DBT/airflow/dags/dbt_pipeline.py took 0.071 seconds
[2026-04-01T14:57:55.513+0530] {processor.py:161} INFO - Started process (PID=92335) to work on /Users/aswin/Documents/data-engineering-practice/ETL_Airflow_DBT/airflow/dags/dbt_pipeline.py
[2026-04-01T14:57:55.514+0530] {processor.py:830} INFO - Processing file /Users/aswin/Documents/data-engineering-practice/ETL_Airflow_DBT/airflow/dags/dbt_pipeline.py for tasks to queue
[2026-04-01T14:57:55.514+0530] {logging_mixin.py:188} INFO - [2026-04-01T14:57:55.514+0530] {dagbag.py:540} INFO - Filling up the DagBag from /Users/aswin/Documents/data-engineering-practice/ETL_Airflow_DBT/airflow/dags/dbt_pipeline.py
[2026-04-01T14:57:55.517+0530] {processor.py:840} INFO - DAG(s) 'dbt_pipeline' retrieved from /Users/aswin/Documents/data-engineering-practice/ETL_Airflow_DBT/airflow/dags/dbt_pipeline.py
[2026-04-01T14:57:55.567+0530] {logging_mixin.py:188} INFO - [2026-04-01T14:57:55.567+0530] {dag.py:3096} INFO - Sync 1 DAGs
[2026-04-01T14:57:55.575+0530] {logging_mixin.py:188} INFO - [2026-04-01T14:57:55.575+0530] {dag.py:3954} INFO - Setting next_dagrun for dbt_pipeline to None, run_after=None
[2026-04-01T14:57:55.585+0530] {processor.py:183} INFO - Processing /Users/aswin/Documents/data-engineering-practice/ETL_Airflow_DBT/airflow/dags/dbt_pipeline.py took 0.073 seconds
[2026-04-01T14:58:32.849+0530] {processor.py:161} INFO - Started process (PID=92405) to work on /Users/aswin/Documents/data-engineering-practice/ETL_Airflow_DBT/airflow/dags/dbt_pipeline.py
[2026-04-01T14:58:32.850+0530] {processor.py:830} INFO - Processing file /Users/aswin/Documents/data-engineering-practice/ETL_Airflow_DBT/airflow/dags/dbt_pipeline.py for tasks to queue
[2026-04-01T14:58:32.850+0530] {logging_mixin.py:188} INFO - [2026-04-01T14:58:32.850+0530] {dagbag.py:540} INFO - Filling up the DagBag from /Users/aswin/Documents/data-engineering-practice/ETL_Airflow_DBT/airflow/dags/dbt_pipeline.py
[2026-04-01T14:58:32.853+0530] {processor.py:840} INFO - DAG(s) 'dbt_pipeline' retrieved from /Users/aswin/Documents/data-engineering-practice/ETL_Airflow_DBT/airflow/dags/dbt_pipeline.py
[2026-04-01T14:58:32.903+0530] {logging_mixin.py:188} INFO - [2026-04-01T14:58:32.903+0530] {dag.py:3096} INFO - Sync 1 DAGs
[2026-04-01T14:58:32.911+0530] {logging_mixin.py:188} INFO - [2026-04-01T14:58:32.911+0530] {dag.py:3954} INFO - Setting next_dagrun for dbt_pipeline to None, run_after=None
[2026-04-01T14:58:32.921+0530] {processor.py:183} INFO - Processing /Users/aswin/Documents/data-engineering-practice/ETL_Airflow_DBT/airflow/dags/dbt_pipeline.py took 0.072 seconds
[2026-04-01T14:59:37.185+0530] {processor.py:161} INFO - Started process (PID=92496) to work on /Users/aswin/Documents/data-engineering-practice/ETL_Airflow_DBT/airflow/dags/dbt_pipeline.py
[2026-04-01T14:59:37.186+0530] {processor.py:830} INFO - Processing file /Users/aswin/Documents/data-engineering-practice/ETL_Airflow_DBT/airflow/dags/dbt_pipeline.py for tasks to queue
[2026-04-01T14:59:37.186+0530] {logging_mixin.py:188} INFO - [2026-04-01T14:59:37.186+0530] {dagbag.py:540} INFO - Filling up the DagBag from /Users/aswin/Documents/data-engineering-practice/ETL_Airflow_DBT/airflow/dags/dbt_pipeline.py
[2026-04-01T14:59:37.189+0530] {processor.py:840} INFO - DAG(s) 'dbt_pipeline' retrieved from /Users/aswin/Documents/data-engineering-practice/ETL_Airflow_DBT/airflow/dags/dbt_pipeline.py
[2026-04-01T14:59:37.241+0530] {logging_mixin.py:188} INFO - [2026-04-01T14:59:37.241+0530] {dag.py:3096} INFO - Sync 1 DAGs
[2026-04-01T14:59:37.259+0530] {logging_mixin.py:188} INFO - [2026-04-01T14:59:37.259+0530] {dag.py:3954} INFO - Setting next_dagrun for dbt_pipeline to None, run_after=None
[2026-04-01T14:59:37.272+0530] {processor.py:183} INFO - Processing /Users/aswin/Documents/data-engineering-practice/ETL_Airflow_DBT/airflow/dags/dbt_pipeline.py took 0.088 seconds
[2026-04-01T15:00:24.224+0530] {processor.py:161} INFO - Started process (PID=92579) to work on /Users/aswin/Documents/data-engineering-practice/ETL_Airflow_DBT/airflow/dags/dbt_pipeline.py
[2026-04-01T15:00:24.226+0530] {processor.py:830} INFO - Processing file /Users/aswin/Documents/data-engineering-practice/ETL_Airflow_DBT/airflow/dags/dbt_pipeline.py for tasks to queue
[2026-04-01T15:00:24.226+0530] {logging_mixin.py:188} INFO - [2026-04-01T15:00:24.226+0530] {dagbag.py:540} INFO - Filling up the DagBag from /Users/aswin/Documents/data-engineering-practice/ETL_Airflow_DBT/airflow/dags/dbt_pipeline.py
[2026-04-01T15:00:24.232+0530] {processor.py:840} INFO - DAG(s) 'dbt_pipeline' retrieved from /Users/aswin/Documents/data-engineering-practice/ETL_Airflow_DBT/airflow/dags/dbt_pipeline.py
[2026-04-01T15:00:24.316+0530] {logging_mixin.py:188} INFO - [2026-04-01T15:00:24.316+0530] {dag.py:3096} INFO - Sync 1 DAGs
[2026-04-01T15:00:24.326+0530] {logging_mixin.py:188} INFO - [2026-04-01T15:00:24.326+0530] {dag.py:3954} INFO - Setting next_dagrun for dbt_pipeline to None, run_after=None
[2026-04-01T15:00:24.339+0530] {processor.py:183} INFO - Processing /Users/aswin/Documents/data-engineering-practice/ETL_Airflow_DBT/airflow/dags/dbt_pipeline.py took 0.116 seconds
[2026-04-01T15:17:33.777+0530] {processor.py:161} INFO - Started process (PID=92626) to work on /Users/aswin/Documents/data-engineering-practice/ETL_Airflow_DBT/airflow/dags/dbt_pipeline.py
[2026-04-01T15:17:33.778+0530] {processor.py:830} INFO - Processing file /Users/aswin/Documents/data-engineering-practice/ETL_Airflow_DBT/airflow/dags/dbt_pipeline.py for tasks to queue
[2026-04-01T15:17:33.778+0530] {logging_mixin.py:188} INFO - [2026-04-01T15:17:33.778+0530] {dagbag.py:540} INFO - Filling up the DagBag from /Users/aswin/Documents/data-engineering-practice/ETL_Airflow_DBT/airflow/dags/dbt_pipeline.py
[2026-04-01T15:17:33.781+0530] {processor.py:840} INFO - DAG(s) 'dbt_pipeline' retrieved from /Users/aswin/Documents/data-engineering-practice/ETL_Airflow_DBT/airflow/dags/dbt_pipeline.py
[2026-04-01T15:17:33.850+0530] {logging_mixin.py:188} INFO - [2026-04-01T15:17:33.850+0530] {dag.py:3096} INFO - Sync 1 DAGs
[2026-04-01T15:17:33.857+0530] {logging_mixin.py:188} INFO - [2026-04-01T15:17:33.857+0530] {dag.py:3954} INFO - Setting next_dagrun for dbt_pipeline to None, run_after=None
[2026-04-01T15:17:33.866+0530] {processor.py:183} INFO - Processing /Users/aswin/Documents/data-engineering-practice/ETL_Airflow_DBT/airflow/dags/dbt_pipeline.py took 0.090 seconds
[2026-04-01T15:18:38.333+0530] {processor.py:161} INFO - Started process (PID=92720) to work on /Users/aswin/Documents/data-engineering-practice/ETL_Airflow_DBT/airflow/dags/dbt_pipeline.py
[2026-04-01T15:18:38.334+0530] {processor.py:830} INFO - Processing file /Users/aswin/Documents/data-engineering-practice/ETL_Airflow_DBT/airflow/dags/dbt_pipeline.py for tasks to queue
[2026-04-01T15:18:38.334+0530] {logging_mixin.py:188} INFO - [2026-04-01T15:18:38.334+0530] {dagbag.py:540} INFO - Filling up the DagBag from /Users/aswin/Documents/data-engineering-practice/ETL_Airflow_DBT/airflow/dags/dbt_pipeline.py
[2026-04-01T15:18:38.338+0530] {processor.py:840} INFO - DAG(s) 'dbt_pipeline' retrieved from /Users/aswin/Documents/data-engineering-practice/ETL_Airflow_DBT/airflow/dags/dbt_pipeline.py
[2026-04-01T15:18:38.410+0530] {logging_mixin.py:188} INFO - [2026-04-01T15:18:38.409+0530] {dag.py:3096} INFO - Sync 1 DAGs
[2026-04-01T15:18:38.417+0530] {logging_mixin.py:188} INFO - [2026-04-01T15:18:38.417+0530] {dag.py:3954} INFO - Setting next_dagrun for dbt_pipeline to None, run_after=None
[2026-04-01T15:18:38.438+0530] {processor.py:183} INFO - Processing /Users/aswin/Documents/data-engineering-practice/ETL_Airflow_DBT/airflow/dags/dbt_pipeline.py took 0.106 seconds
[2026-04-01T15:19:15.996+0530] {processor.py:161} INFO - Started process (PID=92789) to work on /Users/aswin/Documents/data-engineering-practice/ETL_Airflow_DBT/airflow/dags/dbt_pipeline.py
[2026-04-01T15:19:15.997+0530] {processor.py:830} INFO - Processing file /Users/aswin/Documents/data-engineering-practice/ETL_Airflow_DBT/airflow/dags/dbt_pipeline.py for tasks to queue
[2026-04-01T15:19:15.998+0530] {logging_mixin.py:188} INFO - [2026-04-01T15:19:15.998+0530] {dagbag.py:540} INFO - Filling up the DagBag from /Users/aswin/Documents/data-engineering-practice/ETL_Airflow_DBT/airflow/dags/dbt_pipeline.py
[2026-04-01T15:19:16.000+0530] {processor.py:840} INFO - DAG(s) 'dbt_pipeline' retrieved from /Users/aswin/Documents/data-engineering-practice/ETL_Airflow_DBT/airflow/dags/dbt_pipeline.py
[2026-04-01T15:19:16.054+0530] {logging_mixin.py:188} INFO - [2026-04-01T15:19:16.054+0530] {dag.py:3096} INFO - Sync 1 DAGs
[2026-04-01T15:19:16.062+0530] {logging_mixin.py:188} INFO - [2026-04-01T15:19:16.061+0530] {dag.py:3954} INFO - Setting next_dagrun for dbt_pipeline to None, run_after=None
[2026-04-01T15:19:16.072+0530] {processor.py:183} INFO - Processing /Users/aswin/Documents/data-engineering-practice/ETL_Airflow_DBT/airflow/dags/dbt_pipeline.py took 0.077 seconds
[2026-04-01T15:20:20.415+0530] {processor.py:161} INFO - Started process (PID=92876) to work on /Users/aswin/Documents/data-engineering-practice/ETL_Airflow_DBT/airflow/dags/dbt_pipeline.py
[2026-04-01T15:20:20.416+0530] {processor.py:830} INFO - Processing file /Users/aswin/Documents/data-engineering-practice/ETL_Airflow_DBT/airflow/dags/dbt_pipeline.py for tasks to queue
[2026-04-01T15:20:20.416+0530] {logging_mixin.py:188} INFO - [2026-04-01T15:20:20.416+0530] {dagbag.py:540} INFO - Filling up the DagBag from /Users/aswin/Documents/data-engineering-practice/ETL_Airflow_DBT/airflow/dags/dbt_pipeline.py
[2026-04-01T15:20:20.419+0530] {processor.py:840} INFO - DAG(s) 'dbt_pipeline' retrieved from /Users/aswin/Documents/data-engineering-practice/ETL_Airflow_DBT/airflow/dags/dbt_pipeline.py
[2026-04-01T15:20:20.471+0530] {logging_mixin.py:188} INFO - [2026-04-01T15:20:20.471+0530] {dag.py:3096} INFO - Sync 1 DAGs
[2026-04-01T15:20:20.480+0530] {logging_mixin.py:188} INFO - [2026-04-01T15:20:20.479+0530] {dag.py:3954} INFO - Setting next_dagrun for dbt_pipeline to None, run_after=None
[2026-04-01T15:20:20.491+0530] {processor.py:183} INFO - Processing /Users/aswin/Documents/data-engineering-practice/ETL_Airflow_DBT/airflow/dags/dbt_pipeline.py took 0.076 seconds
[2026-04-01T15:36:05.589+0530] {processor.py:161} INFO - Started process (PID=92959) to work on /Users/aswin/Documents/data-engineering-practice/ETL_Airflow_DBT/airflow/dags/dbt_pipeline.py
[2026-04-01T15:36:05.590+0530] {processor.py:830} INFO - Processing file /Users/aswin/Documents/data-engineering-practice/ETL_Airflow_DBT/airflow/dags/dbt_pipeline.py for tasks to queue
[2026-04-01T15:36:05.591+0530] {logging_mixin.py:188} INFO - [2026-04-01T15:36:05.591+0530] {dagbag.py:540} INFO - Filling up the DagBag from /Users/aswin/Documents/data-engineering-practice/ETL_Airflow_DBT/airflow/dags/dbt_pipeline.py
[2026-04-01T15:36:05.595+0530] {processor.py:840} INFO - DAG(s) 'dbt_pipeline' retrieved from /Users/aswin/Documents/data-engineering-practice/ETL_Airflow_DBT/airflow/dags/dbt_pipeline.py
[2026-04-01T15:36:05.670+0530] {logging_mixin.py:188} INFO - [2026-04-01T15:36:05.670+0530] {dag.py:3096} INFO - Sync 1 DAGs
[2026-04-01T15:36:05.679+0530] {logging_mixin.py:188} INFO - [2026-04-01T15:36:05.678+0530] {dag.py:3954} INFO - Setting next_dagrun for dbt_pipeline to None, run_after=None
[2026-04-01T15:36:05.691+0530] {processor.py:183} INFO - Processing /Users/aswin/Documents/data-engineering-practice/ETL_Airflow_DBT/airflow/dags/dbt_pipeline.py took 0.104 seconds
[2026-04-01T15:37:08.063+0530] {processor.py:161} INFO - Started process (PID=93030) to work on /Users/aswin/Documents/data-engineering-practice/ETL_Airflow_DBT/airflow/dags/dbt_pipeline.py
[2026-04-01T15:37:08.063+0530] {processor.py:830} INFO - Processing file /Users/aswin/Documents/data-engineering-practice/ETL_Airflow_DBT/airflow/dags/dbt_pipeline.py for tasks to queue
[2026-04-01T15:37:08.064+0530] {logging_mixin.py:188} INFO - [2026-04-01T15:37:08.064+0530] {dagbag.py:540} INFO - Filling up the DagBag from /Users/aswin/Documents/data-engineering-practice/ETL_Airflow_DBT/airflow/dags/dbt_pipeline.py
[2026-04-01T15:37:08.067+0530] {processor.py:840} INFO - DAG(s) 'dbt_pipeline' retrieved from /Users/aswin/Documents/data-engineering-practice/ETL_Airflow_DBT/airflow/dags/dbt_pipeline.py
[2026-04-01T15:37:08.122+0530] {logging_mixin.py:188} INFO - [2026-04-01T15:37:08.122+0530] {dag.py:3096} INFO - Sync 1 DAGs
[2026-04-01T15:37:08.130+0530] {logging_mixin.py:188} INFO - [2026-04-01T15:37:08.130+0530] {dag.py:3954} INFO - Setting next_dagrun for dbt_pipeline to None, run_after=None
[2026-04-01T15:37:08.140+0530] {processor.py:183} INFO - Processing /Users/aswin/Documents/data-engineering-practice/ETL_Airflow_DBT/airflow/dags/dbt_pipeline.py took 0.078 seconds
[2026-04-01T15:38:12.479+0530] {processor.py:161} INFO - Started process (PID=93109) to work on /Users/aswin/Documents/data-engineering-practice/ETL_Airflow_DBT/airflow/dags/dbt_pipeline.py
[2026-04-01T15:38:12.480+0530] {processor.py:830} INFO - Processing file /Users/aswin/Documents/data-engineering-practice/ETL_Airflow_DBT/airflow/dags/dbt_pipeline.py for tasks to queue
[2026-04-01T15:38:12.480+0530] {logging_mixin.py:188} INFO - [2026-04-01T15:38:12.480+0530] {dagbag.py:540} INFO - Filling up the DagBag from /Users/aswin/Documents/data-engineering-practice/ETL_Airflow_DBT/airflow/dags/dbt_pipeline.py
[2026-04-01T15:38:12.483+0530] {processor.py:840} INFO - DAG(s) 'dbt_pipeline' retrieved from /Users/aswin/Documents/data-engineering-practice/ETL_Airflow_DBT/airflow/dags/dbt_pipeline.py
[2026-04-01T15:38:12.533+0530] {logging_mixin.py:188} INFO - [2026-04-01T15:38:12.533+0530] {dag.py:3096} INFO - Sync 1 DAGs
[2026-04-01T15:38:12.541+0530] {logging_mixin.py:188} INFO - [2026-04-01T15:38:12.541+0530] {dag.py:3954} INFO - Setting next_dagrun for dbt_pipeline to None, run_after=None
[2026-04-01T15:38:12.550+0530] {processor.py:183} INFO - Processing /Users/aswin/Documents/data-engineering-practice/ETL_Airflow_DBT/airflow/dags/dbt_pipeline.py took 0.073 seconds
[2026-04-01T15:55:48.972+0530] {processor.py:161} INFO - Started process (PID=93201) to work on /Users/aswin/Documents/data-engineering-practice/ETL_Airflow_DBT/airflow/dags/dbt_pipeline.py
[2026-04-01T15:55:48.973+0530] {processor.py:830} INFO - Processing file /Users/aswin/Documents/data-engineering-practice/ETL_Airflow_DBT/airflow/dags/dbt_pipeline.py for tasks to queue
[2026-04-01T15:55:48.973+0530] {logging_mixin.py:188} INFO - [2026-04-01T15:55:48.973+0530] {dagbag.py:540} INFO - Filling up the DagBag from /Users/aswin/Documents/data-engineering-practice/ETL_Airflow_DBT/airflow/dags/dbt_pipeline.py
[2026-04-01T15:55:48.976+0530] {processor.py:840} INFO - DAG(s) 'dbt_pipeline' retrieved from /Users/aswin/Documents/data-engineering-practice/ETL_Airflow_DBT/airflow/dags/dbt_pipeline.py
[2026-04-01T15:55:49.031+0530] {logging_mixin.py:188} INFO - [2026-04-01T15:55:49.031+0530] {dag.py:3096} INFO - Sync 1 DAGs
[2026-04-01T15:55:49.037+0530] {logging_mixin.py:188} INFO - [2026-04-01T15:55:49.037+0530] {dag.py:3954} INFO - Setting next_dagrun for dbt_pipeline to None, run_after=None
[2026-04-01T15:55:49.046+0530] {processor.py:183} INFO - Processing /Users/aswin/Documents/data-engineering-practice/ETL_Airflow_DBT/airflow/dags/dbt_pipeline.py took 0.075 seconds
[2026-04-01T15:57:20.887+0530] {processor.py:161} INFO - Started process (PID=93296) to work on /Users/aswin/Documents/data-engineering-practice/ETL_Airflow_DBT/airflow/dags/dbt_pipeline.py
[2026-04-01T15:57:20.887+0530] {processor.py:830} INFO - Processing file /Users/aswin/Documents/data-engineering-practice/ETL_Airflow_DBT/airflow/dags/dbt_pipeline.py for tasks to queue
[2026-04-01T15:57:20.887+0530] {logging_mixin.py:188} INFO - [2026-04-01T15:57:20.887+0530] {dagbag.py:540} INFO - Filling up the DagBag from /Users/aswin/Documents/data-engineering-practice/ETL_Airflow_DBT/airflow/dags/dbt_pipeline.py
[2026-04-01T15:57:20.890+0530] {processor.py:840} INFO - DAG(s) 'dbt_pipeline' retrieved from /Users/aswin/Documents/data-engineering-practice/ETL_Airflow_DBT/airflow/dags/dbt_pipeline.py
[2026-04-01T15:57:20.943+0530] {logging_mixin.py:188} INFO - [2026-04-01T15:57:20.943+0530] {dag.py:3096} INFO - Sync 1 DAGs
[2026-04-01T15:57:20.951+0530] {logging_mixin.py:188} INFO - [2026-04-01T15:57:20.951+0530] {dag.py:3954} INFO - Setting next_dagrun for dbt_pipeline to None, run_after=None
[2026-04-01T15:57:20.964+0530] {processor.py:183} INFO - Processing /Users/aswin/Documents/data-engineering-practice/ETL_Airflow_DBT/airflow/dags/dbt_pipeline.py took 0.078 seconds
[2026-04-01T15:58:25.483+0530] {processor.py:161} INFO - Started process (PID=93383) to work on /Users/aswin/Documents/data-engineering-practice/ETL_Airflow_DBT/airflow/dags/dbt_pipeline.py
[2026-04-01T15:58:25.484+0530] {processor.py:830} INFO - Processing file /Users/aswin/Documents/data-engineering-practice/ETL_Airflow_DBT/airflow/dags/dbt_pipeline.py for tasks to queue
[2026-04-01T15:58:25.484+0530] {logging_mixin.py:188} INFO - [2026-04-01T15:58:25.484+0530] {dagbag.py:540} INFO - Filling up the DagBag from /Users/aswin/Documents/data-engineering-practice/ETL_Airflow_DBT/airflow/dags/dbt_pipeline.py
[2026-04-01T15:58:25.487+0530] {processor.py:840} INFO - DAG(s) 'dbt_pipeline' retrieved from /Users/aswin/Documents/data-engineering-practice/ETL_Airflow_DBT/airflow/dags/dbt_pipeline.py
[2026-04-01T15:58:25.538+0530] {logging_mixin.py:188} INFO - [2026-04-01T15:58:25.538+0530] {dag.py:3096} INFO - Sync 1 DAGs
[2026-04-01T15:58:25.546+0530] {logging_mixin.py:188} INFO - [2026-04-01T15:58:25.546+0530] {dag.py:3954} INFO - Setting next_dagrun for dbt_pipeline to None, run_after=None
[2026-04-01T15:58:25.556+0530] {processor.py:183} INFO - Processing /Users/aswin/Documents/data-engineering-practice/ETL_Airflow_DBT/airflow/dags/dbt_pipeline.py took 0.074 seconds
[2026-04-01T16:14:51.775+0530] {processor.py:161} INFO - Started process (PID=93475) to work on /Users/aswin/Documents/data-engineering-practice/ETL_Airflow_DBT/airflow/dags/dbt_pipeline.py
[2026-04-01T16:14:51.777+0530] {processor.py:830} INFO - Processing file /Users/aswin/Documents/data-engineering-practice/ETL_Airflow_DBT/airflow/dags/dbt_pipeline.py for tasks to queue
[2026-04-01T16:14:51.777+0530] {logging_mixin.py:188} INFO - [2026-04-01T16:14:51.777+0530] {dagbag.py:540} INFO - Filling up the DagBag from /Users/aswin/Documents/data-engineering-practice/ETL_Airflow_DBT/airflow/dags/dbt_pipeline.py
[2026-04-01T16:14:51.780+0530] {processor.py:840} INFO - DAG(s) 'dbt_pipeline' retrieved from /Users/aswin/Documents/data-engineering-practice/ETL_Airflow_DBT/airflow/dags/dbt_pipeline.py
[2026-04-01T16:14:51.837+0530] {logging_mixin.py:188} INFO - [2026-04-01T16:14:51.837+0530] {dag.py:3096} INFO - Sync 1 DAGs
[2026-04-01T16:14:51.846+0530] {logging_mixin.py:188} INFO - [2026-04-01T16:14:51.846+0530] {dag.py:3954} INFO - Setting next_dagrun for dbt_pipeline to None, run_after=None
[2026-04-01T16:14:51.854+0530] {processor.py:183} INFO - Processing /Users/aswin/Documents/data-engineering-practice/ETL_Airflow_DBT/airflow/dags/dbt_pipeline.py took 0.080 seconds
[2026-04-01T16:37:10.637+0530] {processor.py:161} INFO - Started process (PID=93587) to work on /Users/aswin/Documents/data-engineering-practice/ETL_Airflow_DBT/airflow/dags/dbt_pipeline.py
[2026-04-01T16:37:10.638+0530] {processor.py:830} INFO - Processing file /Users/aswin/Documents/data-engineering-practice/ETL_Airflow_DBT/airflow/dags/dbt_pipeline.py for tasks to queue
[2026-04-01T16:37:10.638+0530] {logging_mixin.py:188} INFO - [2026-04-01T16:37:10.638+0530] {dagbag.py:540} INFO - Filling up the DagBag from /Users/aswin/Documents/data-engineering-practice/ETL_Airflow_DBT/airflow/dags/dbt_pipeline.py
[2026-04-01T16:37:10.643+0530] {processor.py:840} INFO - DAG(s) 'dbt_pipeline' retrieved from /Users/aswin/Documents/data-engineering-practice/ETL_Airflow_DBT/airflow/dags/dbt_pipeline.py
[2026-04-01T16:37:10.700+0530] {logging_mixin.py:188} INFO - [2026-04-01T16:37:10.700+0530] {dag.py:3096} INFO - Sync 1 DAGs
[2026-04-01T16:37:10.712+0530] {logging_mixin.py:188} INFO - [2026-04-01T16:37:10.712+0530] {dag.py:3954} INFO - Setting next_dagrun for dbt_pipeline to None, run_after=None
[2026-04-01T16:37:10.721+0530] {processor.py:183} INFO - Processing /Users/aswin/Documents/data-engineering-practice/ETL_Airflow_DBT/airflow/dags/dbt_pipeline.py took 0.087 seconds
[2026-04-01T16:38:45.972+0530] {processor.py:161} INFO - Started process (PID=93708) to work on /Users/aswin/Documents/data-engineering-practice/ETL_Airflow_DBT/airflow/dags/dbt_pipeline.py
[2026-04-01T16:38:45.972+0530] {processor.py:830} INFO - Processing file /Users/aswin/Documents/data-engineering-practice/ETL_Airflow_DBT/airflow/dags/dbt_pipeline.py for tasks to queue
[2026-04-01T16:38:45.973+0530] {logging_mixin.py:188} INFO - [2026-04-01T16:38:45.973+0530] {dagbag.py:540} INFO - Filling up the DagBag from /Users/aswin/Documents/data-engineering-practice/ETL_Airflow_DBT/airflow/dags/dbt_pipeline.py
[2026-04-01T16:38:45.976+0530] {processor.py:840} INFO - DAG(s) 'dbt_pipeline' retrieved from /Users/aswin/Documents/data-engineering-practice/ETL_Airflow_DBT/airflow/dags/dbt_pipeline.py
[2026-04-01T16:38:46.028+0530] {logging_mixin.py:188} INFO - [2026-04-01T16:38:46.028+0530] {dag.py:3096} INFO - Sync 1 DAGs
[2026-04-01T16:38:46.034+0530] {logging_mixin.py:188} INFO - [2026-04-01T16:38:46.034+0530] {dag.py:3954} INFO - Setting next_dagrun for dbt_pipeline to None, run_after=None
[2026-04-01T16:38:46.042+0530] {processor.py:183} INFO - Processing /Users/aswin/Documents/data-engineering-practice/ETL_Airflow_DBT/airflow/dags/dbt_pipeline.py took 0.071 seconds
[2026-04-01T16:39:26.408+0530] {processor.py:161} INFO - Started process (PID=93791) to work on /Users/aswin/Documents/data-engineering-practice/ETL_Airflow_DBT/airflow/dags/dbt_pipeline.py
[2026-04-01T16:39:26.410+0530] {processor.py:830} INFO - Processing file /Users/aswin/Documents/data-engineering-practice/ETL_Airflow_DBT/airflow/dags/dbt_pipeline.py for tasks to queue
[2026-04-01T16:39:26.410+0530] {logging_mixin.py:188} INFO - [2026-04-01T16:39:26.410+0530] {dagbag.py:540} INFO - Filling up the DagBag from /Users/aswin/Documents/data-engineering-practice/ETL_Airflow_DBT/airflow/dags/dbt_pipeline.py
[2026-04-01T16:39:26.413+0530] {processor.py:840} INFO - DAG(s) 'dbt_pipeline' retrieved from /Users/aswin/Documents/data-engineering-practice/ETL_Airflow_DBT/airflow/dags/dbt_pipeline.py
[2026-04-01T16:39:26.463+0530] {logging_mixin.py:188} INFO - [2026-04-01T16:39:26.463+0530] {dag.py:3096} INFO - Sync 1 DAGs
[2026-04-01T16:39:26.471+0530] {logging_mixin.py:188} INFO - [2026-04-01T16:39:26.470+0530] {dag.py:3954} INFO - Setting next_dagrun for dbt_pipeline to None, run_after=None
[2026-04-01T16:39:26.481+0530] {processor.py:183} INFO - Processing /Users/aswin/Documents/data-engineering-practice/ETL_Airflow_DBT/airflow/dags/dbt_pipeline.py took 0.073 seconds
[2026-04-01T16:40:28.554+0530] {processor.py:161} INFO - Started process (PID=93867) to work on /Users/aswin/Documents/data-engineering-practice/ETL_Airflow_DBT/airflow/dags/dbt_pipeline.py
[2026-04-01T16:40:28.556+0530] {processor.py:830} INFO - Processing file /Users/aswin/Documents/data-engineering-practice/ETL_Airflow_DBT/airflow/dags/dbt_pipeline.py for tasks to queue
[2026-04-01T16:40:28.556+0530] {logging_mixin.py:188} INFO - [2026-04-01T16:40:28.556+0530] {dagbag.py:540} INFO - Filling up the DagBag from /Users/aswin/Documents/data-engineering-practice/ETL_Airflow_DBT/airflow/dags/dbt_pipeline.py
[2026-04-01T16:40:28.559+0530] {processor.py:840} INFO - DAG(s) 'dbt_pipeline' retrieved from /Users/aswin/Documents/data-engineering-practice/ETL_Airflow_DBT/airflow/dags/dbt_pipeline.py
[2026-04-01T16:40:28.608+0530] {logging_mixin.py:188} INFO - [2026-04-01T16:40:28.608+0530] {dag.py:3096} INFO - Sync 1 DAGs
[2026-04-01T16:40:28.615+0530] {logging_mixin.py:188} INFO - [2026-04-01T16:40:28.615+0530] {dag.py:3954} INFO - Setting next_dagrun for dbt_pipeline to None, run_after=None
[2026-04-01T16:40:28.625+0530] {processor.py:183} INFO - Processing /Users/aswin/Documents/data-engineering-practice/ETL_Airflow_DBT/airflow/dags/dbt_pipeline.py took 0.071 seconds
[2026-04-01T16:59:01.006+0530] {processor.py:161} INFO - Started process (PID=93954) to work on /Users/aswin/Documents/data-engineering-practice/ETL_Airflow_DBT/airflow/dags/dbt_pipeline.py
[2026-04-01T16:59:01.007+0530] {processor.py:830} INFO - Processing file /Users/aswin/Documents/data-engineering-practice/ETL_Airflow_DBT/airflow/dags/dbt_pipeline.py for tasks to queue
[2026-04-01T16:59:01.007+0530] {logging_mixin.py:188} INFO - [2026-04-01T16:59:01.007+0530] {dagbag.py:540} INFO - Filling up the DagBag from /Users/aswin/Documents/data-engineering-practice/ETL_Airflow_DBT/airflow/dags/dbt_pipeline.py
[2026-04-01T16:59:01.010+0530] {processor.py:840} INFO - DAG(s) 'dbt_pipeline' retrieved from /Users/aswin/Documents/data-engineering-practice/ETL_Airflow_DBT/airflow/dags/dbt_pipeline.py
[2026-04-01T16:59:01.060+0530] {logging_mixin.py:188} INFO - [2026-04-01T16:59:01.060+0530] {dag.py:3096} INFO - Sync 1 DAGs
[2026-04-01T16:59:01.067+0530] {logging_mixin.py:188} INFO - [2026-04-01T16:59:01.067+0530] {dag.py:3954} INFO - Setting next_dagrun for dbt_pipeline to None, run_after=None
[2026-04-01T16:59:01.077+0530] {processor.py:183} INFO - Processing /Users/aswin/Documents/data-engineering-practice/ETL_Airflow_DBT/airflow/dags/dbt_pipeline.py took 0.073 seconds
[2026-04-01T17:00:04.949+0530] {processor.py:161} INFO - Started process (PID=94031) to work on /Users/aswin/Documents/data-engineering-practice/ETL_Airflow_DBT/airflow/dags/dbt_pipeline.py
[2026-04-01T17:00:04.950+0530] {processor.py:830} INFO - Processing file /Users/aswin/Documents/data-engineering-practice/ETL_Airflow_DBT/airflow/dags/dbt_pipeline.py for tasks to queue
[2026-04-01T17:00:04.950+0530] {logging_mixin.py:188} INFO - [2026-04-01T17:00:04.950+0530] {dagbag.py:540} INFO - Filling up the DagBag from /Users/aswin/Documents/data-engineering-practice/ETL_Airflow_DBT/airflow/dags/dbt_pipeline.py
[2026-04-01T17:00:04.952+0530] {processor.py:840} INFO - DAG(s) 'dbt_pipeline' retrieved from /Users/aswin/Documents/data-engineering-practice/ETL_Airflow_DBT/airflow/dags/dbt_pipeline.py
[2026-04-01T17:00:05.004+0530] {logging_mixin.py:188} INFO - [2026-04-01T17:00:05.004+0530] {dag.py:3096} INFO - Sync 1 DAGs
[2026-04-01T17:00:05.012+0530] {logging_mixin.py:188} INFO - [2026-04-01T17:00:05.012+0530] {dag.py:3954} INFO - Setting next_dagrun for dbt_pipeline to None, run_after=None
[2026-04-01T17:00:05.021+0530] {processor.py:183} INFO - Processing /Users/aswin/Documents/data-engineering-practice/ETL_Airflow_DBT/airflow/dags/dbt_pipeline.py took 0.072 seconds
[2026-04-01T17:00:53.015+0530] {processor.py:161} INFO - Started process (PID=94119) to work on /Users/aswin/Documents/data-engineering-practice/ETL_Airflow_DBT/airflow/dags/dbt_pipeline.py
[2026-04-01T17:00:53.016+0530] {processor.py:830} INFO - Processing file /Users/aswin/Documents/data-engineering-practice/ETL_Airflow_DBT/airflow/dags/dbt_pipeline.py for tasks to queue
[2026-04-01T17:00:53.016+0530] {logging_mixin.py:188} INFO - [2026-04-01T17:00:53.016+0530] {dagbag.py:540} INFO - Filling up the DagBag from /Users/aswin/Documents/data-engineering-practice/ETL_Airflow_DBT/airflow/dags/dbt_pipeline.py
[2026-04-01T17:00:53.019+0530] {processor.py:840} INFO - DAG(s) 'dbt_pipeline' retrieved from /Users/aswin/Documents/data-engineering-practice/ETL_Airflow_DBT/airflow/dags/dbt_pipeline.py
[2026-04-01T17:00:53.073+0530] {logging_mixin.py:188} INFO - [2026-04-01T17:00:53.073+0530] {dag.py:3096} INFO - Sync 1 DAGs
[2026-04-01T17:00:53.080+0530] {logging_mixin.py:188} INFO - [2026-04-01T17:00:53.080+0530] {dag.py:3954} INFO - Setting next_dagrun for dbt_pipeline to None, run_after=None
[2026-04-01T17:00:53.090+0530] {processor.py:183} INFO - Processing /Users/aswin/Documents/data-engineering-practice/ETL_Airflow_DBT/airflow/dags/dbt_pipeline.py took 0.076 seconds
[2026-04-01T17:03:10.009+0530] {processor.py:161} INFO - Started process (PID=94156) to work on /Users/aswin/Documents/data-engineering-practice/ETL_Airflow_DBT/airflow/dags/dbt_pipeline.py
[2026-04-01T17:03:10.009+0530] {processor.py:830} INFO - Processing file /Users/aswin/Documents/data-engineering-practice/ETL_Airflow_DBT/airflow/dags/dbt_pipeline.py for tasks to queue
[2026-04-01T17:03:10.009+0530] {logging_mixin.py:188} INFO - [2026-04-01T17:03:10.009+0530] {dagbag.py:540} INFO - Filling up the DagBag from /Users/aswin/Documents/data-engineering-practice/ETL_Airflow_DBT/airflow/dags/dbt_pipeline.py
[2026-04-01T17:03:10.012+0530] {processor.py:840} INFO - DAG(s) 'dbt_pipeline' retrieved from /Users/aswin/Documents/data-engineering-practice/ETL_Airflow_DBT/airflow/dags/dbt_pipeline.py
[2026-04-01T17:03:10.063+0530] {logging_mixin.py:188} INFO - [2026-04-01T17:03:10.062+0530] {dag.py:3096} INFO - Sync 1 DAGs
[2026-04-01T17:03:10.070+0530] {logging_mixin.py:188} INFO - [2026-04-01T17:03:10.070+0530] {dag.py:3954} INFO - Setting next_dagrun for dbt_pipeline to None, run_after=None
[2026-04-01T17:03:10.080+0530] {processor.py:183} INFO - Processing /Users/aswin/Documents/data-engineering-practice/ETL_Airflow_DBT/airflow/dags/dbt_pipeline.py took 0.073 seconds
[2026-04-01T17:21:19.328+0530] {processor.py:161} INFO - Started process (PID=94238) to work on /Users/aswin/Documents/data-engineering-practice/ETL_Airflow_DBT/airflow/dags/dbt_pipeline.py
[2026-04-01T17:21:19.329+0530] {processor.py:830} INFO - Processing file /Users/aswin/Documents/data-engineering-practice/ETL_Airflow_DBT/airflow/dags/dbt_pipeline.py for tasks to queue
[2026-04-01T17:21:19.329+0530] {logging_mixin.py:188} INFO - [2026-04-01T17:21:19.329+0530] {dagbag.py:540} INFO - Filling up the DagBag from /Users/aswin/Documents/data-engineering-practice/ETL_Airflow_DBT/airflow/dags/dbt_pipeline.py
[2026-04-01T17:21:19.331+0530] {processor.py:840} INFO - DAG(s) 'dbt_pipeline' retrieved from /Users/aswin/Documents/data-engineering-practice/ETL_Airflow_DBT/airflow/dags/dbt_pipeline.py
[2026-04-01T17:21:19.384+0530] {logging_mixin.py:188} INFO - [2026-04-01T17:21:19.383+0530] {dag.py:3096} INFO - Sync 1 DAGs
[2026-04-01T17:21:19.389+0530] {logging_mixin.py:188} INFO - [2026-04-01T17:21:19.389+0530] {dag.py:3954} INFO - Setting next_dagrun for dbt_pipeline to None, run_after=None
[2026-04-01T17:21:19.399+0530] {processor.py:183} INFO - Processing /Users/aswin/Documents/data-engineering-practice/ETL_Airflow_DBT/airflow/dags/dbt_pipeline.py took 0.072 seconds
[2026-04-01T17:22:23.838+0530] {processor.py:161} INFO - Started process (PID=94320) to work on /Users/aswin/Documents/data-engineering-practice/ETL_Airflow_DBT/airflow/dags/dbt_pipeline.py
[2026-04-01T17:22:23.839+0530] {processor.py:830} INFO - Processing file /Users/aswin/Documents/data-engineering-practice/ETL_Airflow_DBT/airflow/dags/dbt_pipeline.py for tasks to queue
[2026-04-01T17:22:23.839+0530] {logging_mixin.py:188} INFO - [2026-04-01T17:22:23.839+0530] {dagbag.py:540} INFO - Filling up the DagBag from /Users/aswin/Documents/data-engineering-practice/ETL_Airflow_DBT/airflow/dags/dbt_pipeline.py
[2026-04-01T17:22:23.842+0530] {processor.py:840} INFO - DAG(s) 'dbt_pipeline' retrieved from /Users/aswin/Documents/data-engineering-practice/ETL_Airflow_DBT/airflow/dags/dbt_pipeline.py
[2026-04-01T17:22:23.898+0530] {logging_mixin.py:188} INFO - [2026-04-01T17:22:23.898+0530] {dag.py:3096} INFO - Sync 1 DAGs
[2026-04-01T17:22:23.905+0530] {logging_mixin.py:188} INFO - [2026-04-01T17:22:23.905+0530] {dag.py:3954} INFO - Setting next_dagrun for dbt_pipeline to None, run_after=None
[2026-04-01T17:22:23.915+0530] {processor.py:183} INFO - Processing /Users/aswin/Documents/data-engineering-practice/ETL_Airflow_DBT/airflow/dags/dbt_pipeline.py took 0.079 seconds
[2026-04-01T17:23:28.222+0530] {processor.py:161} INFO - Started process (PID=94415) to work on /Users/aswin/Documents/data-engineering-practice/ETL_Airflow_DBT/airflow/dags/dbt_pipeline.py
[2026-04-01T17:23:28.222+0530] {processor.py:830} INFO - Processing file /Users/aswin/Documents/data-engineering-practice/ETL_Airflow_DBT/airflow/dags/dbt_pipeline.py for tasks to queue
[2026-04-01T17:23:28.222+0530] {logging_mixin.py:188} INFO - [2026-04-01T17:23:28.222+0530] {dagbag.py:540} INFO - Filling up the DagBag from /Users/aswin/Documents/data-engineering-practice/ETL_Airflow_DBT/airflow/dags/dbt_pipeline.py
[2026-04-01T17:23:28.225+0530] {processor.py:840} INFO - DAG(s) 'dbt_pipeline' retrieved from /Users/aswin/Documents/data-engineering-practice/ETL_Airflow_DBT/airflow/dags/dbt_pipeline.py
[2026-04-01T17:23:28.278+0530] {logging_mixin.py:188} INFO - [2026-04-01T17:23:28.278+0530] {dag.py:3096} INFO - Sync 1 DAGs
[2026-04-01T17:23:28.285+0530] {logging_mixin.py:188} INFO - [2026-04-01T17:23:28.285+0530] {dag.py:3954} INFO - Setting next_dagrun for dbt_pipeline to None, run_after=None
[2026-04-01T17:23:28.296+0530] {processor.py:183} INFO - Processing /Users/aswin/Documents/data-engineering-practice/ETL_Airflow_DBT/airflow/dags/dbt_pipeline.py took 0.075 seconds
[2026-04-01T17:40:05.836+0530] {processor.py:161} INFO - Started process (PID=94506) to work on /Users/aswin/Documents/data-engineering-practice/ETL_Airflow_DBT/airflow/dags/dbt_pipeline.py
[2026-04-01T17:40:05.837+0530] {processor.py:830} INFO - Processing file /Users/aswin/Documents/data-engineering-practice/ETL_Airflow_DBT/airflow/dags/dbt_pipeline.py for tasks to queue
[2026-04-01T17:40:05.837+0530] {logging_mixin.py:188} INFO - [2026-04-01T17:40:05.837+0530] {dagbag.py:540} INFO - Filling up the DagBag from /Users/aswin/Documents/data-engineering-practice/ETL_Airflow_DBT/airflow/dags/dbt_pipeline.py
[2026-04-01T17:40:05.840+0530] {processor.py:840} INFO - DAG(s) 'dbt_pipeline' retrieved from /Users/aswin/Documents/data-engineering-practice/ETL_Airflow_DBT/airflow/dags/dbt_pipeline.py
[2026-04-01T17:40:05.921+0530] {logging_mixin.py:188} INFO - [2026-04-01T17:40:05.921+0530] {dag.py:3096} INFO - Sync 1 DAGs
[2026-04-01T17:40:05.927+0530] {logging_mixin.py:188} INFO - [2026-04-01T17:40:05.927+0530] {dag.py:3954} INFO - Setting next_dagrun for dbt_pipeline to None, run_after=None
[2026-04-01T17:40:05.938+0530] {processor.py:183} INFO - Processing /Users/aswin/Documents/data-engineering-practice/ETL_Airflow_DBT/airflow/dags/dbt_pipeline.py took 0.103 seconds
[2026-04-01T17:40:46.258+0530] {processor.py:161} INFO - Started process (PID=94590) to work on /Users/aswin/Documents/data-engineering-practice/ETL_Airflow_DBT/airflow/dags/dbt_pipeline.py
[2026-04-01T17:40:46.259+0530] {processor.py:830} INFO - Processing file /Users/aswin/Documents/data-engineering-practice/ETL_Airflow_DBT/airflow/dags/dbt_pipeline.py for tasks to queue
[2026-04-01T17:40:46.259+0530] {logging_mixin.py:188} INFO - [2026-04-01T17:40:46.259+0530] {dagbag.py:540} INFO - Filling up the DagBag from /Users/aswin/Documents/data-engineering-practice/ETL_Airflow_DBT/airflow/dags/dbt_pipeline.py
[2026-04-01T17:40:46.262+0530] {processor.py:840} INFO - DAG(s) 'dbt_pipeline' retrieved from /Users/aswin/Documents/data-engineering-practice/ETL_Airflow_DBT/airflow/dags/dbt_pipeline.py
[2026-04-01T17:40:46.313+0530] {logging_mixin.py:188} INFO - [2026-04-01T17:40:46.313+0530] {dag.py:3096} INFO - Sync 1 DAGs
[2026-04-01T17:40:46.320+0530] {logging_mixin.py:188} INFO - [2026-04-01T17:40:46.319+0530] {dag.py:3954} INFO - Setting next_dagrun for dbt_pipeline to None, run_after=None
[2026-04-01T17:40:46.327+0530] {processor.py:183} INFO - Processing /Users/aswin/Documents/data-engineering-practice/ETL_Airflow_DBT/airflow/dags/dbt_pipeline.py took 0.070 seconds
[2026-04-01T17:41:48.454+0530] {processor.py:161} INFO - Started process (PID=94660) to work on /Users/aswin/Documents/data-engineering-practice/ETL_Airflow_DBT/airflow/dags/dbt_pipeline.py
[2026-04-01T17:41:48.455+0530] {processor.py:830} INFO - Processing file /Users/aswin/Documents/data-engineering-practice/ETL_Airflow_DBT/airflow/dags/dbt_pipeline.py for tasks to queue
[2026-04-01T17:41:48.455+0530] {logging_mixin.py:188} INFO - [2026-04-01T17:41:48.455+0530] {dagbag.py:540} INFO - Filling up the DagBag from /Users/aswin/Documents/data-engineering-practice/ETL_Airflow_DBT/airflow/dags/dbt_pipeline.py
[2026-04-01T17:41:48.458+0530] {processor.py:840} INFO - DAG(s) 'dbt_pipeline' retrieved from /Users/aswin/Documents/data-engineering-practice/ETL_Airflow_DBT/airflow/dags/dbt_pipeline.py
[2026-04-01T17:41:48.512+0530] {logging_mixin.py:188} INFO - [2026-04-01T17:41:48.512+0530] {dag.py:3096} INFO - Sync 1 DAGs
[2026-04-01T17:41:48.519+0530] {logging_mixin.py:188} INFO - [2026-04-01T17:41:48.519+0530] {dag.py:3954} INFO - Setting next_dagrun for dbt_pipeline to None, run_after=None
[2026-04-01T17:41:48.529+0530] {processor.py:183} INFO - Processing /Users/aswin/Documents/data-engineering-practice/ETL_Airflow_DBT/airflow/dags/dbt_pipeline.py took 0.076 seconds
[2026-04-01T17:42:53.077+0530] {processor.py:161} INFO - Started process (PID=94741) to work on /Users/aswin/Documents/data-engineering-practice/ETL_Airflow_DBT/airflow/dags/dbt_pipeline.py
[2026-04-01T17:42:53.078+0530] {processor.py:830} INFO - Processing file /Users/aswin/Documents/data-engineering-practice/ETL_Airflow_DBT/airflow/dags/dbt_pipeline.py for tasks to queue
[2026-04-01T17:42:53.078+0530] {logging_mixin.py:188} INFO - [2026-04-01T17:42:53.078+0530] {dagbag.py:540} INFO - Filling up the DagBag from /Users/aswin/Documents/data-engineering-practice/ETL_Airflow_DBT/airflow/dags/dbt_pipeline.py
[2026-04-01T17:42:53.081+0530] {processor.py:840} INFO - DAG(s) 'dbt_pipeline' retrieved from /Users/aswin/Documents/data-engineering-practice/ETL_Airflow_DBT/airflow/dags/dbt_pipeline.py
[2026-04-01T17:42:53.131+0530] {logging_mixin.py:188} INFO - [2026-04-01T17:42:53.131+0530] {dag.py:3096} INFO - Sync 1 DAGs
[2026-04-01T17:42:53.136+0530] {logging_mixin.py:188} INFO - [2026-04-01T17:42:53.136+0530] {dag.py:3954} INFO - Setting next_dagrun for dbt_pipeline to None, run_after=None
[2026-04-01T17:42:53.144+0530] {processor.py:183} INFO - Processing /Users/aswin/Documents/data-engineering-practice/ETL_Airflow_DBT/airflow/dags/dbt_pipeline.py took 0.068 seconds
[2026-04-01T18:01:23.346+0530] {processor.py:161} INFO - Started process (PID=94836) to work on /Users/aswin/Documents/data-engineering-practice/ETL_Airflow_DBT/airflow/dags/dbt_pipeline.py
[2026-04-01T18:01:23.347+0530] {processor.py:830} INFO - Processing file /Users/aswin/Documents/data-engineering-practice/ETL_Airflow_DBT/airflow/dags/dbt_pipeline.py for tasks to queue
[2026-04-01T18:01:23.347+0530] {logging_mixin.py:188} INFO - [2026-04-01T18:01:23.347+0530] {dagbag.py:540} INFO - Filling up the DagBag from /Users/aswin/Documents/data-engineering-practice/ETL_Airflow_DBT/airflow/dags/dbt_pipeline.py
[2026-04-01T18:01:23.350+0530] {processor.py:840} INFO - DAG(s) 'dbt_pipeline' retrieved from /Users/aswin/Documents/data-engineering-practice/ETL_Airflow_DBT/airflow/dags/dbt_pipeline.py
[2026-04-01T18:01:23.401+0530] {logging_mixin.py:188} INFO - [2026-04-01T18:01:23.400+0530] {dag.py:3096} INFO - Sync 1 DAGs
[2026-04-01T18:01:23.408+0530] {logging_mixin.py:188} INFO - [2026-04-01T18:01:23.408+0530] {dag.py:3954} INFO - Setting next_dagrun for dbt_pipeline to None, run_after=None
[2026-04-01T18:01:23.419+0530] {processor.py:183} INFO - Processing /Users/aswin/Documents/data-engineering-practice/ETL_Airflow_DBT/airflow/dags/dbt_pipeline.py took 0.073 seconds
[2026-04-01T18:02:27.325+0530] {processor.py:161} INFO - Started process (PID=94911) to work on /Users/aswin/Documents/data-engineering-practice/ETL_Airflow_DBT/airflow/dags/dbt_pipeline.py
[2026-04-01T18:02:27.326+0530] {processor.py:830} INFO - Processing file /Users/aswin/Documents/data-engineering-practice/ETL_Airflow_DBT/airflow/dags/dbt_pipeline.py for tasks to queue
[2026-04-01T18:02:27.326+0530] {logging_mixin.py:188} INFO - [2026-04-01T18:02:27.326+0530] {dagbag.py:540} INFO - Filling up the DagBag from /Users/aswin/Documents/data-engineering-practice/ETL_Airflow_DBT/airflow/dags/dbt_pipeline.py
[2026-04-01T18:02:27.329+0530] {processor.py:840} INFO - DAG(s) 'dbt_pipeline' retrieved from /Users/aswin/Documents/data-engineering-practice/ETL_Airflow_DBT/airflow/dags/dbt_pipeline.py
[2026-04-01T18:02:27.385+0530] {logging_mixin.py:188} INFO - [2026-04-01T18:02:27.385+0530] {dag.py:3096} INFO - Sync 1 DAGs
[2026-04-01T18:02:27.392+0530] {logging_mixin.py:188} INFO - [2026-04-01T18:02:27.392+0530] {dag.py:3954} INFO - Setting next_dagrun for dbt_pipeline to None, run_after=None
[2026-04-01T18:02:27.402+0530] {processor.py:183} INFO - Processing /Users/aswin/Documents/data-engineering-practice/ETL_Airflow_DBT/airflow/dags/dbt_pipeline.py took 0.078 seconds
[2026-04-01T18:03:31.104+0530] {processor.py:161} INFO - Started process (PID=94991) to work on /Users/aswin/Documents/data-engineering-practice/ETL_Airflow_DBT/airflow/dags/dbt_pipeline.py
[2026-04-01T18:03:31.105+0530] {processor.py:830} INFO - Processing file /Users/aswin/Documents/data-engineering-practice/ETL_Airflow_DBT/airflow/dags/dbt_pipeline.py for tasks to queue
[2026-04-01T18:03:31.105+0530] {logging_mixin.py:188} INFO - [2026-04-01T18:03:31.105+0530] {dagbag.py:540} INFO - Filling up the DagBag from /Users/aswin/Documents/data-engineering-practice/ETL_Airflow_DBT/airflow/dags/dbt_pipeline.py
[2026-04-01T18:03:31.108+0530] {processor.py:840} INFO - DAG(s) 'dbt_pipeline' retrieved from /Users/aswin/Documents/data-engineering-practice/ETL_Airflow_DBT/airflow/dags/dbt_pipeline.py
[2026-04-01T18:03:31.164+0530] {logging_mixin.py:188} INFO - [2026-04-01T18:03:31.164+0530] {dag.py:3096} INFO - Sync 1 DAGs
[2026-04-01T18:03:31.172+0530] {logging_mixin.py:188} INFO - [2026-04-01T18:03:31.172+0530] {dag.py:3954} INFO - Setting next_dagrun for dbt_pipeline to None, run_after=None
[2026-04-01T18:03:31.182+0530] {processor.py:183} INFO - Processing /Users/aswin/Documents/data-engineering-practice/ETL_Airflow_DBT/airflow/dags/dbt_pipeline.py took 0.079 seconds
[2026-04-01T18:20:52.278+0530] {processor.py:161} INFO - Started process (PID=95075) to work on /Users/aswin/Documents/data-engineering-practice/ETL_Airflow_DBT/airflow/dags/dbt_pipeline.py
[2026-04-01T18:20:52.279+0530] {processor.py:830} INFO - Processing file /Users/aswin/Documents/data-engineering-practice/ETL_Airflow_DBT/airflow/dags/dbt_pipeline.py for tasks to queue
[2026-04-01T18:20:52.279+0530] {logging_mixin.py:188} INFO - [2026-04-01T18:20:52.279+0530] {dagbag.py:540} INFO - Filling up the DagBag from /Users/aswin/Documents/data-engineering-practice/ETL_Airflow_DBT/airflow/dags/dbt_pipeline.py
[2026-04-01T18:20:52.282+0530] {processor.py:840} INFO - DAG(s) 'dbt_pipeline' retrieved from /Users/aswin/Documents/data-engineering-practice/ETL_Airflow_DBT/airflow/dags/dbt_pipeline.py
[2026-04-01T18:20:52.342+0530] {logging_mixin.py:188} INFO - [2026-04-01T18:20:52.342+0530] {dag.py:3096} INFO - Sync 1 DAGs
[2026-04-01T18:20:52.348+0530] {logging_mixin.py:188} INFO - [2026-04-01T18:20:52.348+0530] {dag.py:3954} INFO - Setting next_dagrun for dbt_pipeline to None, run_after=None
[2026-04-01T18:20:52.355+0530] {processor.py:183} INFO - Processing /Users/aswin/Documents/data-engineering-practice/ETL_Airflow_DBT/airflow/dags/dbt_pipeline.py took 0.079 seconds
[2026-04-01T18:21:57.840+0530] {processor.py:161} INFO - Started process (PID=95158) to work on /Users/aswin/Documents/data-engineering-practice/ETL_Airflow_DBT/airflow/dags/dbt_pipeline.py
[2026-04-01T18:21:57.841+0530] {processor.py:830} INFO - Processing file /Users/aswin/Documents/data-engineering-practice/ETL_Airflow_DBT/airflow/dags/dbt_pipeline.py for tasks to queue
[2026-04-01T18:21:57.841+0530] {logging_mixin.py:188} INFO - [2026-04-01T18:21:57.841+0530] {dagbag.py:540} INFO - Filling up the DagBag from /Users/aswin/Documents/data-engineering-practice/ETL_Airflow_DBT/airflow/dags/dbt_pipeline.py
[2026-04-01T18:21:57.844+0530] {processor.py:840} INFO - DAG(s) 'dbt_pipeline' retrieved from /Users/aswin/Documents/data-engineering-practice/ETL_Airflow_DBT/airflow/dags/dbt_pipeline.py
[2026-04-01T18:21:57.896+0530] {logging_mixin.py:188} INFO - [2026-04-01T18:21:57.896+0530] {dag.py:3096} INFO - Sync 1 DAGs
[2026-04-01T18:21:57.903+0530] {logging_mixin.py:188} INFO - [2026-04-01T18:21:57.903+0530] {dag.py:3954} INFO - Setting next_dagrun for dbt_pipeline to None, run_after=None
[2026-04-01T18:21:57.916+0530] {processor.py:183} INFO - Processing /Users/aswin/Documents/data-engineering-practice/ETL_Airflow_DBT/airflow/dags/dbt_pipeline.py took 0.077 seconds
[2026-04-01T18:22:35.914+0530] {processor.py:161} INFO - Started process (PID=95250) to work on /Users/aswin/Documents/data-engineering-practice/ETL_Airflow_DBT/airflow/dags/dbt_pipeline.py
[2026-04-01T18:22:35.914+0530] {processor.py:830} INFO - Processing file /Users/aswin/Documents/data-engineering-practice/ETL_Airflow_DBT/airflow/dags/dbt_pipeline.py for tasks to queue
[2026-04-01T18:22:35.915+0530] {logging_mixin.py:188} INFO - [2026-04-01T18:22:35.915+0530] {dagbag.py:540} INFO - Filling up the DagBag from /Users/aswin/Documents/data-engineering-practice/ETL_Airflow_DBT/airflow/dags/dbt_pipeline.py
[2026-04-01T18:22:35.918+0530] {processor.py:840} INFO - DAG(s) 'dbt_pipeline' retrieved from /Users/aswin/Documents/data-engineering-practice/ETL_Airflow_DBT/airflow/dags/dbt_pipeline.py
[2026-04-01T18:22:35.970+0530] {logging_mixin.py:188} INFO - [2026-04-01T18:22:35.970+0530] {dag.py:3096} INFO - Sync 1 DAGs
[2026-04-01T18:22:35.976+0530] {logging_mixin.py:188} INFO - [2026-04-01T18:22:35.976+0530] {dag.py:3954} INFO - Setting next_dagrun for dbt_pipeline to None, run_after=None
[2026-04-01T18:22:35.984+0530] {processor.py:183} INFO - Processing /Users/aswin/Documents/data-engineering-practice/ETL_Airflow_DBT/airflow/dags/dbt_pipeline.py took 0.071 seconds
[2026-04-01T18:23:41.956+0530] {processor.py:161} INFO - Started process (PID=95353) to work on /Users/aswin/Documents/data-engineering-practice/ETL_Airflow_DBT/airflow/dags/dbt_pipeline.py
[2026-04-01T18:23:41.957+0530] {processor.py:830} INFO - Processing file /Users/aswin/Documents/data-engineering-practice/ETL_Airflow_DBT/airflow/dags/dbt_pipeline.py for tasks to queue
[2026-04-01T18:23:41.958+0530] {logging_mixin.py:188} INFO - [2026-04-01T18:23:41.958+0530] {dagbag.py:540} INFO - Filling up the DagBag from /Users/aswin/Documents/data-engineering-practice/ETL_Airflow_DBT/airflow/dags/dbt_pipeline.py
[2026-04-01T18:23:41.961+0530] {processor.py:840} INFO - DAG(s) 'dbt_pipeline' retrieved from /Users/aswin/Documents/data-engineering-practice/ETL_Airflow_DBT/airflow/dags/dbt_pipeline.py
[2026-04-01T18:23:42.024+0530] {logging_mixin.py:188} INFO - [2026-04-01T18:23:42.024+0530] {dag.py:3096} INFO - Sync 1 DAGs
[2026-04-01T18:23:42.032+0530] {logging_mixin.py:188} INFO - [2026-04-01T18:23:42.031+0530] {dag.py:3954} INFO - Setting next_dagrun for dbt_pipeline to None, run_after=None
[2026-04-01T18:23:42.042+0530] {processor.py:183} INFO - Processing /Users/aswin/Documents/data-engineering-practice/ETL_Airflow_DBT/airflow/dags/dbt_pipeline.py took 0.087 seconds
[2026-04-01T18:41:38.084+0530] {processor.py:161} INFO - Started process (PID=95430) to work on /Users/aswin/Documents/data-engineering-practice/ETL_Airflow_DBT/airflow/dags/dbt_pipeline.py
[2026-04-01T18:41:38.084+0530] {processor.py:830} INFO - Processing file /Users/aswin/Documents/data-engineering-practice/ETL_Airflow_DBT/airflow/dags/dbt_pipeline.py for tasks to queue
[2026-04-01T18:41:38.085+0530] {logging_mixin.py:188} INFO - [2026-04-01T18:41:38.085+0530] {dagbag.py:540} INFO - Filling up the DagBag from /Users/aswin/Documents/data-engineering-practice/ETL_Airflow_DBT/airflow/dags/dbt_pipeline.py
[2026-04-01T18:41:38.088+0530] {processor.py:840} INFO - DAG(s) 'dbt_pipeline' retrieved from /Users/aswin/Documents/data-engineering-practice/ETL_Airflow_DBT/airflow/dags/dbt_pipeline.py
[2026-04-01T18:41:38.142+0530] {logging_mixin.py:188} INFO - [2026-04-01T18:41:38.142+0530] {dag.py:3096} INFO - Sync 1 DAGs
[2026-04-01T18:41:38.150+0530] {logging_mixin.py:188} INFO - [2026-04-01T18:41:38.150+0530] {dag.py:3954} INFO - Setting next_dagrun for dbt_pipeline to None, run_after=None
[2026-04-01T18:41:38.162+0530] {processor.py:183} INFO - Processing /Users/aswin/Documents/data-engineering-practice/ETL_Airflow_DBT/airflow/dags/dbt_pipeline.py took 0.079 seconds
[2026-04-01T18:42:43.086+0530] {processor.py:161} INFO - Started process (PID=95524) to work on /Users/aswin/Documents/data-engineering-practice/ETL_Airflow_DBT/airflow/dags/dbt_pipeline.py
[2026-04-01T18:42:43.087+0530] {processor.py:830} INFO - Processing file /Users/aswin/Documents/data-engineering-practice/ETL_Airflow_DBT/airflow/dags/dbt_pipeline.py for tasks to queue
[2026-04-01T18:42:43.087+0530] {logging_mixin.py:188} INFO - [2026-04-01T18:42:43.087+0530] {dagbag.py:540} INFO - Filling up the DagBag from /Users/aswin/Documents/data-engineering-practice/ETL_Airflow_DBT/airflow/dags/dbt_pipeline.py
[2026-04-01T18:42:43.090+0530] {processor.py:840} INFO - DAG(s) 'dbt_pipeline' retrieved from /Users/aswin/Documents/data-engineering-practice/ETL_Airflow_DBT/airflow/dags/dbt_pipeline.py
[2026-04-01T18:42:43.142+0530] {logging_mixin.py:188} INFO - [2026-04-01T18:42:43.142+0530] {dag.py:3096} INFO - Sync 1 DAGs
[2026-04-01T18:42:43.149+0530] {logging_mixin.py:188} INFO - [2026-04-01T18:42:43.149+0530] {dag.py:3954} INFO - Setting next_dagrun for dbt_pipeline to None, run_after=None
[2026-04-01T18:42:43.158+0530] {processor.py:183} INFO - Processing /Users/aswin/Documents/data-engineering-practice/ETL_Airflow_DBT/airflow/dags/dbt_pipeline.py took 0.074 seconds
[2026-04-01T18:43:48.445+0530] {processor.py:161} INFO - Started process (PID=95607) to work on /Users/aswin/Documents/data-engineering-practice/ETL_Airflow_DBT/airflow/dags/dbt_pipeline.py
[2026-04-01T18:43:48.446+0530] {processor.py:830} INFO - Processing file /Users/aswin/Documents/data-engineering-practice/ETL_Airflow_DBT/airflow/dags/dbt_pipeline.py for tasks to queue
[2026-04-01T18:43:48.446+0530] {logging_mixin.py:188} INFO - [2026-04-01T18:43:48.446+0530] {dagbag.py:540} INFO - Filling up the DagBag from /Users/aswin/Documents/data-engineering-practice/ETL_Airflow_DBT/airflow/dags/dbt_pipeline.py
[2026-04-01T18:43:48.449+0530] {processor.py:840} INFO - DAG(s) 'dbt_pipeline' retrieved from /Users/aswin/Documents/data-engineering-practice/ETL_Airflow_DBT/airflow/dags/dbt_pipeline.py
[2026-04-01T18:43:48.500+0530] {logging_mixin.py:188} INFO - [2026-04-01T18:43:48.500+0530] {dag.py:3096} INFO - Sync 1 DAGs
[2026-04-01T18:43:48.508+0530] {logging_mixin.py:188} INFO - [2026-04-01T18:43:48.508+0530] {dag.py:3954} INFO - Setting next_dagrun for dbt_pipeline to None, run_after=None
[2026-04-01T18:43:48.518+0530] {processor.py:183} INFO - Processing /Users/aswin/Documents/data-engineering-practice/ETL_Airflow_DBT/airflow/dags/dbt_pipeline.py took 0.074 seconds
[2026-04-01T19:00:20.590+0530] {processor.py:161} INFO - Started process (PID=95701) to work on /Users/aswin/Documents/data-engineering-practice/ETL_Airflow_DBT/airflow/dags/dbt_pipeline.py
[2026-04-01T19:00:20.591+0530] {processor.py:830} INFO - Processing file /Users/aswin/Documents/data-engineering-practice/ETL_Airflow_DBT/airflow/dags/dbt_pipeline.py for tasks to queue
[2026-04-01T19:00:20.591+0530] {logging_mixin.py:188} INFO - [2026-04-01T19:00:20.591+0530] {dagbag.py:540} INFO - Filling up the DagBag from /Users/aswin/Documents/data-engineering-practice/ETL_Airflow_DBT/airflow/dags/dbt_pipeline.py
[2026-04-01T19:00:20.594+0530] {processor.py:840} INFO - DAG(s) 'dbt_pipeline' retrieved from /Users/aswin/Documents/data-engineering-practice/ETL_Airflow_DBT/airflow/dags/dbt_pipeline.py
[2026-04-01T19:00:20.646+0530] {logging_mixin.py:188} INFO - [2026-04-01T19:00:20.645+0530] {dag.py:3096} INFO - Sync 1 DAGs
[2026-04-01T19:00:20.651+0530] {logging_mixin.py:188} INFO - [2026-04-01T19:00:20.651+0530] {dag.py:3954} INFO - Setting next_dagrun for dbt_pipeline to None, run_after=None
[2026-04-01T19:00:20.661+0530] {processor.py:183} INFO - Processing /Users/aswin/Documents/data-engineering-practice/ETL_Airflow_DBT/airflow/dags/dbt_pipeline.py took 0.072 seconds
[2026-04-01T19:01:25.651+0530] {processor.py:161} INFO - Started process (PID=95784) to work on /Users/aswin/Documents/data-engineering-practice/ETL_Airflow_DBT/airflow/dags/dbt_pipeline.py
[2026-04-01T19:01:25.652+0530] {processor.py:830} INFO - Processing file /Users/aswin/Documents/data-engineering-practice/ETL_Airflow_DBT/airflow/dags/dbt_pipeline.py for tasks to queue
[2026-04-01T19:01:25.653+0530] {logging_mixin.py:188} INFO - [2026-04-01T19:01:25.652+0530] {dagbag.py:540} INFO - Filling up the DagBag from /Users/aswin/Documents/data-engineering-practice/ETL_Airflow_DBT/airflow/dags/dbt_pipeline.py
[2026-04-01T19:01:25.655+0530] {processor.py:840} INFO - DAG(s) 'dbt_pipeline' retrieved from /Users/aswin/Documents/data-engineering-practice/ETL_Airflow_DBT/airflow/dags/dbt_pipeline.py
[2026-04-01T19:01:25.709+0530] {logging_mixin.py:188} INFO - [2026-04-01T19:01:25.708+0530] {dag.py:3096} INFO - Sync 1 DAGs
[2026-04-01T19:01:25.721+0530] {logging_mixin.py:188} INFO - [2026-04-01T19:01:25.721+0530] {dag.py:3954} INFO - Setting next_dagrun for dbt_pipeline to None, run_after=None
[2026-04-01T19:01:25.732+0530] {processor.py:183} INFO - Processing /Users/aswin/Documents/data-engineering-practice/ETL_Airflow_DBT/airflow/dags/dbt_pipeline.py took 0.082 seconds
[2026-04-01T19:02:30.307+0530] {processor.py:161} INFO - Started process (PID=95868) to work on /Users/aswin/Documents/data-engineering-practice/ETL_Airflow_DBT/airflow/dags/dbt_pipeline.py
[2026-04-01T19:02:30.308+0530] {processor.py:830} INFO - Processing file /Users/aswin/Documents/data-engineering-practice/ETL_Airflow_DBT/airflow/dags/dbt_pipeline.py for tasks to queue
[2026-04-01T19:02:30.308+0530] {logging_mixin.py:188} INFO - [2026-04-01T19:02:30.308+0530] {dagbag.py:540} INFO - Filling up the DagBag from /Users/aswin/Documents/data-engineering-practice/ETL_Airflow_DBT/airflow/dags/dbt_pipeline.py
[2026-04-01T19:02:30.311+0530] {processor.py:840} INFO - DAG(s) 'dbt_pipeline' retrieved from /Users/aswin/Documents/data-engineering-practice/ETL_Airflow_DBT/airflow/dags/dbt_pipeline.py
[2026-04-01T19:02:30.361+0530] {logging_mixin.py:188} INFO - [2026-04-01T19:02:30.361+0530] {dag.py:3096} INFO - Sync 1 DAGs
[2026-04-01T19:02:30.369+0530] {logging_mixin.py:188} INFO - [2026-04-01T19:02:30.369+0530] {dag.py:3954} INFO - Setting next_dagrun for dbt_pipeline to None, run_after=None
[2026-04-01T19:02:30.379+0530] {processor.py:183} INFO - Processing /Users/aswin/Documents/data-engineering-practice/ETL_Airflow_DBT/airflow/dags/dbt_pipeline.py took 0.073 seconds
[2026-04-01T19:20:15.728+0530] {processor.py:161} INFO - Started process (PID=95950) to work on /Users/aswin/Documents/data-engineering-practice/ETL_Airflow_DBT/airflow/dags/dbt_pipeline.py
[2026-04-01T19:20:15.729+0530] {processor.py:830} INFO - Processing file /Users/aswin/Documents/data-engineering-practice/ETL_Airflow_DBT/airflow/dags/dbt_pipeline.py for tasks to queue
[2026-04-01T19:20:15.729+0530] {logging_mixin.py:188} INFO - [2026-04-01T19:20:15.729+0530] {dagbag.py:540} INFO - Filling up the DagBag from /Users/aswin/Documents/data-engineering-practice/ETL_Airflow_DBT/airflow/dags/dbt_pipeline.py
[2026-04-01T19:20:15.731+0530] {processor.py:840} INFO - DAG(s) 'dbt_pipeline' retrieved from /Users/aswin/Documents/data-engineering-practice/ETL_Airflow_DBT/airflow/dags/dbt_pipeline.py
[2026-04-01T19:20:15.784+0530] {logging_mixin.py:188} INFO - [2026-04-01T19:20:15.784+0530] {dag.py:3096} INFO - Sync 1 DAGs
[2026-04-01T19:20:15.791+0530] {logging_mixin.py:188} INFO - [2026-04-01T19:20:15.791+0530] {dag.py:3954} INFO - Setting next_dagrun for dbt_pipeline to None, run_after=None
[2026-04-01T19:20:15.801+0530] {processor.py:183} INFO - Processing /Users/aswin/Documents/data-engineering-practice/ETL_Airflow_DBT/airflow/dags/dbt_pipeline.py took 0.074 seconds
[2026-04-01T19:21:48.949+0530] {processor.py:161} INFO - Started process (PID=96052) to work on /Users/aswin/Documents/data-engineering-practice/ETL_Airflow_DBT/airflow/dags/dbt_pipeline.py
[2026-04-01T19:21:48.950+0530] {processor.py:830} INFO - Processing file /Users/aswin/Documents/data-engineering-practice/ETL_Airflow_DBT/airflow/dags/dbt_pipeline.py for tasks to queue
[2026-04-01T19:21:48.950+0530] {logging_mixin.py:188} INFO - [2026-04-01T19:21:48.950+0530] {dagbag.py:540} INFO - Filling up the DagBag from /Users/aswin/Documents/data-engineering-practice/ETL_Airflow_DBT/airflow/dags/dbt_pipeline.py
[2026-04-01T19:21:48.953+0530] {processor.py:840} INFO - DAG(s) 'dbt_pipeline' retrieved from /Users/aswin/Documents/data-engineering-practice/ETL_Airflow_DBT/airflow/dags/dbt_pipeline.py
[2026-04-01T19:21:49.006+0530] {logging_mixin.py:188} INFO - [2026-04-01T19:21:49.006+0530] {dag.py:3096} INFO - Sync 1 DAGs
[2026-04-01T19:21:49.013+0530] {logging_mixin.py:188} INFO - [2026-04-01T19:21:49.013+0530] {dag.py:3954} INFO - Setting next_dagrun for dbt_pipeline to None, run_after=None
[2026-04-01T19:21:49.022+0530] {processor.py:183} INFO - Processing /Users/aswin/Documents/data-engineering-practice/ETL_Airflow_DBT/airflow/dags/dbt_pipeline.py took 0.074 seconds
[2026-04-01T19:22:54.421+0530] {processor.py:161} INFO - Started process (PID=96142) to work on /Users/aswin/Documents/data-engineering-practice/ETL_Airflow_DBT/airflow/dags/dbt_pipeline.py
[2026-04-01T19:22:54.422+0530] {processor.py:830} INFO - Processing file /Users/aswin/Documents/data-engineering-practice/ETL_Airflow_DBT/airflow/dags/dbt_pipeline.py for tasks to queue
[2026-04-01T19:22:54.422+0530] {logging_mixin.py:188} INFO - [2026-04-01T19:22:54.422+0530] {dagbag.py:540} INFO - Filling up the DagBag from /Users/aswin/Documents/data-engineering-practice/ETL_Airflow_DBT/airflow/dags/dbt_pipeline.py
[2026-04-01T19:22:54.425+0530] {processor.py:840} INFO - DAG(s) 'dbt_pipeline' retrieved from /Users/aswin/Documents/data-engineering-practice/ETL_Airflow_DBT/airflow/dags/dbt_pipeline.py
[2026-04-01T19:22:54.475+0530] {logging_mixin.py:188} INFO - [2026-04-01T19:22:54.475+0530] {dag.py:3096} INFO - Sync 1 DAGs
[2026-04-01T19:22:54.482+0530] {logging_mixin.py:188} INFO - [2026-04-01T19:22:54.482+0530] {dag.py:3954} INFO - Setting next_dagrun for dbt_pipeline to None, run_after=None
[2026-04-01T19:22:54.493+0530] {processor.py:183} INFO - Processing /Users/aswin/Documents/data-engineering-practice/ETL_Airflow_DBT/airflow/dags/dbt_pipeline.py took 0.073 seconds
[2026-04-01T19:35:04.474+0530] {processor.py:161} INFO - Started process (PID=96227) to work on /Users/aswin/Documents/data-engineering-practice/ETL_Airflow_DBT/airflow/dags/dbt_pipeline.py
[2026-04-01T19:35:04.474+0530] {processor.py:830} INFO - Processing file /Users/aswin/Documents/data-engineering-practice/ETL_Airflow_DBT/airflow/dags/dbt_pipeline.py for tasks to queue
[2026-04-01T19:35:04.475+0530] {logging_mixin.py:188} INFO - [2026-04-01T19:35:04.475+0530] {dagbag.py:540} INFO - Filling up the DagBag from /Users/aswin/Documents/data-engineering-practice/ETL_Airflow_DBT/airflow/dags/dbt_pipeline.py
[2026-04-01T19:35:04.477+0530] {processor.py:840} INFO - DAG(s) 'dbt_pipeline' retrieved from /Users/aswin/Documents/data-engineering-practice/ETL_Airflow_DBT/airflow/dags/dbt_pipeline.py
[2026-04-01T19:35:04.529+0530] {logging_mixin.py:188} INFO - [2026-04-01T19:35:04.529+0530] {dag.py:3096} INFO - Sync 1 DAGs
[2026-04-01T19:35:04.537+0530] {logging_mixin.py:188} INFO - [2026-04-01T19:35:04.537+0530] {dag.py:3954} INFO - Setting next_dagrun for dbt_pipeline to None, run_after=None
[2026-04-01T19:35:04.548+0530] {processor.py:183} INFO - Processing /Users/aswin/Documents/data-engineering-practice/ETL_Airflow_DBT/airflow/dags/dbt_pipeline.py took 0.075 seconds
[2026-04-01T19:42:55.736+0530] {processor.py:161} INFO - Started process (PID=96365) to work on /Users/aswin/Documents/data-engineering-practice/ETL_Airflow_DBT/airflow/dags/dbt_pipeline.py
[2026-04-01T19:42:55.737+0530] {processor.py:830} INFO - Processing file /Users/aswin/Documents/data-engineering-practice/ETL_Airflow_DBT/airflow/dags/dbt_pipeline.py for tasks to queue
[2026-04-01T19:42:55.738+0530] {logging_mixin.py:188} INFO - [2026-04-01T19:42:55.738+0530] {dagbag.py:540} INFO - Filling up the DagBag from /Users/aswin/Documents/data-engineering-practice/ETL_Airflow_DBT/airflow/dags/dbt_pipeline.py
[2026-04-01T19:42:55.740+0530] {processor.py:840} INFO - DAG(s) 'dbt_pipeline' retrieved from /Users/aswin/Documents/data-engineering-practice/ETL_Airflow_DBT/airflow/dags/dbt_pipeline.py
[2026-04-01T19:42:55.793+0530] {logging_mixin.py:188} INFO - [2026-04-01T19:42:55.793+0530] {dag.py:3096} INFO - Sync 1 DAGs
[2026-04-01T19:42:55.798+0530] {logging_mixin.py:188} INFO - [2026-04-01T19:42:55.798+0530] {dag.py:3954} INFO - Setting next_dagrun for dbt_pipeline to None, run_after=None
[2026-04-01T19:42:55.820+0530] {processor.py:183} INFO - Processing /Users/aswin/Documents/data-engineering-practice/ETL_Airflow_DBT/airflow/dags/dbt_pipeline.py took 0.085 seconds
[2026-04-01T19:44:05.693+0530] {processor.py:161} INFO - Started process (PID=96489) to work on /Users/aswin/Documents/data-engineering-practice/ETL_Airflow_DBT/airflow/dags/dbt_pipeline.py
[2026-04-01T19:44:05.694+0530] {processor.py:830} INFO - Processing file /Users/aswin/Documents/data-engineering-practice/ETL_Airflow_DBT/airflow/dags/dbt_pipeline.py for tasks to queue
[2026-04-01T19:44:05.694+0530] {logging_mixin.py:188} INFO - [2026-04-01T19:44:05.694+0530] {dagbag.py:540} INFO - Filling up the DagBag from /Users/aswin/Documents/data-engineering-practice/ETL_Airflow_DBT/airflow/dags/dbt_pipeline.py
[2026-04-01T19:44:05.697+0530] {processor.py:840} INFO - DAG(s) 'dbt_pipeline' retrieved from /Users/aswin/Documents/data-engineering-practice/ETL_Airflow_DBT/airflow/dags/dbt_pipeline.py
[2026-04-01T19:44:05.748+0530] {logging_mixin.py:188} INFO - [2026-04-01T19:44:05.748+0530] {dag.py:3096} INFO - Sync 1 DAGs
[2026-04-01T19:44:05.753+0530] {logging_mixin.py:188} INFO - [2026-04-01T19:44:05.753+0530] {dag.py:3954} INFO - Setting next_dagrun for dbt_pipeline to None, run_after=None
[2026-04-01T19:44:05.760+0530] {processor.py:183} INFO - Processing /Users/aswin/Documents/data-engineering-practice/ETL_Airflow_DBT/airflow/dags/dbt_pipeline.py took 0.068 seconds
[2026-04-01T19:45:11.404+0530] {processor.py:161} INFO - Started process (PID=96575) to work on /Users/aswin/Documents/data-engineering-practice/ETL_Airflow_DBT/airflow/dags/dbt_pipeline.py
[2026-04-01T19:45:11.404+0530] {processor.py:830} INFO - Processing file /Users/aswin/Documents/data-engineering-practice/ETL_Airflow_DBT/airflow/dags/dbt_pipeline.py for tasks to queue
[2026-04-01T19:45:11.405+0530] {logging_mixin.py:188} INFO - [2026-04-01T19:45:11.404+0530] {dagbag.py:540} INFO - Filling up the DagBag from /Users/aswin/Documents/data-engineering-practice/ETL_Airflow_DBT/airflow/dags/dbt_pipeline.py
[2026-04-01T19:45:11.407+0530] {processor.py:840} INFO - DAG(s) 'dbt_pipeline' retrieved from /Users/aswin/Documents/data-engineering-practice/ETL_Airflow_DBT/airflow/dags/dbt_pipeline.py
[2026-04-01T19:45:11.462+0530] {logging_mixin.py:188} INFO - [2026-04-01T19:45:11.462+0530] {dag.py:3096} INFO - Sync 1 DAGs
[2026-04-01T19:45:11.469+0530] {logging_mixin.py:188} INFO - [2026-04-01T19:45:11.469+0530] {dag.py:3954} INFO - Setting next_dagrun for dbt_pipeline to None, run_after=None
[2026-04-01T19:45:11.480+0530] {processor.py:183} INFO - Processing /Users/aswin/Documents/data-engineering-practice/ETL_Airflow_DBT/airflow/dags/dbt_pipeline.py took 0.077 seconds
[2026-04-01T20:00:15.005+0530] {processor.py:161} INFO - Started process (PID=96657) to work on /Users/aswin/Documents/data-engineering-practice/ETL_Airflow_DBT/airflow/dags/dbt_pipeline.py
[2026-04-01T20:00:15.007+0530] {processor.py:830} INFO - Processing file /Users/aswin/Documents/data-engineering-practice/ETL_Airflow_DBT/airflow/dags/dbt_pipeline.py for tasks to queue
[2026-04-01T20:00:15.007+0530] {logging_mixin.py:188} INFO - [2026-04-01T20:00:15.007+0530] {dagbag.py:540} INFO - Filling up the DagBag from /Users/aswin/Documents/data-engineering-practice/ETL_Airflow_DBT/airflow/dags/dbt_pipeline.py
[2026-04-01T20:00:15.010+0530] {processor.py:840} INFO - DAG(s) 'dbt_pipeline' retrieved from /Users/aswin/Documents/data-engineering-practice/ETL_Airflow_DBT/airflow/dags/dbt_pipeline.py
[2026-04-01T20:00:15.065+0530] {logging_mixin.py:188} INFO - [2026-04-01T20:00:15.065+0530] {dag.py:3096} INFO - Sync 1 DAGs
[2026-04-01T20:00:15.071+0530] {logging_mixin.py:188} INFO - [2026-04-01T20:00:15.071+0530] {dag.py:3954} INFO - Setting next_dagrun for dbt_pipeline to None, run_after=None
[2026-04-01T20:00:15.081+0530] {processor.py:183} INFO - Processing /Users/aswin/Documents/data-engineering-practice/ETL_Airflow_DBT/airflow/dags/dbt_pipeline.py took 0.077 seconds
[2026-04-01T20:00:47.664+0530] {processor.py:161} INFO - Started process (PID=96766) to work on /Users/aswin/Documents/data-engineering-practice/ETL_Airflow_DBT/airflow/dags/dbt_pipeline.py
[2026-04-01T20:00:47.665+0530] {processor.py:830} INFO - Processing file /Users/aswin/Documents/data-engineering-practice/ETL_Airflow_DBT/airflow/dags/dbt_pipeline.py for tasks to queue
[2026-04-01T20:00:47.665+0530] {logging_mixin.py:188} INFO - [2026-04-01T20:00:47.665+0530] {dagbag.py:540} INFO - Filling up the DagBag from /Users/aswin/Documents/data-engineering-practice/ETL_Airflow_DBT/airflow/dags/dbt_pipeline.py
[2026-04-01T20:00:47.668+0530] {processor.py:840} INFO - DAG(s) 'dbt_pipeline' retrieved from /Users/aswin/Documents/data-engineering-practice/ETL_Airflow_DBT/airflow/dags/dbt_pipeline.py
[2026-04-01T20:00:47.719+0530] {logging_mixin.py:188} INFO - [2026-04-01T20:00:47.718+0530] {dag.py:3096} INFO - Sync 1 DAGs
[2026-04-01T20:00:47.726+0530] {logging_mixin.py:188} INFO - [2026-04-01T20:00:47.726+0530] {dag.py:3954} INFO - Setting next_dagrun for dbt_pipeline to None, run_after=None
[2026-04-01T20:00:47.737+0530] {processor.py:183} INFO - Processing /Users/aswin/Documents/data-engineering-practice/ETL_Airflow_DBT/airflow/dags/dbt_pipeline.py took 0.074 seconds
[2026-04-01T20:01:18.646+0530] {processor.py:161} INFO - Started process (PID=96880) to work on /Users/aswin/Documents/data-engineering-practice/ETL_Airflow_DBT/airflow/dags/dbt_pipeline.py
[2026-04-01T20:01:18.647+0530] {processor.py:830} INFO - Processing file /Users/aswin/Documents/data-engineering-practice/ETL_Airflow_DBT/airflow/dags/dbt_pipeline.py for tasks to queue
[2026-04-01T20:01:18.647+0530] {logging_mixin.py:188} INFO - [2026-04-01T20:01:18.647+0530] {dagbag.py:540} INFO - Filling up the DagBag from /Users/aswin/Documents/data-engineering-practice/ETL_Airflow_DBT/airflow/dags/dbt_pipeline.py
[2026-04-01T20:01:18.650+0530] {processor.py:840} INFO - DAG(s) 'dbt_pipeline' retrieved from /Users/aswin/Documents/data-engineering-practice/ETL_Airflow_DBT/airflow/dags/dbt_pipeline.py
[2026-04-01T20:01:18.702+0530] {logging_mixin.py:188} INFO - [2026-04-01T20:01:18.701+0530] {dag.py:3096} INFO - Sync 1 DAGs
[2026-04-01T20:01:18.709+0530] {logging_mixin.py:188} INFO - [2026-04-01T20:01:18.709+0530] {dag.py:3954} INFO - Setting next_dagrun for dbt_pipeline to None, run_after=None
[2026-04-01T20:01:18.719+0530] {processor.py:183} INFO - Processing /Users/aswin/Documents/data-engineering-practice/ETL_Airflow_DBT/airflow/dags/dbt_pipeline.py took 0.074 seconds
[2026-04-01T20:01:49.576+0530] {processor.py:161} INFO - Started process (PID=96998) to work on /Users/aswin/Documents/data-engineering-practice/ETL_Airflow_DBT/airflow/dags/dbt_pipeline.py
[2026-04-01T20:01:49.577+0530] {processor.py:830} INFO - Processing file /Users/aswin/Documents/data-engineering-practice/ETL_Airflow_DBT/airflow/dags/dbt_pipeline.py for tasks to queue
[2026-04-01T20:01:49.577+0530] {logging_mixin.py:188} INFO - [2026-04-01T20:01:49.577+0530] {dagbag.py:540} INFO - Filling up the DagBag from /Users/aswin/Documents/data-engineering-practice/ETL_Airflow_DBT/airflow/dags/dbt_pipeline.py
[2026-04-01T20:01:49.580+0530] {processor.py:840} INFO - DAG(s) 'dbt_pipeline' retrieved from /Users/aswin/Documents/data-engineering-practice/ETL_Airflow_DBT/airflow/dags/dbt_pipeline.py
[2026-04-01T20:01:49.631+0530] {logging_mixin.py:188} INFO - [2026-04-01T20:01:49.631+0530] {dag.py:3096} INFO - Sync 1 DAGs
[2026-04-01T20:01:49.638+0530] {logging_mixin.py:188} INFO - [2026-04-01T20:01:49.638+0530] {dag.py:3954} INFO - Setting next_dagrun for dbt_pipeline to None, run_after=None
[2026-04-01T20:01:49.649+0530] {processor.py:183} INFO - Processing /Users/aswin/Documents/data-engineering-practice/ETL_Airflow_DBT/airflow/dags/dbt_pipeline.py took 0.074 seconds
[2026-04-01T20:02:22.353+0530] {processor.py:161} INFO - Started process (PID=97108) to work on /Users/aswin/Documents/data-engineering-practice/ETL_Airflow_DBT/airflow/dags/dbt_pipeline.py
[2026-04-01T20:02:22.354+0530] {processor.py:830} INFO - Processing file /Users/aswin/Documents/data-engineering-practice/ETL_Airflow_DBT/airflow/dags/dbt_pipeline.py for tasks to queue
[2026-04-01T20:02:22.354+0530] {logging_mixin.py:188} INFO - [2026-04-01T20:02:22.354+0530] {dagbag.py:540} INFO - Filling up the DagBag from /Users/aswin/Documents/data-engineering-practice/ETL_Airflow_DBT/airflow/dags/dbt_pipeline.py
[2026-04-01T20:02:22.357+0530] {processor.py:840} INFO - DAG(s) 'dbt_pipeline' retrieved from /Users/aswin/Documents/data-engineering-practice/ETL_Airflow_DBT/airflow/dags/dbt_pipeline.py
[2026-04-01T20:02:22.408+0530] {logging_mixin.py:188} INFO - [2026-04-01T20:02:22.408+0530] {dag.py:3096} INFO - Sync 1 DAGs
[2026-04-01T20:02:22.416+0530] {logging_mixin.py:188} INFO - [2026-04-01T20:02:22.415+0530] {dag.py:3954} INFO - Setting next_dagrun for dbt_pipeline to None, run_after=None
[2026-04-01T20:02:22.426+0530] {processor.py:183} INFO - Processing /Users/aswin/Documents/data-engineering-practice/ETL_Airflow_DBT/airflow/dags/dbt_pipeline.py took 0.075 seconds
[2026-04-01T20:02:54.055+0530] {processor.py:161} INFO - Started process (PID=97223) to work on /Users/aswin/Documents/data-engineering-practice/ETL_Airflow_DBT/airflow/dags/dbt_pipeline.py
[2026-04-01T20:02:54.056+0530] {processor.py:830} INFO - Processing file /Users/aswin/Documents/data-engineering-practice/ETL_Airflow_DBT/airflow/dags/dbt_pipeline.py for tasks to queue
[2026-04-01T20:02:54.056+0530] {logging_mixin.py:188} INFO - [2026-04-01T20:02:54.056+0530] {dagbag.py:540} INFO - Filling up the DagBag from /Users/aswin/Documents/data-engineering-practice/ETL_Airflow_DBT/airflow/dags/dbt_pipeline.py
[2026-04-01T20:02:54.059+0530] {processor.py:840} INFO - DAG(s) 'dbt_pipeline' retrieved from /Users/aswin/Documents/data-engineering-practice/ETL_Airflow_DBT/airflow/dags/dbt_pipeline.py
[2026-04-01T20:02:54.125+0530] {logging_mixin.py:188} INFO - [2026-04-01T20:02:54.124+0530] {dag.py:3096} INFO - Sync 1 DAGs
[2026-04-01T20:02:54.130+0530] {logging_mixin.py:188} INFO - [2026-04-01T20:02:54.130+0530] {dag.py:3954} INFO - Setting next_dagrun for dbt_pipeline to None, run_after=None
[2026-04-01T20:02:54.139+0530] {processor.py:183} INFO - Processing /Users/aswin/Documents/data-engineering-practice/ETL_Airflow_DBT/airflow/dags/dbt_pipeline.py took 0.085 seconds
[2026-04-01T20:03:28.655+0530] {processor.py:161} INFO - Started process (PID=97335) to work on /Users/aswin/Documents/data-engineering-practice/ETL_Airflow_DBT/airflow/dags/dbt_pipeline.py
[2026-04-01T20:03:28.656+0530] {processor.py:830} INFO - Processing file /Users/aswin/Documents/data-engineering-practice/ETL_Airflow_DBT/airflow/dags/dbt_pipeline.py for tasks to queue
[2026-04-01T20:03:28.656+0530] {logging_mixin.py:188} INFO - [2026-04-01T20:03:28.656+0530] {dagbag.py:540} INFO - Filling up the DagBag from /Users/aswin/Documents/data-engineering-practice/ETL_Airflow_DBT/airflow/dags/dbt_pipeline.py
[2026-04-01T20:03:28.660+0530] {processor.py:840} INFO - DAG(s) 'dbt_pipeline' retrieved from /Users/aswin/Documents/data-engineering-practice/ETL_Airflow_DBT/airflow/dags/dbt_pipeline.py
[2026-04-01T20:03:28.718+0530] {logging_mixin.py:188} INFO - [2026-04-01T20:03:28.718+0530] {dag.py:3096} INFO - Sync 1 DAGs
[2026-04-01T20:03:28.726+0530] {logging_mixin.py:188} INFO - [2026-04-01T20:03:28.726+0530] {dag.py:3954} INFO - Setting next_dagrun for dbt_pipeline to None, run_after=None
[2026-04-01T20:03:28.735+0530] {processor.py:183} INFO - Processing /Users/aswin/Documents/data-engineering-practice/ETL_Airflow_DBT/airflow/dags/dbt_pipeline.py took 0.081 seconds
[2026-04-01T20:03:59.924+0530] {processor.py:161} INFO - Started process (PID=97452) to work on /Users/aswin/Documents/data-engineering-practice/ETL_Airflow_DBT/airflow/dags/dbt_pipeline.py
[2026-04-01T20:03:59.926+0530] {processor.py:830} INFO - Processing file /Users/aswin/Documents/data-engineering-practice/ETL_Airflow_DBT/airflow/dags/dbt_pipeline.py for tasks to queue
[2026-04-01T20:03:59.926+0530] {logging_mixin.py:188} INFO - [2026-04-01T20:03:59.926+0530] {dagbag.py:540} INFO - Filling up the DagBag from /Users/aswin/Documents/data-engineering-practice/ETL_Airflow_DBT/airflow/dags/dbt_pipeline.py
[2026-04-01T20:03:59.929+0530] {processor.py:840} INFO - DAG(s) 'dbt_pipeline' retrieved from /Users/aswin/Documents/data-engineering-practice/ETL_Airflow_DBT/airflow/dags/dbt_pipeline.py
[2026-04-01T20:03:59.991+0530] {logging_mixin.py:188} INFO - [2026-04-01T20:03:59.991+0530] {dag.py:3096} INFO - Sync 1 DAGs
[2026-04-01T20:03:59.998+0530] {logging_mixin.py:188} INFO - [2026-04-01T20:03:59.998+0530] {dag.py:3954} INFO - Setting next_dagrun for dbt_pipeline to None, run_after=None
[2026-04-01T20:04:00.019+0530] {processor.py:183} INFO - Processing /Users/aswin/Documents/data-engineering-practice/ETL_Airflow_DBT/airflow/dags/dbt_pipeline.py took 0.096 seconds
[2026-04-01T20:04:35.701+0530] {processor.py:161} INFO - Started process (PID=97560) to work on /Users/aswin/Documents/data-engineering-practice/ETL_Airflow_DBT/airflow/dags/dbt_pipeline.py
[2026-04-01T20:04:35.702+0530] {processor.py:830} INFO - Processing file /Users/aswin/Documents/data-engineering-practice/ETL_Airflow_DBT/airflow/dags/dbt_pipeline.py for tasks to queue
[2026-04-01T20:04:35.702+0530] {logging_mixin.py:188} INFO - [2026-04-01T20:04:35.702+0530] {dagbag.py:540} INFO - Filling up the DagBag from /Users/aswin/Documents/data-engineering-practice/ETL_Airflow_DBT/airflow/dags/dbt_pipeline.py
[2026-04-01T20:04:35.706+0530] {processor.py:840} INFO - DAG(s) 'dbt_pipeline' retrieved from /Users/aswin/Documents/data-engineering-practice/ETL_Airflow_DBT/airflow/dags/dbt_pipeline.py
[2026-04-01T20:04:35.785+0530] {logging_mixin.py:188} INFO - [2026-04-01T20:04:35.785+0530] {dag.py:3096} INFO - Sync 1 DAGs
[2026-04-01T20:04:35.794+0530] {logging_mixin.py:188} INFO - [2026-04-01T20:04:35.794+0530] {dag.py:3954} INFO - Setting next_dagrun for dbt_pipeline to None, run_after=None
[2026-04-01T20:04:35.806+0530] {processor.py:183} INFO - Processing /Users/aswin/Documents/data-engineering-practice/ETL_Airflow_DBT/airflow/dags/dbt_pipeline.py took 0.106 seconds
[2026-04-01T20:05:07.702+0530] {processor.py:161} INFO - Started process (PID=97661) to work on /Users/aswin/Documents/data-engineering-practice/ETL_Airflow_DBT/airflow/dags/dbt_pipeline.py
[2026-04-01T20:05:07.703+0530] {processor.py:830} INFO - Processing file /Users/aswin/Documents/data-engineering-practice/ETL_Airflow_DBT/airflow/dags/dbt_pipeline.py for tasks to queue
[2026-04-01T20:05:07.703+0530] {logging_mixin.py:188} INFO - [2026-04-01T20:05:07.703+0530] {dagbag.py:540} INFO - Filling up the DagBag from /Users/aswin/Documents/data-engineering-practice/ETL_Airflow_DBT/airflow/dags/dbt_pipeline.py
[2026-04-01T20:05:07.707+0530] {processor.py:840} INFO - DAG(s) 'dbt_pipeline' retrieved from /Users/aswin/Documents/data-engineering-practice/ETL_Airflow_DBT/airflow/dags/dbt_pipeline.py
[2026-04-01T20:05:07.787+0530] {logging_mixin.py:188} INFO - [2026-04-01T20:05:07.786+0530] {dag.py:3096} INFO - Sync 1 DAGs
[2026-04-01T20:05:07.797+0530] {logging_mixin.py:188} INFO - [2026-04-01T20:05:07.797+0530] {dag.py:3954} INFO - Setting next_dagrun for dbt_pipeline to None, run_after=None
[2026-04-01T20:05:07.810+0530] {processor.py:183} INFO - Processing /Users/aswin/Documents/data-engineering-practice/ETL_Airflow_DBT/airflow/dags/dbt_pipeline.py took 0.110 seconds
[2026-04-01T20:05:44.414+0530] {processor.py:161} INFO - Started process (PID=97768) to work on /Users/aswin/Documents/data-engineering-practice/ETL_Airflow_DBT/airflow/dags/dbt_pipeline.py
[2026-04-01T20:05:44.415+0530] {processor.py:830} INFO - Processing file /Users/aswin/Documents/data-engineering-practice/ETL_Airflow_DBT/airflow/dags/dbt_pipeline.py for tasks to queue
[2026-04-01T20:05:44.415+0530] {logging_mixin.py:188} INFO - [2026-04-01T20:05:44.415+0530] {dagbag.py:540} INFO - Filling up the DagBag from /Users/aswin/Documents/data-engineering-practice/ETL_Airflow_DBT/airflow/dags/dbt_pipeline.py
[2026-04-01T20:05:44.420+0530] {processor.py:840} INFO - DAG(s) 'dbt_pipeline' retrieved from /Users/aswin/Documents/data-engineering-practice/ETL_Airflow_DBT/airflow/dags/dbt_pipeline.py
[2026-04-01T20:05:44.493+0530] {logging_mixin.py:188} INFO - [2026-04-01T20:05:44.493+0530] {dag.py:3096} INFO - Sync 1 DAGs
[2026-04-01T20:05:44.503+0530] {logging_mixin.py:188} INFO - [2026-04-01T20:05:44.502+0530] {dag.py:3954} INFO - Setting next_dagrun for dbt_pipeline to None, run_after=None
[2026-04-01T20:05:44.515+0530] {processor.py:183} INFO - Processing /Users/aswin/Documents/data-engineering-practice/ETL_Airflow_DBT/airflow/dags/dbt_pipeline.py took 0.103 seconds
[2026-04-01T20:06:19.245+0530] {processor.py:161} INFO - Started process (PID=97880) to work on /Users/aswin/Documents/data-engineering-practice/ETL_Airflow_DBT/airflow/dags/dbt_pipeline.py
[2026-04-01T20:06:19.246+0530] {processor.py:830} INFO - Processing file /Users/aswin/Documents/data-engineering-practice/ETL_Airflow_DBT/airflow/dags/dbt_pipeline.py for tasks to queue
[2026-04-01T20:06:19.247+0530] {logging_mixin.py:188} INFO - [2026-04-01T20:06:19.246+0530] {dagbag.py:540} INFO - Filling up the DagBag from /Users/aswin/Documents/data-engineering-practice/ETL_Airflow_DBT/airflow/dags/dbt_pipeline.py
[2026-04-01T20:06:19.251+0530] {processor.py:840} INFO - DAG(s) 'dbt_pipeline' retrieved from /Users/aswin/Documents/data-engineering-practice/ETL_Airflow_DBT/airflow/dags/dbt_pipeline.py
[2026-04-01T20:06:19.324+0530] {logging_mixin.py:188} INFO - [2026-04-01T20:06:19.324+0530] {dag.py:3096} INFO - Sync 1 DAGs
[2026-04-01T20:06:19.341+0530] {logging_mixin.py:188} INFO - [2026-04-01T20:06:19.341+0530] {dag.py:3954} INFO - Setting next_dagrun for dbt_pipeline to None, run_after=None
[2026-04-01T20:06:19.352+0530] {processor.py:183} INFO - Processing /Users/aswin/Documents/data-engineering-practice/ETL_Airflow_DBT/airflow/dags/dbt_pipeline.py took 0.108 seconds
[2026-04-01T20:06:58.512+0530] {processor.py:161} INFO - Started process (PID=98005) to work on /Users/aswin/Documents/data-engineering-practice/ETL_Airflow_DBT/airflow/dags/dbt_pipeline.py
[2026-04-01T20:06:58.513+0530] {processor.py:830} INFO - Processing file /Users/aswin/Documents/data-engineering-practice/ETL_Airflow_DBT/airflow/dags/dbt_pipeline.py for tasks to queue
[2026-04-01T20:06:58.513+0530] {logging_mixin.py:188} INFO - [2026-04-01T20:06:58.513+0530] {dagbag.py:540} INFO - Filling up the DagBag from /Users/aswin/Documents/data-engineering-practice/ETL_Airflow_DBT/airflow/dags/dbt_pipeline.py
[2026-04-01T20:06:58.517+0530] {processor.py:840} INFO - DAG(s) 'dbt_pipeline' retrieved from /Users/aswin/Documents/data-engineering-practice/ETL_Airflow_DBT/airflow/dags/dbt_pipeline.py
[2026-04-01T20:06:58.583+0530] {logging_mixin.py:188} INFO - [2026-04-01T20:06:58.583+0530] {dag.py:3096} INFO - Sync 1 DAGs
[2026-04-01T20:06:58.590+0530] {logging_mixin.py:188} INFO - [2026-04-01T20:06:58.590+0530] {dag.py:3954} INFO - Setting next_dagrun for dbt_pipeline to None, run_after=None
[2026-04-01T20:06:58.601+0530] {processor.py:183} INFO - Processing /Users/aswin/Documents/data-engineering-practice/ETL_Airflow_DBT/airflow/dags/dbt_pipeline.py took 0.091 seconds
[2026-04-01T20:07:38.139+0530] {processor.py:161} INFO - Started process (PID=98129) to work on /Users/aswin/Documents/data-engineering-practice/ETL_Airflow_DBT/airflow/dags/dbt_pipeline.py
[2026-04-01T20:07:38.140+0530] {processor.py:830} INFO - Processing file /Users/aswin/Documents/data-engineering-practice/ETL_Airflow_DBT/airflow/dags/dbt_pipeline.py for tasks to queue
[2026-04-01T20:07:38.140+0530] {logging_mixin.py:188} INFO - [2026-04-01T20:07:38.140+0530] {dagbag.py:540} INFO - Filling up the DagBag from /Users/aswin/Documents/data-engineering-practice/ETL_Airflow_DBT/airflow/dags/dbt_pipeline.py
[2026-04-01T20:07:38.145+0530] {processor.py:840} INFO - DAG(s) 'dbt_pipeline' retrieved from /Users/aswin/Documents/data-engineering-practice/ETL_Airflow_DBT/airflow/dags/dbt_pipeline.py
[2026-04-01T20:07:38.213+0530] {logging_mixin.py:188} INFO - [2026-04-01T20:07:38.212+0530] {dag.py:3096} INFO - Sync 1 DAGs
[2026-04-01T20:07:38.222+0530] {logging_mixin.py:188} INFO - [2026-04-01T20:07:38.222+0530] {dag.py:3954} INFO - Setting next_dagrun for dbt_pipeline to None, run_after=None
[2026-04-01T20:07:38.234+0530] {processor.py:183} INFO - Processing /Users/aswin/Documents/data-engineering-practice/ETL_Airflow_DBT/airflow/dags/dbt_pipeline.py took 0.097 seconds
[2026-04-01T20:08:18.935+0530] {processor.py:161} INFO - Started process (PID=98258) to work on /Users/aswin/Documents/data-engineering-practice/ETL_Airflow_DBT/airflow/dags/dbt_pipeline.py
[2026-04-01T20:08:18.936+0530] {processor.py:830} INFO - Processing file /Users/aswin/Documents/data-engineering-practice/ETL_Airflow_DBT/airflow/dags/dbt_pipeline.py for tasks to queue
[2026-04-01T20:08:18.937+0530] {logging_mixin.py:188} INFO - [2026-04-01T20:08:18.937+0530] {dagbag.py:540} INFO - Filling up the DagBag from /Users/aswin/Documents/data-engineering-practice/ETL_Airflow_DBT/airflow/dags/dbt_pipeline.py
[2026-04-01T20:08:18.941+0530] {processor.py:840} INFO - DAG(s) 'dbt_pipeline' retrieved from /Users/aswin/Documents/data-engineering-practice/ETL_Airflow_DBT/airflow/dags/dbt_pipeline.py
[2026-04-01T20:08:19.034+0530] {logging_mixin.py:188} INFO - [2026-04-01T20:08:19.034+0530] {dag.py:3096} INFO - Sync 1 DAGs
[2026-04-01T20:08:19.045+0530] {logging_mixin.py:188} INFO - [2026-04-01T20:08:19.044+0530] {dag.py:3954} INFO - Setting next_dagrun for dbt_pipeline to None, run_after=None
[2026-04-01T20:08:19.067+0530] {processor.py:183} INFO - Processing /Users/aswin/Documents/data-engineering-practice/ETL_Airflow_DBT/airflow/dags/dbt_pipeline.py took 0.133 seconds
[2026-04-01T20:08:59.773+0530] {processor.py:161} INFO - Started process (PID=98359) to work on /Users/aswin/Documents/data-engineering-practice/ETL_Airflow_DBT/airflow/dags/dbt_pipeline.py
[2026-04-01T20:08:59.774+0530] {processor.py:830} INFO - Processing file /Users/aswin/Documents/data-engineering-practice/ETL_Airflow_DBT/airflow/dags/dbt_pipeline.py for tasks to queue
[2026-04-01T20:08:59.774+0530] {logging_mixin.py:188} INFO - [2026-04-01T20:08:59.774+0530] {dagbag.py:540} INFO - Filling up the DagBag from /Users/aswin/Documents/data-engineering-practice/ETL_Airflow_DBT/airflow/dags/dbt_pipeline.py
[2026-04-01T20:08:59.779+0530] {processor.py:840} INFO - DAG(s) 'dbt_pipeline' retrieved from /Users/aswin/Documents/data-engineering-practice/ETL_Airflow_DBT/airflow/dags/dbt_pipeline.py
[2026-04-01T20:08:59.861+0530] {logging_mixin.py:188} INFO - [2026-04-01T20:08:59.861+0530] {dag.py:3096} INFO - Sync 1 DAGs
[2026-04-01T20:08:59.873+0530] {logging_mixin.py:188} INFO - [2026-04-01T20:08:59.872+0530] {dag.py:3954} INFO - Setting next_dagrun for dbt_pipeline to None, run_after=None
[2026-04-01T20:08:59.887+0530] {processor.py:183} INFO - Processing /Users/aswin/Documents/data-engineering-practice/ETL_Airflow_DBT/airflow/dags/dbt_pipeline.py took 0.115 seconds
[2026-04-01T20:09:31.892+0530] {processor.py:161} INFO - Started process (PID=98449) to work on /Users/aswin/Documents/data-engineering-practice/ETL_Airflow_DBT/airflow/dags/dbt_pipeline.py
[2026-04-01T20:09:31.893+0530] {processor.py:830} INFO - Processing file /Users/aswin/Documents/data-engineering-practice/ETL_Airflow_DBT/airflow/dags/dbt_pipeline.py for tasks to queue
[2026-04-01T20:09:31.893+0530] {logging_mixin.py:188} INFO - [2026-04-01T20:09:31.893+0530] {dagbag.py:540} INFO - Filling up the DagBag from /Users/aswin/Documents/data-engineering-practice/ETL_Airflow_DBT/airflow/dags/dbt_pipeline.py
[2026-04-01T20:09:31.897+0530] {processor.py:840} INFO - DAG(s) 'dbt_pipeline' retrieved from /Users/aswin/Documents/data-engineering-practice/ETL_Airflow_DBT/airflow/dags/dbt_pipeline.py
[2026-04-01T20:09:31.982+0530] {logging_mixin.py:188} INFO - [2026-04-01T20:09:31.982+0530] {dag.py:3096} INFO - Sync 1 DAGs
[2026-04-01T20:09:31.993+0530] {logging_mixin.py:188} INFO - [2026-04-01T20:09:31.993+0530] {dag.py:3954} INFO - Setting next_dagrun for dbt_pipeline to None, run_after=None
[2026-04-01T20:09:32.008+0530] {processor.py:183} INFO - Processing /Users/aswin/Documents/data-engineering-practice/ETL_Airflow_DBT/airflow/dags/dbt_pipeline.py took 0.117 seconds
[2026-04-01T20:10:05.761+0530] {processor.py:161} INFO - Started process (PID=98536) to work on /Users/aswin/Documents/data-engineering-practice/ETL_Airflow_DBT/airflow/dags/dbt_pipeline.py
[2026-04-01T20:10:05.762+0530] {processor.py:830} INFO - Processing file /Users/aswin/Documents/data-engineering-practice/ETL_Airflow_DBT/airflow/dags/dbt_pipeline.py for tasks to queue
[2026-04-01T20:10:05.762+0530] {logging_mixin.py:188} INFO - [2026-04-01T20:10:05.762+0530] {dagbag.py:540} INFO - Filling up the DagBag from /Users/aswin/Documents/data-engineering-practice/ETL_Airflow_DBT/airflow/dags/dbt_pipeline.py
[2026-04-01T20:10:05.766+0530] {processor.py:840} INFO - DAG(s) 'dbt_pipeline' retrieved from /Users/aswin/Documents/data-engineering-practice/ETL_Airflow_DBT/airflow/dags/dbt_pipeline.py
[2026-04-01T20:10:05.845+0530] {logging_mixin.py:188} INFO - [2026-04-01T20:10:05.845+0530] {dag.py:3096} INFO - Sync 1 DAGs
[2026-04-01T20:10:05.856+0530] {logging_mixin.py:188} INFO - [2026-04-01T20:10:05.856+0530] {dag.py:3954} INFO - Setting next_dagrun for dbt_pipeline to None, run_after=None
[2026-04-01T20:10:05.871+0530] {processor.py:183} INFO - Processing /Users/aswin/Documents/data-engineering-practice/ETL_Airflow_DBT/airflow/dags/dbt_pipeline.py took 0.113 seconds
[2026-04-01T20:10:36.981+0530] {processor.py:161} INFO - Started process (PID=98638) to work on /Users/aswin/Documents/data-engineering-practice/ETL_Airflow_DBT/airflow/dags/dbt_pipeline.py
[2026-04-01T20:10:36.982+0530] {processor.py:830} INFO - Processing file /Users/aswin/Documents/data-engineering-practice/ETL_Airflow_DBT/airflow/dags/dbt_pipeline.py for tasks to queue
[2026-04-01T20:10:36.983+0530] {logging_mixin.py:188} INFO - [2026-04-01T20:10:36.983+0530] {dagbag.py:540} INFO - Filling up the DagBag from /Users/aswin/Documents/data-engineering-practice/ETL_Airflow_DBT/airflow/dags/dbt_pipeline.py
[2026-04-01T20:10:36.987+0530] {processor.py:840} INFO - DAG(s) 'dbt_pipeline' retrieved from /Users/aswin/Documents/data-engineering-practice/ETL_Airflow_DBT/airflow/dags/dbt_pipeline.py
[2026-04-01T20:10:37.050+0530] {logging_mixin.py:188} INFO - [2026-04-01T20:10:37.050+0530] {dag.py:3096} INFO - Sync 1 DAGs
[2026-04-01T20:10:37.058+0530] {logging_mixin.py:188} INFO - [2026-04-01T20:10:37.058+0530] {dag.py:3954} INFO - Setting next_dagrun for dbt_pipeline to None, run_after=None
[2026-04-01T20:10:37.068+0530] {processor.py:183} INFO - Processing /Users/aswin/Documents/data-engineering-practice/ETL_Airflow_DBT/airflow/dags/dbt_pipeline.py took 0.089 seconds
[2026-04-01T20:11:10.702+0530] {processor.py:161} INFO - Started process (PID=98737) to work on /Users/aswin/Documents/data-engineering-practice/ETL_Airflow_DBT/airflow/dags/dbt_pipeline.py
[2026-04-01T20:11:10.703+0530] {processor.py:830} INFO - Processing file /Users/aswin/Documents/data-engineering-practice/ETL_Airflow_DBT/airflow/dags/dbt_pipeline.py for tasks to queue
[2026-04-01T20:11:10.703+0530] {logging_mixin.py:188} INFO - [2026-04-01T20:11:10.703+0530] {dagbag.py:540} INFO - Filling up the DagBag from /Users/aswin/Documents/data-engineering-practice/ETL_Airflow_DBT/airflow/dags/dbt_pipeline.py
[2026-04-01T20:11:10.708+0530] {processor.py:840} INFO - DAG(s) 'dbt_pipeline' retrieved from /Users/aswin/Documents/data-engineering-practice/ETL_Airflow_DBT/airflow/dags/dbt_pipeline.py
[2026-04-01T20:11:10.788+0530] {logging_mixin.py:188} INFO - [2026-04-01T20:11:10.787+0530] {dag.py:3096} INFO - Sync 1 DAGs
[2026-04-01T20:11:10.797+0530] {logging_mixin.py:188} INFO - [2026-04-01T20:11:10.797+0530] {dag.py:3954} INFO - Setting next_dagrun for dbt_pipeline to None, run_after=None
[2026-04-01T20:11:10.811+0530] {processor.py:183} INFO - Processing /Users/aswin/Documents/data-engineering-practice/ETL_Airflow_DBT/airflow/dags/dbt_pipeline.py took 0.111 seconds
[2026-04-01T20:11:47.831+0530] {processor.py:161} INFO - Started process (PID=98857) to work on /Users/aswin/Documents/data-engineering-practice/ETL_Airflow_DBT/airflow/dags/dbt_pipeline.py
[2026-04-01T20:11:47.832+0530] {processor.py:830} INFO - Processing file /Users/aswin/Documents/data-engineering-practice/ETL_Airflow_DBT/airflow/dags/dbt_pipeline.py for tasks to queue
[2026-04-01T20:11:47.833+0530] {logging_mixin.py:188} INFO - [2026-04-01T20:11:47.832+0530] {dagbag.py:540} INFO - Filling up the DagBag from /Users/aswin/Documents/data-engineering-practice/ETL_Airflow_DBT/airflow/dags/dbt_pipeline.py
[2026-04-01T20:11:47.837+0530] {processor.py:840} INFO - DAG(s) 'dbt_pipeline' retrieved from /Users/aswin/Documents/data-engineering-practice/ETL_Airflow_DBT/airflow/dags/dbt_pipeline.py
[2026-04-01T20:11:47.912+0530] {logging_mixin.py:188} INFO - [2026-04-01T20:11:47.912+0530] {dag.py:3096} INFO - Sync 1 DAGs
[2026-04-01T20:11:47.920+0530] {logging_mixin.py:188} INFO - [2026-04-01T20:11:47.920+0530] {dag.py:3954} INFO - Setting next_dagrun for dbt_pipeline to None, run_after=None
[2026-04-01T20:11:47.933+0530] {processor.py:183} INFO - Processing /Users/aswin/Documents/data-engineering-practice/ETL_Airflow_DBT/airflow/dags/dbt_pipeline.py took 0.103 seconds
[2026-04-01T20:12:25.860+0530] {processor.py:161} INFO - Started process (PID=98962) to work on /Users/aswin/Documents/data-engineering-practice/ETL_Airflow_DBT/airflow/dags/dbt_pipeline.py
[2026-04-01T20:12:25.862+0530] {processor.py:830} INFO - Processing file /Users/aswin/Documents/data-engineering-practice/ETL_Airflow_DBT/airflow/dags/dbt_pipeline.py for tasks to queue
[2026-04-01T20:12:25.862+0530] {logging_mixin.py:188} INFO - [2026-04-01T20:12:25.862+0530] {dagbag.py:540} INFO - Filling up the DagBag from /Users/aswin/Documents/data-engineering-practice/ETL_Airflow_DBT/airflow/dags/dbt_pipeline.py
[2026-04-01T20:12:25.867+0530] {processor.py:840} INFO - DAG(s) 'dbt_pipeline' retrieved from /Users/aswin/Documents/data-engineering-practice/ETL_Airflow_DBT/airflow/dags/dbt_pipeline.py
[2026-04-01T20:12:25.946+0530] {logging_mixin.py:188} INFO - [2026-04-01T20:12:25.946+0530] {dag.py:3096} INFO - Sync 1 DAGs
[2026-04-01T20:12:25.957+0530] {logging_mixin.py:188} INFO - [2026-04-01T20:12:25.956+0530] {dag.py:3954} INFO - Setting next_dagrun for dbt_pipeline to None, run_after=None
[2026-04-01T20:12:25.970+0530] {processor.py:183} INFO - Processing /Users/aswin/Documents/data-engineering-practice/ETL_Airflow_DBT/airflow/dags/dbt_pipeline.py took 0.112 seconds
[2026-04-01T20:13:04.950+0530] {processor.py:161} INFO - Started process (PID=99072) to work on /Users/aswin/Documents/data-engineering-practice/ETL_Airflow_DBT/airflow/dags/dbt_pipeline.py
[2026-04-01T20:13:04.952+0530] {processor.py:830} INFO - Processing file /Users/aswin/Documents/data-engineering-practice/ETL_Airflow_DBT/airflow/dags/dbt_pipeline.py for tasks to queue
[2026-04-01T20:13:04.952+0530] {logging_mixin.py:188} INFO - [2026-04-01T20:13:04.952+0530] {dagbag.py:540} INFO - Filling up the DagBag from /Users/aswin/Documents/data-engineering-practice/ETL_Airflow_DBT/airflow/dags/dbt_pipeline.py
[2026-04-01T20:13:04.957+0530] {processor.py:840} INFO - DAG(s) 'dbt_pipeline' retrieved from /Users/aswin/Documents/data-engineering-practice/ETL_Airflow_DBT/airflow/dags/dbt_pipeline.py
[2026-04-01T20:13:05.038+0530] {logging_mixin.py:188} INFO - [2026-04-01T20:13:05.038+0530] {dag.py:3096} INFO - Sync 1 DAGs
[2026-04-01T20:13:05.048+0530] {logging_mixin.py:188} INFO - [2026-04-01T20:13:05.048+0530] {dag.py:3954} INFO - Setting next_dagrun for dbt_pipeline to None, run_after=None
[2026-04-01T20:13:05.062+0530] {processor.py:183} INFO - Processing /Users/aswin/Documents/data-engineering-practice/ETL_Airflow_DBT/airflow/dags/dbt_pipeline.py took 0.113 seconds
[2026-04-01T20:13:50.051+0530] {processor.py:161} INFO - Started process (PID=99183) to work on /Users/aswin/Documents/data-engineering-practice/ETL_Airflow_DBT/airflow/dags/dbt_pipeline.py
[2026-04-01T20:13:50.051+0530] {processor.py:830} INFO - Processing file /Users/aswin/Documents/data-engineering-practice/ETL_Airflow_DBT/airflow/dags/dbt_pipeline.py for tasks to queue
[2026-04-01T20:13:50.052+0530] {logging_mixin.py:188} INFO - [2026-04-01T20:13:50.052+0530] {dagbag.py:540} INFO - Filling up the DagBag from /Users/aswin/Documents/data-engineering-practice/ETL_Airflow_DBT/airflow/dags/dbt_pipeline.py
[2026-04-01T20:13:50.056+0530] {processor.py:840} INFO - DAG(s) 'dbt_pipeline' retrieved from /Users/aswin/Documents/data-engineering-practice/ETL_Airflow_DBT/airflow/dags/dbt_pipeline.py
[2026-04-01T20:13:50.138+0530] {logging_mixin.py:188} INFO - [2026-04-01T20:13:50.137+0530] {dag.py:3096} INFO - Sync 1 DAGs
[2026-04-01T20:13:50.148+0530] {logging_mixin.py:188} INFO - [2026-04-01T20:13:50.148+0530] {dag.py:3954} INFO - Setting next_dagrun for dbt_pipeline to None, run_after=None
[2026-04-01T20:13:50.160+0530] {processor.py:183} INFO - Processing /Users/aswin/Documents/data-engineering-practice/ETL_Airflow_DBT/airflow/dags/dbt_pipeline.py took 0.111 seconds
[2026-04-01T20:14:32.114+0530] {processor.py:161} INFO - Started process (PID=99294) to work on /Users/aswin/Documents/data-engineering-practice/ETL_Airflow_DBT/airflow/dags/dbt_pipeline.py
[2026-04-01T20:14:32.115+0530] {processor.py:830} INFO - Processing file /Users/aswin/Documents/data-engineering-practice/ETL_Airflow_DBT/airflow/dags/dbt_pipeline.py for tasks to queue
[2026-04-01T20:14:32.115+0530] {logging_mixin.py:188} INFO - [2026-04-01T20:14:32.115+0530] {dagbag.py:540} INFO - Filling up the DagBag from /Users/aswin/Documents/data-engineering-practice/ETL_Airflow_DBT/airflow/dags/dbt_pipeline.py
[2026-04-01T20:14:32.120+0530] {processor.py:840} INFO - DAG(s) 'dbt_pipeline' retrieved from /Users/aswin/Documents/data-engineering-practice/ETL_Airflow_DBT/airflow/dags/dbt_pipeline.py
[2026-04-01T20:14:32.213+0530] {logging_mixin.py:188} INFO - [2026-04-01T20:14:32.213+0530] {dag.py:3096} INFO - Sync 1 DAGs
[2026-04-01T20:14:32.224+0530] {logging_mixin.py:188} INFO - [2026-04-01T20:14:32.224+0530] {dag.py:3954} INFO - Setting next_dagrun for dbt_pipeline to None, run_after=None
[2026-04-01T20:14:32.241+0530] {processor.py:183} INFO - Processing /Users/aswin/Documents/data-engineering-practice/ETL_Airflow_DBT/airflow/dags/dbt_pipeline.py took 0.129 seconds
[2026-04-01T20:15:10.379+0530] {processor.py:161} INFO - Started process (PID=99378) to work on /Users/aswin/Documents/data-engineering-practice/ETL_Airflow_DBT/airflow/dags/dbt_pipeline.py
[2026-04-01T20:15:10.380+0530] {processor.py:830} INFO - Processing file /Users/aswin/Documents/data-engineering-practice/ETL_Airflow_DBT/airflow/dags/dbt_pipeline.py for tasks to queue
[2026-04-01T20:15:10.380+0530] {logging_mixin.py:188} INFO - [2026-04-01T20:15:10.380+0530] {dagbag.py:540} INFO - Filling up the DagBag from /Users/aswin/Documents/data-engineering-practice/ETL_Airflow_DBT/airflow/dags/dbt_pipeline.py
[2026-04-01T20:15:10.384+0530] {processor.py:840} INFO - DAG(s) 'dbt_pipeline' retrieved from /Users/aswin/Documents/data-engineering-practice/ETL_Airflow_DBT/airflow/dags/dbt_pipeline.py
[2026-04-01T20:15:10.465+0530] {logging_mixin.py:188} INFO - [2026-04-01T20:15:10.465+0530] {dag.py:3096} INFO - Sync 1 DAGs
[2026-04-01T20:15:10.475+0530] {logging_mixin.py:188} INFO - [2026-04-01T20:15:10.475+0530] {dag.py:3954} INFO - Setting next_dagrun for dbt_pipeline to None, run_after=None
[2026-04-01T20:15:10.488+0530] {processor.py:183} INFO - Processing /Users/aswin/Documents/data-engineering-practice/ETL_Airflow_DBT/airflow/dags/dbt_pipeline.py took 0.111 seconds
[2026-04-01T20:15:44.038+0530] {processor.py:161} INFO - Started process (PID=99476) to work on /Users/aswin/Documents/data-engineering-practice/ETL_Airflow_DBT/airflow/dags/dbt_pipeline.py
[2026-04-01T20:15:44.040+0530] {processor.py:830} INFO - Processing file /Users/aswin/Documents/data-engineering-practice/ETL_Airflow_DBT/airflow/dags/dbt_pipeline.py for tasks to queue
[2026-04-01T20:15:44.040+0530] {logging_mixin.py:188} INFO - [2026-04-01T20:15:44.040+0530] {dagbag.py:540} INFO - Filling up the DagBag from /Users/aswin/Documents/data-engineering-practice/ETL_Airflow_DBT/airflow/dags/dbt_pipeline.py
[2026-04-01T20:15:44.045+0530] {processor.py:840} INFO - DAG(s) 'dbt_pipeline' retrieved from /Users/aswin/Documents/data-engineering-practice/ETL_Airflow_DBT/airflow/dags/dbt_pipeline.py
[2026-04-01T20:15:44.126+0530] {logging_mixin.py:188} INFO - [2026-04-01T20:15:44.126+0530] {dag.py:3096} INFO - Sync 1 DAGs
[2026-04-01T20:15:44.135+0530] {logging_mixin.py:188} INFO - [2026-04-01T20:15:44.135+0530] {dag.py:3954} INFO - Setting next_dagrun for dbt_pipeline to None, run_after=None
[2026-04-01T20:15:44.148+0530] {processor.py:183} INFO - Processing /Users/aswin/Documents/data-engineering-practice/ETL_Airflow_DBT/airflow/dags/dbt_pipeline.py took 0.111 seconds
[2026-04-01T20:16:17.041+0530] {processor.py:161} INFO - Started process (PID=99582) to work on /Users/aswin/Documents/data-engineering-practice/ETL_Airflow_DBT/airflow/dags/dbt_pipeline.py
[2026-04-01T20:16:17.041+0530] {processor.py:830} INFO - Processing file /Users/aswin/Documents/data-engineering-practice/ETL_Airflow_DBT/airflow/dags/dbt_pipeline.py for tasks to queue
[2026-04-01T20:16:17.042+0530] {logging_mixin.py:188} INFO - [2026-04-01T20:16:17.042+0530] {dagbag.py:540} INFO - Filling up the DagBag from /Users/aswin/Documents/data-engineering-practice/ETL_Airflow_DBT/airflow/dags/dbt_pipeline.py
[2026-04-01T20:16:17.046+0530] {processor.py:840} INFO - DAG(s) 'dbt_pipeline' retrieved from /Users/aswin/Documents/data-engineering-practice/ETL_Airflow_DBT/airflow/dags/dbt_pipeline.py
[2026-04-01T20:16:17.111+0530] {logging_mixin.py:188} INFO - [2026-04-01T20:16:17.111+0530] {dag.py:3096} INFO - Sync 1 DAGs
[2026-04-01T20:16:17.119+0530] {logging_mixin.py:188} INFO - [2026-04-01T20:16:17.118+0530] {dag.py:3954} INFO - Setting next_dagrun for dbt_pipeline to None, run_after=None
[2026-04-01T20:16:17.127+0530] {processor.py:183} INFO - Processing /Users/aswin/Documents/data-engineering-practice/ETL_Airflow_DBT/airflow/dags/dbt_pipeline.py took 0.087 seconds
[2026-04-01T20:16:48.992+0530] {processor.py:161} INFO - Started process (PID=99691) to work on /Users/aswin/Documents/data-engineering-practice/ETL_Airflow_DBT/airflow/dags/dbt_pipeline.py
[2026-04-01T20:16:48.993+0530] {processor.py:830} INFO - Processing file /Users/aswin/Documents/data-engineering-practice/ETL_Airflow_DBT/airflow/dags/dbt_pipeline.py for tasks to queue
[2026-04-01T20:16:48.993+0530] {logging_mixin.py:188} INFO - [2026-04-01T20:16:48.993+0530] {dagbag.py:540} INFO - Filling up the DagBag from /Users/aswin/Documents/data-engineering-practice/ETL_Airflow_DBT/airflow/dags/dbt_pipeline.py
[2026-04-01T20:16:48.996+0530] {processor.py:840} INFO - DAG(s) 'dbt_pipeline' retrieved from /Users/aswin/Documents/data-engineering-practice/ETL_Airflow_DBT/airflow/dags/dbt_pipeline.py
[2026-04-01T20:16:49.060+0530] {logging_mixin.py:188} INFO - [2026-04-01T20:16:49.060+0530] {dag.py:3096} INFO - Sync 1 DAGs
[2026-04-01T20:16:49.067+0530] {logging_mixin.py:188} INFO - [2026-04-01T20:16:49.067+0530] {dag.py:3954} INFO - Setting next_dagrun for dbt_pipeline to None, run_after=None
[2026-04-01T20:16:49.075+0530] {processor.py:183} INFO - Processing /Users/aswin/Documents/data-engineering-practice/ETL_Airflow_DBT/airflow/dags/dbt_pipeline.py took 0.085 seconds
[2026-04-01T20:17:23.073+0530] {processor.py:161} INFO - Started process (PID=99783) to work on /Users/aswin/Documents/data-engineering-practice/ETL_Airflow_DBT/airflow/dags/dbt_pipeline.py
[2026-04-01T20:17:23.073+0530] {processor.py:830} INFO - Processing file /Users/aswin/Documents/data-engineering-practice/ETL_Airflow_DBT/airflow/dags/dbt_pipeline.py for tasks to queue
[2026-04-01T20:17:23.074+0530] {logging_mixin.py:188} INFO - [2026-04-01T20:17:23.073+0530] {dagbag.py:540} INFO - Filling up the DagBag from /Users/aswin/Documents/data-engineering-practice/ETL_Airflow_DBT/airflow/dags/dbt_pipeline.py
[2026-04-01T20:17:23.077+0530] {processor.py:840} INFO - DAG(s) 'dbt_pipeline' retrieved from /Users/aswin/Documents/data-engineering-practice/ETL_Airflow_DBT/airflow/dags/dbt_pipeline.py
[2026-04-01T20:17:23.154+0530] {logging_mixin.py:188} INFO - [2026-04-01T20:17:23.154+0530] {dag.py:3096} INFO - Sync 1 DAGs
[2026-04-01T20:17:23.163+0530] {logging_mixin.py:188} INFO - [2026-04-01T20:17:23.163+0530] {dag.py:3954} INFO - Setting next_dagrun for dbt_pipeline to None, run_after=None
[2026-04-01T20:17:23.174+0530] {processor.py:183} INFO - Processing /Users/aswin/Documents/data-engineering-practice/ETL_Airflow_DBT/airflow/dags/dbt_pipeline.py took 0.103 seconds
[2026-04-01T20:18:08.938+0530] {processor.py:161} INFO - Started process (PID=99890) to work on /Users/aswin/Documents/data-engineering-practice/ETL_Airflow_DBT/airflow/dags/dbt_pipeline.py
[2026-04-01T20:18:08.938+0530] {processor.py:830} INFO - Processing file /Users/aswin/Documents/data-engineering-practice/ETL_Airflow_DBT/airflow/dags/dbt_pipeline.py for tasks to queue
[2026-04-01T20:18:08.939+0530] {logging_mixin.py:188} INFO - [2026-04-01T20:18:08.939+0530] {dagbag.py:540} INFO - Filling up the DagBag from /Users/aswin/Documents/data-engineering-practice/ETL_Airflow_DBT/airflow/dags/dbt_pipeline.py
[2026-04-01T20:18:08.944+0530] {processor.py:840} INFO - DAG(s) 'dbt_pipeline' retrieved from /Users/aswin/Documents/data-engineering-practice/ETL_Airflow_DBT/airflow/dags/dbt_pipeline.py
[2026-04-01T20:18:09.024+0530] {logging_mixin.py:188} INFO - [2026-04-01T20:18:09.024+0530] {dag.py:3096} INFO - Sync 1 DAGs
[2026-04-01T20:18:09.056+0530] {logging_mixin.py:188} INFO - [2026-04-01T20:18:09.056+0530] {dag.py:3954} INFO - Setting next_dagrun for dbt_pipeline to None, run_after=None
[2026-04-01T20:18:09.068+0530] {processor.py:183} INFO - Processing /Users/aswin/Documents/data-engineering-practice/ETL_Airflow_DBT/airflow/dags/dbt_pipeline.py took 0.132 seconds
[2026-04-01T20:18:42.794+0530] {processor.py:161} INFO - Started process (PID=102) to work on /Users/aswin/Documents/data-engineering-practice/ETL_Airflow_DBT/airflow/dags/dbt_pipeline.py
[2026-04-01T20:18:42.795+0530] {processor.py:830} INFO - Processing file /Users/aswin/Documents/data-engineering-practice/ETL_Airflow_DBT/airflow/dags/dbt_pipeline.py for tasks to queue
[2026-04-01T20:18:42.795+0530] {logging_mixin.py:188} INFO - [2026-04-01T20:18:42.795+0530] {dagbag.py:540} INFO - Filling up the DagBag from /Users/aswin/Documents/data-engineering-practice/ETL_Airflow_DBT/airflow/dags/dbt_pipeline.py
[2026-04-01T20:18:42.800+0530] {processor.py:840} INFO - DAG(s) 'dbt_pipeline' retrieved from /Users/aswin/Documents/data-engineering-practice/ETL_Airflow_DBT/airflow/dags/dbt_pipeline.py
[2026-04-01T20:18:42.910+0530] {logging_mixin.py:188} INFO - [2026-04-01T20:18:42.910+0530] {dag.py:3096} INFO - Sync 1 DAGs
[2026-04-01T20:18:42.920+0530] {logging_mixin.py:188} INFO - [2026-04-01T20:18:42.920+0530] {dag.py:3954} INFO - Setting next_dagrun for dbt_pipeline to None, run_after=None
[2026-04-01T20:18:42.936+0530] {processor.py:183} INFO - Processing /Users/aswin/Documents/data-engineering-practice/ETL_Airflow_DBT/airflow/dags/dbt_pipeline.py took 0.144 seconds
[2026-04-01T20:19:21.284+0530] {processor.py:161} INFO - Started process (PID=237) to work on /Users/aswin/Documents/data-engineering-practice/ETL_Airflow_DBT/airflow/dags/dbt_pipeline.py
[2026-04-01T20:19:21.286+0530] {processor.py:830} INFO - Processing file /Users/aswin/Documents/data-engineering-practice/ETL_Airflow_DBT/airflow/dags/dbt_pipeline.py for tasks to queue
[2026-04-01T20:19:21.286+0530] {logging_mixin.py:188} INFO - [2026-04-01T20:19:21.286+0530] {dagbag.py:540} INFO - Filling up the DagBag from /Users/aswin/Documents/data-engineering-practice/ETL_Airflow_DBT/airflow/dags/dbt_pipeline.py
[2026-04-01T20:19:21.291+0530] {processor.py:840} INFO - DAG(s) 'dbt_pipeline' retrieved from /Users/aswin/Documents/data-engineering-practice/ETL_Airflow_DBT/airflow/dags/dbt_pipeline.py
[2026-04-01T20:19:21.377+0530] {logging_mixin.py:188} INFO - [2026-04-01T20:19:21.377+0530] {dag.py:3096} INFO - Sync 1 DAGs
[2026-04-01T20:19:21.386+0530] {logging_mixin.py:188} INFO - [2026-04-01T20:19:21.386+0530] {dag.py:3954} INFO - Setting next_dagrun for dbt_pipeline to None, run_after=None
[2026-04-01T20:19:21.398+0530] {processor.py:183} INFO - Processing /Users/aswin/Documents/data-engineering-practice/ETL_Airflow_DBT/airflow/dags/dbt_pipeline.py took 0.116 seconds
[2026-04-01T20:19:55.899+0530] {processor.py:161} INFO - Started process (PID=338) to work on /Users/aswin/Documents/data-engineering-practice/ETL_Airflow_DBT/airflow/dags/dbt_pipeline.py
[2026-04-01T20:19:55.900+0530] {processor.py:830} INFO - Processing file /Users/aswin/Documents/data-engineering-practice/ETL_Airflow_DBT/airflow/dags/dbt_pipeline.py for tasks to queue
[2026-04-01T20:19:55.900+0530] {logging_mixin.py:188} INFO - [2026-04-01T20:19:55.900+0530] {dagbag.py:540} INFO - Filling up the DagBag from /Users/aswin/Documents/data-engineering-practice/ETL_Airflow_DBT/airflow/dags/dbt_pipeline.py
[2026-04-01T20:19:55.904+0530] {processor.py:840} INFO - DAG(s) 'dbt_pipeline' retrieved from /Users/aswin/Documents/data-engineering-practice/ETL_Airflow_DBT/airflow/dags/dbt_pipeline.py
[2026-04-01T20:19:55.969+0530] {logging_mixin.py:188} INFO - [2026-04-01T20:19:55.968+0530] {dag.py:3096} INFO - Sync 1 DAGs
[2026-04-01T20:19:55.975+0530] {logging_mixin.py:188} INFO - [2026-04-01T20:19:55.975+0530] {dag.py:3954} INFO - Setting next_dagrun for dbt_pipeline to None, run_after=None
[2026-04-01T20:19:55.987+0530] {processor.py:183} INFO - Processing /Users/aswin/Documents/data-engineering-practice/ETL_Airflow_DBT/airflow/dags/dbt_pipeline.py took 0.089 seconds
[2026-04-01T20:20:28.270+0530] {processor.py:161} INFO - Started process (PID=445) to work on /Users/aswin/Documents/data-engineering-practice/ETL_Airflow_DBT/airflow/dags/dbt_pipeline.py
[2026-04-01T20:20:28.271+0530] {processor.py:830} INFO - Processing file /Users/aswin/Documents/data-engineering-practice/ETL_Airflow_DBT/airflow/dags/dbt_pipeline.py for tasks to queue
[2026-04-01T20:20:28.271+0530] {logging_mixin.py:188} INFO - [2026-04-01T20:20:28.271+0530] {dagbag.py:540} INFO - Filling up the DagBag from /Users/aswin/Documents/data-engineering-practice/ETL_Airflow_DBT/airflow/dags/dbt_pipeline.py
[2026-04-01T20:20:28.276+0530] {processor.py:840} INFO - DAG(s) 'dbt_pipeline' retrieved from /Users/aswin/Documents/data-engineering-practice/ETL_Airflow_DBT/airflow/dags/dbt_pipeline.py
[2026-04-01T20:20:28.367+0530] {logging_mixin.py:188} INFO - [2026-04-01T20:20:28.367+0530] {dag.py:3096} INFO - Sync 1 DAGs
[2026-04-01T20:20:28.377+0530] {logging_mixin.py:188} INFO - [2026-04-01T20:20:28.376+0530] {dag.py:3954} INFO - Setting next_dagrun for dbt_pipeline to None, run_after=None
[2026-04-01T20:20:28.390+0530] {processor.py:183} INFO - Processing /Users/aswin/Documents/data-engineering-practice/ETL_Airflow_DBT/airflow/dags/dbt_pipeline.py took 0.122 seconds
[2026-04-01T20:21:05.292+0530] {processor.py:161} INFO - Started process (PID=603) to work on /Users/aswin/Documents/data-engineering-practice/ETL_Airflow_DBT/airflow/dags/dbt_pipeline.py
[2026-04-01T20:21:05.293+0530] {processor.py:830} INFO - Processing file /Users/aswin/Documents/data-engineering-practice/ETL_Airflow_DBT/airflow/dags/dbt_pipeline.py for tasks to queue
[2026-04-01T20:21:05.294+0530] {logging_mixin.py:188} INFO - [2026-04-01T20:21:05.294+0530] {dagbag.py:540} INFO - Filling up the DagBag from /Users/aswin/Documents/data-engineering-practice/ETL_Airflow_DBT/airflow/dags/dbt_pipeline.py
[2026-04-01T20:21:05.299+0530] {processor.py:840} INFO - DAG(s) 'dbt_pipeline' retrieved from /Users/aswin/Documents/data-engineering-practice/ETL_Airflow_DBT/airflow/dags/dbt_pipeline.py
[2026-04-01T20:21:05.382+0530] {logging_mixin.py:188} INFO - [2026-04-01T20:21:05.382+0530] {dag.py:3096} INFO - Sync 1 DAGs
[2026-04-01T20:21:05.392+0530] {logging_mixin.py:188} INFO - [2026-04-01T20:21:05.392+0530] {dag.py:3954} INFO - Setting next_dagrun for dbt_pipeline to None, run_after=None
[2026-04-01T20:21:05.405+0530] {processor.py:183} INFO - Processing /Users/aswin/Documents/data-engineering-practice/ETL_Airflow_DBT/airflow/dags/dbt_pipeline.py took 0.115 seconds
[2026-04-01T20:21:39.015+0530] {processor.py:161} INFO - Started process (PID=731) to work on /Users/aswin/Documents/data-engineering-practice/ETL_Airflow_DBT/airflow/dags/dbt_pipeline.py
[2026-04-01T20:21:39.015+0530] {processor.py:830} INFO - Processing file /Users/aswin/Documents/data-engineering-practice/ETL_Airflow_DBT/airflow/dags/dbt_pipeline.py for tasks to queue
[2026-04-01T20:21:39.016+0530] {logging_mixin.py:188} INFO - [2026-04-01T20:21:39.016+0530] {dagbag.py:540} INFO - Filling up the DagBag from /Users/aswin/Documents/data-engineering-practice/ETL_Airflow_DBT/airflow/dags/dbt_pipeline.py
[2026-04-01T20:21:39.020+0530] {processor.py:840} INFO - DAG(s) 'dbt_pipeline' retrieved from /Users/aswin/Documents/data-engineering-practice/ETL_Airflow_DBT/airflow/dags/dbt_pipeline.py
[2026-04-01T20:21:39.095+0530] {logging_mixin.py:188} INFO - [2026-04-01T20:21:39.095+0530] {dag.py:3096} INFO - Sync 1 DAGs
[2026-04-01T20:21:39.104+0530] {logging_mixin.py:188} INFO - [2026-04-01T20:21:39.104+0530] {dag.py:3954} INFO - Setting next_dagrun for dbt_pipeline to None, run_after=None
[2026-04-01T20:21:39.118+0530] {processor.py:183} INFO - Processing /Users/aswin/Documents/data-engineering-practice/ETL_Airflow_DBT/airflow/dags/dbt_pipeline.py took 0.105 seconds
[2026-04-01T20:22:16.119+0530] {processor.py:161} INFO - Started process (PID=848) to work on /Users/aswin/Documents/data-engineering-practice/ETL_Airflow_DBT/airflow/dags/dbt_pipeline.py
[2026-04-01T20:22:16.121+0530] {processor.py:830} INFO - Processing file /Users/aswin/Documents/data-engineering-practice/ETL_Airflow_DBT/airflow/dags/dbt_pipeline.py for tasks to queue
[2026-04-01T20:22:16.121+0530] {logging_mixin.py:188} INFO - [2026-04-01T20:22:16.121+0530] {dagbag.py:540} INFO - Filling up the DagBag from /Users/aswin/Documents/data-engineering-practice/ETL_Airflow_DBT/airflow/dags/dbt_pipeline.py
[2026-04-01T20:22:16.125+0530] {processor.py:840} INFO - DAG(s) 'dbt_pipeline' retrieved from /Users/aswin/Documents/data-engineering-practice/ETL_Airflow_DBT/airflow/dags/dbt_pipeline.py
[2026-04-01T20:22:16.199+0530] {logging_mixin.py:188} INFO - [2026-04-01T20:22:16.199+0530] {dag.py:3096} INFO - Sync 1 DAGs
[2026-04-01T20:22:16.208+0530] {logging_mixin.py:188} INFO - [2026-04-01T20:22:16.208+0530] {dag.py:3954} INFO - Setting next_dagrun for dbt_pipeline to None, run_after=None
[2026-04-01T20:22:16.221+0530] {processor.py:183} INFO - Processing /Users/aswin/Documents/data-engineering-practice/ETL_Airflow_DBT/airflow/dags/dbt_pipeline.py took 0.103 seconds
[2026-04-01T20:22:48.030+0530] {processor.py:161} INFO - Started process (PID=977) to work on /Users/aswin/Documents/data-engineering-practice/ETL_Airflow_DBT/airflow/dags/dbt_pipeline.py
[2026-04-01T20:22:48.032+0530] {processor.py:830} INFO - Processing file /Users/aswin/Documents/data-engineering-practice/ETL_Airflow_DBT/airflow/dags/dbt_pipeline.py for tasks to queue
[2026-04-01T20:22:48.032+0530] {logging_mixin.py:188} INFO - [2026-04-01T20:22:48.032+0530] {dagbag.py:540} INFO - Filling up the DagBag from /Users/aswin/Documents/data-engineering-practice/ETL_Airflow_DBT/airflow/dags/dbt_pipeline.py
[2026-04-01T20:22:48.037+0530] {processor.py:840} INFO - DAG(s) 'dbt_pipeline' retrieved from /Users/aswin/Documents/data-engineering-practice/ETL_Airflow_DBT/airflow/dags/dbt_pipeline.py
[2026-04-01T20:22:48.134+0530] {logging_mixin.py:188} INFO - [2026-04-01T20:22:48.134+0530] {dag.py:3096} INFO - Sync 1 DAGs
[2026-04-01T20:22:48.146+0530] {logging_mixin.py:188} INFO - [2026-04-01T20:22:48.146+0530] {dag.py:3954} INFO - Setting next_dagrun for dbt_pipeline to None, run_after=None
[2026-04-01T20:22:48.162+0530] {processor.py:183} INFO - Processing /Users/aswin/Documents/data-engineering-practice/ETL_Airflow_DBT/airflow/dags/dbt_pipeline.py took 0.133 seconds
[2026-04-01T20:23:23.246+0530] {processor.py:161} INFO - Started process (PID=1086) to work on /Users/aswin/Documents/data-engineering-practice/ETL_Airflow_DBT/airflow/dags/dbt_pipeline.py
[2026-04-01T20:23:23.247+0530] {processor.py:830} INFO - Processing file /Users/aswin/Documents/data-engineering-practice/ETL_Airflow_DBT/airflow/dags/dbt_pipeline.py for tasks to queue
[2026-04-01T20:23:23.247+0530] {logging_mixin.py:188} INFO - [2026-04-01T20:23:23.247+0530] {dagbag.py:540} INFO - Filling up the DagBag from /Users/aswin/Documents/data-engineering-practice/ETL_Airflow_DBT/airflow/dags/dbt_pipeline.py
[2026-04-01T20:23:23.252+0530] {processor.py:840} INFO - DAG(s) 'dbt_pipeline' retrieved from /Users/aswin/Documents/data-engineering-practice/ETL_Airflow_DBT/airflow/dags/dbt_pipeline.py
[2026-04-01T20:23:23.340+0530] {logging_mixin.py:188} INFO - [2026-04-01T20:23:23.340+0530] {dag.py:3096} INFO - Sync 1 DAGs
[2026-04-01T20:23:23.351+0530] {logging_mixin.py:188} INFO - [2026-04-01T20:23:23.351+0530] {dag.py:3954} INFO - Setting next_dagrun for dbt_pipeline to None, run_after=None
[2026-04-01T20:23:23.367+0530] {processor.py:183} INFO - Processing /Users/aswin/Documents/data-engineering-practice/ETL_Airflow_DBT/airflow/dags/dbt_pipeline.py took 0.122 seconds
[2026-04-01T20:23:55.240+0530] {processor.py:161} INFO - Started process (PID=1191) to work on /Users/aswin/Documents/data-engineering-practice/ETL_Airflow_DBT/airflow/dags/dbt_pipeline.py
[2026-04-01T20:23:55.241+0530] {processor.py:830} INFO - Processing file /Users/aswin/Documents/data-engineering-practice/ETL_Airflow_DBT/airflow/dags/dbt_pipeline.py for tasks to queue
[2026-04-01T20:23:55.241+0530] {logging_mixin.py:188} INFO - [2026-04-01T20:23:55.241+0530] {dagbag.py:540} INFO - Filling up the DagBag from /Users/aswin/Documents/data-engineering-practice/ETL_Airflow_DBT/airflow/dags/dbt_pipeline.py
[2026-04-01T20:23:55.245+0530] {processor.py:840} INFO - DAG(s) 'dbt_pipeline' retrieved from /Users/aswin/Documents/data-engineering-practice/ETL_Airflow_DBT/airflow/dags/dbt_pipeline.py
[2026-04-01T20:23:55.316+0530] {logging_mixin.py:188} INFO - [2026-04-01T20:23:55.315+0530] {dag.py:3096} INFO - Sync 1 DAGs
[2026-04-01T20:23:55.323+0530] {logging_mixin.py:188} INFO - [2026-04-01T20:23:55.323+0530] {dag.py:3954} INFO - Setting next_dagrun for dbt_pipeline to None, run_after=None
[2026-04-01T20:23:55.335+0530] {processor.py:183} INFO - Processing /Users/aswin/Documents/data-engineering-practice/ETL_Airflow_DBT/airflow/dags/dbt_pipeline.py took 0.096 seconds
[2026-04-01T20:24:30.441+0530] {processor.py:161} INFO - Started process (PID=1330) to work on /Users/aswin/Documents/data-engineering-practice/ETL_Airflow_DBT/airflow/dags/dbt_pipeline.py
[2026-04-01T20:24:30.442+0530] {processor.py:830} INFO - Processing file /Users/aswin/Documents/data-engineering-practice/ETL_Airflow_DBT/airflow/dags/dbt_pipeline.py for tasks to queue
[2026-04-01T20:24:30.443+0530] {logging_mixin.py:188} INFO - [2026-04-01T20:24:30.442+0530] {dagbag.py:540} INFO - Filling up the DagBag from /Users/aswin/Documents/data-engineering-practice/ETL_Airflow_DBT/airflow/dags/dbt_pipeline.py
[2026-04-01T20:24:30.448+0530] {processor.py:840} INFO - DAG(s) 'dbt_pipeline' retrieved from /Users/aswin/Documents/data-engineering-practice/ETL_Airflow_DBT/airflow/dags/dbt_pipeline.py
[2026-04-01T20:24:30.530+0530] {logging_mixin.py:188} INFO - [2026-04-01T20:24:30.530+0530] {dag.py:3096} INFO - Sync 1 DAGs
[2026-04-01T20:24:30.539+0530] {logging_mixin.py:188} INFO - [2026-04-01T20:24:30.539+0530] {dag.py:3954} INFO - Setting next_dagrun for dbt_pipeline to None, run_after=None
[2026-04-01T20:24:30.552+0530] {processor.py:183} INFO - Processing /Users/aswin/Documents/data-engineering-practice/ETL_Airflow_DBT/airflow/dags/dbt_pipeline.py took 0.112 seconds
[2026-04-01T20:25:13.082+0530] {processor.py:161} INFO - Started process (PID=1452) to work on /Users/aswin/Documents/data-engineering-practice/ETL_Airflow_DBT/airflow/dags/dbt_pipeline.py
[2026-04-01T20:25:13.083+0530] {processor.py:830} INFO - Processing file /Users/aswin/Documents/data-engineering-practice/ETL_Airflow_DBT/airflow/dags/dbt_pipeline.py for tasks to queue
[2026-04-01T20:25:13.084+0530] {logging_mixin.py:188} INFO - [2026-04-01T20:25:13.084+0530] {dagbag.py:540} INFO - Filling up the DagBag from /Users/aswin/Documents/data-engineering-practice/ETL_Airflow_DBT/airflow/dags/dbt_pipeline.py
[2026-04-01T20:25:13.089+0530] {processor.py:840} INFO - DAG(s) 'dbt_pipeline' retrieved from /Users/aswin/Documents/data-engineering-practice/ETL_Airflow_DBT/airflow/dags/dbt_pipeline.py
[2026-04-01T20:25:13.179+0530] {logging_mixin.py:188} INFO - [2026-04-01T20:25:13.179+0530] {dag.py:3096} INFO - Sync 1 DAGs
[2026-04-01T20:25:13.189+0530] {logging_mixin.py:188} INFO - [2026-04-01T20:25:13.189+0530] {dag.py:3954} INFO - Setting next_dagrun for dbt_pipeline to None, run_after=None
[2026-04-01T20:25:13.202+0530] {processor.py:183} INFO - Processing /Users/aswin/Documents/data-engineering-practice/ETL_Airflow_DBT/airflow/dags/dbt_pipeline.py took 0.122 seconds
[2026-04-01T20:25:55.314+0530] {processor.py:161} INFO - Started process (PID=1570) to work on /Users/aswin/Documents/data-engineering-practice/ETL_Airflow_DBT/airflow/dags/dbt_pipeline.py
[2026-04-01T20:25:55.315+0530] {processor.py:830} INFO - Processing file /Users/aswin/Documents/data-engineering-practice/ETL_Airflow_DBT/airflow/dags/dbt_pipeline.py for tasks to queue
[2026-04-01T20:25:55.316+0530] {logging_mixin.py:188} INFO - [2026-04-01T20:25:55.315+0530] {dagbag.py:540} INFO - Filling up the DagBag from /Users/aswin/Documents/data-engineering-practice/ETL_Airflow_DBT/airflow/dags/dbt_pipeline.py
[2026-04-01T20:25:55.321+0530] {processor.py:840} INFO - DAG(s) 'dbt_pipeline' retrieved from /Users/aswin/Documents/data-engineering-practice/ETL_Airflow_DBT/airflow/dags/dbt_pipeline.py
[2026-04-01T20:25:55.406+0530] {logging_mixin.py:188} INFO - [2026-04-01T20:25:55.406+0530] {dag.py:3096} INFO - Sync 1 DAGs
[2026-04-01T20:25:55.415+0530] {logging_mixin.py:188} INFO - [2026-04-01T20:25:55.415+0530] {dag.py:3954} INFO - Setting next_dagrun for dbt_pipeline to None, run_after=None
[2026-04-01T20:25:55.428+0530] {processor.py:183} INFO - Processing /Users/aswin/Documents/data-engineering-practice/ETL_Airflow_DBT/airflow/dags/dbt_pipeline.py took 0.116 seconds
[2026-04-01T20:26:35.094+0530] {processor.py:161} INFO - Started process (PID=1674) to work on /Users/aswin/Documents/data-engineering-practice/ETL_Airflow_DBT/airflow/dags/dbt_pipeline.py
[2026-04-01T20:26:35.095+0530] {processor.py:830} INFO - Processing file /Users/aswin/Documents/data-engineering-practice/ETL_Airflow_DBT/airflow/dags/dbt_pipeline.py for tasks to queue
[2026-04-01T20:26:35.096+0530] {logging_mixin.py:188} INFO - [2026-04-01T20:26:35.096+0530] {dagbag.py:540} INFO - Filling up the DagBag from /Users/aswin/Documents/data-engineering-practice/ETL_Airflow_DBT/airflow/dags/dbt_pipeline.py
[2026-04-01T20:26:35.100+0530] {processor.py:840} INFO - DAG(s) 'dbt_pipeline' retrieved from /Users/aswin/Documents/data-engineering-practice/ETL_Airflow_DBT/airflow/dags/dbt_pipeline.py
[2026-04-01T20:26:35.184+0530] {logging_mixin.py:188} INFO - [2026-04-01T20:26:35.184+0530] {dag.py:3096} INFO - Sync 1 DAGs
[2026-04-01T20:26:35.194+0530] {logging_mixin.py:188} INFO - [2026-04-01T20:26:35.194+0530] {dag.py:3954} INFO - Setting next_dagrun for dbt_pipeline to None, run_after=None
[2026-04-01T20:26:35.207+0530] {processor.py:183} INFO - Processing /Users/aswin/Documents/data-engineering-practice/ETL_Airflow_DBT/airflow/dags/dbt_pipeline.py took 0.115 seconds
[2026-04-01T20:27:15.668+0530] {processor.py:161} INFO - Started process (PID=1777) to work on /Users/aswin/Documents/data-engineering-practice/ETL_Airflow_DBT/airflow/dags/dbt_pipeline.py
[2026-04-01T20:27:15.670+0530] {processor.py:830} INFO - Processing file /Users/aswin/Documents/data-engineering-practice/ETL_Airflow_DBT/airflow/dags/dbt_pipeline.py for tasks to queue
[2026-04-01T20:27:15.670+0530] {logging_mixin.py:188} INFO - [2026-04-01T20:27:15.670+0530] {dagbag.py:540} INFO - Filling up the DagBag from /Users/aswin/Documents/data-engineering-practice/ETL_Airflow_DBT/airflow/dags/dbt_pipeline.py
[2026-04-01T20:27:15.675+0530] {processor.py:840} INFO - DAG(s) 'dbt_pipeline' retrieved from /Users/aswin/Documents/data-engineering-practice/ETL_Airflow_DBT/airflow/dags/dbt_pipeline.py
[2026-04-01T20:27:15.774+0530] {logging_mixin.py:188} INFO - [2026-04-01T20:27:15.773+0530] {dag.py:3096} INFO - Sync 1 DAGs
[2026-04-01T20:27:15.787+0530] {logging_mixin.py:188} INFO - [2026-04-01T20:27:15.787+0530] {dag.py:3954} INFO - Setting next_dagrun for dbt_pipeline to None, run_after=None
[2026-04-01T20:27:15.804+0530] {processor.py:183} INFO - Processing /Users/aswin/Documents/data-engineering-practice/ETL_Airflow_DBT/airflow/dags/dbt_pipeline.py took 0.137 seconds
[2026-04-01T20:27:58.768+0530] {processor.py:161} INFO - Started process (PID=1938) to work on /Users/aswin/Documents/data-engineering-practice/ETL_Airflow_DBT/airflow/dags/dbt_pipeline.py
[2026-04-01T20:27:58.769+0530] {processor.py:830} INFO - Processing file /Users/aswin/Documents/data-engineering-practice/ETL_Airflow_DBT/airflow/dags/dbt_pipeline.py for tasks to queue
[2026-04-01T20:27:58.770+0530] {logging_mixin.py:188} INFO - [2026-04-01T20:27:58.770+0530] {dagbag.py:540} INFO - Filling up the DagBag from /Users/aswin/Documents/data-engineering-practice/ETL_Airflow_DBT/airflow/dags/dbt_pipeline.py
[2026-04-01T20:27:58.775+0530] {processor.py:840} INFO - DAG(s) 'dbt_pipeline' retrieved from /Users/aswin/Documents/data-engineering-practice/ETL_Airflow_DBT/airflow/dags/dbt_pipeline.py
[2026-04-01T20:27:58.856+0530] {logging_mixin.py:188} INFO - [2026-04-01T20:27:58.856+0530] {dag.py:3096} INFO - Sync 1 DAGs
[2026-04-01T20:27:58.866+0530] {logging_mixin.py:188} INFO - [2026-04-01T20:27:58.866+0530] {dag.py:3954} INFO - Setting next_dagrun for dbt_pipeline to None, run_after=None
[2026-04-01T20:27:58.876+0530] {processor.py:183} INFO - Processing /Users/aswin/Documents/data-engineering-practice/ETL_Airflow_DBT/airflow/dags/dbt_pipeline.py took 0.110 seconds
[2026-04-01T20:28:40.364+0530] {processor.py:161} INFO - Started process (PID=2063) to work on /Users/aswin/Documents/data-engineering-practice/ETL_Airflow_DBT/airflow/dags/dbt_pipeline.py
[2026-04-01T20:28:40.365+0530] {processor.py:830} INFO - Processing file /Users/aswin/Documents/data-engineering-practice/ETL_Airflow_DBT/airflow/dags/dbt_pipeline.py for tasks to queue
[2026-04-01T20:28:40.366+0530] {logging_mixin.py:188} INFO - [2026-04-01T20:28:40.365+0530] {dagbag.py:540} INFO - Filling up the DagBag from /Users/aswin/Documents/data-engineering-practice/ETL_Airflow_DBT/airflow/dags/dbt_pipeline.py
[2026-04-01T20:28:40.371+0530] {processor.py:840} INFO - DAG(s) 'dbt_pipeline' retrieved from /Users/aswin/Documents/data-engineering-practice/ETL_Airflow_DBT/airflow/dags/dbt_pipeline.py
[2026-04-01T20:28:40.468+0530] {logging_mixin.py:188} INFO - [2026-04-01T20:28:40.467+0530] {dag.py:3096} INFO - Sync 1 DAGs
[2026-04-01T20:28:40.477+0530] {logging_mixin.py:188} INFO - [2026-04-01T20:28:40.477+0530] {dag.py:3954} INFO - Setting next_dagrun for dbt_pipeline to None, run_after=None
[2026-04-01T20:28:40.498+0530] {processor.py:183} INFO - Processing /Users/aswin/Documents/data-engineering-practice/ETL_Airflow_DBT/airflow/dags/dbt_pipeline.py took 0.136 seconds
[2026-04-01T20:29:13.276+0530] {processor.py:161} INFO - Started process (PID=2140) to work on /Users/aswin/Documents/data-engineering-practice/ETL_Airflow_DBT/airflow/dags/dbt_pipeline.py
[2026-04-01T20:29:13.277+0530] {processor.py:830} INFO - Processing file /Users/aswin/Documents/data-engineering-practice/ETL_Airflow_DBT/airflow/dags/dbt_pipeline.py for tasks to queue
[2026-04-01T20:29:13.277+0530] {logging_mixin.py:188} INFO - [2026-04-01T20:29:13.277+0530] {dagbag.py:540} INFO - Filling up the DagBag from /Users/aswin/Documents/data-engineering-practice/ETL_Airflow_DBT/airflow/dags/dbt_pipeline.py
[2026-04-01T20:29:13.283+0530] {processor.py:840} INFO - DAG(s) 'dbt_pipeline' retrieved from /Users/aswin/Documents/data-engineering-practice/ETL_Airflow_DBT/airflow/dags/dbt_pipeline.py
[2026-04-01T20:29:13.371+0530] {logging_mixin.py:188} INFO - [2026-04-01T20:29:13.370+0530] {dag.py:3096} INFO - Sync 1 DAGs
[2026-04-01T20:29:13.380+0530] {logging_mixin.py:188} INFO - [2026-04-01T20:29:13.380+0530] {dag.py:3954} INFO - Setting next_dagrun for dbt_pipeline to None, run_after=None
[2026-04-01T20:29:13.393+0530] {processor.py:183} INFO - Processing /Users/aswin/Documents/data-engineering-practice/ETL_Airflow_DBT/airflow/dags/dbt_pipeline.py took 0.118 seconds
[2026-04-01T20:29:55.013+0530] {processor.py:161} INFO - Started process (PID=2251) to work on /Users/aswin/Documents/data-engineering-practice/ETL_Airflow_DBT/airflow/dags/dbt_pipeline.py
[2026-04-01T20:29:55.015+0530] {processor.py:830} INFO - Processing file /Users/aswin/Documents/data-engineering-practice/ETL_Airflow_DBT/airflow/dags/dbt_pipeline.py for tasks to queue
[2026-04-01T20:29:55.016+0530] {logging_mixin.py:188} INFO - [2026-04-01T20:29:55.016+0530] {dagbag.py:540} INFO - Filling up the DagBag from /Users/aswin/Documents/data-engineering-practice/ETL_Airflow_DBT/airflow/dags/dbt_pipeline.py
[2026-04-01T20:29:55.023+0530] {processor.py:840} INFO - DAG(s) 'dbt_pipeline' retrieved from /Users/aswin/Documents/data-engineering-practice/ETL_Airflow_DBT/airflow/dags/dbt_pipeline.py
[2026-04-01T20:29:55.129+0530] {logging_mixin.py:188} INFO - [2026-04-01T20:29:55.129+0530] {dag.py:3096} INFO - Sync 1 DAGs
[2026-04-01T20:29:55.141+0530] {logging_mixin.py:188} INFO - [2026-04-01T20:29:55.141+0530] {dag.py:3954} INFO - Setting next_dagrun for dbt_pipeline to None, run_after=None
[2026-04-01T20:29:55.157+0530] {processor.py:183} INFO - Processing /Users/aswin/Documents/data-engineering-practice/ETL_Airflow_DBT/airflow/dags/dbt_pipeline.py took 0.147 seconds
[2026-04-01T20:30:33.010+0530] {processor.py:161} INFO - Started process (PID=2351) to work on /Users/aswin/Documents/data-engineering-practice/ETL_Airflow_DBT/airflow/dags/dbt_pipeline.py
[2026-04-01T20:30:33.011+0530] {processor.py:830} INFO - Processing file /Users/aswin/Documents/data-engineering-practice/ETL_Airflow_DBT/airflow/dags/dbt_pipeline.py for tasks to queue
[2026-04-01T20:30:33.011+0530] {logging_mixin.py:188} INFO - [2026-04-01T20:30:33.011+0530] {dagbag.py:540} INFO - Filling up the DagBag from /Users/aswin/Documents/data-engineering-practice/ETL_Airflow_DBT/airflow/dags/dbt_pipeline.py
[2026-04-01T20:30:33.016+0530] {processor.py:840} INFO - DAG(s) 'dbt_pipeline' retrieved from /Users/aswin/Documents/data-engineering-practice/ETL_Airflow_DBT/airflow/dags/dbt_pipeline.py
[2026-04-01T20:30:33.097+0530] {logging_mixin.py:188} INFO - [2026-04-01T20:30:33.097+0530] {dag.py:3096} INFO - Sync 1 DAGs
[2026-04-01T20:30:33.107+0530] {logging_mixin.py:188} INFO - [2026-04-01T20:30:33.107+0530] {dag.py:3954} INFO - Setting next_dagrun for dbt_pipeline to None, run_after=None
[2026-04-01T20:30:33.120+0530] {processor.py:183} INFO - Processing /Users/aswin/Documents/data-engineering-practice/ETL_Airflow_DBT/airflow/dags/dbt_pipeline.py took 0.112 seconds
[2026-04-01T20:31:11.092+0530] {processor.py:161} INFO - Started process (PID=2455) to work on /Users/aswin/Documents/data-engineering-practice/ETL_Airflow_DBT/airflow/dags/dbt_pipeline.py
[2026-04-01T20:31:11.094+0530] {processor.py:830} INFO - Processing file /Users/aswin/Documents/data-engineering-practice/ETL_Airflow_DBT/airflow/dags/dbt_pipeline.py for tasks to queue
[2026-04-01T20:31:11.095+0530] {logging_mixin.py:188} INFO - [2026-04-01T20:31:11.095+0530] {dagbag.py:540} INFO - Filling up the DagBag from /Users/aswin/Documents/data-engineering-practice/ETL_Airflow_DBT/airflow/dags/dbt_pipeline.py
[2026-04-01T20:31:11.102+0530] {processor.py:840} INFO - DAG(s) 'dbt_pipeline' retrieved from /Users/aswin/Documents/data-engineering-practice/ETL_Airflow_DBT/airflow/dags/dbt_pipeline.py
[2026-04-01T20:31:11.228+0530] {logging_mixin.py:188} INFO - [2026-04-01T20:31:11.227+0530] {dag.py:3096} INFO - Sync 1 DAGs
[2026-04-01T20:31:11.246+0530] {logging_mixin.py:188} INFO - [2026-04-01T20:31:11.246+0530] {dag.py:3954} INFO - Setting next_dagrun for dbt_pipeline to None, run_after=None
[2026-04-01T20:31:11.266+0530] {processor.py:183} INFO - Processing /Users/aswin/Documents/data-engineering-practice/ETL_Airflow_DBT/airflow/dags/dbt_pipeline.py took 0.177 seconds
[2026-04-01T20:31:51.458+0530] {processor.py:161} INFO - Started process (PID=2599) to work on /Users/aswin/Documents/data-engineering-practice/ETL_Airflow_DBT/airflow/dags/dbt_pipeline.py
[2026-04-01T20:31:51.459+0530] {processor.py:830} INFO - Processing file /Users/aswin/Documents/data-engineering-practice/ETL_Airflow_DBT/airflow/dags/dbt_pipeline.py for tasks to queue
[2026-04-01T20:31:51.459+0530] {logging_mixin.py:188} INFO - [2026-04-01T20:31:51.459+0530] {dagbag.py:540} INFO - Filling up the DagBag from /Users/aswin/Documents/data-engineering-practice/ETL_Airflow_DBT/airflow/dags/dbt_pipeline.py
[2026-04-01T20:31:51.464+0530] {processor.py:840} INFO - DAG(s) 'dbt_pipeline' retrieved from /Users/aswin/Documents/data-engineering-practice/ETL_Airflow_DBT/airflow/dags/dbt_pipeline.py
[2026-04-01T20:31:53.706+0530] {logging_mixin.py:188} INFO - [2026-04-01T20:31:53.706+0530] {dag.py:3096} INFO - Sync 1 DAGs
[2026-04-01T20:31:53.717+0530] {logging_mixin.py:188} INFO - [2026-04-01T20:31:53.716+0530] {dag.py:3954} INFO - Setting next_dagrun for dbt_pipeline to None, run_after=None
[2026-04-01T20:31:53.773+0530] {processor.py:183} INFO - Processing /Users/aswin/Documents/data-engineering-practice/ETL_Airflow_DBT/airflow/dags/dbt_pipeline.py took 0.335 seconds
[2026-04-01T20:32:35.095+0530] {processor.py:161} INFO - Started process (PID=2710) to work on /Users/aswin/Documents/data-engineering-practice/ETL_Airflow_DBT/airflow/dags/dbt_pipeline.py
[2026-04-01T20:32:35.096+0530] {processor.py:830} INFO - Processing file /Users/aswin/Documents/data-engineering-practice/ETL_Airflow_DBT/airflow/dags/dbt_pipeline.py for tasks to queue
[2026-04-01T20:32:35.096+0530] {logging_mixin.py:188} INFO - [2026-04-01T20:32:35.096+0530] {dagbag.py:540} INFO - Filling up the DagBag from /Users/aswin/Documents/data-engineering-practice/ETL_Airflow_DBT/airflow/dags/dbt_pipeline.py
[2026-04-01T20:32:35.101+0530] {processor.py:840} INFO - DAG(s) 'dbt_pipeline' retrieved from /Users/aswin/Documents/data-engineering-practice/ETL_Airflow_DBT/airflow/dags/dbt_pipeline.py
[2026-04-01T20:32:35.183+0530] {logging_mixin.py:188} INFO - [2026-04-01T20:32:35.183+0530] {dag.py:3096} INFO - Sync 1 DAGs
[2026-04-01T20:32:35.193+0530] {logging_mixin.py:188} INFO - [2026-04-01T20:32:35.193+0530] {dag.py:3954} INFO - Setting next_dagrun for dbt_pipeline to None, run_after=None
[2026-04-01T20:32:35.207+0530] {processor.py:183} INFO - Processing /Users/aswin/Documents/data-engineering-practice/ETL_Airflow_DBT/airflow/dags/dbt_pipeline.py took 0.114 seconds
[2026-04-01T20:33:19.612+0530] {processor.py:161} INFO - Started process (PID=2821) to work on /Users/aswin/Documents/data-engineering-practice/ETL_Airflow_DBT/airflow/dags/dbt_pipeline.py
[2026-04-01T20:33:19.613+0530] {processor.py:830} INFO - Processing file /Users/aswin/Documents/data-engineering-practice/ETL_Airflow_DBT/airflow/dags/dbt_pipeline.py for tasks to queue
[2026-04-01T20:33:19.613+0530] {logging_mixin.py:188} INFO - [2026-04-01T20:33:19.613+0530] {dagbag.py:540} INFO - Filling up the DagBag from /Users/aswin/Documents/data-engineering-practice/ETL_Airflow_DBT/airflow/dags/dbt_pipeline.py
[2026-04-01T20:33:19.618+0530] {processor.py:840} INFO - DAG(s) 'dbt_pipeline' retrieved from /Users/aswin/Documents/data-engineering-practice/ETL_Airflow_DBT/airflow/dags/dbt_pipeline.py
[2026-04-01T20:33:19.701+0530] {logging_mixin.py:188} INFO - [2026-04-01T20:33:19.701+0530] {dag.py:3096} INFO - Sync 1 DAGs
[2026-04-01T20:33:19.711+0530] {logging_mixin.py:188} INFO - [2026-04-01T20:33:19.710+0530] {dag.py:3954} INFO - Setting next_dagrun for dbt_pipeline to None, run_after=None
[2026-04-01T20:33:19.722+0530] {processor.py:183} INFO - Processing /Users/aswin/Documents/data-engineering-practice/ETL_Airflow_DBT/airflow/dags/dbt_pipeline.py took 0.111 seconds
[2026-04-01T20:33:59.054+0530] {processor.py:161} INFO - Started process (PID=2925) to work on /Users/aswin/Documents/data-engineering-practice/ETL_Airflow_DBT/airflow/dags/dbt_pipeline.py
[2026-04-01T20:33:59.054+0530] {processor.py:830} INFO - Processing file /Users/aswin/Documents/data-engineering-practice/ETL_Airflow_DBT/airflow/dags/dbt_pipeline.py for tasks to queue
[2026-04-01T20:33:59.055+0530] {logging_mixin.py:188} INFO - [2026-04-01T20:33:59.055+0530] {dagbag.py:540} INFO - Filling up the DagBag from /Users/aswin/Documents/data-engineering-practice/ETL_Airflow_DBT/airflow/dags/dbt_pipeline.py
[2026-04-01T20:33:59.059+0530] {processor.py:840} INFO - DAG(s) 'dbt_pipeline' retrieved from /Users/aswin/Documents/data-engineering-practice/ETL_Airflow_DBT/airflow/dags/dbt_pipeline.py
[2026-04-01T20:33:59.139+0530] {logging_mixin.py:188} INFO - [2026-04-01T20:33:59.139+0530] {dag.py:3096} INFO - Sync 1 DAGs
[2026-04-01T20:33:59.149+0530] {logging_mixin.py:188} INFO - [2026-04-01T20:33:59.149+0530] {dag.py:3954} INFO - Setting next_dagrun for dbt_pipeline to None, run_after=None
[2026-04-01T20:33:59.163+0530] {processor.py:183} INFO - Processing /Users/aswin/Documents/data-engineering-practice/ETL_Airflow_DBT/airflow/dags/dbt_pipeline.py took 0.110 seconds
[2026-04-01T20:34:38.249+0530] {processor.py:161} INFO - Started process (PID=3024) to work on /Users/aswin/Documents/data-engineering-practice/ETL_Airflow_DBT/airflow/dags/dbt_pipeline.py
[2026-04-01T20:34:38.249+0530] {processor.py:830} INFO - Processing file /Users/aswin/Documents/data-engineering-practice/ETL_Airflow_DBT/airflow/dags/dbt_pipeline.py for tasks to queue
[2026-04-01T20:34:38.250+0530] {logging_mixin.py:188} INFO - [2026-04-01T20:34:38.250+0530] {dagbag.py:540} INFO - Filling up the DagBag from /Users/aswin/Documents/data-engineering-practice/ETL_Airflow_DBT/airflow/dags/dbt_pipeline.py
[2026-04-01T20:34:38.254+0530] {processor.py:840} INFO - DAG(s) 'dbt_pipeline' retrieved from /Users/aswin/Documents/data-engineering-practice/ETL_Airflow_DBT/airflow/dags/dbt_pipeline.py
[2026-04-01T20:34:38.336+0530] {logging_mixin.py:188} INFO - [2026-04-01T20:34:38.336+0530] {dag.py:3096} INFO - Sync 1 DAGs
[2026-04-01T20:34:38.346+0530] {logging_mixin.py:188} INFO - [2026-04-01T20:34:38.346+0530] {dag.py:3954} INFO - Setting next_dagrun for dbt_pipeline to None, run_after=None
[2026-04-01T20:34:38.359+0530] {processor.py:183} INFO - Processing /Users/aswin/Documents/data-engineering-practice/ETL_Airflow_DBT/airflow/dags/dbt_pipeline.py took 0.112 seconds
[2026-04-01T20:35:18.521+0530] {processor.py:161} INFO - Started process (PID=3130) to work on /Users/aswin/Documents/data-engineering-practice/ETL_Airflow_DBT/airflow/dags/dbt_pipeline.py
[2026-04-01T20:35:18.521+0530] {processor.py:830} INFO - Processing file /Users/aswin/Documents/data-engineering-practice/ETL_Airflow_DBT/airflow/dags/dbt_pipeline.py for tasks to queue
[2026-04-01T20:35:18.522+0530] {logging_mixin.py:188} INFO - [2026-04-01T20:35:18.521+0530] {dagbag.py:540} INFO - Filling up the DagBag from /Users/aswin/Documents/data-engineering-practice/ETL_Airflow_DBT/airflow/dags/dbt_pipeline.py
[2026-04-01T20:35:18.526+0530] {processor.py:840} INFO - DAG(s) 'dbt_pipeline' retrieved from /Users/aswin/Documents/data-engineering-practice/ETL_Airflow_DBT/airflow/dags/dbt_pipeline.py
[2026-04-01T20:35:18.611+0530] {logging_mixin.py:188} INFO - [2026-04-01T20:35:18.611+0530] {dag.py:3096} INFO - Sync 1 DAGs
[2026-04-01T20:35:18.621+0530] {logging_mixin.py:188} INFO - [2026-04-01T20:35:18.621+0530] {dag.py:3954} INFO - Setting next_dagrun for dbt_pipeline to None, run_after=None
[2026-04-01T20:35:18.638+0530] {processor.py:183} INFO - Processing /Users/aswin/Documents/data-engineering-practice/ETL_Airflow_DBT/airflow/dags/dbt_pipeline.py took 0.119 seconds
[2026-04-01T20:36:02.311+0530] {processor.py:161} INFO - Started process (PID=3238) to work on /Users/aswin/Documents/data-engineering-practice/ETL_Airflow_DBT/airflow/dags/dbt_pipeline.py
[2026-04-01T20:36:02.312+0530] {processor.py:830} INFO - Processing file /Users/aswin/Documents/data-engineering-practice/ETL_Airflow_DBT/airflow/dags/dbt_pipeline.py for tasks to queue
[2026-04-01T20:36:02.312+0530] {logging_mixin.py:188} INFO - [2026-04-01T20:36:02.312+0530] {dagbag.py:540} INFO - Filling up the DagBag from /Users/aswin/Documents/data-engineering-practice/ETL_Airflow_DBT/airflow/dags/dbt_pipeline.py
[2026-04-01T20:36:02.317+0530] {processor.py:840} INFO - DAG(s) 'dbt_pipeline' retrieved from /Users/aswin/Documents/data-engineering-practice/ETL_Airflow_DBT/airflow/dags/dbt_pipeline.py
[2026-04-01T20:36:02.399+0530] {logging_mixin.py:188} INFO - [2026-04-01T20:36:02.399+0530] {dag.py:3096} INFO - Sync 1 DAGs
[2026-04-01T20:36:02.409+0530] {logging_mixin.py:188} INFO - [2026-04-01T20:36:02.409+0530] {dag.py:3954} INFO - Setting next_dagrun for dbt_pipeline to None, run_after=None
[2026-04-01T20:36:02.422+0530] {processor.py:183} INFO - Processing /Users/aswin/Documents/data-engineering-practice/ETL_Airflow_DBT/airflow/dags/dbt_pipeline.py took 0.112 seconds
[2026-04-01T20:36:42.692+0530] {processor.py:161} INFO - Started process (PID=3346) to work on /Users/aswin/Documents/data-engineering-practice/ETL_Airflow_DBT/airflow/dags/dbt_pipeline.py
[2026-04-01T20:36:42.693+0530] {processor.py:830} INFO - Processing file /Users/aswin/Documents/data-engineering-practice/ETL_Airflow_DBT/airflow/dags/dbt_pipeline.py for tasks to queue
[2026-04-01T20:36:42.693+0530] {logging_mixin.py:188} INFO - [2026-04-01T20:36:42.693+0530] {dagbag.py:540} INFO - Filling up the DagBag from /Users/aswin/Documents/data-engineering-practice/ETL_Airflow_DBT/airflow/dags/dbt_pipeline.py
[2026-04-01T20:36:42.697+0530] {processor.py:840} INFO - DAG(s) 'dbt_pipeline' retrieved from /Users/aswin/Documents/data-engineering-practice/ETL_Airflow_DBT/airflow/dags/dbt_pipeline.py
[2026-04-01T20:36:42.779+0530] {logging_mixin.py:188} INFO - [2026-04-01T20:36:42.779+0530] {dag.py:3096} INFO - Sync 1 DAGs
[2026-04-01T20:36:42.789+0530] {logging_mixin.py:188} INFO - [2026-04-01T20:36:42.789+0530] {dag.py:3954} INFO - Setting next_dagrun for dbt_pipeline to None, run_after=None
[2026-04-01T20:36:42.803+0530] {processor.py:183} INFO - Processing /Users/aswin/Documents/data-engineering-practice/ETL_Airflow_DBT/airflow/dags/dbt_pipeline.py took 0.113 seconds
[2026-04-01T20:37:20.048+0530] {processor.py:161} INFO - Started process (PID=3441) to work on /Users/aswin/Documents/data-engineering-practice/ETL_Airflow_DBT/airflow/dags/dbt_pipeline.py
[2026-04-01T20:37:20.050+0530] {processor.py:830} INFO - Processing file /Users/aswin/Documents/data-engineering-practice/ETL_Airflow_DBT/airflow/dags/dbt_pipeline.py for tasks to queue
[2026-04-01T20:37:20.050+0530] {logging_mixin.py:188} INFO - [2026-04-01T20:37:20.050+0530] {dagbag.py:540} INFO - Filling up the DagBag from /Users/aswin/Documents/data-engineering-practice/ETL_Airflow_DBT/airflow/dags/dbt_pipeline.py
[2026-04-01T20:37:20.056+0530] {processor.py:840} INFO - DAG(s) 'dbt_pipeline' retrieved from /Users/aswin/Documents/data-engineering-practice/ETL_Airflow_DBT/airflow/dags/dbt_pipeline.py
[2026-04-01T20:37:20.150+0530] {logging_mixin.py:188} INFO - [2026-04-01T20:37:20.149+0530] {dag.py:3096} INFO - Sync 1 DAGs
[2026-04-01T20:37:20.161+0530] {logging_mixin.py:188} INFO - [2026-04-01T20:37:20.161+0530] {dag.py:3954} INFO - Setting next_dagrun for dbt_pipeline to None, run_after=None
[2026-04-01T20:37:20.177+0530] {processor.py:183} INFO - Processing /Users/aswin/Documents/data-engineering-practice/ETL_Airflow_DBT/airflow/dags/dbt_pipeline.py took 0.130 seconds
[2026-04-01T20:52:54.742+0530] {processor.py:161} INFO - Started process (PID=3470) to work on /Users/aswin/Documents/data-engineering-practice/ETL_Airflow_DBT/airflow/dags/dbt_pipeline.py
[2026-04-01T20:52:54.742+0530] {processor.py:830} INFO - Processing file /Users/aswin/Documents/data-engineering-practice/ETL_Airflow_DBT/airflow/dags/dbt_pipeline.py for tasks to queue
[2026-04-01T20:52:54.742+0530] {logging_mixin.py:188} INFO - [2026-04-01T20:52:54.742+0530] {dagbag.py:540} INFO - Filling up the DagBag from /Users/aswin/Documents/data-engineering-practice/ETL_Airflow_DBT/airflow/dags/dbt_pipeline.py
[2026-04-01T20:52:54.745+0530] {processor.py:840} INFO - DAG(s) 'dbt_pipeline' retrieved from /Users/aswin/Documents/data-engineering-practice/ETL_Airflow_DBT/airflow/dags/dbt_pipeline.py
[2026-04-01T20:52:54.796+0530] {logging_mixin.py:188} INFO - [2026-04-01T20:52:54.796+0530] {dag.py:3096} INFO - Sync 1 DAGs
[2026-04-01T20:52:54.804+0530] {logging_mixin.py:188} INFO - [2026-04-01T20:52:54.804+0530] {dag.py:3954} INFO - Setting next_dagrun for dbt_pipeline to None, run_after=None
[2026-04-01T20:52:54.816+0530] {processor.py:183} INFO - Processing /Users/aswin/Documents/data-engineering-practice/ETL_Airflow_DBT/airflow/dags/dbt_pipeline.py took 0.075 seconds
[2026-04-01T20:54:02.558+0530] {processor.py:161} INFO - Started process (PID=3561) to work on /Users/aswin/Documents/data-engineering-practice/ETL_Airflow_DBT/airflow/dags/dbt_pipeline.py
[2026-04-01T20:54:02.559+0530] {processor.py:830} INFO - Processing file /Users/aswin/Documents/data-engineering-practice/ETL_Airflow_DBT/airflow/dags/dbt_pipeline.py for tasks to queue
[2026-04-01T20:54:02.559+0530] {logging_mixin.py:188} INFO - [2026-04-01T20:54:02.559+0530] {dagbag.py:540} INFO - Filling up the DagBag from /Users/aswin/Documents/data-engineering-practice/ETL_Airflow_DBT/airflow/dags/dbt_pipeline.py
[2026-04-01T20:54:02.562+0530] {processor.py:840} INFO - DAG(s) 'dbt_pipeline' retrieved from /Users/aswin/Documents/data-engineering-practice/ETL_Airflow_DBT/airflow/dags/dbt_pipeline.py
[2026-04-01T20:54:02.617+0530] {logging_mixin.py:188} INFO - [2026-04-01T20:54:02.617+0530] {dag.py:3096} INFO - Sync 1 DAGs
[2026-04-01T20:54:02.623+0530] {logging_mixin.py:188} INFO - [2026-04-01T20:54:02.623+0530] {dag.py:3954} INFO - Setting next_dagrun for dbt_pipeline to None, run_after=None
[2026-04-01T20:54:02.633+0530] {processor.py:183} INFO - Processing /Users/aswin/Documents/data-engineering-practice/ETL_Airflow_DBT/airflow/dags/dbt_pipeline.py took 0.076 seconds
[2026-04-01T20:55:07.118+0530] {processor.py:161} INFO - Started process (PID=3652) to work on /Users/aswin/Documents/data-engineering-practice/ETL_Airflow_DBT/airflow/dags/dbt_pipeline.py
[2026-04-01T20:55:07.118+0530] {processor.py:830} INFO - Processing file /Users/aswin/Documents/data-engineering-practice/ETL_Airflow_DBT/airflow/dags/dbt_pipeline.py for tasks to queue
[2026-04-01T20:55:07.118+0530] {logging_mixin.py:188} INFO - [2026-04-01T20:55:07.118+0530] {dagbag.py:540} INFO - Filling up the DagBag from /Users/aswin/Documents/data-engineering-practice/ETL_Airflow_DBT/airflow/dags/dbt_pipeline.py
[2026-04-01T20:55:07.122+0530] {processor.py:840} INFO - DAG(s) 'dbt_pipeline' retrieved from /Users/aswin/Documents/data-engineering-practice/ETL_Airflow_DBT/airflow/dags/dbt_pipeline.py
[2026-04-01T20:55:07.173+0530] {logging_mixin.py:188} INFO - [2026-04-01T20:55:07.172+0530] {dag.py:3096} INFO - Sync 1 DAGs
[2026-04-01T20:55:07.180+0530] {logging_mixin.py:188} INFO - [2026-04-01T20:55:07.180+0530] {dag.py:3954} INFO - Setting next_dagrun for dbt_pipeline to None, run_after=None
[2026-04-01T20:55:07.190+0530] {processor.py:183} INFO - Processing /Users/aswin/Documents/data-engineering-practice/ETL_Airflow_DBT/airflow/dags/dbt_pipeline.py took 0.074 seconds
[2026-04-01T21:12:59.395+0530] {processor.py:161} INFO - Started process (PID=3739) to work on /Users/aswin/Documents/data-engineering-practice/ETL_Airflow_DBT/airflow/dags/dbt_pipeline.py
[2026-04-01T21:12:59.396+0530] {processor.py:830} INFO - Processing file /Users/aswin/Documents/data-engineering-practice/ETL_Airflow_DBT/airflow/dags/dbt_pipeline.py for tasks to queue
[2026-04-01T21:12:59.396+0530] {logging_mixin.py:188} INFO - [2026-04-01T21:12:59.396+0530] {dagbag.py:540} INFO - Filling up the DagBag from /Users/aswin/Documents/data-engineering-practice/ETL_Airflow_DBT/airflow/dags/dbt_pipeline.py
[2026-04-01T21:12:59.398+0530] {processor.py:840} INFO - DAG(s) 'dbt_pipeline' retrieved from /Users/aswin/Documents/data-engineering-practice/ETL_Airflow_DBT/airflow/dags/dbt_pipeline.py
[2026-04-01T21:12:59.450+0530] {logging_mixin.py:188} INFO - [2026-04-01T21:12:59.450+0530] {dag.py:3096} INFO - Sync 1 DAGs
[2026-04-01T21:12:59.458+0530] {logging_mixin.py:188} INFO - [2026-04-01T21:12:59.458+0530] {dag.py:3954} INFO - Setting next_dagrun for dbt_pipeline to None, run_after=None
[2026-04-01T21:12:59.469+0530] {processor.py:183} INFO - Processing /Users/aswin/Documents/data-engineering-practice/ETL_Airflow_DBT/airflow/dags/dbt_pipeline.py took 0.075 seconds
[2026-04-01T21:14:04.602+0530] {processor.py:161} INFO - Started process (PID=3826) to work on /Users/aswin/Documents/data-engineering-practice/ETL_Airflow_DBT/airflow/dags/dbt_pipeline.py
[2026-04-01T21:14:04.602+0530] {processor.py:830} INFO - Processing file /Users/aswin/Documents/data-engineering-practice/ETL_Airflow_DBT/airflow/dags/dbt_pipeline.py for tasks to queue
[2026-04-01T21:14:04.602+0530] {logging_mixin.py:188} INFO - [2026-04-01T21:14:04.602+0530] {dagbag.py:540} INFO - Filling up the DagBag from /Users/aswin/Documents/data-engineering-practice/ETL_Airflow_DBT/airflow/dags/dbt_pipeline.py
[2026-04-01T21:14:04.605+0530] {processor.py:840} INFO - DAG(s) 'dbt_pipeline' retrieved from /Users/aswin/Documents/data-engineering-practice/ETL_Airflow_DBT/airflow/dags/dbt_pipeline.py
[2026-04-01T21:14:04.658+0530] {logging_mixin.py:188} INFO - [2026-04-01T21:14:04.658+0530] {dag.py:3096} INFO - Sync 1 DAGs
[2026-04-01T21:14:04.665+0530] {logging_mixin.py:188} INFO - [2026-04-01T21:14:04.665+0530] {dag.py:3954} INFO - Setting next_dagrun for dbt_pipeline to None, run_after=None
[2026-04-01T21:14:04.680+0530] {processor.py:183} INFO - Processing /Users/aswin/Documents/data-engineering-practice/ETL_Airflow_DBT/airflow/dags/dbt_pipeline.py took 0.079 seconds
[2026-04-01T21:15:07.329+0530] {processor.py:161} INFO - Started process (PID=3897) to work on /Users/aswin/Documents/data-engineering-practice/ETL_Airflow_DBT/airflow/dags/dbt_pipeline.py
[2026-04-01T21:15:07.330+0530] {processor.py:830} INFO - Processing file /Users/aswin/Documents/data-engineering-practice/ETL_Airflow_DBT/airflow/dags/dbt_pipeline.py for tasks to queue
[2026-04-01T21:15:07.330+0530] {logging_mixin.py:188} INFO - [2026-04-01T21:15:07.330+0530] {dagbag.py:540} INFO - Filling up the DagBag from /Users/aswin/Documents/data-engineering-practice/ETL_Airflow_DBT/airflow/dags/dbt_pipeline.py
[2026-04-01T21:15:07.333+0530] {processor.py:840} INFO - DAG(s) 'dbt_pipeline' retrieved from /Users/aswin/Documents/data-engineering-practice/ETL_Airflow_DBT/airflow/dags/dbt_pipeline.py
[2026-04-01T21:15:07.392+0530] {logging_mixin.py:188} INFO - [2026-04-01T21:15:07.392+0530] {dag.py:3096} INFO - Sync 1 DAGs
[2026-04-01T21:15:07.400+0530] {logging_mixin.py:188} INFO - [2026-04-01T21:15:07.400+0530] {dag.py:3954} INFO - Setting next_dagrun for dbt_pipeline to None, run_after=None
[2026-04-01T21:15:07.409+0530] {processor.py:183} INFO - Processing /Users/aswin/Documents/data-engineering-practice/ETL_Airflow_DBT/airflow/dags/dbt_pipeline.py took 0.081 seconds
[2026-04-01T21:16:12.090+0530] {processor.py:161} INFO - Started process (PID=3980) to work on /Users/aswin/Documents/data-engineering-practice/ETL_Airflow_DBT/airflow/dags/dbt_pipeline.py
[2026-04-01T21:16:12.091+0530] {processor.py:830} INFO - Processing file /Users/aswin/Documents/data-engineering-practice/ETL_Airflow_DBT/airflow/dags/dbt_pipeline.py for tasks to queue
[2026-04-01T21:16:12.091+0530] {logging_mixin.py:188} INFO - [2026-04-01T21:16:12.091+0530] {dagbag.py:540} INFO - Filling up the DagBag from /Users/aswin/Documents/data-engineering-practice/ETL_Airflow_DBT/airflow/dags/dbt_pipeline.py
[2026-04-01T21:16:12.095+0530] {processor.py:840} INFO - DAG(s) 'dbt_pipeline' retrieved from /Users/aswin/Documents/data-engineering-practice/ETL_Airflow_DBT/airflow/dags/dbt_pipeline.py
[2026-04-01T21:16:12.153+0530] {logging_mixin.py:188} INFO - [2026-04-01T21:16:12.153+0530] {dag.py:3096} INFO - Sync 1 DAGs
[2026-04-01T21:16:12.160+0530] {logging_mixin.py:188} INFO - [2026-04-01T21:16:12.160+0530] {dag.py:3954} INFO - Setting next_dagrun for dbt_pipeline to None, run_after=None
[2026-04-01T21:16:12.169+0530] {processor.py:183} INFO - Processing /Users/aswin/Documents/data-engineering-practice/ETL_Airflow_DBT/airflow/dags/dbt_pipeline.py took 0.079 seconds
[2026-04-01T21:21:01.665+0530] {processor.py:161} INFO - Started process (PID=4063) to work on /Users/aswin/Documents/data-engineering-practice/ETL_Airflow_DBT/airflow/dags/dbt_pipeline.py
[2026-04-01T21:21:01.666+0530] {processor.py:830} INFO - Processing file /Users/aswin/Documents/data-engineering-practice/ETL_Airflow_DBT/airflow/dags/dbt_pipeline.py for tasks to queue
[2026-04-01T21:21:01.666+0530] {logging_mixin.py:188} INFO - [2026-04-01T21:21:01.666+0530] {dagbag.py:540} INFO - Filling up the DagBag from /Users/aswin/Documents/data-engineering-practice/ETL_Airflow_DBT/airflow/dags/dbt_pipeline.py
[2026-04-01T21:21:01.669+0530] {processor.py:840} INFO - DAG(s) 'dbt_pipeline' retrieved from /Users/aswin/Documents/data-engineering-practice/ETL_Airflow_DBT/airflow/dags/dbt_pipeline.py
[2026-04-01T21:21:01.906+0530] {logging_mixin.py:188} INFO - [2026-04-01T21:21:01.905+0530] {dag.py:3096} INFO - Sync 1 DAGs
[2026-04-01T21:21:01.911+0530] {logging_mixin.py:188} INFO - [2026-04-01T21:21:01.911+0530] {dag.py:3954} INFO - Setting next_dagrun for dbt_pipeline to None, run_after=None
[2026-04-01T21:21:01.985+0530] {processor.py:183} INFO - Processing /Users/aswin/Documents/data-engineering-practice/ETL_Airflow_DBT/airflow/dags/dbt_pipeline.py took 0.321 seconds
[2026-04-01T21:21:34.952+0530] {processor.py:161} INFO - Started process (PID=4179) to work on /Users/aswin/Documents/data-engineering-practice/ETL_Airflow_DBT/airflow/dags/dbt_pipeline.py
[2026-04-01T21:21:34.952+0530] {processor.py:830} INFO - Processing file /Users/aswin/Documents/data-engineering-practice/ETL_Airflow_DBT/airflow/dags/dbt_pipeline.py for tasks to queue
[2026-04-01T21:21:34.953+0530] {logging_mixin.py:188} INFO - [2026-04-01T21:21:34.952+0530] {dagbag.py:540} INFO - Filling up the DagBag from /Users/aswin/Documents/data-engineering-practice/ETL_Airflow_DBT/airflow/dags/dbt_pipeline.py
[2026-04-01T21:21:34.956+0530] {processor.py:840} INFO - DAG(s) 'dbt_pipeline' retrieved from /Users/aswin/Documents/data-engineering-practice/ETL_Airflow_DBT/airflow/dags/dbt_pipeline.py
[2026-04-01T21:21:35.008+0530] {logging_mixin.py:188} INFO - [2026-04-01T21:21:35.008+0530] {dag.py:3096} INFO - Sync 1 DAGs
[2026-04-01T21:21:35.014+0530] {logging_mixin.py:188} INFO - [2026-04-01T21:21:35.014+0530] {dag.py:3954} INFO - Setting next_dagrun for dbt_pipeline to None, run_after=None
[2026-04-01T21:21:35.023+0530] {processor.py:183} INFO - Processing /Users/aswin/Documents/data-engineering-practice/ETL_Airflow_DBT/airflow/dags/dbt_pipeline.py took 0.073 seconds
[2026-04-01T21:22:06.025+0530] {processor.py:161} INFO - Started process (PID=4291) to work on /Users/aswin/Documents/data-engineering-practice/ETL_Airflow_DBT/airflow/dags/dbt_pipeline.py
[2026-04-01T21:22:06.026+0530] {processor.py:830} INFO - Processing file /Users/aswin/Documents/data-engineering-practice/ETL_Airflow_DBT/airflow/dags/dbt_pipeline.py for tasks to queue
[2026-04-01T21:22:06.026+0530] {logging_mixin.py:188} INFO - [2026-04-01T21:22:06.026+0530] {dagbag.py:540} INFO - Filling up the DagBag from /Users/aswin/Documents/data-engineering-practice/ETL_Airflow_DBT/airflow/dags/dbt_pipeline.py
[2026-04-01T21:22:06.029+0530] {processor.py:840} INFO - DAG(s) 'dbt_pipeline' retrieved from /Users/aswin/Documents/data-engineering-practice/ETL_Airflow_DBT/airflow/dags/dbt_pipeline.py
[2026-04-01T21:22:06.081+0530] {logging_mixin.py:188} INFO - [2026-04-01T21:22:06.081+0530] {dag.py:3096} INFO - Sync 1 DAGs
[2026-04-01T21:22:06.089+0530] {logging_mixin.py:188} INFO - [2026-04-01T21:22:06.089+0530] {dag.py:3954} INFO - Setting next_dagrun for dbt_pipeline to None, run_after=None
[2026-04-01T21:22:06.099+0530] {processor.py:183} INFO - Processing /Users/aswin/Documents/data-engineering-practice/ETL_Airflow_DBT/airflow/dags/dbt_pipeline.py took 0.074 seconds
[2026-04-01T21:22:37.456+0530] {processor.py:161} INFO - Started process (PID=4407) to work on /Users/aswin/Documents/data-engineering-practice/ETL_Airflow_DBT/airflow/dags/dbt_pipeline.py
[2026-04-01T21:22:37.457+0530] {processor.py:830} INFO - Processing file /Users/aswin/Documents/data-engineering-practice/ETL_Airflow_DBT/airflow/dags/dbt_pipeline.py for tasks to queue
[2026-04-01T21:22:37.458+0530] {logging_mixin.py:188} INFO - [2026-04-01T21:22:37.457+0530] {dagbag.py:540} INFO - Filling up the DagBag from /Users/aswin/Documents/data-engineering-practice/ETL_Airflow_DBT/airflow/dags/dbt_pipeline.py
[2026-04-01T21:22:37.461+0530] {processor.py:840} INFO - DAG(s) 'dbt_pipeline' retrieved from /Users/aswin/Documents/data-engineering-practice/ETL_Airflow_DBT/airflow/dags/dbt_pipeline.py
[2026-04-01T21:22:37.522+0530] {logging_mixin.py:188} INFO - [2026-04-01T21:22:37.522+0530] {dag.py:3096} INFO - Sync 1 DAGs
[2026-04-01T21:22:37.530+0530] {logging_mixin.py:188} INFO - [2026-04-01T21:22:37.530+0530] {dag.py:3954} INFO - Setting next_dagrun for dbt_pipeline to None, run_after=None
[2026-04-01T21:22:37.538+0530] {processor.py:183} INFO - Processing /Users/aswin/Documents/data-engineering-practice/ETL_Airflow_DBT/airflow/dags/dbt_pipeline.py took 0.084 seconds
[2026-04-01T21:23:11.226+0530] {processor.py:161} INFO - Started process (PID=4530) to work on /Users/aswin/Documents/data-engineering-practice/ETL_Airflow_DBT/airflow/dags/dbt_pipeline.py
[2026-04-01T21:23:11.228+0530] {processor.py:830} INFO - Processing file /Users/aswin/Documents/data-engineering-practice/ETL_Airflow_DBT/airflow/dags/dbt_pipeline.py for tasks to queue
[2026-04-01T21:23:11.228+0530] {logging_mixin.py:188} INFO - [2026-04-01T21:23:11.228+0530] {dagbag.py:540} INFO - Filling up the DagBag from /Users/aswin/Documents/data-engineering-practice/ETL_Airflow_DBT/airflow/dags/dbt_pipeline.py
[2026-04-01T21:23:11.232+0530] {processor.py:840} INFO - DAG(s) 'dbt_pipeline' retrieved from /Users/aswin/Documents/data-engineering-practice/ETL_Airflow_DBT/airflow/dags/dbt_pipeline.py
[2026-04-01T21:23:11.296+0530] {logging_mixin.py:188} INFO - [2026-04-01T21:23:11.296+0530] {dag.py:3096} INFO - Sync 1 DAGs
[2026-04-01T21:23:11.302+0530] {logging_mixin.py:188} INFO - [2026-04-01T21:23:11.302+0530] {dag.py:3954} INFO - Setting next_dagrun for dbt_pipeline to None, run_after=None
[2026-04-01T21:23:11.313+0530] {processor.py:183} INFO - Processing /Users/aswin/Documents/data-engineering-practice/ETL_Airflow_DBT/airflow/dags/dbt_pipeline.py took 0.088 seconds
[2026-04-01T21:23:43.396+0530] {processor.py:161} INFO - Started process (PID=4637) to work on /Users/aswin/Documents/data-engineering-practice/ETL_Airflow_DBT/airflow/dags/dbt_pipeline.py
[2026-04-01T21:23:43.398+0530] {processor.py:830} INFO - Processing file /Users/aswin/Documents/data-engineering-practice/ETL_Airflow_DBT/airflow/dags/dbt_pipeline.py for tasks to queue
[2026-04-01T21:23:43.398+0530] {logging_mixin.py:188} INFO - [2026-04-01T21:23:43.398+0530] {dagbag.py:540} INFO - Filling up the DagBag from /Users/aswin/Documents/data-engineering-practice/ETL_Airflow_DBT/airflow/dags/dbt_pipeline.py
[2026-04-01T21:23:43.403+0530] {processor.py:840} INFO - DAG(s) 'dbt_pipeline' retrieved from /Users/aswin/Documents/data-engineering-practice/ETL_Airflow_DBT/airflow/dags/dbt_pipeline.py
[2026-04-01T21:23:43.485+0530] {logging_mixin.py:188} INFO - [2026-04-01T21:23:43.485+0530] {dag.py:3096} INFO - Sync 1 DAGs
[2026-04-01T21:23:43.493+0530] {logging_mixin.py:188} INFO - [2026-04-01T21:23:43.492+0530] {dag.py:3954} INFO - Setting next_dagrun for dbt_pipeline to None, run_after=None
[2026-04-01T21:23:43.538+0530] {processor.py:183} INFO - Processing /Users/aswin/Documents/data-engineering-practice/ETL_Airflow_DBT/airflow/dags/dbt_pipeline.py took 0.143 seconds
[2026-04-01T21:24:21.613+0530] {processor.py:161} INFO - Started process (PID=4748) to work on /Users/aswin/Documents/data-engineering-practice/ETL_Airflow_DBT/airflow/dags/dbt_pipeline.py
[2026-04-01T21:24:21.614+0530] {processor.py:830} INFO - Processing file /Users/aswin/Documents/data-engineering-practice/ETL_Airflow_DBT/airflow/dags/dbt_pipeline.py for tasks to queue
[2026-04-01T21:24:21.614+0530] {logging_mixin.py:188} INFO - [2026-04-01T21:24:21.614+0530] {dagbag.py:540} INFO - Filling up the DagBag from /Users/aswin/Documents/data-engineering-practice/ETL_Airflow_DBT/airflow/dags/dbt_pipeline.py
[2026-04-01T21:24:21.619+0530] {processor.py:840} INFO - DAG(s) 'dbt_pipeline' retrieved from /Users/aswin/Documents/data-engineering-practice/ETL_Airflow_DBT/airflow/dags/dbt_pipeline.py
[2026-04-01T21:24:21.698+0530] {logging_mixin.py:188} INFO - [2026-04-01T21:24:21.698+0530] {dag.py:3096} INFO - Sync 1 DAGs
[2026-04-01T21:24:21.709+0530] {logging_mixin.py:188} INFO - [2026-04-01T21:24:21.708+0530] {dag.py:3954} INFO - Setting next_dagrun for dbt_pipeline to None, run_after=None
[2026-04-01T21:24:21.722+0530] {processor.py:183} INFO - Processing /Users/aswin/Documents/data-engineering-practice/ETL_Airflow_DBT/airflow/dags/dbt_pipeline.py took 0.111 seconds
[2026-04-01T21:25:00.442+0530] {processor.py:161} INFO - Started process (PID=4849) to work on /Users/aswin/Documents/data-engineering-practice/ETL_Airflow_DBT/airflow/dags/dbt_pipeline.py
[2026-04-01T21:25:00.443+0530] {processor.py:830} INFO - Processing file /Users/aswin/Documents/data-engineering-practice/ETL_Airflow_DBT/airflow/dags/dbt_pipeline.py for tasks to queue
[2026-04-01T21:25:00.443+0530] {logging_mixin.py:188} INFO - [2026-04-01T21:25:00.443+0530] {dagbag.py:540} INFO - Filling up the DagBag from /Users/aswin/Documents/data-engineering-practice/ETL_Airflow_DBT/airflow/dags/dbt_pipeline.py
[2026-04-01T21:25:00.448+0530] {processor.py:840} INFO - DAG(s) 'dbt_pipeline' retrieved from /Users/aswin/Documents/data-engineering-practice/ETL_Airflow_DBT/airflow/dags/dbt_pipeline.py
[2026-04-01T21:25:00.525+0530] {logging_mixin.py:188} INFO - [2026-04-01T21:25:00.525+0530] {dag.py:3096} INFO - Sync 1 DAGs
[2026-04-01T21:25:00.533+0530] {logging_mixin.py:188} INFO - [2026-04-01T21:25:00.533+0530] {dag.py:3954} INFO - Setting next_dagrun for dbt_pipeline to None, run_after=None
[2026-04-01T21:25:00.545+0530] {processor.py:183} INFO - Processing /Users/aswin/Documents/data-engineering-practice/ETL_Airflow_DBT/airflow/dags/dbt_pipeline.py took 0.105 seconds
[2026-04-01T21:25:41.134+0530] {processor.py:161} INFO - Started process (PID=4944) to work on /Users/aswin/Documents/data-engineering-practice/ETL_Airflow_DBT/airflow/dags/dbt_pipeline.py
[2026-04-01T21:25:41.135+0530] {processor.py:830} INFO - Processing file /Users/aswin/Documents/data-engineering-practice/ETL_Airflow_DBT/airflow/dags/dbt_pipeline.py for tasks to queue
[2026-04-01T21:25:41.135+0530] {logging_mixin.py:188} INFO - [2026-04-01T21:25:41.135+0530] {dagbag.py:540} INFO - Filling up the DagBag from /Users/aswin/Documents/data-engineering-practice/ETL_Airflow_DBT/airflow/dags/dbt_pipeline.py
[2026-04-01T21:25:41.171+0530] {processor.py:840} INFO - DAG(s) 'dbt_pipeline' retrieved from /Users/aswin/Documents/data-engineering-practice/ETL_Airflow_DBT/airflow/dags/dbt_pipeline.py
[2026-04-01T21:25:41.265+0530] {logging_mixin.py:188} INFO - [2026-04-01T21:25:41.265+0530] {dag.py:3096} INFO - Sync 1 DAGs
[2026-04-01T21:25:41.274+0530] {logging_mixin.py:188} INFO - [2026-04-01T21:25:41.273+0530] {dag.py:3954} INFO - Setting next_dagrun for dbt_pipeline to None, run_after=None
[2026-04-01T21:25:41.288+0530] {processor.py:183} INFO - Processing /Users/aswin/Documents/data-engineering-practice/ETL_Airflow_DBT/airflow/dags/dbt_pipeline.py took 0.158 seconds
[2026-04-01T21:26:25.298+0530] {processor.py:161} INFO - Started process (PID=5065) to work on /Users/aswin/Documents/data-engineering-practice/ETL_Airflow_DBT/airflow/dags/dbt_pipeline.py
[2026-04-01T21:26:25.299+0530] {processor.py:830} INFO - Processing file /Users/aswin/Documents/data-engineering-practice/ETL_Airflow_DBT/airflow/dags/dbt_pipeline.py for tasks to queue
[2026-04-01T21:26:25.299+0530] {logging_mixin.py:188} INFO - [2026-04-01T21:26:25.299+0530] {dagbag.py:540} INFO - Filling up the DagBag from /Users/aswin/Documents/data-engineering-practice/ETL_Airflow_DBT/airflow/dags/dbt_pipeline.py
[2026-04-01T21:26:25.304+0530] {processor.py:840} INFO - DAG(s) 'dbt_pipeline' retrieved from /Users/aswin/Documents/data-engineering-practice/ETL_Airflow_DBT/airflow/dags/dbt_pipeline.py
[2026-04-01T21:26:25.383+0530] {logging_mixin.py:188} INFO - [2026-04-01T21:26:25.383+0530] {dag.py:3096} INFO - Sync 1 DAGs
[2026-04-01T21:26:25.392+0530] {logging_mixin.py:188} INFO - [2026-04-01T21:26:25.392+0530] {dag.py:3954} INFO - Setting next_dagrun for dbt_pipeline to None, run_after=None
[2026-04-01T21:26:25.406+0530] {processor.py:183} INFO - Processing /Users/aswin/Documents/data-engineering-practice/ETL_Airflow_DBT/airflow/dags/dbt_pipeline.py took 0.110 seconds
[2026-04-01T21:27:04.041+0530] {processor.py:161} INFO - Started process (PID=5170) to work on /Users/aswin/Documents/data-engineering-practice/ETL_Airflow_DBT/airflow/dags/dbt_pipeline.py
[2026-04-01T21:27:04.043+0530] {processor.py:830} INFO - Processing file /Users/aswin/Documents/data-engineering-practice/ETL_Airflow_DBT/airflow/dags/dbt_pipeline.py for tasks to queue
[2026-04-01T21:27:04.043+0530] {logging_mixin.py:188} INFO - [2026-04-01T21:27:04.043+0530] {dagbag.py:540} INFO - Filling up the DagBag from /Users/aswin/Documents/data-engineering-practice/ETL_Airflow_DBT/airflow/dags/dbt_pipeline.py
[2026-04-01T21:27:04.048+0530] {processor.py:840} INFO - DAG(s) 'dbt_pipeline' retrieved from /Users/aswin/Documents/data-engineering-practice/ETL_Airflow_DBT/airflow/dags/dbt_pipeline.py
[2026-04-01T21:27:06.279+0530] {logging_mixin.py:188} INFO - [2026-04-01T21:27:06.278+0530] {dag.py:3096} INFO - Sync 1 DAGs
[2026-04-01T21:27:06.289+0530] {logging_mixin.py:188} INFO - [2026-04-01T21:27:06.289+0530] {dag.py:3954} INFO - Setting next_dagrun for dbt_pipeline to None, run_after=None
[2026-04-01T21:27:06.302+0530] {processor.py:183} INFO - Processing /Users/aswin/Documents/data-engineering-practice/ETL_Airflow_DBT/airflow/dags/dbt_pipeline.py took 0.279 seconds
[2026-04-01T21:27:45.648+0530] {processor.py:161} INFO - Started process (PID=5283) to work on /Users/aswin/Documents/data-engineering-practice/ETL_Airflow_DBT/airflow/dags/dbt_pipeline.py
[2026-04-01T21:27:45.649+0530] {processor.py:830} INFO - Processing file /Users/aswin/Documents/data-engineering-practice/ETL_Airflow_DBT/airflow/dags/dbt_pipeline.py for tasks to queue
[2026-04-01T21:27:45.650+0530] {logging_mixin.py:188} INFO - [2026-04-01T21:27:45.649+0530] {dagbag.py:540} INFO - Filling up the DagBag from /Users/aswin/Documents/data-engineering-practice/ETL_Airflow_DBT/airflow/dags/dbt_pipeline.py
[2026-04-01T21:27:45.654+0530] {processor.py:840} INFO - DAG(s) 'dbt_pipeline' retrieved from /Users/aswin/Documents/data-engineering-practice/ETL_Airflow_DBT/airflow/dags/dbt_pipeline.py
[2026-04-01T21:27:45.721+0530] {logging_mixin.py:188} INFO - [2026-04-01T21:27:45.721+0530] {dag.py:3096} INFO - Sync 1 DAGs
[2026-04-01T21:27:45.727+0530] {logging_mixin.py:188} INFO - [2026-04-01T21:27:45.727+0530] {dag.py:3954} INFO - Setting next_dagrun for dbt_pipeline to None, run_after=None
[2026-04-01T21:27:45.737+0530] {processor.py:183} INFO - Processing /Users/aswin/Documents/data-engineering-practice/ETL_Airflow_DBT/airflow/dags/dbt_pipeline.py took 0.090 seconds
[2026-04-01T21:28:23.383+0530] {processor.py:161} INFO - Started process (PID=5404) to work on /Users/aswin/Documents/data-engineering-practice/ETL_Airflow_DBT/airflow/dags/dbt_pipeline.py
[2026-04-01T21:28:23.384+0530] {processor.py:830} INFO - Processing file /Users/aswin/Documents/data-engineering-practice/ETL_Airflow_DBT/airflow/dags/dbt_pipeline.py for tasks to queue
[2026-04-01T21:28:23.384+0530] {logging_mixin.py:188} INFO - [2026-04-01T21:28:23.384+0530] {dagbag.py:540} INFO - Filling up the DagBag from /Users/aswin/Documents/data-engineering-practice/ETL_Airflow_DBT/airflow/dags/dbt_pipeline.py
[2026-04-01T21:28:23.389+0530] {processor.py:840} INFO - DAG(s) 'dbt_pipeline' retrieved from /Users/aswin/Documents/data-engineering-practice/ETL_Airflow_DBT/airflow/dags/dbt_pipeline.py
[2026-04-01T21:28:23.481+0530] {logging_mixin.py:188} INFO - [2026-04-01T21:28:23.481+0530] {dag.py:3096} INFO - Sync 1 DAGs
[2026-04-01T21:28:23.492+0530] {logging_mixin.py:188} INFO - [2026-04-01T21:28:23.492+0530] {dag.py:3954} INFO - Setting next_dagrun for dbt_pipeline to None, run_after=None
[2026-04-01T21:28:23.507+0530] {processor.py:183} INFO - Processing /Users/aswin/Documents/data-engineering-practice/ETL_Airflow_DBT/airflow/dags/dbt_pipeline.py took 0.126 seconds
[2026-04-01T21:28:56.218+0530] {processor.py:161} INFO - Started process (PID=5491) to work on /Users/aswin/Documents/data-engineering-practice/ETL_Airflow_DBT/airflow/dags/dbt_pipeline.py
[2026-04-01T21:28:56.218+0530] {processor.py:830} INFO - Processing file /Users/aswin/Documents/data-engineering-practice/ETL_Airflow_DBT/airflow/dags/dbt_pipeline.py for tasks to queue
[2026-04-01T21:28:56.219+0530] {logging_mixin.py:188} INFO - [2026-04-01T21:28:56.219+0530] {dagbag.py:540} INFO - Filling up the DagBag from /Users/aswin/Documents/data-engineering-practice/ETL_Airflow_DBT/airflow/dags/dbt_pipeline.py
[2026-04-01T21:28:56.225+0530] {processor.py:840} INFO - DAG(s) 'dbt_pipeline' retrieved from /Users/aswin/Documents/data-engineering-practice/ETL_Airflow_DBT/airflow/dags/dbt_pipeline.py
[2026-04-01T21:28:56.318+0530] {logging_mixin.py:188} INFO - [2026-04-01T21:28:56.318+0530] {dag.py:3096} INFO - Sync 1 DAGs
[2026-04-01T21:28:56.329+0530] {logging_mixin.py:188} INFO - [2026-04-01T21:28:56.329+0530] {dag.py:3954} INFO - Setting next_dagrun for dbt_pipeline to None, run_after=None
[2026-04-01T21:28:56.344+0530] {processor.py:183} INFO - Processing /Users/aswin/Documents/data-engineering-practice/ETL_Airflow_DBT/airflow/dags/dbt_pipeline.py took 0.129 seconds
[2026-04-01T21:29:38.032+0530] {processor.py:161} INFO - Started process (PID=5602) to work on /Users/aswin/Documents/data-engineering-practice/ETL_Airflow_DBT/airflow/dags/dbt_pipeline.py
[2026-04-01T21:29:38.033+0530] {processor.py:830} INFO - Processing file /Users/aswin/Documents/data-engineering-practice/ETL_Airflow_DBT/airflow/dags/dbt_pipeline.py for tasks to queue
[2026-04-01T21:29:38.034+0530] {logging_mixin.py:188} INFO - [2026-04-01T21:29:38.034+0530] {dagbag.py:540} INFO - Filling up the DagBag from /Users/aswin/Documents/data-engineering-practice/ETL_Airflow_DBT/airflow/dags/dbt_pipeline.py
[2026-04-01T21:29:38.038+0530] {processor.py:840} INFO - DAG(s) 'dbt_pipeline' retrieved from /Users/aswin/Documents/data-engineering-practice/ETL_Airflow_DBT/airflow/dags/dbt_pipeline.py
[2026-04-01T21:29:38.119+0530] {logging_mixin.py:188} INFO - [2026-04-01T21:29:38.119+0530] {dag.py:3096} INFO - Sync 1 DAGs
[2026-04-01T21:29:38.129+0530] {logging_mixin.py:188} INFO - [2026-04-01T21:29:38.129+0530] {dag.py:3954} INFO - Setting next_dagrun for dbt_pipeline to None, run_after=None
[2026-04-01T21:29:38.143+0530] {processor.py:183} INFO - Processing /Users/aswin/Documents/data-engineering-practice/ETL_Airflow_DBT/airflow/dags/dbt_pipeline.py took 0.112 seconds
[2026-04-01T21:30:09.968+0530] {processor.py:161} INFO - Started process (PID=5692) to work on /Users/aswin/Documents/data-engineering-practice/ETL_Airflow_DBT/airflow/dags/dbt_pipeline.py
[2026-04-01T21:30:09.969+0530] {processor.py:830} INFO - Processing file /Users/aswin/Documents/data-engineering-practice/ETL_Airflow_DBT/airflow/dags/dbt_pipeline.py for tasks to queue
[2026-04-01T21:30:09.969+0530] {logging_mixin.py:188} INFO - [2026-04-01T21:30:09.969+0530] {dagbag.py:540} INFO - Filling up the DagBag from /Users/aswin/Documents/data-engineering-practice/ETL_Airflow_DBT/airflow/dags/dbt_pipeline.py
[2026-04-01T21:30:09.974+0530] {processor.py:840} INFO - DAG(s) 'dbt_pipeline' retrieved from /Users/aswin/Documents/data-engineering-practice/ETL_Airflow_DBT/airflow/dags/dbt_pipeline.py
[2026-04-01T21:30:10.059+0530] {logging_mixin.py:188} INFO - [2026-04-01T21:30:10.059+0530] {dag.py:3096} INFO - Sync 1 DAGs
[2026-04-01T21:30:10.069+0530] {logging_mixin.py:188} INFO - [2026-04-01T21:30:10.068+0530] {dag.py:3954} INFO - Setting next_dagrun for dbt_pipeline to None, run_after=None
[2026-04-01T21:30:10.082+0530] {processor.py:183} INFO - Processing /Users/aswin/Documents/data-engineering-practice/ETL_Airflow_DBT/airflow/dags/dbt_pipeline.py took 0.116 seconds
[2026-04-01T21:30:45.659+0530] {processor.py:161} INFO - Started process (PID=5781) to work on /Users/aswin/Documents/data-engineering-practice/ETL_Airflow_DBT/airflow/dags/dbt_pipeline.py
[2026-04-01T21:30:45.660+0530] {processor.py:830} INFO - Processing file /Users/aswin/Documents/data-engineering-practice/ETL_Airflow_DBT/airflow/dags/dbt_pipeline.py for tasks to queue
[2026-04-01T21:30:45.661+0530] {logging_mixin.py:188} INFO - [2026-04-01T21:30:45.661+0530] {dagbag.py:540} INFO - Filling up the DagBag from /Users/aswin/Documents/data-engineering-practice/ETL_Airflow_DBT/airflow/dags/dbt_pipeline.py
[2026-04-01T21:30:45.665+0530] {processor.py:840} INFO - DAG(s) 'dbt_pipeline' retrieved from /Users/aswin/Documents/data-engineering-practice/ETL_Airflow_DBT/airflow/dags/dbt_pipeline.py
[2026-04-01T21:30:45.745+0530] {logging_mixin.py:188} INFO - [2026-04-01T21:30:45.745+0530] {dag.py:3096} INFO - Sync 1 DAGs
[2026-04-01T21:30:45.755+0530] {logging_mixin.py:188} INFO - [2026-04-01T21:30:45.755+0530] {dag.py:3954} INFO - Setting next_dagrun for dbt_pipeline to None, run_after=None
[2026-04-01T21:30:45.769+0530] {processor.py:183} INFO - Processing /Users/aswin/Documents/data-engineering-practice/ETL_Airflow_DBT/airflow/dags/dbt_pipeline.py took 0.111 seconds
[2026-04-01T21:31:25.604+0530] {processor.py:161} INFO - Started process (PID=5884) to work on /Users/aswin/Documents/data-engineering-practice/ETL_Airflow_DBT/airflow/dags/dbt_pipeline.py
[2026-04-01T21:31:25.606+0530] {processor.py:830} INFO - Processing file /Users/aswin/Documents/data-engineering-practice/ETL_Airflow_DBT/airflow/dags/dbt_pipeline.py for tasks to queue
[2026-04-01T21:31:25.606+0530] {logging_mixin.py:188} INFO - [2026-04-01T21:31:25.606+0530] {dagbag.py:540} INFO - Filling up the DagBag from /Users/aswin/Documents/data-engineering-practice/ETL_Airflow_DBT/airflow/dags/dbt_pipeline.py
[2026-04-01T21:31:25.611+0530] {processor.py:840} INFO - DAG(s) 'dbt_pipeline' retrieved from /Users/aswin/Documents/data-engineering-practice/ETL_Airflow_DBT/airflow/dags/dbt_pipeline.py
[2026-04-01T21:31:25.693+0530] {logging_mixin.py:188} INFO - [2026-04-01T21:31:25.692+0530] {dag.py:3096} INFO - Sync 1 DAGs
[2026-04-01T21:31:25.700+0530] {logging_mixin.py:188} INFO - [2026-04-01T21:31:25.700+0530] {dag.py:3954} INFO - Setting next_dagrun for dbt_pipeline to None, run_after=None
[2026-04-01T21:31:25.720+0530] {processor.py:183} INFO - Processing /Users/aswin/Documents/data-engineering-practice/ETL_Airflow_DBT/airflow/dags/dbt_pipeline.py took 0.117 seconds
[2026-04-01T21:32:05.908+0530] {processor.py:161} INFO - Started process (PID=5991) to work on /Users/aswin/Documents/data-engineering-practice/ETL_Airflow_DBT/airflow/dags/dbt_pipeline.py
[2026-04-01T21:32:05.911+0530] {processor.py:830} INFO - Processing file /Users/aswin/Documents/data-engineering-practice/ETL_Airflow_DBT/airflow/dags/dbt_pipeline.py for tasks to queue
[2026-04-01T21:32:05.911+0530] {logging_mixin.py:188} INFO - [2026-04-01T21:32:05.911+0530] {dagbag.py:540} INFO - Filling up the DagBag from /Users/aswin/Documents/data-engineering-practice/ETL_Airflow_DBT/airflow/dags/dbt_pipeline.py
[2026-04-01T21:32:05.917+0530] {processor.py:840} INFO - DAG(s) 'dbt_pipeline' retrieved from /Users/aswin/Documents/data-engineering-practice/ETL_Airflow_DBT/airflow/dags/dbt_pipeline.py
[2026-04-01T21:32:06.008+0530] {logging_mixin.py:188} INFO - [2026-04-01T21:32:06.008+0530] {dag.py:3096} INFO - Sync 1 DAGs
[2026-04-01T21:32:06.019+0530] {logging_mixin.py:188} INFO - [2026-04-01T21:32:06.019+0530] {dag.py:3954} INFO - Setting next_dagrun for dbt_pipeline to None, run_after=None
[2026-04-01T21:32:06.032+0530] {processor.py:183} INFO - Processing /Users/aswin/Documents/data-engineering-practice/ETL_Airflow_DBT/airflow/dags/dbt_pipeline.py took 0.126 seconds
[2026-04-01T21:32:48.438+0530] {processor.py:161} INFO - Started process (PID=6090) to work on /Users/aswin/Documents/data-engineering-practice/ETL_Airflow_DBT/airflow/dags/dbt_pipeline.py
[2026-04-01T21:32:48.439+0530] {processor.py:830} INFO - Processing file /Users/aswin/Documents/data-engineering-practice/ETL_Airflow_DBT/airflow/dags/dbt_pipeline.py for tasks to queue
[2026-04-01T21:32:48.440+0530] {logging_mixin.py:188} INFO - [2026-04-01T21:32:48.440+0530] {dagbag.py:540} INFO - Filling up the DagBag from /Users/aswin/Documents/data-engineering-practice/ETL_Airflow_DBT/airflow/dags/dbt_pipeline.py
[2026-04-01T21:32:48.446+0530] {processor.py:840} INFO - DAG(s) 'dbt_pipeline' retrieved from /Users/aswin/Documents/data-engineering-practice/ETL_Airflow_DBT/airflow/dags/dbt_pipeline.py
[2026-04-01T21:32:48.536+0530] {logging_mixin.py:188} INFO - [2026-04-01T21:32:48.536+0530] {dag.py:3096} INFO - Sync 1 DAGs
[2026-04-01T21:32:48.545+0530] {logging_mixin.py:188} INFO - [2026-04-01T21:32:48.545+0530] {dag.py:3954} INFO - Setting next_dagrun for dbt_pipeline to None, run_after=None
[2026-04-01T21:32:48.563+0530] {processor.py:183} INFO - Processing /Users/aswin/Documents/data-engineering-practice/ETL_Airflow_DBT/airflow/dags/dbt_pipeline.py took 0.127 seconds
[2026-04-01T21:33:30.025+0530] {processor.py:161} INFO - Started process (PID=6198) to work on /Users/aswin/Documents/data-engineering-practice/ETL_Airflow_DBT/airflow/dags/dbt_pipeline.py
[2026-04-01T21:33:30.026+0530] {processor.py:830} INFO - Processing file /Users/aswin/Documents/data-engineering-practice/ETL_Airflow_DBT/airflow/dags/dbt_pipeline.py for tasks to queue
[2026-04-01T21:33:30.027+0530] {logging_mixin.py:188} INFO - [2026-04-01T21:33:30.027+0530] {dagbag.py:540} INFO - Filling up the DagBag from /Users/aswin/Documents/data-engineering-practice/ETL_Airflow_DBT/airflow/dags/dbt_pipeline.py
[2026-04-01T21:33:30.032+0530] {processor.py:840} INFO - DAG(s) 'dbt_pipeline' retrieved from /Users/aswin/Documents/data-engineering-practice/ETL_Airflow_DBT/airflow/dags/dbt_pipeline.py
[2026-04-01T21:33:30.129+0530] {logging_mixin.py:188} INFO - [2026-04-01T21:33:30.129+0530] {dag.py:3096} INFO - Sync 1 DAGs
[2026-04-01T21:33:30.141+0530] {logging_mixin.py:188} INFO - [2026-04-01T21:33:30.140+0530] {dag.py:3954} INFO - Setting next_dagrun for dbt_pipeline to None, run_after=None
[2026-04-01T21:33:30.155+0530] {processor.py:183} INFO - Processing /Users/aswin/Documents/data-engineering-practice/ETL_Airflow_DBT/airflow/dags/dbt_pipeline.py took 0.132 seconds
[2026-04-01T21:34:09.241+0530] {processor.py:161} INFO - Started process (PID=6300) to work on /Users/aswin/Documents/data-engineering-practice/ETL_Airflow_DBT/airflow/dags/dbt_pipeline.py
[2026-04-01T21:34:09.243+0530] {processor.py:830} INFO - Processing file /Users/aswin/Documents/data-engineering-practice/ETL_Airflow_DBT/airflow/dags/dbt_pipeline.py for tasks to queue
[2026-04-01T21:34:09.244+0530] {logging_mixin.py:188} INFO - [2026-04-01T21:34:09.243+0530] {dagbag.py:540} INFO - Filling up the DagBag from /Users/aswin/Documents/data-engineering-practice/ETL_Airflow_DBT/airflow/dags/dbt_pipeline.py
[2026-04-01T21:34:09.249+0530] {processor.py:840} INFO - DAG(s) 'dbt_pipeline' retrieved from /Users/aswin/Documents/data-engineering-practice/ETL_Airflow_DBT/airflow/dags/dbt_pipeline.py
[2026-04-01T21:34:09.344+0530] {logging_mixin.py:188} INFO - [2026-04-01T21:34:09.343+0530] {dag.py:3096} INFO - Sync 1 DAGs
[2026-04-01T21:34:09.355+0530] {logging_mixin.py:188} INFO - [2026-04-01T21:34:09.355+0530] {dag.py:3954} INFO - Setting next_dagrun for dbt_pipeline to None, run_after=None
[2026-04-01T21:34:09.371+0530] {processor.py:183} INFO - Processing /Users/aswin/Documents/data-engineering-practice/ETL_Airflow_DBT/airflow/dags/dbt_pipeline.py took 0.131 seconds
[2026-04-01T21:34:52.451+0530] {processor.py:161} INFO - Started process (PID=6404) to work on /Users/aswin/Documents/data-engineering-practice/ETL_Airflow_DBT/airflow/dags/dbt_pipeline.py
[2026-04-01T21:34:52.453+0530] {processor.py:830} INFO - Processing file /Users/aswin/Documents/data-engineering-practice/ETL_Airflow_DBT/airflow/dags/dbt_pipeline.py for tasks to queue
[2026-04-01T21:34:52.453+0530] {logging_mixin.py:188} INFO - [2026-04-01T21:34:52.453+0530] {dagbag.py:540} INFO - Filling up the DagBag from /Users/aswin/Documents/data-engineering-practice/ETL_Airflow_DBT/airflow/dags/dbt_pipeline.py
[2026-04-01T21:34:52.460+0530] {processor.py:840} INFO - DAG(s) 'dbt_pipeline' retrieved from /Users/aswin/Documents/data-engineering-practice/ETL_Airflow_DBT/airflow/dags/dbt_pipeline.py
[2026-04-01T21:34:52.550+0530] {logging_mixin.py:188} INFO - [2026-04-01T21:34:52.550+0530] {dag.py:3096} INFO - Sync 1 DAGs
[2026-04-01T21:34:52.560+0530] {logging_mixin.py:188} INFO - [2026-04-01T21:34:52.560+0530] {dag.py:3954} INFO - Setting next_dagrun for dbt_pipeline to None, run_after=None
[2026-04-01T21:34:52.574+0530] {processor.py:183} INFO - Processing /Users/aswin/Documents/data-engineering-practice/ETL_Airflow_DBT/airflow/dags/dbt_pipeline.py took 0.125 seconds
[2026-04-01T21:35:35.515+0530] {processor.py:161} INFO - Started process (PID=6511) to work on /Users/aswin/Documents/data-engineering-practice/ETL_Airflow_DBT/airflow/dags/dbt_pipeline.py
[2026-04-01T21:35:35.517+0530] {processor.py:830} INFO - Processing file /Users/aswin/Documents/data-engineering-practice/ETL_Airflow_DBT/airflow/dags/dbt_pipeline.py for tasks to queue
[2026-04-01T21:35:35.517+0530] {logging_mixin.py:188} INFO - [2026-04-01T21:35:35.517+0530] {dagbag.py:540} INFO - Filling up the DagBag from /Users/aswin/Documents/data-engineering-practice/ETL_Airflow_DBT/airflow/dags/dbt_pipeline.py
[2026-04-01T21:35:35.522+0530] {processor.py:840} INFO - DAG(s) 'dbt_pipeline' retrieved from /Users/aswin/Documents/data-engineering-practice/ETL_Airflow_DBT/airflow/dags/dbt_pipeline.py
[2026-04-01T21:35:35.602+0530] {logging_mixin.py:188} INFO - [2026-04-01T21:35:35.601+0530] {dag.py:3096} INFO - Sync 1 DAGs
[2026-04-01T21:35:35.611+0530] {logging_mixin.py:188} INFO - [2026-04-01T21:35:35.611+0530] {dag.py:3954} INFO - Setting next_dagrun for dbt_pipeline to None, run_after=None
[2026-04-01T21:35:35.625+0530] {processor.py:183} INFO - Processing /Users/aswin/Documents/data-engineering-practice/ETL_Airflow_DBT/airflow/dags/dbt_pipeline.py took 0.112 seconds
[2026-04-01T21:36:11.943+0530] {processor.py:161} INFO - Started process (PID=6608) to work on /Users/aswin/Documents/data-engineering-practice/ETL_Airflow_DBT/airflow/dags/dbt_pipeline.py
[2026-04-01T21:36:11.944+0530] {processor.py:830} INFO - Processing file /Users/aswin/Documents/data-engineering-practice/ETL_Airflow_DBT/airflow/dags/dbt_pipeline.py for tasks to queue
[2026-04-01T21:36:11.944+0530] {logging_mixin.py:188} INFO - [2026-04-01T21:36:11.944+0530] {dagbag.py:540} INFO - Filling up the DagBag from /Users/aswin/Documents/data-engineering-practice/ETL_Airflow_DBT/airflow/dags/dbt_pipeline.py
[2026-04-01T21:36:11.949+0530] {processor.py:840} INFO - DAG(s) 'dbt_pipeline' retrieved from /Users/aswin/Documents/data-engineering-practice/ETL_Airflow_DBT/airflow/dags/dbt_pipeline.py
[2026-04-01T21:36:12.043+0530] {logging_mixin.py:188} INFO - [2026-04-01T21:36:12.042+0530] {dag.py:3096} INFO - Sync 1 DAGs
[2026-04-01T21:36:12.054+0530] {logging_mixin.py:188} INFO - [2026-04-01T21:36:12.054+0530] {dag.py:3954} INFO - Setting next_dagrun for dbt_pipeline to None, run_after=None
[2026-04-01T21:36:12.069+0530] {processor.py:183} INFO - Processing /Users/aswin/Documents/data-engineering-practice/ETL_Airflow_DBT/airflow/dags/dbt_pipeline.py took 0.127 seconds
[2026-04-01T21:36:47.387+0530] {processor.py:161} INFO - Started process (PID=6730) to work on /Users/aswin/Documents/data-engineering-practice/ETL_Airflow_DBT/airflow/dags/dbt_pipeline.py
[2026-04-01T21:36:47.388+0530] {processor.py:830} INFO - Processing file /Users/aswin/Documents/data-engineering-practice/ETL_Airflow_DBT/airflow/dags/dbt_pipeline.py for tasks to queue
[2026-04-01T21:36:47.388+0530] {logging_mixin.py:188} INFO - [2026-04-01T21:36:47.388+0530] {dagbag.py:540} INFO - Filling up the DagBag from /Users/aswin/Documents/data-engineering-practice/ETL_Airflow_DBT/airflow/dags/dbt_pipeline.py
[2026-04-01T21:36:47.392+0530] {processor.py:840} INFO - DAG(s) 'dbt_pipeline' retrieved from /Users/aswin/Documents/data-engineering-practice/ETL_Airflow_DBT/airflow/dags/dbt_pipeline.py
[2026-04-01T21:36:47.456+0530] {logging_mixin.py:188} INFO - [2026-04-01T21:36:47.455+0530] {dag.py:3096} INFO - Sync 1 DAGs
[2026-04-01T21:36:47.464+0530] {logging_mixin.py:188} INFO - [2026-04-01T21:36:47.463+0530] {dag.py:3954} INFO - Setting next_dagrun for dbt_pipeline to None, run_after=None
[2026-04-01T21:36:47.473+0530] {processor.py:183} INFO - Processing /Users/aswin/Documents/data-engineering-practice/ETL_Airflow_DBT/airflow/dags/dbt_pipeline.py took 0.087 seconds
[2026-04-01T21:37:22.713+0530] {processor.py:161} INFO - Started process (PID=6833) to work on /Users/aswin/Documents/data-engineering-practice/ETL_Airflow_DBT/airflow/dags/dbt_pipeline.py
[2026-04-01T21:37:22.713+0530] {processor.py:830} INFO - Processing file /Users/aswin/Documents/data-engineering-practice/ETL_Airflow_DBT/airflow/dags/dbt_pipeline.py for tasks to queue
[2026-04-01T21:37:22.714+0530] {logging_mixin.py:188} INFO - [2026-04-01T21:37:22.713+0530] {dagbag.py:540} INFO - Filling up the DagBag from /Users/aswin/Documents/data-engineering-practice/ETL_Airflow_DBT/airflow/dags/dbt_pipeline.py
[2026-04-01T21:37:22.718+0530] {processor.py:840} INFO - DAG(s) 'dbt_pipeline' retrieved from /Users/aswin/Documents/data-engineering-practice/ETL_Airflow_DBT/airflow/dags/dbt_pipeline.py
[2026-04-01T21:37:22.787+0530] {logging_mixin.py:188} INFO - [2026-04-01T21:37:22.787+0530] {dag.py:3096} INFO - Sync 1 DAGs
[2026-04-01T21:37:22.794+0530] {logging_mixin.py:188} INFO - [2026-04-01T21:37:22.794+0530] {dag.py:3954} INFO - Setting next_dagrun for dbt_pipeline to None, run_after=None
[2026-04-01T21:37:22.806+0530] {processor.py:183} INFO - Processing /Users/aswin/Documents/data-engineering-practice/ETL_Airflow_DBT/airflow/dags/dbt_pipeline.py took 0.095 seconds
[2026-04-01T21:37:55.520+0530] {processor.py:161} INFO - Started process (PID=6931) to work on /Users/aswin/Documents/data-engineering-practice/ETL_Airflow_DBT/airflow/dags/dbt_pipeline.py
[2026-04-01T21:37:55.521+0530] {processor.py:830} INFO - Processing file /Users/aswin/Documents/data-engineering-practice/ETL_Airflow_DBT/airflow/dags/dbt_pipeline.py for tasks to queue
[2026-04-01T21:37:55.521+0530] {logging_mixin.py:188} INFO - [2026-04-01T21:37:55.521+0530] {dagbag.py:540} INFO - Filling up the DagBag from /Users/aswin/Documents/data-engineering-practice/ETL_Airflow_DBT/airflow/dags/dbt_pipeline.py
[2026-04-01T21:37:55.525+0530] {processor.py:840} INFO - DAG(s) 'dbt_pipeline' retrieved from /Users/aswin/Documents/data-engineering-practice/ETL_Airflow_DBT/airflow/dags/dbt_pipeline.py
[2026-04-01T21:37:55.599+0530] {logging_mixin.py:188} INFO - [2026-04-01T21:37:55.599+0530] {dag.py:3096} INFO - Sync 1 DAGs
[2026-04-01T21:37:55.607+0530] {logging_mixin.py:188} INFO - [2026-04-01T21:37:55.607+0530] {dag.py:3954} INFO - Setting next_dagrun for dbt_pipeline to None, run_after=None
[2026-04-01T21:37:55.626+0530] {processor.py:183} INFO - Processing /Users/aswin/Documents/data-engineering-practice/ETL_Airflow_DBT/airflow/dags/dbt_pipeline.py took 0.107 seconds
[2026-04-01T21:38:29.432+0530] {processor.py:161} INFO - Started process (PID=7038) to work on /Users/aswin/Documents/data-engineering-practice/ETL_Airflow_DBT/airflow/dags/dbt_pipeline.py
[2026-04-01T21:38:29.432+0530] {processor.py:830} INFO - Processing file /Users/aswin/Documents/data-engineering-practice/ETL_Airflow_DBT/airflow/dags/dbt_pipeline.py for tasks to queue
[2026-04-01T21:38:29.432+0530] {logging_mixin.py:188} INFO - [2026-04-01T21:38:29.432+0530] {dagbag.py:540} INFO - Filling up the DagBag from /Users/aswin/Documents/data-engineering-practice/ETL_Airflow_DBT/airflow/dags/dbt_pipeline.py
[2026-04-01T21:38:29.437+0530] {processor.py:840} INFO - DAG(s) 'dbt_pipeline' retrieved from /Users/aswin/Documents/data-engineering-practice/ETL_Airflow_DBT/airflow/dags/dbt_pipeline.py
[2026-04-01T21:38:29.516+0530] {logging_mixin.py:188} INFO - [2026-04-01T21:38:29.515+0530] {dag.py:3096} INFO - Sync 1 DAGs
[2026-04-01T21:38:29.525+0530] {logging_mixin.py:188} INFO - [2026-04-01T21:38:29.525+0530] {dag.py:3954} INFO - Setting next_dagrun for dbt_pipeline to None, run_after=None
[2026-04-01T21:38:29.539+0530] {processor.py:183} INFO - Processing /Users/aswin/Documents/data-engineering-practice/ETL_Airflow_DBT/airflow/dags/dbt_pipeline.py took 0.109 seconds
[2026-04-01T21:39:11.812+0530] {processor.py:161} INFO - Started process (PID=7164) to work on /Users/aswin/Documents/data-engineering-practice/ETL_Airflow_DBT/airflow/dags/dbt_pipeline.py
[2026-04-01T21:39:11.813+0530] {processor.py:830} INFO - Processing file /Users/aswin/Documents/data-engineering-practice/ETL_Airflow_DBT/airflow/dags/dbt_pipeline.py for tasks to queue
[2026-04-01T21:39:11.814+0530] {logging_mixin.py:188} INFO - [2026-04-01T21:39:11.814+0530] {dagbag.py:540} INFO - Filling up the DagBag from /Users/aswin/Documents/data-engineering-practice/ETL_Airflow_DBT/airflow/dags/dbt_pipeline.py
[2026-04-01T21:39:11.819+0530] {processor.py:840} INFO - DAG(s) 'dbt_pipeline' retrieved from /Users/aswin/Documents/data-engineering-practice/ETL_Airflow_DBT/airflow/dags/dbt_pipeline.py
[2026-04-01T21:39:11.903+0530] {logging_mixin.py:188} INFO - [2026-04-01T21:39:11.903+0530] {dag.py:3096} INFO - Sync 1 DAGs
[2026-04-01T21:39:11.911+0530] {logging_mixin.py:188} INFO - [2026-04-01T21:39:11.911+0530] {dag.py:3954} INFO - Setting next_dagrun for dbt_pipeline to None, run_after=None
[2026-04-01T21:39:11.923+0530] {processor.py:183} INFO - Processing /Users/aswin/Documents/data-engineering-practice/ETL_Airflow_DBT/airflow/dags/dbt_pipeline.py took 0.113 seconds
[2026-04-01T21:39:47.138+0530] {processor.py:161} INFO - Started process (PID=7273) to work on /Users/aswin/Documents/data-engineering-practice/ETL_Airflow_DBT/airflow/dags/dbt_pipeline.py
[2026-04-01T21:39:47.138+0530] {processor.py:830} INFO - Processing file /Users/aswin/Documents/data-engineering-practice/ETL_Airflow_DBT/airflow/dags/dbt_pipeline.py for tasks to queue
[2026-04-01T21:39:47.138+0530] {logging_mixin.py:188} INFO - [2026-04-01T21:39:47.138+0530] {dagbag.py:540} INFO - Filling up the DagBag from /Users/aswin/Documents/data-engineering-practice/ETL_Airflow_DBT/airflow/dags/dbt_pipeline.py
[2026-04-01T21:39:47.143+0530] {processor.py:840} INFO - DAG(s) 'dbt_pipeline' retrieved from /Users/aswin/Documents/data-engineering-practice/ETL_Airflow_DBT/airflow/dags/dbt_pipeline.py
[2026-04-01T21:39:47.212+0530] {logging_mixin.py:188} INFO - [2026-04-01T21:39:47.212+0530] {dag.py:3096} INFO - Sync 1 DAGs
[2026-04-01T21:39:47.219+0530] {logging_mixin.py:188} INFO - [2026-04-01T21:39:47.219+0530] {dag.py:3954} INFO - Setting next_dagrun for dbt_pipeline to None, run_after=None
[2026-04-01T21:39:47.231+0530] {processor.py:183} INFO - Processing /Users/aswin/Documents/data-engineering-practice/ETL_Airflow_DBT/airflow/dags/dbt_pipeline.py took 0.095 seconds
[2026-04-01T21:40:18.302+0530] {processor.py:161} INFO - Started process (PID=7371) to work on /Users/aswin/Documents/data-engineering-practice/ETL_Airflow_DBT/airflow/dags/dbt_pipeline.py
[2026-04-01T21:40:18.302+0530] {processor.py:830} INFO - Processing file /Users/aswin/Documents/data-engineering-practice/ETL_Airflow_DBT/airflow/dags/dbt_pipeline.py for tasks to queue
[2026-04-01T21:40:18.302+0530] {logging_mixin.py:188} INFO - [2026-04-01T21:40:18.302+0530] {dagbag.py:540} INFO - Filling up the DagBag from /Users/aswin/Documents/data-engineering-practice/ETL_Airflow_DBT/airflow/dags/dbt_pipeline.py
[2026-04-01T21:40:18.307+0530] {processor.py:840} INFO - DAG(s) 'dbt_pipeline' retrieved from /Users/aswin/Documents/data-engineering-practice/ETL_Airflow_DBT/airflow/dags/dbt_pipeline.py
[2026-04-01T21:40:18.387+0530] {logging_mixin.py:188} INFO - [2026-04-01T21:40:18.387+0530] {dag.py:3096} INFO - Sync 1 DAGs
[2026-04-01T21:40:18.394+0530] {logging_mixin.py:188} INFO - [2026-04-01T21:40:18.394+0530] {dag.py:3954} INFO - Setting next_dagrun for dbt_pipeline to None, run_after=None
[2026-04-01T21:40:18.405+0530] {processor.py:183} INFO - Processing /Users/aswin/Documents/data-engineering-practice/ETL_Airflow_DBT/airflow/dags/dbt_pipeline.py took 0.105 seconds
[2026-04-01T21:40:52.122+0530] {processor.py:161} INFO - Started process (PID=7477) to work on /Users/aswin/Documents/data-engineering-practice/ETL_Airflow_DBT/airflow/dags/dbt_pipeline.py
[2026-04-01T21:40:52.123+0530] {processor.py:830} INFO - Processing file /Users/aswin/Documents/data-engineering-practice/ETL_Airflow_DBT/airflow/dags/dbt_pipeline.py for tasks to queue
[2026-04-01T21:40:52.124+0530] {logging_mixin.py:188} INFO - [2026-04-01T21:40:52.123+0530] {dagbag.py:540} INFO - Filling up the DagBag from /Users/aswin/Documents/data-engineering-practice/ETL_Airflow_DBT/airflow/dags/dbt_pipeline.py
[2026-04-01T21:40:52.127+0530] {processor.py:840} INFO - DAG(s) 'dbt_pipeline' retrieved from /Users/aswin/Documents/data-engineering-practice/ETL_Airflow_DBT/airflow/dags/dbt_pipeline.py
[2026-04-01T21:40:52.186+0530] {logging_mixin.py:188} INFO - [2026-04-01T21:40:52.186+0530] {dag.py:3096} INFO - Sync 1 DAGs
[2026-04-01T21:40:52.194+0530] {logging_mixin.py:188} INFO - [2026-04-01T21:40:52.194+0530] {dag.py:3954} INFO - Setting next_dagrun for dbt_pipeline to None, run_after=None
[2026-04-01T21:40:52.202+0530] {processor.py:183} INFO - Processing /Users/aswin/Documents/data-engineering-practice/ETL_Airflow_DBT/airflow/dags/dbt_pipeline.py took 0.081 seconds
[2026-04-01T21:41:23.067+0530] {processor.py:161} INFO - Started process (PID=7587) to work on /Users/aswin/Documents/data-engineering-practice/ETL_Airflow_DBT/airflow/dags/dbt_pipeline.py
[2026-04-01T21:41:23.067+0530] {processor.py:830} INFO - Processing file /Users/aswin/Documents/data-engineering-practice/ETL_Airflow_DBT/airflow/dags/dbt_pipeline.py for tasks to queue
[2026-04-01T21:41:23.068+0530] {logging_mixin.py:188} INFO - [2026-04-01T21:41:23.067+0530] {dagbag.py:540} INFO - Filling up the DagBag from /Users/aswin/Documents/data-engineering-practice/ETL_Airflow_DBT/airflow/dags/dbt_pipeline.py
[2026-04-01T21:41:23.071+0530] {processor.py:840} INFO - DAG(s) 'dbt_pipeline' retrieved from /Users/aswin/Documents/data-engineering-practice/ETL_Airflow_DBT/airflow/dags/dbt_pipeline.py
[2026-04-01T21:41:23.147+0530] {logging_mixin.py:188} INFO - [2026-04-01T21:41:23.147+0530] {dag.py:3096} INFO - Sync 1 DAGs
[2026-04-01T21:41:23.157+0530] {logging_mixin.py:188} INFO - [2026-04-01T21:41:23.157+0530] {dag.py:3954} INFO - Setting next_dagrun for dbt_pipeline to None, run_after=None
[2026-04-01T21:41:23.170+0530] {processor.py:183} INFO - Processing /Users/aswin/Documents/data-engineering-practice/ETL_Airflow_DBT/airflow/dags/dbt_pipeline.py took 0.105 seconds
[2026-04-01T21:42:00.957+0530] {processor.py:161} INFO - Started process (PID=7704) to work on /Users/aswin/Documents/data-engineering-practice/ETL_Airflow_DBT/airflow/dags/dbt_pipeline.py
[2026-04-01T21:42:00.958+0530] {processor.py:830} INFO - Processing file /Users/aswin/Documents/data-engineering-practice/ETL_Airflow_DBT/airflow/dags/dbt_pipeline.py for tasks to queue
[2026-04-01T21:42:00.959+0530] {logging_mixin.py:188} INFO - [2026-04-01T21:42:00.959+0530] {dagbag.py:540} INFO - Filling up the DagBag from /Users/aswin/Documents/data-engineering-practice/ETL_Airflow_DBT/airflow/dags/dbt_pipeline.py
[2026-04-01T21:42:00.964+0530] {processor.py:840} INFO - DAG(s) 'dbt_pipeline' retrieved from /Users/aswin/Documents/data-engineering-practice/ETL_Airflow_DBT/airflow/dags/dbt_pipeline.py
[2026-04-01T21:42:01.047+0530] {logging_mixin.py:188} INFO - [2026-04-01T21:42:01.047+0530] {dag.py:3096} INFO - Sync 1 DAGs
[2026-04-01T21:42:01.057+0530] {logging_mixin.py:188} INFO - [2026-04-01T21:42:01.057+0530] {dag.py:3954} INFO - Setting next_dagrun for dbt_pipeline to None, run_after=None
[2026-04-01T21:42:01.072+0530] {processor.py:183} INFO - Processing /Users/aswin/Documents/data-engineering-practice/ETL_Airflow_DBT/airflow/dags/dbt_pipeline.py took 0.117 seconds
[2026-04-01T21:42:33.736+0530] {processor.py:161} INFO - Started process (PID=7802) to work on /Users/aswin/Documents/data-engineering-practice/ETL_Airflow_DBT/airflow/dags/dbt_pipeline.py
[2026-04-01T21:42:33.737+0530] {processor.py:830} INFO - Processing file /Users/aswin/Documents/data-engineering-practice/ETL_Airflow_DBT/airflow/dags/dbt_pipeline.py for tasks to queue
[2026-04-01T21:42:33.737+0530] {logging_mixin.py:188} INFO - [2026-04-01T21:42:33.737+0530] {dagbag.py:540} INFO - Filling up the DagBag from /Users/aswin/Documents/data-engineering-practice/ETL_Airflow_DBT/airflow/dags/dbt_pipeline.py
[2026-04-01T21:42:33.740+0530] {processor.py:840} INFO - DAG(s) 'dbt_pipeline' retrieved from /Users/aswin/Documents/data-engineering-practice/ETL_Airflow_DBT/airflow/dags/dbt_pipeline.py
[2026-04-01T21:42:33.789+0530] {logging_mixin.py:188} INFO - [2026-04-01T21:42:33.789+0530] {dag.py:3096} INFO - Sync 1 DAGs
[2026-04-01T21:42:33.796+0530] {logging_mixin.py:188} INFO - [2026-04-01T21:42:33.796+0530] {dag.py:3954} INFO - Setting next_dagrun for dbt_pipeline to None, run_after=None
[2026-04-01T21:42:33.803+0530] {processor.py:183} INFO - Processing /Users/aswin/Documents/data-engineering-practice/ETL_Airflow_DBT/airflow/dags/dbt_pipeline.py took 0.067 seconds
[2026-04-01T21:43:14.915+0530] {processor.py:161} INFO - Started process (PID=7915) to work on /Users/aswin/Documents/data-engineering-practice/ETL_Airflow_DBT/airflow/dags/dbt_pipeline.py
[2026-04-01T21:43:14.915+0530] {processor.py:830} INFO - Processing file /Users/aswin/Documents/data-engineering-practice/ETL_Airflow_DBT/airflow/dags/dbt_pipeline.py for tasks to queue
[2026-04-01T21:43:14.915+0530] {logging_mixin.py:188} INFO - [2026-04-01T21:43:14.915+0530] {dagbag.py:540} INFO - Filling up the DagBag from /Users/aswin/Documents/data-engineering-practice/ETL_Airflow_DBT/airflow/dags/dbt_pipeline.py
[2026-04-01T21:43:14.919+0530] {processor.py:840} INFO - DAG(s) 'dbt_pipeline' retrieved from /Users/aswin/Documents/data-engineering-practice/ETL_Airflow_DBT/airflow/dags/dbt_pipeline.py
[2026-04-01T21:43:14.972+0530] {logging_mixin.py:188} INFO - [2026-04-01T21:43:14.972+0530] {dag.py:3096} INFO - Sync 1 DAGs
[2026-04-01T21:43:14.979+0530] {logging_mixin.py:188} INFO - [2026-04-01T21:43:14.979+0530] {dag.py:3954} INFO - Setting next_dagrun for dbt_pipeline to None, run_after=None
[2026-04-01T21:43:14.988+0530] {processor.py:183} INFO - Processing /Users/aswin/Documents/data-engineering-practice/ETL_Airflow_DBT/airflow/dags/dbt_pipeline.py took 0.075 seconds
[2026-04-01T21:44:00.365+0530] {processor.py:161} INFO - Started process (PID=8031) to work on /Users/aswin/Documents/data-engineering-practice/ETL_Airflow_DBT/airflow/dags/dbt_pipeline.py
[2026-04-01T21:44:00.366+0530] {processor.py:830} INFO - Processing file /Users/aswin/Documents/data-engineering-practice/ETL_Airflow_DBT/airflow/dags/dbt_pipeline.py for tasks to queue
[2026-04-01T21:44:00.366+0530] {logging_mixin.py:188} INFO - [2026-04-01T21:44:00.366+0530] {dagbag.py:540} INFO - Filling up the DagBag from /Users/aswin/Documents/data-engineering-practice/ETL_Airflow_DBT/airflow/dags/dbt_pipeline.py
[2026-04-01T21:44:00.369+0530] {processor.py:840} INFO - DAG(s) 'dbt_pipeline' retrieved from /Users/aswin/Documents/data-engineering-practice/ETL_Airflow_DBT/airflow/dags/dbt_pipeline.py
[2026-04-01T21:44:00.429+0530] {logging_mixin.py:188} INFO - [2026-04-01T21:44:00.429+0530] {dag.py:3096} INFO - Sync 1 DAGs
[2026-04-01T21:44:00.437+0530] {logging_mixin.py:188} INFO - [2026-04-01T21:44:00.437+0530] {dag.py:3954} INFO - Setting next_dagrun for dbt_pipeline to None, run_after=None
[2026-04-01T21:44:00.448+0530] {processor.py:183} INFO - Processing /Users/aswin/Documents/data-engineering-practice/ETL_Airflow_DBT/airflow/dags/dbt_pipeline.py took 0.084 seconds
[2026-04-01T21:44:43.613+0530] {processor.py:161} INFO - Started process (PID=8149) to work on /Users/aswin/Documents/data-engineering-practice/ETL_Airflow_DBT/airflow/dags/dbt_pipeline.py
[2026-04-01T21:44:43.614+0530] {processor.py:830} INFO - Processing file /Users/aswin/Documents/data-engineering-practice/ETL_Airflow_DBT/airflow/dags/dbt_pipeline.py for tasks to queue
[2026-04-01T21:44:43.614+0530] {logging_mixin.py:188} INFO - [2026-04-01T21:44:43.614+0530] {dagbag.py:540} INFO - Filling up the DagBag from /Users/aswin/Documents/data-engineering-practice/ETL_Airflow_DBT/airflow/dags/dbt_pipeline.py
[2026-04-01T21:44:43.618+0530] {processor.py:840} INFO - DAG(s) 'dbt_pipeline' retrieved from /Users/aswin/Documents/data-engineering-practice/ETL_Airflow_DBT/airflow/dags/dbt_pipeline.py
[2026-04-01T21:44:43.688+0530] {logging_mixin.py:188} INFO - [2026-04-01T21:44:43.688+0530] {dag.py:3096} INFO - Sync 1 DAGs
[2026-04-01T21:44:43.695+0530] {logging_mixin.py:188} INFO - [2026-04-01T21:44:43.695+0530] {dag.py:3954} INFO - Setting next_dagrun for dbt_pipeline to None, run_after=None
[2026-04-01T21:44:43.707+0530] {processor.py:183} INFO - Processing /Users/aswin/Documents/data-engineering-practice/ETL_Airflow_DBT/airflow/dags/dbt_pipeline.py took 0.095 seconds
[2026-04-01T21:45:21.303+0530] {processor.py:161} INFO - Started process (PID=8234) to work on /Users/aswin/Documents/data-engineering-practice/ETL_Airflow_DBT/airflow/dags/dbt_pipeline.py
[2026-04-01T21:45:21.304+0530] {processor.py:830} INFO - Processing file /Users/aswin/Documents/data-engineering-practice/ETL_Airflow_DBT/airflow/dags/dbt_pipeline.py for tasks to queue
[2026-04-01T21:45:21.304+0530] {logging_mixin.py:188} INFO - [2026-04-01T21:45:21.304+0530] {dagbag.py:540} INFO - Filling up the DagBag from /Users/aswin/Documents/data-engineering-practice/ETL_Airflow_DBT/airflow/dags/dbt_pipeline.py
[2026-04-01T21:45:21.307+0530] {processor.py:840} INFO - DAG(s) 'dbt_pipeline' retrieved from /Users/aswin/Documents/data-engineering-practice/ETL_Airflow_DBT/airflow/dags/dbt_pipeline.py
[2026-04-01T21:45:21.373+0530] {logging_mixin.py:188} INFO - [2026-04-01T21:45:21.373+0530] {dag.py:3096} INFO - Sync 1 DAGs
[2026-04-01T21:45:21.380+0530] {logging_mixin.py:188} INFO - [2026-04-01T21:45:21.380+0530] {dag.py:3954} INFO - Setting next_dagrun for dbt_pipeline to None, run_after=None
[2026-04-01T21:45:21.391+0530] {processor.py:183} INFO - Processing /Users/aswin/Documents/data-engineering-practice/ETL_Airflow_DBT/airflow/dags/dbt_pipeline.py took 0.090 seconds
[2026-04-01T21:45:58.604+0530] {processor.py:161} INFO - Started process (PID=8321) to work on /Users/aswin/Documents/data-engineering-practice/ETL_Airflow_DBT/airflow/dags/dbt_pipeline.py
[2026-04-01T21:45:58.605+0530] {processor.py:830} INFO - Processing file /Users/aswin/Documents/data-engineering-practice/ETL_Airflow_DBT/airflow/dags/dbt_pipeline.py for tasks to queue
[2026-04-01T21:45:58.605+0530] {logging_mixin.py:188} INFO - [2026-04-01T21:45:58.605+0530] {dagbag.py:540} INFO - Filling up the DagBag from /Users/aswin/Documents/data-engineering-practice/ETL_Airflow_DBT/airflow/dags/dbt_pipeline.py
[2026-04-01T21:45:58.608+0530] {processor.py:840} INFO - DAG(s) 'dbt_pipeline' retrieved from /Users/aswin/Documents/data-engineering-practice/ETL_Airflow_DBT/airflow/dags/dbt_pipeline.py
[2026-04-01T21:45:58.674+0530] {logging_mixin.py:188} INFO - [2026-04-01T21:45:58.674+0530] {dag.py:3096} INFO - Sync 1 DAGs
[2026-04-01T21:45:58.680+0530] {logging_mixin.py:188} INFO - [2026-04-01T21:45:58.680+0530] {dag.py:3954} INFO - Setting next_dagrun for dbt_pipeline to None, run_after=None
[2026-04-01T21:45:58.691+0530] {processor.py:183} INFO - Processing /Users/aswin/Documents/data-engineering-practice/ETL_Airflow_DBT/airflow/dags/dbt_pipeline.py took 0.088 seconds
[2026-04-01T21:46:36.229+0530] {processor.py:161} INFO - Started process (PID=8408) to work on /Users/aswin/Documents/data-engineering-practice/ETL_Airflow_DBT/airflow/dags/dbt_pipeline.py
[2026-04-01T21:46:36.229+0530] {processor.py:830} INFO - Processing file /Users/aswin/Documents/data-engineering-practice/ETL_Airflow_DBT/airflow/dags/dbt_pipeline.py for tasks to queue
[2026-04-01T21:46:36.230+0530] {logging_mixin.py:188} INFO - [2026-04-01T21:46:36.230+0530] {dagbag.py:540} INFO - Filling up the DagBag from /Users/aswin/Documents/data-engineering-practice/ETL_Airflow_DBT/airflow/dags/dbt_pipeline.py
[2026-04-01T21:46:36.233+0530] {processor.py:840} INFO - DAG(s) 'dbt_pipeline' retrieved from /Users/aswin/Documents/data-engineering-practice/ETL_Airflow_DBT/airflow/dags/dbt_pipeline.py
[2026-04-01T21:46:36.304+0530] {logging_mixin.py:188} INFO - [2026-04-01T21:46:36.304+0530] {dag.py:3096} INFO - Sync 1 DAGs
[2026-04-01T21:46:36.311+0530] {logging_mixin.py:188} INFO - [2026-04-01T21:46:36.311+0530] {dag.py:3954} INFO - Setting next_dagrun for dbt_pipeline to None, run_after=None
[2026-04-01T21:46:36.323+0530] {processor.py:183} INFO - Processing /Users/aswin/Documents/data-engineering-practice/ETL_Airflow_DBT/airflow/dags/dbt_pipeline.py took 0.096 seconds
[2026-04-01T21:47:17.671+0530] {processor.py:161} INFO - Started process (PID=8498) to work on /Users/aswin/Documents/data-engineering-practice/ETL_Airflow_DBT/airflow/dags/dbt_pipeline.py
[2026-04-01T21:47:17.673+0530] {processor.py:830} INFO - Processing file /Users/aswin/Documents/data-engineering-practice/ETL_Airflow_DBT/airflow/dags/dbt_pipeline.py for tasks to queue
[2026-04-01T21:47:17.673+0530] {logging_mixin.py:188} INFO - [2026-04-01T21:47:17.673+0530] {dagbag.py:540} INFO - Filling up the DagBag from /Users/aswin/Documents/data-engineering-practice/ETL_Airflow_DBT/airflow/dags/dbt_pipeline.py
[2026-04-01T21:47:17.682+0530] {processor.py:840} INFO - DAG(s) 'dbt_pipeline' retrieved from /Users/aswin/Documents/data-engineering-practice/ETL_Airflow_DBT/airflow/dags/dbt_pipeline.py
[2026-04-01T21:47:17.831+0530] {logging_mixin.py:188} INFO - [2026-04-01T21:47:17.831+0530] {dag.py:3096} INFO - Sync 1 DAGs
[2026-04-01T21:47:17.845+0530] {logging_mixin.py:188} INFO - [2026-04-01T21:47:17.845+0530] {dag.py:3954} INFO - Setting next_dagrun for dbt_pipeline to None, run_after=None
[2026-04-01T21:47:17.865+0530] {processor.py:183} INFO - Processing /Users/aswin/Documents/data-engineering-practice/ETL_Airflow_DBT/airflow/dags/dbt_pipeline.py took 0.197 seconds
[2026-04-01T21:47:53.790+0530] {processor.py:161} INFO - Started process (PID=8579) to work on /Users/aswin/Documents/data-engineering-practice/ETL_Airflow_DBT/airflow/dags/dbt_pipeline.py
[2026-04-01T21:47:53.791+0530] {processor.py:830} INFO - Processing file /Users/aswin/Documents/data-engineering-practice/ETL_Airflow_DBT/airflow/dags/dbt_pipeline.py for tasks to queue
[2026-04-01T21:47:53.792+0530] {logging_mixin.py:188} INFO - [2026-04-01T21:47:53.792+0530] {dagbag.py:540} INFO - Filling up the DagBag from /Users/aswin/Documents/data-engineering-practice/ETL_Airflow_DBT/airflow/dags/dbt_pipeline.py
[2026-04-01T21:47:53.798+0530] {processor.py:840} INFO - DAG(s) 'dbt_pipeline' retrieved from /Users/aswin/Documents/data-engineering-practice/ETL_Airflow_DBT/airflow/dags/dbt_pipeline.py
[2026-04-01T21:47:54.004+0530] {logging_mixin.py:188} INFO - [2026-04-01T21:47:54.003+0530] {dag.py:3096} INFO - Sync 1 DAGs
[2026-04-01T21:47:54.025+0530] {logging_mixin.py:188} INFO - [2026-04-01T21:47:54.025+0530] {dag.py:3954} INFO - Setting next_dagrun for dbt_pipeline to None, run_after=None
[2026-04-01T21:47:54.053+0530] {processor.py:183} INFO - Processing /Users/aswin/Documents/data-engineering-practice/ETL_Airflow_DBT/airflow/dags/dbt_pipeline.py took 0.265 seconds
[2026-04-01T21:48:31.734+0530] {processor.py:161} INFO - Started process (PID=8664) to work on /Users/aswin/Documents/data-engineering-practice/ETL_Airflow_DBT/airflow/dags/dbt_pipeline.py
[2026-04-01T21:48:31.736+0530] {processor.py:830} INFO - Processing file /Users/aswin/Documents/data-engineering-practice/ETL_Airflow_DBT/airflow/dags/dbt_pipeline.py for tasks to queue
[2026-04-01T21:48:31.737+0530] {logging_mixin.py:188} INFO - [2026-04-01T21:48:31.737+0530] {dagbag.py:540} INFO - Filling up the DagBag from /Users/aswin/Documents/data-engineering-practice/ETL_Airflow_DBT/airflow/dags/dbt_pipeline.py
[2026-04-01T21:48:31.743+0530] {processor.py:840} INFO - DAG(s) 'dbt_pipeline' retrieved from /Users/aswin/Documents/data-engineering-practice/ETL_Airflow_DBT/airflow/dags/dbt_pipeline.py
[2026-04-01T21:48:31.882+0530] {logging_mixin.py:188} INFO - [2026-04-01T21:48:31.881+0530] {dag.py:3096} INFO - Sync 1 DAGs
[2026-04-01T21:48:31.902+0530] {logging_mixin.py:188} INFO - [2026-04-01T21:48:31.901+0530] {dag.py:3954} INFO - Setting next_dagrun for dbt_pipeline to None, run_after=None
[2026-04-01T21:48:31.927+0530] {processor.py:183} INFO - Processing /Users/aswin/Documents/data-engineering-practice/ETL_Airflow_DBT/airflow/dags/dbt_pipeline.py took 0.195 seconds
[2026-04-01T21:49:14.318+0530] {processor.py:161} INFO - Started process (PID=8767) to work on /Users/aswin/Documents/data-engineering-practice/ETL_Airflow_DBT/airflow/dags/dbt_pipeline.py
[2026-04-01T21:49:14.319+0530] {processor.py:830} INFO - Processing file /Users/aswin/Documents/data-engineering-practice/ETL_Airflow_DBT/airflow/dags/dbt_pipeline.py for tasks to queue
[2026-04-01T21:49:14.319+0530] {logging_mixin.py:188} INFO - [2026-04-01T21:49:14.319+0530] {dagbag.py:540} INFO - Filling up the DagBag from /Users/aswin/Documents/data-engineering-practice/ETL_Airflow_DBT/airflow/dags/dbt_pipeline.py
[2026-04-01T21:49:14.322+0530] {processor.py:840} INFO - DAG(s) 'dbt_pipeline' retrieved from /Users/aswin/Documents/data-engineering-practice/ETL_Airflow_DBT/airflow/dags/dbt_pipeline.py
[2026-04-01T21:49:14.374+0530] {logging_mixin.py:188} INFO - [2026-04-01T21:49:14.374+0530] {dag.py:3096} INFO - Sync 1 DAGs
[2026-04-01T21:49:14.382+0530] {logging_mixin.py:188} INFO - [2026-04-01T21:49:14.382+0530] {dag.py:3954} INFO - Setting next_dagrun for dbt_pipeline to None, run_after=None
[2026-04-01T21:49:14.391+0530] {processor.py:183} INFO - Processing /Users/aswin/Documents/data-engineering-practice/ETL_Airflow_DBT/airflow/dags/dbt_pipeline.py took 0.074 seconds
[2026-04-01T21:49:55.924+0530] {processor.py:161} INFO - Started process (PID=8869) to work on /Users/aswin/Documents/data-engineering-practice/ETL_Airflow_DBT/airflow/dags/dbt_pipeline.py
[2026-04-01T21:49:55.925+0530] {processor.py:830} INFO - Processing file /Users/aswin/Documents/data-engineering-practice/ETL_Airflow_DBT/airflow/dags/dbt_pipeline.py for tasks to queue
[2026-04-01T21:49:55.926+0530] {logging_mixin.py:188} INFO - [2026-04-01T21:49:55.926+0530] {dagbag.py:540} INFO - Filling up the DagBag from /Users/aswin/Documents/data-engineering-practice/ETL_Airflow_DBT/airflow/dags/dbt_pipeline.py
[2026-04-01T21:49:55.930+0530] {processor.py:840} INFO - DAG(s) 'dbt_pipeline' retrieved from /Users/aswin/Documents/data-engineering-practice/ETL_Airflow_DBT/airflow/dags/dbt_pipeline.py
[2026-04-01T21:49:56.010+0530] {logging_mixin.py:188} INFO - [2026-04-01T21:49:56.010+0530] {dag.py:3096} INFO - Sync 1 DAGs
[2026-04-01T21:49:56.020+0530] {logging_mixin.py:188} INFO - [2026-04-01T21:49:56.019+0530] {dag.py:3954} INFO - Setting next_dagrun for dbt_pipeline to None, run_after=None
[2026-04-01T21:49:56.033+0530] {processor.py:183} INFO - Processing /Users/aswin/Documents/data-engineering-practice/ETL_Airflow_DBT/airflow/dags/dbt_pipeline.py took 0.110 seconds
[2026-04-01T21:50:39.120+0530] {processor.py:161} INFO - Started process (PID=8979) to work on /Users/aswin/Documents/data-engineering-practice/ETL_Airflow_DBT/airflow/dags/dbt_pipeline.py
[2026-04-01T21:50:39.121+0530] {processor.py:830} INFO - Processing file /Users/aswin/Documents/data-engineering-practice/ETL_Airflow_DBT/airflow/dags/dbt_pipeline.py for tasks to queue
[2026-04-01T21:50:39.121+0530] {logging_mixin.py:188} INFO - [2026-04-01T21:50:39.121+0530] {dagbag.py:540} INFO - Filling up the DagBag from /Users/aswin/Documents/data-engineering-practice/ETL_Airflow_DBT/airflow/dags/dbt_pipeline.py
[2026-04-01T21:50:39.125+0530] {processor.py:840} INFO - DAG(s) 'dbt_pipeline' retrieved from /Users/aswin/Documents/data-engineering-practice/ETL_Airflow_DBT/airflow/dags/dbt_pipeline.py
[2026-04-01T21:50:39.180+0530] {logging_mixin.py:188} INFO - [2026-04-01T21:50:39.180+0530] {dag.py:3096} INFO - Sync 1 DAGs
[2026-04-01T21:50:39.187+0530] {logging_mixin.py:188} INFO - [2026-04-01T21:50:39.187+0530] {dag.py:3954} INFO - Setting next_dagrun for dbt_pipeline to None, run_after=None
[2026-04-01T21:50:39.196+0530] {processor.py:183} INFO - Processing /Users/aswin/Documents/data-engineering-practice/ETL_Airflow_DBT/airflow/dags/dbt_pipeline.py took 0.078 seconds
[2026-04-01T21:51:16.009+0530] {processor.py:161} INFO - Started process (PID=9088) to work on /Users/aswin/Documents/data-engineering-practice/ETL_Airflow_DBT/airflow/dags/dbt_pipeline.py
[2026-04-01T21:51:16.010+0530] {processor.py:830} INFO - Processing file /Users/aswin/Documents/data-engineering-practice/ETL_Airflow_DBT/airflow/dags/dbt_pipeline.py for tasks to queue
[2026-04-01T21:51:16.010+0530] {logging_mixin.py:188} INFO - [2026-04-01T21:51:16.010+0530] {dagbag.py:540} INFO - Filling up the DagBag from /Users/aswin/Documents/data-engineering-practice/ETL_Airflow_DBT/airflow/dags/dbt_pipeline.py
[2026-04-01T21:51:16.014+0530] {processor.py:840} INFO - DAG(s) 'dbt_pipeline' retrieved from /Users/aswin/Documents/data-engineering-practice/ETL_Airflow_DBT/airflow/dags/dbt_pipeline.py
[2026-04-01T21:51:16.071+0530] {logging_mixin.py:188} INFO - [2026-04-01T21:51:16.071+0530] {dag.py:3096} INFO - Sync 1 DAGs
[2026-04-01T21:51:16.079+0530] {logging_mixin.py:188} INFO - [2026-04-01T21:51:16.079+0530] {dag.py:3954} INFO - Setting next_dagrun for dbt_pipeline to None, run_after=None
[2026-04-01T21:51:16.087+0530] {processor.py:183} INFO - Processing /Users/aswin/Documents/data-engineering-practice/ETL_Airflow_DBT/airflow/dags/dbt_pipeline.py took 0.079 seconds
[2026-04-01T21:52:01.269+0530] {processor.py:161} INFO - Started process (PID=9205) to work on /Users/aswin/Documents/data-engineering-practice/ETL_Airflow_DBT/airflow/dags/dbt_pipeline.py
[2026-04-01T21:52:01.270+0530] {processor.py:830} INFO - Processing file /Users/aswin/Documents/data-engineering-practice/ETL_Airflow_DBT/airflow/dags/dbt_pipeline.py for tasks to queue
[2026-04-01T21:52:01.270+0530] {logging_mixin.py:188} INFO - [2026-04-01T21:52:01.270+0530] {dagbag.py:540} INFO - Filling up the DagBag from /Users/aswin/Documents/data-engineering-practice/ETL_Airflow_DBT/airflow/dags/dbt_pipeline.py
[2026-04-01T21:52:01.274+0530] {processor.py:840} INFO - DAG(s) 'dbt_pipeline' retrieved from /Users/aswin/Documents/data-engineering-practice/ETL_Airflow_DBT/airflow/dags/dbt_pipeline.py
[2026-04-01T21:52:01.434+0530] {logging_mixin.py:188} INFO - [2026-04-01T21:52:01.434+0530] {dag.py:3096} INFO - Sync 1 DAGs
[2026-04-01T21:52:01.440+0530] {logging_mixin.py:188} INFO - [2026-04-01T21:52:01.440+0530] {dag.py:3954} INFO - Setting next_dagrun for dbt_pipeline to None, run_after=None
[2026-04-01T21:52:01.450+0530] {processor.py:183} INFO - Processing /Users/aswin/Documents/data-engineering-practice/ETL_Airflow_DBT/airflow/dags/dbt_pipeline.py took 0.182 seconds
[2026-04-01T21:52:32.481+0530] {processor.py:161} INFO - Started process (PID=9316) to work on /Users/aswin/Documents/data-engineering-practice/ETL_Airflow_DBT/airflow/dags/dbt_pipeline.py
[2026-04-01T21:52:32.482+0530] {processor.py:830} INFO - Processing file /Users/aswin/Documents/data-engineering-practice/ETL_Airflow_DBT/airflow/dags/dbt_pipeline.py for tasks to queue
[2026-04-01T21:52:32.482+0530] {logging_mixin.py:188} INFO - [2026-04-01T21:52:32.482+0530] {dagbag.py:540} INFO - Filling up the DagBag from /Users/aswin/Documents/data-engineering-practice/ETL_Airflow_DBT/airflow/dags/dbt_pipeline.py
[2026-04-01T21:52:32.485+0530] {processor.py:840} INFO - DAG(s) 'dbt_pipeline' retrieved from /Users/aswin/Documents/data-engineering-practice/ETL_Airflow_DBT/airflow/dags/dbt_pipeline.py
[2026-04-01T21:52:32.542+0530] {logging_mixin.py:188} INFO - [2026-04-01T21:52:32.542+0530] {dag.py:3096} INFO - Sync 1 DAGs
[2026-04-01T21:52:32.549+0530] {logging_mixin.py:188} INFO - [2026-04-01T21:52:32.549+0530] {dag.py:3954} INFO - Setting next_dagrun for dbt_pipeline to None, run_after=None
[2026-04-01T21:52:32.562+0530] {processor.py:183} INFO - Processing /Users/aswin/Documents/data-engineering-practice/ETL_Airflow_DBT/airflow/dags/dbt_pipeline.py took 0.082 seconds
[2026-04-01T21:53:10.239+0530] {processor.py:161} INFO - Started process (PID=9431) to work on /Users/aswin/Documents/data-engineering-practice/ETL_Airflow_DBT/airflow/dags/dbt_pipeline.py
[2026-04-01T21:53:10.240+0530] {processor.py:830} INFO - Processing file /Users/aswin/Documents/data-engineering-practice/ETL_Airflow_DBT/airflow/dags/dbt_pipeline.py for tasks to queue
[2026-04-01T21:53:10.240+0530] {logging_mixin.py:188} INFO - [2026-04-01T21:53:10.240+0530] {dagbag.py:540} INFO - Filling up the DagBag from /Users/aswin/Documents/data-engineering-practice/ETL_Airflow_DBT/airflow/dags/dbt_pipeline.py
[2026-04-01T21:53:10.243+0530] {processor.py:840} INFO - DAG(s) 'dbt_pipeline' retrieved from /Users/aswin/Documents/data-engineering-practice/ETL_Airflow_DBT/airflow/dags/dbt_pipeline.py
[2026-04-01T21:53:10.298+0530] {logging_mixin.py:188} INFO - [2026-04-01T21:53:10.298+0530] {dag.py:3096} INFO - Sync 1 DAGs
[2026-04-01T21:53:10.306+0530] {logging_mixin.py:188} INFO - [2026-04-01T21:53:10.306+0530] {dag.py:3954} INFO - Setting next_dagrun for dbt_pipeline to None, run_after=None
[2026-04-01T21:53:10.316+0530] {processor.py:183} INFO - Processing /Users/aswin/Documents/data-engineering-practice/ETL_Airflow_DBT/airflow/dags/dbt_pipeline.py took 0.078 seconds
[2026-04-01T21:53:49.550+0530] {processor.py:161} INFO - Started process (PID=9526) to work on /Users/aswin/Documents/data-engineering-practice/ETL_Airflow_DBT/airflow/dags/dbt_pipeline.py
[2026-04-01T21:53:49.551+0530] {processor.py:830} INFO - Processing file /Users/aswin/Documents/data-engineering-practice/ETL_Airflow_DBT/airflow/dags/dbt_pipeline.py for tasks to queue
[2026-04-01T21:53:49.551+0530] {logging_mixin.py:188} INFO - [2026-04-01T21:53:49.551+0530] {dagbag.py:540} INFO - Filling up the DagBag from /Users/aswin/Documents/data-engineering-practice/ETL_Airflow_DBT/airflow/dags/dbt_pipeline.py
[2026-04-01T21:53:49.556+0530] {processor.py:840} INFO - DAG(s) 'dbt_pipeline' retrieved from /Users/aswin/Documents/data-engineering-practice/ETL_Airflow_DBT/airflow/dags/dbt_pipeline.py
[2026-04-01T21:53:49.616+0530] {logging_mixin.py:188} INFO - [2026-04-01T21:53:49.616+0530] {dag.py:3096} INFO - Sync 1 DAGs
[2026-04-01T21:53:49.624+0530] {logging_mixin.py:188} INFO - [2026-04-01T21:53:49.624+0530] {dag.py:3954} INFO - Setting next_dagrun for dbt_pipeline to None, run_after=None
[2026-04-01T21:53:49.632+0530] {processor.py:183} INFO - Processing /Users/aswin/Documents/data-engineering-practice/ETL_Airflow_DBT/airflow/dags/dbt_pipeline.py took 0.083 seconds
[2026-04-01T21:54:36.117+0530] {processor.py:161} INFO - Started process (PID=9645) to work on /Users/aswin/Documents/data-engineering-practice/ETL_Airflow_DBT/airflow/dags/dbt_pipeline.py
[2026-04-01T21:54:36.118+0530] {processor.py:830} INFO - Processing file /Users/aswin/Documents/data-engineering-practice/ETL_Airflow_DBT/airflow/dags/dbt_pipeline.py for tasks to queue
[2026-04-01T21:54:36.119+0530] {logging_mixin.py:188} INFO - [2026-04-01T21:54:36.119+0530] {dagbag.py:540} INFO - Filling up the DagBag from /Users/aswin/Documents/data-engineering-practice/ETL_Airflow_DBT/airflow/dags/dbt_pipeline.py
[2026-04-01T21:54:36.122+0530] {processor.py:840} INFO - DAG(s) 'dbt_pipeline' retrieved from /Users/aswin/Documents/data-engineering-practice/ETL_Airflow_DBT/airflow/dags/dbt_pipeline.py
[2026-04-01T21:54:36.174+0530] {logging_mixin.py:188} INFO - [2026-04-01T21:54:36.174+0530] {dag.py:3096} INFO - Sync 1 DAGs
[2026-04-01T21:54:36.182+0530] {logging_mixin.py:188} INFO - [2026-04-01T21:54:36.181+0530] {dag.py:3954} INFO - Setting next_dagrun for dbt_pipeline to None, run_after=None
[2026-04-01T21:54:36.192+0530] {processor.py:183} INFO - Processing /Users/aswin/Documents/data-engineering-practice/ETL_Airflow_DBT/airflow/dags/dbt_pipeline.py took 0.076 seconds
[2026-04-01T21:55:16.721+0530] {processor.py:161} INFO - Started process (PID=9747) to work on /Users/aswin/Documents/data-engineering-practice/ETL_Airflow_DBT/airflow/dags/dbt_pipeline.py
[2026-04-01T21:55:16.722+0530] {processor.py:830} INFO - Processing file /Users/aswin/Documents/data-engineering-practice/ETL_Airflow_DBT/airflow/dags/dbt_pipeline.py for tasks to queue
[2026-04-01T21:55:16.722+0530] {logging_mixin.py:188} INFO - [2026-04-01T21:55:16.722+0530] {dagbag.py:540} INFO - Filling up the DagBag from /Users/aswin/Documents/data-engineering-practice/ETL_Airflow_DBT/airflow/dags/dbt_pipeline.py
[2026-04-01T21:55:16.725+0530] {processor.py:840} INFO - DAG(s) 'dbt_pipeline' retrieved from /Users/aswin/Documents/data-engineering-practice/ETL_Airflow_DBT/airflow/dags/dbt_pipeline.py
[2026-04-01T21:55:16.787+0530] {logging_mixin.py:188} INFO - [2026-04-01T21:55:16.787+0530] {dag.py:3096} INFO - Sync 1 DAGs
[2026-04-01T21:55:16.795+0530] {logging_mixin.py:188} INFO - [2026-04-01T21:55:16.795+0530] {dag.py:3954} INFO - Setting next_dagrun for dbt_pipeline to None, run_after=None
[2026-04-01T21:55:16.804+0530] {processor.py:183} INFO - Processing /Users/aswin/Documents/data-engineering-practice/ETL_Airflow_DBT/airflow/dags/dbt_pipeline.py took 0.084 seconds
[2026-04-01T21:55:54.966+0530] {processor.py:161} INFO - Started process (PID=9831) to work on /Users/aswin/Documents/data-engineering-practice/ETL_Airflow_DBT/airflow/dags/dbt_pipeline.py
[2026-04-01T21:55:54.967+0530] {processor.py:830} INFO - Processing file /Users/aswin/Documents/data-engineering-practice/ETL_Airflow_DBT/airflow/dags/dbt_pipeline.py for tasks to queue
[2026-04-01T21:55:54.968+0530] {logging_mixin.py:188} INFO - [2026-04-01T21:55:54.967+0530] {dagbag.py:540} INFO - Filling up the DagBag from /Users/aswin/Documents/data-engineering-practice/ETL_Airflow_DBT/airflow/dags/dbt_pipeline.py
[2026-04-01T21:55:54.972+0530] {processor.py:840} INFO - DAG(s) 'dbt_pipeline' retrieved from /Users/aswin/Documents/data-engineering-practice/ETL_Airflow_DBT/airflow/dags/dbt_pipeline.py
[2026-04-01T21:55:55.050+0530] {logging_mixin.py:188} INFO - [2026-04-01T21:55:55.050+0530] {dag.py:3096} INFO - Sync 1 DAGs
[2026-04-01T21:55:55.060+0530] {logging_mixin.py:188} INFO - [2026-04-01T21:55:55.060+0530] {dag.py:3954} INFO - Setting next_dagrun for dbt_pipeline to None, run_after=None
[2026-04-01T21:55:55.073+0530] {processor.py:183} INFO - Processing /Users/aswin/Documents/data-engineering-practice/ETL_Airflow_DBT/airflow/dags/dbt_pipeline.py took 0.109 seconds
[2026-04-01T21:56:36.125+0530] {processor.py:161} INFO - Started process (PID=9918) to work on /Users/aswin/Documents/data-engineering-practice/ETL_Airflow_DBT/airflow/dags/dbt_pipeline.py
[2026-04-01T21:56:36.126+0530] {processor.py:830} INFO - Processing file /Users/aswin/Documents/data-engineering-practice/ETL_Airflow_DBT/airflow/dags/dbt_pipeline.py for tasks to queue
[2026-04-01T21:56:36.126+0530] {logging_mixin.py:188} INFO - [2026-04-01T21:56:36.126+0530] {dagbag.py:540} INFO - Filling up the DagBag from /Users/aswin/Documents/data-engineering-practice/ETL_Airflow_DBT/airflow/dags/dbt_pipeline.py
[2026-04-01T21:56:36.131+0530] {processor.py:840} INFO - DAG(s) 'dbt_pipeline' retrieved from /Users/aswin/Documents/data-engineering-practice/ETL_Airflow_DBT/airflow/dags/dbt_pipeline.py
[2026-04-01T21:56:36.210+0530] {logging_mixin.py:188} INFO - [2026-04-01T21:56:36.209+0530] {dag.py:3096} INFO - Sync 1 DAGs
[2026-04-01T21:56:36.217+0530] {logging_mixin.py:188} INFO - [2026-04-01T21:56:36.217+0530] {dag.py:3954} INFO - Setting next_dagrun for dbt_pipeline to None, run_after=None
[2026-04-01T21:56:36.319+0530] {processor.py:183} INFO - Processing /Users/aswin/Documents/data-engineering-practice/ETL_Airflow_DBT/airflow/dags/dbt_pipeline.py took 0.196 seconds
[2026-04-01T21:57:15.545+0530] {processor.py:161} INFO - Started process (PID=10037) to work on /Users/aswin/Documents/data-engineering-practice/ETL_Airflow_DBT/airflow/dags/dbt_pipeline.py
[2026-04-01T21:57:15.546+0530] {processor.py:830} INFO - Processing file /Users/aswin/Documents/data-engineering-practice/ETL_Airflow_DBT/airflow/dags/dbt_pipeline.py for tasks to queue
[2026-04-01T21:57:15.546+0530] {logging_mixin.py:188} INFO - [2026-04-01T21:57:15.546+0530] {dagbag.py:540} INFO - Filling up the DagBag from /Users/aswin/Documents/data-engineering-practice/ETL_Airflow_DBT/airflow/dags/dbt_pipeline.py
[2026-04-01T21:57:15.550+0530] {processor.py:840} INFO - DAG(s) 'dbt_pipeline' retrieved from /Users/aswin/Documents/data-engineering-practice/ETL_Airflow_DBT/airflow/dags/dbt_pipeline.py
[2026-04-01T21:57:15.610+0530] {logging_mixin.py:188} INFO - [2026-04-01T21:57:15.609+0530] {dag.py:3096} INFO - Sync 1 DAGs
[2026-04-01T21:57:15.619+0530] {logging_mixin.py:188} INFO - [2026-04-01T21:57:15.618+0530] {dag.py:3954} INFO - Setting next_dagrun for dbt_pipeline to None, run_after=None
[2026-04-01T21:57:15.628+0530] {processor.py:183} INFO - Processing /Users/aswin/Documents/data-engineering-practice/ETL_Airflow_DBT/airflow/dags/dbt_pipeline.py took 0.084 seconds
[2026-04-01T21:57:53.966+0530] {processor.py:161} INFO - Started process (PID=10147) to work on /Users/aswin/Documents/data-engineering-practice/ETL_Airflow_DBT/airflow/dags/dbt_pipeline.py
[2026-04-01T21:57:53.966+0530] {processor.py:830} INFO - Processing file /Users/aswin/Documents/data-engineering-practice/ETL_Airflow_DBT/airflow/dags/dbt_pipeline.py for tasks to queue
[2026-04-01T21:57:53.967+0530] {logging_mixin.py:188} INFO - [2026-04-01T21:57:53.967+0530] {dagbag.py:540} INFO - Filling up the DagBag from /Users/aswin/Documents/data-engineering-practice/ETL_Airflow_DBT/airflow/dags/dbt_pipeline.py
[2026-04-01T21:57:53.969+0530] {processor.py:840} INFO - DAG(s) 'dbt_pipeline' retrieved from /Users/aswin/Documents/data-engineering-practice/ETL_Airflow_DBT/airflow/dags/dbt_pipeline.py
[2026-04-01T21:57:54.021+0530] {logging_mixin.py:188} INFO - [2026-04-01T21:57:54.021+0530] {dag.py:3096} INFO - Sync 1 DAGs
[2026-04-01T21:57:54.028+0530] {logging_mixin.py:188} INFO - [2026-04-01T21:57:54.028+0530] {dag.py:3954} INFO - Setting next_dagrun for dbt_pipeline to None, run_after=None
[2026-04-01T21:57:54.037+0530] {processor.py:183} INFO - Processing /Users/aswin/Documents/data-engineering-practice/ETL_Airflow_DBT/airflow/dags/dbt_pipeline.py took 0.073 seconds
[2026-04-01T21:58:25.168+0530] {processor.py:161} INFO - Started process (PID=10263) to work on /Users/aswin/Documents/data-engineering-practice/ETL_Airflow_DBT/airflow/dags/dbt_pipeline.py
[2026-04-01T21:58:25.169+0530] {processor.py:830} INFO - Processing file /Users/aswin/Documents/data-engineering-practice/ETL_Airflow_DBT/airflow/dags/dbt_pipeline.py for tasks to queue
[2026-04-01T21:58:25.169+0530] {logging_mixin.py:188} INFO - [2026-04-01T21:58:25.169+0530] {dagbag.py:540} INFO - Filling up the DagBag from /Users/aswin/Documents/data-engineering-practice/ETL_Airflow_DBT/airflow/dags/dbt_pipeline.py
[2026-04-01T21:58:25.172+0530] {processor.py:840} INFO - DAG(s) 'dbt_pipeline' retrieved from /Users/aswin/Documents/data-engineering-practice/ETL_Airflow_DBT/airflow/dags/dbt_pipeline.py
[2026-04-01T21:58:25.226+0530] {logging_mixin.py:188} INFO - [2026-04-01T21:58:25.226+0530] {dag.py:3096} INFO - Sync 1 DAGs
[2026-04-01T21:58:25.234+0530] {logging_mixin.py:188} INFO - [2026-04-01T21:58:25.234+0530] {dag.py:3954} INFO - Setting next_dagrun for dbt_pipeline to None, run_after=None
[2026-04-01T21:58:25.246+0530] {processor.py:183} INFO - Processing /Users/aswin/Documents/data-engineering-practice/ETL_Airflow_DBT/airflow/dags/dbt_pipeline.py took 0.079 seconds
[2026-04-01T21:59:00.944+0530] {processor.py:161} INFO - Started process (PID=10375) to work on /Users/aswin/Documents/data-engineering-practice/ETL_Airflow_DBT/airflow/dags/dbt_pipeline.py
[2026-04-01T21:59:00.945+0530] {processor.py:830} INFO - Processing file /Users/aswin/Documents/data-engineering-practice/ETL_Airflow_DBT/airflow/dags/dbt_pipeline.py for tasks to queue
[2026-04-01T21:59:00.945+0530] {logging_mixin.py:188} INFO - [2026-04-01T21:59:00.945+0530] {dagbag.py:540} INFO - Filling up the DagBag from /Users/aswin/Documents/data-engineering-practice/ETL_Airflow_DBT/airflow/dags/dbt_pipeline.py
[2026-04-01T21:59:00.948+0530] {processor.py:840} INFO - DAG(s) 'dbt_pipeline' retrieved from /Users/aswin/Documents/data-engineering-practice/ETL_Airflow_DBT/airflow/dags/dbt_pipeline.py
[2026-04-01T21:59:01.000+0530] {logging_mixin.py:188} INFO - [2026-04-01T21:59:01.000+0530] {dag.py:3096} INFO - Sync 1 DAGs
[2026-04-01T21:59:01.007+0530] {logging_mixin.py:188} INFO - [2026-04-01T21:59:01.007+0530] {dag.py:3954} INFO - Setting next_dagrun for dbt_pipeline to None, run_after=None
[2026-04-01T21:59:01.018+0530] {processor.py:183} INFO - Processing /Users/aswin/Documents/data-engineering-practice/ETL_Airflow_DBT/airflow/dags/dbt_pipeline.py took 0.076 seconds
[2026-04-01T21:59:35.285+0530] {processor.py:161} INFO - Started process (PID=10479) to work on /Users/aswin/Documents/data-engineering-practice/ETL_Airflow_DBT/airflow/dags/dbt_pipeline.py
[2026-04-01T21:59:35.287+0530] {processor.py:830} INFO - Processing file /Users/aswin/Documents/data-engineering-practice/ETL_Airflow_DBT/airflow/dags/dbt_pipeline.py for tasks to queue
[2026-04-01T21:59:35.287+0530] {logging_mixin.py:188} INFO - [2026-04-01T21:59:35.287+0530] {dagbag.py:540} INFO - Filling up the DagBag from /Users/aswin/Documents/data-engineering-practice/ETL_Airflow_DBT/airflow/dags/dbt_pipeline.py
[2026-04-01T21:59:35.294+0530] {processor.py:840} INFO - DAG(s) 'dbt_pipeline' retrieved from /Users/aswin/Documents/data-engineering-practice/ETL_Airflow_DBT/airflow/dags/dbt_pipeline.py
[2026-04-01T21:59:35.402+0530] {logging_mixin.py:188} INFO - [2026-04-01T21:59:35.401+0530] {dag.py:3096} INFO - Sync 1 DAGs
[2026-04-01T21:59:35.414+0530] {logging_mixin.py:188} INFO - [2026-04-01T21:59:35.413+0530] {dag.py:3954} INFO - Setting next_dagrun for dbt_pipeline to None, run_after=None
[2026-04-01T21:59:35.429+0530] {processor.py:183} INFO - Processing /Users/aswin/Documents/data-engineering-practice/ETL_Airflow_DBT/airflow/dags/dbt_pipeline.py took 0.146 seconds
[2026-04-01T22:00:12.111+0530] {processor.py:161} INFO - Started process (PID=10603) to work on /Users/aswin/Documents/data-engineering-practice/ETL_Airflow_DBT/airflow/dags/dbt_pipeline.py
[2026-04-01T22:00:12.113+0530] {processor.py:830} INFO - Processing file /Users/aswin/Documents/data-engineering-practice/ETL_Airflow_DBT/airflow/dags/dbt_pipeline.py for tasks to queue
[2026-04-01T22:00:12.114+0530] {logging_mixin.py:188} INFO - [2026-04-01T22:00:12.113+0530] {dagbag.py:540} INFO - Filling up the DagBag from /Users/aswin/Documents/data-engineering-practice/ETL_Airflow_DBT/airflow/dags/dbt_pipeline.py
[2026-04-01T22:00:12.128+0530] {processor.py:840} INFO - DAG(s) 'dbt_pipeline' retrieved from /Users/aswin/Documents/data-engineering-practice/ETL_Airflow_DBT/airflow/dags/dbt_pipeline.py
[2026-04-01T22:00:12.339+0530] {logging_mixin.py:188} INFO - [2026-04-01T22:00:12.339+0530] {dag.py:3096} INFO - Sync 1 DAGs
[2026-04-01T22:00:12.359+0530] {logging_mixin.py:188} INFO - [2026-04-01T22:00:12.359+0530] {dag.py:3954} INFO - Setting next_dagrun for dbt_pipeline to None, run_after=None
[2026-04-01T22:00:12.386+0530] {processor.py:183} INFO - Processing /Users/aswin/Documents/data-engineering-practice/ETL_Airflow_DBT/airflow/dags/dbt_pipeline.py took 0.281 seconds
[2026-04-01T22:00:55.119+0530] {processor.py:161} INFO - Started process (PID=10727) to work on /Users/aswin/Documents/data-engineering-practice/ETL_Airflow_DBT/airflow/dags/dbt_pipeline.py
[2026-04-01T22:00:55.120+0530] {processor.py:830} INFO - Processing file /Users/aswin/Documents/data-engineering-practice/ETL_Airflow_DBT/airflow/dags/dbt_pipeline.py for tasks to queue
[2026-04-01T22:00:55.121+0530] {logging_mixin.py:188} INFO - [2026-04-01T22:00:55.121+0530] {dagbag.py:540} INFO - Filling up the DagBag from /Users/aswin/Documents/data-engineering-practice/ETL_Airflow_DBT/airflow/dags/dbt_pipeline.py
[2026-04-01T22:00:55.123+0530] {processor.py:840} INFO - DAG(s) 'dbt_pipeline' retrieved from /Users/aswin/Documents/data-engineering-practice/ETL_Airflow_DBT/airflow/dags/dbt_pipeline.py
[2026-04-01T22:00:55.176+0530] {logging_mixin.py:188} INFO - [2026-04-01T22:00:55.176+0530] {dag.py:3096} INFO - Sync 1 DAGs
[2026-04-01T22:00:55.183+0530] {logging_mixin.py:188} INFO - [2026-04-01T22:00:55.183+0530] {dag.py:3954} INFO - Setting next_dagrun for dbt_pipeline to None, run_after=None
[2026-04-01T22:00:55.194+0530] {processor.py:183} INFO - Processing /Users/aswin/Documents/data-engineering-practice/ETL_Airflow_DBT/airflow/dags/dbt_pipeline.py took 0.076 seconds
[2026-04-01T22:01:26.139+0530] {processor.py:161} INFO - Started process (PID=10826) to work on /Users/aswin/Documents/data-engineering-practice/ETL_Airflow_DBT/airflow/dags/dbt_pipeline.py
[2026-04-01T22:01:26.140+0530] {processor.py:830} INFO - Processing file /Users/aswin/Documents/data-engineering-practice/ETL_Airflow_DBT/airflow/dags/dbt_pipeline.py for tasks to queue
[2026-04-01T22:01:26.140+0530] {logging_mixin.py:188} INFO - [2026-04-01T22:01:26.140+0530] {dagbag.py:540} INFO - Filling up the DagBag from /Users/aswin/Documents/data-engineering-practice/ETL_Airflow_DBT/airflow/dags/dbt_pipeline.py
[2026-04-01T22:01:26.145+0530] {processor.py:840} INFO - DAG(s) 'dbt_pipeline' retrieved from /Users/aswin/Documents/data-engineering-practice/ETL_Airflow_DBT/airflow/dags/dbt_pipeline.py
[2026-04-01T22:01:26.219+0530] {logging_mixin.py:188} INFO - [2026-04-01T22:01:26.219+0530] {dag.py:3096} INFO - Sync 1 DAGs
[2026-04-01T22:01:26.229+0530] {logging_mixin.py:188} INFO - [2026-04-01T22:01:26.229+0530] {dag.py:3954} INFO - Setting next_dagrun for dbt_pipeline to None, run_after=None
[2026-04-01T22:01:26.242+0530] {processor.py:183} INFO - Processing /Users/aswin/Documents/data-engineering-practice/ETL_Airflow_DBT/airflow/dags/dbt_pipeline.py took 0.105 seconds
[2026-04-01T22:02:02.579+0530] {processor.py:161} INFO - Started process (PID=10939) to work on /Users/aswin/Documents/data-engineering-practice/ETL_Airflow_DBT/airflow/dags/dbt_pipeline.py
[2026-04-01T22:02:02.580+0530] {processor.py:830} INFO - Processing file /Users/aswin/Documents/data-engineering-practice/ETL_Airflow_DBT/airflow/dags/dbt_pipeline.py for tasks to queue
[2026-04-01T22:02:02.580+0530] {logging_mixin.py:188} INFO - [2026-04-01T22:02:02.580+0530] {dagbag.py:540} INFO - Filling up the DagBag from /Users/aswin/Documents/data-engineering-practice/ETL_Airflow_DBT/airflow/dags/dbt_pipeline.py
[2026-04-01T22:02:02.583+0530] {processor.py:840} INFO - DAG(s) 'dbt_pipeline' retrieved from /Users/aswin/Documents/data-engineering-practice/ETL_Airflow_DBT/airflow/dags/dbt_pipeline.py
[2026-04-01T22:02:02.632+0530] {logging_mixin.py:188} INFO - [2026-04-01T22:02:02.632+0530] {dag.py:3096} INFO - Sync 1 DAGs
[2026-04-01T22:02:02.639+0530] {logging_mixin.py:188} INFO - [2026-04-01T22:02:02.639+0530] {dag.py:3954} INFO - Setting next_dagrun for dbt_pipeline to None, run_after=None
[2026-04-01T22:02:02.650+0530] {processor.py:183} INFO - Processing /Users/aswin/Documents/data-engineering-practice/ETL_Airflow_DBT/airflow/dags/dbt_pipeline.py took 0.072 seconds
[2026-04-01T22:02:37.511+0530] {processor.py:161} INFO - Started process (PID=11044) to work on /Users/aswin/Documents/data-engineering-practice/ETL_Airflow_DBT/airflow/dags/dbt_pipeline.py
[2026-04-01T22:02:37.512+0530] {processor.py:830} INFO - Processing file /Users/aswin/Documents/data-engineering-practice/ETL_Airflow_DBT/airflow/dags/dbt_pipeline.py for tasks to queue
[2026-04-01T22:02:37.513+0530] {logging_mixin.py:188} INFO - [2026-04-01T22:02:37.513+0530] {dagbag.py:540} INFO - Filling up the DagBag from /Users/aswin/Documents/data-engineering-practice/ETL_Airflow_DBT/airflow/dags/dbt_pipeline.py
[2026-04-01T22:02:37.521+0530] {processor.py:840} INFO - DAG(s) 'dbt_pipeline' retrieved from /Users/aswin/Documents/data-engineering-practice/ETL_Airflow_DBT/airflow/dags/dbt_pipeline.py
[2026-04-01T22:02:37.664+0530] {logging_mixin.py:188} INFO - [2026-04-01T22:02:37.664+0530] {dag.py:3096} INFO - Sync 1 DAGs
[2026-04-01T22:02:37.678+0530] {logging_mixin.py:188} INFO - [2026-04-01T22:02:37.678+0530] {dag.py:3954} INFO - Setting next_dagrun for dbt_pipeline to None, run_after=None
[2026-04-01T22:02:37.697+0530] {processor.py:183} INFO - Processing /Users/aswin/Documents/data-engineering-practice/ETL_Airflow_DBT/airflow/dags/dbt_pipeline.py took 0.190 seconds
[2026-04-01T22:03:16.682+0530] {processor.py:161} INFO - Started process (PID=11146) to work on /Users/aswin/Documents/data-engineering-practice/ETL_Airflow_DBT/airflow/dags/dbt_pipeline.py
[2026-04-01T22:03:16.683+0530] {processor.py:830} INFO - Processing file /Users/aswin/Documents/data-engineering-practice/ETL_Airflow_DBT/airflow/dags/dbt_pipeline.py for tasks to queue
[2026-04-01T22:03:16.683+0530] {logging_mixin.py:188} INFO - [2026-04-01T22:03:16.683+0530] {dagbag.py:540} INFO - Filling up the DagBag from /Users/aswin/Documents/data-engineering-practice/ETL_Airflow_DBT/airflow/dags/dbt_pipeline.py
[2026-04-01T22:03:16.686+0530] {processor.py:840} INFO - DAG(s) 'dbt_pipeline' retrieved from /Users/aswin/Documents/data-engineering-practice/ETL_Airflow_DBT/airflow/dags/dbt_pipeline.py
[2026-04-01T22:03:16.739+0530] {logging_mixin.py:188} INFO - [2026-04-01T22:03:16.739+0530] {dag.py:3096} INFO - Sync 1 DAGs
[2026-04-01T22:03:16.747+0530] {logging_mixin.py:188} INFO - [2026-04-01T22:03:16.747+0530] {dag.py:3954} INFO - Setting next_dagrun for dbt_pipeline to None, run_after=None
[2026-04-01T22:03:16.757+0530] {processor.py:183} INFO - Processing /Users/aswin/Documents/data-engineering-practice/ETL_Airflow_DBT/airflow/dags/dbt_pipeline.py took 0.076 seconds
[2026-04-01T22:03:54.199+0530] {processor.py:161} INFO - Started process (PID=11251) to work on /Users/aswin/Documents/data-engineering-practice/ETL_Airflow_DBT/airflow/dags/dbt_pipeline.py
[2026-04-01T22:03:54.200+0530] {processor.py:830} INFO - Processing file /Users/aswin/Documents/data-engineering-practice/ETL_Airflow_DBT/airflow/dags/dbt_pipeline.py for tasks to queue
[2026-04-01T22:03:54.200+0530] {logging_mixin.py:188} INFO - [2026-04-01T22:03:54.200+0530] {dagbag.py:540} INFO - Filling up the DagBag from /Users/aswin/Documents/data-engineering-practice/ETL_Airflow_DBT/airflow/dags/dbt_pipeline.py
[2026-04-01T22:03:54.204+0530] {processor.py:840} INFO - DAG(s) 'dbt_pipeline' retrieved from /Users/aswin/Documents/data-engineering-practice/ETL_Airflow_DBT/airflow/dags/dbt_pipeline.py
[2026-04-01T22:03:54.312+0530] {logging_mixin.py:188} INFO - [2026-04-01T22:03:54.312+0530] {dag.py:3096} INFO - Sync 1 DAGs
[2026-04-01T22:03:54.321+0530] {logging_mixin.py:188} INFO - [2026-04-01T22:03:54.321+0530] {dag.py:3954} INFO - Setting next_dagrun for dbt_pipeline to None, run_after=None
[2026-04-01T22:03:54.333+0530] {processor.py:183} INFO - Processing /Users/aswin/Documents/data-engineering-practice/ETL_Airflow_DBT/airflow/dags/dbt_pipeline.py took 0.135 seconds
[2026-04-01T22:04:27.257+0530] {processor.py:161} INFO - Started process (PID=11361) to work on /Users/aswin/Documents/data-engineering-practice/ETL_Airflow_DBT/airflow/dags/dbt_pipeline.py
[2026-04-01T22:04:27.259+0530] {processor.py:830} INFO - Processing file /Users/aswin/Documents/data-engineering-practice/ETL_Airflow_DBT/airflow/dags/dbt_pipeline.py for tasks to queue
[2026-04-01T22:04:27.259+0530] {logging_mixin.py:188} INFO - [2026-04-01T22:04:27.259+0530] {dagbag.py:540} INFO - Filling up the DagBag from /Users/aswin/Documents/data-engineering-practice/ETL_Airflow_DBT/airflow/dags/dbt_pipeline.py
[2026-04-01T22:04:27.262+0530] {processor.py:840} INFO - DAG(s) 'dbt_pipeline' retrieved from /Users/aswin/Documents/data-engineering-practice/ETL_Airflow_DBT/airflow/dags/dbt_pipeline.py
[2026-04-01T22:04:27.324+0530] {logging_mixin.py:188} INFO - [2026-04-01T22:04:27.324+0530] {dag.py:3096} INFO - Sync 1 DAGs
[2026-04-01T22:04:27.332+0530] {logging_mixin.py:188} INFO - [2026-04-01T22:04:27.332+0530] {dag.py:3954} INFO - Setting next_dagrun for dbt_pipeline to None, run_after=None
[2026-04-01T22:04:27.341+0530] {processor.py:183} INFO - Processing /Users/aswin/Documents/data-engineering-practice/ETL_Airflow_DBT/airflow/dags/dbt_pipeline.py took 0.085 seconds
[2026-04-01T22:05:00.215+0530] {processor.py:161} INFO - Started process (PID=11460) to work on /Users/aswin/Documents/data-engineering-practice/ETL_Airflow_DBT/airflow/dags/dbt_pipeline.py
[2026-04-01T22:05:00.217+0530] {processor.py:830} INFO - Processing file /Users/aswin/Documents/data-engineering-practice/ETL_Airflow_DBT/airflow/dags/dbt_pipeline.py for tasks to queue
[2026-04-01T22:05:00.218+0530] {logging_mixin.py:188} INFO - [2026-04-01T22:05:00.217+0530] {dagbag.py:540} INFO - Filling up the DagBag from /Users/aswin/Documents/data-engineering-practice/ETL_Airflow_DBT/airflow/dags/dbt_pipeline.py
[2026-04-01T22:05:00.224+0530] {processor.py:840} INFO - DAG(s) 'dbt_pipeline' retrieved from /Users/aswin/Documents/data-engineering-practice/ETL_Airflow_DBT/airflow/dags/dbt_pipeline.py
[2026-04-01T22:05:00.337+0530] {logging_mixin.py:188} INFO - [2026-04-01T22:05:00.337+0530] {dag.py:3096} INFO - Sync 1 DAGs
[2026-04-01T22:05:00.350+0530] {logging_mixin.py:188} INFO - [2026-04-01T22:05:00.350+0530] {dag.py:3954} INFO - Setting next_dagrun for dbt_pipeline to None, run_after=None
[2026-04-01T22:05:00.372+0530] {processor.py:183} INFO - Processing /Users/aswin/Documents/data-engineering-practice/ETL_Airflow_DBT/airflow/dags/dbt_pipeline.py took 0.159 seconds
[2026-04-01T22:05:38.687+0530] {processor.py:161} INFO - Started process (PID=11561) to work on /Users/aswin/Documents/data-engineering-practice/ETL_Airflow_DBT/airflow/dags/dbt_pipeline.py
[2026-04-01T22:05:38.688+0530] {processor.py:830} INFO - Processing file /Users/aswin/Documents/data-engineering-practice/ETL_Airflow_DBT/airflow/dags/dbt_pipeline.py for tasks to queue
[2026-04-01T22:05:38.688+0530] {logging_mixin.py:188} INFO - [2026-04-01T22:05:38.688+0530] {dagbag.py:540} INFO - Filling up the DagBag from /Users/aswin/Documents/data-engineering-practice/ETL_Airflow_DBT/airflow/dags/dbt_pipeline.py
[2026-04-01T22:05:38.691+0530] {processor.py:840} INFO - DAG(s) 'dbt_pipeline' retrieved from /Users/aswin/Documents/data-engineering-practice/ETL_Airflow_DBT/airflow/dags/dbt_pipeline.py
[2026-04-01T22:05:38.744+0530] {logging_mixin.py:188} INFO - [2026-04-01T22:05:38.743+0530] {dag.py:3096} INFO - Sync 1 DAGs
[2026-04-01T22:05:38.751+0530] {logging_mixin.py:188} INFO - [2026-04-01T22:05:38.751+0530] {dag.py:3954} INFO - Setting next_dagrun for dbt_pipeline to None, run_after=None
[2026-04-01T22:05:38.762+0530] {processor.py:183} INFO - Processing /Users/aswin/Documents/data-engineering-practice/ETL_Airflow_DBT/airflow/dags/dbt_pipeline.py took 0.076 seconds
[2026-04-01T22:06:16.467+0530] {processor.py:161} INFO - Started process (PID=11665) to work on /Users/aswin/Documents/data-engineering-practice/ETL_Airflow_DBT/airflow/dags/dbt_pipeline.py
[2026-04-01T22:06:16.468+0530] {processor.py:830} INFO - Processing file /Users/aswin/Documents/data-engineering-practice/ETL_Airflow_DBT/airflow/dags/dbt_pipeline.py for tasks to queue
[2026-04-01T22:06:16.468+0530] {logging_mixin.py:188} INFO - [2026-04-01T22:06:16.468+0530] {dagbag.py:540} INFO - Filling up the DagBag from /Users/aswin/Documents/data-engineering-practice/ETL_Airflow_DBT/airflow/dags/dbt_pipeline.py
[2026-04-01T22:06:16.472+0530] {processor.py:840} INFO - DAG(s) 'dbt_pipeline' retrieved from /Users/aswin/Documents/data-engineering-practice/ETL_Airflow_DBT/airflow/dags/dbt_pipeline.py
[2026-04-01T22:06:16.561+0530] {logging_mixin.py:188} INFO - [2026-04-01T22:06:16.561+0530] {dag.py:3096} INFO - Sync 1 DAGs
[2026-04-01T22:06:16.569+0530] {logging_mixin.py:188} INFO - [2026-04-01T22:06:16.569+0530] {dag.py:3954} INFO - Setting next_dagrun for dbt_pipeline to None, run_after=None
[2026-04-01T22:06:16.580+0530] {processor.py:183} INFO - Processing /Users/aswin/Documents/data-engineering-practice/ETL_Airflow_DBT/airflow/dags/dbt_pipeline.py took 0.114 seconds
[2026-04-01T22:06:54.429+0530] {processor.py:161} INFO - Started process (PID=11769) to work on /Users/aswin/Documents/data-engineering-practice/ETL_Airflow_DBT/airflow/dags/dbt_pipeline.py
[2026-04-01T22:06:54.430+0530] {processor.py:830} INFO - Processing file /Users/aswin/Documents/data-engineering-practice/ETL_Airflow_DBT/airflow/dags/dbt_pipeline.py for tasks to queue
[2026-04-01T22:06:54.430+0530] {logging_mixin.py:188} INFO - [2026-04-01T22:06:54.430+0530] {dagbag.py:540} INFO - Filling up the DagBag from /Users/aswin/Documents/data-engineering-practice/ETL_Airflow_DBT/airflow/dags/dbt_pipeline.py
[2026-04-01T22:06:54.433+0530] {processor.py:840} INFO - DAG(s) 'dbt_pipeline' retrieved from /Users/aswin/Documents/data-engineering-practice/ETL_Airflow_DBT/airflow/dags/dbt_pipeline.py
[2026-04-01T22:06:54.493+0530] {logging_mixin.py:188} INFO - [2026-04-01T22:06:54.493+0530] {dag.py:3096} INFO - Sync 1 DAGs
[2026-04-01T22:06:54.500+0530] {logging_mixin.py:188} INFO - [2026-04-01T22:06:54.500+0530] {dag.py:3954} INFO - Setting next_dagrun for dbt_pipeline to None, run_after=None
[2026-04-01T22:06:54.508+0530] {processor.py:183} INFO - Processing /Users/aswin/Documents/data-engineering-practice/ETL_Airflow_DBT/airflow/dags/dbt_pipeline.py took 0.080 seconds
[2026-04-01T22:07:29.209+0530] {processor.py:161} INFO - Started process (PID=11875) to work on /Users/aswin/Documents/data-engineering-practice/ETL_Airflow_DBT/airflow/dags/dbt_pipeline.py
[2026-04-01T22:07:29.210+0530] {processor.py:830} INFO - Processing file /Users/aswin/Documents/data-engineering-practice/ETL_Airflow_DBT/airflow/dags/dbt_pipeline.py for tasks to queue
[2026-04-01T22:07:29.211+0530] {logging_mixin.py:188} INFO - [2026-04-01T22:07:29.211+0530] {dagbag.py:540} INFO - Filling up the DagBag from /Users/aswin/Documents/data-engineering-practice/ETL_Airflow_DBT/airflow/dags/dbt_pipeline.py
[2026-04-01T22:07:29.215+0530] {processor.py:840} INFO - DAG(s) 'dbt_pipeline' retrieved from /Users/aswin/Documents/data-engineering-practice/ETL_Airflow_DBT/airflow/dags/dbt_pipeline.py
[2026-04-01T22:07:29.290+0530] {logging_mixin.py:188} INFO - [2026-04-01T22:07:29.290+0530] {dag.py:3096} INFO - Sync 1 DAGs
[2026-04-01T22:07:29.299+0530] {logging_mixin.py:188} INFO - [2026-04-01T22:07:29.299+0530] {dag.py:3954} INFO - Setting next_dagrun for dbt_pipeline to None, run_after=None
[2026-04-01T22:07:29.311+0530] {processor.py:183} INFO - Processing /Users/aswin/Documents/data-engineering-practice/ETL_Airflow_DBT/airflow/dags/dbt_pipeline.py took 0.103 seconds
[2026-04-01T22:08:01.467+0530] {processor.py:161} INFO - Started process (PID=11986) to work on /Users/aswin/Documents/data-engineering-practice/ETL_Airflow_DBT/airflow/dags/dbt_pipeline.py
[2026-04-01T22:08:01.468+0530] {processor.py:830} INFO - Processing file /Users/aswin/Documents/data-engineering-practice/ETL_Airflow_DBT/airflow/dags/dbt_pipeline.py for tasks to queue
[2026-04-01T22:08:01.468+0530] {logging_mixin.py:188} INFO - [2026-04-01T22:08:01.468+0530] {dagbag.py:540} INFO - Filling up the DagBag from /Users/aswin/Documents/data-engineering-practice/ETL_Airflow_DBT/airflow/dags/dbt_pipeline.py
[2026-04-01T22:08:01.471+0530] {processor.py:840} INFO - DAG(s) 'dbt_pipeline' retrieved from /Users/aswin/Documents/data-engineering-practice/ETL_Airflow_DBT/airflow/dags/dbt_pipeline.py
[2026-04-01T22:08:01.530+0530] {logging_mixin.py:188} INFO - [2026-04-01T22:08:01.530+0530] {dag.py:3096} INFO - Sync 1 DAGs
[2026-04-01T22:08:01.539+0530] {logging_mixin.py:188} INFO - [2026-04-01T22:08:01.539+0530] {dag.py:3954} INFO - Setting next_dagrun for dbt_pipeline to None, run_after=None
[2026-04-01T22:08:01.547+0530] {processor.py:183} INFO - Processing /Users/aswin/Documents/data-engineering-practice/ETL_Airflow_DBT/airflow/dags/dbt_pipeline.py took 0.082 seconds
[2026-04-01T22:23:57.529+0530] {processor.py:161} INFO - Started process (PID=12096) to work on /Users/aswin/Documents/data-engineering-practice/ETL_Airflow_DBT/airflow/dags/dbt_pipeline.py
[2026-04-01T22:23:57.530+0530] {processor.py:830} INFO - Processing file /Users/aswin/Documents/data-engineering-practice/ETL_Airflow_DBT/airflow/dags/dbt_pipeline.py for tasks to queue
[2026-04-01T22:23:57.530+0530] {logging_mixin.py:188} INFO - [2026-04-01T22:23:57.530+0530] {dagbag.py:540} INFO - Filling up the DagBag from /Users/aswin/Documents/data-engineering-practice/ETL_Airflow_DBT/airflow/dags/dbt_pipeline.py
[2026-04-01T22:23:57.533+0530] {processor.py:840} INFO - DAG(s) 'dbt_pipeline' retrieved from /Users/aswin/Documents/data-engineering-practice/ETL_Airflow_DBT/airflow/dags/dbt_pipeline.py
[2026-04-01T22:23:57.590+0530] {logging_mixin.py:188} INFO - [2026-04-01T22:23:57.590+0530] {dag.py:3096} INFO - Sync 1 DAGs
[2026-04-01T22:23:57.598+0530] {logging_mixin.py:188} INFO - [2026-04-01T22:23:57.598+0530] {dag.py:3954} INFO - Setting next_dagrun for dbt_pipeline to None, run_after=None
[2026-04-01T22:23:57.609+0530] {processor.py:183} INFO - Processing /Users/aswin/Documents/data-engineering-practice/ETL_Airflow_DBT/airflow/dags/dbt_pipeline.py took 0.080 seconds
[2026-04-01T22:25:06.021+0530] {processor.py:161} INFO - Started process (PID=12198) to work on /Users/aswin/Documents/data-engineering-practice/ETL_Airflow_DBT/airflow/dags/dbt_pipeline.py
[2026-04-01T22:25:06.022+0530] {processor.py:830} INFO - Processing file /Users/aswin/Documents/data-engineering-practice/ETL_Airflow_DBT/airflow/dags/dbt_pipeline.py for tasks to queue
[2026-04-01T22:25:06.022+0530] {logging_mixin.py:188} INFO - [2026-04-01T22:25:06.022+0530] {dagbag.py:540} INFO - Filling up the DagBag from /Users/aswin/Documents/data-engineering-practice/ETL_Airflow_DBT/airflow/dags/dbt_pipeline.py
[2026-04-01T22:25:06.025+0530] {processor.py:840} INFO - DAG(s) 'dbt_pipeline' retrieved from /Users/aswin/Documents/data-engineering-practice/ETL_Airflow_DBT/airflow/dags/dbt_pipeline.py
[2026-04-01T22:25:06.081+0530] {logging_mixin.py:188} INFO - [2026-04-01T22:25:06.080+0530] {dag.py:3096} INFO - Sync 1 DAGs
[2026-04-01T22:25:06.088+0530] {logging_mixin.py:188} INFO - [2026-04-01T22:25:06.088+0530] {dag.py:3954} INFO - Setting next_dagrun for dbt_pipeline to None, run_after=None
[2026-04-01T22:25:06.097+0530] {processor.py:183} INFO - Processing /Users/aswin/Documents/data-engineering-practice/ETL_Airflow_DBT/airflow/dags/dbt_pipeline.py took 0.077 seconds
[2026-04-01T22:26:10.126+0530] {processor.py:161} INFO - Started process (PID=12278) to work on /Users/aswin/Documents/data-engineering-practice/ETL_Airflow_DBT/airflow/dags/dbt_pipeline.py
[2026-04-01T22:26:10.127+0530] {processor.py:830} INFO - Processing file /Users/aswin/Documents/data-engineering-practice/ETL_Airflow_DBT/airflow/dags/dbt_pipeline.py for tasks to queue
[2026-04-01T22:26:10.127+0530] {logging_mixin.py:188} INFO - [2026-04-01T22:26:10.127+0530] {dagbag.py:540} INFO - Filling up the DagBag from /Users/aswin/Documents/data-engineering-practice/ETL_Airflow_DBT/airflow/dags/dbt_pipeline.py
[2026-04-01T22:26:10.130+0530] {processor.py:840} INFO - DAG(s) 'dbt_pipeline' retrieved from /Users/aswin/Documents/data-engineering-practice/ETL_Airflow_DBT/airflow/dags/dbt_pipeline.py
[2026-04-01T22:26:10.204+0530] {logging_mixin.py:188} INFO - [2026-04-01T22:26:10.204+0530] {dag.py:3096} INFO - Sync 1 DAGs
[2026-04-01T22:26:10.209+0530] {logging_mixin.py:188} INFO - [2026-04-01T22:26:10.209+0530] {dag.py:3954} INFO - Setting next_dagrun for dbt_pipeline to None, run_after=None
[2026-04-01T22:26:10.219+0530] {processor.py:183} INFO - Processing /Users/aswin/Documents/data-engineering-practice/ETL_Airflow_DBT/airflow/dags/dbt_pipeline.py took 0.094 seconds
[2026-04-01T22:35:38.010+0530] {processor.py:161} INFO - Started process (PID=12397) to work on /Users/aswin/Documents/data-engineering-practice/ETL_Airflow_DBT/airflow/dags/dbt_pipeline.py
[2026-04-01T22:35:38.011+0530] {processor.py:830} INFO - Processing file /Users/aswin/Documents/data-engineering-practice/ETL_Airflow_DBT/airflow/dags/dbt_pipeline.py for tasks to queue
[2026-04-01T22:35:38.011+0530] {logging_mixin.py:188} INFO - [2026-04-01T22:35:38.011+0530] {dagbag.py:540} INFO - Filling up the DagBag from /Users/aswin/Documents/data-engineering-practice/ETL_Airflow_DBT/airflow/dags/dbt_pipeline.py
[2026-04-01T22:35:38.014+0530] {processor.py:840} INFO - DAG(s) 'dbt_pipeline' retrieved from /Users/aswin/Documents/data-engineering-practice/ETL_Airflow_DBT/airflow/dags/dbt_pipeline.py
[2026-04-01T22:35:38.068+0530] {logging_mixin.py:188} INFO - [2026-04-01T22:35:38.068+0530] {dag.py:3096} INFO - Sync 1 DAGs
[2026-04-01T22:35:38.078+0530] {logging_mixin.py:188} INFO - [2026-04-01T22:35:38.077+0530] {dag.py:3954} INFO - Setting next_dagrun for dbt_pipeline to None, run_after=None
[2026-04-01T22:35:38.088+0530] {processor.py:183} INFO - Processing /Users/aswin/Documents/data-engineering-practice/ETL_Airflow_DBT/airflow/dags/dbt_pipeline.py took 0.079 seconds
[2026-04-01T22:36:09.700+0530] {processor.py:161} INFO - Started process (PID=12597) to work on /Users/aswin/Documents/data-engineering-practice/ETL_Airflow_DBT/airflow/dags/dbt_pipeline.py
[2026-04-01T22:36:09.700+0530] {processor.py:830} INFO - Processing file /Users/aswin/Documents/data-engineering-practice/ETL_Airflow_DBT/airflow/dags/dbt_pipeline.py for tasks to queue
[2026-04-01T22:36:09.701+0530] {logging_mixin.py:188} INFO - [2026-04-01T22:36:09.701+0530] {dagbag.py:540} INFO - Filling up the DagBag from /Users/aswin/Documents/data-engineering-practice/ETL_Airflow_DBT/airflow/dags/dbt_pipeline.py
[2026-04-01T22:36:09.704+0530] {processor.py:840} INFO - DAG(s) 'dbt_pipeline' retrieved from /Users/aswin/Documents/data-engineering-practice/ETL_Airflow_DBT/airflow/dags/dbt_pipeline.py
[2026-04-01T22:36:09.762+0530] {logging_mixin.py:188} INFO - [2026-04-01T22:36:09.762+0530] {dag.py:3096} INFO - Sync 1 DAGs
[2026-04-01T22:36:09.770+0530] {logging_mixin.py:188} INFO - [2026-04-01T22:36:09.770+0530] {dag.py:3954} INFO - Setting next_dagrun for dbt_pipeline to None, run_after=None
[2026-04-01T22:36:09.783+0530] {processor.py:183} INFO - Processing /Users/aswin/Documents/data-engineering-practice/ETL_Airflow_DBT/airflow/dags/dbt_pipeline.py took 0.084 seconds
[2026-04-01T22:36:41.189+0530] {processor.py:161} INFO - Started process (PID=12742) to work on /Users/aswin/Documents/data-engineering-practice/ETL_Airflow_DBT/airflow/dags/dbt_pipeline.py
[2026-04-01T22:36:41.189+0530] {processor.py:830} INFO - Processing file /Users/aswin/Documents/data-engineering-practice/ETL_Airflow_DBT/airflow/dags/dbt_pipeline.py for tasks to queue
[2026-04-01T22:36:41.190+0530] {logging_mixin.py:188} INFO - [2026-04-01T22:36:41.190+0530] {dagbag.py:540} INFO - Filling up the DagBag from /Users/aswin/Documents/data-engineering-practice/ETL_Airflow_DBT/airflow/dags/dbt_pipeline.py
[2026-04-01T22:36:41.193+0530] {processor.py:840} INFO - DAG(s) 'dbt_pipeline' retrieved from /Users/aswin/Documents/data-engineering-practice/ETL_Airflow_DBT/airflow/dags/dbt_pipeline.py
[2026-04-01T22:36:41.250+0530] {logging_mixin.py:188} INFO - [2026-04-01T22:36:41.250+0530] {dag.py:3096} INFO - Sync 1 DAGs
[2026-04-01T22:36:41.256+0530] {logging_mixin.py:188} INFO - [2026-04-01T22:36:41.256+0530] {dag.py:3954} INFO - Setting next_dagrun for dbt_pipeline to None, run_after=None
[2026-04-01T22:36:41.265+0530] {processor.py:183} INFO - Processing /Users/aswin/Documents/data-engineering-practice/ETL_Airflow_DBT/airflow/dags/dbt_pipeline.py took 0.077 seconds
[2026-04-01T22:37:12.424+0530] {processor.py:161} INFO - Started process (PID=12866) to work on /Users/aswin/Documents/data-engineering-practice/ETL_Airflow_DBT/airflow/dags/dbt_pipeline.py
[2026-04-01T22:37:12.425+0530] {processor.py:830} INFO - Processing file /Users/aswin/Documents/data-engineering-practice/ETL_Airflow_DBT/airflow/dags/dbt_pipeline.py for tasks to queue
[2026-04-01T22:37:12.425+0530] {logging_mixin.py:188} INFO - [2026-04-01T22:37:12.425+0530] {dagbag.py:540} INFO - Filling up the DagBag from /Users/aswin/Documents/data-engineering-practice/ETL_Airflow_DBT/airflow/dags/dbt_pipeline.py
[2026-04-01T22:37:12.428+0530] {processor.py:840} INFO - DAG(s) 'dbt_pipeline' retrieved from /Users/aswin/Documents/data-engineering-practice/ETL_Airflow_DBT/airflow/dags/dbt_pipeline.py
[2026-04-01T22:37:12.486+0530] {logging_mixin.py:188} INFO - [2026-04-01T22:37:12.486+0530] {dag.py:3096} INFO - Sync 1 DAGs
[2026-04-01T22:37:12.492+0530] {logging_mixin.py:188} INFO - [2026-04-01T22:37:12.492+0530] {dag.py:3954} INFO - Setting next_dagrun for dbt_pipeline to None, run_after=None
[2026-04-01T22:37:12.502+0530] {processor.py:183} INFO - Processing /Users/aswin/Documents/data-engineering-practice/ETL_Airflow_DBT/airflow/dags/dbt_pipeline.py took 0.080 seconds
[2026-04-01T22:37:43.386+0530] {processor.py:161} INFO - Started process (PID=12998) to work on /Users/aswin/Documents/data-engineering-practice/ETL_Airflow_DBT/airflow/dags/dbt_pipeline.py
[2026-04-01T22:37:43.387+0530] {processor.py:830} INFO - Processing file /Users/aswin/Documents/data-engineering-practice/ETL_Airflow_DBT/airflow/dags/dbt_pipeline.py for tasks to queue
[2026-04-01T22:37:43.387+0530] {logging_mixin.py:188} INFO - [2026-04-01T22:37:43.387+0530] {dagbag.py:540} INFO - Filling up the DagBag from /Users/aswin/Documents/data-engineering-practice/ETL_Airflow_DBT/airflow/dags/dbt_pipeline.py
[2026-04-01T22:37:43.390+0530] {processor.py:840} INFO - DAG(s) 'dbt_pipeline' retrieved from /Users/aswin/Documents/data-engineering-practice/ETL_Airflow_DBT/airflow/dags/dbt_pipeline.py
[2026-04-01T22:37:43.443+0530] {logging_mixin.py:188} INFO - [2026-04-01T22:37:43.443+0530] {dag.py:3096} INFO - Sync 1 DAGs
[2026-04-01T22:37:43.450+0530] {logging_mixin.py:188} INFO - [2026-04-01T22:37:43.450+0530] {dag.py:3954} INFO - Setting next_dagrun for dbt_pipeline to None, run_after=None
[2026-04-01T22:37:43.460+0530] {processor.py:183} INFO - Processing /Users/aswin/Documents/data-engineering-practice/ETL_Airflow_DBT/airflow/dags/dbt_pipeline.py took 0.075 seconds
[2026-04-02T04:58:09.617+0530] {processor.py:161} INFO - Started process (PID=14191) to work on /Users/aswin/Documents/data-engineering-practice/ETL_Airflow_DBT/airflow/dags/dbt_pipeline.py
[2026-04-02T04:58:09.618+0530] {processor.py:830} INFO - Processing file /Users/aswin/Documents/data-engineering-practice/ETL_Airflow_DBT/airflow/dags/dbt_pipeline.py for tasks to queue
[2026-04-02T04:58:09.618+0530] {logging_mixin.py:188} INFO - [2026-04-02T04:58:09.618+0530] {dagbag.py:540} INFO - Filling up the DagBag from /Users/aswin/Documents/data-engineering-practice/ETL_Airflow_DBT/airflow/dags/dbt_pipeline.py
[2026-04-02T04:58:09.623+0530] {processor.py:840} INFO - DAG(s) 'dbt_pipeline' retrieved from /Users/aswin/Documents/data-engineering-practice/ETL_Airflow_DBT/airflow/dags/dbt_pipeline.py
[2026-04-02T04:58:09.679+0530] {logging_mixin.py:188} INFO - [2026-04-02T04:58:09.678+0530] {dag.py:3096} INFO - Sync 1 DAGs
[2026-04-02T04:58:09.685+0530] {logging_mixin.py:188} INFO - [2026-04-02T04:58:09.685+0530] {dag.py:3954} INFO - Setting next_dagrun for dbt_pipeline to None, run_after=None
[2026-04-02T04:58:09.693+0530] {processor.py:183} INFO - Processing /Users/aswin/Documents/data-engineering-practice/ETL_Airflow_DBT/airflow/dags/dbt_pipeline.py took 0.078 seconds
[2026-04-02T04:58:40.570+0530] {processor.py:161} INFO - Started process (PID=14339) to work on /Users/aswin/Documents/data-engineering-practice/ETL_Airflow_DBT/airflow/dags/dbt_pipeline.py
[2026-04-02T04:58:40.570+0530] {processor.py:830} INFO - Processing file /Users/aswin/Documents/data-engineering-practice/ETL_Airflow_DBT/airflow/dags/dbt_pipeline.py for tasks to queue
[2026-04-02T04:58:40.571+0530] {logging_mixin.py:188} INFO - [2026-04-02T04:58:40.570+0530] {dagbag.py:540} INFO - Filling up the DagBag from /Users/aswin/Documents/data-engineering-practice/ETL_Airflow_DBT/airflow/dags/dbt_pipeline.py
[2026-04-02T04:58:40.574+0530] {processor.py:840} INFO - DAG(s) 'dbt_pipeline' retrieved from /Users/aswin/Documents/data-engineering-practice/ETL_Airflow_DBT/airflow/dags/dbt_pipeline.py
[2026-04-02T04:58:40.631+0530] {logging_mixin.py:188} INFO - [2026-04-02T04:58:40.631+0530] {dag.py:3096} INFO - Sync 1 DAGs
[2026-04-02T04:58:40.639+0530] {logging_mixin.py:188} INFO - [2026-04-02T04:58:40.638+0530] {dag.py:3954} INFO - Setting next_dagrun for dbt_pipeline to None, run_after=None
[2026-04-02T04:58:40.647+0530] {processor.py:183} INFO - Processing /Users/aswin/Documents/data-engineering-practice/ETL_Airflow_DBT/airflow/dags/dbt_pipeline.py took 0.079 seconds
[2026-04-02T04:59:11.634+0530] {processor.py:161} INFO - Started process (PID=14466) to work on /Users/aswin/Documents/data-engineering-practice/ETL_Airflow_DBT/airflow/dags/dbt_pipeline.py
[2026-04-02T04:59:11.634+0530] {processor.py:830} INFO - Processing file /Users/aswin/Documents/data-engineering-practice/ETL_Airflow_DBT/airflow/dags/dbt_pipeline.py for tasks to queue
[2026-04-02T04:59:11.635+0530] {logging_mixin.py:188} INFO - [2026-04-02T04:59:11.635+0530] {dagbag.py:540} INFO - Filling up the DagBag from /Users/aswin/Documents/data-engineering-practice/ETL_Airflow_DBT/airflow/dags/dbt_pipeline.py
[2026-04-02T04:59:11.638+0530] {processor.py:840} INFO - DAG(s) 'dbt_pipeline' retrieved from /Users/aswin/Documents/data-engineering-practice/ETL_Airflow_DBT/airflow/dags/dbt_pipeline.py
[2026-04-02T04:59:11.693+0530] {logging_mixin.py:188} INFO - [2026-04-02T04:59:11.693+0530] {dag.py:3096} INFO - Sync 1 DAGs
[2026-04-02T04:59:11.701+0530] {logging_mixin.py:188} INFO - [2026-04-02T04:59:11.700+0530] {dag.py:3954} INFO - Setting next_dagrun for dbt_pipeline to None, run_after=None
[2026-04-02T04:59:11.710+0530] {processor.py:183} INFO - Processing /Users/aswin/Documents/data-engineering-practice/ETL_Airflow_DBT/airflow/dags/dbt_pipeline.py took 0.077 seconds
[2026-04-02T04:59:42.464+0530] {processor.py:161} INFO - Started process (PID=14594) to work on /Users/aswin/Documents/data-engineering-practice/ETL_Airflow_DBT/airflow/dags/dbt_pipeline.py
[2026-04-02T04:59:42.465+0530] {processor.py:830} INFO - Processing file /Users/aswin/Documents/data-engineering-practice/ETL_Airflow_DBT/airflow/dags/dbt_pipeline.py for tasks to queue
[2026-04-02T04:59:42.465+0530] {logging_mixin.py:188} INFO - [2026-04-02T04:59:42.465+0530] {dagbag.py:540} INFO - Filling up the DagBag from /Users/aswin/Documents/data-engineering-practice/ETL_Airflow_DBT/airflow/dags/dbt_pipeline.py
[2026-04-02T04:59:42.469+0530] {processor.py:840} INFO - DAG(s) 'dbt_pipeline' retrieved from /Users/aswin/Documents/data-engineering-practice/ETL_Airflow_DBT/airflow/dags/dbt_pipeline.py
[2026-04-02T04:59:42.530+0530] {logging_mixin.py:188} INFO - [2026-04-02T04:59:42.529+0530] {dag.py:3096} INFO - Sync 1 DAGs
[2026-04-02T04:59:42.536+0530] {logging_mixin.py:188} INFO - [2026-04-02T04:59:42.535+0530] {dag.py:3954} INFO - Setting next_dagrun for dbt_pipeline to None, run_after=None
[2026-04-02T04:59:42.544+0530] {processor.py:183} INFO - Processing /Users/aswin/Documents/data-engineering-practice/ETL_Airflow_DBT/airflow/dags/dbt_pipeline.py took 0.081 seconds
[2026-04-02T05:00:14.127+0530] {processor.py:161} INFO - Started process (PID=14722) to work on /Users/aswin/Documents/data-engineering-practice/ETL_Airflow_DBT/airflow/dags/dbt_pipeline.py
[2026-04-02T05:00:14.128+0530] {processor.py:830} INFO - Processing file /Users/aswin/Documents/data-engineering-practice/ETL_Airflow_DBT/airflow/dags/dbt_pipeline.py for tasks to queue
[2026-04-02T05:00:14.129+0530] {logging_mixin.py:188} INFO - [2026-04-02T05:00:14.129+0530] {dagbag.py:540} INFO - Filling up the DagBag from /Users/aswin/Documents/data-engineering-practice/ETL_Airflow_DBT/airflow/dags/dbt_pipeline.py
[2026-04-02T05:00:14.134+0530] {processor.py:840} INFO - DAG(s) 'dbt_pipeline' retrieved from /Users/aswin/Documents/data-engineering-practice/ETL_Airflow_DBT/airflow/dags/dbt_pipeline.py
[2026-04-02T05:00:14.196+0530] {logging_mixin.py:188} INFO - [2026-04-02T05:00:14.196+0530] {dag.py:3096} INFO - Sync 1 DAGs
[2026-04-02T05:00:14.204+0530] {logging_mixin.py:188} INFO - [2026-04-02T05:00:14.203+0530] {dag.py:3954} INFO - Setting next_dagrun for dbt_pipeline to None, run_after=None
[2026-04-02T05:00:14.213+0530] {processor.py:183} INFO - Processing /Users/aswin/Documents/data-engineering-practice/ETL_Airflow_DBT/airflow/dags/dbt_pipeline.py took 0.087 seconds
[2026-04-02T05:00:45.149+0530] {processor.py:161} INFO - Started process (PID=14866) to work on /Users/aswin/Documents/data-engineering-practice/ETL_Airflow_DBT/airflow/dags/dbt_pipeline.py
[2026-04-02T05:00:45.150+0530] {processor.py:830} INFO - Processing file /Users/aswin/Documents/data-engineering-practice/ETL_Airflow_DBT/airflow/dags/dbt_pipeline.py for tasks to queue
[2026-04-02T05:00:45.151+0530] {logging_mixin.py:188} INFO - [2026-04-02T05:00:45.150+0530] {dagbag.py:540} INFO - Filling up the DagBag from /Users/aswin/Documents/data-engineering-practice/ETL_Airflow_DBT/airflow/dags/dbt_pipeline.py
[2026-04-02T05:00:45.157+0530] {processor.py:840} INFO - DAG(s) 'dbt_pipeline' retrieved from /Users/aswin/Documents/data-engineering-practice/ETL_Airflow_DBT/airflow/dags/dbt_pipeline.py
[2026-04-02T05:00:45.212+0530] {logging_mixin.py:188} INFO - [2026-04-02T05:00:45.212+0530] {dag.py:3096} INFO - Sync 1 DAGs
[2026-04-02T05:00:45.218+0530] {logging_mixin.py:188} INFO - [2026-04-02T05:00:45.218+0530] {dag.py:3954} INFO - Setting next_dagrun for dbt_pipeline to None, run_after=None
[2026-04-02T05:00:45.227+0530] {processor.py:183} INFO - Processing /Users/aswin/Documents/data-engineering-practice/ETL_Airflow_DBT/airflow/dags/dbt_pipeline.py took 0.079 seconds
[2026-04-02T05:01:16.233+0530] {processor.py:161} INFO - Started process (PID=14993) to work on /Users/aswin/Documents/data-engineering-practice/ETL_Airflow_DBT/airflow/dags/dbt_pipeline.py
[2026-04-02T05:01:16.234+0530] {processor.py:830} INFO - Processing file /Users/aswin/Documents/data-engineering-practice/ETL_Airflow_DBT/airflow/dags/dbt_pipeline.py for tasks to queue
[2026-04-02T05:01:16.234+0530] {logging_mixin.py:188} INFO - [2026-04-02T05:01:16.234+0530] {dagbag.py:540} INFO - Filling up the DagBag from /Users/aswin/Documents/data-engineering-practice/ETL_Airflow_DBT/airflow/dags/dbt_pipeline.py
[2026-04-02T05:01:16.240+0530] {processor.py:840} INFO - DAG(s) 'dbt_pipeline' retrieved from /Users/aswin/Documents/data-engineering-practice/ETL_Airflow_DBT/airflow/dags/dbt_pipeline.py
[2026-04-02T05:01:16.296+0530] {logging_mixin.py:188} INFO - [2026-04-02T05:01:16.296+0530] {dag.py:3096} INFO - Sync 1 DAGs
[2026-04-02T05:01:16.303+0530] {logging_mixin.py:188} INFO - [2026-04-02T05:01:16.303+0530] {dag.py:3954} INFO - Setting next_dagrun for dbt_pipeline to None, run_after=None
[2026-04-02T05:01:16.311+0530] {processor.py:183} INFO - Processing /Users/aswin/Documents/data-engineering-practice/ETL_Airflow_DBT/airflow/dags/dbt_pipeline.py took 0.080 seconds
[2026-04-02T05:01:47.260+0530] {processor.py:161} INFO - Started process (PID=15118) to work on /Users/aswin/Documents/data-engineering-practice/ETL_Airflow_DBT/airflow/dags/dbt_pipeline.py
[2026-04-02T05:01:47.261+0530] {processor.py:830} INFO - Processing file /Users/aswin/Documents/data-engineering-practice/ETL_Airflow_DBT/airflow/dags/dbt_pipeline.py for tasks to queue
[2026-04-02T05:01:47.262+0530] {logging_mixin.py:188} INFO - [2026-04-02T05:01:47.262+0530] {dagbag.py:540} INFO - Filling up the DagBag from /Users/aswin/Documents/data-engineering-practice/ETL_Airflow_DBT/airflow/dags/dbt_pipeline.py
[2026-04-02T05:01:47.265+0530] {processor.py:840} INFO - DAG(s) 'dbt_pipeline' retrieved from /Users/aswin/Documents/data-engineering-practice/ETL_Airflow_DBT/airflow/dags/dbt_pipeline.py
[2026-04-02T05:01:47.318+0530] {logging_mixin.py:188} INFO - [2026-04-02T05:01:47.318+0530] {dag.py:3096} INFO - Sync 1 DAGs
[2026-04-02T05:01:47.324+0530] {logging_mixin.py:188} INFO - [2026-04-02T05:01:47.324+0530] {dag.py:3954} INFO - Setting next_dagrun for dbt_pipeline to None, run_after=None
[2026-04-02T05:01:47.332+0530] {processor.py:183} INFO - Processing /Users/aswin/Documents/data-engineering-practice/ETL_Airflow_DBT/airflow/dags/dbt_pipeline.py took 0.073 seconds
[2026-04-02T05:02:18.345+0530] {processor.py:161} INFO - Started process (PID=15243) to work on /Users/aswin/Documents/data-engineering-practice/ETL_Airflow_DBT/airflow/dags/dbt_pipeline.py
[2026-04-02T05:02:18.346+0530] {processor.py:830} INFO - Processing file /Users/aswin/Documents/data-engineering-practice/ETL_Airflow_DBT/airflow/dags/dbt_pipeline.py for tasks to queue
[2026-04-02T05:02:18.346+0530] {logging_mixin.py:188} INFO - [2026-04-02T05:02:18.346+0530] {dagbag.py:540} INFO - Filling up the DagBag from /Users/aswin/Documents/data-engineering-practice/ETL_Airflow_DBT/airflow/dags/dbt_pipeline.py
[2026-04-02T05:02:18.351+0530] {processor.py:840} INFO - DAG(s) 'dbt_pipeline' retrieved from /Users/aswin/Documents/data-engineering-practice/ETL_Airflow_DBT/airflow/dags/dbt_pipeline.py
[2026-04-02T05:02:18.406+0530] {logging_mixin.py:188} INFO - [2026-04-02T05:02:18.405+0530] {dag.py:3096} INFO - Sync 1 DAGs
[2026-04-02T05:02:18.411+0530] {logging_mixin.py:188} INFO - [2026-04-02T05:02:18.411+0530] {dag.py:3954} INFO - Setting next_dagrun for dbt_pipeline to None, run_after=None
[2026-04-02T05:02:18.422+0530] {processor.py:183} INFO - Processing /Users/aswin/Documents/data-engineering-practice/ETL_Airflow_DBT/airflow/dags/dbt_pipeline.py took 0.078 seconds
[2026-04-02T05:02:49.628+0530] {processor.py:161} INFO - Started process (PID=15368) to work on /Users/aswin/Documents/data-engineering-practice/ETL_Airflow_DBT/airflow/dags/dbt_pipeline.py
[2026-04-02T05:02:49.629+0530] {processor.py:830} INFO - Processing file /Users/aswin/Documents/data-engineering-practice/ETL_Airflow_DBT/airflow/dags/dbt_pipeline.py for tasks to queue
[2026-04-02T05:02:49.629+0530] {logging_mixin.py:188} INFO - [2026-04-02T05:02:49.629+0530] {dagbag.py:540} INFO - Filling up the DagBag from /Users/aswin/Documents/data-engineering-practice/ETL_Airflow_DBT/airflow/dags/dbt_pipeline.py
[2026-04-02T05:02:49.634+0530] {processor.py:840} INFO - DAG(s) 'dbt_pipeline' retrieved from /Users/aswin/Documents/data-engineering-practice/ETL_Airflow_DBT/airflow/dags/dbt_pipeline.py
[2026-04-02T05:02:49.689+0530] {logging_mixin.py:188} INFO - [2026-04-02T05:02:49.689+0530] {dag.py:3096} INFO - Sync 1 DAGs
[2026-04-02T05:02:49.695+0530] {logging_mixin.py:188} INFO - [2026-04-02T05:02:49.695+0530] {dag.py:3954} INFO - Setting next_dagrun for dbt_pipeline to None, run_after=None
[2026-04-02T05:02:49.703+0530] {processor.py:183} INFO - Processing /Users/aswin/Documents/data-engineering-practice/ETL_Airflow_DBT/airflow/dags/dbt_pipeline.py took 0.076 seconds
[2026-04-02T05:03:20.402+0530] {processor.py:161} INFO - Started process (PID=15482) to work on /Users/aswin/Documents/data-engineering-practice/ETL_Airflow_DBT/airflow/dags/dbt_pipeline.py
[2026-04-02T05:03:20.403+0530] {processor.py:830} INFO - Processing file /Users/aswin/Documents/data-engineering-practice/ETL_Airflow_DBT/airflow/dags/dbt_pipeline.py for tasks to queue
[2026-04-02T05:03:20.403+0530] {logging_mixin.py:188} INFO - [2026-04-02T05:03:20.403+0530] {dagbag.py:540} INFO - Filling up the DagBag from /Users/aswin/Documents/data-engineering-practice/ETL_Airflow_DBT/airflow/dags/dbt_pipeline.py
[2026-04-02T05:03:20.407+0530] {processor.py:840} INFO - DAG(s) 'dbt_pipeline' retrieved from /Users/aswin/Documents/data-engineering-practice/ETL_Airflow_DBT/airflow/dags/dbt_pipeline.py
[2026-04-02T05:03:20.460+0530] {logging_mixin.py:188} INFO - [2026-04-02T05:03:20.460+0530] {dag.py:3096} INFO - Sync 1 DAGs
[2026-04-02T05:03:20.466+0530] {logging_mixin.py:188} INFO - [2026-04-02T05:03:20.466+0530] {dag.py:3954} INFO - Setting next_dagrun for dbt_pipeline to None, run_after=None
[2026-04-02T05:03:20.474+0530] {processor.py:183} INFO - Processing /Users/aswin/Documents/data-engineering-practice/ETL_Airflow_DBT/airflow/dags/dbt_pipeline.py took 0.073 seconds
[2026-04-02T05:03:51.101+0530] {processor.py:161} INFO - Started process (PID=15610) to work on /Users/aswin/Documents/data-engineering-practice/ETL_Airflow_DBT/airflow/dags/dbt_pipeline.py
[2026-04-02T05:03:51.103+0530] {processor.py:830} INFO - Processing file /Users/aswin/Documents/data-engineering-practice/ETL_Airflow_DBT/airflow/dags/dbt_pipeline.py for tasks to queue
[2026-04-02T05:03:51.103+0530] {logging_mixin.py:188} INFO - [2026-04-02T05:03:51.103+0530] {dagbag.py:540} INFO - Filling up the DagBag from /Users/aswin/Documents/data-engineering-practice/ETL_Airflow_DBT/airflow/dags/dbt_pipeline.py
[2026-04-02T05:03:51.105+0530] {processor.py:840} INFO - DAG(s) 'dbt_pipeline' retrieved from /Users/aswin/Documents/data-engineering-practice/ETL_Airflow_DBT/airflow/dags/dbt_pipeline.py
[2026-04-02T05:03:51.156+0530] {logging_mixin.py:188} INFO - [2026-04-02T05:03:51.156+0530] {dag.py:3096} INFO - Sync 1 DAGs
[2026-04-02T05:03:51.162+0530] {logging_mixin.py:188} INFO - [2026-04-02T05:03:51.162+0530] {dag.py:3954} INFO - Setting next_dagrun for dbt_pipeline to None, run_after=None
[2026-04-02T05:03:51.170+0530] {processor.py:183} INFO - Processing /Users/aswin/Documents/data-engineering-practice/ETL_Airflow_DBT/airflow/dags/dbt_pipeline.py took 0.070 seconds
[2026-04-02T05:04:22.058+0530] {processor.py:161} INFO - Started process (PID=15724) to work on /Users/aswin/Documents/data-engineering-practice/ETL_Airflow_DBT/airflow/dags/dbt_pipeline.py
[2026-04-02T05:04:22.059+0530] {processor.py:830} INFO - Processing file /Users/aswin/Documents/data-engineering-practice/ETL_Airflow_DBT/airflow/dags/dbt_pipeline.py for tasks to queue
[2026-04-02T05:04:22.059+0530] {logging_mixin.py:188} INFO - [2026-04-02T05:04:22.059+0530] {dagbag.py:540} INFO - Filling up the DagBag from /Users/aswin/Documents/data-engineering-practice/ETL_Airflow_DBT/airflow/dags/dbt_pipeline.py
[2026-04-02T05:04:22.062+0530] {processor.py:840} INFO - DAG(s) 'dbt_pipeline' retrieved from /Users/aswin/Documents/data-engineering-practice/ETL_Airflow_DBT/airflow/dags/dbt_pipeline.py
[2026-04-02T05:04:22.114+0530] {logging_mixin.py:188} INFO - [2026-04-02T05:04:22.113+0530] {dag.py:3096} INFO - Sync 1 DAGs
[2026-04-02T05:04:22.121+0530] {logging_mixin.py:188} INFO - [2026-04-02T05:04:22.121+0530] {dag.py:3954} INFO - Setting next_dagrun for dbt_pipeline to None, run_after=None
[2026-04-02T05:04:22.130+0530] {processor.py:183} INFO - Processing /Users/aswin/Documents/data-engineering-practice/ETL_Airflow_DBT/airflow/dags/dbt_pipeline.py took 0.073 seconds
[2026-04-02T05:04:52.886+0530] {processor.py:161} INFO - Started process (PID=15839) to work on /Users/aswin/Documents/data-engineering-practice/ETL_Airflow_DBT/airflow/dags/dbt_pipeline.py
[2026-04-02T05:04:52.887+0530] {processor.py:830} INFO - Processing file /Users/aswin/Documents/data-engineering-practice/ETL_Airflow_DBT/airflow/dags/dbt_pipeline.py for tasks to queue
[2026-04-02T05:04:52.887+0530] {logging_mixin.py:188} INFO - [2026-04-02T05:04:52.887+0530] {dagbag.py:540} INFO - Filling up the DagBag from /Users/aswin/Documents/data-engineering-practice/ETL_Airflow_DBT/airflow/dags/dbt_pipeline.py
[2026-04-02T05:04:52.893+0530] {processor.py:840} INFO - DAG(s) 'dbt_pipeline' retrieved from /Users/aswin/Documents/data-engineering-practice/ETL_Airflow_DBT/airflow/dags/dbt_pipeline.py
[2026-04-02T05:04:52.948+0530] {logging_mixin.py:188} INFO - [2026-04-02T05:04:52.947+0530] {dag.py:3096} INFO - Sync 1 DAGs
[2026-04-02T05:04:52.955+0530] {logging_mixin.py:188} INFO - [2026-04-02T05:04:52.955+0530] {dag.py:3954} INFO - Setting next_dagrun for dbt_pipeline to None, run_after=None
[2026-04-02T05:04:52.964+0530] {processor.py:183} INFO - Processing /Users/aswin/Documents/data-engineering-practice/ETL_Airflow_DBT/airflow/dags/dbt_pipeline.py took 0.079 seconds
[2026-04-02T05:05:24.021+0530] {processor.py:161} INFO - Started process (PID=15951) to work on /Users/aswin/Documents/data-engineering-practice/ETL_Airflow_DBT/airflow/dags/dbt_pipeline.py
[2026-04-02T05:05:24.021+0530] {processor.py:830} INFO - Processing file /Users/aswin/Documents/data-engineering-practice/ETL_Airflow_DBT/airflow/dags/dbt_pipeline.py for tasks to queue
[2026-04-02T05:05:24.022+0530] {logging_mixin.py:188} INFO - [2026-04-02T05:05:24.022+0530] {dagbag.py:540} INFO - Filling up the DagBag from /Users/aswin/Documents/data-engineering-practice/ETL_Airflow_DBT/airflow/dags/dbt_pipeline.py
[2026-04-02T05:05:24.025+0530] {processor.py:840} INFO - DAG(s) 'dbt_pipeline' retrieved from /Users/aswin/Documents/data-engineering-practice/ETL_Airflow_DBT/airflow/dags/dbt_pipeline.py
[2026-04-02T05:05:24.081+0530] {logging_mixin.py:188} INFO - [2026-04-02T05:05:24.081+0530] {dag.py:3096} INFO - Sync 1 DAGs
[2026-04-02T05:05:24.087+0530] {logging_mixin.py:188} INFO - [2026-04-02T05:05:24.087+0530] {dag.py:3954} INFO - Setting next_dagrun for dbt_pipeline to None, run_after=None
[2026-04-02T05:05:24.096+0530] {processor.py:183} INFO - Processing /Users/aswin/Documents/data-engineering-practice/ETL_Airflow_DBT/airflow/dags/dbt_pipeline.py took 0.076 seconds
[2026-04-02T05:05:55.120+0530] {processor.py:161} INFO - Started process (PID=16070) to work on /Users/aswin/Documents/data-engineering-practice/ETL_Airflow_DBT/airflow/dags/dbt_pipeline.py
[2026-04-02T05:05:55.121+0530] {processor.py:830} INFO - Processing file /Users/aswin/Documents/data-engineering-practice/ETL_Airflow_DBT/airflow/dags/dbt_pipeline.py for tasks to queue
[2026-04-02T05:05:55.121+0530] {logging_mixin.py:188} INFO - [2026-04-02T05:05:55.121+0530] {dagbag.py:540} INFO - Filling up the DagBag from /Users/aswin/Documents/data-engineering-practice/ETL_Airflow_DBT/airflow/dags/dbt_pipeline.py
[2026-04-02T05:05:55.125+0530] {processor.py:840} INFO - DAG(s) 'dbt_pipeline' retrieved from /Users/aswin/Documents/data-engineering-practice/ETL_Airflow_DBT/airflow/dags/dbt_pipeline.py
[2026-04-02T05:05:55.178+0530] {logging_mixin.py:188} INFO - [2026-04-02T05:05:55.178+0530] {dag.py:3096} INFO - Sync 1 DAGs
[2026-04-02T05:05:55.184+0530] {logging_mixin.py:188} INFO - [2026-04-02T05:05:55.184+0530] {dag.py:3954} INFO - Setting next_dagrun for dbt_pipeline to None, run_after=None
[2026-04-02T05:05:55.191+0530] {processor.py:183} INFO - Processing /Users/aswin/Documents/data-engineering-practice/ETL_Airflow_DBT/airflow/dags/dbt_pipeline.py took 0.073 seconds
[2026-04-02T05:06:26.360+0530] {processor.py:161} INFO - Started process (PID=16193) to work on /Users/aswin/Documents/data-engineering-practice/ETL_Airflow_DBT/airflow/dags/dbt_pipeline.py
[2026-04-02T05:06:26.360+0530] {processor.py:830} INFO - Processing file /Users/aswin/Documents/data-engineering-practice/ETL_Airflow_DBT/airflow/dags/dbt_pipeline.py for tasks to queue
[2026-04-02T05:06:26.361+0530] {logging_mixin.py:188} INFO - [2026-04-02T05:06:26.361+0530] {dagbag.py:540} INFO - Filling up the DagBag from /Users/aswin/Documents/data-engineering-practice/ETL_Airflow_DBT/airflow/dags/dbt_pipeline.py
[2026-04-02T05:06:26.364+0530] {processor.py:840} INFO - DAG(s) 'dbt_pipeline' retrieved from /Users/aswin/Documents/data-engineering-practice/ETL_Airflow_DBT/airflow/dags/dbt_pipeline.py
[2026-04-02T05:06:26.419+0530] {logging_mixin.py:188} INFO - [2026-04-02T05:06:26.419+0530] {dag.py:3096} INFO - Sync 1 DAGs
[2026-04-02T05:06:26.427+0530] {logging_mixin.py:188} INFO - [2026-04-02T05:06:26.426+0530] {dag.py:3954} INFO - Setting next_dagrun for dbt_pipeline to None, run_after=None
[2026-04-02T05:06:26.435+0530] {processor.py:183} INFO - Processing /Users/aswin/Documents/data-engineering-practice/ETL_Airflow_DBT/airflow/dags/dbt_pipeline.py took 0.077 seconds
[2026-04-02T05:06:57.524+0530] {processor.py:161} INFO - Started process (PID=16305) to work on /Users/aswin/Documents/data-engineering-practice/ETL_Airflow_DBT/airflow/dags/dbt_pipeline.py
[2026-04-02T05:06:57.525+0530] {processor.py:830} INFO - Processing file /Users/aswin/Documents/data-engineering-practice/ETL_Airflow_DBT/airflow/dags/dbt_pipeline.py for tasks to queue
[2026-04-02T05:06:57.525+0530] {logging_mixin.py:188} INFO - [2026-04-02T05:06:57.525+0530] {dagbag.py:540} INFO - Filling up the DagBag from /Users/aswin/Documents/data-engineering-practice/ETL_Airflow_DBT/airflow/dags/dbt_pipeline.py
[2026-04-02T05:06:57.529+0530] {processor.py:840} INFO - DAG(s) 'dbt_pipeline' retrieved from /Users/aswin/Documents/data-engineering-practice/ETL_Airflow_DBT/airflow/dags/dbt_pipeline.py
[2026-04-02T05:06:57.582+0530] {logging_mixin.py:188} INFO - [2026-04-02T05:06:57.582+0530] {dag.py:3096} INFO - Sync 1 DAGs
[2026-04-02T05:06:57.590+0530] {logging_mixin.py:188} INFO - [2026-04-02T05:06:57.590+0530] {dag.py:3954} INFO - Setting next_dagrun for dbt_pipeline to None, run_after=None
[2026-04-02T05:06:57.599+0530] {processor.py:183} INFO - Processing /Users/aswin/Documents/data-engineering-practice/ETL_Airflow_DBT/airflow/dags/dbt_pipeline.py took 0.076 seconds
[2026-04-02T05:07:28.988+0530] {processor.py:161} INFO - Started process (PID=16417) to work on /Users/aswin/Documents/data-engineering-practice/ETL_Airflow_DBT/airflow/dags/dbt_pipeline.py
[2026-04-02T05:07:28.989+0530] {processor.py:830} INFO - Processing file /Users/aswin/Documents/data-engineering-practice/ETL_Airflow_DBT/airflow/dags/dbt_pipeline.py for tasks to queue
[2026-04-02T05:07:28.989+0530] {logging_mixin.py:188} INFO - [2026-04-02T05:07:28.989+0530] {dagbag.py:540} INFO - Filling up the DagBag from /Users/aswin/Documents/data-engineering-practice/ETL_Airflow_DBT/airflow/dags/dbt_pipeline.py
[2026-04-02T05:07:28.992+0530] {processor.py:840} INFO - DAG(s) 'dbt_pipeline' retrieved from /Users/aswin/Documents/data-engineering-practice/ETL_Airflow_DBT/airflow/dags/dbt_pipeline.py
[2026-04-02T05:07:29.046+0530] {logging_mixin.py:188} INFO - [2026-04-02T05:07:29.046+0530] {dag.py:3096} INFO - Sync 1 DAGs
[2026-04-02T05:07:29.053+0530] {logging_mixin.py:188} INFO - [2026-04-02T05:07:29.053+0530] {dag.py:3954} INFO - Setting next_dagrun for dbt_pipeline to None, run_after=None
[2026-04-02T05:07:29.061+0530] {processor.py:183} INFO - Processing /Users/aswin/Documents/data-engineering-practice/ETL_Airflow_DBT/airflow/dags/dbt_pipeline.py took 0.074 seconds
[2026-04-02T05:08:00.025+0530] {processor.py:161} INFO - Started process (PID=16532) to work on /Users/aswin/Documents/data-engineering-practice/ETL_Airflow_DBT/airflow/dags/dbt_pipeline.py
[2026-04-02T05:08:00.026+0530] {processor.py:830} INFO - Processing file /Users/aswin/Documents/data-engineering-practice/ETL_Airflow_DBT/airflow/dags/dbt_pipeline.py for tasks to queue
[2026-04-02T05:08:00.026+0530] {logging_mixin.py:188} INFO - [2026-04-02T05:08:00.026+0530] {dagbag.py:540} INFO - Filling up the DagBag from /Users/aswin/Documents/data-engineering-practice/ETL_Airflow_DBT/airflow/dags/dbt_pipeline.py
[2026-04-02T05:08:00.030+0530] {processor.py:840} INFO - DAG(s) 'dbt_pipeline' retrieved from /Users/aswin/Documents/data-engineering-practice/ETL_Airflow_DBT/airflow/dags/dbt_pipeline.py
[2026-04-02T05:08:00.086+0530] {logging_mixin.py:188} INFO - [2026-04-02T05:08:00.086+0530] {dag.py:3096} INFO - Sync 1 DAGs
[2026-04-02T05:08:00.092+0530] {logging_mixin.py:188} INFO - [2026-04-02T05:08:00.092+0530] {dag.py:3954} INFO - Setting next_dagrun for dbt_pipeline to None, run_after=None
[2026-04-02T05:08:00.100+0530] {processor.py:183} INFO - Processing /Users/aswin/Documents/data-engineering-practice/ETL_Airflow_DBT/airflow/dags/dbt_pipeline.py took 0.076 seconds
[2026-04-02T05:08:30.942+0530] {processor.py:161} INFO - Started process (PID=16645) to work on /Users/aswin/Documents/data-engineering-practice/ETL_Airflow_DBT/airflow/dags/dbt_pipeline.py
[2026-04-02T05:08:30.943+0530] {processor.py:830} INFO - Processing file /Users/aswin/Documents/data-engineering-practice/ETL_Airflow_DBT/airflow/dags/dbt_pipeline.py for tasks to queue
[2026-04-02T05:08:30.943+0530] {logging_mixin.py:188} INFO - [2026-04-02T05:08:30.943+0530] {dagbag.py:540} INFO - Filling up the DagBag from /Users/aswin/Documents/data-engineering-practice/ETL_Airflow_DBT/airflow/dags/dbt_pipeline.py
[2026-04-02T05:08:30.947+0530] {processor.py:840} INFO - DAG(s) 'dbt_pipeline' retrieved from /Users/aswin/Documents/data-engineering-practice/ETL_Airflow_DBT/airflow/dags/dbt_pipeline.py
[2026-04-02T05:08:31.000+0530] {logging_mixin.py:188} INFO - [2026-04-02T05:08:31.000+0530] {dag.py:3096} INFO - Sync 1 DAGs
[2026-04-02T05:08:31.008+0530] {logging_mixin.py:188} INFO - [2026-04-02T05:08:31.008+0530] {dag.py:3954} INFO - Setting next_dagrun for dbt_pipeline to None, run_after=None
[2026-04-02T05:08:31.019+0530] {processor.py:183} INFO - Processing /Users/aswin/Documents/data-engineering-practice/ETL_Airflow_DBT/airflow/dags/dbt_pipeline.py took 0.077 seconds
[2026-04-02T05:09:02.073+0530] {processor.py:161} INFO - Started process (PID=16759) to work on /Users/aswin/Documents/data-engineering-practice/ETL_Airflow_DBT/airflow/dags/dbt_pipeline.py
[2026-04-02T05:09:02.074+0530] {processor.py:830} INFO - Processing file /Users/aswin/Documents/data-engineering-practice/ETL_Airflow_DBT/airflow/dags/dbt_pipeline.py for tasks to queue
[2026-04-02T05:09:02.075+0530] {logging_mixin.py:188} INFO - [2026-04-02T05:09:02.075+0530] {dagbag.py:540} INFO - Filling up the DagBag from /Users/aswin/Documents/data-engineering-practice/ETL_Airflow_DBT/airflow/dags/dbt_pipeline.py
[2026-04-02T05:09:02.078+0530] {processor.py:840} INFO - DAG(s) 'dbt_pipeline' retrieved from /Users/aswin/Documents/data-engineering-practice/ETL_Airflow_DBT/airflow/dags/dbt_pipeline.py
[2026-04-02T05:09:02.133+0530] {logging_mixin.py:188} INFO - [2026-04-02T05:09:02.133+0530] {dag.py:3096} INFO - Sync 1 DAGs
[2026-04-02T05:09:02.141+0530] {logging_mixin.py:188} INFO - [2026-04-02T05:09:02.140+0530] {dag.py:3954} INFO - Setting next_dagrun for dbt_pipeline to None, run_after=None
[2026-04-02T05:09:02.149+0530] {processor.py:183} INFO - Processing /Users/aswin/Documents/data-engineering-practice/ETL_Airflow_DBT/airflow/dags/dbt_pipeline.py took 0.077 seconds
[2026-04-02T05:09:33.188+0530] {processor.py:161} INFO - Started process (PID=16872) to work on /Users/aswin/Documents/data-engineering-practice/ETL_Airflow_DBT/airflow/dags/dbt_pipeline.py
[2026-04-02T05:09:33.188+0530] {processor.py:830} INFO - Processing file /Users/aswin/Documents/data-engineering-practice/ETL_Airflow_DBT/airflow/dags/dbt_pipeline.py for tasks to queue
[2026-04-02T05:09:33.189+0530] {logging_mixin.py:188} INFO - [2026-04-02T05:09:33.189+0530] {dagbag.py:540} INFO - Filling up the DagBag from /Users/aswin/Documents/data-engineering-practice/ETL_Airflow_DBT/airflow/dags/dbt_pipeline.py
[2026-04-02T05:09:33.193+0530] {processor.py:840} INFO - DAG(s) 'dbt_pipeline' retrieved from /Users/aswin/Documents/data-engineering-practice/ETL_Airflow_DBT/airflow/dags/dbt_pipeline.py
[2026-04-02T05:09:33.256+0530] {logging_mixin.py:188} INFO - [2026-04-02T05:09:33.256+0530] {dag.py:3096} INFO - Sync 1 DAGs
[2026-04-02T05:09:33.262+0530] {logging_mixin.py:188} INFO - [2026-04-02T05:09:33.261+0530] {dag.py:3954} INFO - Setting next_dagrun for dbt_pipeline to None, run_after=None
[2026-04-02T05:09:33.271+0530] {processor.py:183} INFO - Processing /Users/aswin/Documents/data-engineering-practice/ETL_Airflow_DBT/airflow/dags/dbt_pipeline.py took 0.085 seconds
[2026-04-02T05:10:04.540+0530] {processor.py:161} INFO - Started process (PID=16994) to work on /Users/aswin/Documents/data-engineering-practice/ETL_Airflow_DBT/airflow/dags/dbt_pipeline.py
[2026-04-02T05:10:04.541+0530] {processor.py:830} INFO - Processing file /Users/aswin/Documents/data-engineering-practice/ETL_Airflow_DBT/airflow/dags/dbt_pipeline.py for tasks to queue
[2026-04-02T05:10:04.541+0530] {logging_mixin.py:188} INFO - [2026-04-02T05:10:04.541+0530] {dagbag.py:540} INFO - Filling up the DagBag from /Users/aswin/Documents/data-engineering-practice/ETL_Airflow_DBT/airflow/dags/dbt_pipeline.py
[2026-04-02T05:10:04.545+0530] {processor.py:840} INFO - DAG(s) 'dbt_pipeline' retrieved from /Users/aswin/Documents/data-engineering-practice/ETL_Airflow_DBT/airflow/dags/dbt_pipeline.py
[2026-04-02T05:10:04.601+0530] {logging_mixin.py:188} INFO - [2026-04-02T05:10:04.601+0530] {dag.py:3096} INFO - Sync 1 DAGs
[2026-04-02T05:10:04.606+0530] {logging_mixin.py:188} INFO - [2026-04-02T05:10:04.606+0530] {dag.py:3954} INFO - Setting next_dagrun for dbt_pipeline to None, run_after=None
[2026-04-02T05:10:04.615+0530] {processor.py:183} INFO - Processing /Users/aswin/Documents/data-engineering-practice/ETL_Airflow_DBT/airflow/dags/dbt_pipeline.py took 0.076 seconds
[2026-04-02T05:10:35.593+0530] {processor.py:161} INFO - Started process (PID=17119) to work on /Users/aswin/Documents/data-engineering-practice/ETL_Airflow_DBT/airflow/dags/dbt_pipeline.py
[2026-04-02T05:10:35.594+0530] {processor.py:830} INFO - Processing file /Users/aswin/Documents/data-engineering-practice/ETL_Airflow_DBT/airflow/dags/dbt_pipeline.py for tasks to queue
[2026-04-02T05:10:35.594+0530] {logging_mixin.py:188} INFO - [2026-04-02T05:10:35.594+0530] {dagbag.py:540} INFO - Filling up the DagBag from /Users/aswin/Documents/data-engineering-practice/ETL_Airflow_DBT/airflow/dags/dbt_pipeline.py
[2026-04-02T05:10:35.598+0530] {processor.py:840} INFO - DAG(s) 'dbt_pipeline' retrieved from /Users/aswin/Documents/data-engineering-practice/ETL_Airflow_DBT/airflow/dags/dbt_pipeline.py
[2026-04-02T05:10:35.652+0530] {logging_mixin.py:188} INFO - [2026-04-02T05:10:35.652+0530] {dag.py:3096} INFO - Sync 1 DAGs
[2026-04-02T05:10:35.660+0530] {logging_mixin.py:188} INFO - [2026-04-02T05:10:35.660+0530] {dag.py:3954} INFO - Setting next_dagrun for dbt_pipeline to None, run_after=None
[2026-04-02T05:10:35.669+0530] {processor.py:183} INFO - Processing /Users/aswin/Documents/data-engineering-practice/ETL_Airflow_DBT/airflow/dags/dbt_pipeline.py took 0.077 seconds
[2026-04-02T05:11:06.699+0530] {processor.py:161} INFO - Started process (PID=17238) to work on /Users/aswin/Documents/data-engineering-practice/ETL_Airflow_DBT/airflow/dags/dbt_pipeline.py
[2026-04-02T05:11:06.699+0530] {processor.py:830} INFO - Processing file /Users/aswin/Documents/data-engineering-practice/ETL_Airflow_DBT/airflow/dags/dbt_pipeline.py for tasks to queue
[2026-04-02T05:11:06.700+0530] {logging_mixin.py:188} INFO - [2026-04-02T05:11:06.700+0530] {dagbag.py:540} INFO - Filling up the DagBag from /Users/aswin/Documents/data-engineering-practice/ETL_Airflow_DBT/airflow/dags/dbt_pipeline.py
[2026-04-02T05:11:06.703+0530] {processor.py:840} INFO - DAG(s) 'dbt_pipeline' retrieved from /Users/aswin/Documents/data-engineering-practice/ETL_Airflow_DBT/airflow/dags/dbt_pipeline.py
[2026-04-02T05:11:06.760+0530] {logging_mixin.py:188} INFO - [2026-04-02T05:11:06.760+0530] {dag.py:3096} INFO - Sync 1 DAGs
[2026-04-02T05:11:06.767+0530] {logging_mixin.py:188} INFO - [2026-04-02T05:11:06.767+0530] {dag.py:3954} INFO - Setting next_dagrun for dbt_pipeline to None, run_after=None
[2026-04-02T05:11:06.776+0530] {processor.py:183} INFO - Processing /Users/aswin/Documents/data-engineering-practice/ETL_Airflow_DBT/airflow/dags/dbt_pipeline.py took 0.078 seconds
[2026-04-02T05:11:37.714+0530] {processor.py:161} INFO - Started process (PID=17352) to work on /Users/aswin/Documents/data-engineering-practice/ETL_Airflow_DBT/airflow/dags/dbt_pipeline.py
[2026-04-02T05:11:37.716+0530] {processor.py:830} INFO - Processing file /Users/aswin/Documents/data-engineering-practice/ETL_Airflow_DBT/airflow/dags/dbt_pipeline.py for tasks to queue
[2026-04-02T05:11:37.716+0530] {logging_mixin.py:188} INFO - [2026-04-02T05:11:37.716+0530] {dagbag.py:540} INFO - Filling up the DagBag from /Users/aswin/Documents/data-engineering-practice/ETL_Airflow_DBT/airflow/dags/dbt_pipeline.py
[2026-04-02T05:11:37.719+0530] {processor.py:840} INFO - DAG(s) 'dbt_pipeline' retrieved from /Users/aswin/Documents/data-engineering-practice/ETL_Airflow_DBT/airflow/dags/dbt_pipeline.py
[2026-04-02T05:11:37.773+0530] {logging_mixin.py:188} INFO - [2026-04-02T05:11:37.773+0530] {dag.py:3096} INFO - Sync 1 DAGs
[2026-04-02T05:11:37.781+0530] {logging_mixin.py:188} INFO - [2026-04-02T05:11:37.781+0530] {dag.py:3954} INFO - Setting next_dagrun for dbt_pipeline to None, run_after=None
[2026-04-02T05:11:37.790+0530] {processor.py:183} INFO - Processing /Users/aswin/Documents/data-engineering-practice/ETL_Airflow_DBT/airflow/dags/dbt_pipeline.py took 0.076 seconds
[2026-04-02T05:12:08.888+0530] {processor.py:161} INFO - Started process (PID=17465) to work on /Users/aswin/Documents/data-engineering-practice/ETL_Airflow_DBT/airflow/dags/dbt_pipeline.py
[2026-04-02T05:12:08.889+0530] {processor.py:830} INFO - Processing file /Users/aswin/Documents/data-engineering-practice/ETL_Airflow_DBT/airflow/dags/dbt_pipeline.py for tasks to queue
[2026-04-02T05:12:08.890+0530] {logging_mixin.py:188} INFO - [2026-04-02T05:12:08.890+0530] {dagbag.py:540} INFO - Filling up the DagBag from /Users/aswin/Documents/data-engineering-practice/ETL_Airflow_DBT/airflow/dags/dbt_pipeline.py
[2026-04-02T05:12:08.892+0530] {processor.py:840} INFO - DAG(s) 'dbt_pipeline' retrieved from /Users/aswin/Documents/data-engineering-practice/ETL_Airflow_DBT/airflow/dags/dbt_pipeline.py
[2026-04-02T05:12:08.943+0530] {logging_mixin.py:188} INFO - [2026-04-02T05:12:08.943+0530] {dag.py:3096} INFO - Sync 1 DAGs
[2026-04-02T05:12:08.951+0530] {logging_mixin.py:188} INFO - [2026-04-02T05:12:08.951+0530] {dag.py:3954} INFO - Setting next_dagrun for dbt_pipeline to None, run_after=None
[2026-04-02T05:12:08.962+0530] {processor.py:183} INFO - Processing /Users/aswin/Documents/data-engineering-practice/ETL_Airflow_DBT/airflow/dags/dbt_pipeline.py took 0.075 seconds
[2026-04-02T05:14:40.523+0530] {processor.py:161} INFO - Started process (PID=17613) to work on /Users/aswin/Documents/data-engineering-practice/ETL_Airflow_DBT/airflow/dags/dbt_pipeline.py
[2026-04-02T05:14:40.524+0530] {processor.py:830} INFO - Processing file /Users/aswin/Documents/data-engineering-practice/ETL_Airflow_DBT/airflow/dags/dbt_pipeline.py for tasks to queue
[2026-04-02T05:14:40.525+0530] {logging_mixin.py:188} INFO - [2026-04-02T05:14:40.525+0530] {dagbag.py:540} INFO - Filling up the DagBag from /Users/aswin/Documents/data-engineering-practice/ETL_Airflow_DBT/airflow/dags/dbt_pipeline.py
[2026-04-02T05:14:40.528+0530] {processor.py:840} INFO - DAG(s) 'dbt_pipeline' retrieved from /Users/aswin/Documents/data-engineering-practice/ETL_Airflow_DBT/airflow/dags/dbt_pipeline.py
[2026-04-02T05:14:40.588+0530] {logging_mixin.py:188} INFO - [2026-04-02T05:14:40.588+0530] {dag.py:3096} INFO - Sync 1 DAGs
[2026-04-02T05:14:40.595+0530] {logging_mixin.py:188} INFO - [2026-04-02T05:14:40.595+0530] {dag.py:3954} INFO - Setting next_dagrun for dbt_pipeline to None, run_after=None
[2026-04-02T05:14:40.604+0530] {processor.py:183} INFO - Processing /Users/aswin/Documents/data-engineering-practice/ETL_Airflow_DBT/airflow/dags/dbt_pipeline.py took 0.083 seconds
[2026-04-02T05:15:11.700+0530] {processor.py:161} INFO - Started process (PID=17757) to work on /Users/aswin/Documents/data-engineering-practice/ETL_Airflow_DBT/airflow/dags/dbt_pipeline.py
[2026-04-02T05:15:11.701+0530] {processor.py:830} INFO - Processing file /Users/aswin/Documents/data-engineering-practice/ETL_Airflow_DBT/airflow/dags/dbt_pipeline.py for tasks to queue
[2026-04-02T05:15:11.701+0530] {logging_mixin.py:188} INFO - [2026-04-02T05:15:11.701+0530] {dagbag.py:540} INFO - Filling up the DagBag from /Users/aswin/Documents/data-engineering-practice/ETL_Airflow_DBT/airflow/dags/dbt_pipeline.py
[2026-04-02T05:15:11.704+0530] {processor.py:840} INFO - DAG(s) 'dbt_pipeline' retrieved from /Users/aswin/Documents/data-engineering-practice/ETL_Airflow_DBT/airflow/dags/dbt_pipeline.py
[2026-04-02T05:15:11.763+0530] {logging_mixin.py:188} INFO - [2026-04-02T05:15:11.762+0530] {dag.py:3096} INFO - Sync 1 DAGs
[2026-04-02T05:15:11.769+0530] {logging_mixin.py:188} INFO - [2026-04-02T05:15:11.769+0530] {dag.py:3954} INFO - Setting next_dagrun for dbt_pipeline to None, run_after=None
[2026-04-02T05:15:11.777+0530] {processor.py:183} INFO - Processing /Users/aswin/Documents/data-engineering-practice/ETL_Airflow_DBT/airflow/dags/dbt_pipeline.py took 0.079 seconds
[2026-04-02T05:15:42.586+0530] {processor.py:161} INFO - Started process (PID=17883) to work on /Users/aswin/Documents/data-engineering-practice/ETL_Airflow_DBT/airflow/dags/dbt_pipeline.py
[2026-04-02T05:15:42.587+0530] {processor.py:830} INFO - Processing file /Users/aswin/Documents/data-engineering-practice/ETL_Airflow_DBT/airflow/dags/dbt_pipeline.py for tasks to queue
[2026-04-02T05:15:42.587+0530] {logging_mixin.py:188} INFO - [2026-04-02T05:15:42.587+0530] {dagbag.py:540} INFO - Filling up the DagBag from /Users/aswin/Documents/data-engineering-practice/ETL_Airflow_DBT/airflow/dags/dbt_pipeline.py
[2026-04-02T05:15:42.590+0530] {processor.py:840} INFO - DAG(s) 'dbt_pipeline' retrieved from /Users/aswin/Documents/data-engineering-practice/ETL_Airflow_DBT/airflow/dags/dbt_pipeline.py
[2026-04-02T05:15:42.648+0530] {logging_mixin.py:188} INFO - [2026-04-02T05:15:42.648+0530] {dag.py:3096} INFO - Sync 1 DAGs
[2026-04-02T05:15:42.656+0530] {logging_mixin.py:188} INFO - [2026-04-02T05:15:42.655+0530] {dag.py:3954} INFO - Setting next_dagrun for dbt_pipeline to None, run_after=None
[2026-04-02T05:15:42.664+0530] {processor.py:183} INFO - Processing /Users/aswin/Documents/data-engineering-practice/ETL_Airflow_DBT/airflow/dags/dbt_pipeline.py took 0.079 seconds
[2026-04-02T05:16:13.926+0530] {processor.py:161} INFO - Started process (PID=18013) to work on /Users/aswin/Documents/data-engineering-practice/ETL_Airflow_DBT/airflow/dags/dbt_pipeline.py
[2026-04-02T05:16:13.927+0530] {processor.py:830} INFO - Processing file /Users/aswin/Documents/data-engineering-practice/ETL_Airflow_DBT/airflow/dags/dbt_pipeline.py for tasks to queue
[2026-04-02T05:16:13.927+0530] {logging_mixin.py:188} INFO - [2026-04-02T05:16:13.927+0530] {dagbag.py:540} INFO - Filling up the DagBag from /Users/aswin/Documents/data-engineering-practice/ETL_Airflow_DBT/airflow/dags/dbt_pipeline.py
[2026-04-02T05:16:13.931+0530] {processor.py:840} INFO - DAG(s) 'dbt_pipeline' retrieved from /Users/aswin/Documents/data-engineering-practice/ETL_Airflow_DBT/airflow/dags/dbt_pipeline.py
[2026-04-02T05:16:13.988+0530] {logging_mixin.py:188} INFO - [2026-04-02T05:16:13.988+0530] {dag.py:3096} INFO - Sync 1 DAGs
[2026-04-02T05:16:13.994+0530] {logging_mixin.py:188} INFO - [2026-04-02T05:16:13.994+0530] {dag.py:3954} INFO - Setting next_dagrun for dbt_pipeline to None, run_after=None
[2026-04-02T05:16:14.004+0530] {processor.py:183} INFO - Processing /Users/aswin/Documents/data-engineering-practice/ETL_Airflow_DBT/airflow/dags/dbt_pipeline.py took 0.080 seconds
[2026-04-02T05:16:45.156+0530] {processor.py:161} INFO - Started process (PID=18138) to work on /Users/aswin/Documents/data-engineering-practice/ETL_Airflow_DBT/airflow/dags/dbt_pipeline.py
[2026-04-02T05:16:45.157+0530] {processor.py:830} INFO - Processing file /Users/aswin/Documents/data-engineering-practice/ETL_Airflow_DBT/airflow/dags/dbt_pipeline.py for tasks to queue
[2026-04-02T05:16:45.157+0530] {logging_mixin.py:188} INFO - [2026-04-02T05:16:45.157+0530] {dagbag.py:540} INFO - Filling up the DagBag from /Users/aswin/Documents/data-engineering-practice/ETL_Airflow_DBT/airflow/dags/dbt_pipeline.py
[2026-04-02T05:16:45.161+0530] {processor.py:840} INFO - DAG(s) 'dbt_pipeline' retrieved from /Users/aswin/Documents/data-engineering-practice/ETL_Airflow_DBT/airflow/dags/dbt_pipeline.py
[2026-04-02T05:16:45.214+0530] {logging_mixin.py:188} INFO - [2026-04-02T05:16:45.214+0530] {dag.py:3096} INFO - Sync 1 DAGs
[2026-04-02T05:16:45.220+0530] {logging_mixin.py:188} INFO - [2026-04-02T05:16:45.220+0530] {dag.py:3954} INFO - Setting next_dagrun for dbt_pipeline to None, run_after=None
[2026-04-02T05:16:45.229+0530] {processor.py:183} INFO - Processing /Users/aswin/Documents/data-engineering-practice/ETL_Airflow_DBT/airflow/dags/dbt_pipeline.py took 0.074 seconds
[2026-04-02T05:17:16.404+0530] {processor.py:161} INFO - Started process (PID=18265) to work on /Users/aswin/Documents/data-engineering-practice/ETL_Airflow_DBT/airflow/dags/dbt_pipeline.py
[2026-04-02T05:17:16.405+0530] {processor.py:830} INFO - Processing file /Users/aswin/Documents/data-engineering-practice/ETL_Airflow_DBT/airflow/dags/dbt_pipeline.py for tasks to queue
[2026-04-02T05:17:16.405+0530] {logging_mixin.py:188} INFO - [2026-04-02T05:17:16.405+0530] {dagbag.py:540} INFO - Filling up the DagBag from /Users/aswin/Documents/data-engineering-practice/ETL_Airflow_DBT/airflow/dags/dbt_pipeline.py
[2026-04-02T05:17:16.412+0530] {processor.py:840} INFO - DAG(s) 'dbt_pipeline' retrieved from /Users/aswin/Documents/data-engineering-practice/ETL_Airflow_DBT/airflow/dags/dbt_pipeline.py
[2026-04-02T05:17:16.470+0530] {logging_mixin.py:188} INFO - [2026-04-02T05:17:16.470+0530] {dag.py:3096} INFO - Sync 1 DAGs
[2026-04-02T05:17:16.476+0530] {logging_mixin.py:188} INFO - [2026-04-02T05:17:16.476+0530] {dag.py:3954} INFO - Setting next_dagrun for dbt_pipeline to None, run_after=None
[2026-04-02T05:17:16.486+0530] {processor.py:183} INFO - Processing /Users/aswin/Documents/data-engineering-practice/ETL_Airflow_DBT/airflow/dags/dbt_pipeline.py took 0.083 seconds
[2026-04-02T05:17:47.431+0530] {processor.py:161} INFO - Started process (PID=18401) to work on /Users/aswin/Documents/data-engineering-practice/ETL_Airflow_DBT/airflow/dags/dbt_pipeline.py
[2026-04-02T05:17:47.432+0530] {processor.py:830} INFO - Processing file /Users/aswin/Documents/data-engineering-practice/ETL_Airflow_DBT/airflow/dags/dbt_pipeline.py for tasks to queue
[2026-04-02T05:17:47.432+0530] {logging_mixin.py:188} INFO - [2026-04-02T05:17:47.432+0530] {dagbag.py:540} INFO - Filling up the DagBag from /Users/aswin/Documents/data-engineering-practice/ETL_Airflow_DBT/airflow/dags/dbt_pipeline.py
[2026-04-02T05:17:47.438+0530] {processor.py:840} INFO - DAG(s) 'dbt_pipeline' retrieved from /Users/aswin/Documents/data-engineering-practice/ETL_Airflow_DBT/airflow/dags/dbt_pipeline.py
[2026-04-02T05:17:47.495+0530] {logging_mixin.py:188} INFO - [2026-04-02T05:17:47.494+0530] {dag.py:3096} INFO - Sync 1 DAGs
[2026-04-02T05:17:47.500+0530] {logging_mixin.py:188} INFO - [2026-04-02T05:17:47.500+0530] {dag.py:3954} INFO - Setting next_dagrun for dbt_pipeline to None, run_after=None
[2026-04-02T05:17:47.509+0530] {processor.py:183} INFO - Processing /Users/aswin/Documents/data-engineering-practice/ETL_Airflow_DBT/airflow/dags/dbt_pipeline.py took 0.080 seconds
[2026-04-02T05:18:18.287+0530] {processor.py:161} INFO - Started process (PID=18532) to work on /Users/aswin/Documents/data-engineering-practice/ETL_Airflow_DBT/airflow/dags/dbt_pipeline.py
[2026-04-02T05:18:18.287+0530] {processor.py:830} INFO - Processing file /Users/aswin/Documents/data-engineering-practice/ETL_Airflow_DBT/airflow/dags/dbt_pipeline.py for tasks to queue
[2026-04-02T05:18:18.287+0530] {logging_mixin.py:188} INFO - [2026-04-02T05:18:18.287+0530] {dagbag.py:540} INFO - Filling up the DagBag from /Users/aswin/Documents/data-engineering-practice/ETL_Airflow_DBT/airflow/dags/dbt_pipeline.py
[2026-04-02T05:18:18.290+0530] {processor.py:840} INFO - DAG(s) 'dbt_pipeline' retrieved from /Users/aswin/Documents/data-engineering-practice/ETL_Airflow_DBT/airflow/dags/dbt_pipeline.py
[2026-04-02T05:18:18.348+0530] {logging_mixin.py:188} INFO - [2026-04-02T05:18:18.348+0530] {dag.py:3096} INFO - Sync 1 DAGs
[2026-04-02T05:18:18.355+0530] {logging_mixin.py:188} INFO - [2026-04-02T05:18:18.355+0530] {dag.py:3954} INFO - Setting next_dagrun for dbt_pipeline to None, run_after=None
[2026-04-02T05:18:18.363+0530] {processor.py:183} INFO - Processing /Users/aswin/Documents/data-engineering-practice/ETL_Airflow_DBT/airflow/dags/dbt_pipeline.py took 0.078 seconds
[2026-04-02T05:18:49.495+0530] {processor.py:161} INFO - Started process (PID=18656) to work on /Users/aswin/Documents/data-engineering-practice/ETL_Airflow_DBT/airflow/dags/dbt_pipeline.py
[2026-04-02T05:18:49.496+0530] {processor.py:830} INFO - Processing file /Users/aswin/Documents/data-engineering-practice/ETL_Airflow_DBT/airflow/dags/dbt_pipeline.py for tasks to queue
[2026-04-02T05:18:49.496+0530] {logging_mixin.py:188} INFO - [2026-04-02T05:18:49.496+0530] {dagbag.py:540} INFO - Filling up the DagBag from /Users/aswin/Documents/data-engineering-practice/ETL_Airflow_DBT/airflow/dags/dbt_pipeline.py
[2026-04-02T05:18:49.500+0530] {processor.py:840} INFO - DAG(s) 'dbt_pipeline' retrieved from /Users/aswin/Documents/data-engineering-practice/ETL_Airflow_DBT/airflow/dags/dbt_pipeline.py
[2026-04-02T05:18:49.560+0530] {logging_mixin.py:188} INFO - [2026-04-02T05:18:49.560+0530] {dag.py:3096} INFO - Sync 1 DAGs
[2026-04-02T05:18:49.567+0530] {logging_mixin.py:188} INFO - [2026-04-02T05:18:49.567+0530] {dag.py:3954} INFO - Setting next_dagrun for dbt_pipeline to None, run_after=None
[2026-04-02T05:18:49.576+0530] {processor.py:183} INFO - Processing /Users/aswin/Documents/data-engineering-practice/ETL_Airflow_DBT/airflow/dags/dbt_pipeline.py took 0.082 seconds
[2026-04-02T05:19:20.740+0530] {processor.py:161} INFO - Started process (PID=18781) to work on /Users/aswin/Documents/data-engineering-practice/ETL_Airflow_DBT/airflow/dags/dbt_pipeline.py
[2026-04-02T05:19:20.741+0530] {processor.py:830} INFO - Processing file /Users/aswin/Documents/data-engineering-practice/ETL_Airflow_DBT/airflow/dags/dbt_pipeline.py for tasks to queue
[2026-04-02T05:19:20.741+0530] {logging_mixin.py:188} INFO - [2026-04-02T05:19:20.741+0530] {dagbag.py:540} INFO - Filling up the DagBag from /Users/aswin/Documents/data-engineering-practice/ETL_Airflow_DBT/airflow/dags/dbt_pipeline.py
[2026-04-02T05:19:20.745+0530] {processor.py:840} INFO - DAG(s) 'dbt_pipeline' retrieved from /Users/aswin/Documents/data-engineering-practice/ETL_Airflow_DBT/airflow/dags/dbt_pipeline.py
[2026-04-02T05:19:20.799+0530] {logging_mixin.py:188} INFO - [2026-04-02T05:19:20.798+0530] {dag.py:3096} INFO - Sync 1 DAGs
[2026-04-02T05:19:20.805+0530] {logging_mixin.py:188} INFO - [2026-04-02T05:19:20.804+0530] {dag.py:3954} INFO - Setting next_dagrun for dbt_pipeline to None, run_after=None
[2026-04-02T05:19:20.813+0530] {processor.py:183} INFO - Processing /Users/aswin/Documents/data-engineering-practice/ETL_Airflow_DBT/airflow/dags/dbt_pipeline.py took 0.074 seconds
[2026-04-02T05:19:51.770+0530] {processor.py:161} INFO - Started process (PID=18905) to work on /Users/aswin/Documents/data-engineering-practice/ETL_Airflow_DBT/airflow/dags/dbt_pipeline.py
[2026-04-02T05:19:51.771+0530] {processor.py:830} INFO - Processing file /Users/aswin/Documents/data-engineering-practice/ETL_Airflow_DBT/airflow/dags/dbt_pipeline.py for tasks to queue
[2026-04-02T05:19:51.771+0530] {logging_mixin.py:188} INFO - [2026-04-02T05:19:51.771+0530] {dagbag.py:540} INFO - Filling up the DagBag from /Users/aswin/Documents/data-engineering-practice/ETL_Airflow_DBT/airflow/dags/dbt_pipeline.py
[2026-04-02T05:19:51.775+0530] {processor.py:840} INFO - DAG(s) 'dbt_pipeline' retrieved from /Users/aswin/Documents/data-engineering-practice/ETL_Airflow_DBT/airflow/dags/dbt_pipeline.py
[2026-04-02T05:19:51.829+0530] {logging_mixin.py:188} INFO - [2026-04-02T05:19:51.829+0530] {dag.py:3096} INFO - Sync 1 DAGs
[2026-04-02T05:19:51.835+0530] {logging_mixin.py:188} INFO - [2026-04-02T05:19:51.835+0530] {dag.py:3954} INFO - Setting next_dagrun for dbt_pipeline to None, run_after=None
[2026-04-02T05:19:51.844+0530] {processor.py:183} INFO - Processing /Users/aswin/Documents/data-engineering-practice/ETL_Airflow_DBT/airflow/dags/dbt_pipeline.py took 0.075 seconds
[2026-04-02T05:20:23.187+0530] {processor.py:161} INFO - Started process (PID=19033) to work on /Users/aswin/Documents/data-engineering-practice/ETL_Airflow_DBT/airflow/dags/dbt_pipeline.py
[2026-04-02T05:20:23.188+0530] {processor.py:830} INFO - Processing file /Users/aswin/Documents/data-engineering-practice/ETL_Airflow_DBT/airflow/dags/dbt_pipeline.py for tasks to queue
[2026-04-02T05:20:23.189+0530] {logging_mixin.py:188} INFO - [2026-04-02T05:20:23.189+0530] {dagbag.py:540} INFO - Filling up the DagBag from /Users/aswin/Documents/data-engineering-practice/ETL_Airflow_DBT/airflow/dags/dbt_pipeline.py
[2026-04-02T05:20:23.195+0530] {processor.py:840} INFO - DAG(s) 'dbt_pipeline' retrieved from /Users/aswin/Documents/data-engineering-practice/ETL_Airflow_DBT/airflow/dags/dbt_pipeline.py
[2026-04-02T05:20:23.251+0530] {logging_mixin.py:188} INFO - [2026-04-02T05:20:23.251+0530] {dag.py:3096} INFO - Sync 1 DAGs
[2026-04-02T05:20:23.257+0530] {logging_mixin.py:188} INFO - [2026-04-02T05:20:23.257+0530] {dag.py:3954} INFO - Setting next_dagrun for dbt_pipeline to None, run_after=None
[2026-04-02T05:20:23.265+0530] {processor.py:183} INFO - Processing /Users/aswin/Documents/data-engineering-practice/ETL_Airflow_DBT/airflow/dags/dbt_pipeline.py took 0.079 seconds
[2026-04-02T05:20:54.378+0530] {processor.py:161} INFO - Started process (PID=19170) to work on /Users/aswin/Documents/data-engineering-practice/ETL_Airflow_DBT/airflow/dags/dbt_pipeline.py
[2026-04-02T05:20:54.379+0530] {processor.py:830} INFO - Processing file /Users/aswin/Documents/data-engineering-practice/ETL_Airflow_DBT/airflow/dags/dbt_pipeline.py for tasks to queue
[2026-04-02T05:20:54.380+0530] {logging_mixin.py:188} INFO - [2026-04-02T05:20:54.379+0530] {dagbag.py:540} INFO - Filling up the DagBag from /Users/aswin/Documents/data-engineering-practice/ETL_Airflow_DBT/airflow/dags/dbt_pipeline.py
[2026-04-02T05:20:54.383+0530] {processor.py:840} INFO - DAG(s) 'dbt_pipeline' retrieved from /Users/aswin/Documents/data-engineering-practice/ETL_Airflow_DBT/airflow/dags/dbt_pipeline.py
[2026-04-02T05:20:54.438+0530] {logging_mixin.py:188} INFO - [2026-04-02T05:20:54.438+0530] {dag.py:3096} INFO - Sync 1 DAGs
[2026-04-02T05:20:54.444+0530] {logging_mixin.py:188} INFO - [2026-04-02T05:20:54.444+0530] {dag.py:3954} INFO - Setting next_dagrun for dbt_pipeline to None, run_after=None
[2026-04-02T05:20:54.452+0530] {processor.py:183} INFO - Processing /Users/aswin/Documents/data-engineering-practice/ETL_Airflow_DBT/airflow/dags/dbt_pipeline.py took 0.075 seconds
[2026-04-02T05:21:25.436+0530] {processor.py:161} INFO - Started process (PID=19294) to work on /Users/aswin/Documents/data-engineering-practice/ETL_Airflow_DBT/airflow/dags/dbt_pipeline.py
[2026-04-02T05:21:25.437+0530] {processor.py:830} INFO - Processing file /Users/aswin/Documents/data-engineering-practice/ETL_Airflow_DBT/airflow/dags/dbt_pipeline.py for tasks to queue
[2026-04-02T05:21:25.438+0530] {logging_mixin.py:188} INFO - [2026-04-02T05:21:25.438+0530] {dagbag.py:540} INFO - Filling up the DagBag from /Users/aswin/Documents/data-engineering-practice/ETL_Airflow_DBT/airflow/dags/dbt_pipeline.py
[2026-04-02T05:21:25.441+0530] {processor.py:840} INFO - DAG(s) 'dbt_pipeline' retrieved from /Users/aswin/Documents/data-engineering-practice/ETL_Airflow_DBT/airflow/dags/dbt_pipeline.py
[2026-04-02T05:21:25.495+0530] {logging_mixin.py:188} INFO - [2026-04-02T05:21:25.495+0530] {dag.py:3096} INFO - Sync 1 DAGs
[2026-04-02T05:21:25.501+0530] {logging_mixin.py:188} INFO - [2026-04-02T05:21:25.501+0530] {dag.py:3954} INFO - Setting next_dagrun for dbt_pipeline to None, run_after=None
[2026-04-02T05:21:25.509+0530] {processor.py:183} INFO - Processing /Users/aswin/Documents/data-engineering-practice/ETL_Airflow_DBT/airflow/dags/dbt_pipeline.py took 0.076 seconds
[2026-04-02T05:21:56.763+0530] {processor.py:161} INFO - Started process (PID=19418) to work on /Users/aswin/Documents/data-engineering-practice/ETL_Airflow_DBT/airflow/dags/dbt_pipeline.py
[2026-04-02T05:21:56.763+0530] {processor.py:830} INFO - Processing file /Users/aswin/Documents/data-engineering-practice/ETL_Airflow_DBT/airflow/dags/dbt_pipeline.py for tasks to queue
[2026-04-02T05:21:56.764+0530] {logging_mixin.py:188} INFO - [2026-04-02T05:21:56.764+0530] {dagbag.py:540} INFO - Filling up the DagBag from /Users/aswin/Documents/data-engineering-practice/ETL_Airflow_DBT/airflow/dags/dbt_pipeline.py
[2026-04-02T05:21:56.767+0530] {processor.py:840} INFO - DAG(s) 'dbt_pipeline' retrieved from /Users/aswin/Documents/data-engineering-practice/ETL_Airflow_DBT/airflow/dags/dbt_pipeline.py
[2026-04-02T05:21:56.820+0530] {logging_mixin.py:188} INFO - [2026-04-02T05:21:56.820+0530] {dag.py:3096} INFO - Sync 1 DAGs
[2026-04-02T05:21:56.826+0530] {logging_mixin.py:188} INFO - [2026-04-02T05:21:56.826+0530] {dag.py:3954} INFO - Setting next_dagrun for dbt_pipeline to None, run_after=None
[2026-04-02T05:21:56.835+0530] {processor.py:183} INFO - Processing /Users/aswin/Documents/data-engineering-practice/ETL_Airflow_DBT/airflow/dags/dbt_pipeline.py took 0.074 seconds
[2026-04-02T05:22:28.041+0530] {processor.py:161} INFO - Started process (PID=19543) to work on /Users/aswin/Documents/data-engineering-practice/ETL_Airflow_DBT/airflow/dags/dbt_pipeline.py
[2026-04-02T05:22:28.041+0530] {processor.py:830} INFO - Processing file /Users/aswin/Documents/data-engineering-practice/ETL_Airflow_DBT/airflow/dags/dbt_pipeline.py for tasks to queue
[2026-04-02T05:22:28.042+0530] {logging_mixin.py:188} INFO - [2026-04-02T05:22:28.042+0530] {dagbag.py:540} INFO - Filling up the DagBag from /Users/aswin/Documents/data-engineering-practice/ETL_Airflow_DBT/airflow/dags/dbt_pipeline.py
[2026-04-02T05:22:28.046+0530] {processor.py:840} INFO - DAG(s) 'dbt_pipeline' retrieved from /Users/aswin/Documents/data-engineering-practice/ETL_Airflow_DBT/airflow/dags/dbt_pipeline.py
[2026-04-02T05:22:28.098+0530] {logging_mixin.py:188} INFO - [2026-04-02T05:22:28.098+0530] {dag.py:3096} INFO - Sync 1 DAGs
[2026-04-02T05:22:28.104+0530] {logging_mixin.py:188} INFO - [2026-04-02T05:22:28.104+0530] {dag.py:3954} INFO - Setting next_dagrun for dbt_pipeline to None, run_after=None
[2026-04-02T05:22:28.113+0530] {processor.py:183} INFO - Processing /Users/aswin/Documents/data-engineering-practice/ETL_Airflow_DBT/airflow/dags/dbt_pipeline.py took 0.074 seconds
[2026-04-02T05:22:58.921+0530] {processor.py:161} INFO - Started process (PID=19667) to work on /Users/aswin/Documents/data-engineering-practice/ETL_Airflow_DBT/airflow/dags/dbt_pipeline.py
[2026-04-02T05:22:58.921+0530] {processor.py:830} INFO - Processing file /Users/aswin/Documents/data-engineering-practice/ETL_Airflow_DBT/airflow/dags/dbt_pipeline.py for tasks to queue
[2026-04-02T05:22:58.921+0530] {logging_mixin.py:188} INFO - [2026-04-02T05:22:58.921+0530] {dagbag.py:540} INFO - Filling up the DagBag from /Users/aswin/Documents/data-engineering-practice/ETL_Airflow_DBT/airflow/dags/dbt_pipeline.py
[2026-04-02T05:22:58.925+0530] {processor.py:840} INFO - DAG(s) 'dbt_pipeline' retrieved from /Users/aswin/Documents/data-engineering-practice/ETL_Airflow_DBT/airflow/dags/dbt_pipeline.py
[2026-04-02T05:22:58.977+0530] {logging_mixin.py:188} INFO - [2026-04-02T05:22:58.977+0530] {dag.py:3096} INFO - Sync 1 DAGs
[2026-04-02T05:22:58.984+0530] {logging_mixin.py:188} INFO - [2026-04-02T05:22:58.984+0530] {dag.py:3954} INFO - Setting next_dagrun for dbt_pipeline to None, run_after=None
[2026-04-02T05:22:58.992+0530] {processor.py:183} INFO - Processing /Users/aswin/Documents/data-engineering-practice/ETL_Airflow_DBT/airflow/dags/dbt_pipeline.py took 0.074 seconds
[2026-04-02T05:23:29.741+0530] {processor.py:161} INFO - Started process (PID=19817) to work on /Users/aswin/Documents/data-engineering-practice/ETL_Airflow_DBT/airflow/dags/dbt_pipeline.py
[2026-04-02T05:23:29.742+0530] {processor.py:830} INFO - Processing file /Users/aswin/Documents/data-engineering-practice/ETL_Airflow_DBT/airflow/dags/dbt_pipeline.py for tasks to queue
[2026-04-02T05:23:29.742+0530] {logging_mixin.py:188} INFO - [2026-04-02T05:23:29.742+0530] {dagbag.py:540} INFO - Filling up the DagBag from /Users/aswin/Documents/data-engineering-practice/ETL_Airflow_DBT/airflow/dags/dbt_pipeline.py
[2026-04-02T05:23:29.745+0530] {processor.py:840} INFO - DAG(s) 'dbt_pipeline' retrieved from /Users/aswin/Documents/data-engineering-practice/ETL_Airflow_DBT/airflow/dags/dbt_pipeline.py
[2026-04-02T05:23:29.798+0530] {logging_mixin.py:188} INFO - [2026-04-02T05:23:29.798+0530] {dag.py:3096} INFO - Sync 1 DAGs
[2026-04-02T05:23:29.807+0530] {logging_mixin.py:188} INFO - [2026-04-02T05:23:29.807+0530] {dag.py:3954} INFO - Setting next_dagrun for dbt_pipeline to None, run_after=None
[2026-04-02T05:23:29.817+0530] {processor.py:183} INFO - Processing /Users/aswin/Documents/data-engineering-practice/ETL_Airflow_DBT/airflow/dags/dbt_pipeline.py took 0.077 seconds
[2026-04-02T05:24:00.590+0530] {processor.py:161} INFO - Started process (PID=19948) to work on /Users/aswin/Documents/data-engineering-practice/ETL_Airflow_DBT/airflow/dags/dbt_pipeline.py
[2026-04-02T05:24:00.591+0530] {processor.py:830} INFO - Processing file /Users/aswin/Documents/data-engineering-practice/ETL_Airflow_DBT/airflow/dags/dbt_pipeline.py for tasks to queue
[2026-04-02T05:24:00.591+0530] {logging_mixin.py:188} INFO - [2026-04-02T05:24:00.591+0530] {dagbag.py:540} INFO - Filling up the DagBag from /Users/aswin/Documents/data-engineering-practice/ETL_Airflow_DBT/airflow/dags/dbt_pipeline.py
[2026-04-02T05:24:00.595+0530] {processor.py:840} INFO - DAG(s) 'dbt_pipeline' retrieved from /Users/aswin/Documents/data-engineering-practice/ETL_Airflow_DBT/airflow/dags/dbt_pipeline.py
[2026-04-02T05:24:00.651+0530] {logging_mixin.py:188} INFO - [2026-04-02T05:24:00.651+0530] {dag.py:3096} INFO - Sync 1 DAGs
[2026-04-02T05:24:00.657+0530] {logging_mixin.py:188} INFO - [2026-04-02T05:24:00.656+0530] {dag.py:3954} INFO - Setting next_dagrun for dbt_pipeline to None, run_after=None
[2026-04-02T05:24:00.665+0530] {processor.py:183} INFO - Processing /Users/aswin/Documents/data-engineering-practice/ETL_Airflow_DBT/airflow/dags/dbt_pipeline.py took 0.076 seconds
[2026-04-02T05:24:31.381+0530] {processor.py:161} INFO - Started process (PID=20074) to work on /Users/aswin/Documents/data-engineering-practice/ETL_Airflow_DBT/airflow/dags/dbt_pipeline.py
[2026-04-02T05:24:31.382+0530] {processor.py:830} INFO - Processing file /Users/aswin/Documents/data-engineering-practice/ETL_Airflow_DBT/airflow/dags/dbt_pipeline.py for tasks to queue
[2026-04-02T05:24:31.382+0530] {logging_mixin.py:188} INFO - [2026-04-02T05:24:31.382+0530] {dagbag.py:540} INFO - Filling up the DagBag from /Users/aswin/Documents/data-engineering-practice/ETL_Airflow_DBT/airflow/dags/dbt_pipeline.py
[2026-04-02T05:24:31.386+0530] {processor.py:840} INFO - DAG(s) 'dbt_pipeline' retrieved from /Users/aswin/Documents/data-engineering-practice/ETL_Airflow_DBT/airflow/dags/dbt_pipeline.py
[2026-04-02T05:24:31.439+0530] {logging_mixin.py:188} INFO - [2026-04-02T05:24:31.439+0530] {dag.py:3096} INFO - Sync 1 DAGs
[2026-04-02T05:24:31.448+0530] {logging_mixin.py:188} INFO - [2026-04-02T05:24:31.447+0530] {dag.py:3954} INFO - Setting next_dagrun for dbt_pipeline to None, run_after=None
[2026-04-02T05:24:31.458+0530] {processor.py:183} INFO - Processing /Users/aswin/Documents/data-engineering-practice/ETL_Airflow_DBT/airflow/dags/dbt_pipeline.py took 0.079 seconds
[2026-04-02T05:25:02.849+0530] {processor.py:161} INFO - Started process (PID=20210) to work on /Users/aswin/Documents/data-engineering-practice/ETL_Airflow_DBT/airflow/dags/dbt_pipeline.py
[2026-04-02T05:25:02.850+0530] {processor.py:830} INFO - Processing file /Users/aswin/Documents/data-engineering-practice/ETL_Airflow_DBT/airflow/dags/dbt_pipeline.py for tasks to queue
[2026-04-02T05:25:02.850+0530] {logging_mixin.py:188} INFO - [2026-04-02T05:25:02.850+0530] {dagbag.py:540} INFO - Filling up the DagBag from /Users/aswin/Documents/data-engineering-practice/ETL_Airflow_DBT/airflow/dags/dbt_pipeline.py
[2026-04-02T05:25:02.854+0530] {processor.py:840} INFO - DAG(s) 'dbt_pipeline' retrieved from /Users/aswin/Documents/data-engineering-practice/ETL_Airflow_DBT/airflow/dags/dbt_pipeline.py
[2026-04-02T05:25:02.921+0530] {logging_mixin.py:188} INFO - [2026-04-02T05:25:02.921+0530] {dag.py:3096} INFO - Sync 1 DAGs
[2026-04-02T05:25:02.926+0530] {logging_mixin.py:188} INFO - [2026-04-02T05:25:02.926+0530] {dag.py:3954} INFO - Setting next_dagrun for dbt_pipeline to None, run_after=None
[2026-04-02T05:25:02.935+0530] {processor.py:183} INFO - Processing /Users/aswin/Documents/data-engineering-practice/ETL_Airflow_DBT/airflow/dags/dbt_pipeline.py took 0.087 seconds
[2026-04-02T05:25:33.841+0530] {processor.py:161} INFO - Started process (PID=20341) to work on /Users/aswin/Documents/data-engineering-practice/ETL_Airflow_DBT/airflow/dags/dbt_pipeline.py
[2026-04-02T05:25:33.842+0530] {processor.py:830} INFO - Processing file /Users/aswin/Documents/data-engineering-practice/ETL_Airflow_DBT/airflow/dags/dbt_pipeline.py for tasks to queue
[2026-04-02T05:25:33.843+0530] {logging_mixin.py:188} INFO - [2026-04-02T05:25:33.843+0530] {dagbag.py:540} INFO - Filling up the DagBag from /Users/aswin/Documents/data-engineering-practice/ETL_Airflow_DBT/airflow/dags/dbt_pipeline.py
[2026-04-02T05:25:33.846+0530] {processor.py:840} INFO - DAG(s) 'dbt_pipeline' retrieved from /Users/aswin/Documents/data-engineering-practice/ETL_Airflow_DBT/airflow/dags/dbt_pipeline.py
[2026-04-02T05:25:33.899+0530] {logging_mixin.py:188} INFO - [2026-04-02T05:25:33.899+0530] {dag.py:3096} INFO - Sync 1 DAGs
[2026-04-02T05:25:33.906+0530] {logging_mixin.py:188} INFO - [2026-04-02T05:25:33.906+0530] {dag.py:3954} INFO - Setting next_dagrun for dbt_pipeline to None, run_after=None
[2026-04-02T05:25:33.915+0530] {processor.py:183} INFO - Processing /Users/aswin/Documents/data-engineering-practice/ETL_Airflow_DBT/airflow/dags/dbt_pipeline.py took 0.075 seconds
[2026-04-02T05:26:04.697+0530] {processor.py:161} INFO - Started process (PID=20469) to work on /Users/aswin/Documents/data-engineering-practice/ETL_Airflow_DBT/airflow/dags/dbt_pipeline.py
[2026-04-02T05:26:04.698+0530] {processor.py:830} INFO - Processing file /Users/aswin/Documents/data-engineering-practice/ETL_Airflow_DBT/airflow/dags/dbt_pipeline.py for tasks to queue
[2026-04-02T05:26:04.698+0530] {logging_mixin.py:188} INFO - [2026-04-02T05:26:04.698+0530] {dagbag.py:540} INFO - Filling up the DagBag from /Users/aswin/Documents/data-engineering-practice/ETL_Airflow_DBT/airflow/dags/dbt_pipeline.py
[2026-04-02T05:26:04.701+0530] {processor.py:840} INFO - DAG(s) 'dbt_pipeline' retrieved from /Users/aswin/Documents/data-engineering-practice/ETL_Airflow_DBT/airflow/dags/dbt_pipeline.py
[2026-04-02T05:26:04.759+0530] {logging_mixin.py:188} INFO - [2026-04-02T05:26:04.759+0530] {dag.py:3096} INFO - Sync 1 DAGs
[2026-04-02T05:26:04.765+0530] {logging_mixin.py:188} INFO - [2026-04-02T05:26:04.765+0530] {dag.py:3954} INFO - Setting next_dagrun for dbt_pipeline to None, run_after=None
[2026-04-02T05:26:04.774+0530] {processor.py:183} INFO - Processing /Users/aswin/Documents/data-engineering-practice/ETL_Airflow_DBT/airflow/dags/dbt_pipeline.py took 0.078 seconds
[2026-04-02T05:26:35.629+0530] {processor.py:161} INFO - Started process (PID=20596) to work on /Users/aswin/Documents/data-engineering-practice/ETL_Airflow_DBT/airflow/dags/dbt_pipeline.py
[2026-04-02T05:26:35.630+0530] {processor.py:830} INFO - Processing file /Users/aswin/Documents/data-engineering-practice/ETL_Airflow_DBT/airflow/dags/dbt_pipeline.py for tasks to queue
[2026-04-02T05:26:35.630+0530] {logging_mixin.py:188} INFO - [2026-04-02T05:26:35.630+0530] {dagbag.py:540} INFO - Filling up the DagBag from /Users/aswin/Documents/data-engineering-practice/ETL_Airflow_DBT/airflow/dags/dbt_pipeline.py
[2026-04-02T05:26:35.633+0530] {processor.py:840} INFO - DAG(s) 'dbt_pipeline' retrieved from /Users/aswin/Documents/data-engineering-practice/ETL_Airflow_DBT/airflow/dags/dbt_pipeline.py
[2026-04-02T05:26:35.689+0530] {logging_mixin.py:188} INFO - [2026-04-02T05:26:35.689+0530] {dag.py:3096} INFO - Sync 1 DAGs
[2026-04-02T05:26:35.696+0530] {logging_mixin.py:188} INFO - [2026-04-02T05:26:35.695+0530] {dag.py:3954} INFO - Setting next_dagrun for dbt_pipeline to None, run_after=None
[2026-04-02T05:26:35.704+0530] {processor.py:183} INFO - Processing /Users/aswin/Documents/data-engineering-practice/ETL_Airflow_DBT/airflow/dags/dbt_pipeline.py took 0.077 seconds
[2026-04-02T05:27:06.631+0530] {processor.py:161} INFO - Started process (PID=20726) to work on /Users/aswin/Documents/data-engineering-practice/ETL_Airflow_DBT/airflow/dags/dbt_pipeline.py
[2026-04-02T05:27:06.632+0530] {processor.py:830} INFO - Processing file /Users/aswin/Documents/data-engineering-practice/ETL_Airflow_DBT/airflow/dags/dbt_pipeline.py for tasks to queue
[2026-04-02T05:27:06.632+0530] {logging_mixin.py:188} INFO - [2026-04-02T05:27:06.632+0530] {dagbag.py:540} INFO - Filling up the DagBag from /Users/aswin/Documents/data-engineering-practice/ETL_Airflow_DBT/airflow/dags/dbt_pipeline.py
[2026-04-02T05:27:06.636+0530] {processor.py:840} INFO - DAG(s) 'dbt_pipeline' retrieved from /Users/aswin/Documents/data-engineering-practice/ETL_Airflow_DBT/airflow/dags/dbt_pipeline.py
[2026-04-02T05:27:06.689+0530] {logging_mixin.py:188} INFO - [2026-04-02T05:27:06.689+0530] {dag.py:3096} INFO - Sync 1 DAGs
[2026-04-02T05:27:06.695+0530] {logging_mixin.py:188} INFO - [2026-04-02T05:27:06.695+0530] {dag.py:3954} INFO - Setting next_dagrun for dbt_pipeline to None, run_after=None
[2026-04-02T05:27:06.705+0530] {processor.py:183} INFO - Processing /Users/aswin/Documents/data-engineering-practice/ETL_Airflow_DBT/airflow/dags/dbt_pipeline.py took 0.075 seconds
[2026-04-02T05:27:38.129+0530] {processor.py:161} INFO - Started process (PID=20865) to work on /Users/aswin/Documents/data-engineering-practice/ETL_Airflow_DBT/airflow/dags/dbt_pipeline.py
[2026-04-02T05:27:38.130+0530] {processor.py:830} INFO - Processing file /Users/aswin/Documents/data-engineering-practice/ETL_Airflow_DBT/airflow/dags/dbt_pipeline.py for tasks to queue
[2026-04-02T05:27:38.130+0530] {logging_mixin.py:188} INFO - [2026-04-02T05:27:38.130+0530] {dagbag.py:540} INFO - Filling up the DagBag from /Users/aswin/Documents/data-engineering-practice/ETL_Airflow_DBT/airflow/dags/dbt_pipeline.py
[2026-04-02T05:27:38.134+0530] {processor.py:840} INFO - DAG(s) 'dbt_pipeline' retrieved from /Users/aswin/Documents/data-engineering-practice/ETL_Airflow_DBT/airflow/dags/dbt_pipeline.py
[2026-04-02T05:27:38.188+0530] {logging_mixin.py:188} INFO - [2026-04-02T05:27:38.188+0530] {dag.py:3096} INFO - Sync 1 DAGs
[2026-04-02T05:27:38.194+0530] {logging_mixin.py:188} INFO - [2026-04-02T05:27:38.194+0530] {dag.py:3954} INFO - Setting next_dagrun for dbt_pipeline to None, run_after=None
[2026-04-02T05:27:38.202+0530] {processor.py:183} INFO - Processing /Users/aswin/Documents/data-engineering-practice/ETL_Airflow_DBT/airflow/dags/dbt_pipeline.py took 0.073 seconds
