[2026-02-24T04:38:39.003+0530] {processor.py:161} INFO - Started process (PID=42413) to work on /Users/aswin/Documents/data-engineering-practice/ETL_Airflow_DBT/airflow/airflow_env/lib/python3.11/site-packages/airflow/example_dags/tutorial_objectstorage.py
[2026-02-24T04:38:39.003+0530] {processor.py:830} INFO - Processing file /Users/aswin/Documents/data-engineering-practice/ETL_Airflow_DBT/airflow/airflow_env/lib/python3.11/site-packages/airflow/example_dags/tutorial_objectstorage.py for tasks to queue
[2026-02-24T04:38:39.004+0530] {logging_mixin.py:188} INFO - [2026-02-24T04:38:39.003+0530] {dagbag.py:540} INFO - Filling up the DagBag from /Users/aswin/Documents/data-engineering-practice/ETL_Airflow_DBT/airflow/airflow_env/lib/python3.11/site-packages/airflow/example_dags/tutorial_objectstorage.py
[2026-02-24T04:38:39.027+0530] {processor.py:840} INFO - DAG(s) 'tutorial_objectstorage' retrieved from /Users/aswin/Documents/data-engineering-practice/ETL_Airflow_DBT/airflow/airflow_env/lib/python3.11/site-packages/airflow/example_dags/tutorial_objectstorage.py
[2026-02-24T04:38:39.103+0530] {logging_mixin.py:188} INFO - [2026-02-24T04:38:39.103+0530] {override.py:1829} INFO - Created Permission View: can edit on DAG:tutorial_objectstorage
[2026-02-24T04:38:39.106+0530] {logging_mixin.py:188} INFO - [2026-02-24T04:38:39.106+0530] {override.py:1829} INFO - Created Permission View: can delete on DAG:tutorial_objectstorage
[2026-02-24T04:38:39.107+0530] {logging_mixin.py:188} INFO - [2026-02-24T04:38:39.107+0530] {override.py:1829} INFO - Created Permission View: can read on DAG:tutorial_objectstorage
[2026-02-24T04:38:39.108+0530] {logging_mixin.py:188} INFO - [2026-02-24T04:38:39.108+0530] {dag.py:3096} INFO - Sync 1 DAGs
[2026-02-24T04:38:39.111+0530] {logging_mixin.py:188} INFO - [2026-02-24T04:38:39.110+0530] {dag.py:3118} INFO - Creating ORM DAG for tutorial_objectstorage
[2026-02-24T04:38:39.111+0530] {logging_mixin.py:188} INFO - [2026-02-24T04:38:39.111+0530] {dag.py:3954} INFO - Setting next_dagrun for tutorial_objectstorage to None, run_after=None
[2026-02-24T04:38:39.116+0530] {processor.py:183} INFO - Processing /Users/aswin/Documents/data-engineering-practice/ETL_Airflow_DBT/airflow/airflow_env/lib/python3.11/site-packages/airflow/example_dags/tutorial_objectstorage.py took 0.114 seconds
[2026-02-24T04:40:02.818+0530] {processor.py:161} INFO - Started process (PID=42483) to work on /Users/aswin/Documents/data-engineering-practice/ETL_Airflow_DBT/airflow/airflow_env/lib/python3.11/site-packages/airflow/example_dags/tutorial_objectstorage.py
[2026-02-24T04:40:02.819+0530] {processor.py:830} INFO - Processing file /Users/aswin/Documents/data-engineering-practice/ETL_Airflow_DBT/airflow/airflow_env/lib/python3.11/site-packages/airflow/example_dags/tutorial_objectstorage.py for tasks to queue
[2026-02-24T04:40:02.819+0530] {logging_mixin.py:188} INFO - [2026-02-24T04:40:02.819+0530] {dagbag.py:540} INFO - Filling up the DagBag from /Users/aswin/Documents/data-engineering-practice/ETL_Airflow_DBT/airflow/airflow_env/lib/python3.11/site-packages/airflow/example_dags/tutorial_objectstorage.py
[2026-02-24T04:40:02.849+0530] {processor.py:840} INFO - DAG(s) 'tutorial_objectstorage' retrieved from /Users/aswin/Documents/data-engineering-practice/ETL_Airflow_DBT/airflow/airflow_env/lib/python3.11/site-packages/airflow/example_dags/tutorial_objectstorage.py
[2026-02-24T04:40:02.878+0530] {logging_mixin.py:188} INFO - [2026-02-24T04:40:02.878+0530] {dag.py:3096} INFO - Sync 1 DAGs
[2026-02-24T04:40:02.880+0530] {logging_mixin.py:188} INFO - [2026-02-24T04:40:02.880+0530] {dag.py:3954} INFO - Setting next_dagrun for tutorial_objectstorage to None, run_after=None
[2026-02-24T04:40:02.887+0530] {processor.py:183} INFO - Processing /Users/aswin/Documents/data-engineering-practice/ETL_Airflow_DBT/airflow/airflow_env/lib/python3.11/site-packages/airflow/example_dags/tutorial_objectstorage.py took 0.070 seconds
[2026-02-24T04:40:51.714+0530] {processor.py:161} INFO - Started process (PID=42521) to work on /Users/aswin/Documents/data-engineering-practice/ETL_Airflow_DBT/airflow/airflow_env/lib/python3.11/site-packages/airflow/example_dags/tutorial_objectstorage.py
[2026-02-24T04:40:51.715+0530] {processor.py:830} INFO - Processing file /Users/aswin/Documents/data-engineering-practice/ETL_Airflow_DBT/airflow/airflow_env/lib/python3.11/site-packages/airflow/example_dags/tutorial_objectstorage.py for tasks to queue
[2026-02-24T04:40:51.715+0530] {logging_mixin.py:188} INFO - [2026-02-24T04:40:51.715+0530] {dagbag.py:540} INFO - Filling up the DagBag from /Users/aswin/Documents/data-engineering-practice/ETL_Airflow_DBT/airflow/airflow_env/lib/python3.11/site-packages/airflow/example_dags/tutorial_objectstorage.py
[2026-02-24T04:40:51.747+0530] {processor.py:840} INFO - DAG(s) 'tutorial_objectstorage' retrieved from /Users/aswin/Documents/data-engineering-practice/ETL_Airflow_DBT/airflow/airflow_env/lib/python3.11/site-packages/airflow/example_dags/tutorial_objectstorage.py
[2026-02-24T04:40:51.779+0530] {logging_mixin.py:188} INFO - [2026-02-24T04:40:51.779+0530] {dag.py:3096} INFO - Sync 1 DAGs
[2026-02-24T04:40:51.782+0530] {logging_mixin.py:188} INFO - [2026-02-24T04:40:51.782+0530] {dag.py:3954} INFO - Setting next_dagrun for tutorial_objectstorage to None, run_after=None
[2026-02-24T04:40:51.788+0530] {processor.py:183} INFO - Processing /Users/aswin/Documents/data-engineering-practice/ETL_Airflow_DBT/airflow/airflow_env/lib/python3.11/site-packages/airflow/example_dags/tutorial_objectstorage.py took 0.076 seconds
[2026-02-24T04:41:38.859+0530] {processor.py:161} INFO - Started process (PID=42571) to work on /Users/aswin/Documents/data-engineering-practice/ETL_Airflow_DBT/airflow/airflow_env/lib/python3.11/site-packages/airflow/example_dags/tutorial_objectstorage.py
[2026-02-24T04:41:38.860+0530] {processor.py:830} INFO - Processing file /Users/aswin/Documents/data-engineering-practice/ETL_Airflow_DBT/airflow/airflow_env/lib/python3.11/site-packages/airflow/example_dags/tutorial_objectstorage.py for tasks to queue
[2026-02-24T04:41:38.860+0530] {logging_mixin.py:188} INFO - [2026-02-24T04:41:38.860+0530] {dagbag.py:540} INFO - Filling up the DagBag from /Users/aswin/Documents/data-engineering-practice/ETL_Airflow_DBT/airflow/airflow_env/lib/python3.11/site-packages/airflow/example_dags/tutorial_objectstorage.py
[2026-02-24T04:41:38.893+0530] {processor.py:840} INFO - DAG(s) 'tutorial_objectstorage' retrieved from /Users/aswin/Documents/data-engineering-practice/ETL_Airflow_DBT/airflow/airflow_env/lib/python3.11/site-packages/airflow/example_dags/tutorial_objectstorage.py
[2026-02-24T04:41:38.921+0530] {logging_mixin.py:188} INFO - [2026-02-24T04:41:38.921+0530] {dag.py:3096} INFO - Sync 1 DAGs
[2026-02-24T04:41:38.924+0530] {logging_mixin.py:188} INFO - [2026-02-24T04:41:38.924+0530] {dag.py:3954} INFO - Setting next_dagrun for tutorial_objectstorage to None, run_after=None
[2026-02-24T04:41:38.930+0530] {processor.py:183} INFO - Processing /Users/aswin/Documents/data-engineering-practice/ETL_Airflow_DBT/airflow/airflow_env/lib/python3.11/site-packages/airflow/example_dags/tutorial_objectstorage.py took 0.073 seconds
[2026-02-24T04:42:26.820+0530] {processor.py:161} INFO - Started process (PID=42638) to work on /Users/aswin/Documents/data-engineering-practice/ETL_Airflow_DBT/airflow/airflow_env/lib/python3.11/site-packages/airflow/example_dags/tutorial_objectstorage.py
[2026-02-24T04:42:26.821+0530] {processor.py:830} INFO - Processing file /Users/aswin/Documents/data-engineering-practice/ETL_Airflow_DBT/airflow/airflow_env/lib/python3.11/site-packages/airflow/example_dags/tutorial_objectstorage.py for tasks to queue
[2026-02-24T04:42:26.822+0530] {logging_mixin.py:188} INFO - [2026-02-24T04:42:26.822+0530] {dagbag.py:540} INFO - Filling up the DagBag from /Users/aswin/Documents/data-engineering-practice/ETL_Airflow_DBT/airflow/airflow_env/lib/python3.11/site-packages/airflow/example_dags/tutorial_objectstorage.py
[2026-02-24T04:42:26.853+0530] {processor.py:840} INFO - DAG(s) 'tutorial_objectstorage' retrieved from /Users/aswin/Documents/data-engineering-practice/ETL_Airflow_DBT/airflow/airflow_env/lib/python3.11/site-packages/airflow/example_dags/tutorial_objectstorage.py
[2026-02-24T04:42:26.881+0530] {logging_mixin.py:188} INFO - [2026-02-24T04:42:26.881+0530] {dag.py:3096} INFO - Sync 1 DAGs
[2026-02-24T04:42:26.884+0530] {logging_mixin.py:188} INFO - [2026-02-24T04:42:26.884+0530] {dag.py:3954} INFO - Setting next_dagrun for tutorial_objectstorage to None, run_after=None
[2026-02-24T04:42:26.890+0530] {processor.py:183} INFO - Processing /Users/aswin/Documents/data-engineering-practice/ETL_Airflow_DBT/airflow/airflow_env/lib/python3.11/site-packages/airflow/example_dags/tutorial_objectstorage.py took 0.071 seconds
[2026-02-24T04:43:14.291+0530] {processor.py:161} INFO - Started process (PID=42689) to work on /Users/aswin/Documents/data-engineering-practice/ETL_Airflow_DBT/airflow/airflow_env/lib/python3.11/site-packages/airflow/example_dags/tutorial_objectstorage.py
[2026-02-24T04:43:14.292+0530] {processor.py:830} INFO - Processing file /Users/aswin/Documents/data-engineering-practice/ETL_Airflow_DBT/airflow/airflow_env/lib/python3.11/site-packages/airflow/example_dags/tutorial_objectstorage.py for tasks to queue
[2026-02-24T04:43:14.292+0530] {logging_mixin.py:188} INFO - [2026-02-24T04:43:14.292+0530] {dagbag.py:540} INFO - Filling up the DagBag from /Users/aswin/Documents/data-engineering-practice/ETL_Airflow_DBT/airflow/airflow_env/lib/python3.11/site-packages/airflow/example_dags/tutorial_objectstorage.py
[2026-02-24T04:43:14.323+0530] {processor.py:840} INFO - DAG(s) 'tutorial_objectstorage' retrieved from /Users/aswin/Documents/data-engineering-practice/ETL_Airflow_DBT/airflow/airflow_env/lib/python3.11/site-packages/airflow/example_dags/tutorial_objectstorage.py
[2026-02-24T04:43:14.351+0530] {logging_mixin.py:188} INFO - [2026-02-24T04:43:14.351+0530] {dag.py:3096} INFO - Sync 1 DAGs
[2026-02-24T04:43:14.354+0530] {logging_mixin.py:188} INFO - [2026-02-24T04:43:14.354+0530] {dag.py:3954} INFO - Setting next_dagrun for tutorial_objectstorage to None, run_after=None
[2026-02-24T04:43:14.360+0530] {processor.py:183} INFO - Processing /Users/aswin/Documents/data-engineering-practice/ETL_Airflow_DBT/airflow/airflow_env/lib/python3.11/site-packages/airflow/example_dags/tutorial_objectstorage.py took 0.070 seconds
[2026-02-24T04:43:59.843+0530] {processor.py:161} INFO - Started process (PID=42725) to work on /Users/aswin/Documents/data-engineering-practice/ETL_Airflow_DBT/airflow/airflow_env/lib/python3.11/site-packages/airflow/example_dags/tutorial_objectstorage.py
[2026-02-24T04:43:59.844+0530] {processor.py:830} INFO - Processing file /Users/aswin/Documents/data-engineering-practice/ETL_Airflow_DBT/airflow/airflow_env/lib/python3.11/site-packages/airflow/example_dags/tutorial_objectstorage.py for tasks to queue
[2026-02-24T04:43:59.845+0530] {logging_mixin.py:188} INFO - [2026-02-24T04:43:59.845+0530] {dagbag.py:540} INFO - Filling up the DagBag from /Users/aswin/Documents/data-engineering-practice/ETL_Airflow_DBT/airflow/airflow_env/lib/python3.11/site-packages/airflow/example_dags/tutorial_objectstorage.py
[2026-02-24T04:43:59.876+0530] {processor.py:840} INFO - DAG(s) 'tutorial_objectstorage' retrieved from /Users/aswin/Documents/data-engineering-practice/ETL_Airflow_DBT/airflow/airflow_env/lib/python3.11/site-packages/airflow/example_dags/tutorial_objectstorage.py
[2026-02-24T04:43:59.905+0530] {logging_mixin.py:188} INFO - [2026-02-24T04:43:59.905+0530] {dag.py:3096} INFO - Sync 1 DAGs
[2026-02-24T04:43:59.908+0530] {logging_mixin.py:188} INFO - [2026-02-24T04:43:59.908+0530] {dag.py:3954} INFO - Setting next_dagrun for tutorial_objectstorage to None, run_after=None
[2026-02-24T04:43:59.914+0530] {processor.py:183} INFO - Processing /Users/aswin/Documents/data-engineering-practice/ETL_Airflow_DBT/airflow/airflow_env/lib/python3.11/site-packages/airflow/example_dags/tutorial_objectstorage.py took 0.072 seconds
[2026-02-24T04:44:42.098+0530] {processor.py:161} INFO - Started process (PID=42759) to work on /Users/aswin/Documents/data-engineering-practice/ETL_Airflow_DBT/airflow/airflow_env/lib/python3.11/site-packages/airflow/example_dags/tutorial_objectstorage.py
[2026-02-24T04:44:42.099+0530] {processor.py:830} INFO - Processing file /Users/aswin/Documents/data-engineering-practice/ETL_Airflow_DBT/airflow/airflow_env/lib/python3.11/site-packages/airflow/example_dags/tutorial_objectstorage.py for tasks to queue
[2026-02-24T04:44:42.099+0530] {logging_mixin.py:188} INFO - [2026-02-24T04:44:42.099+0530] {dagbag.py:540} INFO - Filling up the DagBag from /Users/aswin/Documents/data-engineering-practice/ETL_Airflow_DBT/airflow/airflow_env/lib/python3.11/site-packages/airflow/example_dags/tutorial_objectstorage.py
[2026-02-24T04:44:42.129+0530] {processor.py:840} INFO - DAG(s) 'tutorial_objectstorage' retrieved from /Users/aswin/Documents/data-engineering-practice/ETL_Airflow_DBT/airflow/airflow_env/lib/python3.11/site-packages/airflow/example_dags/tutorial_objectstorage.py
[2026-02-24T04:44:42.158+0530] {logging_mixin.py:188} INFO - [2026-02-24T04:44:42.158+0530] {dag.py:3096} INFO - Sync 1 DAGs
[2026-02-24T04:44:42.161+0530] {logging_mixin.py:188} INFO - [2026-02-24T04:44:42.161+0530] {dag.py:3954} INFO - Setting next_dagrun for tutorial_objectstorage to None, run_after=None
[2026-02-24T04:44:42.167+0530] {processor.py:183} INFO - Processing /Users/aswin/Documents/data-engineering-practice/ETL_Airflow_DBT/airflow/airflow_env/lib/python3.11/site-packages/airflow/example_dags/tutorial_objectstorage.py took 0.070 seconds
[2026-02-24T04:45:25.408+0530] {processor.py:161} INFO - Started process (PID=42798) to work on /Users/aswin/Documents/data-engineering-practice/ETL_Airflow_DBT/airflow/airflow_env/lib/python3.11/site-packages/airflow/example_dags/tutorial_objectstorage.py
[2026-02-24T04:45:25.409+0530] {processor.py:830} INFO - Processing file /Users/aswin/Documents/data-engineering-practice/ETL_Airflow_DBT/airflow/airflow_env/lib/python3.11/site-packages/airflow/example_dags/tutorial_objectstorage.py for tasks to queue
[2026-02-24T04:45:25.410+0530] {logging_mixin.py:188} INFO - [2026-02-24T04:45:25.409+0530] {dagbag.py:540} INFO - Filling up the DagBag from /Users/aswin/Documents/data-engineering-practice/ETL_Airflow_DBT/airflow/airflow_env/lib/python3.11/site-packages/airflow/example_dags/tutorial_objectstorage.py
[2026-02-24T04:45:25.438+0530] {processor.py:840} INFO - DAG(s) 'tutorial_objectstorage' retrieved from /Users/aswin/Documents/data-engineering-practice/ETL_Airflow_DBT/airflow/airflow_env/lib/python3.11/site-packages/airflow/example_dags/tutorial_objectstorage.py
[2026-02-24T04:45:25.466+0530] {logging_mixin.py:188} INFO - [2026-02-24T04:45:25.466+0530] {dag.py:3096} INFO - Sync 1 DAGs
[2026-02-24T04:45:25.469+0530] {logging_mixin.py:188} INFO - [2026-02-24T04:45:25.469+0530] {dag.py:3954} INFO - Setting next_dagrun for tutorial_objectstorage to None, run_after=None
[2026-02-24T04:45:25.475+0530] {processor.py:183} INFO - Processing /Users/aswin/Documents/data-engineering-practice/ETL_Airflow_DBT/airflow/airflow_env/lib/python3.11/site-packages/airflow/example_dags/tutorial_objectstorage.py took 0.068 seconds
[2026-02-24T04:46:10.112+0530] {processor.py:161} INFO - Started process (PID=42836) to work on /Users/aswin/Documents/data-engineering-practice/ETL_Airflow_DBT/airflow/airflow_env/lib/python3.11/site-packages/airflow/example_dags/tutorial_objectstorage.py
[2026-02-24T04:46:10.113+0530] {processor.py:830} INFO - Processing file /Users/aswin/Documents/data-engineering-practice/ETL_Airflow_DBT/airflow/airflow_env/lib/python3.11/site-packages/airflow/example_dags/tutorial_objectstorage.py for tasks to queue
[2026-02-24T04:46:10.113+0530] {logging_mixin.py:188} INFO - [2026-02-24T04:46:10.113+0530] {dagbag.py:540} INFO - Filling up the DagBag from /Users/aswin/Documents/data-engineering-practice/ETL_Airflow_DBT/airflow/airflow_env/lib/python3.11/site-packages/airflow/example_dags/tutorial_objectstorage.py
[2026-02-24T04:46:10.143+0530] {processor.py:840} INFO - DAG(s) 'tutorial_objectstorage' retrieved from /Users/aswin/Documents/data-engineering-practice/ETL_Airflow_DBT/airflow/airflow_env/lib/python3.11/site-packages/airflow/example_dags/tutorial_objectstorage.py
[2026-02-24T04:46:10.171+0530] {logging_mixin.py:188} INFO - [2026-02-24T04:46:10.171+0530] {dag.py:3096} INFO - Sync 1 DAGs
[2026-02-24T04:46:10.174+0530] {logging_mixin.py:188} INFO - [2026-02-24T04:46:10.174+0530] {dag.py:3954} INFO - Setting next_dagrun for tutorial_objectstorage to None, run_after=None
[2026-02-24T04:46:10.180+0530] {processor.py:183} INFO - Processing /Users/aswin/Documents/data-engineering-practice/ETL_Airflow_DBT/airflow/airflow_env/lib/python3.11/site-packages/airflow/example_dags/tutorial_objectstorage.py took 0.070 seconds
[2026-02-24T04:46:52.561+0530] {processor.py:161} INFO - Started process (PID=42869) to work on /Users/aswin/Documents/data-engineering-practice/ETL_Airflow_DBT/airflow/airflow_env/lib/python3.11/site-packages/airflow/example_dags/tutorial_objectstorage.py
[2026-02-24T04:46:52.562+0530] {processor.py:830} INFO - Processing file /Users/aswin/Documents/data-engineering-practice/ETL_Airflow_DBT/airflow/airflow_env/lib/python3.11/site-packages/airflow/example_dags/tutorial_objectstorage.py for tasks to queue
[2026-02-24T04:46:52.563+0530] {logging_mixin.py:188} INFO - [2026-02-24T04:46:52.563+0530] {dagbag.py:540} INFO - Filling up the DagBag from /Users/aswin/Documents/data-engineering-practice/ETL_Airflow_DBT/airflow/airflow_env/lib/python3.11/site-packages/airflow/example_dags/tutorial_objectstorage.py
[2026-02-24T04:46:52.594+0530] {processor.py:840} INFO - DAG(s) 'tutorial_objectstorage' retrieved from /Users/aswin/Documents/data-engineering-practice/ETL_Airflow_DBT/airflow/airflow_env/lib/python3.11/site-packages/airflow/example_dags/tutorial_objectstorage.py
[2026-02-24T04:46:52.622+0530] {logging_mixin.py:188} INFO - [2026-02-24T04:46:52.622+0530] {dag.py:3096} INFO - Sync 1 DAGs
[2026-02-24T04:46:52.625+0530] {logging_mixin.py:188} INFO - [2026-02-24T04:46:52.625+0530] {dag.py:3954} INFO - Setting next_dagrun for tutorial_objectstorage to None, run_after=None
[2026-02-24T04:46:52.631+0530] {processor.py:183} INFO - Processing /Users/aswin/Documents/data-engineering-practice/ETL_Airflow_DBT/airflow/airflow_env/lib/python3.11/site-packages/airflow/example_dags/tutorial_objectstorage.py took 0.071 seconds
[2026-02-24T04:47:36.516+0530] {processor.py:161} INFO - Started process (PID=42901) to work on /Users/aswin/Documents/data-engineering-practice/ETL_Airflow_DBT/airflow/airflow_env/lib/python3.11/site-packages/airflow/example_dags/tutorial_objectstorage.py
[2026-02-24T04:47:36.517+0530] {processor.py:830} INFO - Processing file /Users/aswin/Documents/data-engineering-practice/ETL_Airflow_DBT/airflow/airflow_env/lib/python3.11/site-packages/airflow/example_dags/tutorial_objectstorage.py for tasks to queue
[2026-02-24T04:47:36.517+0530] {logging_mixin.py:188} INFO - [2026-02-24T04:47:36.517+0530] {dagbag.py:540} INFO - Filling up the DagBag from /Users/aswin/Documents/data-engineering-practice/ETL_Airflow_DBT/airflow/airflow_env/lib/python3.11/site-packages/airflow/example_dags/tutorial_objectstorage.py
[2026-02-24T04:47:36.546+0530] {processor.py:840} INFO - DAG(s) 'tutorial_objectstorage' retrieved from /Users/aswin/Documents/data-engineering-practice/ETL_Airflow_DBT/airflow/airflow_env/lib/python3.11/site-packages/airflow/example_dags/tutorial_objectstorage.py
[2026-02-24T04:47:36.574+0530] {logging_mixin.py:188} INFO - [2026-02-24T04:47:36.574+0530] {dag.py:3096} INFO - Sync 1 DAGs
[2026-02-24T04:47:36.577+0530] {logging_mixin.py:188} INFO - [2026-02-24T04:47:36.577+0530] {dag.py:3954} INFO - Setting next_dagrun for tutorial_objectstorage to None, run_after=None
[2026-02-24T04:47:36.583+0530] {processor.py:183} INFO - Processing /Users/aswin/Documents/data-engineering-practice/ETL_Airflow_DBT/airflow/airflow_env/lib/python3.11/site-packages/airflow/example_dags/tutorial_objectstorage.py took 0.068 seconds
[2026-02-24T04:48:24.828+0530] {processor.py:161} INFO - Started process (PID=42940) to work on /Users/aswin/Documents/data-engineering-practice/ETL_Airflow_DBT/airflow/airflow_env/lib/python3.11/site-packages/airflow/example_dags/tutorial_objectstorage.py
[2026-02-24T04:48:24.830+0530] {processor.py:830} INFO - Processing file /Users/aswin/Documents/data-engineering-practice/ETL_Airflow_DBT/airflow/airflow_env/lib/python3.11/site-packages/airflow/example_dags/tutorial_objectstorage.py for tasks to queue
[2026-02-24T04:48:24.830+0530] {logging_mixin.py:188} INFO - [2026-02-24T04:48:24.830+0530] {dagbag.py:540} INFO - Filling up the DagBag from /Users/aswin/Documents/data-engineering-practice/ETL_Airflow_DBT/airflow/airflow_env/lib/python3.11/site-packages/airflow/example_dags/tutorial_objectstorage.py
[2026-02-24T04:48:24.862+0530] {processor.py:840} INFO - DAG(s) 'tutorial_objectstorage' retrieved from /Users/aswin/Documents/data-engineering-practice/ETL_Airflow_DBT/airflow/airflow_env/lib/python3.11/site-packages/airflow/example_dags/tutorial_objectstorage.py
[2026-02-24T04:48:24.892+0530] {logging_mixin.py:188} INFO - [2026-02-24T04:48:24.892+0530] {dag.py:3096} INFO - Sync 1 DAGs
[2026-02-24T04:48:24.895+0530] {logging_mixin.py:188} INFO - [2026-02-24T04:48:24.895+0530] {dag.py:3954} INFO - Setting next_dagrun for tutorial_objectstorage to None, run_after=None
[2026-02-24T04:48:24.901+0530] {processor.py:183} INFO - Processing /Users/aswin/Documents/data-engineering-practice/ETL_Airflow_DBT/airflow/airflow_env/lib/python3.11/site-packages/airflow/example_dags/tutorial_objectstorage.py took 0.074 seconds
[2026-02-24T04:49:13.951+0530] {processor.py:161} INFO - Started process (PID=42976) to work on /Users/aswin/Documents/data-engineering-practice/ETL_Airflow_DBT/airflow/airflow_env/lib/python3.11/site-packages/airflow/example_dags/tutorial_objectstorage.py
[2026-02-24T04:49:13.952+0530] {processor.py:830} INFO - Processing file /Users/aswin/Documents/data-engineering-practice/ETL_Airflow_DBT/airflow/airflow_env/lib/python3.11/site-packages/airflow/example_dags/tutorial_objectstorage.py for tasks to queue
[2026-02-24T04:49:13.952+0530] {logging_mixin.py:188} INFO - [2026-02-24T04:49:13.952+0530] {dagbag.py:540} INFO - Filling up the DagBag from /Users/aswin/Documents/data-engineering-practice/ETL_Airflow_DBT/airflow/airflow_env/lib/python3.11/site-packages/airflow/example_dags/tutorial_objectstorage.py
[2026-02-24T04:49:13.982+0530] {processor.py:840} INFO - DAG(s) 'tutorial_objectstorage' retrieved from /Users/aswin/Documents/data-engineering-practice/ETL_Airflow_DBT/airflow/airflow_env/lib/python3.11/site-packages/airflow/example_dags/tutorial_objectstorage.py
[2026-02-24T04:49:14.011+0530] {logging_mixin.py:188} INFO - [2026-02-24T04:49:14.011+0530] {dag.py:3096} INFO - Sync 1 DAGs
[2026-02-24T04:49:14.014+0530] {logging_mixin.py:188} INFO - [2026-02-24T04:49:14.014+0530] {dag.py:3954} INFO - Setting next_dagrun for tutorial_objectstorage to None, run_after=None
[2026-02-24T04:49:14.021+0530] {processor.py:183} INFO - Processing /Users/aswin/Documents/data-engineering-practice/ETL_Airflow_DBT/airflow/airflow_env/lib/python3.11/site-packages/airflow/example_dags/tutorial_objectstorage.py took 0.070 seconds
[2026-02-24T04:50:05.668+0530] {processor.py:161} INFO - Started process (PID=43010) to work on /Users/aswin/Documents/data-engineering-practice/ETL_Airflow_DBT/airflow/airflow_env/lib/python3.11/site-packages/airflow/example_dags/tutorial_objectstorage.py
[2026-02-24T04:50:05.669+0530] {processor.py:830} INFO - Processing file /Users/aswin/Documents/data-engineering-practice/ETL_Airflow_DBT/airflow/airflow_env/lib/python3.11/site-packages/airflow/example_dags/tutorial_objectstorage.py for tasks to queue
[2026-02-24T04:50:05.669+0530] {logging_mixin.py:188} INFO - [2026-02-24T04:50:05.669+0530] {dagbag.py:540} INFO - Filling up the DagBag from /Users/aswin/Documents/data-engineering-practice/ETL_Airflow_DBT/airflow/airflow_env/lib/python3.11/site-packages/airflow/example_dags/tutorial_objectstorage.py
[2026-02-24T04:50:05.704+0530] {processor.py:840} INFO - DAG(s) 'tutorial_objectstorage' retrieved from /Users/aswin/Documents/data-engineering-practice/ETL_Airflow_DBT/airflow/airflow_env/lib/python3.11/site-packages/airflow/example_dags/tutorial_objectstorage.py
[2026-02-24T04:50:05.737+0530] {logging_mixin.py:188} INFO - [2026-02-24T04:50:05.737+0530] {dag.py:3096} INFO - Sync 1 DAGs
[2026-02-24T04:50:05.741+0530] {logging_mixin.py:188} INFO - [2026-02-24T04:50:05.741+0530] {dag.py:3954} INFO - Setting next_dagrun for tutorial_objectstorage to None, run_after=None
[2026-02-24T04:50:05.748+0530] {processor.py:183} INFO - Processing /Users/aswin/Documents/data-engineering-practice/ETL_Airflow_DBT/airflow/airflow_env/lib/python3.11/site-packages/airflow/example_dags/tutorial_objectstorage.py took 0.081 seconds
[2026-02-24T04:50:55.740+0530] {processor.py:161} INFO - Started process (PID=43050) to work on /Users/aswin/Documents/data-engineering-practice/ETL_Airflow_DBT/airflow/airflow_env/lib/python3.11/site-packages/airflow/example_dags/tutorial_objectstorage.py
[2026-02-24T04:50:55.741+0530] {processor.py:830} INFO - Processing file /Users/aswin/Documents/data-engineering-practice/ETL_Airflow_DBT/airflow/airflow_env/lib/python3.11/site-packages/airflow/example_dags/tutorial_objectstorage.py for tasks to queue
[2026-02-24T04:50:55.741+0530] {logging_mixin.py:188} INFO - [2026-02-24T04:50:55.741+0530] {dagbag.py:540} INFO - Filling up the DagBag from /Users/aswin/Documents/data-engineering-practice/ETL_Airflow_DBT/airflow/airflow_env/lib/python3.11/site-packages/airflow/example_dags/tutorial_objectstorage.py
[2026-02-24T04:50:55.771+0530] {processor.py:840} INFO - DAG(s) 'tutorial_objectstorage' retrieved from /Users/aswin/Documents/data-engineering-practice/ETL_Airflow_DBT/airflow/airflow_env/lib/python3.11/site-packages/airflow/example_dags/tutorial_objectstorage.py
[2026-02-24T04:50:55.801+0530] {logging_mixin.py:188} INFO - [2026-02-24T04:50:55.801+0530] {dag.py:3096} INFO - Sync 1 DAGs
[2026-02-24T04:50:55.804+0530] {logging_mixin.py:188} INFO - [2026-02-24T04:50:55.804+0530] {dag.py:3954} INFO - Setting next_dagrun for tutorial_objectstorage to None, run_after=None
[2026-02-24T04:50:55.810+0530] {processor.py:183} INFO - Processing /Users/aswin/Documents/data-engineering-practice/ETL_Airflow_DBT/airflow/airflow_env/lib/python3.11/site-packages/airflow/example_dags/tutorial_objectstorage.py took 0.071 seconds
[2026-02-24T04:51:42.547+0530] {processor.py:161} INFO - Started process (PID=43085) to work on /Users/aswin/Documents/data-engineering-practice/ETL_Airflow_DBT/airflow/airflow_env/lib/python3.11/site-packages/airflow/example_dags/tutorial_objectstorage.py
[2026-02-24T04:51:42.547+0530] {processor.py:830} INFO - Processing file /Users/aswin/Documents/data-engineering-practice/ETL_Airflow_DBT/airflow/airflow_env/lib/python3.11/site-packages/airflow/example_dags/tutorial_objectstorage.py for tasks to queue
[2026-02-24T04:51:42.548+0530] {logging_mixin.py:188} INFO - [2026-02-24T04:51:42.548+0530] {dagbag.py:540} INFO - Filling up the DagBag from /Users/aswin/Documents/data-engineering-practice/ETL_Airflow_DBT/airflow/airflow_env/lib/python3.11/site-packages/airflow/example_dags/tutorial_objectstorage.py
[2026-02-24T04:51:42.581+0530] {processor.py:840} INFO - DAG(s) 'tutorial_objectstorage' retrieved from /Users/aswin/Documents/data-engineering-practice/ETL_Airflow_DBT/airflow/airflow_env/lib/python3.11/site-packages/airflow/example_dags/tutorial_objectstorage.py
[2026-02-24T04:51:42.614+0530] {logging_mixin.py:188} INFO - [2026-02-24T04:51:42.614+0530] {dag.py:3096} INFO - Sync 1 DAGs
[2026-02-24T04:51:42.617+0530] {logging_mixin.py:188} INFO - [2026-02-24T04:51:42.617+0530] {dag.py:3954} INFO - Setting next_dagrun for tutorial_objectstorage to None, run_after=None
[2026-02-24T04:51:42.623+0530] {processor.py:183} INFO - Processing /Users/aswin/Documents/data-engineering-practice/ETL_Airflow_DBT/airflow/airflow_env/lib/python3.11/site-packages/airflow/example_dags/tutorial_objectstorage.py took 0.078 seconds
[2026-02-24T04:52:30.638+0530] {processor.py:161} INFO - Started process (PID=43120) to work on /Users/aswin/Documents/data-engineering-practice/ETL_Airflow_DBT/airflow/airflow_env/lib/python3.11/site-packages/airflow/example_dags/tutorial_objectstorage.py
[2026-02-24T04:52:30.639+0530] {processor.py:830} INFO - Processing file /Users/aswin/Documents/data-engineering-practice/ETL_Airflow_DBT/airflow/airflow_env/lib/python3.11/site-packages/airflow/example_dags/tutorial_objectstorage.py for tasks to queue
[2026-02-24T04:52:30.639+0530] {logging_mixin.py:188} INFO - [2026-02-24T04:52:30.639+0530] {dagbag.py:540} INFO - Filling up the DagBag from /Users/aswin/Documents/data-engineering-practice/ETL_Airflow_DBT/airflow/airflow_env/lib/python3.11/site-packages/airflow/example_dags/tutorial_objectstorage.py
[2026-02-24T04:52:30.669+0530] {processor.py:840} INFO - DAG(s) 'tutorial_objectstorage' retrieved from /Users/aswin/Documents/data-engineering-practice/ETL_Airflow_DBT/airflow/airflow_env/lib/python3.11/site-packages/airflow/example_dags/tutorial_objectstorage.py
[2026-02-24T04:52:30.697+0530] {logging_mixin.py:188} INFO - [2026-02-24T04:52:30.697+0530] {dag.py:3096} INFO - Sync 1 DAGs
[2026-02-24T04:52:30.700+0530] {logging_mixin.py:188} INFO - [2026-02-24T04:52:30.700+0530] {dag.py:3954} INFO - Setting next_dagrun for tutorial_objectstorage to None, run_after=None
[2026-02-24T04:52:30.707+0530] {processor.py:183} INFO - Processing /Users/aswin/Documents/data-engineering-practice/ETL_Airflow_DBT/airflow/airflow_env/lib/python3.11/site-packages/airflow/example_dags/tutorial_objectstorage.py took 0.070 seconds
[2026-02-24T04:53:16.008+0530] {processor.py:161} INFO - Started process (PID=43156) to work on /Users/aswin/Documents/data-engineering-practice/ETL_Airflow_DBT/airflow/airflow_env/lib/python3.11/site-packages/airflow/example_dags/tutorial_objectstorage.py
[2026-02-24T04:53:16.010+0530] {processor.py:830} INFO - Processing file /Users/aswin/Documents/data-engineering-practice/ETL_Airflow_DBT/airflow/airflow_env/lib/python3.11/site-packages/airflow/example_dags/tutorial_objectstorage.py for tasks to queue
[2026-02-24T04:53:16.011+0530] {logging_mixin.py:188} INFO - [2026-02-24T04:53:16.010+0530] {dagbag.py:540} INFO - Filling up the DagBag from /Users/aswin/Documents/data-engineering-practice/ETL_Airflow_DBT/airflow/airflow_env/lib/python3.11/site-packages/airflow/example_dags/tutorial_objectstorage.py
[2026-02-24T04:53:16.041+0530] {processor.py:840} INFO - DAG(s) 'tutorial_objectstorage' retrieved from /Users/aswin/Documents/data-engineering-practice/ETL_Airflow_DBT/airflow/airflow_env/lib/python3.11/site-packages/airflow/example_dags/tutorial_objectstorage.py
[2026-02-24T04:53:16.069+0530] {logging_mixin.py:188} INFO - [2026-02-24T04:53:16.069+0530] {dag.py:3096} INFO - Sync 1 DAGs
[2026-02-24T04:53:16.072+0530] {logging_mixin.py:188} INFO - [2026-02-24T04:53:16.072+0530] {dag.py:3954} INFO - Setting next_dagrun for tutorial_objectstorage to None, run_after=None
[2026-02-24T04:53:16.078+0530] {processor.py:183} INFO - Processing /Users/aswin/Documents/data-engineering-practice/ETL_Airflow_DBT/airflow/airflow_env/lib/python3.11/site-packages/airflow/example_dags/tutorial_objectstorage.py took 0.070 seconds
[2026-02-24T04:53:59.311+0530] {processor.py:161} INFO - Started process (PID=43188) to work on /Users/aswin/Documents/data-engineering-practice/ETL_Airflow_DBT/airflow/airflow_env/lib/python3.11/site-packages/airflow/example_dags/tutorial_objectstorage.py
[2026-02-24T04:53:59.313+0530] {processor.py:830} INFO - Processing file /Users/aswin/Documents/data-engineering-practice/ETL_Airflow_DBT/airflow/airflow_env/lib/python3.11/site-packages/airflow/example_dags/tutorial_objectstorage.py for tasks to queue
[2026-02-24T04:53:59.313+0530] {logging_mixin.py:188} INFO - [2026-02-24T04:53:59.313+0530] {dagbag.py:540} INFO - Filling up the DagBag from /Users/aswin/Documents/data-engineering-practice/ETL_Airflow_DBT/airflow/airflow_env/lib/python3.11/site-packages/airflow/example_dags/tutorial_objectstorage.py
[2026-02-24T04:53:59.343+0530] {processor.py:840} INFO - DAG(s) 'tutorial_objectstorage' retrieved from /Users/aswin/Documents/data-engineering-practice/ETL_Airflow_DBT/airflow/airflow_env/lib/python3.11/site-packages/airflow/example_dags/tutorial_objectstorage.py
[2026-02-24T04:53:59.371+0530] {logging_mixin.py:188} INFO - [2026-02-24T04:53:59.371+0530] {dag.py:3096} INFO - Sync 1 DAGs
[2026-02-24T04:53:59.374+0530] {logging_mixin.py:188} INFO - [2026-02-24T04:53:59.374+0530] {dag.py:3954} INFO - Setting next_dagrun for tutorial_objectstorage to None, run_after=None
[2026-02-24T04:53:59.380+0530] {processor.py:183} INFO - Processing /Users/aswin/Documents/data-engineering-practice/ETL_Airflow_DBT/airflow/airflow_env/lib/python3.11/site-packages/airflow/example_dags/tutorial_objectstorage.py took 0.070 seconds
[2026-02-24T04:54:42.613+0530] {processor.py:161} INFO - Started process (PID=43221) to work on /Users/aswin/Documents/data-engineering-practice/ETL_Airflow_DBT/airflow/airflow_env/lib/python3.11/site-packages/airflow/example_dags/tutorial_objectstorage.py
[2026-02-24T04:54:42.614+0530] {processor.py:830} INFO - Processing file /Users/aswin/Documents/data-engineering-practice/ETL_Airflow_DBT/airflow/airflow_env/lib/python3.11/site-packages/airflow/example_dags/tutorial_objectstorage.py for tasks to queue
[2026-02-24T04:54:42.614+0530] {logging_mixin.py:188} INFO - [2026-02-24T04:54:42.614+0530] {dagbag.py:540} INFO - Filling up the DagBag from /Users/aswin/Documents/data-engineering-practice/ETL_Airflow_DBT/airflow/airflow_env/lib/python3.11/site-packages/airflow/example_dags/tutorial_objectstorage.py
[2026-02-24T04:54:42.644+0530] {processor.py:840} INFO - DAG(s) 'tutorial_objectstorage' retrieved from /Users/aswin/Documents/data-engineering-practice/ETL_Airflow_DBT/airflow/airflow_env/lib/python3.11/site-packages/airflow/example_dags/tutorial_objectstorage.py
[2026-02-24T04:54:42.673+0530] {logging_mixin.py:188} INFO - [2026-02-24T04:54:42.672+0530] {dag.py:3096} INFO - Sync 1 DAGs
[2026-02-24T04:54:42.675+0530] {logging_mixin.py:188} INFO - [2026-02-24T04:54:42.675+0530] {dag.py:3954} INFO - Setting next_dagrun for tutorial_objectstorage to None, run_after=None
[2026-02-24T04:54:42.682+0530] {processor.py:183} INFO - Processing /Users/aswin/Documents/data-engineering-practice/ETL_Airflow_DBT/airflow/airflow_env/lib/python3.11/site-packages/airflow/example_dags/tutorial_objectstorage.py took 0.070 seconds
[2026-02-24T04:55:27.655+0530] {processor.py:161} INFO - Started process (PID=43256) to work on /Users/aswin/Documents/data-engineering-practice/ETL_Airflow_DBT/airflow/airflow_env/lib/python3.11/site-packages/airflow/example_dags/tutorial_objectstorage.py
[2026-02-24T04:55:27.656+0530] {processor.py:830} INFO - Processing file /Users/aswin/Documents/data-engineering-practice/ETL_Airflow_DBT/airflow/airflow_env/lib/python3.11/site-packages/airflow/example_dags/tutorial_objectstorage.py for tasks to queue
[2026-02-24T04:55:27.656+0530] {logging_mixin.py:188} INFO - [2026-02-24T04:55:27.656+0530] {dagbag.py:540} INFO - Filling up the DagBag from /Users/aswin/Documents/data-engineering-practice/ETL_Airflow_DBT/airflow/airflow_env/lib/python3.11/site-packages/airflow/example_dags/tutorial_objectstorage.py
[2026-02-24T04:55:27.687+0530] {processor.py:840} INFO - DAG(s) 'tutorial_objectstorage' retrieved from /Users/aswin/Documents/data-engineering-practice/ETL_Airflow_DBT/airflow/airflow_env/lib/python3.11/site-packages/airflow/example_dags/tutorial_objectstorage.py
[2026-02-24T04:55:27.718+0530] {logging_mixin.py:188} INFO - [2026-02-24T04:55:27.718+0530] {dag.py:3096} INFO - Sync 1 DAGs
[2026-02-24T04:55:27.721+0530] {logging_mixin.py:188} INFO - [2026-02-24T04:55:27.721+0530] {dag.py:3954} INFO - Setting next_dagrun for tutorial_objectstorage to None, run_after=None
[2026-02-24T04:55:27.727+0530] {processor.py:183} INFO - Processing /Users/aswin/Documents/data-engineering-practice/ETL_Airflow_DBT/airflow/airflow_env/lib/python3.11/site-packages/airflow/example_dags/tutorial_objectstorage.py took 0.073 seconds
[2026-02-24T04:56:11.710+0530] {processor.py:161} INFO - Started process (PID=43306) to work on /Users/aswin/Documents/data-engineering-practice/ETL_Airflow_DBT/airflow/airflow_env/lib/python3.11/site-packages/airflow/example_dags/tutorial_objectstorage.py
[2026-02-24T04:56:11.710+0530] {processor.py:830} INFO - Processing file /Users/aswin/Documents/data-engineering-practice/ETL_Airflow_DBT/airflow/airflow_env/lib/python3.11/site-packages/airflow/example_dags/tutorial_objectstorage.py for tasks to queue
[2026-02-24T04:56:11.711+0530] {logging_mixin.py:188} INFO - [2026-02-24T04:56:11.711+0530] {dagbag.py:540} INFO - Filling up the DagBag from /Users/aswin/Documents/data-engineering-practice/ETL_Airflow_DBT/airflow/airflow_env/lib/python3.11/site-packages/airflow/example_dags/tutorial_objectstorage.py
[2026-02-24T04:56:11.745+0530] {processor.py:840} INFO - DAG(s) 'tutorial_objectstorage' retrieved from /Users/aswin/Documents/data-engineering-practice/ETL_Airflow_DBT/airflow/airflow_env/lib/python3.11/site-packages/airflow/example_dags/tutorial_objectstorage.py
[2026-02-24T04:56:11.777+0530] {logging_mixin.py:188} INFO - [2026-02-24T04:56:11.777+0530] {dag.py:3096} INFO - Sync 1 DAGs
[2026-02-24T04:56:11.780+0530] {logging_mixin.py:188} INFO - [2026-02-24T04:56:11.780+0530] {dag.py:3954} INFO - Setting next_dagrun for tutorial_objectstorage to None, run_after=None
[2026-02-24T04:56:11.786+0530] {processor.py:183} INFO - Processing /Users/aswin/Documents/data-engineering-practice/ETL_Airflow_DBT/airflow/airflow_env/lib/python3.11/site-packages/airflow/example_dags/tutorial_objectstorage.py took 0.078 seconds
[2026-02-24T04:56:55.209+0530] {processor.py:161} INFO - Started process (PID=43337) to work on /Users/aswin/Documents/data-engineering-practice/ETL_Airflow_DBT/airflow/airflow_env/lib/python3.11/site-packages/airflow/example_dags/tutorial_objectstorage.py
[2026-02-24T04:56:55.210+0530] {processor.py:830} INFO - Processing file /Users/aswin/Documents/data-engineering-practice/ETL_Airflow_DBT/airflow/airflow_env/lib/python3.11/site-packages/airflow/example_dags/tutorial_objectstorage.py for tasks to queue
[2026-02-24T04:56:55.211+0530] {logging_mixin.py:188} INFO - [2026-02-24T04:56:55.210+0530] {dagbag.py:540} INFO - Filling up the DagBag from /Users/aswin/Documents/data-engineering-practice/ETL_Airflow_DBT/airflow/airflow_env/lib/python3.11/site-packages/airflow/example_dags/tutorial_objectstorage.py
[2026-02-24T04:56:55.241+0530] {processor.py:840} INFO - DAG(s) 'tutorial_objectstorage' retrieved from /Users/aswin/Documents/data-engineering-practice/ETL_Airflow_DBT/airflow/airflow_env/lib/python3.11/site-packages/airflow/example_dags/tutorial_objectstorage.py
[2026-02-24T04:56:55.270+0530] {logging_mixin.py:188} INFO - [2026-02-24T04:56:55.270+0530] {dag.py:3096} INFO - Sync 1 DAGs
[2026-02-24T04:56:55.273+0530] {logging_mixin.py:188} INFO - [2026-02-24T04:56:55.273+0530] {dag.py:3954} INFO - Setting next_dagrun for tutorial_objectstorage to None, run_after=None
[2026-02-24T04:56:55.280+0530] {processor.py:183} INFO - Processing /Users/aswin/Documents/data-engineering-practice/ETL_Airflow_DBT/airflow/airflow_env/lib/python3.11/site-packages/airflow/example_dags/tutorial_objectstorage.py took 0.072 seconds
[2026-02-24T04:57:44.659+0530] {processor.py:161} INFO - Started process (PID=43370) to work on /Users/aswin/Documents/data-engineering-practice/ETL_Airflow_DBT/airflow/airflow_env/lib/python3.11/site-packages/airflow/example_dags/tutorial_objectstorage.py
[2026-02-24T04:57:44.660+0530] {processor.py:830} INFO - Processing file /Users/aswin/Documents/data-engineering-practice/ETL_Airflow_DBT/airflow/airflow_env/lib/python3.11/site-packages/airflow/example_dags/tutorial_objectstorage.py for tasks to queue
[2026-02-24T04:57:44.660+0530] {logging_mixin.py:188} INFO - [2026-02-24T04:57:44.660+0530] {dagbag.py:540} INFO - Filling up the DagBag from /Users/aswin/Documents/data-engineering-practice/ETL_Airflow_DBT/airflow/airflow_env/lib/python3.11/site-packages/airflow/example_dags/tutorial_objectstorage.py
[2026-02-24T04:57:44.691+0530] {processor.py:840} INFO - DAG(s) 'tutorial_objectstorage' retrieved from /Users/aswin/Documents/data-engineering-practice/ETL_Airflow_DBT/airflow/airflow_env/lib/python3.11/site-packages/airflow/example_dags/tutorial_objectstorage.py
[2026-02-24T04:57:44.720+0530] {logging_mixin.py:188} INFO - [2026-02-24T04:57:44.720+0530] {dag.py:3096} INFO - Sync 1 DAGs
[2026-02-24T04:57:44.723+0530] {logging_mixin.py:188} INFO - [2026-02-24T04:57:44.723+0530] {dag.py:3954} INFO - Setting next_dagrun for tutorial_objectstorage to None, run_after=None
[2026-02-24T04:57:44.729+0530] {processor.py:183} INFO - Processing /Users/aswin/Documents/data-engineering-practice/ETL_Airflow_DBT/airflow/airflow_env/lib/python3.11/site-packages/airflow/example_dags/tutorial_objectstorage.py took 0.071 seconds
[2026-02-24T04:58:32.448+0530] {processor.py:161} INFO - Started process (PID=43407) to work on /Users/aswin/Documents/data-engineering-practice/ETL_Airflow_DBT/airflow/airflow_env/lib/python3.11/site-packages/airflow/example_dags/tutorial_objectstorage.py
[2026-02-24T04:58:32.450+0530] {processor.py:830} INFO - Processing file /Users/aswin/Documents/data-engineering-practice/ETL_Airflow_DBT/airflow/airflow_env/lib/python3.11/site-packages/airflow/example_dags/tutorial_objectstorage.py for tasks to queue
[2026-02-24T04:58:32.450+0530] {logging_mixin.py:188} INFO - [2026-02-24T04:58:32.450+0530] {dagbag.py:540} INFO - Filling up the DagBag from /Users/aswin/Documents/data-engineering-practice/ETL_Airflow_DBT/airflow/airflow_env/lib/python3.11/site-packages/airflow/example_dags/tutorial_objectstorage.py
[2026-02-24T04:58:32.481+0530] {processor.py:840} INFO - DAG(s) 'tutorial_objectstorage' retrieved from /Users/aswin/Documents/data-engineering-practice/ETL_Airflow_DBT/airflow/airflow_env/lib/python3.11/site-packages/airflow/example_dags/tutorial_objectstorage.py
[2026-02-24T04:58:32.509+0530] {logging_mixin.py:188} INFO - [2026-02-24T04:58:32.509+0530] {dag.py:3096} INFO - Sync 1 DAGs
[2026-02-24T04:58:32.512+0530] {logging_mixin.py:188} INFO - [2026-02-24T04:58:32.512+0530] {dag.py:3954} INFO - Setting next_dagrun for tutorial_objectstorage to None, run_after=None
[2026-02-24T04:58:32.518+0530] {processor.py:183} INFO - Processing /Users/aswin/Documents/data-engineering-practice/ETL_Airflow_DBT/airflow/airflow_env/lib/python3.11/site-packages/airflow/example_dags/tutorial_objectstorage.py took 0.071 seconds
[2026-02-24T04:59:14.101+0530] {processor.py:161} INFO - Started process (PID=43442) to work on /Users/aswin/Documents/data-engineering-practice/ETL_Airflow_DBT/airflow/airflow_env/lib/python3.11/site-packages/airflow/example_dags/tutorial_objectstorage.py
[2026-02-24T04:59:14.101+0530] {processor.py:830} INFO - Processing file /Users/aswin/Documents/data-engineering-practice/ETL_Airflow_DBT/airflow/airflow_env/lib/python3.11/site-packages/airflow/example_dags/tutorial_objectstorage.py for tasks to queue
[2026-02-24T04:59:14.102+0530] {logging_mixin.py:188} INFO - [2026-02-24T04:59:14.102+0530] {dagbag.py:540} INFO - Filling up the DagBag from /Users/aswin/Documents/data-engineering-practice/ETL_Airflow_DBT/airflow/airflow_env/lib/python3.11/site-packages/airflow/example_dags/tutorial_objectstorage.py
[2026-02-24T04:59:14.132+0530] {processor.py:840} INFO - DAG(s) 'tutorial_objectstorage' retrieved from /Users/aswin/Documents/data-engineering-practice/ETL_Airflow_DBT/airflow/airflow_env/lib/python3.11/site-packages/airflow/example_dags/tutorial_objectstorage.py
[2026-02-24T04:59:14.160+0530] {logging_mixin.py:188} INFO - [2026-02-24T04:59:14.160+0530] {dag.py:3096} INFO - Sync 1 DAGs
[2026-02-24T04:59:14.163+0530] {logging_mixin.py:188} INFO - [2026-02-24T04:59:14.163+0530] {dag.py:3954} INFO - Setting next_dagrun for tutorial_objectstorage to None, run_after=None
[2026-02-24T04:59:14.169+0530] {processor.py:183} INFO - Processing /Users/aswin/Documents/data-engineering-practice/ETL_Airflow_DBT/airflow/airflow_env/lib/python3.11/site-packages/airflow/example_dags/tutorial_objectstorage.py took 0.069 seconds
[2026-02-24T04:59:58.565+0530] {processor.py:161} INFO - Started process (PID=43476) to work on /Users/aswin/Documents/data-engineering-practice/ETL_Airflow_DBT/airflow/airflow_env/lib/python3.11/site-packages/airflow/example_dags/tutorial_objectstorage.py
[2026-02-24T04:59:58.566+0530] {processor.py:830} INFO - Processing file /Users/aswin/Documents/data-engineering-practice/ETL_Airflow_DBT/airflow/airflow_env/lib/python3.11/site-packages/airflow/example_dags/tutorial_objectstorage.py for tasks to queue
[2026-02-24T04:59:58.566+0530] {logging_mixin.py:188} INFO - [2026-02-24T04:59:58.566+0530] {dagbag.py:540} INFO - Filling up the DagBag from /Users/aswin/Documents/data-engineering-practice/ETL_Airflow_DBT/airflow/airflow_env/lib/python3.11/site-packages/airflow/example_dags/tutorial_objectstorage.py
[2026-02-24T04:59:58.595+0530] {processor.py:840} INFO - DAG(s) 'tutorial_objectstorage' retrieved from /Users/aswin/Documents/data-engineering-practice/ETL_Airflow_DBT/airflow/airflow_env/lib/python3.11/site-packages/airflow/example_dags/tutorial_objectstorage.py
[2026-02-24T04:59:58.623+0530] {logging_mixin.py:188} INFO - [2026-02-24T04:59:58.623+0530] {dag.py:3096} INFO - Sync 1 DAGs
[2026-02-24T04:59:58.626+0530] {logging_mixin.py:188} INFO - [2026-02-24T04:59:58.626+0530] {dag.py:3954} INFO - Setting next_dagrun for tutorial_objectstorage to None, run_after=None
[2026-02-24T04:59:58.632+0530] {processor.py:183} INFO - Processing /Users/aswin/Documents/data-engineering-practice/ETL_Airflow_DBT/airflow/airflow_env/lib/python3.11/site-packages/airflow/example_dags/tutorial_objectstorage.py took 0.068 seconds
[2026-02-24T05:00:41.392+0530] {processor.py:161} INFO - Started process (PID=43511) to work on /Users/aswin/Documents/data-engineering-practice/ETL_Airflow_DBT/airflow/airflow_env/lib/python3.11/site-packages/airflow/example_dags/tutorial_objectstorage.py
[2026-02-24T05:00:41.393+0530] {processor.py:830} INFO - Processing file /Users/aswin/Documents/data-engineering-practice/ETL_Airflow_DBT/airflow/airflow_env/lib/python3.11/site-packages/airflow/example_dags/tutorial_objectstorage.py for tasks to queue
[2026-02-24T05:00:41.393+0530] {logging_mixin.py:188} INFO - [2026-02-24T05:00:41.393+0530] {dagbag.py:540} INFO - Filling up the DagBag from /Users/aswin/Documents/data-engineering-practice/ETL_Airflow_DBT/airflow/airflow_env/lib/python3.11/site-packages/airflow/example_dags/tutorial_objectstorage.py
[2026-02-24T05:00:41.421+0530] {processor.py:840} INFO - DAG(s) 'tutorial_objectstorage' retrieved from /Users/aswin/Documents/data-engineering-practice/ETL_Airflow_DBT/airflow/airflow_env/lib/python3.11/site-packages/airflow/example_dags/tutorial_objectstorage.py
[2026-02-24T05:00:41.449+0530] {logging_mixin.py:188} INFO - [2026-02-24T05:00:41.449+0530] {dag.py:3096} INFO - Sync 1 DAGs
[2026-02-24T05:00:41.452+0530] {logging_mixin.py:188} INFO - [2026-02-24T05:00:41.452+0530] {dag.py:3954} INFO - Setting next_dagrun for tutorial_objectstorage to None, run_after=None
[2026-02-24T05:00:41.458+0530] {processor.py:183} INFO - Processing /Users/aswin/Documents/data-engineering-practice/ETL_Airflow_DBT/airflow/airflow_env/lib/python3.11/site-packages/airflow/example_dags/tutorial_objectstorage.py took 0.067 seconds
[2026-02-24T05:01:28.831+0530] {processor.py:161} INFO - Started process (PID=43558) to work on /Users/aswin/Documents/data-engineering-practice/ETL_Airflow_DBT/airflow/airflow_env/lib/python3.11/site-packages/airflow/example_dags/tutorial_objectstorage.py
[2026-02-24T05:01:28.832+0530] {processor.py:830} INFO - Processing file /Users/aswin/Documents/data-engineering-practice/ETL_Airflow_DBT/airflow/airflow_env/lib/python3.11/site-packages/airflow/example_dags/tutorial_objectstorage.py for tasks to queue
[2026-02-24T05:01:28.832+0530] {logging_mixin.py:188} INFO - [2026-02-24T05:01:28.832+0530] {dagbag.py:540} INFO - Filling up the DagBag from /Users/aswin/Documents/data-engineering-practice/ETL_Airflow_DBT/airflow/airflow_env/lib/python3.11/site-packages/airflow/example_dags/tutorial_objectstorage.py
[2026-02-24T05:01:28.863+0530] {processor.py:840} INFO - DAG(s) 'tutorial_objectstorage' retrieved from /Users/aswin/Documents/data-engineering-practice/ETL_Airflow_DBT/airflow/airflow_env/lib/python3.11/site-packages/airflow/example_dags/tutorial_objectstorage.py
[2026-02-24T05:01:28.891+0530] {logging_mixin.py:188} INFO - [2026-02-24T05:01:28.891+0530] {dag.py:3096} INFO - Sync 1 DAGs
[2026-02-24T05:01:28.893+0530] {logging_mixin.py:188} INFO - [2026-02-24T05:01:28.893+0530] {dag.py:3954} INFO - Setting next_dagrun for tutorial_objectstorage to None, run_after=None
[2026-02-24T05:01:28.900+0530] {processor.py:183} INFO - Processing /Users/aswin/Documents/data-engineering-practice/ETL_Airflow_DBT/airflow/airflow_env/lib/python3.11/site-packages/airflow/example_dags/tutorial_objectstorage.py took 0.070 seconds
[2026-02-24T05:02:15.600+0530] {processor.py:161} INFO - Started process (PID=43604) to work on /Users/aswin/Documents/data-engineering-practice/ETL_Airflow_DBT/airflow/airflow_env/lib/python3.11/site-packages/airflow/example_dags/tutorial_objectstorage.py
[2026-02-24T05:02:15.601+0530] {processor.py:830} INFO - Processing file /Users/aswin/Documents/data-engineering-practice/ETL_Airflow_DBT/airflow/airflow_env/lib/python3.11/site-packages/airflow/example_dags/tutorial_objectstorage.py for tasks to queue
[2026-02-24T05:02:15.601+0530] {logging_mixin.py:188} INFO - [2026-02-24T05:02:15.601+0530] {dagbag.py:540} INFO - Filling up the DagBag from /Users/aswin/Documents/data-engineering-practice/ETL_Airflow_DBT/airflow/airflow_env/lib/python3.11/site-packages/airflow/example_dags/tutorial_objectstorage.py
[2026-02-24T05:02:15.631+0530] {processor.py:840} INFO - DAG(s) 'tutorial_objectstorage' retrieved from /Users/aswin/Documents/data-engineering-practice/ETL_Airflow_DBT/airflow/airflow_env/lib/python3.11/site-packages/airflow/example_dags/tutorial_objectstorage.py
[2026-02-24T05:02:15.659+0530] {logging_mixin.py:188} INFO - [2026-02-24T05:02:15.659+0530] {dag.py:3096} INFO - Sync 1 DAGs
[2026-02-24T05:02:15.662+0530] {logging_mixin.py:188} INFO - [2026-02-24T05:02:15.662+0530] {dag.py:3954} INFO - Setting next_dagrun for tutorial_objectstorage to None, run_after=None
[2026-02-24T05:02:15.668+0530] {processor.py:183} INFO - Processing /Users/aswin/Documents/data-engineering-practice/ETL_Airflow_DBT/airflow/airflow_env/lib/python3.11/site-packages/airflow/example_dags/tutorial_objectstorage.py took 0.069 seconds
[2026-02-24T05:02:58.793+0530] {processor.py:161} INFO - Started process (PID=43645) to work on /Users/aswin/Documents/data-engineering-practice/ETL_Airflow_DBT/airflow/airflow_env/lib/python3.11/site-packages/airflow/example_dags/tutorial_objectstorage.py
[2026-02-24T05:02:58.794+0530] {processor.py:830} INFO - Processing file /Users/aswin/Documents/data-engineering-practice/ETL_Airflow_DBT/airflow/airflow_env/lib/python3.11/site-packages/airflow/example_dags/tutorial_objectstorage.py for tasks to queue
[2026-02-24T05:02:58.794+0530] {logging_mixin.py:188} INFO - [2026-02-24T05:02:58.794+0530] {dagbag.py:540} INFO - Filling up the DagBag from /Users/aswin/Documents/data-engineering-practice/ETL_Airflow_DBT/airflow/airflow_env/lib/python3.11/site-packages/airflow/example_dags/tutorial_objectstorage.py
[2026-02-24T05:02:58.822+0530] {processor.py:840} INFO - DAG(s) 'tutorial_objectstorage' retrieved from /Users/aswin/Documents/data-engineering-practice/ETL_Airflow_DBT/airflow/airflow_env/lib/python3.11/site-packages/airflow/example_dags/tutorial_objectstorage.py
[2026-02-24T05:02:58.851+0530] {logging_mixin.py:188} INFO - [2026-02-24T05:02:58.850+0530] {dag.py:3096} INFO - Sync 1 DAGs
[2026-02-24T05:02:58.853+0530] {logging_mixin.py:188} INFO - [2026-02-24T05:02:58.853+0530] {dag.py:3954} INFO - Setting next_dagrun for tutorial_objectstorage to None, run_after=None
[2026-02-24T05:02:58.860+0530] {processor.py:183} INFO - Processing /Users/aswin/Documents/data-engineering-practice/ETL_Airflow_DBT/airflow/airflow_env/lib/python3.11/site-packages/airflow/example_dags/tutorial_objectstorage.py took 0.068 seconds
[2026-02-24T05:03:42.031+0530] {processor.py:161} INFO - Started process (PID=43720) to work on /Users/aswin/Documents/data-engineering-practice/ETL_Airflow_DBT/airflow/airflow_env/lib/python3.11/site-packages/airflow/example_dags/tutorial_objectstorage.py
[2026-02-24T05:03:42.032+0530] {processor.py:830} INFO - Processing file /Users/aswin/Documents/data-engineering-practice/ETL_Airflow_DBT/airflow/airflow_env/lib/python3.11/site-packages/airflow/example_dags/tutorial_objectstorage.py for tasks to queue
[2026-02-24T05:03:42.032+0530] {logging_mixin.py:188} INFO - [2026-02-24T05:03:42.032+0530] {dagbag.py:540} INFO - Filling up the DagBag from /Users/aswin/Documents/data-engineering-practice/ETL_Airflow_DBT/airflow/airflow_env/lib/python3.11/site-packages/airflow/example_dags/tutorial_objectstorage.py
[2026-02-24T05:03:42.065+0530] {processor.py:840} INFO - DAG(s) 'tutorial_objectstorage' retrieved from /Users/aswin/Documents/data-engineering-practice/ETL_Airflow_DBT/airflow/airflow_env/lib/python3.11/site-packages/airflow/example_dags/tutorial_objectstorage.py
[2026-02-24T05:03:42.097+0530] {logging_mixin.py:188} INFO - [2026-02-24T05:03:42.097+0530] {dag.py:3096} INFO - Sync 1 DAGs
[2026-02-24T05:03:42.100+0530] {logging_mixin.py:188} INFO - [2026-02-24T05:03:42.100+0530] {dag.py:3954} INFO - Setting next_dagrun for tutorial_objectstorage to None, run_after=None
[2026-02-24T05:03:42.107+0530] {processor.py:183} INFO - Processing /Users/aswin/Documents/data-engineering-practice/ETL_Airflow_DBT/airflow/airflow_env/lib/python3.11/site-packages/airflow/example_dags/tutorial_objectstorage.py took 0.078 seconds
[2026-02-24T05:04:30.589+0530] {processor.py:161} INFO - Started process (PID=43768) to work on /Users/aswin/Documents/data-engineering-practice/ETL_Airflow_DBT/airflow/airflow_env/lib/python3.11/site-packages/airflow/example_dags/tutorial_objectstorage.py
[2026-02-24T05:04:30.590+0530] {processor.py:830} INFO - Processing file /Users/aswin/Documents/data-engineering-practice/ETL_Airflow_DBT/airflow/airflow_env/lib/python3.11/site-packages/airflow/example_dags/tutorial_objectstorage.py for tasks to queue
[2026-02-24T05:04:30.590+0530] {logging_mixin.py:188} INFO - [2026-02-24T05:04:30.590+0530] {dagbag.py:540} INFO - Filling up the DagBag from /Users/aswin/Documents/data-engineering-practice/ETL_Airflow_DBT/airflow/airflow_env/lib/python3.11/site-packages/airflow/example_dags/tutorial_objectstorage.py
[2026-02-24T05:04:30.619+0530] {processor.py:840} INFO - DAG(s) 'tutorial_objectstorage' retrieved from /Users/aswin/Documents/data-engineering-practice/ETL_Airflow_DBT/airflow/airflow_env/lib/python3.11/site-packages/airflow/example_dags/tutorial_objectstorage.py
[2026-02-24T05:04:30.647+0530] {logging_mixin.py:188} INFO - [2026-02-24T05:04:30.647+0530] {dag.py:3096} INFO - Sync 1 DAGs
[2026-02-24T05:04:30.650+0530] {logging_mixin.py:188} INFO - [2026-02-24T05:04:30.650+0530] {dag.py:3954} INFO - Setting next_dagrun for tutorial_objectstorage to None, run_after=None
[2026-02-24T05:04:30.656+0530] {processor.py:183} INFO - Processing /Users/aswin/Documents/data-engineering-practice/ETL_Airflow_DBT/airflow/airflow_env/lib/python3.11/site-packages/airflow/example_dags/tutorial_objectstorage.py took 0.068 seconds
[2026-02-24T05:05:16.953+0530] {processor.py:161} INFO - Started process (PID=44606) to work on /Users/aswin/Documents/data-engineering-practice/ETL_Airflow_DBT/airflow/airflow_env/lib/python3.11/site-packages/airflow/example_dags/tutorial_objectstorage.py
[2026-02-24T05:05:16.953+0530] {processor.py:830} INFO - Processing file /Users/aswin/Documents/data-engineering-practice/ETL_Airflow_DBT/airflow/airflow_env/lib/python3.11/site-packages/airflow/example_dags/tutorial_objectstorage.py for tasks to queue
[2026-02-24T05:05:16.953+0530] {logging_mixin.py:188} INFO - [2026-02-24T05:05:16.953+0530] {dagbag.py:540} INFO - Filling up the DagBag from /Users/aswin/Documents/data-engineering-practice/ETL_Airflow_DBT/airflow/airflow_env/lib/python3.11/site-packages/airflow/example_dags/tutorial_objectstorage.py
[2026-02-24T05:05:16.983+0530] {processor.py:840} INFO - DAG(s) 'tutorial_objectstorage' retrieved from /Users/aswin/Documents/data-engineering-practice/ETL_Airflow_DBT/airflow/airflow_env/lib/python3.11/site-packages/airflow/example_dags/tutorial_objectstorage.py
[2026-02-24T05:05:17.013+0530] {logging_mixin.py:188} INFO - [2026-02-24T05:05:17.013+0530] {dag.py:3096} INFO - Sync 1 DAGs
[2026-02-24T05:05:17.016+0530] {logging_mixin.py:188} INFO - [2026-02-24T05:05:17.016+0530] {dag.py:3954} INFO - Setting next_dagrun for tutorial_objectstorage to None, run_after=None
[2026-02-24T05:05:17.023+0530] {processor.py:183} INFO - Processing /Users/aswin/Documents/data-engineering-practice/ETL_Airflow_DBT/airflow/airflow_env/lib/python3.11/site-packages/airflow/example_dags/tutorial_objectstorage.py took 0.071 seconds
[2026-02-24T05:06:03.523+0530] {processor.py:161} INFO - Started process (PID=44980) to work on /Users/aswin/Documents/data-engineering-practice/ETL_Airflow_DBT/airflow/airflow_env/lib/python3.11/site-packages/airflow/example_dags/tutorial_objectstorage.py
[2026-02-24T05:06:03.523+0530] {processor.py:830} INFO - Processing file /Users/aswin/Documents/data-engineering-practice/ETL_Airflow_DBT/airflow/airflow_env/lib/python3.11/site-packages/airflow/example_dags/tutorial_objectstorage.py for tasks to queue
[2026-02-24T05:06:03.523+0530] {logging_mixin.py:188} INFO - [2026-02-24T05:06:03.523+0530] {dagbag.py:540} INFO - Filling up the DagBag from /Users/aswin/Documents/data-engineering-practice/ETL_Airflow_DBT/airflow/airflow_env/lib/python3.11/site-packages/airflow/example_dags/tutorial_objectstorage.py
[2026-02-24T05:06:03.553+0530] {processor.py:840} INFO - DAG(s) 'tutorial_objectstorage' retrieved from /Users/aswin/Documents/data-engineering-practice/ETL_Airflow_DBT/airflow/airflow_env/lib/python3.11/site-packages/airflow/example_dags/tutorial_objectstorage.py
[2026-02-24T05:06:03.582+0530] {logging_mixin.py:188} INFO - [2026-02-24T05:06:03.582+0530] {dag.py:3096} INFO - Sync 1 DAGs
[2026-02-24T05:06:03.585+0530] {logging_mixin.py:188} INFO - [2026-02-24T05:06:03.585+0530] {dag.py:3954} INFO - Setting next_dagrun for tutorial_objectstorage to None, run_after=None
[2026-02-24T05:06:03.591+0530] {processor.py:183} INFO - Processing /Users/aswin/Documents/data-engineering-practice/ETL_Airflow_DBT/airflow/airflow_env/lib/python3.11/site-packages/airflow/example_dags/tutorial_objectstorage.py took 0.070 seconds
[2026-02-24T05:06:53.415+0530] {processor.py:161} INFO - Started process (PID=45022) to work on /Users/aswin/Documents/data-engineering-practice/ETL_Airflow_DBT/airflow/airflow_env/lib/python3.11/site-packages/airflow/example_dags/tutorial_objectstorage.py
[2026-02-24T05:06:53.416+0530] {processor.py:830} INFO - Processing file /Users/aswin/Documents/data-engineering-practice/ETL_Airflow_DBT/airflow/airflow_env/lib/python3.11/site-packages/airflow/example_dags/tutorial_objectstorage.py for tasks to queue
[2026-02-24T05:06:53.416+0530] {logging_mixin.py:188} INFO - [2026-02-24T05:06:53.416+0530] {dagbag.py:540} INFO - Filling up the DagBag from /Users/aswin/Documents/data-engineering-practice/ETL_Airflow_DBT/airflow/airflow_env/lib/python3.11/site-packages/airflow/example_dags/tutorial_objectstorage.py
[2026-02-24T05:06:53.444+0530] {processor.py:840} INFO - DAG(s) 'tutorial_objectstorage' retrieved from /Users/aswin/Documents/data-engineering-practice/ETL_Airflow_DBT/airflow/airflow_env/lib/python3.11/site-packages/airflow/example_dags/tutorial_objectstorage.py
[2026-02-24T05:06:53.472+0530] {logging_mixin.py:188} INFO - [2026-02-24T05:06:53.472+0530] {dag.py:3096} INFO - Sync 1 DAGs
[2026-02-24T05:06:53.475+0530] {logging_mixin.py:188} INFO - [2026-02-24T05:06:53.475+0530] {dag.py:3954} INFO - Setting next_dagrun for tutorial_objectstorage to None, run_after=None
[2026-02-24T05:06:53.481+0530] {processor.py:183} INFO - Processing /Users/aswin/Documents/data-engineering-practice/ETL_Airflow_DBT/airflow/airflow_env/lib/python3.11/site-packages/airflow/example_dags/tutorial_objectstorage.py took 0.067 seconds
[2026-02-24T05:07:40.340+0530] {processor.py:161} INFO - Started process (PID=45068) to work on /Users/aswin/Documents/data-engineering-practice/ETL_Airflow_DBT/airflow/airflow_env/lib/python3.11/site-packages/airflow/example_dags/tutorial_objectstorage.py
[2026-02-24T05:07:40.341+0530] {processor.py:830} INFO - Processing file /Users/aswin/Documents/data-engineering-practice/ETL_Airflow_DBT/airflow/airflow_env/lib/python3.11/site-packages/airflow/example_dags/tutorial_objectstorage.py for tasks to queue
[2026-02-24T05:07:40.341+0530] {logging_mixin.py:188} INFO - [2026-02-24T05:07:40.341+0530] {dagbag.py:540} INFO - Filling up the DagBag from /Users/aswin/Documents/data-engineering-practice/ETL_Airflow_DBT/airflow/airflow_env/lib/python3.11/site-packages/airflow/example_dags/tutorial_objectstorage.py
[2026-02-24T05:07:40.370+0530] {processor.py:840} INFO - DAG(s) 'tutorial_objectstorage' retrieved from /Users/aswin/Documents/data-engineering-practice/ETL_Airflow_DBT/airflow/airflow_env/lib/python3.11/site-packages/airflow/example_dags/tutorial_objectstorage.py
[2026-02-24T05:07:40.398+0530] {logging_mixin.py:188} INFO - [2026-02-24T05:07:40.398+0530] {dag.py:3096} INFO - Sync 1 DAGs
[2026-02-24T05:07:40.401+0530] {logging_mixin.py:188} INFO - [2026-02-24T05:07:40.401+0530] {dag.py:3954} INFO - Setting next_dagrun for tutorial_objectstorage to None, run_after=None
[2026-02-24T05:07:40.407+0530] {processor.py:183} INFO - Processing /Users/aswin/Documents/data-engineering-practice/ETL_Airflow_DBT/airflow/airflow_env/lib/python3.11/site-packages/airflow/example_dags/tutorial_objectstorage.py took 0.069 seconds
[2026-02-24T05:08:25.212+0530] {processor.py:161} INFO - Started process (PID=45101) to work on /Users/aswin/Documents/data-engineering-practice/ETL_Airflow_DBT/airflow/airflow_env/lib/python3.11/site-packages/airflow/example_dags/tutorial_objectstorage.py
[2026-02-24T05:08:25.213+0530] {processor.py:830} INFO - Processing file /Users/aswin/Documents/data-engineering-practice/ETL_Airflow_DBT/airflow/airflow_env/lib/python3.11/site-packages/airflow/example_dags/tutorial_objectstorage.py for tasks to queue
[2026-02-24T05:08:25.213+0530] {logging_mixin.py:188} INFO - [2026-02-24T05:08:25.213+0530] {dagbag.py:540} INFO - Filling up the DagBag from /Users/aswin/Documents/data-engineering-practice/ETL_Airflow_DBT/airflow/airflow_env/lib/python3.11/site-packages/airflow/example_dags/tutorial_objectstorage.py
[2026-02-24T05:08:25.243+0530] {processor.py:840} INFO - DAG(s) 'tutorial_objectstorage' retrieved from /Users/aswin/Documents/data-engineering-practice/ETL_Airflow_DBT/airflow/airflow_env/lib/python3.11/site-packages/airflow/example_dags/tutorial_objectstorage.py
[2026-02-24T05:08:25.272+0530] {logging_mixin.py:188} INFO - [2026-02-24T05:08:25.271+0530] {dag.py:3096} INFO - Sync 1 DAGs
[2026-02-24T05:08:25.274+0530] {logging_mixin.py:188} INFO - [2026-02-24T05:08:25.274+0530] {dag.py:3954} INFO - Setting next_dagrun for tutorial_objectstorage to None, run_after=None
[2026-02-24T05:08:25.281+0530] {processor.py:183} INFO - Processing /Users/aswin/Documents/data-engineering-practice/ETL_Airflow_DBT/airflow/airflow_env/lib/python3.11/site-packages/airflow/example_dags/tutorial_objectstorage.py took 0.069 seconds
[2026-02-24T05:09:09.709+0530] {processor.py:161} INFO - Started process (PID=45137) to work on /Users/aswin/Documents/data-engineering-practice/ETL_Airflow_DBT/airflow/airflow_env/lib/python3.11/site-packages/airflow/example_dags/tutorial_objectstorage.py
[2026-02-24T05:09:09.710+0530] {processor.py:830} INFO - Processing file /Users/aswin/Documents/data-engineering-practice/ETL_Airflow_DBT/airflow/airflow_env/lib/python3.11/site-packages/airflow/example_dags/tutorial_objectstorage.py for tasks to queue
[2026-02-24T05:09:09.710+0530] {logging_mixin.py:188} INFO - [2026-02-24T05:09:09.710+0530] {dagbag.py:540} INFO - Filling up the DagBag from /Users/aswin/Documents/data-engineering-practice/ETL_Airflow_DBT/airflow/airflow_env/lib/python3.11/site-packages/airflow/example_dags/tutorial_objectstorage.py
[2026-02-24T05:09:09.740+0530] {processor.py:840} INFO - DAG(s) 'tutorial_objectstorage' retrieved from /Users/aswin/Documents/data-engineering-practice/ETL_Airflow_DBT/airflow/airflow_env/lib/python3.11/site-packages/airflow/example_dags/tutorial_objectstorage.py
[2026-02-24T05:09:09.769+0530] {logging_mixin.py:188} INFO - [2026-02-24T05:09:09.769+0530] {dag.py:3096} INFO - Sync 1 DAGs
[2026-02-24T05:09:09.772+0530] {logging_mixin.py:188} INFO - [2026-02-24T05:09:09.772+0530] {dag.py:3954} INFO - Setting next_dagrun for tutorial_objectstorage to None, run_after=None
[2026-02-24T05:09:09.779+0530] {processor.py:183} INFO - Processing /Users/aswin/Documents/data-engineering-practice/ETL_Airflow_DBT/airflow/airflow_env/lib/python3.11/site-packages/airflow/example_dags/tutorial_objectstorage.py took 0.070 seconds
[2026-02-24T05:09:52.467+0530] {processor.py:161} INFO - Started process (PID=45172) to work on /Users/aswin/Documents/data-engineering-practice/ETL_Airflow_DBT/airflow/airflow_env/lib/python3.11/site-packages/airflow/example_dags/tutorial_objectstorage.py
[2026-02-24T05:09:52.468+0530] {processor.py:830} INFO - Processing file /Users/aswin/Documents/data-engineering-practice/ETL_Airflow_DBT/airflow/airflow_env/lib/python3.11/site-packages/airflow/example_dags/tutorial_objectstorage.py for tasks to queue
[2026-02-24T05:09:52.468+0530] {logging_mixin.py:188} INFO - [2026-02-24T05:09:52.468+0530] {dagbag.py:540} INFO - Filling up the DagBag from /Users/aswin/Documents/data-engineering-practice/ETL_Airflow_DBT/airflow/airflow_env/lib/python3.11/site-packages/airflow/example_dags/tutorial_objectstorage.py
[2026-02-24T05:09:52.499+0530] {processor.py:840} INFO - DAG(s) 'tutorial_objectstorage' retrieved from /Users/aswin/Documents/data-engineering-practice/ETL_Airflow_DBT/airflow/airflow_env/lib/python3.11/site-packages/airflow/example_dags/tutorial_objectstorage.py
[2026-02-24T05:09:52.527+0530] {logging_mixin.py:188} INFO - [2026-02-24T05:09:52.527+0530] {dag.py:3096} INFO - Sync 1 DAGs
[2026-02-24T05:09:52.530+0530] {logging_mixin.py:188} INFO - [2026-02-24T05:09:52.530+0530] {dag.py:3954} INFO - Setting next_dagrun for tutorial_objectstorage to None, run_after=None
[2026-02-24T05:09:52.536+0530] {processor.py:183} INFO - Processing /Users/aswin/Documents/data-engineering-practice/ETL_Airflow_DBT/airflow/airflow_env/lib/python3.11/site-packages/airflow/example_dags/tutorial_objectstorage.py took 0.070 seconds
[2026-02-24T05:10:34.899+0530] {processor.py:161} INFO - Started process (PID=45205) to work on /Users/aswin/Documents/data-engineering-practice/ETL_Airflow_DBT/airflow/airflow_env/lib/python3.11/site-packages/airflow/example_dags/tutorial_objectstorage.py
[2026-02-24T05:10:34.900+0530] {processor.py:830} INFO - Processing file /Users/aswin/Documents/data-engineering-practice/ETL_Airflow_DBT/airflow/airflow_env/lib/python3.11/site-packages/airflow/example_dags/tutorial_objectstorage.py for tasks to queue
[2026-02-24T05:10:34.900+0530] {logging_mixin.py:188} INFO - [2026-02-24T05:10:34.900+0530] {dagbag.py:540} INFO - Filling up the DagBag from /Users/aswin/Documents/data-engineering-practice/ETL_Airflow_DBT/airflow/airflow_env/lib/python3.11/site-packages/airflow/example_dags/tutorial_objectstorage.py
[2026-02-24T05:10:34.930+0530] {processor.py:840} INFO - DAG(s) 'tutorial_objectstorage' retrieved from /Users/aswin/Documents/data-engineering-practice/ETL_Airflow_DBT/airflow/airflow_env/lib/python3.11/site-packages/airflow/example_dags/tutorial_objectstorage.py
[2026-02-24T05:10:34.959+0530] {logging_mixin.py:188} INFO - [2026-02-24T05:10:34.958+0530] {dag.py:3096} INFO - Sync 1 DAGs
[2026-02-24T05:10:34.961+0530] {logging_mixin.py:188} INFO - [2026-02-24T05:10:34.961+0530] {dag.py:3954} INFO - Setting next_dagrun for tutorial_objectstorage to None, run_after=None
[2026-02-24T05:10:34.968+0530] {processor.py:183} INFO - Processing /Users/aswin/Documents/data-engineering-practice/ETL_Airflow_DBT/airflow/airflow_env/lib/python3.11/site-packages/airflow/example_dags/tutorial_objectstorage.py took 0.070 seconds
[2026-02-24T05:11:17.734+0530] {processor.py:161} INFO - Started process (PID=45239) to work on /Users/aswin/Documents/data-engineering-practice/ETL_Airflow_DBT/airflow/airflow_env/lib/python3.11/site-packages/airflow/example_dags/tutorial_objectstorage.py
[2026-02-24T05:11:17.735+0530] {processor.py:830} INFO - Processing file /Users/aswin/Documents/data-engineering-practice/ETL_Airflow_DBT/airflow/airflow_env/lib/python3.11/site-packages/airflow/example_dags/tutorial_objectstorage.py for tasks to queue
[2026-02-24T05:11:17.735+0530] {logging_mixin.py:188} INFO - [2026-02-24T05:11:17.735+0530] {dagbag.py:540} INFO - Filling up the DagBag from /Users/aswin/Documents/data-engineering-practice/ETL_Airflow_DBT/airflow/airflow_env/lib/python3.11/site-packages/airflow/example_dags/tutorial_objectstorage.py
[2026-02-24T05:11:17.766+0530] {processor.py:840} INFO - DAG(s) 'tutorial_objectstorage' retrieved from /Users/aswin/Documents/data-engineering-practice/ETL_Airflow_DBT/airflow/airflow_env/lib/python3.11/site-packages/airflow/example_dags/tutorial_objectstorage.py
[2026-02-24T05:11:17.794+0530] {logging_mixin.py:188} INFO - [2026-02-24T05:11:17.794+0530] {dag.py:3096} INFO - Sync 1 DAGs
[2026-02-24T05:11:17.797+0530] {logging_mixin.py:188} INFO - [2026-02-24T05:11:17.796+0530] {dag.py:3954} INFO - Setting next_dagrun for tutorial_objectstorage to None, run_after=None
[2026-02-24T05:11:17.803+0530] {processor.py:183} INFO - Processing /Users/aswin/Documents/data-engineering-practice/ETL_Airflow_DBT/airflow/airflow_env/lib/python3.11/site-packages/airflow/example_dags/tutorial_objectstorage.py took 0.070 seconds
[2026-02-24T05:12:00.085+0530] {processor.py:161} INFO - Started process (PID=45272) to work on /Users/aswin/Documents/data-engineering-practice/ETL_Airflow_DBT/airflow/airflow_env/lib/python3.11/site-packages/airflow/example_dags/tutorial_objectstorage.py
[2026-02-24T05:12:00.086+0530] {processor.py:830} INFO - Processing file /Users/aswin/Documents/data-engineering-practice/ETL_Airflow_DBT/airflow/airflow_env/lib/python3.11/site-packages/airflow/example_dags/tutorial_objectstorage.py for tasks to queue
[2026-02-24T05:12:00.086+0530] {logging_mixin.py:188} INFO - [2026-02-24T05:12:00.086+0530] {dagbag.py:540} INFO - Filling up the DagBag from /Users/aswin/Documents/data-engineering-practice/ETL_Airflow_DBT/airflow/airflow_env/lib/python3.11/site-packages/airflow/example_dags/tutorial_objectstorage.py
[2026-02-24T05:12:00.116+0530] {processor.py:840} INFO - DAG(s) 'tutorial_objectstorage' retrieved from /Users/aswin/Documents/data-engineering-practice/ETL_Airflow_DBT/airflow/airflow_env/lib/python3.11/site-packages/airflow/example_dags/tutorial_objectstorage.py
[2026-02-24T05:12:00.144+0530] {logging_mixin.py:188} INFO - [2026-02-24T05:12:00.144+0530] {dag.py:3096} INFO - Sync 1 DAGs
[2026-02-24T05:12:00.147+0530] {logging_mixin.py:188} INFO - [2026-02-24T05:12:00.147+0530] {dag.py:3954} INFO - Setting next_dagrun for tutorial_objectstorage to None, run_after=None
[2026-02-24T05:12:00.153+0530] {processor.py:183} INFO - Processing /Users/aswin/Documents/data-engineering-practice/ETL_Airflow_DBT/airflow/airflow_env/lib/python3.11/site-packages/airflow/example_dags/tutorial_objectstorage.py took 0.069 seconds
[2026-02-24T05:12:41.001+0530] {processor.py:161} INFO - Started process (PID=45361) to work on /Users/aswin/Documents/data-engineering-practice/ETL_Airflow_DBT/airflow/airflow_env/lib/python3.11/site-packages/airflow/example_dags/tutorial_objectstorage.py
[2026-02-24T05:12:41.002+0530] {processor.py:830} INFO - Processing file /Users/aswin/Documents/data-engineering-practice/ETL_Airflow_DBT/airflow/airflow_env/lib/python3.11/site-packages/airflow/example_dags/tutorial_objectstorage.py for tasks to queue
[2026-02-24T05:12:41.002+0530] {logging_mixin.py:188} INFO - [2026-02-24T05:12:41.002+0530] {dagbag.py:540} INFO - Filling up the DagBag from /Users/aswin/Documents/data-engineering-practice/ETL_Airflow_DBT/airflow/airflow_env/lib/python3.11/site-packages/airflow/example_dags/tutorial_objectstorage.py
[2026-02-24T05:12:41.032+0530] {processor.py:840} INFO - DAG(s) 'tutorial_objectstorage' retrieved from /Users/aswin/Documents/data-engineering-practice/ETL_Airflow_DBT/airflow/airflow_env/lib/python3.11/site-packages/airflow/example_dags/tutorial_objectstorage.py
[2026-02-24T05:12:41.061+0530] {logging_mixin.py:188} INFO - [2026-02-24T05:12:41.061+0530] {dag.py:3096} INFO - Sync 1 DAGs
[2026-02-24T05:12:41.064+0530] {logging_mixin.py:188} INFO - [2026-02-24T05:12:41.064+0530] {dag.py:3954} INFO - Setting next_dagrun for tutorial_objectstorage to None, run_after=None
[2026-02-24T05:12:41.070+0530] {processor.py:183} INFO - Processing /Users/aswin/Documents/data-engineering-practice/ETL_Airflow_DBT/airflow/airflow_env/lib/python3.11/site-packages/airflow/example_dags/tutorial_objectstorage.py took 0.070 seconds
[2026-02-24T05:13:28.115+0530] {processor.py:161} INFO - Started process (PID=45578) to work on /Users/aswin/Documents/data-engineering-practice/ETL_Airflow_DBT/airflow/airflow_env/lib/python3.11/site-packages/airflow/example_dags/tutorial_objectstorage.py
[2026-02-24T05:13:28.116+0530] {processor.py:830} INFO - Processing file /Users/aswin/Documents/data-engineering-practice/ETL_Airflow_DBT/airflow/airflow_env/lib/python3.11/site-packages/airflow/example_dags/tutorial_objectstorage.py for tasks to queue
[2026-02-24T05:13:28.116+0530] {logging_mixin.py:188} INFO - [2026-02-24T05:13:28.116+0530] {dagbag.py:540} INFO - Filling up the DagBag from /Users/aswin/Documents/data-engineering-practice/ETL_Airflow_DBT/airflow/airflow_env/lib/python3.11/site-packages/airflow/example_dags/tutorial_objectstorage.py
[2026-02-24T05:13:28.146+0530] {processor.py:840} INFO - DAG(s) 'tutorial_objectstorage' retrieved from /Users/aswin/Documents/data-engineering-practice/ETL_Airflow_DBT/airflow/airflow_env/lib/python3.11/site-packages/airflow/example_dags/tutorial_objectstorage.py
[2026-02-24T05:13:28.176+0530] {logging_mixin.py:188} INFO - [2026-02-24T05:13:28.175+0530] {dag.py:3096} INFO - Sync 1 DAGs
[2026-02-24T05:13:28.178+0530] {logging_mixin.py:188} INFO - [2026-02-24T05:13:28.178+0530] {dag.py:3954} INFO - Setting next_dagrun for tutorial_objectstorage to None, run_after=None
[2026-02-24T05:13:28.184+0530] {processor.py:183} INFO - Processing /Users/aswin/Documents/data-engineering-practice/ETL_Airflow_DBT/airflow/airflow_env/lib/python3.11/site-packages/airflow/example_dags/tutorial_objectstorage.py took 0.070 seconds
[2026-02-24T05:14:16.540+0530] {processor.py:161} INFO - Started process (PID=45722) to work on /Users/aswin/Documents/data-engineering-practice/ETL_Airflow_DBT/airflow/airflow_env/lib/python3.11/site-packages/airflow/example_dags/tutorial_objectstorage.py
[2026-02-24T05:14:16.541+0530] {processor.py:830} INFO - Processing file /Users/aswin/Documents/data-engineering-practice/ETL_Airflow_DBT/airflow/airflow_env/lib/python3.11/site-packages/airflow/example_dags/tutorial_objectstorage.py for tasks to queue
[2026-02-24T05:14:16.541+0530] {logging_mixin.py:188} INFO - [2026-02-24T05:14:16.541+0530] {dagbag.py:540} INFO - Filling up the DagBag from /Users/aswin/Documents/data-engineering-practice/ETL_Airflow_DBT/airflow/airflow_env/lib/python3.11/site-packages/airflow/example_dags/tutorial_objectstorage.py
[2026-02-24T05:14:16.570+0530] {processor.py:840} INFO - DAG(s) 'tutorial_objectstorage' retrieved from /Users/aswin/Documents/data-engineering-practice/ETL_Airflow_DBT/airflow/airflow_env/lib/python3.11/site-packages/airflow/example_dags/tutorial_objectstorage.py
[2026-02-24T05:14:16.598+0530] {logging_mixin.py:188} INFO - [2026-02-24T05:14:16.598+0530] {dag.py:3096} INFO - Sync 1 DAGs
[2026-02-24T05:14:16.601+0530] {logging_mixin.py:188} INFO - [2026-02-24T05:14:16.601+0530] {dag.py:3954} INFO - Setting next_dagrun for tutorial_objectstorage to None, run_after=None
[2026-02-24T05:14:16.607+0530] {processor.py:183} INFO - Processing /Users/aswin/Documents/data-engineering-practice/ETL_Airflow_DBT/airflow/airflow_env/lib/python3.11/site-packages/airflow/example_dags/tutorial_objectstorage.py took 0.068 seconds
[2026-02-24T05:15:01.300+0530] {processor.py:161} INFO - Started process (PID=45759) to work on /Users/aswin/Documents/data-engineering-practice/ETL_Airflow_DBT/airflow/airflow_env/lib/python3.11/site-packages/airflow/example_dags/tutorial_objectstorage.py
[2026-02-24T05:15:01.301+0530] {processor.py:830} INFO - Processing file /Users/aswin/Documents/data-engineering-practice/ETL_Airflow_DBT/airflow/airflow_env/lib/python3.11/site-packages/airflow/example_dags/tutorial_objectstorage.py for tasks to queue
[2026-02-24T05:15:01.301+0530] {logging_mixin.py:188} INFO - [2026-02-24T05:15:01.301+0530] {dagbag.py:540} INFO - Filling up the DagBag from /Users/aswin/Documents/data-engineering-practice/ETL_Airflow_DBT/airflow/airflow_env/lib/python3.11/site-packages/airflow/example_dags/tutorial_objectstorage.py
[2026-02-24T05:15:01.330+0530] {processor.py:840} INFO - DAG(s) 'tutorial_objectstorage' retrieved from /Users/aswin/Documents/data-engineering-practice/ETL_Airflow_DBT/airflow/airflow_env/lib/python3.11/site-packages/airflow/example_dags/tutorial_objectstorage.py
[2026-02-24T05:15:01.358+0530] {logging_mixin.py:188} INFO - [2026-02-24T05:15:01.358+0530] {dag.py:3096} INFO - Sync 1 DAGs
[2026-02-24T05:15:01.361+0530] {logging_mixin.py:188} INFO - [2026-02-24T05:15:01.360+0530] {dag.py:3954} INFO - Setting next_dagrun for tutorial_objectstorage to None, run_after=None
[2026-02-24T05:15:01.367+0530] {processor.py:183} INFO - Processing /Users/aswin/Documents/data-engineering-practice/ETL_Airflow_DBT/airflow/airflow_env/lib/python3.11/site-packages/airflow/example_dags/tutorial_objectstorage.py took 0.067 seconds
[2026-02-24T05:15:45.740+0530] {processor.py:161} INFO - Started process (PID=45802) to work on /Users/aswin/Documents/data-engineering-practice/ETL_Airflow_DBT/airflow/airflow_env/lib/python3.11/site-packages/airflow/example_dags/tutorial_objectstorage.py
[2026-02-24T05:15:45.741+0530] {processor.py:830} INFO - Processing file /Users/aswin/Documents/data-engineering-practice/ETL_Airflow_DBT/airflow/airflow_env/lib/python3.11/site-packages/airflow/example_dags/tutorial_objectstorage.py for tasks to queue
[2026-02-24T05:15:45.741+0530] {logging_mixin.py:188} INFO - [2026-02-24T05:15:45.741+0530] {dagbag.py:540} INFO - Filling up the DagBag from /Users/aswin/Documents/data-engineering-practice/ETL_Airflow_DBT/airflow/airflow_env/lib/python3.11/site-packages/airflow/example_dags/tutorial_objectstorage.py
[2026-02-24T05:15:45.774+0530] {processor.py:840} INFO - DAG(s) 'tutorial_objectstorage' retrieved from /Users/aswin/Documents/data-engineering-practice/ETL_Airflow_DBT/airflow/airflow_env/lib/python3.11/site-packages/airflow/example_dags/tutorial_objectstorage.py
[2026-02-24T05:15:45.805+0530] {logging_mixin.py:188} INFO - [2026-02-24T05:15:45.805+0530] {dag.py:3096} INFO - Sync 1 DAGs
[2026-02-24T05:15:45.808+0530] {logging_mixin.py:188} INFO - [2026-02-24T05:15:45.808+0530] {dag.py:3954} INFO - Setting next_dagrun for tutorial_objectstorage to None, run_after=None
[2026-02-24T05:15:45.815+0530] {processor.py:183} INFO - Processing /Users/aswin/Documents/data-engineering-practice/ETL_Airflow_DBT/airflow/airflow_env/lib/python3.11/site-packages/airflow/example_dags/tutorial_objectstorage.py took 0.076 seconds
[2026-02-24T05:16:34.150+0530] {processor.py:161} INFO - Started process (PID=46389) to work on /Users/aswin/Documents/data-engineering-practice/ETL_Airflow_DBT/airflow/airflow_env/lib/python3.11/site-packages/airflow/example_dags/tutorial_objectstorage.py
[2026-02-24T05:16:34.152+0530] {processor.py:830} INFO - Processing file /Users/aswin/Documents/data-engineering-practice/ETL_Airflow_DBT/airflow/airflow_env/lib/python3.11/site-packages/airflow/example_dags/tutorial_objectstorage.py for tasks to queue
[2026-02-24T05:16:34.152+0530] {logging_mixin.py:188} INFO - [2026-02-24T05:16:34.152+0530] {dagbag.py:540} INFO - Filling up the DagBag from /Users/aswin/Documents/data-engineering-practice/ETL_Airflow_DBT/airflow/airflow_env/lib/python3.11/site-packages/airflow/example_dags/tutorial_objectstorage.py
[2026-02-24T05:16:34.182+0530] {processor.py:840} INFO - DAG(s) 'tutorial_objectstorage' retrieved from /Users/aswin/Documents/data-engineering-practice/ETL_Airflow_DBT/airflow/airflow_env/lib/python3.11/site-packages/airflow/example_dags/tutorial_objectstorage.py
[2026-02-24T05:16:34.211+0530] {logging_mixin.py:188} INFO - [2026-02-24T05:16:34.211+0530] {dag.py:3096} INFO - Sync 1 DAGs
[2026-02-24T05:16:34.214+0530] {logging_mixin.py:188} INFO - [2026-02-24T05:16:34.214+0530] {dag.py:3954} INFO - Setting next_dagrun for tutorial_objectstorage to None, run_after=None
[2026-02-24T05:16:34.220+0530] {processor.py:183} INFO - Processing /Users/aswin/Documents/data-engineering-practice/ETL_Airflow_DBT/airflow/airflow_env/lib/python3.11/site-packages/airflow/example_dags/tutorial_objectstorage.py took 0.070 seconds
[2026-02-24T05:17:18.464+0530] {processor.py:161} INFO - Started process (PID=46436) to work on /Users/aswin/Documents/data-engineering-practice/ETL_Airflow_DBT/airflow/airflow_env/lib/python3.11/site-packages/airflow/example_dags/tutorial_objectstorage.py
[2026-02-24T05:17:18.464+0530] {processor.py:830} INFO - Processing file /Users/aswin/Documents/data-engineering-practice/ETL_Airflow_DBT/airflow/airflow_env/lib/python3.11/site-packages/airflow/example_dags/tutorial_objectstorage.py for tasks to queue
[2026-02-24T05:17:18.465+0530] {logging_mixin.py:188} INFO - [2026-02-24T05:17:18.464+0530] {dagbag.py:540} INFO - Filling up the DagBag from /Users/aswin/Documents/data-engineering-practice/ETL_Airflow_DBT/airflow/airflow_env/lib/python3.11/site-packages/airflow/example_dags/tutorial_objectstorage.py
[2026-02-24T05:17:18.494+0530] {processor.py:840} INFO - DAG(s) 'tutorial_objectstorage' retrieved from /Users/aswin/Documents/data-engineering-practice/ETL_Airflow_DBT/airflow/airflow_env/lib/python3.11/site-packages/airflow/example_dags/tutorial_objectstorage.py
[2026-02-24T05:17:18.525+0530] {logging_mixin.py:188} INFO - [2026-02-24T05:17:18.524+0530] {dag.py:3096} INFO - Sync 1 DAGs
[2026-02-24T05:17:18.528+0530] {logging_mixin.py:188} INFO - [2026-02-24T05:17:18.528+0530] {dag.py:3954} INFO - Setting next_dagrun for tutorial_objectstorage to None, run_after=None
[2026-02-24T05:17:18.535+0530] {processor.py:183} INFO - Processing /Users/aswin/Documents/data-engineering-practice/ETL_Airflow_DBT/airflow/airflow_env/lib/python3.11/site-packages/airflow/example_dags/tutorial_objectstorage.py took 0.072 seconds
[2026-02-24T05:18:02.872+0530] {processor.py:161} INFO - Started process (PID=46472) to work on /Users/aswin/Documents/data-engineering-practice/ETL_Airflow_DBT/airflow/airflow_env/lib/python3.11/site-packages/airflow/example_dags/tutorial_objectstorage.py
[2026-02-24T05:18:02.874+0530] {processor.py:830} INFO - Processing file /Users/aswin/Documents/data-engineering-practice/ETL_Airflow_DBT/airflow/airflow_env/lib/python3.11/site-packages/airflow/example_dags/tutorial_objectstorage.py for tasks to queue
[2026-02-24T05:18:02.874+0530] {logging_mixin.py:188} INFO - [2026-02-24T05:18:02.874+0530] {dagbag.py:540} INFO - Filling up the DagBag from /Users/aswin/Documents/data-engineering-practice/ETL_Airflow_DBT/airflow/airflow_env/lib/python3.11/site-packages/airflow/example_dags/tutorial_objectstorage.py
[2026-02-24T05:18:02.905+0530] {processor.py:840} INFO - DAG(s) 'tutorial_objectstorage' retrieved from /Users/aswin/Documents/data-engineering-practice/ETL_Airflow_DBT/airflow/airflow_env/lib/python3.11/site-packages/airflow/example_dags/tutorial_objectstorage.py
[2026-02-24T05:18:02.934+0530] {logging_mixin.py:188} INFO - [2026-02-24T05:18:02.934+0530] {dag.py:3096} INFO - Sync 1 DAGs
[2026-02-24T05:18:02.937+0530] {logging_mixin.py:188} INFO - [2026-02-24T05:18:02.937+0530] {dag.py:3954} INFO - Setting next_dagrun for tutorial_objectstorage to None, run_after=None
[2026-02-24T05:18:02.943+0530] {processor.py:183} INFO - Processing /Users/aswin/Documents/data-engineering-practice/ETL_Airflow_DBT/airflow/airflow_env/lib/python3.11/site-packages/airflow/example_dags/tutorial_objectstorage.py took 0.071 seconds
[2026-02-24T05:18:49.614+0530] {processor.py:161} INFO - Started process (PID=46508) to work on /Users/aswin/Documents/data-engineering-practice/ETL_Airflow_DBT/airflow/airflow_env/lib/python3.11/site-packages/airflow/example_dags/tutorial_objectstorage.py
[2026-02-24T05:18:49.614+0530] {processor.py:830} INFO - Processing file /Users/aswin/Documents/data-engineering-practice/ETL_Airflow_DBT/airflow/airflow_env/lib/python3.11/site-packages/airflow/example_dags/tutorial_objectstorage.py for tasks to queue
[2026-02-24T05:18:49.614+0530] {logging_mixin.py:188} INFO - [2026-02-24T05:18:49.614+0530] {dagbag.py:540} INFO - Filling up the DagBag from /Users/aswin/Documents/data-engineering-practice/ETL_Airflow_DBT/airflow/airflow_env/lib/python3.11/site-packages/airflow/example_dags/tutorial_objectstorage.py
[2026-02-24T05:18:49.645+0530] {processor.py:840} INFO - DAG(s) 'tutorial_objectstorage' retrieved from /Users/aswin/Documents/data-engineering-practice/ETL_Airflow_DBT/airflow/airflow_env/lib/python3.11/site-packages/airflow/example_dags/tutorial_objectstorage.py
[2026-02-24T05:18:49.673+0530] {logging_mixin.py:188} INFO - [2026-02-24T05:18:49.673+0530] {dag.py:3096} INFO - Sync 1 DAGs
[2026-02-24T05:18:49.676+0530] {logging_mixin.py:188} INFO - [2026-02-24T05:18:49.676+0530] {dag.py:3954} INFO - Setting next_dagrun for tutorial_objectstorage to None, run_after=None
[2026-02-24T05:18:49.682+0530] {processor.py:183} INFO - Processing /Users/aswin/Documents/data-engineering-practice/ETL_Airflow_DBT/airflow/airflow_env/lib/python3.11/site-packages/airflow/example_dags/tutorial_objectstorage.py took 0.069 seconds
[2026-02-24T05:19:37.399+0530] {processor.py:161} INFO - Started process (PID=46546) to work on /Users/aswin/Documents/data-engineering-practice/ETL_Airflow_DBT/airflow/airflow_env/lib/python3.11/site-packages/airflow/example_dags/tutorial_objectstorage.py
[2026-02-24T05:19:37.401+0530] {processor.py:830} INFO - Processing file /Users/aswin/Documents/data-engineering-practice/ETL_Airflow_DBT/airflow/airflow_env/lib/python3.11/site-packages/airflow/example_dags/tutorial_objectstorage.py for tasks to queue
[2026-02-24T05:19:37.401+0530] {logging_mixin.py:188} INFO - [2026-02-24T05:19:37.401+0530] {dagbag.py:540} INFO - Filling up the DagBag from /Users/aswin/Documents/data-engineering-practice/ETL_Airflow_DBT/airflow/airflow_env/lib/python3.11/site-packages/airflow/example_dags/tutorial_objectstorage.py
[2026-02-24T05:19:37.431+0530] {processor.py:840} INFO - DAG(s) 'tutorial_objectstorage' retrieved from /Users/aswin/Documents/data-engineering-practice/ETL_Airflow_DBT/airflow/airflow_env/lib/python3.11/site-packages/airflow/example_dags/tutorial_objectstorage.py
[2026-02-24T05:19:37.459+0530] {logging_mixin.py:188} INFO - [2026-02-24T05:19:37.459+0530] {dag.py:3096} INFO - Sync 1 DAGs
[2026-02-24T05:19:37.462+0530] {logging_mixin.py:188} INFO - [2026-02-24T05:19:37.462+0530] {dag.py:3954} INFO - Setting next_dagrun for tutorial_objectstorage to None, run_after=None
[2026-02-24T05:19:37.468+0530] {processor.py:183} INFO - Processing /Users/aswin/Documents/data-engineering-practice/ETL_Airflow_DBT/airflow/airflow_env/lib/python3.11/site-packages/airflow/example_dags/tutorial_objectstorage.py took 0.069 seconds
[2026-02-24T05:20:27.929+0530] {processor.py:161} INFO - Started process (PID=46597) to work on /Users/aswin/Documents/data-engineering-practice/ETL_Airflow_DBT/airflow/airflow_env/lib/python3.11/site-packages/airflow/example_dags/tutorial_objectstorage.py
[2026-02-24T05:20:27.930+0530] {processor.py:830} INFO - Processing file /Users/aswin/Documents/data-engineering-practice/ETL_Airflow_DBT/airflow/airflow_env/lib/python3.11/site-packages/airflow/example_dags/tutorial_objectstorage.py for tasks to queue
[2026-02-24T05:20:27.930+0530] {logging_mixin.py:188} INFO - [2026-02-24T05:20:27.930+0530] {dagbag.py:540} INFO - Filling up the DagBag from /Users/aswin/Documents/data-engineering-practice/ETL_Airflow_DBT/airflow/airflow_env/lib/python3.11/site-packages/airflow/example_dags/tutorial_objectstorage.py
[2026-02-24T05:20:27.961+0530] {processor.py:840} INFO - DAG(s) 'tutorial_objectstorage' retrieved from /Users/aswin/Documents/data-engineering-practice/ETL_Airflow_DBT/airflow/airflow_env/lib/python3.11/site-packages/airflow/example_dags/tutorial_objectstorage.py
[2026-02-24T05:20:27.989+0530] {logging_mixin.py:188} INFO - [2026-02-24T05:20:27.989+0530] {dag.py:3096} INFO - Sync 1 DAGs
[2026-02-24T05:20:27.992+0530] {logging_mixin.py:188} INFO - [2026-02-24T05:20:27.992+0530] {dag.py:3954} INFO - Setting next_dagrun for tutorial_objectstorage to None, run_after=None
[2026-02-24T05:20:27.998+0530] {processor.py:183} INFO - Processing /Users/aswin/Documents/data-engineering-practice/ETL_Airflow_DBT/airflow/airflow_env/lib/python3.11/site-packages/airflow/example_dags/tutorial_objectstorage.py took 0.071 seconds
[2026-02-24T05:21:17.115+0530] {processor.py:161} INFO - Started process (PID=46634) to work on /Users/aswin/Documents/data-engineering-practice/ETL_Airflow_DBT/airflow/airflow_env/lib/python3.11/site-packages/airflow/example_dags/tutorial_objectstorage.py
[2026-02-24T05:21:17.116+0530] {processor.py:830} INFO - Processing file /Users/aswin/Documents/data-engineering-practice/ETL_Airflow_DBT/airflow/airflow_env/lib/python3.11/site-packages/airflow/example_dags/tutorial_objectstorage.py for tasks to queue
[2026-02-24T05:21:17.116+0530] {logging_mixin.py:188} INFO - [2026-02-24T05:21:17.116+0530] {dagbag.py:540} INFO - Filling up the DagBag from /Users/aswin/Documents/data-engineering-practice/ETL_Airflow_DBT/airflow/airflow_env/lib/python3.11/site-packages/airflow/example_dags/tutorial_objectstorage.py
[2026-02-24T05:21:17.146+0530] {processor.py:840} INFO - DAG(s) 'tutorial_objectstorage' retrieved from /Users/aswin/Documents/data-engineering-practice/ETL_Airflow_DBT/airflow/airflow_env/lib/python3.11/site-packages/airflow/example_dags/tutorial_objectstorage.py
[2026-02-24T05:21:17.174+0530] {logging_mixin.py:188} INFO - [2026-02-24T05:21:17.174+0530] {dag.py:3096} INFO - Sync 1 DAGs
[2026-02-24T05:21:17.177+0530] {logging_mixin.py:188} INFO - [2026-02-24T05:21:17.177+0530] {dag.py:3954} INFO - Setting next_dagrun for tutorial_objectstorage to None, run_after=None
[2026-02-24T05:21:17.183+0530] {processor.py:183} INFO - Processing /Users/aswin/Documents/data-engineering-practice/ETL_Airflow_DBT/airflow/airflow_env/lib/python3.11/site-packages/airflow/example_dags/tutorial_objectstorage.py took 0.069 seconds
[2026-02-24T05:21:59.668+0530] {processor.py:161} INFO - Started process (PID=46670) to work on /Users/aswin/Documents/data-engineering-practice/ETL_Airflow_DBT/airflow/airflow_env/lib/python3.11/site-packages/airflow/example_dags/tutorial_objectstorage.py
[2026-02-24T05:21:59.668+0530] {processor.py:830} INFO - Processing file /Users/aswin/Documents/data-engineering-practice/ETL_Airflow_DBT/airflow/airflow_env/lib/python3.11/site-packages/airflow/example_dags/tutorial_objectstorage.py for tasks to queue
[2026-02-24T05:21:59.668+0530] {logging_mixin.py:188} INFO - [2026-02-24T05:21:59.668+0530] {dagbag.py:540} INFO - Filling up the DagBag from /Users/aswin/Documents/data-engineering-practice/ETL_Airflow_DBT/airflow/airflow_env/lib/python3.11/site-packages/airflow/example_dags/tutorial_objectstorage.py
[2026-02-24T05:21:59.701+0530] {processor.py:840} INFO - DAG(s) 'tutorial_objectstorage' retrieved from /Users/aswin/Documents/data-engineering-practice/ETL_Airflow_DBT/airflow/airflow_env/lib/python3.11/site-packages/airflow/example_dags/tutorial_objectstorage.py
[2026-02-24T05:21:59.730+0530] {logging_mixin.py:188} INFO - [2026-02-24T05:21:59.729+0530] {dag.py:3096} INFO - Sync 1 DAGs
[2026-02-24T05:21:59.732+0530] {logging_mixin.py:188} INFO - [2026-02-24T05:21:59.732+0530] {dag.py:3954} INFO - Setting next_dagrun for tutorial_objectstorage to None, run_after=None
[2026-02-24T05:21:59.739+0530] {processor.py:183} INFO - Processing /Users/aswin/Documents/data-engineering-practice/ETL_Airflow_DBT/airflow/airflow_env/lib/python3.11/site-packages/airflow/example_dags/tutorial_objectstorage.py took 0.072 seconds
[2026-02-24T05:22:45.234+0530] {processor.py:161} INFO - Started process (PID=46704) to work on /Users/aswin/Documents/data-engineering-practice/ETL_Airflow_DBT/airflow/airflow_env/lib/python3.11/site-packages/airflow/example_dags/tutorial_objectstorage.py
[2026-02-24T05:22:45.234+0530] {processor.py:830} INFO - Processing file /Users/aswin/Documents/data-engineering-practice/ETL_Airflow_DBT/airflow/airflow_env/lib/python3.11/site-packages/airflow/example_dags/tutorial_objectstorage.py for tasks to queue
[2026-02-24T05:22:45.234+0530] {logging_mixin.py:188} INFO - [2026-02-24T05:22:45.234+0530] {dagbag.py:540} INFO - Filling up the DagBag from /Users/aswin/Documents/data-engineering-practice/ETL_Airflow_DBT/airflow/airflow_env/lib/python3.11/site-packages/airflow/example_dags/tutorial_objectstorage.py
[2026-02-24T05:22:45.264+0530] {processor.py:840} INFO - DAG(s) 'tutorial_objectstorage' retrieved from /Users/aswin/Documents/data-engineering-practice/ETL_Airflow_DBT/airflow/airflow_env/lib/python3.11/site-packages/airflow/example_dags/tutorial_objectstorage.py
[2026-02-24T05:22:45.293+0530] {logging_mixin.py:188} INFO - [2026-02-24T05:22:45.292+0530] {dag.py:3096} INFO - Sync 1 DAGs
[2026-02-24T05:22:45.295+0530] {logging_mixin.py:188} INFO - [2026-02-24T05:22:45.295+0530] {dag.py:3954} INFO - Setting next_dagrun for tutorial_objectstorage to None, run_after=None
[2026-02-24T05:22:45.301+0530] {processor.py:183} INFO - Processing /Users/aswin/Documents/data-engineering-practice/ETL_Airflow_DBT/airflow/airflow_env/lib/python3.11/site-packages/airflow/example_dags/tutorial_objectstorage.py took 0.069 seconds
[2026-02-24T05:23:30.649+0530] {processor.py:161} INFO - Started process (PID=46738) to work on /Users/aswin/Documents/data-engineering-practice/ETL_Airflow_DBT/airflow/airflow_env/lib/python3.11/site-packages/airflow/example_dags/tutorial_objectstorage.py
[2026-02-24T05:23:30.650+0530] {processor.py:830} INFO - Processing file /Users/aswin/Documents/data-engineering-practice/ETL_Airflow_DBT/airflow/airflow_env/lib/python3.11/site-packages/airflow/example_dags/tutorial_objectstorage.py for tasks to queue
[2026-02-24T05:23:30.650+0530] {logging_mixin.py:188} INFO - [2026-02-24T05:23:30.650+0530] {dagbag.py:540} INFO - Filling up the DagBag from /Users/aswin/Documents/data-engineering-practice/ETL_Airflow_DBT/airflow/airflow_env/lib/python3.11/site-packages/airflow/example_dags/tutorial_objectstorage.py
[2026-02-24T05:23:30.681+0530] {processor.py:840} INFO - DAG(s) 'tutorial_objectstorage' retrieved from /Users/aswin/Documents/data-engineering-practice/ETL_Airflow_DBT/airflow/airflow_env/lib/python3.11/site-packages/airflow/example_dags/tutorial_objectstorage.py
[2026-02-24T05:23:30.710+0530] {logging_mixin.py:188} INFO - [2026-02-24T05:23:30.710+0530] {dag.py:3096} INFO - Sync 1 DAGs
[2026-02-24T05:23:30.713+0530] {logging_mixin.py:188} INFO - [2026-02-24T05:23:30.713+0530] {dag.py:3954} INFO - Setting next_dagrun for tutorial_objectstorage to None, run_after=None
[2026-02-24T05:23:30.719+0530] {processor.py:183} INFO - Processing /Users/aswin/Documents/data-engineering-practice/ETL_Airflow_DBT/airflow/airflow_env/lib/python3.11/site-packages/airflow/example_dags/tutorial_objectstorage.py took 0.071 seconds
[2026-02-24T05:24:15.976+0530] {processor.py:161} INFO - Started process (PID=46772) to work on /Users/aswin/Documents/data-engineering-practice/ETL_Airflow_DBT/airflow/airflow_env/lib/python3.11/site-packages/airflow/example_dags/tutorial_objectstorage.py
[2026-02-24T05:24:15.977+0530] {processor.py:830} INFO - Processing file /Users/aswin/Documents/data-engineering-practice/ETL_Airflow_DBT/airflow/airflow_env/lib/python3.11/site-packages/airflow/example_dags/tutorial_objectstorage.py for tasks to queue
[2026-02-24T05:24:15.977+0530] {logging_mixin.py:188} INFO - [2026-02-24T05:24:15.977+0530] {dagbag.py:540} INFO - Filling up the DagBag from /Users/aswin/Documents/data-engineering-practice/ETL_Airflow_DBT/airflow/airflow_env/lib/python3.11/site-packages/airflow/example_dags/tutorial_objectstorage.py
[2026-02-24T05:24:16.006+0530] {processor.py:840} INFO - DAG(s) 'tutorial_objectstorage' retrieved from /Users/aswin/Documents/data-engineering-practice/ETL_Airflow_DBT/airflow/airflow_env/lib/python3.11/site-packages/airflow/example_dags/tutorial_objectstorage.py
[2026-02-24T05:24:16.034+0530] {logging_mixin.py:188} INFO - [2026-02-24T05:24:16.034+0530] {dag.py:3096} INFO - Sync 1 DAGs
[2026-02-24T05:24:16.037+0530] {logging_mixin.py:188} INFO - [2026-02-24T05:24:16.036+0530] {dag.py:3954} INFO - Setting next_dagrun for tutorial_objectstorage to None, run_after=None
[2026-02-24T05:24:16.043+0530] {processor.py:183} INFO - Processing /Users/aswin/Documents/data-engineering-practice/ETL_Airflow_DBT/airflow/airflow_env/lib/python3.11/site-packages/airflow/example_dags/tutorial_objectstorage.py took 0.067 seconds
[2026-02-24T05:24:59.699+0530] {processor.py:161} INFO - Started process (PID=46825) to work on /Users/aswin/Documents/data-engineering-practice/ETL_Airflow_DBT/airflow/airflow_env/lib/python3.11/site-packages/airflow/example_dags/tutorial_objectstorage.py
[2026-02-24T05:24:59.699+0530] {processor.py:830} INFO - Processing file /Users/aswin/Documents/data-engineering-practice/ETL_Airflow_DBT/airflow/airflow_env/lib/python3.11/site-packages/airflow/example_dags/tutorial_objectstorage.py for tasks to queue
[2026-02-24T05:24:59.699+0530] {logging_mixin.py:188} INFO - [2026-02-24T05:24:59.699+0530] {dagbag.py:540} INFO - Filling up the DagBag from /Users/aswin/Documents/data-engineering-practice/ETL_Airflow_DBT/airflow/airflow_env/lib/python3.11/site-packages/airflow/example_dags/tutorial_objectstorage.py
[2026-02-24T05:24:59.729+0530] {processor.py:840} INFO - DAG(s) 'tutorial_objectstorage' retrieved from /Users/aswin/Documents/data-engineering-practice/ETL_Airflow_DBT/airflow/airflow_env/lib/python3.11/site-packages/airflow/example_dags/tutorial_objectstorage.py
[2026-02-24T05:24:59.759+0530] {logging_mixin.py:188} INFO - [2026-02-24T05:24:59.759+0530] {dag.py:3096} INFO - Sync 1 DAGs
[2026-02-24T05:24:59.762+0530] {logging_mixin.py:188} INFO - [2026-02-24T05:24:59.762+0530] {dag.py:3954} INFO - Setting next_dagrun for tutorial_objectstorage to None, run_after=None
[2026-02-24T05:24:59.769+0530] {processor.py:183} INFO - Processing /Users/aswin/Documents/data-engineering-practice/ETL_Airflow_DBT/airflow/airflow_env/lib/python3.11/site-packages/airflow/example_dags/tutorial_objectstorage.py took 0.071 seconds
[2026-02-24T05:25:46.494+0530] {processor.py:161} INFO - Started process (PID=46866) to work on /Users/aswin/Documents/data-engineering-practice/ETL_Airflow_DBT/airflow/airflow_env/lib/python3.11/site-packages/airflow/example_dags/tutorial_objectstorage.py
[2026-02-24T05:25:46.495+0530] {processor.py:830} INFO - Processing file /Users/aswin/Documents/data-engineering-practice/ETL_Airflow_DBT/airflow/airflow_env/lib/python3.11/site-packages/airflow/example_dags/tutorial_objectstorage.py for tasks to queue
[2026-02-24T05:25:46.495+0530] {logging_mixin.py:188} INFO - [2026-02-24T05:25:46.495+0530] {dagbag.py:540} INFO - Filling up the DagBag from /Users/aswin/Documents/data-engineering-practice/ETL_Airflow_DBT/airflow/airflow_env/lib/python3.11/site-packages/airflow/example_dags/tutorial_objectstorage.py
[2026-02-24T05:25:46.525+0530] {processor.py:840} INFO - DAG(s) 'tutorial_objectstorage' retrieved from /Users/aswin/Documents/data-engineering-practice/ETL_Airflow_DBT/airflow/airflow_env/lib/python3.11/site-packages/airflow/example_dags/tutorial_objectstorage.py
[2026-02-24T05:25:46.554+0530] {logging_mixin.py:188} INFO - [2026-02-24T05:25:46.553+0530] {dag.py:3096} INFO - Sync 1 DAGs
[2026-02-24T05:25:46.556+0530] {logging_mixin.py:188} INFO - [2026-02-24T05:25:46.556+0530] {dag.py:3954} INFO - Setting next_dagrun for tutorial_objectstorage to None, run_after=None
[2026-02-24T05:25:46.563+0530] {processor.py:183} INFO - Processing /Users/aswin/Documents/data-engineering-practice/ETL_Airflow_DBT/airflow/airflow_env/lib/python3.11/site-packages/airflow/example_dags/tutorial_objectstorage.py took 0.070 seconds
[2026-02-24T05:26:33.471+0530] {processor.py:161} INFO - Started process (PID=46903) to work on /Users/aswin/Documents/data-engineering-practice/ETL_Airflow_DBT/airflow/airflow_env/lib/python3.11/site-packages/airflow/example_dags/tutorial_objectstorage.py
[2026-02-24T05:26:33.472+0530] {processor.py:830} INFO - Processing file /Users/aswin/Documents/data-engineering-practice/ETL_Airflow_DBT/airflow/airflow_env/lib/python3.11/site-packages/airflow/example_dags/tutorial_objectstorage.py for tasks to queue
[2026-02-24T05:26:33.473+0530] {logging_mixin.py:188} INFO - [2026-02-24T05:26:33.473+0530] {dagbag.py:540} INFO - Filling up the DagBag from /Users/aswin/Documents/data-engineering-practice/ETL_Airflow_DBT/airflow/airflow_env/lib/python3.11/site-packages/airflow/example_dags/tutorial_objectstorage.py
[2026-02-24T05:26:33.502+0530] {processor.py:840} INFO - DAG(s) 'tutorial_objectstorage' retrieved from /Users/aswin/Documents/data-engineering-practice/ETL_Airflow_DBT/airflow/airflow_env/lib/python3.11/site-packages/airflow/example_dags/tutorial_objectstorage.py
[2026-02-24T05:26:33.530+0530] {logging_mixin.py:188} INFO - [2026-02-24T05:26:33.530+0530] {dag.py:3096} INFO - Sync 1 DAGs
[2026-02-24T05:26:33.533+0530] {logging_mixin.py:188} INFO - [2026-02-24T05:26:33.533+0530] {dag.py:3954} INFO - Setting next_dagrun for tutorial_objectstorage to None, run_after=None
[2026-02-24T05:26:33.539+0530] {processor.py:183} INFO - Processing /Users/aswin/Documents/data-engineering-practice/ETL_Airflow_DBT/airflow/airflow_env/lib/python3.11/site-packages/airflow/example_dags/tutorial_objectstorage.py took 0.069 seconds
[2026-02-24T05:27:18.917+0530] {processor.py:161} INFO - Started process (PID=46941) to work on /Users/aswin/Documents/data-engineering-practice/ETL_Airflow_DBT/airflow/airflow_env/lib/python3.11/site-packages/airflow/example_dags/tutorial_objectstorage.py
[2026-02-24T05:27:18.918+0530] {processor.py:830} INFO - Processing file /Users/aswin/Documents/data-engineering-practice/ETL_Airflow_DBT/airflow/airflow_env/lib/python3.11/site-packages/airflow/example_dags/tutorial_objectstorage.py for tasks to queue
[2026-02-24T05:27:18.918+0530] {logging_mixin.py:188} INFO - [2026-02-24T05:27:18.918+0530] {dagbag.py:540} INFO - Filling up the DagBag from /Users/aswin/Documents/data-engineering-practice/ETL_Airflow_DBT/airflow/airflow_env/lib/python3.11/site-packages/airflow/example_dags/tutorial_objectstorage.py
[2026-02-24T05:27:18.948+0530] {processor.py:840} INFO - DAG(s) 'tutorial_objectstorage' retrieved from /Users/aswin/Documents/data-engineering-practice/ETL_Airflow_DBT/airflow/airflow_env/lib/python3.11/site-packages/airflow/example_dags/tutorial_objectstorage.py
[2026-02-24T05:27:18.976+0530] {logging_mixin.py:188} INFO - [2026-02-24T05:27:18.976+0530] {dag.py:3096} INFO - Sync 1 DAGs
[2026-02-24T05:27:18.979+0530] {logging_mixin.py:188} INFO - [2026-02-24T05:27:18.979+0530] {dag.py:3954} INFO - Setting next_dagrun for tutorial_objectstorage to None, run_after=None
[2026-02-24T05:27:18.985+0530] {processor.py:183} INFO - Processing /Users/aswin/Documents/data-engineering-practice/ETL_Airflow_DBT/airflow/airflow_env/lib/python3.11/site-packages/airflow/example_dags/tutorial_objectstorage.py took 0.069 seconds
[2026-02-24T05:28:03.337+0530] {processor.py:161} INFO - Started process (PID=46976) to work on /Users/aswin/Documents/data-engineering-practice/ETL_Airflow_DBT/airflow/airflow_env/lib/python3.11/site-packages/airflow/example_dags/tutorial_objectstorage.py
[2026-02-24T05:28:03.337+0530] {processor.py:830} INFO - Processing file /Users/aswin/Documents/data-engineering-practice/ETL_Airflow_DBT/airflow/airflow_env/lib/python3.11/site-packages/airflow/example_dags/tutorial_objectstorage.py for tasks to queue
[2026-02-24T05:28:03.337+0530] {logging_mixin.py:188} INFO - [2026-02-24T05:28:03.337+0530] {dagbag.py:540} INFO - Filling up the DagBag from /Users/aswin/Documents/data-engineering-practice/ETL_Airflow_DBT/airflow/airflow_env/lib/python3.11/site-packages/airflow/example_dags/tutorial_objectstorage.py
[2026-02-24T05:28:03.366+0530] {processor.py:840} INFO - DAG(s) 'tutorial_objectstorage' retrieved from /Users/aswin/Documents/data-engineering-practice/ETL_Airflow_DBT/airflow/airflow_env/lib/python3.11/site-packages/airflow/example_dags/tutorial_objectstorage.py
[2026-02-24T05:28:03.395+0530] {logging_mixin.py:188} INFO - [2026-02-24T05:28:03.395+0530] {dag.py:3096} INFO - Sync 1 DAGs
[2026-02-24T05:28:03.398+0530] {logging_mixin.py:188} INFO - [2026-02-24T05:28:03.398+0530] {dag.py:3954} INFO - Setting next_dagrun for tutorial_objectstorage to None, run_after=None
[2026-02-24T05:28:03.404+0530] {processor.py:183} INFO - Processing /Users/aswin/Documents/data-engineering-practice/ETL_Airflow_DBT/airflow/airflow_env/lib/python3.11/site-packages/airflow/example_dags/tutorial_objectstorage.py took 0.069 seconds
[2026-02-24T05:28:47.802+0530] {processor.py:161} INFO - Started process (PID=47010) to work on /Users/aswin/Documents/data-engineering-practice/ETL_Airflow_DBT/airflow/airflow_env/lib/python3.11/site-packages/airflow/example_dags/tutorial_objectstorage.py
[2026-02-24T05:28:47.803+0530] {processor.py:830} INFO - Processing file /Users/aswin/Documents/data-engineering-practice/ETL_Airflow_DBT/airflow/airflow_env/lib/python3.11/site-packages/airflow/example_dags/tutorial_objectstorage.py for tasks to queue
[2026-02-24T05:28:47.803+0530] {logging_mixin.py:188} INFO - [2026-02-24T05:28:47.803+0530] {dagbag.py:540} INFO - Filling up the DagBag from /Users/aswin/Documents/data-engineering-practice/ETL_Airflow_DBT/airflow/airflow_env/lib/python3.11/site-packages/airflow/example_dags/tutorial_objectstorage.py
[2026-02-24T05:28:47.833+0530] {processor.py:840} INFO - DAG(s) 'tutorial_objectstorage' retrieved from /Users/aswin/Documents/data-engineering-practice/ETL_Airflow_DBT/airflow/airflow_env/lib/python3.11/site-packages/airflow/example_dags/tutorial_objectstorage.py
[2026-02-24T05:28:47.861+0530] {logging_mixin.py:188} INFO - [2026-02-24T05:28:47.861+0530] {dag.py:3096} INFO - Sync 1 DAGs
[2026-02-24T05:28:47.864+0530] {logging_mixin.py:188} INFO - [2026-02-24T05:28:47.864+0530] {dag.py:3954} INFO - Setting next_dagrun for tutorial_objectstorage to None, run_after=None
[2026-02-24T05:28:47.870+0530] {processor.py:183} INFO - Processing /Users/aswin/Documents/data-engineering-practice/ETL_Airflow_DBT/airflow/airflow_env/lib/python3.11/site-packages/airflow/example_dags/tutorial_objectstorage.py took 0.069 seconds
[2026-02-24T05:29:31.733+0530] {processor.py:161} INFO - Started process (PID=47043) to work on /Users/aswin/Documents/data-engineering-practice/ETL_Airflow_DBT/airflow/airflow_env/lib/python3.11/site-packages/airflow/example_dags/tutorial_objectstorage.py
[2026-02-24T05:29:31.734+0530] {processor.py:830} INFO - Processing file /Users/aswin/Documents/data-engineering-practice/ETL_Airflow_DBT/airflow/airflow_env/lib/python3.11/site-packages/airflow/example_dags/tutorial_objectstorage.py for tasks to queue
[2026-02-24T05:29:31.734+0530] {logging_mixin.py:188} INFO - [2026-02-24T05:29:31.734+0530] {dagbag.py:540} INFO - Filling up the DagBag from /Users/aswin/Documents/data-engineering-practice/ETL_Airflow_DBT/airflow/airflow_env/lib/python3.11/site-packages/airflow/example_dags/tutorial_objectstorage.py
[2026-02-24T05:29:31.764+0530] {processor.py:840} INFO - DAG(s) 'tutorial_objectstorage' retrieved from /Users/aswin/Documents/data-engineering-practice/ETL_Airflow_DBT/airflow/airflow_env/lib/python3.11/site-packages/airflow/example_dags/tutorial_objectstorage.py
[2026-02-24T05:29:31.792+0530] {logging_mixin.py:188} INFO - [2026-02-24T05:29:31.792+0530] {dag.py:3096} INFO - Sync 1 DAGs
[2026-02-24T05:29:31.795+0530] {logging_mixin.py:188} INFO - [2026-02-24T05:29:31.795+0530] {dag.py:3954} INFO - Setting next_dagrun for tutorial_objectstorage to None, run_after=None
[2026-02-24T05:29:31.801+0530] {processor.py:183} INFO - Processing /Users/aswin/Documents/data-engineering-practice/ETL_Airflow_DBT/airflow/airflow_env/lib/python3.11/site-packages/airflow/example_dags/tutorial_objectstorage.py took 0.070 seconds
