[2026-03-10T06:02:12.541+0530] {processor.py:161} INFO - Started process (PID=22090) to work on /Users/aswin/Documents/data-engineering-practice/ETL_Airflow_DBT/airflow/airflow_env/lib/python3.11/site-packages/airflow/example_dags/example_nested_branch_dag.py
[2026-03-10T06:02:12.541+0530] {processor.py:830} INFO - Processing file /Users/aswin/Documents/data-engineering-practice/ETL_Airflow_DBT/airflow/airflow_env/lib/python3.11/site-packages/airflow/example_dags/example_nested_branch_dag.py for tasks to queue
[2026-03-10T06:02:12.541+0530] {logging_mixin.py:188} INFO - [2026-03-10T06:02:12.541+0530] {dagbag.py:540} INFO - Filling up the DagBag from /Users/aswin/Documents/data-engineering-practice/ETL_Airflow_DBT/airflow/airflow_env/lib/python3.11/site-packages/airflow/example_dags/example_nested_branch_dag.py
[2026-03-10T06:02:12.556+0530] {processor.py:840} INFO - DAG(s) 'example_nested_branch_dag' retrieved from /Users/aswin/Documents/data-engineering-practice/ETL_Airflow_DBT/airflow/airflow_env/lib/python3.11/site-packages/airflow/example_dags/example_nested_branch_dag.py
[2026-03-10T06:02:12.586+0530] {logging_mixin.py:188} INFO - [2026-03-10T06:02:12.586+0530] {dag.py:3096} INFO - Sync 1 DAGs
[2026-03-10T06:02:12.591+0530] {logging_mixin.py:188} INFO - [2026-03-10T06:02:12.591+0530] {dag.py:3954} INFO - Setting next_dagrun for example_nested_branch_dag to 2026-03-09 00:00:00+00:00, run_after=2026-03-10 00:00:00+00:00
[2026-03-10T06:02:12.597+0530] {processor.py:183} INFO - Processing /Users/aswin/Documents/data-engineering-practice/ETL_Airflow_DBT/airflow/airflow_env/lib/python3.11/site-packages/airflow/example_dags/example_nested_branch_dag.py took 0.057 seconds
[2026-03-10T06:03:46.192+0530] {processor.py:161} INFO - Started process (PID=22166) to work on /Users/aswin/Documents/data-engineering-practice/ETL_Airflow_DBT/airflow/airflow_env/lib/python3.11/site-packages/airflow/example_dags/example_nested_branch_dag.py
[2026-03-10T06:03:46.193+0530] {processor.py:830} INFO - Processing file /Users/aswin/Documents/data-engineering-practice/ETL_Airflow_DBT/airflow/airflow_env/lib/python3.11/site-packages/airflow/example_dags/example_nested_branch_dag.py for tasks to queue
[2026-03-10T06:03:46.194+0530] {logging_mixin.py:188} INFO - [2026-03-10T06:03:46.193+0530] {dagbag.py:540} INFO - Filling up the DagBag from /Users/aswin/Documents/data-engineering-practice/ETL_Airflow_DBT/airflow/airflow_env/lib/python3.11/site-packages/airflow/example_dags/example_nested_branch_dag.py
[2026-03-10T06:03:46.209+0530] {processor.py:840} INFO - DAG(s) 'example_nested_branch_dag' retrieved from /Users/aswin/Documents/data-engineering-practice/ETL_Airflow_DBT/airflow/airflow_env/lib/python3.11/site-packages/airflow/example_dags/example_nested_branch_dag.py
[2026-03-10T06:03:46.238+0530] {logging_mixin.py:188} INFO - [2026-03-10T06:03:46.238+0530] {dag.py:3096} INFO - Sync 1 DAGs
[2026-03-10T06:03:46.244+0530] {logging_mixin.py:188} INFO - [2026-03-10T06:03:46.244+0530] {dag.py:3954} INFO - Setting next_dagrun for example_nested_branch_dag to 2026-03-09 00:00:00+00:00, run_after=2026-03-10 00:00:00+00:00
[2026-03-10T06:03:46.249+0530] {processor.py:183} INFO - Processing /Users/aswin/Documents/data-engineering-practice/ETL_Airflow_DBT/airflow/airflow_env/lib/python3.11/site-packages/airflow/example_dags/example_nested_branch_dag.py took 0.058 seconds
[2026-03-10T06:05:21.393+0530] {processor.py:161} INFO - Started process (PID=22243) to work on /Users/aswin/Documents/data-engineering-practice/ETL_Airflow_DBT/airflow/airflow_env/lib/python3.11/site-packages/airflow/example_dags/example_nested_branch_dag.py
[2026-03-10T06:05:21.394+0530] {processor.py:830} INFO - Processing file /Users/aswin/Documents/data-engineering-practice/ETL_Airflow_DBT/airflow/airflow_env/lib/python3.11/site-packages/airflow/example_dags/example_nested_branch_dag.py for tasks to queue
[2026-03-10T06:05:21.395+0530] {logging_mixin.py:188} INFO - [2026-03-10T06:05:21.394+0530] {dagbag.py:540} INFO - Filling up the DagBag from /Users/aswin/Documents/data-engineering-practice/ETL_Airflow_DBT/airflow/airflow_env/lib/python3.11/site-packages/airflow/example_dags/example_nested_branch_dag.py
[2026-03-10T06:05:21.410+0530] {processor.py:840} INFO - DAG(s) 'example_nested_branch_dag' retrieved from /Users/aswin/Documents/data-engineering-practice/ETL_Airflow_DBT/airflow/airflow_env/lib/python3.11/site-packages/airflow/example_dags/example_nested_branch_dag.py
[2026-03-10T06:05:21.440+0530] {logging_mixin.py:188} INFO - [2026-03-10T06:05:21.440+0530] {dag.py:3096} INFO - Sync 1 DAGs
[2026-03-10T06:05:21.445+0530] {logging_mixin.py:188} INFO - [2026-03-10T06:05:21.445+0530] {dag.py:3954} INFO - Setting next_dagrun for example_nested_branch_dag to 2026-03-09 00:00:00+00:00, run_after=2026-03-10 00:00:00+00:00
[2026-03-10T06:05:21.451+0530] {processor.py:183} INFO - Processing /Users/aswin/Documents/data-engineering-practice/ETL_Airflow_DBT/airflow/airflow_env/lib/python3.11/site-packages/airflow/example_dags/example_nested_branch_dag.py took 0.058 seconds
[2026-03-10T06:06:54.143+0530] {processor.py:161} INFO - Started process (PID=22335) to work on /Users/aswin/Documents/data-engineering-practice/ETL_Airflow_DBT/airflow/airflow_env/lib/python3.11/site-packages/airflow/example_dags/example_nested_branch_dag.py
[2026-03-10T06:06:54.144+0530] {processor.py:830} INFO - Processing file /Users/aswin/Documents/data-engineering-practice/ETL_Airflow_DBT/airflow/airflow_env/lib/python3.11/site-packages/airflow/example_dags/example_nested_branch_dag.py for tasks to queue
[2026-03-10T06:06:54.144+0530] {logging_mixin.py:188} INFO - [2026-03-10T06:06:54.144+0530] {dagbag.py:540} INFO - Filling up the DagBag from /Users/aswin/Documents/data-engineering-practice/ETL_Airflow_DBT/airflow/airflow_env/lib/python3.11/site-packages/airflow/example_dags/example_nested_branch_dag.py
[2026-03-10T06:06:54.158+0530] {processor.py:840} INFO - DAG(s) 'example_nested_branch_dag' retrieved from /Users/aswin/Documents/data-engineering-practice/ETL_Airflow_DBT/airflow/airflow_env/lib/python3.11/site-packages/airflow/example_dags/example_nested_branch_dag.py
[2026-03-10T06:06:54.188+0530] {logging_mixin.py:188} INFO - [2026-03-10T06:06:54.188+0530] {dag.py:3096} INFO - Sync 1 DAGs
[2026-03-10T06:06:54.193+0530] {logging_mixin.py:188} INFO - [2026-03-10T06:06:54.193+0530] {dag.py:3954} INFO - Setting next_dagrun for example_nested_branch_dag to 2026-03-09 00:00:00+00:00, run_after=2026-03-10 00:00:00+00:00
[2026-03-10T06:06:54.198+0530] {processor.py:183} INFO - Processing /Users/aswin/Documents/data-engineering-practice/ETL_Airflow_DBT/airflow/airflow_env/lib/python3.11/site-packages/airflow/example_dags/example_nested_branch_dag.py took 0.057 seconds
[2026-03-10T06:08:27.692+0530] {processor.py:161} INFO - Started process (PID=22441) to work on /Users/aswin/Documents/data-engineering-practice/ETL_Airflow_DBT/airflow/airflow_env/lib/python3.11/site-packages/airflow/example_dags/example_nested_branch_dag.py
[2026-03-10T06:08:27.692+0530] {processor.py:830} INFO - Processing file /Users/aswin/Documents/data-engineering-practice/ETL_Airflow_DBT/airflow/airflow_env/lib/python3.11/site-packages/airflow/example_dags/example_nested_branch_dag.py for tasks to queue
[2026-03-10T06:08:27.693+0530] {logging_mixin.py:188} INFO - [2026-03-10T06:08:27.692+0530] {dagbag.py:540} INFO - Filling up the DagBag from /Users/aswin/Documents/data-engineering-practice/ETL_Airflow_DBT/airflow/airflow_env/lib/python3.11/site-packages/airflow/example_dags/example_nested_branch_dag.py
[2026-03-10T06:08:27.708+0530] {processor.py:840} INFO - DAG(s) 'example_nested_branch_dag' retrieved from /Users/aswin/Documents/data-engineering-practice/ETL_Airflow_DBT/airflow/airflow_env/lib/python3.11/site-packages/airflow/example_dags/example_nested_branch_dag.py
[2026-03-10T06:08:27.740+0530] {logging_mixin.py:188} INFO - [2026-03-10T06:08:27.740+0530] {dag.py:3096} INFO - Sync 1 DAGs
[2026-03-10T06:08:27.746+0530] {logging_mixin.py:188} INFO - [2026-03-10T06:08:27.746+0530] {dag.py:3954} INFO - Setting next_dagrun for example_nested_branch_dag to 2026-03-09 00:00:00+00:00, run_after=2026-03-10 00:00:00+00:00
[2026-03-10T06:08:27.752+0530] {processor.py:183} INFO - Processing /Users/aswin/Documents/data-engineering-practice/ETL_Airflow_DBT/airflow/airflow_env/lib/python3.11/site-packages/airflow/example_dags/example_nested_branch_dag.py took 0.061 seconds
[2026-03-10T06:10:03.610+0530] {processor.py:161} INFO - Started process (PID=22522) to work on /Users/aswin/Documents/data-engineering-practice/ETL_Airflow_DBT/airflow/airflow_env/lib/python3.11/site-packages/airflow/example_dags/example_nested_branch_dag.py
[2026-03-10T06:10:03.610+0530] {processor.py:830} INFO - Processing file /Users/aswin/Documents/data-engineering-practice/ETL_Airflow_DBT/airflow/airflow_env/lib/python3.11/site-packages/airflow/example_dags/example_nested_branch_dag.py for tasks to queue
[2026-03-10T06:10:03.610+0530] {logging_mixin.py:188} INFO - [2026-03-10T06:10:03.610+0530] {dagbag.py:540} INFO - Filling up the DagBag from /Users/aswin/Documents/data-engineering-practice/ETL_Airflow_DBT/airflow/airflow_env/lib/python3.11/site-packages/airflow/example_dags/example_nested_branch_dag.py
[2026-03-10T06:10:03.625+0530] {processor.py:840} INFO - DAG(s) 'example_nested_branch_dag' retrieved from /Users/aswin/Documents/data-engineering-practice/ETL_Airflow_DBT/airflow/airflow_env/lib/python3.11/site-packages/airflow/example_dags/example_nested_branch_dag.py
[2026-03-10T06:10:03.655+0530] {logging_mixin.py:188} INFO - [2026-03-10T06:10:03.655+0530] {dag.py:3096} INFO - Sync 1 DAGs
[2026-03-10T06:10:03.661+0530] {logging_mixin.py:188} INFO - [2026-03-10T06:10:03.661+0530] {dag.py:3954} INFO - Setting next_dagrun for example_nested_branch_dag to 2026-03-09 00:00:00+00:00, run_after=2026-03-10 00:00:00+00:00
[2026-03-10T06:10:03.667+0530] {processor.py:183} INFO - Processing /Users/aswin/Documents/data-engineering-practice/ETL_Airflow_DBT/airflow/airflow_env/lib/python3.11/site-packages/airflow/example_dags/example_nested_branch_dag.py took 0.058 seconds
[2026-03-10T06:11:40.435+0530] {processor.py:161} INFO - Started process (PID=22595) to work on /Users/aswin/Documents/data-engineering-practice/ETL_Airflow_DBT/airflow/airflow_env/lib/python3.11/site-packages/airflow/example_dags/example_nested_branch_dag.py
[2026-03-10T06:11:40.436+0530] {processor.py:830} INFO - Processing file /Users/aswin/Documents/data-engineering-practice/ETL_Airflow_DBT/airflow/airflow_env/lib/python3.11/site-packages/airflow/example_dags/example_nested_branch_dag.py for tasks to queue
[2026-03-10T06:11:40.436+0530] {logging_mixin.py:188} INFO - [2026-03-10T06:11:40.436+0530] {dagbag.py:540} INFO - Filling up the DagBag from /Users/aswin/Documents/data-engineering-practice/ETL_Airflow_DBT/airflow/airflow_env/lib/python3.11/site-packages/airflow/example_dags/example_nested_branch_dag.py
[2026-03-10T06:11:40.450+0530] {processor.py:840} INFO - DAG(s) 'example_nested_branch_dag' retrieved from /Users/aswin/Documents/data-engineering-practice/ETL_Airflow_DBT/airflow/airflow_env/lib/python3.11/site-packages/airflow/example_dags/example_nested_branch_dag.py
[2026-03-10T06:11:40.479+0530] {logging_mixin.py:188} INFO - [2026-03-10T06:11:40.479+0530] {dag.py:3096} INFO - Sync 1 DAGs
[2026-03-10T06:11:40.485+0530] {logging_mixin.py:188} INFO - [2026-03-10T06:11:40.484+0530] {dag.py:3954} INFO - Setting next_dagrun for example_nested_branch_dag to 2026-03-09 00:00:00+00:00, run_after=2026-03-10 00:00:00+00:00
[2026-03-10T06:11:40.490+0530] {processor.py:183} INFO - Processing /Users/aswin/Documents/data-engineering-practice/ETL_Airflow_DBT/airflow/airflow_env/lib/python3.11/site-packages/airflow/example_dags/example_nested_branch_dag.py took 0.057 seconds
[2026-03-10T06:13:14.588+0530] {processor.py:161} INFO - Started process (PID=22670) to work on /Users/aswin/Documents/data-engineering-practice/ETL_Airflow_DBT/airflow/airflow_env/lib/python3.11/site-packages/airflow/example_dags/example_nested_branch_dag.py
[2026-03-10T06:13:14.589+0530] {processor.py:830} INFO - Processing file /Users/aswin/Documents/data-engineering-practice/ETL_Airflow_DBT/airflow/airflow_env/lib/python3.11/site-packages/airflow/example_dags/example_nested_branch_dag.py for tasks to queue
[2026-03-10T06:13:14.590+0530] {logging_mixin.py:188} INFO - [2026-03-10T06:13:14.590+0530] {dagbag.py:540} INFO - Filling up the DagBag from /Users/aswin/Documents/data-engineering-practice/ETL_Airflow_DBT/airflow/airflow_env/lib/python3.11/site-packages/airflow/example_dags/example_nested_branch_dag.py
[2026-03-10T06:13:14.605+0530] {processor.py:840} INFO - DAG(s) 'example_nested_branch_dag' retrieved from /Users/aswin/Documents/data-engineering-practice/ETL_Airflow_DBT/airflow/airflow_env/lib/python3.11/site-packages/airflow/example_dags/example_nested_branch_dag.py
[2026-03-10T06:13:14.635+0530] {logging_mixin.py:188} INFO - [2026-03-10T06:13:14.635+0530] {dag.py:3096} INFO - Sync 1 DAGs
[2026-03-10T06:13:14.640+0530] {logging_mixin.py:188} INFO - [2026-03-10T06:13:14.640+0530] {dag.py:3954} INFO - Setting next_dagrun for example_nested_branch_dag to 2026-03-09 00:00:00+00:00, run_after=2026-03-10 00:00:00+00:00
[2026-03-10T06:13:14.646+0530] {processor.py:183} INFO - Processing /Users/aswin/Documents/data-engineering-practice/ETL_Airflow_DBT/airflow/airflow_env/lib/python3.11/site-packages/airflow/example_dags/example_nested_branch_dag.py took 0.058 seconds
[2026-03-10T06:14:47.623+0530] {processor.py:161} INFO - Started process (PID=22796) to work on /Users/aswin/Documents/data-engineering-practice/ETL_Airflow_DBT/airflow/airflow_env/lib/python3.11/site-packages/airflow/example_dags/example_nested_branch_dag.py
[2026-03-10T06:14:47.624+0530] {processor.py:830} INFO - Processing file /Users/aswin/Documents/data-engineering-practice/ETL_Airflow_DBT/airflow/airflow_env/lib/python3.11/site-packages/airflow/example_dags/example_nested_branch_dag.py for tasks to queue
[2026-03-10T06:14:47.624+0530] {logging_mixin.py:188} INFO - [2026-03-10T06:14:47.624+0530] {dagbag.py:540} INFO - Filling up the DagBag from /Users/aswin/Documents/data-engineering-practice/ETL_Airflow_DBT/airflow/airflow_env/lib/python3.11/site-packages/airflow/example_dags/example_nested_branch_dag.py
[2026-03-10T06:14:47.639+0530] {processor.py:840} INFO - DAG(s) 'example_nested_branch_dag' retrieved from /Users/aswin/Documents/data-engineering-practice/ETL_Airflow_DBT/airflow/airflow_env/lib/python3.11/site-packages/airflow/example_dags/example_nested_branch_dag.py
[2026-03-10T06:14:47.668+0530] {logging_mixin.py:188} INFO - [2026-03-10T06:14:47.668+0530] {dag.py:3096} INFO - Sync 1 DAGs
[2026-03-10T06:14:47.673+0530] {logging_mixin.py:188} INFO - [2026-03-10T06:14:47.673+0530] {dag.py:3954} INFO - Setting next_dagrun for example_nested_branch_dag to 2026-03-09 00:00:00+00:00, run_after=2026-03-10 00:00:00+00:00
[2026-03-10T06:14:47.678+0530] {processor.py:183} INFO - Processing /Users/aswin/Documents/data-engineering-practice/ETL_Airflow_DBT/airflow/airflow_env/lib/python3.11/site-packages/airflow/example_dags/example_nested_branch_dag.py took 0.057 seconds
[2026-03-10T06:16:22.668+0530] {processor.py:161} INFO - Started process (PID=22889) to work on /Users/aswin/Documents/data-engineering-practice/ETL_Airflow_DBT/airflow/airflow_env/lib/python3.11/site-packages/airflow/example_dags/example_nested_branch_dag.py
[2026-03-10T06:16:22.669+0530] {processor.py:830} INFO - Processing file /Users/aswin/Documents/data-engineering-practice/ETL_Airflow_DBT/airflow/airflow_env/lib/python3.11/site-packages/airflow/example_dags/example_nested_branch_dag.py for tasks to queue
[2026-03-10T06:16:22.669+0530] {logging_mixin.py:188} INFO - [2026-03-10T06:16:22.669+0530] {dagbag.py:540} INFO - Filling up the DagBag from /Users/aswin/Documents/data-engineering-practice/ETL_Airflow_DBT/airflow/airflow_env/lib/python3.11/site-packages/airflow/example_dags/example_nested_branch_dag.py
[2026-03-10T06:16:22.684+0530] {processor.py:840} INFO - DAG(s) 'example_nested_branch_dag' retrieved from /Users/aswin/Documents/data-engineering-practice/ETL_Airflow_DBT/airflow/airflow_env/lib/python3.11/site-packages/airflow/example_dags/example_nested_branch_dag.py
[2026-03-10T06:16:22.713+0530] {logging_mixin.py:188} INFO - [2026-03-10T06:16:22.713+0530] {dag.py:3096} INFO - Sync 1 DAGs
[2026-03-10T06:16:22.719+0530] {logging_mixin.py:188} INFO - [2026-03-10T06:16:22.718+0530] {dag.py:3954} INFO - Setting next_dagrun for example_nested_branch_dag to 2026-03-09 00:00:00+00:00, run_after=2026-03-10 00:00:00+00:00
[2026-03-10T06:16:22.724+0530] {processor.py:183} INFO - Processing /Users/aswin/Documents/data-engineering-practice/ETL_Airflow_DBT/airflow/airflow_env/lib/python3.11/site-packages/airflow/example_dags/example_nested_branch_dag.py took 0.057 seconds
[2026-03-10T06:17:55.520+0530] {processor.py:161} INFO - Started process (PID=22962) to work on /Users/aswin/Documents/data-engineering-practice/ETL_Airflow_DBT/airflow/airflow_env/lib/python3.11/site-packages/airflow/example_dags/example_nested_branch_dag.py
[2026-03-10T06:17:55.521+0530] {processor.py:830} INFO - Processing file /Users/aswin/Documents/data-engineering-practice/ETL_Airflow_DBT/airflow/airflow_env/lib/python3.11/site-packages/airflow/example_dags/example_nested_branch_dag.py for tasks to queue
[2026-03-10T06:17:55.522+0530] {logging_mixin.py:188} INFO - [2026-03-10T06:17:55.521+0530] {dagbag.py:540} INFO - Filling up the DagBag from /Users/aswin/Documents/data-engineering-practice/ETL_Airflow_DBT/airflow/airflow_env/lib/python3.11/site-packages/airflow/example_dags/example_nested_branch_dag.py
[2026-03-10T06:17:55.536+0530] {processor.py:840} INFO - DAG(s) 'example_nested_branch_dag' retrieved from /Users/aswin/Documents/data-engineering-practice/ETL_Airflow_DBT/airflow/airflow_env/lib/python3.11/site-packages/airflow/example_dags/example_nested_branch_dag.py
[2026-03-10T06:17:55.565+0530] {logging_mixin.py:188} INFO - [2026-03-10T06:17:55.565+0530] {dag.py:3096} INFO - Sync 1 DAGs
[2026-03-10T06:17:55.570+0530] {logging_mixin.py:188} INFO - [2026-03-10T06:17:55.570+0530] {dag.py:3954} INFO - Setting next_dagrun for example_nested_branch_dag to 2026-03-09 00:00:00+00:00, run_after=2026-03-10 00:00:00+00:00
[2026-03-10T06:17:55.575+0530] {processor.py:183} INFO - Processing /Users/aswin/Documents/data-engineering-practice/ETL_Airflow_DBT/airflow/airflow_env/lib/python3.11/site-packages/airflow/example_dags/example_nested_branch_dag.py took 0.056 seconds
[2026-03-10T06:19:27.973+0530] {processor.py:161} INFO - Started process (PID=23038) to work on /Users/aswin/Documents/data-engineering-practice/ETL_Airflow_DBT/airflow/airflow_env/lib/python3.11/site-packages/airflow/example_dags/example_nested_branch_dag.py
[2026-03-10T06:19:27.974+0530] {processor.py:830} INFO - Processing file /Users/aswin/Documents/data-engineering-practice/ETL_Airflow_DBT/airflow/airflow_env/lib/python3.11/site-packages/airflow/example_dags/example_nested_branch_dag.py for tasks to queue
[2026-03-10T06:19:27.974+0530] {logging_mixin.py:188} INFO - [2026-03-10T06:19:27.974+0530] {dagbag.py:540} INFO - Filling up the DagBag from /Users/aswin/Documents/data-engineering-practice/ETL_Airflow_DBT/airflow/airflow_env/lib/python3.11/site-packages/airflow/example_dags/example_nested_branch_dag.py
[2026-03-10T06:19:27.990+0530] {processor.py:840} INFO - DAG(s) 'example_nested_branch_dag' retrieved from /Users/aswin/Documents/data-engineering-practice/ETL_Airflow_DBT/airflow/airflow_env/lib/python3.11/site-packages/airflow/example_dags/example_nested_branch_dag.py
[2026-03-10T06:19:28.019+0530] {logging_mixin.py:188} INFO - [2026-03-10T06:19:28.019+0530] {dag.py:3096} INFO - Sync 1 DAGs
[2026-03-10T06:19:28.025+0530] {logging_mixin.py:188} INFO - [2026-03-10T06:19:28.025+0530] {dag.py:3954} INFO - Setting next_dagrun for example_nested_branch_dag to 2026-03-09 00:00:00+00:00, run_after=2026-03-10 00:00:00+00:00
[2026-03-10T06:19:28.031+0530] {processor.py:183} INFO - Processing /Users/aswin/Documents/data-engineering-practice/ETL_Airflow_DBT/airflow/airflow_env/lib/python3.11/site-packages/airflow/example_dags/example_nested_branch_dag.py took 0.059 seconds
[2026-03-10T06:21:06.903+0530] {processor.py:161} INFO - Started process (PID=23125) to work on /Users/aswin/Documents/data-engineering-practice/ETL_Airflow_DBT/airflow/airflow_env/lib/python3.11/site-packages/airflow/example_dags/example_nested_branch_dag.py
[2026-03-10T06:21:06.904+0530] {processor.py:830} INFO - Processing file /Users/aswin/Documents/data-engineering-practice/ETL_Airflow_DBT/airflow/airflow_env/lib/python3.11/site-packages/airflow/example_dags/example_nested_branch_dag.py for tasks to queue
[2026-03-10T06:21:06.905+0530] {logging_mixin.py:188} INFO - [2026-03-10T06:21:06.904+0530] {dagbag.py:540} INFO - Filling up the DagBag from /Users/aswin/Documents/data-engineering-practice/ETL_Airflow_DBT/airflow/airflow_env/lib/python3.11/site-packages/airflow/example_dags/example_nested_branch_dag.py
[2026-03-10T06:21:06.921+0530] {processor.py:840} INFO - DAG(s) 'example_nested_branch_dag' retrieved from /Users/aswin/Documents/data-engineering-practice/ETL_Airflow_DBT/airflow/airflow_env/lib/python3.11/site-packages/airflow/example_dags/example_nested_branch_dag.py
[2026-03-10T06:21:06.954+0530] {logging_mixin.py:188} INFO - [2026-03-10T06:21:06.954+0530] {dag.py:3096} INFO - Sync 1 DAGs
[2026-03-10T06:21:06.959+0530] {logging_mixin.py:188} INFO - [2026-03-10T06:21:06.959+0530] {dag.py:3954} INFO - Setting next_dagrun for example_nested_branch_dag to 2026-03-09 00:00:00+00:00, run_after=2026-03-10 00:00:00+00:00
[2026-03-10T06:21:06.965+0530] {processor.py:183} INFO - Processing /Users/aswin/Documents/data-engineering-practice/ETL_Airflow_DBT/airflow/airflow_env/lib/python3.11/site-packages/airflow/example_dags/example_nested_branch_dag.py took 0.063 seconds
[2026-03-10T06:22:40.001+0530] {processor.py:161} INFO - Started process (PID=23194) to work on /Users/aswin/Documents/data-engineering-practice/ETL_Airflow_DBT/airflow/airflow_env/lib/python3.11/site-packages/airflow/example_dags/example_nested_branch_dag.py
[2026-03-10T06:22:40.002+0530] {processor.py:830} INFO - Processing file /Users/aswin/Documents/data-engineering-practice/ETL_Airflow_DBT/airflow/airflow_env/lib/python3.11/site-packages/airflow/example_dags/example_nested_branch_dag.py for tasks to queue
[2026-03-10T06:22:40.002+0530] {logging_mixin.py:188} INFO - [2026-03-10T06:22:40.002+0530] {dagbag.py:540} INFO - Filling up the DagBag from /Users/aswin/Documents/data-engineering-practice/ETL_Airflow_DBT/airflow/airflow_env/lib/python3.11/site-packages/airflow/example_dags/example_nested_branch_dag.py
[2026-03-10T06:22:40.016+0530] {processor.py:840} INFO - DAG(s) 'example_nested_branch_dag' retrieved from /Users/aswin/Documents/data-engineering-practice/ETL_Airflow_DBT/airflow/airflow_env/lib/python3.11/site-packages/airflow/example_dags/example_nested_branch_dag.py
[2026-03-10T06:22:40.045+0530] {logging_mixin.py:188} INFO - [2026-03-10T06:22:40.045+0530] {dag.py:3096} INFO - Sync 1 DAGs
[2026-03-10T06:22:40.050+0530] {logging_mixin.py:188} INFO - [2026-03-10T06:22:40.050+0530] {dag.py:3954} INFO - Setting next_dagrun for example_nested_branch_dag to 2026-03-09 00:00:00+00:00, run_after=2026-03-10 00:00:00+00:00
[2026-03-10T06:22:40.055+0530] {processor.py:183} INFO - Processing /Users/aswin/Documents/data-engineering-practice/ETL_Airflow_DBT/airflow/airflow_env/lib/python3.11/site-packages/airflow/example_dags/example_nested_branch_dag.py took 0.055 seconds
[2026-03-10T06:24:08.657+0530] {processor.py:161} INFO - Started process (PID=23265) to work on /Users/aswin/Documents/data-engineering-practice/ETL_Airflow_DBT/airflow/airflow_env/lib/python3.11/site-packages/airflow/example_dags/example_nested_branch_dag.py
[2026-03-10T06:24:08.658+0530] {processor.py:830} INFO - Processing file /Users/aswin/Documents/data-engineering-practice/ETL_Airflow_DBT/airflow/airflow_env/lib/python3.11/site-packages/airflow/example_dags/example_nested_branch_dag.py for tasks to queue
[2026-03-10T06:24:08.658+0530] {logging_mixin.py:188} INFO - [2026-03-10T06:24:08.658+0530] {dagbag.py:540} INFO - Filling up the DagBag from /Users/aswin/Documents/data-engineering-practice/ETL_Airflow_DBT/airflow/airflow_env/lib/python3.11/site-packages/airflow/example_dags/example_nested_branch_dag.py
[2026-03-10T06:24:08.672+0530] {processor.py:840} INFO - DAG(s) 'example_nested_branch_dag' retrieved from /Users/aswin/Documents/data-engineering-practice/ETL_Airflow_DBT/airflow/airflow_env/lib/python3.11/site-packages/airflow/example_dags/example_nested_branch_dag.py
[2026-03-10T06:24:08.702+0530] {logging_mixin.py:188} INFO - [2026-03-10T06:24:08.702+0530] {dag.py:3096} INFO - Sync 1 DAGs
[2026-03-10T06:24:08.708+0530] {logging_mixin.py:188} INFO - [2026-03-10T06:24:08.708+0530] {dag.py:3954} INFO - Setting next_dagrun for example_nested_branch_dag to 2026-03-09 00:00:00+00:00, run_after=2026-03-10 00:00:00+00:00
[2026-03-10T06:24:08.714+0530] {processor.py:183} INFO - Processing /Users/aswin/Documents/data-engineering-practice/ETL_Airflow_DBT/airflow/airflow_env/lib/python3.11/site-packages/airflow/example_dags/example_nested_branch_dag.py took 0.058 seconds
[2026-03-10T06:25:42.490+0530] {processor.py:161} INFO - Started process (PID=23339) to work on /Users/aswin/Documents/data-engineering-practice/ETL_Airflow_DBT/airflow/airflow_env/lib/python3.11/site-packages/airflow/example_dags/example_nested_branch_dag.py
[2026-03-10T06:25:42.491+0530] {processor.py:830} INFO - Processing file /Users/aswin/Documents/data-engineering-practice/ETL_Airflow_DBT/airflow/airflow_env/lib/python3.11/site-packages/airflow/example_dags/example_nested_branch_dag.py for tasks to queue
[2026-03-10T06:25:42.491+0530] {logging_mixin.py:188} INFO - [2026-03-10T06:25:42.491+0530] {dagbag.py:540} INFO - Filling up the DagBag from /Users/aswin/Documents/data-engineering-practice/ETL_Airflow_DBT/airflow/airflow_env/lib/python3.11/site-packages/airflow/example_dags/example_nested_branch_dag.py
[2026-03-10T06:25:42.506+0530] {processor.py:840} INFO - DAG(s) 'example_nested_branch_dag' retrieved from /Users/aswin/Documents/data-engineering-practice/ETL_Airflow_DBT/airflow/airflow_env/lib/python3.11/site-packages/airflow/example_dags/example_nested_branch_dag.py
[2026-03-10T06:25:42.534+0530] {logging_mixin.py:188} INFO - [2026-03-10T06:25:42.534+0530] {dag.py:3096} INFO - Sync 1 DAGs
[2026-03-10T06:25:42.539+0530] {logging_mixin.py:188} INFO - [2026-03-10T06:25:42.539+0530] {dag.py:3954} INFO - Setting next_dagrun for example_nested_branch_dag to 2026-03-09 00:00:00+00:00, run_after=2026-03-10 00:00:00+00:00
[2026-03-10T06:25:42.545+0530] {processor.py:183} INFO - Processing /Users/aswin/Documents/data-engineering-practice/ETL_Airflow_DBT/airflow/airflow_env/lib/python3.11/site-packages/airflow/example_dags/example_nested_branch_dag.py took 0.056 seconds
[2026-03-10T06:27:14.826+0530] {processor.py:161} INFO - Started process (PID=23407) to work on /Users/aswin/Documents/data-engineering-practice/ETL_Airflow_DBT/airflow/airflow_env/lib/python3.11/site-packages/airflow/example_dags/example_nested_branch_dag.py
[2026-03-10T06:27:14.827+0530] {processor.py:830} INFO - Processing file /Users/aswin/Documents/data-engineering-practice/ETL_Airflow_DBT/airflow/airflow_env/lib/python3.11/site-packages/airflow/example_dags/example_nested_branch_dag.py for tasks to queue
[2026-03-10T06:27:14.827+0530] {logging_mixin.py:188} INFO - [2026-03-10T06:27:14.827+0530] {dagbag.py:540} INFO - Filling up the DagBag from /Users/aswin/Documents/data-engineering-practice/ETL_Airflow_DBT/airflow/airflow_env/lib/python3.11/site-packages/airflow/example_dags/example_nested_branch_dag.py
[2026-03-10T06:27:14.842+0530] {processor.py:840} INFO - DAG(s) 'example_nested_branch_dag' retrieved from /Users/aswin/Documents/data-engineering-practice/ETL_Airflow_DBT/airflow/airflow_env/lib/python3.11/site-packages/airflow/example_dags/example_nested_branch_dag.py
[2026-03-10T06:27:14.871+0530] {logging_mixin.py:188} INFO - [2026-03-10T06:27:14.871+0530] {dag.py:3096} INFO - Sync 1 DAGs
[2026-03-10T06:27:14.877+0530] {logging_mixin.py:188} INFO - [2026-03-10T06:27:14.876+0530] {dag.py:3954} INFO - Setting next_dagrun for example_nested_branch_dag to 2026-03-09 00:00:00+00:00, run_after=2026-03-10 00:00:00+00:00
[2026-03-10T06:27:14.882+0530] {processor.py:183} INFO - Processing /Users/aswin/Documents/data-engineering-practice/ETL_Airflow_DBT/airflow/airflow_env/lib/python3.11/site-packages/airflow/example_dags/example_nested_branch_dag.py took 0.057 seconds
[2026-03-10T06:28:46.140+0530] {processor.py:161} INFO - Started process (PID=23513) to work on /Users/aswin/Documents/data-engineering-practice/ETL_Airflow_DBT/airflow/airflow_env/lib/python3.11/site-packages/airflow/example_dags/example_nested_branch_dag.py
[2026-03-10T06:28:46.141+0530] {processor.py:830} INFO - Processing file /Users/aswin/Documents/data-engineering-practice/ETL_Airflow_DBT/airflow/airflow_env/lib/python3.11/site-packages/airflow/example_dags/example_nested_branch_dag.py for tasks to queue
[2026-03-10T06:28:46.141+0530] {logging_mixin.py:188} INFO - [2026-03-10T06:28:46.141+0530] {dagbag.py:540} INFO - Filling up the DagBag from /Users/aswin/Documents/data-engineering-practice/ETL_Airflow_DBT/airflow/airflow_env/lib/python3.11/site-packages/airflow/example_dags/example_nested_branch_dag.py
[2026-03-10T06:28:46.156+0530] {processor.py:840} INFO - DAG(s) 'example_nested_branch_dag' retrieved from /Users/aswin/Documents/data-engineering-practice/ETL_Airflow_DBT/airflow/airflow_env/lib/python3.11/site-packages/airflow/example_dags/example_nested_branch_dag.py
[2026-03-10T06:28:46.185+0530] {logging_mixin.py:188} INFO - [2026-03-10T06:28:46.185+0530] {dag.py:3096} INFO - Sync 1 DAGs
[2026-03-10T06:28:46.190+0530] {logging_mixin.py:188} INFO - [2026-03-10T06:28:46.190+0530] {dag.py:3954} INFO - Setting next_dagrun for example_nested_branch_dag to 2026-03-09 00:00:00+00:00, run_after=2026-03-10 00:00:00+00:00
[2026-03-10T06:28:46.196+0530] {processor.py:183} INFO - Processing /Users/aswin/Documents/data-engineering-practice/ETL_Airflow_DBT/airflow/airflow_env/lib/python3.11/site-packages/airflow/example_dags/example_nested_branch_dag.py took 0.057 seconds
[2026-03-10T06:30:18.134+0530] {processor.py:161} INFO - Started process (PID=23585) to work on /Users/aswin/Documents/data-engineering-practice/ETL_Airflow_DBT/airflow/airflow_env/lib/python3.11/site-packages/airflow/example_dags/example_nested_branch_dag.py
[2026-03-10T06:30:18.135+0530] {processor.py:830} INFO - Processing file /Users/aswin/Documents/data-engineering-practice/ETL_Airflow_DBT/airflow/airflow_env/lib/python3.11/site-packages/airflow/example_dags/example_nested_branch_dag.py for tasks to queue
[2026-03-10T06:30:18.135+0530] {logging_mixin.py:188} INFO - [2026-03-10T06:30:18.135+0530] {dagbag.py:540} INFO - Filling up the DagBag from /Users/aswin/Documents/data-engineering-practice/ETL_Airflow_DBT/airflow/airflow_env/lib/python3.11/site-packages/airflow/example_dags/example_nested_branch_dag.py
[2026-03-10T06:30:18.149+0530] {processor.py:840} INFO - DAG(s) 'example_nested_branch_dag' retrieved from /Users/aswin/Documents/data-engineering-practice/ETL_Airflow_DBT/airflow/airflow_env/lib/python3.11/site-packages/airflow/example_dags/example_nested_branch_dag.py
[2026-03-10T06:30:18.178+0530] {logging_mixin.py:188} INFO - [2026-03-10T06:30:18.178+0530] {dag.py:3096} INFO - Sync 1 DAGs
[2026-03-10T06:30:18.183+0530] {logging_mixin.py:188} INFO - [2026-03-10T06:30:18.183+0530] {dag.py:3954} INFO - Setting next_dagrun for example_nested_branch_dag to 2026-03-09 00:00:00+00:00, run_after=2026-03-10 00:00:00+00:00
[2026-03-10T06:30:18.189+0530] {processor.py:183} INFO - Processing /Users/aswin/Documents/data-engineering-practice/ETL_Airflow_DBT/airflow/airflow_env/lib/python3.11/site-packages/airflow/example_dags/example_nested_branch_dag.py took 0.056 seconds
[2026-03-10T06:31:46.472+0530] {processor.py:161} INFO - Started process (PID=23675) to work on /Users/aswin/Documents/data-engineering-practice/ETL_Airflow_DBT/airflow/airflow_env/lib/python3.11/site-packages/airflow/example_dags/example_nested_branch_dag.py
[2026-03-10T06:31:46.473+0530] {processor.py:830} INFO - Processing file /Users/aswin/Documents/data-engineering-practice/ETL_Airflow_DBT/airflow/airflow_env/lib/python3.11/site-packages/airflow/example_dags/example_nested_branch_dag.py for tasks to queue
[2026-03-10T06:31:46.473+0530] {logging_mixin.py:188} INFO - [2026-03-10T06:31:46.473+0530] {dagbag.py:540} INFO - Filling up the DagBag from /Users/aswin/Documents/data-engineering-practice/ETL_Airflow_DBT/airflow/airflow_env/lib/python3.11/site-packages/airflow/example_dags/example_nested_branch_dag.py
[2026-03-10T06:31:46.488+0530] {processor.py:840} INFO - DAG(s) 'example_nested_branch_dag' retrieved from /Users/aswin/Documents/data-engineering-practice/ETL_Airflow_DBT/airflow/airflow_env/lib/python3.11/site-packages/airflow/example_dags/example_nested_branch_dag.py
[2026-03-10T06:31:46.516+0530] {logging_mixin.py:188} INFO - [2026-03-10T06:31:46.516+0530] {dag.py:3096} INFO - Sync 1 DAGs
[2026-03-10T06:31:46.521+0530] {logging_mixin.py:188} INFO - [2026-03-10T06:31:46.521+0530] {dag.py:3954} INFO - Setting next_dagrun for example_nested_branch_dag to 2026-03-09 00:00:00+00:00, run_after=2026-03-10 00:00:00+00:00
[2026-03-10T06:31:46.527+0530] {processor.py:183} INFO - Processing /Users/aswin/Documents/data-engineering-practice/ETL_Airflow_DBT/airflow/airflow_env/lib/python3.11/site-packages/airflow/example_dags/example_nested_branch_dag.py took 0.056 seconds
[2026-03-10T06:33:14.557+0530] {processor.py:161} INFO - Started process (PID=23766) to work on /Users/aswin/Documents/data-engineering-practice/ETL_Airflow_DBT/airflow/airflow_env/lib/python3.11/site-packages/airflow/example_dags/example_nested_branch_dag.py
[2026-03-10T06:33:14.558+0530] {processor.py:830} INFO - Processing file /Users/aswin/Documents/data-engineering-practice/ETL_Airflow_DBT/airflow/airflow_env/lib/python3.11/site-packages/airflow/example_dags/example_nested_branch_dag.py for tasks to queue
[2026-03-10T06:33:14.558+0530] {logging_mixin.py:188} INFO - [2026-03-10T06:33:14.558+0530] {dagbag.py:540} INFO - Filling up the DagBag from /Users/aswin/Documents/data-engineering-practice/ETL_Airflow_DBT/airflow/airflow_env/lib/python3.11/site-packages/airflow/example_dags/example_nested_branch_dag.py
[2026-03-10T06:33:14.573+0530] {processor.py:840} INFO - DAG(s) 'example_nested_branch_dag' retrieved from /Users/aswin/Documents/data-engineering-practice/ETL_Airflow_DBT/airflow/airflow_env/lib/python3.11/site-packages/airflow/example_dags/example_nested_branch_dag.py
[2026-03-10T06:33:14.602+0530] {logging_mixin.py:188} INFO - [2026-03-10T06:33:14.602+0530] {dag.py:3096} INFO - Sync 1 DAGs
[2026-03-10T06:33:14.608+0530] {logging_mixin.py:188} INFO - [2026-03-10T06:33:14.608+0530] {dag.py:3954} INFO - Setting next_dagrun for example_nested_branch_dag to 2026-03-09 00:00:00+00:00, run_after=2026-03-10 00:00:00+00:00
[2026-03-10T06:33:14.613+0530] {processor.py:183} INFO - Processing /Users/aswin/Documents/data-engineering-practice/ETL_Airflow_DBT/airflow/airflow_env/lib/python3.11/site-packages/airflow/example_dags/example_nested_branch_dag.py took 0.057 seconds
[2026-03-10T06:34:45.108+0530] {processor.py:161} INFO - Started process (PID=23856) to work on /Users/aswin/Documents/data-engineering-practice/ETL_Airflow_DBT/airflow/airflow_env/lib/python3.11/site-packages/airflow/example_dags/example_nested_branch_dag.py
[2026-03-10T06:34:45.110+0530] {processor.py:830} INFO - Processing file /Users/aswin/Documents/data-engineering-practice/ETL_Airflow_DBT/airflow/airflow_env/lib/python3.11/site-packages/airflow/example_dags/example_nested_branch_dag.py for tasks to queue
[2026-03-10T06:34:45.110+0530] {logging_mixin.py:188} INFO - [2026-03-10T06:34:45.110+0530] {dagbag.py:540} INFO - Filling up the DagBag from /Users/aswin/Documents/data-engineering-practice/ETL_Airflow_DBT/airflow/airflow_env/lib/python3.11/site-packages/airflow/example_dags/example_nested_branch_dag.py
[2026-03-10T06:34:45.124+0530] {processor.py:840} INFO - DAG(s) 'example_nested_branch_dag' retrieved from /Users/aswin/Documents/data-engineering-practice/ETL_Airflow_DBT/airflow/airflow_env/lib/python3.11/site-packages/airflow/example_dags/example_nested_branch_dag.py
[2026-03-10T06:34:45.153+0530] {logging_mixin.py:188} INFO - [2026-03-10T06:34:45.153+0530] {dag.py:3096} INFO - Sync 1 DAGs
[2026-03-10T06:34:45.158+0530] {logging_mixin.py:188} INFO - [2026-03-10T06:34:45.158+0530] {dag.py:3954} INFO - Setting next_dagrun for example_nested_branch_dag to 2026-03-09 00:00:00+00:00, run_after=2026-03-10 00:00:00+00:00
[2026-03-10T06:34:45.164+0530] {processor.py:183} INFO - Processing /Users/aswin/Documents/data-engineering-practice/ETL_Airflow_DBT/airflow/airflow_env/lib/python3.11/site-packages/airflow/example_dags/example_nested_branch_dag.py took 0.057 seconds
[2026-03-10T06:36:18.069+0530] {processor.py:161} INFO - Started process (PID=23942) to work on /Users/aswin/Documents/data-engineering-practice/ETL_Airflow_DBT/airflow/airflow_env/lib/python3.11/site-packages/airflow/example_dags/example_nested_branch_dag.py
[2026-03-10T06:36:18.070+0530] {processor.py:830} INFO - Processing file /Users/aswin/Documents/data-engineering-practice/ETL_Airflow_DBT/airflow/airflow_env/lib/python3.11/site-packages/airflow/example_dags/example_nested_branch_dag.py for tasks to queue
[2026-03-10T06:36:18.070+0530] {logging_mixin.py:188} INFO - [2026-03-10T06:36:18.070+0530] {dagbag.py:540} INFO - Filling up the DagBag from /Users/aswin/Documents/data-engineering-practice/ETL_Airflow_DBT/airflow/airflow_env/lib/python3.11/site-packages/airflow/example_dags/example_nested_branch_dag.py
[2026-03-10T06:36:18.085+0530] {processor.py:840} INFO - DAG(s) 'example_nested_branch_dag' retrieved from /Users/aswin/Documents/data-engineering-practice/ETL_Airflow_DBT/airflow/airflow_env/lib/python3.11/site-packages/airflow/example_dags/example_nested_branch_dag.py
[2026-03-10T06:36:18.113+0530] {logging_mixin.py:188} INFO - [2026-03-10T06:36:18.113+0530] {dag.py:3096} INFO - Sync 1 DAGs
[2026-03-10T06:36:18.119+0530] {logging_mixin.py:188} INFO - [2026-03-10T06:36:18.118+0530] {dag.py:3954} INFO - Setting next_dagrun for example_nested_branch_dag to 2026-03-09 00:00:00+00:00, run_after=2026-03-10 00:00:00+00:00
[2026-03-10T06:36:18.124+0530] {processor.py:183} INFO - Processing /Users/aswin/Documents/data-engineering-practice/ETL_Airflow_DBT/airflow/airflow_env/lib/python3.11/site-packages/airflow/example_dags/example_nested_branch_dag.py took 0.056 seconds
[2026-03-10T06:37:51.246+0530] {processor.py:161} INFO - Started process (PID=24040) to work on /Users/aswin/Documents/data-engineering-practice/ETL_Airflow_DBT/airflow/airflow_env/lib/python3.11/site-packages/airflow/example_dags/example_nested_branch_dag.py
[2026-03-10T06:37:51.247+0530] {processor.py:830} INFO - Processing file /Users/aswin/Documents/data-engineering-practice/ETL_Airflow_DBT/airflow/airflow_env/lib/python3.11/site-packages/airflow/example_dags/example_nested_branch_dag.py for tasks to queue
[2026-03-10T06:37:51.247+0530] {logging_mixin.py:188} INFO - [2026-03-10T06:37:51.247+0530] {dagbag.py:540} INFO - Filling up the DagBag from /Users/aswin/Documents/data-engineering-practice/ETL_Airflow_DBT/airflow/airflow_env/lib/python3.11/site-packages/airflow/example_dags/example_nested_branch_dag.py
[2026-03-10T06:37:51.261+0530] {processor.py:840} INFO - DAG(s) 'example_nested_branch_dag' retrieved from /Users/aswin/Documents/data-engineering-practice/ETL_Airflow_DBT/airflow/airflow_env/lib/python3.11/site-packages/airflow/example_dags/example_nested_branch_dag.py
[2026-03-10T06:37:51.290+0530] {logging_mixin.py:188} INFO - [2026-03-10T06:37:51.290+0530] {dag.py:3096} INFO - Sync 1 DAGs
[2026-03-10T06:37:51.295+0530] {logging_mixin.py:188} INFO - [2026-03-10T06:37:51.295+0530] {dag.py:3954} INFO - Setting next_dagrun for example_nested_branch_dag to 2026-03-09 00:00:00+00:00, run_after=2026-03-10 00:00:00+00:00
[2026-03-10T06:37:51.301+0530] {processor.py:183} INFO - Processing /Users/aswin/Documents/data-engineering-practice/ETL_Airflow_DBT/airflow/airflow_env/lib/python3.11/site-packages/airflow/example_dags/example_nested_branch_dag.py took 0.056 seconds
[2026-03-10T06:39:21.233+0530] {processor.py:161} INFO - Started process (PID=24150) to work on /Users/aswin/Documents/data-engineering-practice/ETL_Airflow_DBT/airflow/airflow_env/lib/python3.11/site-packages/airflow/example_dags/example_nested_branch_dag.py
[2026-03-10T06:39:21.234+0530] {processor.py:830} INFO - Processing file /Users/aswin/Documents/data-engineering-practice/ETL_Airflow_DBT/airflow/airflow_env/lib/python3.11/site-packages/airflow/example_dags/example_nested_branch_dag.py for tasks to queue
[2026-03-10T06:39:21.234+0530] {logging_mixin.py:188} INFO - [2026-03-10T06:39:21.234+0530] {dagbag.py:540} INFO - Filling up the DagBag from /Users/aswin/Documents/data-engineering-practice/ETL_Airflow_DBT/airflow/airflow_env/lib/python3.11/site-packages/airflow/example_dags/example_nested_branch_dag.py
[2026-03-10T06:39:21.248+0530] {processor.py:840} INFO - DAG(s) 'example_nested_branch_dag' retrieved from /Users/aswin/Documents/data-engineering-practice/ETL_Airflow_DBT/airflow/airflow_env/lib/python3.11/site-packages/airflow/example_dags/example_nested_branch_dag.py
[2026-03-10T06:39:21.277+0530] {logging_mixin.py:188} INFO - [2026-03-10T06:39:21.277+0530] {dag.py:3096} INFO - Sync 1 DAGs
[2026-03-10T06:39:21.282+0530] {logging_mixin.py:188} INFO - [2026-03-10T06:39:21.282+0530] {dag.py:3954} INFO - Setting next_dagrun for example_nested_branch_dag to 2026-03-09 00:00:00+00:00, run_after=2026-03-10 00:00:00+00:00
[2026-03-10T06:39:21.288+0530] {processor.py:183} INFO - Processing /Users/aswin/Documents/data-engineering-practice/ETL_Airflow_DBT/airflow/airflow_env/lib/python3.11/site-packages/airflow/example_dags/example_nested_branch_dag.py took 0.056 seconds
[2026-03-10T06:40:54.660+0530] {processor.py:161} INFO - Started process (PID=24226) to work on /Users/aswin/Documents/data-engineering-practice/ETL_Airflow_DBT/airflow/airflow_env/lib/python3.11/site-packages/airflow/example_dags/example_nested_branch_dag.py
[2026-03-10T06:40:54.661+0530] {processor.py:830} INFO - Processing file /Users/aswin/Documents/data-engineering-practice/ETL_Airflow_DBT/airflow/airflow_env/lib/python3.11/site-packages/airflow/example_dags/example_nested_branch_dag.py for tasks to queue
[2026-03-10T06:40:54.661+0530] {logging_mixin.py:188} INFO - [2026-03-10T06:40:54.661+0530] {dagbag.py:540} INFO - Filling up the DagBag from /Users/aswin/Documents/data-engineering-practice/ETL_Airflow_DBT/airflow/airflow_env/lib/python3.11/site-packages/airflow/example_dags/example_nested_branch_dag.py
[2026-03-10T06:40:54.676+0530] {processor.py:840} INFO - DAG(s) 'example_nested_branch_dag' retrieved from /Users/aswin/Documents/data-engineering-practice/ETL_Airflow_DBT/airflow/airflow_env/lib/python3.11/site-packages/airflow/example_dags/example_nested_branch_dag.py
[2026-03-10T06:40:54.705+0530] {logging_mixin.py:188} INFO - [2026-03-10T06:40:54.705+0530] {dag.py:3096} INFO - Sync 1 DAGs
[2026-03-10T06:40:54.711+0530] {logging_mixin.py:188} INFO - [2026-03-10T06:40:54.710+0530] {dag.py:3954} INFO - Setting next_dagrun for example_nested_branch_dag to 2026-03-09 00:00:00+00:00, run_after=2026-03-10 00:00:00+00:00
[2026-03-10T06:40:54.716+0530] {processor.py:183} INFO - Processing /Users/aswin/Documents/data-engineering-practice/ETL_Airflow_DBT/airflow/airflow_env/lib/python3.11/site-packages/airflow/example_dags/example_nested_branch_dag.py took 0.057 seconds
[2026-03-10T06:42:28.061+0530] {processor.py:161} INFO - Started process (PID=24298) to work on /Users/aswin/Documents/data-engineering-practice/ETL_Airflow_DBT/airflow/airflow_env/lib/python3.11/site-packages/airflow/example_dags/example_nested_branch_dag.py
[2026-03-10T06:42:28.062+0530] {processor.py:830} INFO - Processing file /Users/aswin/Documents/data-engineering-practice/ETL_Airflow_DBT/airflow/airflow_env/lib/python3.11/site-packages/airflow/example_dags/example_nested_branch_dag.py for tasks to queue
[2026-03-10T06:42:28.062+0530] {logging_mixin.py:188} INFO - [2026-03-10T06:42:28.062+0530] {dagbag.py:540} INFO - Filling up the DagBag from /Users/aswin/Documents/data-engineering-practice/ETL_Airflow_DBT/airflow/airflow_env/lib/python3.11/site-packages/airflow/example_dags/example_nested_branch_dag.py
[2026-03-10T06:42:28.089+0530] {processor.py:840} INFO - DAG(s) 'example_nested_branch_dag' retrieved from /Users/aswin/Documents/data-engineering-practice/ETL_Airflow_DBT/airflow/airflow_env/lib/python3.11/site-packages/airflow/example_dags/example_nested_branch_dag.py
[2026-03-10T06:42:28.126+0530] {logging_mixin.py:188} INFO - [2026-03-10T06:42:28.125+0530] {dag.py:3096} INFO - Sync 1 DAGs
[2026-03-10T06:42:28.131+0530] {logging_mixin.py:188} INFO - [2026-03-10T06:42:28.131+0530] {dag.py:3954} INFO - Setting next_dagrun for example_nested_branch_dag to 2026-03-09 00:00:00+00:00, run_after=2026-03-10 00:00:00+00:00
[2026-03-10T06:42:28.142+0530] {processor.py:183} INFO - Processing /Users/aswin/Documents/data-engineering-practice/ETL_Airflow_DBT/airflow/airflow_env/lib/python3.11/site-packages/airflow/example_dags/example_nested_branch_dag.py took 0.083 seconds
[2026-03-10T06:46:25.393+0530] {processor.py:161} INFO - Started process (PID=24374) to work on /Users/aswin/Documents/data-engineering-practice/ETL_Airflow_DBT/airflow/airflow_env/lib/python3.11/site-packages/airflow/example_dags/example_nested_branch_dag.py
[2026-03-10T06:46:25.394+0530] {processor.py:830} INFO - Processing file /Users/aswin/Documents/data-engineering-practice/ETL_Airflow_DBT/airflow/airflow_env/lib/python3.11/site-packages/airflow/example_dags/example_nested_branch_dag.py for tasks to queue
[2026-03-10T06:46:25.395+0530] {logging_mixin.py:188} INFO - [2026-03-10T06:46:25.395+0530] {dagbag.py:540} INFO - Filling up the DagBag from /Users/aswin/Documents/data-engineering-practice/ETL_Airflow_DBT/airflow/airflow_env/lib/python3.11/site-packages/airflow/example_dags/example_nested_branch_dag.py
[2026-03-10T06:46:25.409+0530] {processor.py:840} INFO - DAG(s) 'example_nested_branch_dag' retrieved from /Users/aswin/Documents/data-engineering-practice/ETL_Airflow_DBT/airflow/airflow_env/lib/python3.11/site-packages/airflow/example_dags/example_nested_branch_dag.py
[2026-03-10T06:46:25.438+0530] {logging_mixin.py:188} INFO - [2026-03-10T06:46:25.438+0530] {dag.py:3096} INFO - Sync 1 DAGs
[2026-03-10T06:46:25.443+0530] {logging_mixin.py:188} INFO - [2026-03-10T06:46:25.443+0530] {dag.py:3954} INFO - Setting next_dagrun for example_nested_branch_dag to 2026-03-09 00:00:00+00:00, run_after=2026-03-10 00:00:00+00:00
[2026-03-10T06:46:25.448+0530] {processor.py:183} INFO - Processing /Users/aswin/Documents/data-engineering-practice/ETL_Airflow_DBT/airflow/airflow_env/lib/python3.11/site-packages/airflow/example_dags/example_nested_branch_dag.py took 0.056 seconds
[2026-03-10T06:56:34.261+0530] {processor.py:161} INFO - Started process (PID=24470) to work on /Users/aswin/Documents/data-engineering-practice/ETL_Airflow_DBT/airflow/airflow_env/lib/python3.11/site-packages/airflow/example_dags/example_nested_branch_dag.py
[2026-03-10T06:56:34.263+0530] {processor.py:830} INFO - Processing file /Users/aswin/Documents/data-engineering-practice/ETL_Airflow_DBT/airflow/airflow_env/lib/python3.11/site-packages/airflow/example_dags/example_nested_branch_dag.py for tasks to queue
[2026-03-10T06:56:34.263+0530] {logging_mixin.py:188} INFO - [2026-03-10T06:56:34.263+0530] {dagbag.py:540} INFO - Filling up the DagBag from /Users/aswin/Documents/data-engineering-practice/ETL_Airflow_DBT/airflow/airflow_env/lib/python3.11/site-packages/airflow/example_dags/example_nested_branch_dag.py
[2026-03-10T06:56:34.277+0530] {processor.py:840} INFO - DAG(s) 'example_nested_branch_dag' retrieved from /Users/aswin/Documents/data-engineering-practice/ETL_Airflow_DBT/airflow/airflow_env/lib/python3.11/site-packages/airflow/example_dags/example_nested_branch_dag.py
[2026-03-10T06:56:34.305+0530] {logging_mixin.py:188} INFO - [2026-03-10T06:56:34.305+0530] {dag.py:3096} INFO - Sync 1 DAGs
[2026-03-10T06:56:34.310+0530] {logging_mixin.py:188} INFO - [2026-03-10T06:56:34.310+0530] {dag.py:3954} INFO - Setting next_dagrun for example_nested_branch_dag to 2026-03-09 00:00:00+00:00, run_after=2026-03-10 00:00:00+00:00
[2026-03-10T06:56:34.316+0530] {processor.py:183} INFO - Processing /Users/aswin/Documents/data-engineering-practice/ETL_Airflow_DBT/airflow/airflow_env/lib/python3.11/site-packages/airflow/example_dags/example_nested_branch_dag.py took 0.055 seconds
[2026-03-10T07:02:18.969+0530] {processor.py:161} INFO - Started process (PID=24567) to work on /Users/aswin/Documents/data-engineering-practice/ETL_Airflow_DBT/airflow/airflow_env/lib/python3.11/site-packages/airflow/example_dags/example_nested_branch_dag.py
[2026-03-10T07:02:18.970+0530] {processor.py:830} INFO - Processing file /Users/aswin/Documents/data-engineering-practice/ETL_Airflow_DBT/airflow/airflow_env/lib/python3.11/site-packages/airflow/example_dags/example_nested_branch_dag.py for tasks to queue
[2026-03-10T07:02:18.970+0530] {logging_mixin.py:188} INFO - [2026-03-10T07:02:18.970+0530] {dagbag.py:540} INFO - Filling up the DagBag from /Users/aswin/Documents/data-engineering-practice/ETL_Airflow_DBT/airflow/airflow_env/lib/python3.11/site-packages/airflow/example_dags/example_nested_branch_dag.py
[2026-03-10T07:02:18.984+0530] {processor.py:840} INFO - DAG(s) 'example_nested_branch_dag' retrieved from /Users/aswin/Documents/data-engineering-practice/ETL_Airflow_DBT/airflow/airflow_env/lib/python3.11/site-packages/airflow/example_dags/example_nested_branch_dag.py
[2026-03-10T07:02:19.013+0530] {logging_mixin.py:188} INFO - [2026-03-10T07:02:19.013+0530] {dag.py:3096} INFO - Sync 1 DAGs
[2026-03-10T07:02:19.018+0530] {logging_mixin.py:188} INFO - [2026-03-10T07:02:19.018+0530] {dag.py:3954} INFO - Setting next_dagrun for example_nested_branch_dag to 2026-03-09 00:00:00+00:00, run_after=2026-03-10 00:00:00+00:00
[2026-03-10T07:02:19.024+0530] {processor.py:183} INFO - Processing /Users/aswin/Documents/data-engineering-practice/ETL_Airflow_DBT/airflow/airflow_env/lib/python3.11/site-packages/airflow/example_dags/example_nested_branch_dag.py took 0.055 seconds
[2026-03-10T07:06:33.535+0530] {processor.py:161} INFO - Started process (PID=24670) to work on /Users/aswin/Documents/data-engineering-practice/ETL_Airflow_DBT/airflow/airflow_env/lib/python3.11/site-packages/airflow/example_dags/example_nested_branch_dag.py
[2026-03-10T07:06:33.536+0530] {processor.py:830} INFO - Processing file /Users/aswin/Documents/data-engineering-practice/ETL_Airflow_DBT/airflow/airflow_env/lib/python3.11/site-packages/airflow/example_dags/example_nested_branch_dag.py for tasks to queue
[2026-03-10T07:06:33.537+0530] {logging_mixin.py:188} INFO - [2026-03-10T07:06:33.537+0530] {dagbag.py:540} INFO - Filling up the DagBag from /Users/aswin/Documents/data-engineering-practice/ETL_Airflow_DBT/airflow/airflow_env/lib/python3.11/site-packages/airflow/example_dags/example_nested_branch_dag.py
[2026-03-10T07:06:33.550+0530] {processor.py:840} INFO - DAG(s) 'example_nested_branch_dag' retrieved from /Users/aswin/Documents/data-engineering-practice/ETL_Airflow_DBT/airflow/airflow_env/lib/python3.11/site-packages/airflow/example_dags/example_nested_branch_dag.py
[2026-03-10T07:06:33.579+0530] {logging_mixin.py:188} INFO - [2026-03-10T07:06:33.578+0530] {dag.py:3096} INFO - Sync 1 DAGs
[2026-03-10T07:06:33.584+0530] {logging_mixin.py:188} INFO - [2026-03-10T07:06:33.584+0530] {dag.py:3954} INFO - Setting next_dagrun for example_nested_branch_dag to 2026-03-09 00:00:00+00:00, run_after=2026-03-10 00:00:00+00:00
[2026-03-10T07:06:33.589+0530] {processor.py:183} INFO - Processing /Users/aswin/Documents/data-engineering-practice/ETL_Airflow_DBT/airflow/airflow_env/lib/python3.11/site-packages/airflow/example_dags/example_nested_branch_dag.py took 0.055 seconds
[2026-03-10T07:18:34.302+0530] {processor.py:161} INFO - Started process (PID=24802) to work on /Users/aswin/Documents/data-engineering-practice/ETL_Airflow_DBT/airflow/airflow_env/lib/python3.11/site-packages/airflow/example_dags/example_nested_branch_dag.py
[2026-03-10T07:18:34.303+0530] {processor.py:830} INFO - Processing file /Users/aswin/Documents/data-engineering-practice/ETL_Airflow_DBT/airflow/airflow_env/lib/python3.11/site-packages/airflow/example_dags/example_nested_branch_dag.py for tasks to queue
[2026-03-10T07:18:34.303+0530] {logging_mixin.py:188} INFO - [2026-03-10T07:18:34.303+0530] {dagbag.py:540} INFO - Filling up the DagBag from /Users/aswin/Documents/data-engineering-practice/ETL_Airflow_DBT/airflow/airflow_env/lib/python3.11/site-packages/airflow/example_dags/example_nested_branch_dag.py
[2026-03-10T07:18:34.317+0530] {processor.py:840} INFO - DAG(s) 'example_nested_branch_dag' retrieved from /Users/aswin/Documents/data-engineering-practice/ETL_Airflow_DBT/airflow/airflow_env/lib/python3.11/site-packages/airflow/example_dags/example_nested_branch_dag.py
[2026-03-10T07:18:34.345+0530] {logging_mixin.py:188} INFO - [2026-03-10T07:18:34.345+0530] {dag.py:3096} INFO - Sync 1 DAGs
[2026-03-10T07:18:34.350+0530] {logging_mixin.py:188} INFO - [2026-03-10T07:18:34.350+0530] {dag.py:3954} INFO - Setting next_dagrun for example_nested_branch_dag to 2026-03-09 00:00:00+00:00, run_after=2026-03-10 00:00:00+00:00
[2026-03-10T07:18:34.356+0530] {processor.py:183} INFO - Processing /Users/aswin/Documents/data-engineering-practice/ETL_Airflow_DBT/airflow/airflow_env/lib/python3.11/site-packages/airflow/example_dags/example_nested_branch_dag.py took 0.055 seconds
[2026-03-10T07:21:31.094+0530] {processor.py:161} INFO - Started process (PID=24882) to work on /Users/aswin/Documents/data-engineering-practice/ETL_Airflow_DBT/airflow/airflow_env/lib/python3.11/site-packages/airflow/example_dags/example_nested_branch_dag.py
[2026-03-10T07:21:31.094+0530] {processor.py:830} INFO - Processing file /Users/aswin/Documents/data-engineering-practice/ETL_Airflow_DBT/airflow/airflow_env/lib/python3.11/site-packages/airflow/example_dags/example_nested_branch_dag.py for tasks to queue
[2026-03-10T07:21:31.095+0530] {logging_mixin.py:188} INFO - [2026-03-10T07:21:31.095+0530] {dagbag.py:540} INFO - Filling up the DagBag from /Users/aswin/Documents/data-engineering-practice/ETL_Airflow_DBT/airflow/airflow_env/lib/python3.11/site-packages/airflow/example_dags/example_nested_branch_dag.py
[2026-03-10T07:21:31.109+0530] {processor.py:840} INFO - DAG(s) 'example_nested_branch_dag' retrieved from /Users/aswin/Documents/data-engineering-practice/ETL_Airflow_DBT/airflow/airflow_env/lib/python3.11/site-packages/airflow/example_dags/example_nested_branch_dag.py
[2026-03-10T07:21:31.137+0530] {logging_mixin.py:188} INFO - [2026-03-10T07:21:31.137+0530] {dag.py:3096} INFO - Sync 1 DAGs
[2026-03-10T07:21:31.142+0530] {logging_mixin.py:188} INFO - [2026-03-10T07:21:31.142+0530] {dag.py:3954} INFO - Setting next_dagrun for example_nested_branch_dag to 2026-03-09 00:00:00+00:00, run_after=2026-03-10 00:00:00+00:00
[2026-03-10T07:21:31.148+0530] {processor.py:183} INFO - Processing /Users/aswin/Documents/data-engineering-practice/ETL_Airflow_DBT/airflow/airflow_env/lib/python3.11/site-packages/airflow/example_dags/example_nested_branch_dag.py took 0.054 seconds
[2026-03-10T07:32:47.099+0530] {processor.py:161} INFO - Started process (PID=24998) to work on /Users/aswin/Documents/data-engineering-practice/ETL_Airflow_DBT/airflow/airflow_env/lib/python3.11/site-packages/airflow/example_dags/example_nested_branch_dag.py
[2026-03-10T07:32:47.100+0530] {processor.py:830} INFO - Processing file /Users/aswin/Documents/data-engineering-practice/ETL_Airflow_DBT/airflow/airflow_env/lib/python3.11/site-packages/airflow/example_dags/example_nested_branch_dag.py for tasks to queue
[2026-03-10T07:32:47.100+0530] {logging_mixin.py:188} INFO - [2026-03-10T07:32:47.100+0530] {dagbag.py:540} INFO - Filling up the DagBag from /Users/aswin/Documents/data-engineering-practice/ETL_Airflow_DBT/airflow/airflow_env/lib/python3.11/site-packages/airflow/example_dags/example_nested_branch_dag.py
[2026-03-10T07:32:47.114+0530] {processor.py:840} INFO - DAG(s) 'example_nested_branch_dag' retrieved from /Users/aswin/Documents/data-engineering-practice/ETL_Airflow_DBT/airflow/airflow_env/lib/python3.11/site-packages/airflow/example_dags/example_nested_branch_dag.py
[2026-03-10T07:32:47.143+0530] {logging_mixin.py:188} INFO - [2026-03-10T07:32:47.143+0530] {dag.py:3096} INFO - Sync 1 DAGs
[2026-03-10T07:32:47.148+0530] {logging_mixin.py:188} INFO - [2026-03-10T07:32:47.148+0530] {dag.py:3954} INFO - Setting next_dagrun for example_nested_branch_dag to 2026-03-09 00:00:00+00:00, run_after=2026-03-10 00:00:00+00:00
[2026-03-10T07:32:47.154+0530] {processor.py:183} INFO - Processing /Users/aswin/Documents/data-engineering-practice/ETL_Airflow_DBT/airflow/airflow_env/lib/python3.11/site-packages/airflow/example_dags/example_nested_branch_dag.py took 0.056 seconds
[2026-03-10T07:35:06.230+0530] {processor.py:161} INFO - Started process (PID=25081) to work on /Users/aswin/Documents/data-engineering-practice/ETL_Airflow_DBT/airflow/airflow_env/lib/python3.11/site-packages/airflow/example_dags/example_nested_branch_dag.py
[2026-03-10T07:35:06.231+0530] {processor.py:830} INFO - Processing file /Users/aswin/Documents/data-engineering-practice/ETL_Airflow_DBT/airflow/airflow_env/lib/python3.11/site-packages/airflow/example_dags/example_nested_branch_dag.py for tasks to queue
[2026-03-10T07:35:06.231+0530] {logging_mixin.py:188} INFO - [2026-03-10T07:35:06.231+0530] {dagbag.py:540} INFO - Filling up the DagBag from /Users/aswin/Documents/data-engineering-practice/ETL_Airflow_DBT/airflow/airflow_env/lib/python3.11/site-packages/airflow/example_dags/example_nested_branch_dag.py
[2026-03-10T07:35:06.245+0530] {processor.py:840} INFO - DAG(s) 'example_nested_branch_dag' retrieved from /Users/aswin/Documents/data-engineering-practice/ETL_Airflow_DBT/airflow/airflow_env/lib/python3.11/site-packages/airflow/example_dags/example_nested_branch_dag.py
[2026-03-10T07:35:06.273+0530] {logging_mixin.py:188} INFO - [2026-03-10T07:35:06.273+0530] {dag.py:3096} INFO - Sync 1 DAGs
[2026-03-10T07:35:06.278+0530] {logging_mixin.py:188} INFO - [2026-03-10T07:35:06.278+0530] {dag.py:3954} INFO - Setting next_dagrun for example_nested_branch_dag to 2026-03-09 00:00:00+00:00, run_after=2026-03-10 00:00:00+00:00
[2026-03-10T07:35:06.284+0530] {processor.py:183} INFO - Processing /Users/aswin/Documents/data-engineering-practice/ETL_Airflow_DBT/airflow/airflow_env/lib/python3.11/site-packages/airflow/example_dags/example_nested_branch_dag.py took 0.054 seconds
[2026-03-10T07:44:31.224+0530] {processor.py:161} INFO - Started process (PID=25197) to work on /Users/aswin/Documents/data-engineering-practice/ETL_Airflow_DBT/airflow/airflow_env/lib/python3.11/site-packages/airflow/example_dags/example_nested_branch_dag.py
[2026-03-10T07:44:31.224+0530] {processor.py:830} INFO - Processing file /Users/aswin/Documents/data-engineering-practice/ETL_Airflow_DBT/airflow/airflow_env/lib/python3.11/site-packages/airflow/example_dags/example_nested_branch_dag.py for tasks to queue
[2026-03-10T07:44:31.224+0530] {logging_mixin.py:188} INFO - [2026-03-10T07:44:31.224+0530] {dagbag.py:540} INFO - Filling up the DagBag from /Users/aswin/Documents/data-engineering-practice/ETL_Airflow_DBT/airflow/airflow_env/lib/python3.11/site-packages/airflow/example_dags/example_nested_branch_dag.py
[2026-03-10T07:44:31.238+0530] {processor.py:840} INFO - DAG(s) 'example_nested_branch_dag' retrieved from /Users/aswin/Documents/data-engineering-practice/ETL_Airflow_DBT/airflow/airflow_env/lib/python3.11/site-packages/airflow/example_dags/example_nested_branch_dag.py
[2026-03-10T07:44:31.267+0530] {logging_mixin.py:188} INFO - [2026-03-10T07:44:31.267+0530] {dag.py:3096} INFO - Sync 1 DAGs
[2026-03-10T07:44:31.272+0530] {logging_mixin.py:188} INFO - [2026-03-10T07:44:31.272+0530] {dag.py:3954} INFO - Setting next_dagrun for example_nested_branch_dag to 2026-03-09 00:00:00+00:00, run_after=2026-03-10 00:00:00+00:00
[2026-03-10T07:44:31.278+0530] {processor.py:183} INFO - Processing /Users/aswin/Documents/data-engineering-practice/ETL_Airflow_DBT/airflow/airflow_env/lib/python3.11/site-packages/airflow/example_dags/example_nested_branch_dag.py took 0.055 seconds
[2026-03-10T07:49:22.788+0530] {processor.py:161} INFO - Started process (PID=25317) to work on /Users/aswin/Documents/data-engineering-practice/ETL_Airflow_DBT/airflow/airflow_env/lib/python3.11/site-packages/airflow/example_dags/example_nested_branch_dag.py
[2026-03-10T07:49:22.789+0530] {processor.py:830} INFO - Processing file /Users/aswin/Documents/data-engineering-practice/ETL_Airflow_DBT/airflow/airflow_env/lib/python3.11/site-packages/airflow/example_dags/example_nested_branch_dag.py for tasks to queue
[2026-03-10T07:49:22.789+0530] {logging_mixin.py:188} INFO - [2026-03-10T07:49:22.789+0530] {dagbag.py:540} INFO - Filling up the DagBag from /Users/aswin/Documents/data-engineering-practice/ETL_Airflow_DBT/airflow/airflow_env/lib/python3.11/site-packages/airflow/example_dags/example_nested_branch_dag.py
[2026-03-10T07:49:22.803+0530] {processor.py:840} INFO - DAG(s) 'example_nested_branch_dag' retrieved from /Users/aswin/Documents/data-engineering-practice/ETL_Airflow_DBT/airflow/airflow_env/lib/python3.11/site-packages/airflow/example_dags/example_nested_branch_dag.py
[2026-03-10T07:49:22.831+0530] {logging_mixin.py:188} INFO - [2026-03-10T07:49:22.831+0530] {dag.py:3096} INFO - Sync 1 DAGs
[2026-03-10T07:49:22.836+0530] {logging_mixin.py:188} INFO - [2026-03-10T07:49:22.836+0530] {dag.py:3954} INFO - Setting next_dagrun for example_nested_branch_dag to 2026-03-09 00:00:00+00:00, run_after=2026-03-10 00:00:00+00:00
[2026-03-10T07:49:22.842+0530] {processor.py:183} INFO - Processing /Users/aswin/Documents/data-engineering-practice/ETL_Airflow_DBT/airflow/airflow_env/lib/python3.11/site-packages/airflow/example_dags/example_nested_branch_dag.py took 0.054 seconds
[2026-03-10T07:51:56.272+0530] {processor.py:161} INFO - Started process (PID=25400) to work on /Users/aswin/Documents/data-engineering-practice/ETL_Airflow_DBT/airflow/airflow_env/lib/python3.11/site-packages/airflow/example_dags/example_nested_branch_dag.py
[2026-03-10T07:51:56.273+0530] {processor.py:830} INFO - Processing file /Users/aswin/Documents/data-engineering-practice/ETL_Airflow_DBT/airflow/airflow_env/lib/python3.11/site-packages/airflow/example_dags/example_nested_branch_dag.py for tasks to queue
[2026-03-10T07:51:56.273+0530] {logging_mixin.py:188} INFO - [2026-03-10T07:51:56.273+0530] {dagbag.py:540} INFO - Filling up the DagBag from /Users/aswin/Documents/data-engineering-practice/ETL_Airflow_DBT/airflow/airflow_env/lib/python3.11/site-packages/airflow/example_dags/example_nested_branch_dag.py
[2026-03-10T07:51:56.287+0530] {processor.py:840} INFO - DAG(s) 'example_nested_branch_dag' retrieved from /Users/aswin/Documents/data-engineering-practice/ETL_Airflow_DBT/airflow/airflow_env/lib/python3.11/site-packages/airflow/example_dags/example_nested_branch_dag.py
[2026-03-10T07:51:56.316+0530] {logging_mixin.py:188} INFO - [2026-03-10T07:51:56.316+0530] {dag.py:3096} INFO - Sync 1 DAGs
[2026-03-10T07:51:56.321+0530] {logging_mixin.py:188} INFO - [2026-03-10T07:51:56.321+0530] {dag.py:3954} INFO - Setting next_dagrun for example_nested_branch_dag to 2026-03-09 00:00:00+00:00, run_after=2026-03-10 00:00:00+00:00
[2026-03-10T07:51:56.326+0530] {processor.py:183} INFO - Processing /Users/aswin/Documents/data-engineering-practice/ETL_Airflow_DBT/airflow/airflow_env/lib/python3.11/site-packages/airflow/example_dags/example_nested_branch_dag.py took 0.055 seconds
[2026-03-10T07:57:12.755+0530] {processor.py:161} INFO - Started process (PID=25522) to work on /Users/aswin/Documents/data-engineering-practice/ETL_Airflow_DBT/airflow/airflow_env/lib/python3.11/site-packages/airflow/example_dags/example_nested_branch_dag.py
[2026-03-10T07:57:12.756+0530] {processor.py:830} INFO - Processing file /Users/aswin/Documents/data-engineering-practice/ETL_Airflow_DBT/airflow/airflow_env/lib/python3.11/site-packages/airflow/example_dags/example_nested_branch_dag.py for tasks to queue
[2026-03-10T07:57:12.757+0530] {logging_mixin.py:188} INFO - [2026-03-10T07:57:12.757+0530] {dagbag.py:540} INFO - Filling up the DagBag from /Users/aswin/Documents/data-engineering-practice/ETL_Airflow_DBT/airflow/airflow_env/lib/python3.11/site-packages/airflow/example_dags/example_nested_branch_dag.py
[2026-03-10T07:57:12.770+0530] {processor.py:840} INFO - DAG(s) 'example_nested_branch_dag' retrieved from /Users/aswin/Documents/data-engineering-practice/ETL_Airflow_DBT/airflow/airflow_env/lib/python3.11/site-packages/airflow/example_dags/example_nested_branch_dag.py
[2026-03-10T07:57:12.799+0530] {logging_mixin.py:188} INFO - [2026-03-10T07:57:12.799+0530] {dag.py:3096} INFO - Sync 1 DAGs
[2026-03-10T07:57:12.804+0530] {logging_mixin.py:188} INFO - [2026-03-10T07:57:12.804+0530] {dag.py:3954} INFO - Setting next_dagrun for example_nested_branch_dag to 2026-03-09 00:00:00+00:00, run_after=2026-03-10 00:00:00+00:00
[2026-03-10T07:57:12.809+0530] {processor.py:183} INFO - Processing /Users/aswin/Documents/data-engineering-practice/ETL_Airflow_DBT/airflow/airflow_env/lib/python3.11/site-packages/airflow/example_dags/example_nested_branch_dag.py took 0.055 seconds
[2026-03-10T07:58:49.372+0530] {processor.py:161} INFO - Started process (PID=25604) to work on /Users/aswin/Documents/data-engineering-practice/ETL_Airflow_DBT/airflow/airflow_env/lib/python3.11/site-packages/airflow/example_dags/example_nested_branch_dag.py
[2026-03-10T07:58:49.373+0530] {processor.py:830} INFO - Processing file /Users/aswin/Documents/data-engineering-practice/ETL_Airflow_DBT/airflow/airflow_env/lib/python3.11/site-packages/airflow/example_dags/example_nested_branch_dag.py for tasks to queue
[2026-03-10T07:58:49.373+0530] {logging_mixin.py:188} INFO - [2026-03-10T07:58:49.373+0530] {dagbag.py:540} INFO - Filling up the DagBag from /Users/aswin/Documents/data-engineering-practice/ETL_Airflow_DBT/airflow/airflow_env/lib/python3.11/site-packages/airflow/example_dags/example_nested_branch_dag.py
[2026-03-10T07:58:49.387+0530] {processor.py:840} INFO - DAG(s) 'example_nested_branch_dag' retrieved from /Users/aswin/Documents/data-engineering-practice/ETL_Airflow_DBT/airflow/airflow_env/lib/python3.11/site-packages/airflow/example_dags/example_nested_branch_dag.py
[2026-03-10T07:58:49.415+0530] {logging_mixin.py:188} INFO - [2026-03-10T07:58:49.415+0530] {dag.py:3096} INFO - Sync 1 DAGs
[2026-03-10T07:58:49.421+0530] {logging_mixin.py:188} INFO - [2026-03-10T07:58:49.420+0530] {dag.py:3954} INFO - Setting next_dagrun for example_nested_branch_dag to 2026-03-09 00:00:00+00:00, run_after=2026-03-10 00:00:00+00:00
[2026-03-10T07:58:49.426+0530] {processor.py:183} INFO - Processing /Users/aswin/Documents/data-engineering-practice/ETL_Airflow_DBT/airflow/airflow_env/lib/python3.11/site-packages/airflow/example_dags/example_nested_branch_dag.py took 0.055 seconds
[2026-03-10T08:03:23.956+0530] {processor.py:161} INFO - Started process (PID=25743) to work on /Users/aswin/Documents/data-engineering-practice/ETL_Airflow_DBT/airflow/airflow_env/lib/python3.11/site-packages/airflow/example_dags/example_nested_branch_dag.py
[2026-03-10T08:03:23.957+0530] {processor.py:830} INFO - Processing file /Users/aswin/Documents/data-engineering-practice/ETL_Airflow_DBT/airflow/airflow_env/lib/python3.11/site-packages/airflow/example_dags/example_nested_branch_dag.py for tasks to queue
[2026-03-10T08:03:23.957+0530] {logging_mixin.py:188} INFO - [2026-03-10T08:03:23.957+0530] {dagbag.py:540} INFO - Filling up the DagBag from /Users/aswin/Documents/data-engineering-practice/ETL_Airflow_DBT/airflow/airflow_env/lib/python3.11/site-packages/airflow/example_dags/example_nested_branch_dag.py
[2026-03-10T08:03:23.971+0530] {processor.py:840} INFO - DAG(s) 'example_nested_branch_dag' retrieved from /Users/aswin/Documents/data-engineering-practice/ETL_Airflow_DBT/airflow/airflow_env/lib/python3.11/site-packages/airflow/example_dags/example_nested_branch_dag.py
[2026-03-10T08:03:23.999+0530] {logging_mixin.py:188} INFO - [2026-03-10T08:03:23.999+0530] {dag.py:3096} INFO - Sync 1 DAGs
[2026-03-10T08:03:24.004+0530] {logging_mixin.py:188} INFO - [2026-03-10T08:03:24.004+0530] {dag.py:3954} INFO - Setting next_dagrun for example_nested_branch_dag to 2026-03-09 00:00:00+00:00, run_after=2026-03-10 00:00:00+00:00
[2026-03-10T08:03:24.010+0530] {processor.py:183} INFO - Processing /Users/aswin/Documents/data-engineering-practice/ETL_Airflow_DBT/airflow/airflow_env/lib/python3.11/site-packages/airflow/example_dags/example_nested_branch_dag.py took 0.054 seconds
[2026-03-10T08:04:54.007+0530] {processor.py:161} INFO - Started process (PID=25845) to work on /Users/aswin/Documents/data-engineering-practice/ETL_Airflow_DBT/airflow/airflow_env/lib/python3.11/site-packages/airflow/example_dags/example_nested_branch_dag.py
[2026-03-10T08:04:54.007+0530] {processor.py:830} INFO - Processing file /Users/aswin/Documents/data-engineering-practice/ETL_Airflow_DBT/airflow/airflow_env/lib/python3.11/site-packages/airflow/example_dags/example_nested_branch_dag.py for tasks to queue
[2026-03-10T08:04:54.007+0530] {logging_mixin.py:188} INFO - [2026-03-10T08:04:54.007+0530] {dagbag.py:540} INFO - Filling up the DagBag from /Users/aswin/Documents/data-engineering-practice/ETL_Airflow_DBT/airflow/airflow_env/lib/python3.11/site-packages/airflow/example_dags/example_nested_branch_dag.py
[2026-03-10T08:04:54.022+0530] {processor.py:840} INFO - DAG(s) 'example_nested_branch_dag' retrieved from /Users/aswin/Documents/data-engineering-practice/ETL_Airflow_DBT/airflow/airflow_env/lib/python3.11/site-packages/airflow/example_dags/example_nested_branch_dag.py
[2026-03-10T08:04:54.050+0530] {logging_mixin.py:188} INFO - [2026-03-10T08:04:54.050+0530] {dag.py:3096} INFO - Sync 1 DAGs
[2026-03-10T08:04:54.055+0530] {logging_mixin.py:188} INFO - [2026-03-10T08:04:54.055+0530] {dag.py:3954} INFO - Setting next_dagrun for example_nested_branch_dag to 2026-03-09 00:00:00+00:00, run_after=2026-03-10 00:00:00+00:00
[2026-03-10T08:04:54.060+0530] {processor.py:183} INFO - Processing /Users/aswin/Documents/data-engineering-practice/ETL_Airflow_DBT/airflow/airflow_env/lib/python3.11/site-packages/airflow/example_dags/example_nested_branch_dag.py took 0.055 seconds
[2026-03-10T08:06:22.309+0530] {processor.py:161} INFO - Started process (PID=25951) to work on /Users/aswin/Documents/data-engineering-practice/ETL_Airflow_DBT/airflow/airflow_env/lib/python3.11/site-packages/airflow/example_dags/example_nested_branch_dag.py
[2026-03-10T08:06:22.309+0530] {processor.py:830} INFO - Processing file /Users/aswin/Documents/data-engineering-practice/ETL_Airflow_DBT/airflow/airflow_env/lib/python3.11/site-packages/airflow/example_dags/example_nested_branch_dag.py for tasks to queue
[2026-03-10T08:06:22.309+0530] {logging_mixin.py:188} INFO - [2026-03-10T08:06:22.309+0530] {dagbag.py:540} INFO - Filling up the DagBag from /Users/aswin/Documents/data-engineering-practice/ETL_Airflow_DBT/airflow/airflow_env/lib/python3.11/site-packages/airflow/example_dags/example_nested_branch_dag.py
[2026-03-10T08:06:22.323+0530] {processor.py:840} INFO - DAG(s) 'example_nested_branch_dag' retrieved from /Users/aswin/Documents/data-engineering-practice/ETL_Airflow_DBT/airflow/airflow_env/lib/python3.11/site-packages/airflow/example_dags/example_nested_branch_dag.py
[2026-03-10T08:06:22.351+0530] {logging_mixin.py:188} INFO - [2026-03-10T08:06:22.351+0530] {dag.py:3096} INFO - Sync 1 DAGs
[2026-03-10T08:06:22.357+0530] {logging_mixin.py:188} INFO - [2026-03-10T08:06:22.356+0530] {dag.py:3954} INFO - Setting next_dagrun for example_nested_branch_dag to 2026-03-09 00:00:00+00:00, run_after=2026-03-10 00:00:00+00:00
[2026-03-10T08:06:22.362+0530] {processor.py:183} INFO - Processing /Users/aswin/Documents/data-engineering-practice/ETL_Airflow_DBT/airflow/airflow_env/lib/python3.11/site-packages/airflow/example_dags/example_nested_branch_dag.py took 0.054 seconds
[2026-03-10T08:13:31.986+0530] {processor.py:161} INFO - Started process (PID=26096) to work on /Users/aswin/Documents/data-engineering-practice/ETL_Airflow_DBT/airflow/airflow_env/lib/python3.11/site-packages/airflow/example_dags/example_nested_branch_dag.py
[2026-03-10T08:13:31.989+0530] {processor.py:830} INFO - Processing file /Users/aswin/Documents/data-engineering-practice/ETL_Airflow_DBT/airflow/airflow_env/lib/python3.11/site-packages/airflow/example_dags/example_nested_branch_dag.py for tasks to queue
[2026-03-10T08:13:31.989+0530] {logging_mixin.py:188} INFO - [2026-03-10T08:13:31.989+0530] {dagbag.py:540} INFO - Filling up the DagBag from /Users/aswin/Documents/data-engineering-practice/ETL_Airflow_DBT/airflow/airflow_env/lib/python3.11/site-packages/airflow/example_dags/example_nested_branch_dag.py
[2026-03-10T08:13:32.003+0530] {processor.py:840} INFO - DAG(s) 'example_nested_branch_dag' retrieved from /Users/aswin/Documents/data-engineering-practice/ETL_Airflow_DBT/airflow/airflow_env/lib/python3.11/site-packages/airflow/example_dags/example_nested_branch_dag.py
[2026-03-10T08:13:32.032+0530] {logging_mixin.py:188} INFO - [2026-03-10T08:13:32.032+0530] {dag.py:3096} INFO - Sync 1 DAGs
[2026-03-10T08:13:32.037+0530] {logging_mixin.py:188} INFO - [2026-03-10T08:13:32.037+0530] {dag.py:3954} INFO - Setting next_dagrun for example_nested_branch_dag to 2026-03-09 00:00:00+00:00, run_after=2026-03-10 00:00:00+00:00
[2026-03-10T08:13:32.042+0530] {processor.py:183} INFO - Processing /Users/aswin/Documents/data-engineering-practice/ETL_Airflow_DBT/airflow/airflow_env/lib/python3.11/site-packages/airflow/example_dags/example_nested_branch_dag.py took 0.057 seconds
[2026-03-10T08:15:20.115+0530] {processor.py:161} INFO - Started process (PID=26267) to work on /Users/aswin/Documents/data-engineering-practice/ETL_Airflow_DBT/airflow/airflow_env/lib/python3.11/site-packages/airflow/example_dags/example_nested_branch_dag.py
[2026-03-10T08:15:20.117+0530] {processor.py:830} INFO - Processing file /Users/aswin/Documents/data-engineering-practice/ETL_Airflow_DBT/airflow/airflow_env/lib/python3.11/site-packages/airflow/example_dags/example_nested_branch_dag.py for tasks to queue
[2026-03-10T08:15:20.117+0530] {logging_mixin.py:188} INFO - [2026-03-10T08:15:20.117+0530] {dagbag.py:540} INFO - Filling up the DagBag from /Users/aswin/Documents/data-engineering-practice/ETL_Airflow_DBT/airflow/airflow_env/lib/python3.11/site-packages/airflow/example_dags/example_nested_branch_dag.py
[2026-03-10T08:15:20.133+0530] {processor.py:840} INFO - DAG(s) 'example_nested_branch_dag' retrieved from /Users/aswin/Documents/data-engineering-practice/ETL_Airflow_DBT/airflow/airflow_env/lib/python3.11/site-packages/airflow/example_dags/example_nested_branch_dag.py
[2026-03-10T08:15:20.164+0530] {logging_mixin.py:188} INFO - [2026-03-10T08:15:20.164+0530] {dag.py:3096} INFO - Sync 1 DAGs
[2026-03-10T08:15:20.170+0530] {logging_mixin.py:188} INFO - [2026-03-10T08:15:20.170+0530] {dag.py:3954} INFO - Setting next_dagrun for example_nested_branch_dag to 2026-03-09 00:00:00+00:00, run_after=2026-03-10 00:00:00+00:00
[2026-03-10T08:15:20.176+0530] {processor.py:183} INFO - Processing /Users/aswin/Documents/data-engineering-practice/ETL_Airflow_DBT/airflow/airflow_env/lib/python3.11/site-packages/airflow/example_dags/example_nested_branch_dag.py took 0.062 seconds
[2026-03-10T08:17:06.542+0530] {processor.py:161} INFO - Started process (PID=26381) to work on /Users/aswin/Documents/data-engineering-practice/ETL_Airflow_DBT/airflow/airflow_env/lib/python3.11/site-packages/airflow/example_dags/example_nested_branch_dag.py
[2026-03-10T08:17:06.543+0530] {processor.py:830} INFO - Processing file /Users/aswin/Documents/data-engineering-practice/ETL_Airflow_DBT/airflow/airflow_env/lib/python3.11/site-packages/airflow/example_dags/example_nested_branch_dag.py for tasks to queue
[2026-03-10T08:17:06.543+0530] {logging_mixin.py:188} INFO - [2026-03-10T08:17:06.543+0530] {dagbag.py:540} INFO - Filling up the DagBag from /Users/aswin/Documents/data-engineering-practice/ETL_Airflow_DBT/airflow/airflow_env/lib/python3.11/site-packages/airflow/example_dags/example_nested_branch_dag.py
[2026-03-10T08:17:06.557+0530] {processor.py:840} INFO - DAG(s) 'example_nested_branch_dag' retrieved from /Users/aswin/Documents/data-engineering-practice/ETL_Airflow_DBT/airflow/airflow_env/lib/python3.11/site-packages/airflow/example_dags/example_nested_branch_dag.py
[2026-03-10T08:17:06.587+0530] {logging_mixin.py:188} INFO - [2026-03-10T08:17:06.587+0530] {dag.py:3096} INFO - Sync 1 DAGs
[2026-03-10T08:17:06.592+0530] {logging_mixin.py:188} INFO - [2026-03-10T08:17:06.592+0530] {dag.py:3954} INFO - Setting next_dagrun for example_nested_branch_dag to 2026-03-09 00:00:00+00:00, run_after=2026-03-10 00:00:00+00:00
[2026-03-10T08:17:06.598+0530] {processor.py:183} INFO - Processing /Users/aswin/Documents/data-engineering-practice/ETL_Airflow_DBT/airflow/airflow_env/lib/python3.11/site-packages/airflow/example_dags/example_nested_branch_dag.py took 0.057 seconds
[2026-03-10T08:18:38.633+0530] {processor.py:161} INFO - Started process (PID=26449) to work on /Users/aswin/Documents/data-engineering-practice/ETL_Airflow_DBT/airflow/airflow_env/lib/python3.11/site-packages/airflow/example_dags/example_nested_branch_dag.py
[2026-03-10T08:18:38.634+0530] {processor.py:830} INFO - Processing file /Users/aswin/Documents/data-engineering-practice/ETL_Airflow_DBT/airflow/airflow_env/lib/python3.11/site-packages/airflow/example_dags/example_nested_branch_dag.py for tasks to queue
[2026-03-10T08:18:38.634+0530] {logging_mixin.py:188} INFO - [2026-03-10T08:18:38.634+0530] {dagbag.py:540} INFO - Filling up the DagBag from /Users/aswin/Documents/data-engineering-practice/ETL_Airflow_DBT/airflow/airflow_env/lib/python3.11/site-packages/airflow/example_dags/example_nested_branch_dag.py
[2026-03-10T08:18:38.648+0530] {processor.py:840} INFO - DAG(s) 'example_nested_branch_dag' retrieved from /Users/aswin/Documents/data-engineering-practice/ETL_Airflow_DBT/airflow/airflow_env/lib/python3.11/site-packages/airflow/example_dags/example_nested_branch_dag.py
[2026-03-10T08:18:38.677+0530] {logging_mixin.py:188} INFO - [2026-03-10T08:18:38.677+0530] {dag.py:3096} INFO - Sync 1 DAGs
[2026-03-10T08:18:38.682+0530] {logging_mixin.py:188} INFO - [2026-03-10T08:18:38.682+0530] {dag.py:3954} INFO - Setting next_dagrun for example_nested_branch_dag to 2026-03-09 00:00:00+00:00, run_after=2026-03-10 00:00:00+00:00
[2026-03-10T08:18:38.688+0530] {processor.py:183} INFO - Processing /Users/aswin/Documents/data-engineering-practice/ETL_Airflow_DBT/airflow/airflow_env/lib/python3.11/site-packages/airflow/example_dags/example_nested_branch_dag.py took 0.055 seconds
[2026-03-10T08:20:13.706+0530] {processor.py:161} INFO - Started process (PID=26524) to work on /Users/aswin/Documents/data-engineering-practice/ETL_Airflow_DBT/airflow/airflow_env/lib/python3.11/site-packages/airflow/example_dags/example_nested_branch_dag.py
[2026-03-10T08:20:13.707+0530] {processor.py:830} INFO - Processing file /Users/aswin/Documents/data-engineering-practice/ETL_Airflow_DBT/airflow/airflow_env/lib/python3.11/site-packages/airflow/example_dags/example_nested_branch_dag.py for tasks to queue
[2026-03-10T08:20:13.708+0530] {logging_mixin.py:188} INFO - [2026-03-10T08:20:13.708+0530] {dagbag.py:540} INFO - Filling up the DagBag from /Users/aswin/Documents/data-engineering-practice/ETL_Airflow_DBT/airflow/airflow_env/lib/python3.11/site-packages/airflow/example_dags/example_nested_branch_dag.py
[2026-03-10T08:20:13.722+0530] {processor.py:840} INFO - DAG(s) 'example_nested_branch_dag' retrieved from /Users/aswin/Documents/data-engineering-practice/ETL_Airflow_DBT/airflow/airflow_env/lib/python3.11/site-packages/airflow/example_dags/example_nested_branch_dag.py
[2026-03-10T08:20:13.754+0530] {logging_mixin.py:188} INFO - [2026-03-10T08:20:13.754+0530] {dag.py:3096} INFO - Sync 1 DAGs
[2026-03-10T08:20:13.759+0530] {logging_mixin.py:188} INFO - [2026-03-10T08:20:13.759+0530] {dag.py:3954} INFO - Setting next_dagrun for example_nested_branch_dag to 2026-03-09 00:00:00+00:00, run_after=2026-03-10 00:00:00+00:00
[2026-03-10T08:20:13.766+0530] {processor.py:183} INFO - Processing /Users/aswin/Documents/data-engineering-practice/ETL_Airflow_DBT/airflow/airflow_env/lib/python3.11/site-packages/airflow/example_dags/example_nested_branch_dag.py took 0.060 seconds
[2026-03-10T08:21:46.092+0530] {processor.py:161} INFO - Started process (PID=26596) to work on /Users/aswin/Documents/data-engineering-practice/ETL_Airflow_DBT/airflow/airflow_env/lib/python3.11/site-packages/airflow/example_dags/example_nested_branch_dag.py
[2026-03-10T08:21:46.093+0530] {processor.py:830} INFO - Processing file /Users/aswin/Documents/data-engineering-practice/ETL_Airflow_DBT/airflow/airflow_env/lib/python3.11/site-packages/airflow/example_dags/example_nested_branch_dag.py for tasks to queue
[2026-03-10T08:21:46.094+0530] {logging_mixin.py:188} INFO - [2026-03-10T08:21:46.093+0530] {dagbag.py:540} INFO - Filling up the DagBag from /Users/aswin/Documents/data-engineering-practice/ETL_Airflow_DBT/airflow/airflow_env/lib/python3.11/site-packages/airflow/example_dags/example_nested_branch_dag.py
[2026-03-10T08:21:46.108+0530] {processor.py:840} INFO - DAG(s) 'example_nested_branch_dag' retrieved from /Users/aswin/Documents/data-engineering-practice/ETL_Airflow_DBT/airflow/airflow_env/lib/python3.11/site-packages/airflow/example_dags/example_nested_branch_dag.py
[2026-03-10T08:21:46.137+0530] {logging_mixin.py:188} INFO - [2026-03-10T08:21:46.137+0530] {dag.py:3096} INFO - Sync 1 DAGs
[2026-03-10T08:21:46.142+0530] {logging_mixin.py:188} INFO - [2026-03-10T08:21:46.142+0530] {dag.py:3954} INFO - Setting next_dagrun for example_nested_branch_dag to 2026-03-09 00:00:00+00:00, run_after=2026-03-10 00:00:00+00:00
[2026-03-10T08:21:46.148+0530] {processor.py:183} INFO - Processing /Users/aswin/Documents/data-engineering-practice/ETL_Airflow_DBT/airflow/airflow_env/lib/python3.11/site-packages/airflow/example_dags/example_nested_branch_dag.py took 0.056 seconds
[2026-03-10T08:23:19.806+0530] {processor.py:161} INFO - Started process (PID=26680) to work on /Users/aswin/Documents/data-engineering-practice/ETL_Airflow_DBT/airflow/airflow_env/lib/python3.11/site-packages/airflow/example_dags/example_nested_branch_dag.py
[2026-03-10T08:23:19.807+0530] {processor.py:830} INFO - Processing file /Users/aswin/Documents/data-engineering-practice/ETL_Airflow_DBT/airflow/airflow_env/lib/python3.11/site-packages/airflow/example_dags/example_nested_branch_dag.py for tasks to queue
[2026-03-10T08:23:19.807+0530] {logging_mixin.py:188} INFO - [2026-03-10T08:23:19.807+0530] {dagbag.py:540} INFO - Filling up the DagBag from /Users/aswin/Documents/data-engineering-practice/ETL_Airflow_DBT/airflow/airflow_env/lib/python3.11/site-packages/airflow/example_dags/example_nested_branch_dag.py
[2026-03-10T08:23:19.822+0530] {processor.py:840} INFO - DAG(s) 'example_nested_branch_dag' retrieved from /Users/aswin/Documents/data-engineering-practice/ETL_Airflow_DBT/airflow/airflow_env/lib/python3.11/site-packages/airflow/example_dags/example_nested_branch_dag.py
[2026-03-10T08:23:19.851+0530] {logging_mixin.py:188} INFO - [2026-03-10T08:23:19.850+0530] {dag.py:3096} INFO - Sync 1 DAGs
[2026-03-10T08:23:19.856+0530] {logging_mixin.py:188} INFO - [2026-03-10T08:23:19.856+0530] {dag.py:3954} INFO - Setting next_dagrun for example_nested_branch_dag to 2026-03-09 00:00:00+00:00, run_after=2026-03-10 00:00:00+00:00
[2026-03-10T08:23:19.861+0530] {processor.py:183} INFO - Processing /Users/aswin/Documents/data-engineering-practice/ETL_Airflow_DBT/airflow/airflow_env/lib/python3.11/site-packages/airflow/example_dags/example_nested_branch_dag.py took 0.056 seconds
[2026-03-10T08:24:52.701+0530] {processor.py:161} INFO - Started process (PID=26751) to work on /Users/aswin/Documents/data-engineering-practice/ETL_Airflow_DBT/airflow/airflow_env/lib/python3.11/site-packages/airflow/example_dags/example_nested_branch_dag.py
[2026-03-10T08:24:52.702+0530] {processor.py:830} INFO - Processing file /Users/aswin/Documents/data-engineering-practice/ETL_Airflow_DBT/airflow/airflow_env/lib/python3.11/site-packages/airflow/example_dags/example_nested_branch_dag.py for tasks to queue
[2026-03-10T08:24:52.702+0530] {logging_mixin.py:188} INFO - [2026-03-10T08:24:52.702+0530] {dagbag.py:540} INFO - Filling up the DagBag from /Users/aswin/Documents/data-engineering-practice/ETL_Airflow_DBT/airflow/airflow_env/lib/python3.11/site-packages/airflow/example_dags/example_nested_branch_dag.py
[2026-03-10T08:24:52.716+0530] {processor.py:840} INFO - DAG(s) 'example_nested_branch_dag' retrieved from /Users/aswin/Documents/data-engineering-practice/ETL_Airflow_DBT/airflow/airflow_env/lib/python3.11/site-packages/airflow/example_dags/example_nested_branch_dag.py
[2026-03-10T08:24:52.745+0530] {logging_mixin.py:188} INFO - [2026-03-10T08:24:52.745+0530] {dag.py:3096} INFO - Sync 1 DAGs
[2026-03-10T08:24:52.750+0530] {logging_mixin.py:188} INFO - [2026-03-10T08:24:52.750+0530] {dag.py:3954} INFO - Setting next_dagrun for example_nested_branch_dag to 2026-03-09 00:00:00+00:00, run_after=2026-03-10 00:00:00+00:00
[2026-03-10T08:24:52.756+0530] {processor.py:183} INFO - Processing /Users/aswin/Documents/data-engineering-practice/ETL_Airflow_DBT/airflow/airflow_env/lib/python3.11/site-packages/airflow/example_dags/example_nested_branch_dag.py took 0.056 seconds
[2026-03-10T08:26:25.680+0530] {processor.py:161} INFO - Started process (PID=26829) to work on /Users/aswin/Documents/data-engineering-practice/ETL_Airflow_DBT/airflow/airflow_env/lib/python3.11/site-packages/airflow/example_dags/example_nested_branch_dag.py
[2026-03-10T08:26:25.680+0530] {processor.py:830} INFO - Processing file /Users/aswin/Documents/data-engineering-practice/ETL_Airflow_DBT/airflow/airflow_env/lib/python3.11/site-packages/airflow/example_dags/example_nested_branch_dag.py for tasks to queue
[2026-03-10T08:26:25.680+0530] {logging_mixin.py:188} INFO - [2026-03-10T08:26:25.680+0530] {dagbag.py:540} INFO - Filling up the DagBag from /Users/aswin/Documents/data-engineering-practice/ETL_Airflow_DBT/airflow/airflow_env/lib/python3.11/site-packages/airflow/example_dags/example_nested_branch_dag.py
[2026-03-10T08:26:25.695+0530] {processor.py:840} INFO - DAG(s) 'example_nested_branch_dag' retrieved from /Users/aswin/Documents/data-engineering-practice/ETL_Airflow_DBT/airflow/airflow_env/lib/python3.11/site-packages/airflow/example_dags/example_nested_branch_dag.py
[2026-03-10T08:26:25.724+0530] {logging_mixin.py:188} INFO - [2026-03-10T08:26:25.724+0530] {dag.py:3096} INFO - Sync 1 DAGs
[2026-03-10T08:26:25.730+0530] {logging_mixin.py:188} INFO - [2026-03-10T08:26:25.730+0530] {dag.py:3954} INFO - Setting next_dagrun for example_nested_branch_dag to 2026-03-09 00:00:00+00:00, run_after=2026-03-10 00:00:00+00:00
[2026-03-10T08:26:25.735+0530] {processor.py:183} INFO - Processing /Users/aswin/Documents/data-engineering-practice/ETL_Airflow_DBT/airflow/airflow_env/lib/python3.11/site-packages/airflow/example_dags/example_nested_branch_dag.py took 0.057 seconds
[2026-03-10T08:27:56.933+0530] {processor.py:161} INFO - Started process (PID=26907) to work on /Users/aswin/Documents/data-engineering-practice/ETL_Airflow_DBT/airflow/airflow_env/lib/python3.11/site-packages/airflow/example_dags/example_nested_branch_dag.py
[2026-03-10T08:27:56.934+0530] {processor.py:830} INFO - Processing file /Users/aswin/Documents/data-engineering-practice/ETL_Airflow_DBT/airflow/airflow_env/lib/python3.11/site-packages/airflow/example_dags/example_nested_branch_dag.py for tasks to queue
[2026-03-10T08:27:56.934+0530] {logging_mixin.py:188} INFO - [2026-03-10T08:27:56.934+0530] {dagbag.py:540} INFO - Filling up the DagBag from /Users/aswin/Documents/data-engineering-practice/ETL_Airflow_DBT/airflow/airflow_env/lib/python3.11/site-packages/airflow/example_dags/example_nested_branch_dag.py
[2026-03-10T08:27:56.948+0530] {processor.py:840} INFO - DAG(s) 'example_nested_branch_dag' retrieved from /Users/aswin/Documents/data-engineering-practice/ETL_Airflow_DBT/airflow/airflow_env/lib/python3.11/site-packages/airflow/example_dags/example_nested_branch_dag.py
[2026-03-10T08:27:56.977+0530] {logging_mixin.py:188} INFO - [2026-03-10T08:27:56.977+0530] {dag.py:3096} INFO - Sync 1 DAGs
[2026-03-10T08:27:56.982+0530] {logging_mixin.py:188} INFO - [2026-03-10T08:27:56.982+0530] {dag.py:3954} INFO - Setting next_dagrun for example_nested_branch_dag to 2026-03-09 00:00:00+00:00, run_after=2026-03-10 00:00:00+00:00
[2026-03-10T08:27:56.988+0530] {processor.py:183} INFO - Processing /Users/aswin/Documents/data-engineering-practice/ETL_Airflow_DBT/airflow/airflow_env/lib/python3.11/site-packages/airflow/example_dags/example_nested_branch_dag.py took 0.056 seconds
[2026-03-10T08:29:28.588+0530] {processor.py:161} INFO - Started process (PID=26980) to work on /Users/aswin/Documents/data-engineering-practice/ETL_Airflow_DBT/airflow/airflow_env/lib/python3.11/site-packages/airflow/example_dags/example_nested_branch_dag.py
[2026-03-10T08:29:28.591+0530] {processor.py:830} INFO - Processing file /Users/aswin/Documents/data-engineering-practice/ETL_Airflow_DBT/airflow/airflow_env/lib/python3.11/site-packages/airflow/example_dags/example_nested_branch_dag.py for tasks to queue
[2026-03-10T08:29:28.591+0530] {logging_mixin.py:188} INFO - [2026-03-10T08:29:28.591+0530] {dagbag.py:540} INFO - Filling up the DagBag from /Users/aswin/Documents/data-engineering-practice/ETL_Airflow_DBT/airflow/airflow_env/lib/python3.11/site-packages/airflow/example_dags/example_nested_branch_dag.py
[2026-03-10T08:29:28.605+0530] {processor.py:840} INFO - DAG(s) 'example_nested_branch_dag' retrieved from /Users/aswin/Documents/data-engineering-practice/ETL_Airflow_DBT/airflow/airflow_env/lib/python3.11/site-packages/airflow/example_dags/example_nested_branch_dag.py
[2026-03-10T08:29:28.634+0530] {logging_mixin.py:188} INFO - [2026-03-10T08:29:28.634+0530] {dag.py:3096} INFO - Sync 1 DAGs
[2026-03-10T08:29:28.639+0530] {logging_mixin.py:188} INFO - [2026-03-10T08:29:28.639+0530] {dag.py:3954} INFO - Setting next_dagrun for example_nested_branch_dag to 2026-03-09 00:00:00+00:00, run_after=2026-03-10 00:00:00+00:00
[2026-03-10T08:29:28.645+0530] {processor.py:183} INFO - Processing /Users/aswin/Documents/data-engineering-practice/ETL_Airflow_DBT/airflow/airflow_env/lib/python3.11/site-packages/airflow/example_dags/example_nested_branch_dag.py took 0.058 seconds
[2026-03-10T08:30:59.221+0530] {processor.py:161} INFO - Started process (PID=27052) to work on /Users/aswin/Documents/data-engineering-practice/ETL_Airflow_DBT/airflow/airflow_env/lib/python3.11/site-packages/airflow/example_dags/example_nested_branch_dag.py
[2026-03-10T08:30:59.222+0530] {processor.py:830} INFO - Processing file /Users/aswin/Documents/data-engineering-practice/ETL_Airflow_DBT/airflow/airflow_env/lib/python3.11/site-packages/airflow/example_dags/example_nested_branch_dag.py for tasks to queue
[2026-03-10T08:30:59.222+0530] {logging_mixin.py:188} INFO - [2026-03-10T08:30:59.222+0530] {dagbag.py:540} INFO - Filling up the DagBag from /Users/aswin/Documents/data-engineering-practice/ETL_Airflow_DBT/airflow/airflow_env/lib/python3.11/site-packages/airflow/example_dags/example_nested_branch_dag.py
[2026-03-10T08:30:59.237+0530] {processor.py:840} INFO - DAG(s) 'example_nested_branch_dag' retrieved from /Users/aswin/Documents/data-engineering-practice/ETL_Airflow_DBT/airflow/airflow_env/lib/python3.11/site-packages/airflow/example_dags/example_nested_branch_dag.py
[2026-03-10T08:30:59.266+0530] {logging_mixin.py:188} INFO - [2026-03-10T08:30:59.266+0530] {dag.py:3096} INFO - Sync 1 DAGs
[2026-03-10T08:30:59.272+0530] {logging_mixin.py:188} INFO - [2026-03-10T08:30:59.271+0530] {dag.py:3954} INFO - Setting next_dagrun for example_nested_branch_dag to 2026-03-09 00:00:00+00:00, run_after=2026-03-10 00:00:00+00:00
[2026-03-10T08:30:59.277+0530] {processor.py:183} INFO - Processing /Users/aswin/Documents/data-engineering-practice/ETL_Airflow_DBT/airflow/airflow_env/lib/python3.11/site-packages/airflow/example_dags/example_nested_branch_dag.py took 0.057 seconds
[2026-03-10T08:32:32.031+0530] {processor.py:161} INFO - Started process (PID=27133) to work on /Users/aswin/Documents/data-engineering-practice/ETL_Airflow_DBT/airflow/airflow_env/lib/python3.11/site-packages/airflow/example_dags/example_nested_branch_dag.py
[2026-03-10T08:32:32.032+0530] {processor.py:830} INFO - Processing file /Users/aswin/Documents/data-engineering-practice/ETL_Airflow_DBT/airflow/airflow_env/lib/python3.11/site-packages/airflow/example_dags/example_nested_branch_dag.py for tasks to queue
[2026-03-10T08:32:32.032+0530] {logging_mixin.py:188} INFO - [2026-03-10T08:32:32.032+0530] {dagbag.py:540} INFO - Filling up the DagBag from /Users/aswin/Documents/data-engineering-practice/ETL_Airflow_DBT/airflow/airflow_env/lib/python3.11/site-packages/airflow/example_dags/example_nested_branch_dag.py
[2026-03-10T08:32:32.046+0530] {processor.py:840} INFO - DAG(s) 'example_nested_branch_dag' retrieved from /Users/aswin/Documents/data-engineering-practice/ETL_Airflow_DBT/airflow/airflow_env/lib/python3.11/site-packages/airflow/example_dags/example_nested_branch_dag.py
[2026-03-10T08:32:32.075+0530] {logging_mixin.py:188} INFO - [2026-03-10T08:32:32.075+0530] {dag.py:3096} INFO - Sync 1 DAGs
[2026-03-10T08:32:32.080+0530] {logging_mixin.py:188} INFO - [2026-03-10T08:32:32.080+0530] {dag.py:3954} INFO - Setting next_dagrun for example_nested_branch_dag to 2026-03-09 00:00:00+00:00, run_after=2026-03-10 00:00:00+00:00
[2026-03-10T08:32:32.086+0530] {processor.py:183} INFO - Processing /Users/aswin/Documents/data-engineering-practice/ETL_Airflow_DBT/airflow/airflow_env/lib/python3.11/site-packages/airflow/example_dags/example_nested_branch_dag.py took 0.056 seconds
[2026-03-10T08:34:02.137+0530] {processor.py:161} INFO - Started process (PID=27216) to work on /Users/aswin/Documents/data-engineering-practice/ETL_Airflow_DBT/airflow/airflow_env/lib/python3.11/site-packages/airflow/example_dags/example_nested_branch_dag.py
[2026-03-10T08:34:02.139+0530] {processor.py:830} INFO - Processing file /Users/aswin/Documents/data-engineering-practice/ETL_Airflow_DBT/airflow/airflow_env/lib/python3.11/site-packages/airflow/example_dags/example_nested_branch_dag.py for tasks to queue
[2026-03-10T08:34:02.139+0530] {logging_mixin.py:188} INFO - [2026-03-10T08:34:02.139+0530] {dagbag.py:540} INFO - Filling up the DagBag from /Users/aswin/Documents/data-engineering-practice/ETL_Airflow_DBT/airflow/airflow_env/lib/python3.11/site-packages/airflow/example_dags/example_nested_branch_dag.py
[2026-03-10T08:34:02.153+0530] {processor.py:840} INFO - DAG(s) 'example_nested_branch_dag' retrieved from /Users/aswin/Documents/data-engineering-practice/ETL_Airflow_DBT/airflow/airflow_env/lib/python3.11/site-packages/airflow/example_dags/example_nested_branch_dag.py
[2026-03-10T08:34:02.182+0530] {logging_mixin.py:188} INFO - [2026-03-10T08:34:02.182+0530] {dag.py:3096} INFO - Sync 1 DAGs
[2026-03-10T08:34:02.187+0530] {logging_mixin.py:188} INFO - [2026-03-10T08:34:02.187+0530] {dag.py:3954} INFO - Setting next_dagrun for example_nested_branch_dag to 2026-03-09 00:00:00+00:00, run_after=2026-03-10 00:00:00+00:00
[2026-03-10T08:34:02.193+0530] {processor.py:183} INFO - Processing /Users/aswin/Documents/data-engineering-practice/ETL_Airflow_DBT/airflow/airflow_env/lib/python3.11/site-packages/airflow/example_dags/example_nested_branch_dag.py took 0.056 seconds
[2026-03-10T08:35:35.952+0530] {processor.py:161} INFO - Started process (PID=27299) to work on /Users/aswin/Documents/data-engineering-practice/ETL_Airflow_DBT/airflow/airflow_env/lib/python3.11/site-packages/airflow/example_dags/example_nested_branch_dag.py
[2026-03-10T08:35:35.952+0530] {processor.py:830} INFO - Processing file /Users/aswin/Documents/data-engineering-practice/ETL_Airflow_DBT/airflow/airflow_env/lib/python3.11/site-packages/airflow/example_dags/example_nested_branch_dag.py for tasks to queue
[2026-03-10T08:35:35.953+0530] {logging_mixin.py:188} INFO - [2026-03-10T08:35:35.953+0530] {dagbag.py:540} INFO - Filling up the DagBag from /Users/aswin/Documents/data-engineering-practice/ETL_Airflow_DBT/airflow/airflow_env/lib/python3.11/site-packages/airflow/example_dags/example_nested_branch_dag.py
[2026-03-10T08:35:35.968+0530] {processor.py:840} INFO - DAG(s) 'example_nested_branch_dag' retrieved from /Users/aswin/Documents/data-engineering-practice/ETL_Airflow_DBT/airflow/airflow_env/lib/python3.11/site-packages/airflow/example_dags/example_nested_branch_dag.py
[2026-03-10T08:35:35.996+0530] {logging_mixin.py:188} INFO - [2026-03-10T08:35:35.996+0530] {dag.py:3096} INFO - Sync 1 DAGs
[2026-03-10T08:35:36.001+0530] {logging_mixin.py:188} INFO - [2026-03-10T08:35:36.001+0530] {dag.py:3954} INFO - Setting next_dagrun for example_nested_branch_dag to 2026-03-09 00:00:00+00:00, run_after=2026-03-10 00:00:00+00:00
[2026-03-10T08:35:36.007+0530] {processor.py:183} INFO - Processing /Users/aswin/Documents/data-engineering-practice/ETL_Airflow_DBT/airflow/airflow_env/lib/python3.11/site-packages/airflow/example_dags/example_nested_branch_dag.py took 0.056 seconds
[2026-03-10T08:37:04.186+0530] {processor.py:161} INFO - Started process (PID=27367) to work on /Users/aswin/Documents/data-engineering-practice/ETL_Airflow_DBT/airflow/airflow_env/lib/python3.11/site-packages/airflow/example_dags/example_nested_branch_dag.py
[2026-03-10T08:37:04.186+0530] {processor.py:830} INFO - Processing file /Users/aswin/Documents/data-engineering-practice/ETL_Airflow_DBT/airflow/airflow_env/lib/python3.11/site-packages/airflow/example_dags/example_nested_branch_dag.py for tasks to queue
[2026-03-10T08:37:04.186+0530] {logging_mixin.py:188} INFO - [2026-03-10T08:37:04.186+0530] {dagbag.py:540} INFO - Filling up the DagBag from /Users/aswin/Documents/data-engineering-practice/ETL_Airflow_DBT/airflow/airflow_env/lib/python3.11/site-packages/airflow/example_dags/example_nested_branch_dag.py
[2026-03-10T08:37:04.201+0530] {processor.py:840} INFO - DAG(s) 'example_nested_branch_dag' retrieved from /Users/aswin/Documents/data-engineering-practice/ETL_Airflow_DBT/airflow/airflow_env/lib/python3.11/site-packages/airflow/example_dags/example_nested_branch_dag.py
[2026-03-10T08:37:04.230+0530] {logging_mixin.py:188} INFO - [2026-03-10T08:37:04.230+0530] {dag.py:3096} INFO - Sync 1 DAGs
[2026-03-10T08:37:04.235+0530] {logging_mixin.py:188} INFO - [2026-03-10T08:37:04.235+0530] {dag.py:3954} INFO - Setting next_dagrun for example_nested_branch_dag to 2026-03-09 00:00:00+00:00, run_after=2026-03-10 00:00:00+00:00
[2026-03-10T08:37:04.240+0530] {processor.py:183} INFO - Processing /Users/aswin/Documents/data-engineering-practice/ETL_Airflow_DBT/airflow/airflow_env/lib/python3.11/site-packages/airflow/example_dags/example_nested_branch_dag.py took 0.056 seconds
[2026-03-10T09:07:02.329+0530] {processor.py:161} INFO - Started process (PID=27445) to work on /Users/aswin/Documents/data-engineering-practice/ETL_Airflow_DBT/airflow/airflow_env/lib/python3.11/site-packages/airflow/example_dags/example_nested_branch_dag.py
[2026-03-10T09:07:02.330+0530] {processor.py:830} INFO - Processing file /Users/aswin/Documents/data-engineering-practice/ETL_Airflow_DBT/airflow/airflow_env/lib/python3.11/site-packages/airflow/example_dags/example_nested_branch_dag.py for tasks to queue
[2026-03-10T09:07:02.330+0530] {logging_mixin.py:188} INFO - [2026-03-10T09:07:02.330+0530] {dagbag.py:540} INFO - Filling up the DagBag from /Users/aswin/Documents/data-engineering-practice/ETL_Airflow_DBT/airflow/airflow_env/lib/python3.11/site-packages/airflow/example_dags/example_nested_branch_dag.py
[2026-03-10T09:07:02.344+0530] {processor.py:840} INFO - DAG(s) 'example_nested_branch_dag' retrieved from /Users/aswin/Documents/data-engineering-practice/ETL_Airflow_DBT/airflow/airflow_env/lib/python3.11/site-packages/airflow/example_dags/example_nested_branch_dag.py
[2026-03-10T09:07:02.372+0530] {logging_mixin.py:188} INFO - [2026-03-10T09:07:02.372+0530] {dag.py:3096} INFO - Sync 1 DAGs
[2026-03-10T09:07:02.377+0530] {logging_mixin.py:188} INFO - [2026-03-10T09:07:02.377+0530] {dag.py:3954} INFO - Setting next_dagrun for example_nested_branch_dag to 2026-03-09 00:00:00+00:00, run_after=2026-03-10 00:00:00+00:00
[2026-03-10T09:07:02.383+0530] {processor.py:183} INFO - Processing /Users/aswin/Documents/data-engineering-practice/ETL_Airflow_DBT/airflow/airflow_env/lib/python3.11/site-packages/airflow/example_dags/example_nested_branch_dag.py took 0.056 seconds
[2026-03-10T09:21:04.736+0530] {processor.py:161} INFO - Started process (PID=27550) to work on /Users/aswin/Documents/data-engineering-practice/ETL_Airflow_DBT/airflow/airflow_env/lib/python3.11/site-packages/airflow/example_dags/example_nested_branch_dag.py
[2026-03-10T09:21:04.737+0530] {processor.py:830} INFO - Processing file /Users/aswin/Documents/data-engineering-practice/ETL_Airflow_DBT/airflow/airflow_env/lib/python3.11/site-packages/airflow/example_dags/example_nested_branch_dag.py for tasks to queue
[2026-03-10T09:21:04.737+0530] {logging_mixin.py:188} INFO - [2026-03-10T09:21:04.737+0530] {dagbag.py:540} INFO - Filling up the DagBag from /Users/aswin/Documents/data-engineering-practice/ETL_Airflow_DBT/airflow/airflow_env/lib/python3.11/site-packages/airflow/example_dags/example_nested_branch_dag.py
[2026-03-10T09:21:04.751+0530] {processor.py:840} INFO - DAG(s) 'example_nested_branch_dag' retrieved from /Users/aswin/Documents/data-engineering-practice/ETL_Airflow_DBT/airflow/airflow_env/lib/python3.11/site-packages/airflow/example_dags/example_nested_branch_dag.py
[2026-03-10T09:21:04.780+0530] {logging_mixin.py:188} INFO - [2026-03-10T09:21:04.779+0530] {dag.py:3096} INFO - Sync 1 DAGs
[2026-03-10T09:21:04.785+0530] {logging_mixin.py:188} INFO - [2026-03-10T09:21:04.785+0530] {dag.py:3954} INFO - Setting next_dagrun for example_nested_branch_dag to 2026-03-09 00:00:00+00:00, run_after=2026-03-10 00:00:00+00:00
[2026-03-10T09:21:04.790+0530] {processor.py:183} INFO - Processing /Users/aswin/Documents/data-engineering-practice/ETL_Airflow_DBT/airflow/airflow_env/lib/python3.11/site-packages/airflow/example_dags/example_nested_branch_dag.py took 0.055 seconds
[2026-03-10T10:19:45.050+0530] {processor.py:161} INFO - Started process (PID=27687) to work on /Users/aswin/Documents/data-engineering-practice/ETL_Airflow_DBT/airflow/airflow_env/lib/python3.11/site-packages/airflow/example_dags/example_nested_branch_dag.py
[2026-03-10T10:19:45.051+0530] {processor.py:830} INFO - Processing file /Users/aswin/Documents/data-engineering-practice/ETL_Airflow_DBT/airflow/airflow_env/lib/python3.11/site-packages/airflow/example_dags/example_nested_branch_dag.py for tasks to queue
[2026-03-10T10:19:45.051+0530] {logging_mixin.py:188} INFO - [2026-03-10T10:19:45.051+0530] {dagbag.py:540} INFO - Filling up the DagBag from /Users/aswin/Documents/data-engineering-practice/ETL_Airflow_DBT/airflow/airflow_env/lib/python3.11/site-packages/airflow/example_dags/example_nested_branch_dag.py
[2026-03-10T10:19:45.065+0530] {processor.py:840} INFO - DAG(s) 'example_nested_branch_dag' retrieved from /Users/aswin/Documents/data-engineering-practice/ETL_Airflow_DBT/airflow/airflow_env/lib/python3.11/site-packages/airflow/example_dags/example_nested_branch_dag.py
[2026-03-10T10:19:45.094+0530] {logging_mixin.py:188} INFO - [2026-03-10T10:19:45.094+0530] {dag.py:3096} INFO - Sync 1 DAGs
[2026-03-10T10:19:45.099+0530] {logging_mixin.py:188} INFO - [2026-03-10T10:19:45.099+0530] {dag.py:3954} INFO - Setting next_dagrun for example_nested_branch_dag to 2026-03-09 00:00:00+00:00, run_after=2026-03-10 00:00:00+00:00
[2026-03-10T10:19:45.105+0530] {processor.py:183} INFO - Processing /Users/aswin/Documents/data-engineering-practice/ETL_Airflow_DBT/airflow/airflow_env/lib/python3.11/site-packages/airflow/example_dags/example_nested_branch_dag.py took 0.056 seconds
[2026-03-10T10:24:50.803+0530] {processor.py:161} INFO - Started process (PID=27790) to work on /Users/aswin/Documents/data-engineering-practice/ETL_Airflow_DBT/airflow/airflow_env/lib/python3.11/site-packages/airflow/example_dags/example_nested_branch_dag.py
[2026-03-10T10:24:50.803+0530] {processor.py:830} INFO - Processing file /Users/aswin/Documents/data-engineering-practice/ETL_Airflow_DBT/airflow/airflow_env/lib/python3.11/site-packages/airflow/example_dags/example_nested_branch_dag.py for tasks to queue
[2026-03-10T10:24:50.804+0530] {logging_mixin.py:188} INFO - [2026-03-10T10:24:50.803+0530] {dagbag.py:540} INFO - Filling up the DagBag from /Users/aswin/Documents/data-engineering-practice/ETL_Airflow_DBT/airflow/airflow_env/lib/python3.11/site-packages/airflow/example_dags/example_nested_branch_dag.py
[2026-03-10T10:24:50.819+0530] {processor.py:840} INFO - DAG(s) 'example_nested_branch_dag' retrieved from /Users/aswin/Documents/data-engineering-practice/ETL_Airflow_DBT/airflow/airflow_env/lib/python3.11/site-packages/airflow/example_dags/example_nested_branch_dag.py
[2026-03-10T10:24:50.848+0530] {logging_mixin.py:188} INFO - [2026-03-10T10:24:50.848+0530] {dag.py:3096} INFO - Sync 1 DAGs
[2026-03-10T10:24:50.853+0530] {logging_mixin.py:188} INFO - [2026-03-10T10:24:50.853+0530] {dag.py:3954} INFO - Setting next_dagrun for example_nested_branch_dag to 2026-03-09 00:00:00+00:00, run_after=2026-03-10 00:00:00+00:00
[2026-03-10T10:24:50.859+0530] {processor.py:183} INFO - Processing /Users/aswin/Documents/data-engineering-practice/ETL_Airflow_DBT/airflow/airflow_env/lib/python3.11/site-packages/airflow/example_dags/example_nested_branch_dag.py took 0.057 seconds
[2026-03-10T10:26:33.543+0530] {processor.py:161} INFO - Started process (PID=27894) to work on /Users/aswin/Documents/data-engineering-practice/ETL_Airflow_DBT/airflow/airflow_env/lib/python3.11/site-packages/airflow/example_dags/example_nested_branch_dag.py
[2026-03-10T10:26:33.544+0530] {processor.py:830} INFO - Processing file /Users/aswin/Documents/data-engineering-practice/ETL_Airflow_DBT/airflow/airflow_env/lib/python3.11/site-packages/airflow/example_dags/example_nested_branch_dag.py for tasks to queue
[2026-03-10T10:26:33.544+0530] {logging_mixin.py:188} INFO - [2026-03-10T10:26:33.544+0530] {dagbag.py:540} INFO - Filling up the DagBag from /Users/aswin/Documents/data-engineering-practice/ETL_Airflow_DBT/airflow/airflow_env/lib/python3.11/site-packages/airflow/example_dags/example_nested_branch_dag.py
[2026-03-10T10:26:33.560+0530] {processor.py:840} INFO - DAG(s) 'example_nested_branch_dag' retrieved from /Users/aswin/Documents/data-engineering-practice/ETL_Airflow_DBT/airflow/airflow_env/lib/python3.11/site-packages/airflow/example_dags/example_nested_branch_dag.py
[2026-03-10T10:26:33.591+0530] {logging_mixin.py:188} INFO - [2026-03-10T10:26:33.590+0530] {dag.py:3096} INFO - Sync 1 DAGs
[2026-03-10T10:26:33.596+0530] {logging_mixin.py:188} INFO - [2026-03-10T10:26:33.596+0530] {dag.py:3954} INFO - Setting next_dagrun for example_nested_branch_dag to 2026-03-09 00:00:00+00:00, run_after=2026-03-10 00:00:00+00:00
[2026-03-10T10:26:33.602+0530] {processor.py:183} INFO - Processing /Users/aswin/Documents/data-engineering-practice/ETL_Airflow_DBT/airflow/airflow_env/lib/python3.11/site-packages/airflow/example_dags/example_nested_branch_dag.py took 0.060 seconds
[2026-03-10T10:28:11.116+0530] {processor.py:161} INFO - Started process (PID=28043) to work on /Users/aswin/Documents/data-engineering-practice/ETL_Airflow_DBT/airflow/airflow_env/lib/python3.11/site-packages/airflow/example_dags/example_nested_branch_dag.py
[2026-03-10T10:28:11.117+0530] {processor.py:830} INFO - Processing file /Users/aswin/Documents/data-engineering-practice/ETL_Airflow_DBT/airflow/airflow_env/lib/python3.11/site-packages/airflow/example_dags/example_nested_branch_dag.py for tasks to queue
[2026-03-10T10:28:11.117+0530] {logging_mixin.py:188} INFO - [2026-03-10T10:28:11.117+0530] {dagbag.py:540} INFO - Filling up the DagBag from /Users/aswin/Documents/data-engineering-practice/ETL_Airflow_DBT/airflow/airflow_env/lib/python3.11/site-packages/airflow/example_dags/example_nested_branch_dag.py
[2026-03-10T10:28:11.131+0530] {processor.py:840} INFO - DAG(s) 'example_nested_branch_dag' retrieved from /Users/aswin/Documents/data-engineering-practice/ETL_Airflow_DBT/airflow/airflow_env/lib/python3.11/site-packages/airflow/example_dags/example_nested_branch_dag.py
[2026-03-10T10:28:11.160+0530] {logging_mixin.py:188} INFO - [2026-03-10T10:28:11.160+0530] {dag.py:3096} INFO - Sync 1 DAGs
[2026-03-10T10:28:11.165+0530] {logging_mixin.py:188} INFO - [2026-03-10T10:28:11.165+0530] {dag.py:3954} INFO - Setting next_dagrun for example_nested_branch_dag to 2026-03-09 00:00:00+00:00, run_after=2026-03-10 00:00:00+00:00
[2026-03-10T10:28:11.171+0530] {processor.py:183} INFO - Processing /Users/aswin/Documents/data-engineering-practice/ETL_Airflow_DBT/airflow/airflow_env/lib/python3.11/site-packages/airflow/example_dags/example_nested_branch_dag.py took 0.056 seconds
[2026-03-10T10:29:41.853+0530] {processor.py:161} INFO - Started process (PID=28197) to work on /Users/aswin/Documents/data-engineering-practice/ETL_Airflow_DBT/airflow/airflow_env/lib/python3.11/site-packages/airflow/example_dags/example_nested_branch_dag.py
[2026-03-10T10:29:41.853+0530] {processor.py:830} INFO - Processing file /Users/aswin/Documents/data-engineering-practice/ETL_Airflow_DBT/airflow/airflow_env/lib/python3.11/site-packages/airflow/example_dags/example_nested_branch_dag.py for tasks to queue
[2026-03-10T10:29:41.854+0530] {logging_mixin.py:188} INFO - [2026-03-10T10:29:41.854+0530] {dagbag.py:540} INFO - Filling up the DagBag from /Users/aswin/Documents/data-engineering-practice/ETL_Airflow_DBT/airflow/airflow_env/lib/python3.11/site-packages/airflow/example_dags/example_nested_branch_dag.py
[2026-03-10T10:29:41.869+0530] {processor.py:840} INFO - DAG(s) 'example_nested_branch_dag' retrieved from /Users/aswin/Documents/data-engineering-practice/ETL_Airflow_DBT/airflow/airflow_env/lib/python3.11/site-packages/airflow/example_dags/example_nested_branch_dag.py
[2026-03-10T10:29:41.898+0530] {logging_mixin.py:188} INFO - [2026-03-10T10:29:41.898+0530] {dag.py:3096} INFO - Sync 1 DAGs
[2026-03-10T10:29:41.904+0530] {logging_mixin.py:188} INFO - [2026-03-10T10:29:41.903+0530] {dag.py:3954} INFO - Setting next_dagrun for example_nested_branch_dag to 2026-03-09 00:00:00+00:00, run_after=2026-03-10 00:00:00+00:00
[2026-03-10T10:29:41.909+0530] {processor.py:183} INFO - Processing /Users/aswin/Documents/data-engineering-practice/ETL_Airflow_DBT/airflow/airflow_env/lib/python3.11/site-packages/airflow/example_dags/example_nested_branch_dag.py took 0.057 seconds
[2026-03-10T10:31:17.286+0530] {processor.py:161} INFO - Started process (PID=28388) to work on /Users/aswin/Documents/data-engineering-practice/ETL_Airflow_DBT/airflow/airflow_env/lib/python3.11/site-packages/airflow/example_dags/example_nested_branch_dag.py
[2026-03-10T10:31:17.287+0530] {processor.py:830} INFO - Processing file /Users/aswin/Documents/data-engineering-practice/ETL_Airflow_DBT/airflow/airflow_env/lib/python3.11/site-packages/airflow/example_dags/example_nested_branch_dag.py for tasks to queue
[2026-03-10T10:31:17.287+0530] {logging_mixin.py:188} INFO - [2026-03-10T10:31:17.287+0530] {dagbag.py:540} INFO - Filling up the DagBag from /Users/aswin/Documents/data-engineering-practice/ETL_Airflow_DBT/airflow/airflow_env/lib/python3.11/site-packages/airflow/example_dags/example_nested_branch_dag.py
[2026-03-10T10:31:17.301+0530] {processor.py:840} INFO - DAG(s) 'example_nested_branch_dag' retrieved from /Users/aswin/Documents/data-engineering-practice/ETL_Airflow_DBT/airflow/airflow_env/lib/python3.11/site-packages/airflow/example_dags/example_nested_branch_dag.py
[2026-03-10T10:31:17.330+0530] {logging_mixin.py:188} INFO - [2026-03-10T10:31:17.330+0530] {dag.py:3096} INFO - Sync 1 DAGs
[2026-03-10T10:31:17.336+0530] {logging_mixin.py:188} INFO - [2026-03-10T10:31:17.336+0530] {dag.py:3954} INFO - Setting next_dagrun for example_nested_branch_dag to 2026-03-09 00:00:00+00:00, run_after=2026-03-10 00:00:00+00:00
[2026-03-10T10:31:17.341+0530] {processor.py:183} INFO - Processing /Users/aswin/Documents/data-engineering-practice/ETL_Airflow_DBT/airflow/airflow_env/lib/python3.11/site-packages/airflow/example_dags/example_nested_branch_dag.py took 0.057 seconds
[2026-03-10T10:32:56.089+0530] {processor.py:161} INFO - Started process (PID=28485) to work on /Users/aswin/Documents/data-engineering-practice/ETL_Airflow_DBT/airflow/airflow_env/lib/python3.11/site-packages/airflow/example_dags/example_nested_branch_dag.py
[2026-03-10T10:32:56.090+0530] {processor.py:830} INFO - Processing file /Users/aswin/Documents/data-engineering-practice/ETL_Airflow_DBT/airflow/airflow_env/lib/python3.11/site-packages/airflow/example_dags/example_nested_branch_dag.py for tasks to queue
[2026-03-10T10:32:56.090+0530] {logging_mixin.py:188} INFO - [2026-03-10T10:32:56.090+0530] {dagbag.py:540} INFO - Filling up the DagBag from /Users/aswin/Documents/data-engineering-practice/ETL_Airflow_DBT/airflow/airflow_env/lib/python3.11/site-packages/airflow/example_dags/example_nested_branch_dag.py
[2026-03-10T10:32:56.105+0530] {processor.py:840} INFO - DAG(s) 'example_nested_branch_dag' retrieved from /Users/aswin/Documents/data-engineering-practice/ETL_Airflow_DBT/airflow/airflow_env/lib/python3.11/site-packages/airflow/example_dags/example_nested_branch_dag.py
[2026-03-10T10:32:56.136+0530] {logging_mixin.py:188} INFO - [2026-03-10T10:32:56.136+0530] {dag.py:3096} INFO - Sync 1 DAGs
[2026-03-10T10:32:56.141+0530] {logging_mixin.py:188} INFO - [2026-03-10T10:32:56.141+0530] {dag.py:3954} INFO - Setting next_dagrun for example_nested_branch_dag to 2026-03-09 00:00:00+00:00, run_after=2026-03-10 00:00:00+00:00
[2026-03-10T10:32:56.148+0530] {processor.py:183} INFO - Processing /Users/aswin/Documents/data-engineering-practice/ETL_Airflow_DBT/airflow/airflow_env/lib/python3.11/site-packages/airflow/example_dags/example_nested_branch_dag.py took 0.060 seconds
[2026-03-10T10:34:29.645+0530] {processor.py:161} INFO - Started process (PID=28630) to work on /Users/aswin/Documents/data-engineering-practice/ETL_Airflow_DBT/airflow/airflow_env/lib/python3.11/site-packages/airflow/example_dags/example_nested_branch_dag.py
[2026-03-10T10:34:29.646+0530] {processor.py:830} INFO - Processing file /Users/aswin/Documents/data-engineering-practice/ETL_Airflow_DBT/airflow/airflow_env/lib/python3.11/site-packages/airflow/example_dags/example_nested_branch_dag.py for tasks to queue
[2026-03-10T10:34:29.646+0530] {logging_mixin.py:188} INFO - [2026-03-10T10:34:29.646+0530] {dagbag.py:540} INFO - Filling up the DagBag from /Users/aswin/Documents/data-engineering-practice/ETL_Airflow_DBT/airflow/airflow_env/lib/python3.11/site-packages/airflow/example_dags/example_nested_branch_dag.py
[2026-03-10T10:34:29.661+0530] {processor.py:840} INFO - DAG(s) 'example_nested_branch_dag' retrieved from /Users/aswin/Documents/data-engineering-practice/ETL_Airflow_DBT/airflow/airflow_env/lib/python3.11/site-packages/airflow/example_dags/example_nested_branch_dag.py
[2026-03-10T10:34:29.689+0530] {logging_mixin.py:188} INFO - [2026-03-10T10:34:29.689+0530] {dag.py:3096} INFO - Sync 1 DAGs
[2026-03-10T10:34:29.695+0530] {logging_mixin.py:188} INFO - [2026-03-10T10:34:29.694+0530] {dag.py:3954} INFO - Setting next_dagrun for example_nested_branch_dag to 2026-03-09 00:00:00+00:00, run_after=2026-03-10 00:00:00+00:00
[2026-03-10T10:34:29.700+0530] {processor.py:183} INFO - Processing /Users/aswin/Documents/data-engineering-practice/ETL_Airflow_DBT/airflow/airflow_env/lib/python3.11/site-packages/airflow/example_dags/example_nested_branch_dag.py took 0.056 seconds
[2026-03-10T10:36:02.171+0530] {processor.py:161} INFO - Started process (PID=28794) to work on /Users/aswin/Documents/data-engineering-practice/ETL_Airflow_DBT/airflow/airflow_env/lib/python3.11/site-packages/airflow/example_dags/example_nested_branch_dag.py
[2026-03-10T10:36:02.172+0530] {processor.py:830} INFO - Processing file /Users/aswin/Documents/data-engineering-practice/ETL_Airflow_DBT/airflow/airflow_env/lib/python3.11/site-packages/airflow/example_dags/example_nested_branch_dag.py for tasks to queue
[2026-03-10T10:36:02.172+0530] {logging_mixin.py:188} INFO - [2026-03-10T10:36:02.172+0530] {dagbag.py:540} INFO - Filling up the DagBag from /Users/aswin/Documents/data-engineering-practice/ETL_Airflow_DBT/airflow/airflow_env/lib/python3.11/site-packages/airflow/example_dags/example_nested_branch_dag.py
[2026-03-10T10:36:02.187+0530] {processor.py:840} INFO - DAG(s) 'example_nested_branch_dag' retrieved from /Users/aswin/Documents/data-engineering-practice/ETL_Airflow_DBT/airflow/airflow_env/lib/python3.11/site-packages/airflow/example_dags/example_nested_branch_dag.py
[2026-03-10T10:36:02.217+0530] {logging_mixin.py:188} INFO - [2026-03-10T10:36:02.217+0530] {dag.py:3096} INFO - Sync 1 DAGs
[2026-03-10T10:36:02.222+0530] {logging_mixin.py:188} INFO - [2026-03-10T10:36:02.222+0530] {dag.py:3954} INFO - Setting next_dagrun for example_nested_branch_dag to 2026-03-09 00:00:00+00:00, run_after=2026-03-10 00:00:00+00:00
[2026-03-10T10:36:02.228+0530] {processor.py:183} INFO - Processing /Users/aswin/Documents/data-engineering-practice/ETL_Airflow_DBT/airflow/airflow_env/lib/python3.11/site-packages/airflow/example_dags/example_nested_branch_dag.py took 0.058 seconds
[2026-03-10T10:37:37.555+0530] {processor.py:161} INFO - Started process (PID=28945) to work on /Users/aswin/Documents/data-engineering-practice/ETL_Airflow_DBT/airflow/airflow_env/lib/python3.11/site-packages/airflow/example_dags/example_nested_branch_dag.py
[2026-03-10T10:37:37.556+0530] {processor.py:830} INFO - Processing file /Users/aswin/Documents/data-engineering-practice/ETL_Airflow_DBT/airflow/airflow_env/lib/python3.11/site-packages/airflow/example_dags/example_nested_branch_dag.py for tasks to queue
[2026-03-10T10:37:37.556+0530] {logging_mixin.py:188} INFO - [2026-03-10T10:37:37.556+0530] {dagbag.py:540} INFO - Filling up the DagBag from /Users/aswin/Documents/data-engineering-practice/ETL_Airflow_DBT/airflow/airflow_env/lib/python3.11/site-packages/airflow/example_dags/example_nested_branch_dag.py
[2026-03-10T10:37:37.570+0530] {processor.py:840} INFO - DAG(s) 'example_nested_branch_dag' retrieved from /Users/aswin/Documents/data-engineering-practice/ETL_Airflow_DBT/airflow/airflow_env/lib/python3.11/site-packages/airflow/example_dags/example_nested_branch_dag.py
[2026-03-10T10:37:37.599+0530] {logging_mixin.py:188} INFO - [2026-03-10T10:37:37.599+0530] {dag.py:3096} INFO - Sync 1 DAGs
[2026-03-10T10:37:37.605+0530] {logging_mixin.py:188} INFO - [2026-03-10T10:37:37.605+0530] {dag.py:3954} INFO - Setting next_dagrun for example_nested_branch_dag to 2026-03-09 00:00:00+00:00, run_after=2026-03-10 00:00:00+00:00
[2026-03-10T10:37:37.610+0530] {processor.py:183} INFO - Processing /Users/aswin/Documents/data-engineering-practice/ETL_Airflow_DBT/airflow/airflow_env/lib/python3.11/site-packages/airflow/example_dags/example_nested_branch_dag.py took 0.056 seconds
[2026-03-10T10:39:11.335+0530] {processor.py:161} INFO - Started process (PID=29035) to work on /Users/aswin/Documents/data-engineering-practice/ETL_Airflow_DBT/airflow/airflow_env/lib/python3.11/site-packages/airflow/example_dags/example_nested_branch_dag.py
[2026-03-10T10:39:11.336+0530] {processor.py:830} INFO - Processing file /Users/aswin/Documents/data-engineering-practice/ETL_Airflow_DBT/airflow/airflow_env/lib/python3.11/site-packages/airflow/example_dags/example_nested_branch_dag.py for tasks to queue
[2026-03-10T10:39:11.336+0530] {logging_mixin.py:188} INFO - [2026-03-10T10:39:11.336+0530] {dagbag.py:540} INFO - Filling up the DagBag from /Users/aswin/Documents/data-engineering-practice/ETL_Airflow_DBT/airflow/airflow_env/lib/python3.11/site-packages/airflow/example_dags/example_nested_branch_dag.py
[2026-03-10T10:39:11.350+0530] {processor.py:840} INFO - DAG(s) 'example_nested_branch_dag' retrieved from /Users/aswin/Documents/data-engineering-practice/ETL_Airflow_DBT/airflow/airflow_env/lib/python3.11/site-packages/airflow/example_dags/example_nested_branch_dag.py
[2026-03-10T10:39:11.380+0530] {logging_mixin.py:188} INFO - [2026-03-10T10:39:11.380+0530] {dag.py:3096} INFO - Sync 1 DAGs
[2026-03-10T10:39:11.385+0530] {logging_mixin.py:188} INFO - [2026-03-10T10:39:11.385+0530] {dag.py:3954} INFO - Setting next_dagrun for example_nested_branch_dag to 2026-03-09 00:00:00+00:00, run_after=2026-03-10 00:00:00+00:00
[2026-03-10T10:39:11.390+0530] {processor.py:183} INFO - Processing /Users/aswin/Documents/data-engineering-practice/ETL_Airflow_DBT/airflow/airflow_env/lib/python3.11/site-packages/airflow/example_dags/example_nested_branch_dag.py took 0.057 seconds
[2026-03-10T10:40:44.601+0530] {processor.py:161} INFO - Started process (PID=29123) to work on /Users/aswin/Documents/data-engineering-practice/ETL_Airflow_DBT/airflow/airflow_env/lib/python3.11/site-packages/airflow/example_dags/example_nested_branch_dag.py
[2026-03-10T10:40:44.602+0530] {processor.py:830} INFO - Processing file /Users/aswin/Documents/data-engineering-practice/ETL_Airflow_DBT/airflow/airflow_env/lib/python3.11/site-packages/airflow/example_dags/example_nested_branch_dag.py for tasks to queue
[2026-03-10T10:40:44.603+0530] {logging_mixin.py:188} INFO - [2026-03-10T10:40:44.603+0530] {dagbag.py:540} INFO - Filling up the DagBag from /Users/aswin/Documents/data-engineering-practice/ETL_Airflow_DBT/airflow/airflow_env/lib/python3.11/site-packages/airflow/example_dags/example_nested_branch_dag.py
[2026-03-10T10:40:44.617+0530] {processor.py:840} INFO - DAG(s) 'example_nested_branch_dag' retrieved from /Users/aswin/Documents/data-engineering-practice/ETL_Airflow_DBT/airflow/airflow_env/lib/python3.11/site-packages/airflow/example_dags/example_nested_branch_dag.py
[2026-03-10T10:40:44.646+0530] {logging_mixin.py:188} INFO - [2026-03-10T10:40:44.646+0530] {dag.py:3096} INFO - Sync 1 DAGs
[2026-03-10T10:40:44.651+0530] {logging_mixin.py:188} INFO - [2026-03-10T10:40:44.651+0530] {dag.py:3954} INFO - Setting next_dagrun for example_nested_branch_dag to 2026-03-09 00:00:00+00:00, run_after=2026-03-10 00:00:00+00:00
[2026-03-10T10:40:44.657+0530] {processor.py:183} INFO - Processing /Users/aswin/Documents/data-engineering-practice/ETL_Airflow_DBT/airflow/airflow_env/lib/python3.11/site-packages/airflow/example_dags/example_nested_branch_dag.py took 0.056 seconds
[2026-03-10T10:42:18.223+0530] {processor.py:161} INFO - Started process (PID=29194) to work on /Users/aswin/Documents/data-engineering-practice/ETL_Airflow_DBT/airflow/airflow_env/lib/python3.11/site-packages/airflow/example_dags/example_nested_branch_dag.py
[2026-03-10T10:42:18.224+0530] {processor.py:830} INFO - Processing file /Users/aswin/Documents/data-engineering-practice/ETL_Airflow_DBT/airflow/airflow_env/lib/python3.11/site-packages/airflow/example_dags/example_nested_branch_dag.py for tasks to queue
[2026-03-10T10:42:18.225+0530] {logging_mixin.py:188} INFO - [2026-03-10T10:42:18.225+0530] {dagbag.py:540} INFO - Filling up the DagBag from /Users/aswin/Documents/data-engineering-practice/ETL_Airflow_DBT/airflow/airflow_env/lib/python3.11/site-packages/airflow/example_dags/example_nested_branch_dag.py
[2026-03-10T10:42:18.239+0530] {processor.py:840} INFO - DAG(s) 'example_nested_branch_dag' retrieved from /Users/aswin/Documents/data-engineering-practice/ETL_Airflow_DBT/airflow/airflow_env/lib/python3.11/site-packages/airflow/example_dags/example_nested_branch_dag.py
[2026-03-10T10:42:18.268+0530] {logging_mixin.py:188} INFO - [2026-03-10T10:42:18.268+0530] {dag.py:3096} INFO - Sync 1 DAGs
[2026-03-10T10:42:18.273+0530] {logging_mixin.py:188} INFO - [2026-03-10T10:42:18.273+0530] {dag.py:3954} INFO - Setting next_dagrun for example_nested_branch_dag to 2026-03-09 00:00:00+00:00, run_after=2026-03-10 00:00:00+00:00
[2026-03-10T10:42:18.279+0530] {processor.py:183} INFO - Processing /Users/aswin/Documents/data-engineering-practice/ETL_Airflow_DBT/airflow/airflow_env/lib/python3.11/site-packages/airflow/example_dags/example_nested_branch_dag.py took 0.056 seconds
[2026-03-10T10:43:47.718+0530] {processor.py:161} INFO - Started process (PID=29282) to work on /Users/aswin/Documents/data-engineering-practice/ETL_Airflow_DBT/airflow/airflow_env/lib/python3.11/site-packages/airflow/example_dags/example_nested_branch_dag.py
[2026-03-10T10:43:47.719+0530] {processor.py:830} INFO - Processing file /Users/aswin/Documents/data-engineering-practice/ETL_Airflow_DBT/airflow/airflow_env/lib/python3.11/site-packages/airflow/example_dags/example_nested_branch_dag.py for tasks to queue
[2026-03-10T10:43:47.719+0530] {logging_mixin.py:188} INFO - [2026-03-10T10:43:47.719+0530] {dagbag.py:540} INFO - Filling up the DagBag from /Users/aswin/Documents/data-engineering-practice/ETL_Airflow_DBT/airflow/airflow_env/lib/python3.11/site-packages/airflow/example_dags/example_nested_branch_dag.py
[2026-03-10T10:43:47.733+0530] {processor.py:840} INFO - DAG(s) 'example_nested_branch_dag' retrieved from /Users/aswin/Documents/data-engineering-practice/ETL_Airflow_DBT/airflow/airflow_env/lib/python3.11/site-packages/airflow/example_dags/example_nested_branch_dag.py
[2026-03-10T10:43:47.762+0530] {logging_mixin.py:188} INFO - [2026-03-10T10:43:47.762+0530] {dag.py:3096} INFO - Sync 1 DAGs
[2026-03-10T10:43:47.768+0530] {logging_mixin.py:188} INFO - [2026-03-10T10:43:47.768+0530] {dag.py:3954} INFO - Setting next_dagrun for example_nested_branch_dag to 2026-03-09 00:00:00+00:00, run_after=2026-03-10 00:00:00+00:00
[2026-03-10T10:43:47.773+0530] {processor.py:183} INFO - Processing /Users/aswin/Documents/data-engineering-practice/ETL_Airflow_DBT/airflow/airflow_env/lib/python3.11/site-packages/airflow/example_dags/example_nested_branch_dag.py took 0.056 seconds
[2026-03-10T10:45:16.453+0530] {processor.py:161} INFO - Started process (PID=29367) to work on /Users/aswin/Documents/data-engineering-practice/ETL_Airflow_DBT/airflow/airflow_env/lib/python3.11/site-packages/airflow/example_dags/example_nested_branch_dag.py
[2026-03-10T10:45:16.455+0530] {processor.py:830} INFO - Processing file /Users/aswin/Documents/data-engineering-practice/ETL_Airflow_DBT/airflow/airflow_env/lib/python3.11/site-packages/airflow/example_dags/example_nested_branch_dag.py for tasks to queue
[2026-03-10T10:45:16.455+0530] {logging_mixin.py:188} INFO - [2026-03-10T10:45:16.455+0530] {dagbag.py:540} INFO - Filling up the DagBag from /Users/aswin/Documents/data-engineering-practice/ETL_Airflow_DBT/airflow/airflow_env/lib/python3.11/site-packages/airflow/example_dags/example_nested_branch_dag.py
[2026-03-10T10:45:16.469+0530] {processor.py:840} INFO - DAG(s) 'example_nested_branch_dag' retrieved from /Users/aswin/Documents/data-engineering-practice/ETL_Airflow_DBT/airflow/airflow_env/lib/python3.11/site-packages/airflow/example_dags/example_nested_branch_dag.py
[2026-03-10T10:45:16.498+0530] {logging_mixin.py:188} INFO - [2026-03-10T10:45:16.498+0530] {dag.py:3096} INFO - Sync 1 DAGs
[2026-03-10T10:45:16.503+0530] {logging_mixin.py:188} INFO - [2026-03-10T10:45:16.503+0530] {dag.py:3954} INFO - Setting next_dagrun for example_nested_branch_dag to 2026-03-09 00:00:00+00:00, run_after=2026-03-10 00:00:00+00:00
[2026-03-10T10:45:16.509+0530] {processor.py:183} INFO - Processing /Users/aswin/Documents/data-engineering-practice/ETL_Airflow_DBT/airflow/airflow_env/lib/python3.11/site-packages/airflow/example_dags/example_nested_branch_dag.py took 0.056 seconds
[2026-03-10T12:15:59.502+0530] {processor.py:161} INFO - Started process (PID=29641) to work on /Users/aswin/Documents/data-engineering-practice/ETL_Airflow_DBT/airflow/airflow_env/lib/python3.11/site-packages/airflow/example_dags/example_nested_branch_dag.py
[2026-03-10T12:15:59.502+0530] {processor.py:830} INFO - Processing file /Users/aswin/Documents/data-engineering-practice/ETL_Airflow_DBT/airflow/airflow_env/lib/python3.11/site-packages/airflow/example_dags/example_nested_branch_dag.py for tasks to queue
[2026-03-10T12:15:59.502+0530] {logging_mixin.py:188} INFO - [2026-03-10T12:15:59.502+0530] {dagbag.py:540} INFO - Filling up the DagBag from /Users/aswin/Documents/data-engineering-practice/ETL_Airflow_DBT/airflow/airflow_env/lib/python3.11/site-packages/airflow/example_dags/example_nested_branch_dag.py
[2026-03-10T12:15:59.520+0530] {processor.py:840} INFO - DAG(s) 'example_nested_branch_dag' retrieved from /Users/aswin/Documents/data-engineering-practice/ETL_Airflow_DBT/airflow/airflow_env/lib/python3.11/site-packages/airflow/example_dags/example_nested_branch_dag.py
[2026-03-10T12:15:59.557+0530] {logging_mixin.py:188} INFO - [2026-03-10T12:15:59.557+0530] {dag.py:3096} INFO - Sync 1 DAGs
[2026-03-10T12:15:59.563+0530] {logging_mixin.py:188} INFO - [2026-03-10T12:15:59.563+0530] {dag.py:3954} INFO - Setting next_dagrun for example_nested_branch_dag to 2026-03-09 00:00:00+00:00, run_after=2026-03-10 00:00:00+00:00
[2026-03-10T12:15:59.570+0530] {processor.py:183} INFO - Processing /Users/aswin/Documents/data-engineering-practice/ETL_Airflow_DBT/airflow/airflow_env/lib/python3.11/site-packages/airflow/example_dags/example_nested_branch_dag.py took 0.069 seconds
[2026-03-10T14:04:15.177+0530] {processor.py:161} INFO - Started process (PID=29812) to work on /Users/aswin/Documents/data-engineering-practice/ETL_Airflow_DBT/airflow/airflow_env/lib/python3.11/site-packages/airflow/example_dags/example_nested_branch_dag.py
[2026-03-10T14:04:15.178+0530] {processor.py:830} INFO - Processing file /Users/aswin/Documents/data-engineering-practice/ETL_Airflow_DBT/airflow/airflow_env/lib/python3.11/site-packages/airflow/example_dags/example_nested_branch_dag.py for tasks to queue
[2026-03-10T14:04:15.179+0530] {logging_mixin.py:188} INFO - [2026-03-10T14:04:15.178+0530] {dagbag.py:540} INFO - Filling up the DagBag from /Users/aswin/Documents/data-engineering-practice/ETL_Airflow_DBT/airflow/airflow_env/lib/python3.11/site-packages/airflow/example_dags/example_nested_branch_dag.py
[2026-03-10T14:04:15.207+0530] {processor.py:840} INFO - DAG(s) 'example_nested_branch_dag' retrieved from /Users/aswin/Documents/data-engineering-practice/ETL_Airflow_DBT/airflow/airflow_env/lib/python3.11/site-packages/airflow/example_dags/example_nested_branch_dag.py
[2026-03-10T14:04:15.266+0530] {logging_mixin.py:188} INFO - [2026-03-10T14:04:15.266+0530] {dag.py:3096} INFO - Sync 1 DAGs
[2026-03-10T14:04:15.276+0530] {logging_mixin.py:188} INFO - [2026-03-10T14:04:15.276+0530] {dag.py:3954} INFO - Setting next_dagrun for example_nested_branch_dag to 2026-03-09 00:00:00+00:00, run_after=2026-03-10 00:00:00+00:00
[2026-03-10T14:04:15.288+0530] {processor.py:183} INFO - Processing /Users/aswin/Documents/data-engineering-practice/ETL_Airflow_DBT/airflow/airflow_env/lib/python3.11/site-packages/airflow/example_dags/example_nested_branch_dag.py took 0.112 seconds
[2026-03-10T14:33:24.231+0530] {processor.py:161} INFO - Started process (PID=29920) to work on /Users/aswin/Documents/data-engineering-practice/ETL_Airflow_DBT/airflow/airflow_env/lib/python3.11/site-packages/airflow/example_dags/example_nested_branch_dag.py
[2026-03-10T14:33:24.232+0530] {processor.py:830} INFO - Processing file /Users/aswin/Documents/data-engineering-practice/ETL_Airflow_DBT/airflow/airflow_env/lib/python3.11/site-packages/airflow/example_dags/example_nested_branch_dag.py for tasks to queue
[2026-03-10T14:33:24.232+0530] {logging_mixin.py:188} INFO - [2026-03-10T14:33:24.232+0530] {dagbag.py:540} INFO - Filling up the DagBag from /Users/aswin/Documents/data-engineering-practice/ETL_Airflow_DBT/airflow/airflow_env/lib/python3.11/site-packages/airflow/example_dags/example_nested_branch_dag.py
[2026-03-10T14:33:24.247+0530] {processor.py:840} INFO - DAG(s) 'example_nested_branch_dag' retrieved from /Users/aswin/Documents/data-engineering-practice/ETL_Airflow_DBT/airflow/airflow_env/lib/python3.11/site-packages/airflow/example_dags/example_nested_branch_dag.py
[2026-03-10T14:33:24.276+0530] {logging_mixin.py:188} INFO - [2026-03-10T14:33:24.276+0530] {dag.py:3096} INFO - Sync 1 DAGs
[2026-03-10T14:33:24.281+0530] {logging_mixin.py:188} INFO - [2026-03-10T14:33:24.281+0530] {dag.py:3954} INFO - Setting next_dagrun for example_nested_branch_dag to 2026-03-09 00:00:00+00:00, run_after=2026-03-10 00:00:00+00:00
[2026-03-10T14:33:24.287+0530] {processor.py:183} INFO - Processing /Users/aswin/Documents/data-engineering-practice/ETL_Airflow_DBT/airflow/airflow_env/lib/python3.11/site-packages/airflow/example_dags/example_nested_branch_dag.py took 0.057 seconds
[2026-03-10T16:06:17.306+0530] {processor.py:161} INFO - Started process (PID=30086) to work on /Users/aswin/Documents/data-engineering-practice/ETL_Airflow_DBT/airflow/airflow_env/lib/python3.11/site-packages/airflow/example_dags/example_nested_branch_dag.py
[2026-03-10T16:06:17.306+0530] {processor.py:830} INFO - Processing file /Users/aswin/Documents/data-engineering-practice/ETL_Airflow_DBT/airflow/airflow_env/lib/python3.11/site-packages/airflow/example_dags/example_nested_branch_dag.py for tasks to queue
[2026-03-10T16:06:17.307+0530] {logging_mixin.py:188} INFO - [2026-03-10T16:06:17.306+0530] {dagbag.py:540} INFO - Filling up the DagBag from /Users/aswin/Documents/data-engineering-practice/ETL_Airflow_DBT/airflow/airflow_env/lib/python3.11/site-packages/airflow/example_dags/example_nested_branch_dag.py
[2026-03-10T16:06:17.321+0530] {processor.py:840} INFO - DAG(s) 'example_nested_branch_dag' retrieved from /Users/aswin/Documents/data-engineering-practice/ETL_Airflow_DBT/airflow/airflow_env/lib/python3.11/site-packages/airflow/example_dags/example_nested_branch_dag.py
[2026-03-10T16:06:17.349+0530] {logging_mixin.py:188} INFO - [2026-03-10T16:06:17.349+0530] {dag.py:3096} INFO - Sync 1 DAGs
[2026-03-10T16:06:17.355+0530] {logging_mixin.py:188} INFO - [2026-03-10T16:06:17.355+0530] {dag.py:3954} INFO - Setting next_dagrun for example_nested_branch_dag to 2026-03-09 00:00:00+00:00, run_after=2026-03-10 00:00:00+00:00
[2026-03-10T16:06:17.360+0530] {processor.py:183} INFO - Processing /Users/aswin/Documents/data-engineering-practice/ETL_Airflow_DBT/airflow/airflow_env/lib/python3.11/site-packages/airflow/example_dags/example_nested_branch_dag.py took 0.056 seconds
[2026-03-10T17:06:43.126+0530] {processor.py:161} INFO - Started process (PID=30183) to work on /Users/aswin/Documents/data-engineering-practice/ETL_Airflow_DBT/airflow/airflow_env/lib/python3.11/site-packages/airflow/example_dags/example_nested_branch_dag.py
[2026-03-10T17:06:43.127+0530] {processor.py:830} INFO - Processing file /Users/aswin/Documents/data-engineering-practice/ETL_Airflow_DBT/airflow/airflow_env/lib/python3.11/site-packages/airflow/example_dags/example_nested_branch_dag.py for tasks to queue
[2026-03-10T17:06:43.127+0530] {logging_mixin.py:188} INFO - [2026-03-10T17:06:43.127+0530] {dagbag.py:540} INFO - Filling up the DagBag from /Users/aswin/Documents/data-engineering-practice/ETL_Airflow_DBT/airflow/airflow_env/lib/python3.11/site-packages/airflow/example_dags/example_nested_branch_dag.py
[2026-03-10T17:06:43.141+0530] {processor.py:840} INFO - DAG(s) 'example_nested_branch_dag' retrieved from /Users/aswin/Documents/data-engineering-practice/ETL_Airflow_DBT/airflow/airflow_env/lib/python3.11/site-packages/airflow/example_dags/example_nested_branch_dag.py
[2026-03-10T17:06:43.171+0530] {logging_mixin.py:188} INFO - [2026-03-10T17:06:43.171+0530] {dag.py:3096} INFO - Sync 1 DAGs
[2026-03-10T17:06:43.176+0530] {logging_mixin.py:188} INFO - [2026-03-10T17:06:43.176+0530] {dag.py:3954} INFO - Setting next_dagrun for example_nested_branch_dag to 2026-03-09 00:00:00+00:00, run_after=2026-03-10 00:00:00+00:00
[2026-03-10T17:06:43.182+0530] {processor.py:183} INFO - Processing /Users/aswin/Documents/data-engineering-practice/ETL_Airflow_DBT/airflow/airflow_env/lib/python3.11/site-packages/airflow/example_dags/example_nested_branch_dag.py took 0.057 seconds
[2026-03-10T18:41:31.037+0530] {processor.py:161} INFO - Started process (PID=30347) to work on /Users/aswin/Documents/data-engineering-practice/ETL_Airflow_DBT/airflow/airflow_env/lib/python3.11/site-packages/airflow/example_dags/example_nested_branch_dag.py
[2026-03-10T18:41:31.038+0530] {processor.py:830} INFO - Processing file /Users/aswin/Documents/data-engineering-practice/ETL_Airflow_DBT/airflow/airflow_env/lib/python3.11/site-packages/airflow/example_dags/example_nested_branch_dag.py for tasks to queue
[2026-03-10T18:41:31.038+0530] {logging_mixin.py:188} INFO - [2026-03-10T18:41:31.038+0530] {dagbag.py:540} INFO - Filling up the DagBag from /Users/aswin/Documents/data-engineering-practice/ETL_Airflow_DBT/airflow/airflow_env/lib/python3.11/site-packages/airflow/example_dags/example_nested_branch_dag.py
[2026-03-10T18:41:31.054+0530] {processor.py:840} INFO - DAG(s) 'example_nested_branch_dag' retrieved from /Users/aswin/Documents/data-engineering-practice/ETL_Airflow_DBT/airflow/airflow_env/lib/python3.11/site-packages/airflow/example_dags/example_nested_branch_dag.py
[2026-03-10T18:41:31.084+0530] {logging_mixin.py:188} INFO - [2026-03-10T18:41:31.084+0530] {dag.py:3096} INFO - Sync 1 DAGs
[2026-03-10T18:41:31.090+0530] {logging_mixin.py:188} INFO - [2026-03-10T18:41:31.090+0530] {dag.py:3954} INFO - Setting next_dagrun for example_nested_branch_dag to 2026-03-09 00:00:00+00:00, run_after=2026-03-10 00:00:00+00:00
[2026-03-10T18:41:31.096+0530] {processor.py:183} INFO - Processing /Users/aswin/Documents/data-engineering-practice/ETL_Airflow_DBT/airflow/airflow_env/lib/python3.11/site-packages/airflow/example_dags/example_nested_branch_dag.py took 0.060 seconds
[2026-03-10T19:40:45.320+0530] {processor.py:161} INFO - Started process (PID=30440) to work on /Users/aswin/Documents/data-engineering-practice/ETL_Airflow_DBT/airflow/airflow_env/lib/python3.11/site-packages/airflow/example_dags/example_nested_branch_dag.py
[2026-03-10T19:40:45.321+0530] {processor.py:830} INFO - Processing file /Users/aswin/Documents/data-engineering-practice/ETL_Airflow_DBT/airflow/airflow_env/lib/python3.11/site-packages/airflow/example_dags/example_nested_branch_dag.py for tasks to queue
[2026-03-10T19:40:45.321+0530] {logging_mixin.py:188} INFO - [2026-03-10T19:40:45.321+0530] {dagbag.py:540} INFO - Filling up the DagBag from /Users/aswin/Documents/data-engineering-practice/ETL_Airflow_DBT/airflow/airflow_env/lib/python3.11/site-packages/airflow/example_dags/example_nested_branch_dag.py
[2026-03-10T19:40:45.335+0530] {processor.py:840} INFO - DAG(s) 'example_nested_branch_dag' retrieved from /Users/aswin/Documents/data-engineering-practice/ETL_Airflow_DBT/airflow/airflow_env/lib/python3.11/site-packages/airflow/example_dags/example_nested_branch_dag.py
[2026-03-10T19:40:45.363+0530] {logging_mixin.py:188} INFO - [2026-03-10T19:40:45.363+0530] {dag.py:3096} INFO - Sync 1 DAGs
[2026-03-10T19:40:45.368+0530] {logging_mixin.py:188} INFO - [2026-03-10T19:40:45.368+0530] {dag.py:3954} INFO - Setting next_dagrun for example_nested_branch_dag to 2026-03-09 00:00:00+00:00, run_after=2026-03-10 00:00:00+00:00
[2026-03-10T19:40:45.374+0530] {processor.py:183} INFO - Processing /Users/aswin/Documents/data-engineering-practice/ETL_Airflow_DBT/airflow/airflow_env/lib/python3.11/site-packages/airflow/example_dags/example_nested_branch_dag.py took 0.055 seconds
[2026-03-10T21:10:52.268+0530] {processor.py:161} INFO - Started process (PID=30551) to work on /Users/aswin/Documents/data-engineering-practice/ETL_Airflow_DBT/airflow/airflow_env/lib/python3.11/site-packages/airflow/example_dags/example_nested_branch_dag.py
[2026-03-10T21:10:52.269+0530] {processor.py:830} INFO - Processing file /Users/aswin/Documents/data-engineering-practice/ETL_Airflow_DBT/airflow/airflow_env/lib/python3.11/site-packages/airflow/example_dags/example_nested_branch_dag.py for tasks to queue
[2026-03-10T21:10:52.269+0530] {logging_mixin.py:188} INFO - [2026-03-10T21:10:52.269+0530] {dagbag.py:540} INFO - Filling up the DagBag from /Users/aswin/Documents/data-engineering-practice/ETL_Airflow_DBT/airflow/airflow_env/lib/python3.11/site-packages/airflow/example_dags/example_nested_branch_dag.py
[2026-03-10T21:10:52.283+0530] {processor.py:840} INFO - DAG(s) 'example_nested_branch_dag' retrieved from /Users/aswin/Documents/data-engineering-practice/ETL_Airflow_DBT/airflow/airflow_env/lib/python3.11/site-packages/airflow/example_dags/example_nested_branch_dag.py
[2026-03-10T21:10:52.312+0530] {logging_mixin.py:188} INFO - [2026-03-10T21:10:52.312+0530] {dag.py:3096} INFO - Sync 1 DAGs
[2026-03-10T21:10:52.318+0530] {logging_mixin.py:188} INFO - [2026-03-10T21:10:52.317+0530] {dag.py:3954} INFO - Setting next_dagrun for example_nested_branch_dag to 2026-03-09 00:00:00+00:00, run_after=2026-03-10 00:00:00+00:00
[2026-03-10T21:10:52.323+0530] {processor.py:183} INFO - Processing /Users/aswin/Documents/data-engineering-practice/ETL_Airflow_DBT/airflow/airflow_env/lib/python3.11/site-packages/airflow/example_dags/example_nested_branch_dag.py took 0.056 seconds
[2026-03-10T23:56:22.737+0530] {processor.py:161} INFO - Started process (PID=30823) to work on /Users/aswin/Documents/data-engineering-practice/ETL_Airflow_DBT/airflow/airflow_env/lib/python3.11/site-packages/airflow/example_dags/example_nested_branch_dag.py
[2026-03-10T23:56:22.738+0530] {processor.py:830} INFO - Processing file /Users/aswin/Documents/data-engineering-practice/ETL_Airflow_DBT/airflow/airflow_env/lib/python3.11/site-packages/airflow/example_dags/example_nested_branch_dag.py for tasks to queue
[2026-03-10T23:56:22.738+0530] {logging_mixin.py:188} INFO - [2026-03-10T23:56:22.738+0530] {dagbag.py:540} INFO - Filling up the DagBag from /Users/aswin/Documents/data-engineering-practice/ETL_Airflow_DBT/airflow/airflow_env/lib/python3.11/site-packages/airflow/example_dags/example_nested_branch_dag.py
[2026-03-10T23:56:22.752+0530] {processor.py:840} INFO - DAG(s) 'example_nested_branch_dag' retrieved from /Users/aswin/Documents/data-engineering-practice/ETL_Airflow_DBT/airflow/airflow_env/lib/python3.11/site-packages/airflow/example_dags/example_nested_branch_dag.py
[2026-03-10T23:56:22.781+0530] {logging_mixin.py:188} INFO - [2026-03-10T23:56:22.781+0530] {dag.py:3096} INFO - Sync 1 DAGs
[2026-03-10T23:56:22.786+0530] {logging_mixin.py:188} INFO - [2026-03-10T23:56:22.786+0530] {dag.py:3954} INFO - Setting next_dagrun for example_nested_branch_dag to 2026-03-09 00:00:00+00:00, run_after=2026-03-10 00:00:00+00:00
[2026-03-10T23:56:22.792+0530] {processor.py:183} INFO - Processing /Users/aswin/Documents/data-engineering-practice/ETL_Airflow_DBT/airflow/airflow_env/lib/python3.11/site-packages/airflow/example_dags/example_nested_branch_dag.py took 0.056 seconds
[2026-03-10T23:58:31.414+0530] {processor.py:161} INFO - Started process (PID=30906) to work on /Users/aswin/Documents/data-engineering-practice/ETL_Airflow_DBT/airflow/airflow_env/lib/python3.11/site-packages/airflow/example_dags/example_nested_branch_dag.py
[2026-03-10T23:58:31.416+0530] {processor.py:830} INFO - Processing file /Users/aswin/Documents/data-engineering-practice/ETL_Airflow_DBT/airflow/airflow_env/lib/python3.11/site-packages/airflow/example_dags/example_nested_branch_dag.py for tasks to queue
[2026-03-10T23:58:31.416+0530] {logging_mixin.py:188} INFO - [2026-03-10T23:58:31.416+0530] {dagbag.py:540} INFO - Filling up the DagBag from /Users/aswin/Documents/data-engineering-practice/ETL_Airflow_DBT/airflow/airflow_env/lib/python3.11/site-packages/airflow/example_dags/example_nested_branch_dag.py
[2026-03-10T23:58:31.430+0530] {processor.py:840} INFO - DAG(s) 'example_nested_branch_dag' retrieved from /Users/aswin/Documents/data-engineering-practice/ETL_Airflow_DBT/airflow/airflow_env/lib/python3.11/site-packages/airflow/example_dags/example_nested_branch_dag.py
[2026-03-10T23:58:31.458+0530] {logging_mixin.py:188} INFO - [2026-03-10T23:58:31.458+0530] {dag.py:3096} INFO - Sync 1 DAGs
[2026-03-10T23:58:31.463+0530] {logging_mixin.py:188} INFO - [2026-03-10T23:58:31.463+0530] {dag.py:3954} INFO - Setting next_dagrun for example_nested_branch_dag to 2026-03-09 00:00:00+00:00, run_after=2026-03-10 00:00:00+00:00
[2026-03-10T23:58:31.469+0530] {processor.py:183} INFO - Processing /Users/aswin/Documents/data-engineering-practice/ETL_Airflow_DBT/airflow/airflow_env/lib/python3.11/site-packages/airflow/example_dags/example_nested_branch_dag.py took 0.055 seconds
[2026-03-11T00:00:03.892+0530] {processor.py:161} INFO - Started process (PID=30978) to work on /Users/aswin/Documents/data-engineering-practice/ETL_Airflow_DBT/airflow/airflow_env/lib/python3.11/site-packages/airflow/example_dags/example_nested_branch_dag.py
[2026-03-11T00:00:03.893+0530] {processor.py:830} INFO - Processing file /Users/aswin/Documents/data-engineering-practice/ETL_Airflow_DBT/airflow/airflow_env/lib/python3.11/site-packages/airflow/example_dags/example_nested_branch_dag.py for tasks to queue
[2026-03-11T00:00:03.893+0530] {logging_mixin.py:188} INFO - [2026-03-11T00:00:03.893+0530] {dagbag.py:540} INFO - Filling up the DagBag from /Users/aswin/Documents/data-engineering-practice/ETL_Airflow_DBT/airflow/airflow_env/lib/python3.11/site-packages/airflow/example_dags/example_nested_branch_dag.py
[2026-03-11T00:00:03.907+0530] {processor.py:840} INFO - DAG(s) 'example_nested_branch_dag' retrieved from /Users/aswin/Documents/data-engineering-practice/ETL_Airflow_DBT/airflow/airflow_env/lib/python3.11/site-packages/airflow/example_dags/example_nested_branch_dag.py
[2026-03-11T00:00:03.935+0530] {logging_mixin.py:188} INFO - [2026-03-11T00:00:03.935+0530] {dag.py:3096} INFO - Sync 1 DAGs
[2026-03-11T00:00:03.940+0530] {logging_mixin.py:188} INFO - [2026-03-11T00:00:03.940+0530] {dag.py:3954} INFO - Setting next_dagrun for example_nested_branch_dag to 2026-03-09 00:00:00+00:00, run_after=2026-03-10 00:00:00+00:00
[2026-03-11T00:00:03.946+0530] {processor.py:183} INFO - Processing /Users/aswin/Documents/data-engineering-practice/ETL_Airflow_DBT/airflow/airflow_env/lib/python3.11/site-packages/airflow/example_dags/example_nested_branch_dag.py took 0.055 seconds
[2026-03-11T00:04:31.130+0530] {processor.py:161} INFO - Started process (PID=31079) to work on /Users/aswin/Documents/data-engineering-practice/ETL_Airflow_DBT/airflow/airflow_env/lib/python3.11/site-packages/airflow/example_dags/example_nested_branch_dag.py
[2026-03-11T00:04:31.131+0530] {processor.py:830} INFO - Processing file /Users/aswin/Documents/data-engineering-practice/ETL_Airflow_DBT/airflow/airflow_env/lib/python3.11/site-packages/airflow/example_dags/example_nested_branch_dag.py for tasks to queue
[2026-03-11T00:04:31.131+0530] {logging_mixin.py:188} INFO - [2026-03-11T00:04:31.131+0530] {dagbag.py:540} INFO - Filling up the DagBag from /Users/aswin/Documents/data-engineering-practice/ETL_Airflow_DBT/airflow/airflow_env/lib/python3.11/site-packages/airflow/example_dags/example_nested_branch_dag.py
[2026-03-11T00:04:31.146+0530] {processor.py:840} INFO - DAG(s) 'example_nested_branch_dag' retrieved from /Users/aswin/Documents/data-engineering-practice/ETL_Airflow_DBT/airflow/airflow_env/lib/python3.11/site-packages/airflow/example_dags/example_nested_branch_dag.py
[2026-03-11T00:04:31.174+0530] {logging_mixin.py:188} INFO - [2026-03-11T00:04:31.174+0530] {dag.py:3096} INFO - Sync 1 DAGs
[2026-03-11T00:04:31.180+0530] {logging_mixin.py:188} INFO - [2026-03-11T00:04:31.180+0530] {dag.py:3954} INFO - Setting next_dagrun for example_nested_branch_dag to 2026-03-09 00:00:00+00:00, run_after=2026-03-10 00:00:00+00:00
[2026-03-11T00:04:31.185+0530] {processor.py:183} INFO - Processing /Users/aswin/Documents/data-engineering-practice/ETL_Airflow_DBT/airflow/airflow_env/lib/python3.11/site-packages/airflow/example_dags/example_nested_branch_dag.py took 0.056 seconds
[2026-03-11T00:06:39.240+0530] {processor.py:161} INFO - Started process (PID=31163) to work on /Users/aswin/Documents/data-engineering-practice/ETL_Airflow_DBT/airflow/airflow_env/lib/python3.11/site-packages/airflow/example_dags/example_nested_branch_dag.py
[2026-03-11T00:06:39.241+0530] {processor.py:830} INFO - Processing file /Users/aswin/Documents/data-engineering-practice/ETL_Airflow_DBT/airflow/airflow_env/lib/python3.11/site-packages/airflow/example_dags/example_nested_branch_dag.py for tasks to queue
[2026-03-11T00:06:39.242+0530] {logging_mixin.py:188} INFO - [2026-03-11T00:06:39.242+0530] {dagbag.py:540} INFO - Filling up the DagBag from /Users/aswin/Documents/data-engineering-practice/ETL_Airflow_DBT/airflow/airflow_env/lib/python3.11/site-packages/airflow/example_dags/example_nested_branch_dag.py
[2026-03-11T00:06:39.256+0530] {processor.py:840} INFO - DAG(s) 'example_nested_branch_dag' retrieved from /Users/aswin/Documents/data-engineering-practice/ETL_Airflow_DBT/airflow/airflow_env/lib/python3.11/site-packages/airflow/example_dags/example_nested_branch_dag.py
[2026-03-11T00:06:39.284+0530] {logging_mixin.py:188} INFO - [2026-03-11T00:06:39.284+0530] {dag.py:3096} INFO - Sync 1 DAGs
[2026-03-11T00:06:39.289+0530] {logging_mixin.py:188} INFO - [2026-03-11T00:06:39.289+0530] {dag.py:3954} INFO - Setting next_dagrun for example_nested_branch_dag to 2026-03-09 00:00:00+00:00, run_after=2026-03-10 00:00:00+00:00
[2026-03-11T00:06:39.294+0530] {processor.py:183} INFO - Processing /Users/aswin/Documents/data-engineering-practice/ETL_Airflow_DBT/airflow/airflow_env/lib/python3.11/site-packages/airflow/example_dags/example_nested_branch_dag.py took 0.055 seconds
[2026-03-11T00:08:51.667+0530] {processor.py:161} INFO - Started process (PID=31246) to work on /Users/aswin/Documents/data-engineering-practice/ETL_Airflow_DBT/airflow/airflow_env/lib/python3.11/site-packages/airflow/example_dags/example_nested_branch_dag.py
[2026-03-11T00:08:51.668+0530] {processor.py:830} INFO - Processing file /Users/aswin/Documents/data-engineering-practice/ETL_Airflow_DBT/airflow/airflow_env/lib/python3.11/site-packages/airflow/example_dags/example_nested_branch_dag.py for tasks to queue
[2026-03-11T00:08:51.668+0530] {logging_mixin.py:188} INFO - [2026-03-11T00:08:51.668+0530] {dagbag.py:540} INFO - Filling up the DagBag from /Users/aswin/Documents/data-engineering-practice/ETL_Airflow_DBT/airflow/airflow_env/lib/python3.11/site-packages/airflow/example_dags/example_nested_branch_dag.py
[2026-03-11T00:08:51.684+0530] {processor.py:840} INFO - DAG(s) 'example_nested_branch_dag' retrieved from /Users/aswin/Documents/data-engineering-practice/ETL_Airflow_DBT/airflow/airflow_env/lib/python3.11/site-packages/airflow/example_dags/example_nested_branch_dag.py
[2026-03-11T00:08:51.713+0530] {logging_mixin.py:188} INFO - [2026-03-11T00:08:51.713+0530] {dag.py:3096} INFO - Sync 1 DAGs
[2026-03-11T00:08:51.718+0530] {logging_mixin.py:188} INFO - [2026-03-11T00:08:51.718+0530] {dag.py:3954} INFO - Setting next_dagrun for example_nested_branch_dag to 2026-03-09 00:00:00+00:00, run_after=2026-03-10 00:00:00+00:00
[2026-03-11T00:08:51.724+0530] {processor.py:183} INFO - Processing /Users/aswin/Documents/data-engineering-practice/ETL_Airflow_DBT/airflow/airflow_env/lib/python3.11/site-packages/airflow/example_dags/example_nested_branch_dag.py took 0.057 seconds
[2026-03-11T00:11:06.908+0530] {processor.py:161} INFO - Started process (PID=31331) to work on /Users/aswin/Documents/data-engineering-practice/ETL_Airflow_DBT/airflow/airflow_env/lib/python3.11/site-packages/airflow/example_dags/example_nested_branch_dag.py
[2026-03-11T00:11:06.909+0530] {processor.py:830} INFO - Processing file /Users/aswin/Documents/data-engineering-practice/ETL_Airflow_DBT/airflow/airflow_env/lib/python3.11/site-packages/airflow/example_dags/example_nested_branch_dag.py for tasks to queue
[2026-03-11T00:11:06.909+0530] {logging_mixin.py:188} INFO - [2026-03-11T00:11:06.909+0530] {dagbag.py:540} INFO - Filling up the DagBag from /Users/aswin/Documents/data-engineering-practice/ETL_Airflow_DBT/airflow/airflow_env/lib/python3.11/site-packages/airflow/example_dags/example_nested_branch_dag.py
[2026-03-11T00:11:06.923+0530] {processor.py:840} INFO - DAG(s) 'example_nested_branch_dag' retrieved from /Users/aswin/Documents/data-engineering-practice/ETL_Airflow_DBT/airflow/airflow_env/lib/python3.11/site-packages/airflow/example_dags/example_nested_branch_dag.py
[2026-03-11T00:11:06.953+0530] {logging_mixin.py:188} INFO - [2026-03-11T00:11:06.953+0530] {dag.py:3096} INFO - Sync 1 DAGs
[2026-03-11T00:11:06.958+0530] {logging_mixin.py:188} INFO - [2026-03-11T00:11:06.958+0530] {dag.py:3954} INFO - Setting next_dagrun for example_nested_branch_dag to 2026-03-09 00:00:00+00:00, run_after=2026-03-10 00:00:00+00:00
[2026-03-11T00:11:06.963+0530] {processor.py:183} INFO - Processing /Users/aswin/Documents/data-engineering-practice/ETL_Airflow_DBT/airflow/airflow_env/lib/python3.11/site-packages/airflow/example_dags/example_nested_branch_dag.py took 0.056 seconds
[2026-03-11T00:13:14.141+0530] {processor.py:161} INFO - Started process (PID=31420) to work on /Users/aswin/Documents/data-engineering-practice/ETL_Airflow_DBT/airflow/airflow_env/lib/python3.11/site-packages/airflow/example_dags/example_nested_branch_dag.py
[2026-03-11T00:13:14.142+0530] {processor.py:830} INFO - Processing file /Users/aswin/Documents/data-engineering-practice/ETL_Airflow_DBT/airflow/airflow_env/lib/python3.11/site-packages/airflow/example_dags/example_nested_branch_dag.py for tasks to queue
[2026-03-11T00:13:14.142+0530] {logging_mixin.py:188} INFO - [2026-03-11T00:13:14.142+0530] {dagbag.py:540} INFO - Filling up the DagBag from /Users/aswin/Documents/data-engineering-practice/ETL_Airflow_DBT/airflow/airflow_env/lib/python3.11/site-packages/airflow/example_dags/example_nested_branch_dag.py
[2026-03-11T00:13:14.156+0530] {processor.py:840} INFO - DAG(s) 'example_nested_branch_dag' retrieved from /Users/aswin/Documents/data-engineering-practice/ETL_Airflow_DBT/airflow/airflow_env/lib/python3.11/site-packages/airflow/example_dags/example_nested_branch_dag.py
[2026-03-11T00:13:14.185+0530] {logging_mixin.py:188} INFO - [2026-03-11T00:13:14.184+0530] {dag.py:3096} INFO - Sync 1 DAGs
[2026-03-11T00:13:14.190+0530] {logging_mixin.py:188} INFO - [2026-03-11T00:13:14.190+0530] {dag.py:3954} INFO - Setting next_dagrun for example_nested_branch_dag to 2026-03-09 00:00:00+00:00, run_after=2026-03-10 00:00:00+00:00
[2026-03-11T00:13:14.195+0530] {processor.py:183} INFO - Processing /Users/aswin/Documents/data-engineering-practice/ETL_Airflow_DBT/airflow/airflow_env/lib/python3.11/site-packages/airflow/example_dags/example_nested_branch_dag.py took 0.055 seconds
[2026-03-11T00:15:32.515+0530] {processor.py:161} INFO - Started process (PID=31507) to work on /Users/aswin/Documents/data-engineering-practice/ETL_Airflow_DBT/airflow/airflow_env/lib/python3.11/site-packages/airflow/example_dags/example_nested_branch_dag.py
[2026-03-11T00:15:32.516+0530] {processor.py:830} INFO - Processing file /Users/aswin/Documents/data-engineering-practice/ETL_Airflow_DBT/airflow/airflow_env/lib/python3.11/site-packages/airflow/example_dags/example_nested_branch_dag.py for tasks to queue
[2026-03-11T00:15:32.516+0530] {logging_mixin.py:188} INFO - [2026-03-11T00:15:32.516+0530] {dagbag.py:540} INFO - Filling up the DagBag from /Users/aswin/Documents/data-engineering-practice/ETL_Airflow_DBT/airflow/airflow_env/lib/python3.11/site-packages/airflow/example_dags/example_nested_branch_dag.py
[2026-03-11T00:15:32.530+0530] {processor.py:840} INFO - DAG(s) 'example_nested_branch_dag' retrieved from /Users/aswin/Documents/data-engineering-practice/ETL_Airflow_DBT/airflow/airflow_env/lib/python3.11/site-packages/airflow/example_dags/example_nested_branch_dag.py
[2026-03-11T00:15:32.558+0530] {logging_mixin.py:188} INFO - [2026-03-11T00:15:32.558+0530] {dag.py:3096} INFO - Sync 1 DAGs
[2026-03-11T00:15:32.563+0530] {logging_mixin.py:188} INFO - [2026-03-11T00:15:32.563+0530] {dag.py:3954} INFO - Setting next_dagrun for example_nested_branch_dag to 2026-03-09 00:00:00+00:00, run_after=2026-03-10 00:00:00+00:00
[2026-03-11T00:15:32.568+0530] {processor.py:183} INFO - Processing /Users/aswin/Documents/data-engineering-practice/ETL_Airflow_DBT/airflow/airflow_env/lib/python3.11/site-packages/airflow/example_dags/example_nested_branch_dag.py took 0.055 seconds
[2026-03-11T00:17:31.295+0530] {processor.py:161} INFO - Started process (PID=31589) to work on /Users/aswin/Documents/data-engineering-practice/ETL_Airflow_DBT/airflow/airflow_env/lib/python3.11/site-packages/airflow/example_dags/example_nested_branch_dag.py
[2026-03-11T00:17:31.296+0530] {processor.py:830} INFO - Processing file /Users/aswin/Documents/data-engineering-practice/ETL_Airflow_DBT/airflow/airflow_env/lib/python3.11/site-packages/airflow/example_dags/example_nested_branch_dag.py for tasks to queue
[2026-03-11T00:17:31.296+0530] {logging_mixin.py:188} INFO - [2026-03-11T00:17:31.296+0530] {dagbag.py:540} INFO - Filling up the DagBag from /Users/aswin/Documents/data-engineering-practice/ETL_Airflow_DBT/airflow/airflow_env/lib/python3.11/site-packages/airflow/example_dags/example_nested_branch_dag.py
[2026-03-11T00:17:31.311+0530] {processor.py:840} INFO - DAG(s) 'example_nested_branch_dag' retrieved from /Users/aswin/Documents/data-engineering-practice/ETL_Airflow_DBT/airflow/airflow_env/lib/python3.11/site-packages/airflow/example_dags/example_nested_branch_dag.py
[2026-03-11T00:17:31.341+0530] {logging_mixin.py:188} INFO - [2026-03-11T00:17:31.341+0530] {dag.py:3096} INFO - Sync 1 DAGs
[2026-03-11T00:17:31.347+0530] {logging_mixin.py:188} INFO - [2026-03-11T00:17:31.347+0530] {dag.py:3954} INFO - Setting next_dagrun for example_nested_branch_dag to 2026-03-09 00:00:00+00:00, run_after=2026-03-10 00:00:00+00:00
[2026-03-11T00:17:31.352+0530] {processor.py:183} INFO - Processing /Users/aswin/Documents/data-engineering-practice/ETL_Airflow_DBT/airflow/airflow_env/lib/python3.11/site-packages/airflow/example_dags/example_nested_branch_dag.py took 0.058 seconds
[2026-03-11T00:21:09.788+0530] {processor.py:161} INFO - Started process (PID=31690) to work on /Users/aswin/Documents/data-engineering-practice/ETL_Airflow_DBT/airflow/airflow_env/lib/python3.11/site-packages/airflow/example_dags/example_nested_branch_dag.py
[2026-03-11T00:21:09.789+0530] {processor.py:830} INFO - Processing file /Users/aswin/Documents/data-engineering-practice/ETL_Airflow_DBT/airflow/airflow_env/lib/python3.11/site-packages/airflow/example_dags/example_nested_branch_dag.py for tasks to queue
[2026-03-11T00:21:09.790+0530] {logging_mixin.py:188} INFO - [2026-03-11T00:21:09.790+0530] {dagbag.py:540} INFO - Filling up the DagBag from /Users/aswin/Documents/data-engineering-practice/ETL_Airflow_DBT/airflow/airflow_env/lib/python3.11/site-packages/airflow/example_dags/example_nested_branch_dag.py
[2026-03-11T00:21:09.803+0530] {processor.py:840} INFO - DAG(s) 'example_nested_branch_dag' retrieved from /Users/aswin/Documents/data-engineering-practice/ETL_Airflow_DBT/airflow/airflow_env/lib/python3.11/site-packages/airflow/example_dags/example_nested_branch_dag.py
[2026-03-11T00:21:09.832+0530] {logging_mixin.py:188} INFO - [2026-03-11T00:21:09.832+0530] {dag.py:3096} INFO - Sync 1 DAGs
[2026-03-11T00:21:09.837+0530] {logging_mixin.py:188} INFO - [2026-03-11T00:21:09.837+0530] {dag.py:3954} INFO - Setting next_dagrun for example_nested_branch_dag to 2026-03-09 00:00:00+00:00, run_after=2026-03-10 00:00:00+00:00
[2026-03-11T00:21:09.842+0530] {processor.py:183} INFO - Processing /Users/aswin/Documents/data-engineering-practice/ETL_Airflow_DBT/airflow/airflow_env/lib/python3.11/site-packages/airflow/example_dags/example_nested_branch_dag.py took 0.055 seconds
[2026-03-11T03:17:56.315+0530] {processor.py:161} INFO - Started process (PID=31914) to work on /Users/aswin/Documents/data-engineering-practice/ETL_Airflow_DBT/airflow/airflow_env/lib/python3.11/site-packages/airflow/example_dags/example_nested_branch_dag.py
[2026-03-11T03:17:56.316+0530] {processor.py:830} INFO - Processing file /Users/aswin/Documents/data-engineering-practice/ETL_Airflow_DBT/airflow/airflow_env/lib/python3.11/site-packages/airflow/example_dags/example_nested_branch_dag.py for tasks to queue
[2026-03-11T03:17:56.316+0530] {logging_mixin.py:188} INFO - [2026-03-11T03:17:56.316+0530] {dagbag.py:540} INFO - Filling up the DagBag from /Users/aswin/Documents/data-engineering-practice/ETL_Airflow_DBT/airflow/airflow_env/lib/python3.11/site-packages/airflow/example_dags/example_nested_branch_dag.py
[2026-03-11T03:17:56.330+0530] {processor.py:840} INFO - DAG(s) 'example_nested_branch_dag' retrieved from /Users/aswin/Documents/data-engineering-practice/ETL_Airflow_DBT/airflow/airflow_env/lib/python3.11/site-packages/airflow/example_dags/example_nested_branch_dag.py
[2026-03-11T03:17:56.360+0530] {logging_mixin.py:188} INFO - [2026-03-11T03:17:56.360+0530] {dag.py:3096} INFO - Sync 1 DAGs
[2026-03-11T03:17:56.365+0530] {logging_mixin.py:188} INFO - [2026-03-11T03:17:56.365+0530] {dag.py:3954} INFO - Setting next_dagrun for example_nested_branch_dag to 2026-03-09 00:00:00+00:00, run_after=2026-03-10 00:00:00+00:00
[2026-03-11T03:17:56.371+0530] {processor.py:183} INFO - Processing /Users/aswin/Documents/data-engineering-practice/ETL_Airflow_DBT/airflow/airflow_env/lib/python3.11/site-packages/airflow/example_dags/example_nested_branch_dag.py took 0.057 seconds
[2026-03-11T04:48:15.024+0530] {processor.py:161} INFO - Started process (PID=32192) to work on /Users/aswin/Documents/data-engineering-practice/ETL_Airflow_DBT/airflow/airflow_env/lib/python3.11/site-packages/airflow/example_dags/example_nested_branch_dag.py
[2026-03-11T04:48:15.025+0530] {processor.py:830} INFO - Processing file /Users/aswin/Documents/data-engineering-practice/ETL_Airflow_DBT/airflow/airflow_env/lib/python3.11/site-packages/airflow/example_dags/example_nested_branch_dag.py for tasks to queue
[2026-03-11T04:48:15.025+0530] {logging_mixin.py:188} INFO - [2026-03-11T04:48:15.025+0530] {dagbag.py:540} INFO - Filling up the DagBag from /Users/aswin/Documents/data-engineering-practice/ETL_Airflow_DBT/airflow/airflow_env/lib/python3.11/site-packages/airflow/example_dags/example_nested_branch_dag.py
[2026-03-11T04:48:15.042+0530] {processor.py:840} INFO - DAG(s) 'example_nested_branch_dag' retrieved from /Users/aswin/Documents/data-engineering-practice/ETL_Airflow_DBT/airflow/airflow_env/lib/python3.11/site-packages/airflow/example_dags/example_nested_branch_dag.py
[2026-03-11T04:48:15.073+0530] {logging_mixin.py:188} INFO - [2026-03-11T04:48:15.073+0530] {dag.py:3096} INFO - Sync 1 DAGs
[2026-03-11T04:48:15.079+0530] {logging_mixin.py:188} INFO - [2026-03-11T04:48:15.079+0530] {dag.py:3954} INFO - Setting next_dagrun for example_nested_branch_dag to 2026-03-09 00:00:00+00:00, run_after=2026-03-10 00:00:00+00:00
[2026-03-11T04:48:15.084+0530] {processor.py:183} INFO - Processing /Users/aswin/Documents/data-engineering-practice/ETL_Airflow_DBT/airflow/airflow_env/lib/python3.11/site-packages/airflow/example_dags/example_nested_branch_dag.py took 0.061 seconds
[2026-03-11T04:49:46.072+0530] {processor.py:161} INFO - Started process (PID=32350) to work on /Users/aswin/Documents/data-engineering-practice/ETL_Airflow_DBT/airflow/airflow_env/lib/python3.11/site-packages/airflow/example_dags/example_nested_branch_dag.py
[2026-03-11T04:49:46.073+0530] {processor.py:830} INFO - Processing file /Users/aswin/Documents/data-engineering-practice/ETL_Airflow_DBT/airflow/airflow_env/lib/python3.11/site-packages/airflow/example_dags/example_nested_branch_dag.py for tasks to queue
[2026-03-11T04:49:46.073+0530] {logging_mixin.py:188} INFO - [2026-03-11T04:49:46.073+0530] {dagbag.py:540} INFO - Filling up the DagBag from /Users/aswin/Documents/data-engineering-practice/ETL_Airflow_DBT/airflow/airflow_env/lib/python3.11/site-packages/airflow/example_dags/example_nested_branch_dag.py
[2026-03-11T04:49:46.088+0530] {processor.py:840} INFO - DAG(s) 'example_nested_branch_dag' retrieved from /Users/aswin/Documents/data-engineering-practice/ETL_Airflow_DBT/airflow/airflow_env/lib/python3.11/site-packages/airflow/example_dags/example_nested_branch_dag.py
[2026-03-11T04:49:46.117+0530] {logging_mixin.py:188} INFO - [2026-03-11T04:49:46.116+0530] {dag.py:3096} INFO - Sync 1 DAGs
[2026-03-11T04:49:46.122+0530] {logging_mixin.py:188} INFO - [2026-03-11T04:49:46.122+0530] {dag.py:3954} INFO - Setting next_dagrun for example_nested_branch_dag to 2026-03-09 00:00:00+00:00, run_after=2026-03-10 00:00:00+00:00
[2026-03-11T04:49:46.127+0530] {processor.py:183} INFO - Processing /Users/aswin/Documents/data-engineering-practice/ETL_Airflow_DBT/airflow/airflow_env/lib/python3.11/site-packages/airflow/example_dags/example_nested_branch_dag.py took 0.056 seconds
[2026-03-11T04:51:19.836+0530] {processor.py:161} INFO - Started process (PID=32517) to work on /Users/aswin/Documents/data-engineering-practice/ETL_Airflow_DBT/airflow/airflow_env/lib/python3.11/site-packages/airflow/example_dags/example_nested_branch_dag.py
[2026-03-11T04:51:19.837+0530] {processor.py:830} INFO - Processing file /Users/aswin/Documents/data-engineering-practice/ETL_Airflow_DBT/airflow/airflow_env/lib/python3.11/site-packages/airflow/example_dags/example_nested_branch_dag.py for tasks to queue
[2026-03-11T04:51:19.838+0530] {logging_mixin.py:188} INFO - [2026-03-11T04:51:19.838+0530] {dagbag.py:540} INFO - Filling up the DagBag from /Users/aswin/Documents/data-engineering-practice/ETL_Airflow_DBT/airflow/airflow_env/lib/python3.11/site-packages/airflow/example_dags/example_nested_branch_dag.py
[2026-03-11T04:51:19.852+0530] {processor.py:840} INFO - DAG(s) 'example_nested_branch_dag' retrieved from /Users/aswin/Documents/data-engineering-practice/ETL_Airflow_DBT/airflow/airflow_env/lib/python3.11/site-packages/airflow/example_dags/example_nested_branch_dag.py
[2026-03-11T04:51:19.881+0530] {logging_mixin.py:188} INFO - [2026-03-11T04:51:19.881+0530] {dag.py:3096} INFO - Sync 1 DAGs
[2026-03-11T04:51:19.886+0530] {logging_mixin.py:188} INFO - [2026-03-11T04:51:19.886+0530] {dag.py:3954} INFO - Setting next_dagrun for example_nested_branch_dag to 2026-03-09 00:00:00+00:00, run_after=2026-03-10 00:00:00+00:00
[2026-03-11T04:51:19.892+0530] {processor.py:183} INFO - Processing /Users/aswin/Documents/data-engineering-practice/ETL_Airflow_DBT/airflow/airflow_env/lib/python3.11/site-packages/airflow/example_dags/example_nested_branch_dag.py took 0.056 seconds
[2026-03-11T04:52:50.840+0530] {processor.py:161} INFO - Started process (PID=32673) to work on /Users/aswin/Documents/data-engineering-practice/ETL_Airflow_DBT/airflow/airflow_env/lib/python3.11/site-packages/airflow/example_dags/example_nested_branch_dag.py
[2026-03-11T04:52:50.841+0530] {processor.py:830} INFO - Processing file /Users/aswin/Documents/data-engineering-practice/ETL_Airflow_DBT/airflow/airflow_env/lib/python3.11/site-packages/airflow/example_dags/example_nested_branch_dag.py for tasks to queue
[2026-03-11T04:52:50.841+0530] {logging_mixin.py:188} INFO - [2026-03-11T04:52:50.841+0530] {dagbag.py:540} INFO - Filling up the DagBag from /Users/aswin/Documents/data-engineering-practice/ETL_Airflow_DBT/airflow/airflow_env/lib/python3.11/site-packages/airflow/example_dags/example_nested_branch_dag.py
[2026-03-11T04:52:50.855+0530] {processor.py:840} INFO - DAG(s) 'example_nested_branch_dag' retrieved from /Users/aswin/Documents/data-engineering-practice/ETL_Airflow_DBT/airflow/airflow_env/lib/python3.11/site-packages/airflow/example_dags/example_nested_branch_dag.py
[2026-03-11T04:52:50.885+0530] {logging_mixin.py:188} INFO - [2026-03-11T04:52:50.885+0530] {dag.py:3096} INFO - Sync 1 DAGs
[2026-03-11T04:52:50.890+0530] {logging_mixin.py:188} INFO - [2026-03-11T04:52:50.890+0530] {dag.py:3954} INFO - Setting next_dagrun for example_nested_branch_dag to 2026-03-09 00:00:00+00:00, run_after=2026-03-10 00:00:00+00:00
[2026-03-11T04:52:50.895+0530] {processor.py:183} INFO - Processing /Users/aswin/Documents/data-engineering-practice/ETL_Airflow_DBT/airflow/airflow_env/lib/python3.11/site-packages/airflow/example_dags/example_nested_branch_dag.py took 0.056 seconds
[2026-03-11T04:54:25.627+0530] {processor.py:161} INFO - Started process (PID=32826) to work on /Users/aswin/Documents/data-engineering-practice/ETL_Airflow_DBT/airflow/airflow_env/lib/python3.11/site-packages/airflow/example_dags/example_nested_branch_dag.py
[2026-03-11T04:54:25.628+0530] {processor.py:830} INFO - Processing file /Users/aswin/Documents/data-engineering-practice/ETL_Airflow_DBT/airflow/airflow_env/lib/python3.11/site-packages/airflow/example_dags/example_nested_branch_dag.py for tasks to queue
[2026-03-11T04:54:25.629+0530] {logging_mixin.py:188} INFO - [2026-03-11T04:54:25.629+0530] {dagbag.py:540} INFO - Filling up the DagBag from /Users/aswin/Documents/data-engineering-practice/ETL_Airflow_DBT/airflow/airflow_env/lib/python3.11/site-packages/airflow/example_dags/example_nested_branch_dag.py
[2026-03-11T04:54:25.643+0530] {processor.py:840} INFO - DAG(s) 'example_nested_branch_dag' retrieved from /Users/aswin/Documents/data-engineering-practice/ETL_Airflow_DBT/airflow/airflow_env/lib/python3.11/site-packages/airflow/example_dags/example_nested_branch_dag.py
[2026-03-11T04:54:25.672+0530] {logging_mixin.py:188} INFO - [2026-03-11T04:54:25.671+0530] {dag.py:3096} INFO - Sync 1 DAGs
[2026-03-11T04:54:25.677+0530] {logging_mixin.py:188} INFO - [2026-03-11T04:54:25.677+0530] {dag.py:3954} INFO - Setting next_dagrun for example_nested_branch_dag to 2026-03-09 00:00:00+00:00, run_after=2026-03-10 00:00:00+00:00
[2026-03-11T04:54:25.682+0530] {processor.py:183} INFO - Processing /Users/aswin/Documents/data-engineering-practice/ETL_Airflow_DBT/airflow/airflow_env/lib/python3.11/site-packages/airflow/example_dags/example_nested_branch_dag.py took 0.056 seconds
[2026-03-11T04:55:54.652+0530] {processor.py:161} INFO - Started process (PID=32914) to work on /Users/aswin/Documents/data-engineering-practice/ETL_Airflow_DBT/airflow/airflow_env/lib/python3.11/site-packages/airflow/example_dags/example_nested_branch_dag.py
[2026-03-11T04:55:54.653+0530] {processor.py:830} INFO - Processing file /Users/aswin/Documents/data-engineering-practice/ETL_Airflow_DBT/airflow/airflow_env/lib/python3.11/site-packages/airflow/example_dags/example_nested_branch_dag.py for tasks to queue
[2026-03-11T04:55:54.653+0530] {logging_mixin.py:188} INFO - [2026-03-11T04:55:54.653+0530] {dagbag.py:540} INFO - Filling up the DagBag from /Users/aswin/Documents/data-engineering-practice/ETL_Airflow_DBT/airflow/airflow_env/lib/python3.11/site-packages/airflow/example_dags/example_nested_branch_dag.py
[2026-03-11T04:55:54.667+0530] {processor.py:840} INFO - DAG(s) 'example_nested_branch_dag' retrieved from /Users/aswin/Documents/data-engineering-practice/ETL_Airflow_DBT/airflow/airflow_env/lib/python3.11/site-packages/airflow/example_dags/example_nested_branch_dag.py
[2026-03-11T04:55:54.696+0530] {logging_mixin.py:188} INFO - [2026-03-11T04:55:54.696+0530] {dag.py:3096} INFO - Sync 1 DAGs
[2026-03-11T04:55:54.701+0530] {logging_mixin.py:188} INFO - [2026-03-11T04:55:54.701+0530] {dag.py:3954} INFO - Setting next_dagrun for example_nested_branch_dag to 2026-03-09 00:00:00+00:00, run_after=2026-03-10 00:00:00+00:00
[2026-03-11T04:55:54.707+0530] {processor.py:183} INFO - Processing /Users/aswin/Documents/data-engineering-practice/ETL_Airflow_DBT/airflow/airflow_env/lib/python3.11/site-packages/airflow/example_dags/example_nested_branch_dag.py took 0.056 seconds
[2026-03-11T04:57:25.599+0530] {processor.py:161} INFO - Started process (PID=32986) to work on /Users/aswin/Documents/data-engineering-practice/ETL_Airflow_DBT/airflow/airflow_env/lib/python3.11/site-packages/airflow/example_dags/example_nested_branch_dag.py
[2026-03-11T04:57:25.600+0530] {processor.py:830} INFO - Processing file /Users/aswin/Documents/data-engineering-practice/ETL_Airflow_DBT/airflow/airflow_env/lib/python3.11/site-packages/airflow/example_dags/example_nested_branch_dag.py for tasks to queue
[2026-03-11T04:57:25.600+0530] {logging_mixin.py:188} INFO - [2026-03-11T04:57:25.600+0530] {dagbag.py:540} INFO - Filling up the DagBag from /Users/aswin/Documents/data-engineering-practice/ETL_Airflow_DBT/airflow/airflow_env/lib/python3.11/site-packages/airflow/example_dags/example_nested_branch_dag.py
[2026-03-11T04:57:25.614+0530] {processor.py:840} INFO - DAG(s) 'example_nested_branch_dag' retrieved from /Users/aswin/Documents/data-engineering-practice/ETL_Airflow_DBT/airflow/airflow_env/lib/python3.11/site-packages/airflow/example_dags/example_nested_branch_dag.py
[2026-03-11T04:57:25.643+0530] {logging_mixin.py:188} INFO - [2026-03-11T04:57:25.643+0530] {dag.py:3096} INFO - Sync 1 DAGs
[2026-03-11T04:57:25.648+0530] {logging_mixin.py:188} INFO - [2026-03-11T04:57:25.648+0530] {dag.py:3954} INFO - Setting next_dagrun for example_nested_branch_dag to 2026-03-09 00:00:00+00:00, run_after=2026-03-10 00:00:00+00:00
[2026-03-11T04:57:25.654+0530] {processor.py:183} INFO - Processing /Users/aswin/Documents/data-engineering-practice/ETL_Airflow_DBT/airflow/airflow_env/lib/python3.11/site-packages/airflow/example_dags/example_nested_branch_dag.py took 0.056 seconds
[2026-03-11T04:58:57.647+0530] {processor.py:161} INFO - Started process (PID=33062) to work on /Users/aswin/Documents/data-engineering-practice/ETL_Airflow_DBT/airflow/airflow_env/lib/python3.11/site-packages/airflow/example_dags/example_nested_branch_dag.py
[2026-03-11T04:58:57.648+0530] {processor.py:830} INFO - Processing file /Users/aswin/Documents/data-engineering-practice/ETL_Airflow_DBT/airflow/airflow_env/lib/python3.11/site-packages/airflow/example_dags/example_nested_branch_dag.py for tasks to queue
[2026-03-11T04:58:57.648+0530] {logging_mixin.py:188} INFO - [2026-03-11T04:58:57.648+0530] {dagbag.py:540} INFO - Filling up the DagBag from /Users/aswin/Documents/data-engineering-practice/ETL_Airflow_DBT/airflow/airflow_env/lib/python3.11/site-packages/airflow/example_dags/example_nested_branch_dag.py
[2026-03-11T04:58:57.663+0530] {processor.py:840} INFO - DAG(s) 'example_nested_branch_dag' retrieved from /Users/aswin/Documents/data-engineering-practice/ETL_Airflow_DBT/airflow/airflow_env/lib/python3.11/site-packages/airflow/example_dags/example_nested_branch_dag.py
[2026-03-11T04:58:57.692+0530] {logging_mixin.py:188} INFO - [2026-03-11T04:58:57.692+0530] {dag.py:3096} INFO - Sync 1 DAGs
[2026-03-11T04:58:57.697+0530] {logging_mixin.py:188} INFO - [2026-03-11T04:58:57.697+0530] {dag.py:3954} INFO - Setting next_dagrun for example_nested_branch_dag to 2026-03-09 00:00:00+00:00, run_after=2026-03-10 00:00:00+00:00
[2026-03-11T04:58:57.702+0530] {processor.py:183} INFO - Processing /Users/aswin/Documents/data-engineering-practice/ETL_Airflow_DBT/airflow/airflow_env/lib/python3.11/site-packages/airflow/example_dags/example_nested_branch_dag.py took 0.056 seconds
[2026-03-11T05:00:25.312+0530] {processor.py:161} INFO - Started process (PID=33133) to work on /Users/aswin/Documents/data-engineering-practice/ETL_Airflow_DBT/airflow/airflow_env/lib/python3.11/site-packages/airflow/example_dags/example_nested_branch_dag.py
[2026-03-11T05:00:25.312+0530] {processor.py:830} INFO - Processing file /Users/aswin/Documents/data-engineering-practice/ETL_Airflow_DBT/airflow/airflow_env/lib/python3.11/site-packages/airflow/example_dags/example_nested_branch_dag.py for tasks to queue
[2026-03-11T05:00:25.312+0530] {logging_mixin.py:188} INFO - [2026-03-11T05:00:25.312+0530] {dagbag.py:540} INFO - Filling up the DagBag from /Users/aswin/Documents/data-engineering-practice/ETL_Airflow_DBT/airflow/airflow_env/lib/python3.11/site-packages/airflow/example_dags/example_nested_branch_dag.py
[2026-03-11T05:00:25.327+0530] {processor.py:840} INFO - DAG(s) 'example_nested_branch_dag' retrieved from /Users/aswin/Documents/data-engineering-practice/ETL_Airflow_DBT/airflow/airflow_env/lib/python3.11/site-packages/airflow/example_dags/example_nested_branch_dag.py
[2026-03-11T05:00:25.355+0530] {logging_mixin.py:188} INFO - [2026-03-11T05:00:25.355+0530] {dag.py:3096} INFO - Sync 1 DAGs
[2026-03-11T05:00:25.361+0530] {logging_mixin.py:188} INFO - [2026-03-11T05:00:25.361+0530] {dag.py:3954} INFO - Setting next_dagrun for example_nested_branch_dag to 2026-03-09 00:00:00+00:00, run_after=2026-03-10 00:00:00+00:00
[2026-03-11T05:00:25.366+0530] {processor.py:183} INFO - Processing /Users/aswin/Documents/data-engineering-practice/ETL_Airflow_DBT/airflow/airflow_env/lib/python3.11/site-packages/airflow/example_dags/example_nested_branch_dag.py took 0.055 seconds
[2026-03-11T05:01:57.620+0530] {processor.py:161} INFO - Started process (PID=33215) to work on /Users/aswin/Documents/data-engineering-practice/ETL_Airflow_DBT/airflow/airflow_env/lib/python3.11/site-packages/airflow/example_dags/example_nested_branch_dag.py
[2026-03-11T05:01:57.622+0530] {processor.py:830} INFO - Processing file /Users/aswin/Documents/data-engineering-practice/ETL_Airflow_DBT/airflow/airflow_env/lib/python3.11/site-packages/airflow/example_dags/example_nested_branch_dag.py for tasks to queue
[2026-03-11T05:01:57.622+0530] {logging_mixin.py:188} INFO - [2026-03-11T05:01:57.622+0530] {dagbag.py:540} INFO - Filling up the DagBag from /Users/aswin/Documents/data-engineering-practice/ETL_Airflow_DBT/airflow/airflow_env/lib/python3.11/site-packages/airflow/example_dags/example_nested_branch_dag.py
[2026-03-11T05:01:57.636+0530] {processor.py:840} INFO - DAG(s) 'example_nested_branch_dag' retrieved from /Users/aswin/Documents/data-engineering-practice/ETL_Airflow_DBT/airflow/airflow_env/lib/python3.11/site-packages/airflow/example_dags/example_nested_branch_dag.py
[2026-03-11T05:01:57.665+0530] {logging_mixin.py:188} INFO - [2026-03-11T05:01:57.665+0530] {dag.py:3096} INFO - Sync 1 DAGs
[2026-03-11T05:01:57.670+0530] {logging_mixin.py:188} INFO - [2026-03-11T05:01:57.670+0530] {dag.py:3954} INFO - Setting next_dagrun for example_nested_branch_dag to 2026-03-09 00:00:00+00:00, run_after=2026-03-10 00:00:00+00:00
[2026-03-11T05:01:57.675+0530] {processor.py:183} INFO - Processing /Users/aswin/Documents/data-engineering-practice/ETL_Airflow_DBT/airflow/airflow_env/lib/python3.11/site-packages/airflow/example_dags/example_nested_branch_dag.py took 0.056 seconds
[2026-03-11T05:03:26.172+0530] {processor.py:161} INFO - Started process (PID=33284) to work on /Users/aswin/Documents/data-engineering-practice/ETL_Airflow_DBT/airflow/airflow_env/lib/python3.11/site-packages/airflow/example_dags/example_nested_branch_dag.py
[2026-03-11T05:03:26.173+0530] {processor.py:830} INFO - Processing file /Users/aswin/Documents/data-engineering-practice/ETL_Airflow_DBT/airflow/airflow_env/lib/python3.11/site-packages/airflow/example_dags/example_nested_branch_dag.py for tasks to queue
[2026-03-11T05:03:26.173+0530] {logging_mixin.py:188} INFO - [2026-03-11T05:03:26.173+0530] {dagbag.py:540} INFO - Filling up the DagBag from /Users/aswin/Documents/data-engineering-practice/ETL_Airflow_DBT/airflow/airflow_env/lib/python3.11/site-packages/airflow/example_dags/example_nested_branch_dag.py
[2026-03-11T05:03:26.187+0530] {processor.py:840} INFO - DAG(s) 'example_nested_branch_dag' retrieved from /Users/aswin/Documents/data-engineering-practice/ETL_Airflow_DBT/airflow/airflow_env/lib/python3.11/site-packages/airflow/example_dags/example_nested_branch_dag.py
[2026-03-11T05:03:26.216+0530] {logging_mixin.py:188} INFO - [2026-03-11T05:03:26.216+0530] {dag.py:3096} INFO - Sync 1 DAGs
[2026-03-11T05:03:26.221+0530] {logging_mixin.py:188} INFO - [2026-03-11T05:03:26.221+0530] {dag.py:3954} INFO - Setting next_dagrun for example_nested_branch_dag to 2026-03-09 00:00:00+00:00, run_after=2026-03-10 00:00:00+00:00
[2026-03-11T05:03:26.226+0530] {processor.py:183} INFO - Processing /Users/aswin/Documents/data-engineering-practice/ETL_Airflow_DBT/airflow/airflow_env/lib/python3.11/site-packages/airflow/example_dags/example_nested_branch_dag.py took 0.056 seconds
[2026-03-11T05:04:55.651+0530] {processor.py:161} INFO - Started process (PID=33353) to work on /Users/aswin/Documents/data-engineering-practice/ETL_Airflow_DBT/airflow/airflow_env/lib/python3.11/site-packages/airflow/example_dags/example_nested_branch_dag.py
[2026-03-11T05:04:55.652+0530] {processor.py:830} INFO - Processing file /Users/aswin/Documents/data-engineering-practice/ETL_Airflow_DBT/airflow/airflow_env/lib/python3.11/site-packages/airflow/example_dags/example_nested_branch_dag.py for tasks to queue
[2026-03-11T05:04:55.652+0530] {logging_mixin.py:188} INFO - [2026-03-11T05:04:55.652+0530] {dagbag.py:540} INFO - Filling up the DagBag from /Users/aswin/Documents/data-engineering-practice/ETL_Airflow_DBT/airflow/airflow_env/lib/python3.11/site-packages/airflow/example_dags/example_nested_branch_dag.py
[2026-03-11T05:04:55.667+0530] {processor.py:840} INFO - DAG(s) 'example_nested_branch_dag' retrieved from /Users/aswin/Documents/data-engineering-practice/ETL_Airflow_DBT/airflow/airflow_env/lib/python3.11/site-packages/airflow/example_dags/example_nested_branch_dag.py
[2026-03-11T05:04:55.695+0530] {logging_mixin.py:188} INFO - [2026-03-11T05:04:55.695+0530] {dag.py:3096} INFO - Sync 1 DAGs
[2026-03-11T05:04:55.700+0530] {logging_mixin.py:188} INFO - [2026-03-11T05:04:55.700+0530] {dag.py:3954} INFO - Setting next_dagrun for example_nested_branch_dag to 2026-03-09 00:00:00+00:00, run_after=2026-03-10 00:00:00+00:00
[2026-03-11T05:04:55.706+0530] {processor.py:183} INFO - Processing /Users/aswin/Documents/data-engineering-practice/ETL_Airflow_DBT/airflow/airflow_env/lib/python3.11/site-packages/airflow/example_dags/example_nested_branch_dag.py took 0.056 seconds
[2026-03-11T05:06:24.783+0530] {processor.py:161} INFO - Started process (PID=33432) to work on /Users/aswin/Documents/data-engineering-practice/ETL_Airflow_DBT/airflow/airflow_env/lib/python3.11/site-packages/airflow/example_dags/example_nested_branch_dag.py
[2026-03-11T05:06:24.784+0530] {processor.py:830} INFO - Processing file /Users/aswin/Documents/data-engineering-practice/ETL_Airflow_DBT/airflow/airflow_env/lib/python3.11/site-packages/airflow/example_dags/example_nested_branch_dag.py for tasks to queue
[2026-03-11T05:06:24.784+0530] {logging_mixin.py:188} INFO - [2026-03-11T05:06:24.784+0530] {dagbag.py:540} INFO - Filling up the DagBag from /Users/aswin/Documents/data-engineering-practice/ETL_Airflow_DBT/airflow/airflow_env/lib/python3.11/site-packages/airflow/example_dags/example_nested_branch_dag.py
[2026-03-11T05:06:24.798+0530] {processor.py:840} INFO - DAG(s) 'example_nested_branch_dag' retrieved from /Users/aswin/Documents/data-engineering-practice/ETL_Airflow_DBT/airflow/airflow_env/lib/python3.11/site-packages/airflow/example_dags/example_nested_branch_dag.py
[2026-03-11T05:06:24.827+0530] {logging_mixin.py:188} INFO - [2026-03-11T05:06:24.827+0530] {dag.py:3096} INFO - Sync 1 DAGs
[2026-03-11T05:06:24.832+0530] {logging_mixin.py:188} INFO - [2026-03-11T05:06:24.832+0530] {dag.py:3954} INFO - Setting next_dagrun for example_nested_branch_dag to 2026-03-09 00:00:00+00:00, run_after=2026-03-10 00:00:00+00:00
[2026-03-11T05:06:24.838+0530] {processor.py:183} INFO - Processing /Users/aswin/Documents/data-engineering-practice/ETL_Airflow_DBT/airflow/airflow_env/lib/python3.11/site-packages/airflow/example_dags/example_nested_branch_dag.py took 0.056 seconds
[2026-03-11T05:07:53.322+0530] {processor.py:161} INFO - Started process (PID=33499) to work on /Users/aswin/Documents/data-engineering-practice/ETL_Airflow_DBT/airflow/airflow_env/lib/python3.11/site-packages/airflow/example_dags/example_nested_branch_dag.py
[2026-03-11T05:07:53.322+0530] {processor.py:830} INFO - Processing file /Users/aswin/Documents/data-engineering-practice/ETL_Airflow_DBT/airflow/airflow_env/lib/python3.11/site-packages/airflow/example_dags/example_nested_branch_dag.py for tasks to queue
[2026-03-11T05:07:53.323+0530] {logging_mixin.py:188} INFO - [2026-03-11T05:07:53.323+0530] {dagbag.py:540} INFO - Filling up the DagBag from /Users/aswin/Documents/data-engineering-practice/ETL_Airflow_DBT/airflow/airflow_env/lib/python3.11/site-packages/airflow/example_dags/example_nested_branch_dag.py
[2026-03-11T05:07:53.337+0530] {processor.py:840} INFO - DAG(s) 'example_nested_branch_dag' retrieved from /Users/aswin/Documents/data-engineering-practice/ETL_Airflow_DBT/airflow/airflow_env/lib/python3.11/site-packages/airflow/example_dags/example_nested_branch_dag.py
[2026-03-11T05:07:53.366+0530] {logging_mixin.py:188} INFO - [2026-03-11T05:07:53.366+0530] {dag.py:3096} INFO - Sync 1 DAGs
[2026-03-11T05:07:53.371+0530] {logging_mixin.py:188} INFO - [2026-03-11T05:07:53.371+0530] {dag.py:3954} INFO - Setting next_dagrun for example_nested_branch_dag to 2026-03-09 00:00:00+00:00, run_after=2026-03-10 00:00:00+00:00
[2026-03-11T05:07:53.377+0530] {processor.py:183} INFO - Processing /Users/aswin/Documents/data-engineering-practice/ETL_Airflow_DBT/airflow/airflow_env/lib/python3.11/site-packages/airflow/example_dags/example_nested_branch_dag.py took 0.056 seconds
[2026-03-11T05:12:25.489+0530] {processor.py:161} INFO - Started process (PID=33629) to work on /Users/aswin/Documents/data-engineering-practice/ETL_Airflow_DBT/airflow/airflow_env/lib/python3.11/site-packages/airflow/example_dags/example_nested_branch_dag.py
[2026-03-11T05:12:25.490+0530] {processor.py:830} INFO - Processing file /Users/aswin/Documents/data-engineering-practice/ETL_Airflow_DBT/airflow/airflow_env/lib/python3.11/site-packages/airflow/example_dags/example_nested_branch_dag.py for tasks to queue
[2026-03-11T05:12:25.490+0530] {logging_mixin.py:188} INFO - [2026-03-11T05:12:25.490+0530] {dagbag.py:540} INFO - Filling up the DagBag from /Users/aswin/Documents/data-engineering-practice/ETL_Airflow_DBT/airflow/airflow_env/lib/python3.11/site-packages/airflow/example_dags/example_nested_branch_dag.py
[2026-03-11T05:12:25.504+0530] {processor.py:840} INFO - DAG(s) 'example_nested_branch_dag' retrieved from /Users/aswin/Documents/data-engineering-practice/ETL_Airflow_DBT/airflow/airflow_env/lib/python3.11/site-packages/airflow/example_dags/example_nested_branch_dag.py
[2026-03-11T05:12:25.533+0530] {logging_mixin.py:188} INFO - [2026-03-11T05:12:25.533+0530] {dag.py:3096} INFO - Sync 1 DAGs
[2026-03-11T05:12:25.538+0530] {logging_mixin.py:188} INFO - [2026-03-11T05:12:25.538+0530] {dag.py:3954} INFO - Setting next_dagrun for example_nested_branch_dag to 2026-03-09 00:00:00+00:00, run_after=2026-03-10 00:00:00+00:00
[2026-03-11T05:12:25.544+0530] {processor.py:183} INFO - Processing /Users/aswin/Documents/data-engineering-practice/ETL_Airflow_DBT/airflow/airflow_env/lib/python3.11/site-packages/airflow/example_dags/example_nested_branch_dag.py took 0.056 seconds
[2026-03-11T05:14:01.882+0530] {processor.py:161} INFO - Started process (PID=33722) to work on /Users/aswin/Documents/data-engineering-practice/ETL_Airflow_DBT/airflow/airflow_env/lib/python3.11/site-packages/airflow/example_dags/example_nested_branch_dag.py
[2026-03-11T05:14:01.883+0530] {processor.py:830} INFO - Processing file /Users/aswin/Documents/data-engineering-practice/ETL_Airflow_DBT/airflow/airflow_env/lib/python3.11/site-packages/airflow/example_dags/example_nested_branch_dag.py for tasks to queue
[2026-03-11T05:14:01.883+0530] {logging_mixin.py:188} INFO - [2026-03-11T05:14:01.883+0530] {dagbag.py:540} INFO - Filling up the DagBag from /Users/aswin/Documents/data-engineering-practice/ETL_Airflow_DBT/airflow/airflow_env/lib/python3.11/site-packages/airflow/example_dags/example_nested_branch_dag.py
[2026-03-11T05:14:01.899+0530] {processor.py:840} INFO - DAG(s) 'example_nested_branch_dag' retrieved from /Users/aswin/Documents/data-engineering-practice/ETL_Airflow_DBT/airflow/airflow_env/lib/python3.11/site-packages/airflow/example_dags/example_nested_branch_dag.py
[2026-03-11T05:14:01.931+0530] {logging_mixin.py:188} INFO - [2026-03-11T05:14:01.931+0530] {dag.py:3096} INFO - Sync 1 DAGs
[2026-03-11T05:14:01.937+0530] {logging_mixin.py:188} INFO - [2026-03-11T05:14:01.937+0530] {dag.py:3954} INFO - Setting next_dagrun for example_nested_branch_dag to 2026-03-09 00:00:00+00:00, run_after=2026-03-10 00:00:00+00:00
[2026-03-11T05:14:01.943+0530] {processor.py:183} INFO - Processing /Users/aswin/Documents/data-engineering-practice/ETL_Airflow_DBT/airflow/airflow_env/lib/python3.11/site-packages/airflow/example_dags/example_nested_branch_dag.py took 0.062 seconds
[2026-03-11T05:15:21.543+0530] {processor.py:161} INFO - Started process (PID=33780) to work on /Users/aswin/Documents/data-engineering-practice/ETL_Airflow_DBT/airflow/airflow_env/lib/python3.11/site-packages/airflow/example_dags/example_nested_branch_dag.py
[2026-03-11T05:15:21.544+0530] {processor.py:830} INFO - Processing file /Users/aswin/Documents/data-engineering-practice/ETL_Airflow_DBT/airflow/airflow_env/lib/python3.11/site-packages/airflow/example_dags/example_nested_branch_dag.py for tasks to queue
[2026-03-11T05:15:21.545+0530] {logging_mixin.py:188} INFO - [2026-03-11T05:15:21.544+0530] {dagbag.py:540} INFO - Filling up the DagBag from /Users/aswin/Documents/data-engineering-practice/ETL_Airflow_DBT/airflow/airflow_env/lib/python3.11/site-packages/airflow/example_dags/example_nested_branch_dag.py
[2026-03-11T05:15:21.561+0530] {processor.py:840} INFO - DAG(s) 'example_nested_branch_dag' retrieved from /Users/aswin/Documents/data-engineering-practice/ETL_Airflow_DBT/airflow/airflow_env/lib/python3.11/site-packages/airflow/example_dags/example_nested_branch_dag.py
[2026-03-11T05:15:21.591+0530] {logging_mixin.py:188} INFO - [2026-03-11T05:15:21.591+0530] {dag.py:3096} INFO - Sync 1 DAGs
[2026-03-11T05:15:21.596+0530] {logging_mixin.py:188} INFO - [2026-03-11T05:15:21.596+0530] {dag.py:3954} INFO - Setting next_dagrun for example_nested_branch_dag to 2026-03-09 00:00:00+00:00, run_after=2026-03-10 00:00:00+00:00
[2026-03-11T05:15:21.602+0530] {processor.py:183} INFO - Processing /Users/aswin/Documents/data-engineering-practice/ETL_Airflow_DBT/airflow/airflow_env/lib/python3.11/site-packages/airflow/example_dags/example_nested_branch_dag.py took 0.060 seconds
[2026-03-11T05:17:05.388+0530] {processor.py:161} INFO - Started process (PID=33860) to work on /Users/aswin/Documents/data-engineering-practice/ETL_Airflow_DBT/airflow/airflow_env/lib/python3.11/site-packages/airflow/example_dags/example_nested_branch_dag.py
[2026-03-11T05:17:05.389+0530] {processor.py:830} INFO - Processing file /Users/aswin/Documents/data-engineering-practice/ETL_Airflow_DBT/airflow/airflow_env/lib/python3.11/site-packages/airflow/example_dags/example_nested_branch_dag.py for tasks to queue
[2026-03-11T05:17:05.389+0530] {logging_mixin.py:188} INFO - [2026-03-11T05:17:05.389+0530] {dagbag.py:540} INFO - Filling up the DagBag from /Users/aswin/Documents/data-engineering-practice/ETL_Airflow_DBT/airflow/airflow_env/lib/python3.11/site-packages/airflow/example_dags/example_nested_branch_dag.py
[2026-03-11T05:17:05.404+0530] {processor.py:840} INFO - DAG(s) 'example_nested_branch_dag' retrieved from /Users/aswin/Documents/data-engineering-practice/ETL_Airflow_DBT/airflow/airflow_env/lib/python3.11/site-packages/airflow/example_dags/example_nested_branch_dag.py
[2026-03-11T05:17:05.436+0530] {logging_mixin.py:188} INFO - [2026-03-11T05:17:05.436+0530] {dag.py:3096} INFO - Sync 1 DAGs
[2026-03-11T05:17:05.441+0530] {logging_mixin.py:188} INFO - [2026-03-11T05:17:05.441+0530] {dag.py:3954} INFO - Setting next_dagrun for example_nested_branch_dag to 2026-03-09 00:00:00+00:00, run_after=2026-03-10 00:00:00+00:00
[2026-03-11T05:17:05.448+0530] {processor.py:183} INFO - Processing /Users/aswin/Documents/data-engineering-practice/ETL_Airflow_DBT/airflow/airflow_env/lib/python3.11/site-packages/airflow/example_dags/example_nested_branch_dag.py took 0.061 seconds
[2026-03-11T05:17:58.420+0530] {processor.py:161} INFO - Started process (PID=33907) to work on /Users/aswin/Documents/data-engineering-practice/ETL_Airflow_DBT/airflow/airflow_env/lib/python3.11/site-packages/airflow/example_dags/example_nested_branch_dag.py
[2026-03-11T05:17:58.421+0530] {processor.py:830} INFO - Processing file /Users/aswin/Documents/data-engineering-practice/ETL_Airflow_DBT/airflow/airflow_env/lib/python3.11/site-packages/airflow/example_dags/example_nested_branch_dag.py for tasks to queue
[2026-03-11T05:17:58.421+0530] {logging_mixin.py:188} INFO - [2026-03-11T05:17:58.421+0530] {dagbag.py:540} INFO - Filling up the DagBag from /Users/aswin/Documents/data-engineering-practice/ETL_Airflow_DBT/airflow/airflow_env/lib/python3.11/site-packages/airflow/example_dags/example_nested_branch_dag.py
[2026-03-11T05:17:58.435+0530] {processor.py:840} INFO - DAG(s) 'example_nested_branch_dag' retrieved from /Users/aswin/Documents/data-engineering-practice/ETL_Airflow_DBT/airflow/airflow_env/lib/python3.11/site-packages/airflow/example_dags/example_nested_branch_dag.py
[2026-03-11T05:17:58.464+0530] {logging_mixin.py:188} INFO - [2026-03-11T05:17:58.464+0530] {dag.py:3096} INFO - Sync 1 DAGs
[2026-03-11T05:17:58.469+0530] {logging_mixin.py:188} INFO - [2026-03-11T05:17:58.469+0530] {dag.py:3954} INFO - Setting next_dagrun for example_nested_branch_dag to 2026-03-09 00:00:00+00:00, run_after=2026-03-10 00:00:00+00:00
[2026-03-11T05:17:58.474+0530] {processor.py:183} INFO - Processing /Users/aswin/Documents/data-engineering-practice/ETL_Airflow_DBT/airflow/airflow_env/lib/python3.11/site-packages/airflow/example_dags/example_nested_branch_dag.py took 0.056 seconds
[2026-03-11T05:19:28.695+0530] {processor.py:161} INFO - Started process (PID=34001) to work on /Users/aswin/Documents/data-engineering-practice/ETL_Airflow_DBT/airflow/airflow_env/lib/python3.11/site-packages/airflow/example_dags/example_nested_branch_dag.py
[2026-03-11T05:19:28.695+0530] {processor.py:830} INFO - Processing file /Users/aswin/Documents/data-engineering-practice/ETL_Airflow_DBT/airflow/airflow_env/lib/python3.11/site-packages/airflow/example_dags/example_nested_branch_dag.py for tasks to queue
[2026-03-11T05:19:28.696+0530] {logging_mixin.py:188} INFO - [2026-03-11T05:19:28.696+0530] {dagbag.py:540} INFO - Filling up the DagBag from /Users/aswin/Documents/data-engineering-practice/ETL_Airflow_DBT/airflow/airflow_env/lib/python3.11/site-packages/airflow/example_dags/example_nested_branch_dag.py
[2026-03-11T05:19:28.711+0530] {processor.py:840} INFO - DAG(s) 'example_nested_branch_dag' retrieved from /Users/aswin/Documents/data-engineering-practice/ETL_Airflow_DBT/airflow/airflow_env/lib/python3.11/site-packages/airflow/example_dags/example_nested_branch_dag.py
[2026-03-11T05:19:28.740+0530] {logging_mixin.py:188} INFO - [2026-03-11T05:19:28.740+0530] {dag.py:3096} INFO - Sync 1 DAGs
[2026-03-11T05:19:28.746+0530] {logging_mixin.py:188} INFO - [2026-03-11T05:19:28.746+0530] {dag.py:3954} INFO - Setting next_dagrun for example_nested_branch_dag to 2026-03-09 00:00:00+00:00, run_after=2026-03-10 00:00:00+00:00
[2026-03-11T05:19:28.752+0530] {processor.py:183} INFO - Processing /Users/aswin/Documents/data-engineering-practice/ETL_Airflow_DBT/airflow/airflow_env/lib/python3.11/site-packages/airflow/example_dags/example_nested_branch_dag.py took 0.058 seconds
[2026-03-11T05:21:04.639+0530] {processor.py:161} INFO - Started process (PID=34159) to work on /Users/aswin/Documents/data-engineering-practice/ETL_Airflow_DBT/airflow/airflow_env/lib/python3.11/site-packages/airflow/example_dags/example_nested_branch_dag.py
[2026-03-11T05:21:04.639+0530] {processor.py:830} INFO - Processing file /Users/aswin/Documents/data-engineering-practice/ETL_Airflow_DBT/airflow/airflow_env/lib/python3.11/site-packages/airflow/example_dags/example_nested_branch_dag.py for tasks to queue
[2026-03-11T05:21:04.640+0530] {logging_mixin.py:188} INFO - [2026-03-11T05:21:04.639+0530] {dagbag.py:540} INFO - Filling up the DagBag from /Users/aswin/Documents/data-engineering-practice/ETL_Airflow_DBT/airflow/airflow_env/lib/python3.11/site-packages/airflow/example_dags/example_nested_branch_dag.py
[2026-03-11T05:21:04.655+0530] {processor.py:840} INFO - DAG(s) 'example_nested_branch_dag' retrieved from /Users/aswin/Documents/data-engineering-practice/ETL_Airflow_DBT/airflow/airflow_env/lib/python3.11/site-packages/airflow/example_dags/example_nested_branch_dag.py
[2026-03-11T05:21:04.685+0530] {logging_mixin.py:188} INFO - [2026-03-11T05:21:04.685+0530] {dag.py:3096} INFO - Sync 1 DAGs
[2026-03-11T05:21:04.690+0530] {logging_mixin.py:188} INFO - [2026-03-11T05:21:04.690+0530] {dag.py:3954} INFO - Setting next_dagrun for example_nested_branch_dag to 2026-03-09 00:00:00+00:00, run_after=2026-03-10 00:00:00+00:00
[2026-03-11T05:21:04.696+0530] {processor.py:183} INFO - Processing /Users/aswin/Documents/data-engineering-practice/ETL_Airflow_DBT/airflow/airflow_env/lib/python3.11/site-packages/airflow/example_dags/example_nested_branch_dag.py took 0.058 seconds
[2026-03-11T05:22:38.768+0530] {processor.py:161} INFO - Started process (PID=34320) to work on /Users/aswin/Documents/data-engineering-practice/ETL_Airflow_DBT/airflow/airflow_env/lib/python3.11/site-packages/airflow/example_dags/example_nested_branch_dag.py
[2026-03-11T05:22:38.769+0530] {processor.py:830} INFO - Processing file /Users/aswin/Documents/data-engineering-practice/ETL_Airflow_DBT/airflow/airflow_env/lib/python3.11/site-packages/airflow/example_dags/example_nested_branch_dag.py for tasks to queue
[2026-03-11T05:22:38.769+0530] {logging_mixin.py:188} INFO - [2026-03-11T05:22:38.769+0530] {dagbag.py:540} INFO - Filling up the DagBag from /Users/aswin/Documents/data-engineering-practice/ETL_Airflow_DBT/airflow/airflow_env/lib/python3.11/site-packages/airflow/example_dags/example_nested_branch_dag.py
[2026-03-11T05:22:38.783+0530] {processor.py:840} INFO - DAG(s) 'example_nested_branch_dag' retrieved from /Users/aswin/Documents/data-engineering-practice/ETL_Airflow_DBT/airflow/airflow_env/lib/python3.11/site-packages/airflow/example_dags/example_nested_branch_dag.py
[2026-03-11T05:22:38.812+0530] {logging_mixin.py:188} INFO - [2026-03-11T05:22:38.812+0530] {dag.py:3096} INFO - Sync 1 DAGs
[2026-03-11T05:22:38.817+0530] {logging_mixin.py:188} INFO - [2026-03-11T05:22:38.817+0530] {dag.py:3954} INFO - Setting next_dagrun for example_nested_branch_dag to 2026-03-09 00:00:00+00:00, run_after=2026-03-10 00:00:00+00:00
[2026-03-11T05:22:38.823+0530] {processor.py:183} INFO - Processing /Users/aswin/Documents/data-engineering-practice/ETL_Airflow_DBT/airflow/airflow_env/lib/python3.11/site-packages/airflow/example_dags/example_nested_branch_dag.py took 0.056 seconds
[2026-03-11T05:24:18.101+0530] {processor.py:161} INFO - Started process (PID=34510) to work on /Users/aswin/Documents/data-engineering-practice/ETL_Airflow_DBT/airflow/airflow_env/lib/python3.11/site-packages/airflow/example_dags/example_nested_branch_dag.py
[2026-03-11T05:24:18.102+0530] {processor.py:830} INFO - Processing file /Users/aswin/Documents/data-engineering-practice/ETL_Airflow_DBT/airflow/airflow_env/lib/python3.11/site-packages/airflow/example_dags/example_nested_branch_dag.py for tasks to queue
[2026-03-11T05:24:18.102+0530] {logging_mixin.py:188} INFO - [2026-03-11T05:24:18.102+0530] {dagbag.py:540} INFO - Filling up the DagBag from /Users/aswin/Documents/data-engineering-practice/ETL_Airflow_DBT/airflow/airflow_env/lib/python3.11/site-packages/airflow/example_dags/example_nested_branch_dag.py
[2026-03-11T05:24:18.118+0530] {processor.py:840} INFO - DAG(s) 'example_nested_branch_dag' retrieved from /Users/aswin/Documents/data-engineering-practice/ETL_Airflow_DBT/airflow/airflow_env/lib/python3.11/site-packages/airflow/example_dags/example_nested_branch_dag.py
[2026-03-11T05:24:18.146+0530] {logging_mixin.py:188} INFO - [2026-03-11T05:24:18.146+0530] {dag.py:3096} INFO - Sync 1 DAGs
[2026-03-11T05:24:18.151+0530] {logging_mixin.py:188} INFO - [2026-03-11T05:24:18.151+0530] {dag.py:3954} INFO - Setting next_dagrun for example_nested_branch_dag to 2026-03-09 00:00:00+00:00, run_after=2026-03-10 00:00:00+00:00
[2026-03-11T05:24:18.157+0530] {processor.py:183} INFO - Processing /Users/aswin/Documents/data-engineering-practice/ETL_Airflow_DBT/airflow/airflow_env/lib/python3.11/site-packages/airflow/example_dags/example_nested_branch_dag.py took 0.057 seconds
[2026-03-11T05:25:58.381+0530] {processor.py:161} INFO - Started process (PID=34672) to work on /Users/aswin/Documents/data-engineering-practice/ETL_Airflow_DBT/airflow/airflow_env/lib/python3.11/site-packages/airflow/example_dags/example_nested_branch_dag.py
[2026-03-11T05:25:58.382+0530] {processor.py:830} INFO - Processing file /Users/aswin/Documents/data-engineering-practice/ETL_Airflow_DBT/airflow/airflow_env/lib/python3.11/site-packages/airflow/example_dags/example_nested_branch_dag.py for tasks to queue
[2026-03-11T05:25:58.382+0530] {logging_mixin.py:188} INFO - [2026-03-11T05:25:58.382+0530] {dagbag.py:540} INFO - Filling up the DagBag from /Users/aswin/Documents/data-engineering-practice/ETL_Airflow_DBT/airflow/airflow_env/lib/python3.11/site-packages/airflow/example_dags/example_nested_branch_dag.py
[2026-03-11T05:25:58.397+0530] {processor.py:840} INFO - DAG(s) 'example_nested_branch_dag' retrieved from /Users/aswin/Documents/data-engineering-practice/ETL_Airflow_DBT/airflow/airflow_env/lib/python3.11/site-packages/airflow/example_dags/example_nested_branch_dag.py
[2026-03-11T05:25:58.426+0530] {logging_mixin.py:188} INFO - [2026-03-11T05:25:58.426+0530] {dag.py:3096} INFO - Sync 1 DAGs
[2026-03-11T05:25:58.431+0530] {logging_mixin.py:188} INFO - [2026-03-11T05:25:58.431+0530] {dag.py:3954} INFO - Setting next_dagrun for example_nested_branch_dag to 2026-03-09 00:00:00+00:00, run_after=2026-03-10 00:00:00+00:00
[2026-03-11T05:25:58.436+0530] {processor.py:183} INFO - Processing /Users/aswin/Documents/data-engineering-practice/ETL_Airflow_DBT/airflow/airflow_env/lib/python3.11/site-packages/airflow/example_dags/example_nested_branch_dag.py took 0.056 seconds
[2026-03-11T05:27:33.000+0530] {processor.py:161} INFO - Started process (PID=34826) to work on /Users/aswin/Documents/data-engineering-practice/ETL_Airflow_DBT/airflow/airflow_env/lib/python3.11/site-packages/airflow/example_dags/example_nested_branch_dag.py
[2026-03-11T05:27:33.002+0530] {processor.py:830} INFO - Processing file /Users/aswin/Documents/data-engineering-practice/ETL_Airflow_DBT/airflow/airflow_env/lib/python3.11/site-packages/airflow/example_dags/example_nested_branch_dag.py for tasks to queue
[2026-03-11T05:27:33.002+0530] {logging_mixin.py:188} INFO - [2026-03-11T05:27:33.002+0530] {dagbag.py:540} INFO - Filling up the DagBag from /Users/aswin/Documents/data-engineering-practice/ETL_Airflow_DBT/airflow/airflow_env/lib/python3.11/site-packages/airflow/example_dags/example_nested_branch_dag.py
[2026-03-11T05:27:33.020+0530] {processor.py:840} INFO - DAG(s) 'example_nested_branch_dag' retrieved from /Users/aswin/Documents/data-engineering-practice/ETL_Airflow_DBT/airflow/airflow_env/lib/python3.11/site-packages/airflow/example_dags/example_nested_branch_dag.py
[2026-03-11T05:27:33.050+0530] {logging_mixin.py:188} INFO - [2026-03-11T05:27:33.050+0530] {dag.py:3096} INFO - Sync 1 DAGs
[2026-03-11T05:27:33.056+0530] {logging_mixin.py:188} INFO - [2026-03-11T05:27:33.056+0530] {dag.py:3954} INFO - Setting next_dagrun for example_nested_branch_dag to 2026-03-09 00:00:00+00:00, run_after=2026-03-10 00:00:00+00:00
[2026-03-11T05:27:33.062+0530] {processor.py:183} INFO - Processing /Users/aswin/Documents/data-engineering-practice/ETL_Airflow_DBT/airflow/airflow_env/lib/python3.11/site-packages/airflow/example_dags/example_nested_branch_dag.py took 0.062 seconds
[2026-03-11T05:29:07.098+0530] {processor.py:161} INFO - Started process (PID=34983) to work on /Users/aswin/Documents/data-engineering-practice/ETL_Airflow_DBT/airflow/airflow_env/lib/python3.11/site-packages/airflow/example_dags/example_nested_branch_dag.py
[2026-03-11T05:29:07.099+0530] {processor.py:830} INFO - Processing file /Users/aswin/Documents/data-engineering-practice/ETL_Airflow_DBT/airflow/airflow_env/lib/python3.11/site-packages/airflow/example_dags/example_nested_branch_dag.py for tasks to queue
[2026-03-11T05:29:07.099+0530] {logging_mixin.py:188} INFO - [2026-03-11T05:29:07.099+0530] {dagbag.py:540} INFO - Filling up the DagBag from /Users/aswin/Documents/data-engineering-practice/ETL_Airflow_DBT/airflow/airflow_env/lib/python3.11/site-packages/airflow/example_dags/example_nested_branch_dag.py
[2026-03-11T05:29:07.115+0530] {processor.py:840} INFO - DAG(s) 'example_nested_branch_dag' retrieved from /Users/aswin/Documents/data-engineering-practice/ETL_Airflow_DBT/airflow/airflow_env/lib/python3.11/site-packages/airflow/example_dags/example_nested_branch_dag.py
[2026-03-11T05:29:07.145+0530] {logging_mixin.py:188} INFO - [2026-03-11T05:29:07.145+0530] {dag.py:3096} INFO - Sync 1 DAGs
[2026-03-11T05:29:07.150+0530] {logging_mixin.py:188} INFO - [2026-03-11T05:29:07.150+0530] {dag.py:3954} INFO - Setting next_dagrun for example_nested_branch_dag to 2026-03-09 00:00:00+00:00, run_after=2026-03-10 00:00:00+00:00
[2026-03-11T05:29:07.156+0530] {processor.py:183} INFO - Processing /Users/aswin/Documents/data-engineering-practice/ETL_Airflow_DBT/airflow/airflow_env/lib/python3.11/site-packages/airflow/example_dags/example_nested_branch_dag.py took 0.059 seconds
