[2026-03-10T06:01:59.556+0530] {processor.py:161} INFO - Started process (PID=22079) to work on /Users/aswin/Documents/data-engineering-practice/ETL_Airflow_DBT/airflow/airflow_env/lib/python3.11/site-packages/airflow/example_dags/example_setup_teardown_taskflow.py
[2026-03-10T06:01:59.557+0530] {processor.py:830} INFO - Processing file /Users/aswin/Documents/data-engineering-practice/ETL_Airflow_DBT/airflow/airflow_env/lib/python3.11/site-packages/airflow/example_dags/example_setup_teardown_taskflow.py for tasks to queue
[2026-03-10T06:01:59.557+0530] {logging_mixin.py:188} INFO - [2026-03-10T06:01:59.557+0530] {dagbag.py:540} INFO - Filling up the DagBag from /Users/aswin/Documents/data-engineering-practice/ETL_Airflow_DBT/airflow/airflow_env/lib/python3.11/site-packages/airflow/example_dags/example_setup_teardown_taskflow.py
[2026-03-10T06:01:59.573+0530] {processor.py:840} INFO - DAG(s) 'example_setup_teardown_taskflow' retrieved from /Users/aswin/Documents/data-engineering-practice/ETL_Airflow_DBT/airflow/airflow_env/lib/python3.11/site-packages/airflow/example_dags/example_setup_teardown_taskflow.py
[2026-03-10T06:01:59.603+0530] {logging_mixin.py:188} INFO - [2026-03-10T06:01:59.602+0530] {dag.py:3096} INFO - Sync 1 DAGs
[2026-03-10T06:01:59.607+0530] {logging_mixin.py:188} INFO - [2026-03-10T06:01:59.607+0530] {dag.py:3954} INFO - Setting next_dagrun for example_setup_teardown_taskflow to 2026-03-09 00:00:00+00:00, run_after=2026-03-10 00:00:00+00:00
[2026-03-10T06:01:59.613+0530] {processor.py:183} INFO - Processing /Users/aswin/Documents/data-engineering-practice/ETL_Airflow_DBT/airflow/airflow_env/lib/python3.11/site-packages/airflow/example_dags/example_setup_teardown_taskflow.py took 0.058 seconds
[2026-03-10T06:03:16.341+0530] {processor.py:161} INFO - Started process (PID=22139) to work on /Users/aswin/Documents/data-engineering-practice/ETL_Airflow_DBT/airflow/airflow_env/lib/python3.11/site-packages/airflow/example_dags/example_setup_teardown_taskflow.py
[2026-03-10T06:03:16.342+0530] {processor.py:830} INFO - Processing file /Users/aswin/Documents/data-engineering-practice/ETL_Airflow_DBT/airflow/airflow_env/lib/python3.11/site-packages/airflow/example_dags/example_setup_teardown_taskflow.py for tasks to queue
[2026-03-10T06:03:16.342+0530] {logging_mixin.py:188} INFO - [2026-03-10T06:03:16.342+0530] {dagbag.py:540} INFO - Filling up the DagBag from /Users/aswin/Documents/data-engineering-practice/ETL_Airflow_DBT/airflow/airflow_env/lib/python3.11/site-packages/airflow/example_dags/example_setup_teardown_taskflow.py
[2026-03-10T06:03:16.356+0530] {processor.py:840} INFO - DAG(s) 'example_setup_teardown_taskflow' retrieved from /Users/aswin/Documents/data-engineering-practice/ETL_Airflow_DBT/airflow/airflow_env/lib/python3.11/site-packages/airflow/example_dags/example_setup_teardown_taskflow.py
[2026-03-10T06:03:16.385+0530] {logging_mixin.py:188} INFO - [2026-03-10T06:03:16.385+0530] {dag.py:3096} INFO - Sync 1 DAGs
[2026-03-10T06:03:16.390+0530] {logging_mixin.py:188} INFO - [2026-03-10T06:03:16.390+0530] {dag.py:3954} INFO - Setting next_dagrun for example_setup_teardown_taskflow to 2026-03-09 00:00:00+00:00, run_after=2026-03-10 00:00:00+00:00
[2026-03-10T06:03:16.395+0530] {processor.py:183} INFO - Processing /Users/aswin/Documents/data-engineering-practice/ETL_Airflow_DBT/airflow/airflow_env/lib/python3.11/site-packages/airflow/example_dags/example_setup_teardown_taskflow.py took 0.055 seconds
[2026-03-10T06:04:50.368+0530] {processor.py:161} INFO - Started process (PID=22220) to work on /Users/aswin/Documents/data-engineering-practice/ETL_Airflow_DBT/airflow/airflow_env/lib/python3.11/site-packages/airflow/example_dags/example_setup_teardown_taskflow.py
[2026-03-10T06:04:50.369+0530] {processor.py:830} INFO - Processing file /Users/aswin/Documents/data-engineering-practice/ETL_Airflow_DBT/airflow/airflow_env/lib/python3.11/site-packages/airflow/example_dags/example_setup_teardown_taskflow.py for tasks to queue
[2026-03-10T06:04:50.369+0530] {logging_mixin.py:188} INFO - [2026-03-10T06:04:50.369+0530] {dagbag.py:540} INFO - Filling up the DagBag from /Users/aswin/Documents/data-engineering-practice/ETL_Airflow_DBT/airflow/airflow_env/lib/python3.11/site-packages/airflow/example_dags/example_setup_teardown_taskflow.py
[2026-03-10T06:04:50.383+0530] {processor.py:840} INFO - DAG(s) 'example_setup_teardown_taskflow' retrieved from /Users/aswin/Documents/data-engineering-practice/ETL_Airflow_DBT/airflow/airflow_env/lib/python3.11/site-packages/airflow/example_dags/example_setup_teardown_taskflow.py
[2026-03-10T06:04:50.412+0530] {logging_mixin.py:188} INFO - [2026-03-10T06:04:50.412+0530] {dag.py:3096} INFO - Sync 1 DAGs
[2026-03-10T06:04:50.417+0530] {logging_mixin.py:188} INFO - [2026-03-10T06:04:50.417+0530] {dag.py:3954} INFO - Setting next_dagrun for example_setup_teardown_taskflow to 2026-03-09 00:00:00+00:00, run_after=2026-03-10 00:00:00+00:00
[2026-03-10T06:04:50.422+0530] {processor.py:183} INFO - Processing /Users/aswin/Documents/data-engineering-practice/ETL_Airflow_DBT/airflow/airflow_env/lib/python3.11/site-packages/airflow/example_dags/example_setup_teardown_taskflow.py took 0.055 seconds
[2026-03-10T06:06:22.161+0530] {processor.py:161} INFO - Started process (PID=22301) to work on /Users/aswin/Documents/data-engineering-practice/ETL_Airflow_DBT/airflow/airflow_env/lib/python3.11/site-packages/airflow/example_dags/example_setup_teardown_taskflow.py
[2026-03-10T06:06:22.162+0530] {processor.py:830} INFO - Processing file /Users/aswin/Documents/data-engineering-practice/ETL_Airflow_DBT/airflow/airflow_env/lib/python3.11/site-packages/airflow/example_dags/example_setup_teardown_taskflow.py for tasks to queue
[2026-03-10T06:06:22.162+0530] {logging_mixin.py:188} INFO - [2026-03-10T06:06:22.162+0530] {dagbag.py:540} INFO - Filling up the DagBag from /Users/aswin/Documents/data-engineering-practice/ETL_Airflow_DBT/airflow/airflow_env/lib/python3.11/site-packages/airflow/example_dags/example_setup_teardown_taskflow.py
[2026-03-10T06:06:22.176+0530] {processor.py:840} INFO - DAG(s) 'example_setup_teardown_taskflow' retrieved from /Users/aswin/Documents/data-engineering-practice/ETL_Airflow_DBT/airflow/airflow_env/lib/python3.11/site-packages/airflow/example_dags/example_setup_teardown_taskflow.py
[2026-03-10T06:06:22.206+0530] {logging_mixin.py:188} INFO - [2026-03-10T06:06:22.206+0530] {dag.py:3096} INFO - Sync 1 DAGs
[2026-03-10T06:06:22.211+0530] {logging_mixin.py:188} INFO - [2026-03-10T06:06:22.211+0530] {dag.py:3954} INFO - Setting next_dagrun for example_setup_teardown_taskflow to 2026-03-09 00:00:00+00:00, run_after=2026-03-10 00:00:00+00:00
[2026-03-10T06:06:22.217+0530] {processor.py:183} INFO - Processing /Users/aswin/Documents/data-engineering-practice/ETL_Airflow_DBT/airflow/airflow_env/lib/python3.11/site-packages/airflow/example_dags/example_setup_teardown_taskflow.py took 0.057 seconds
[2026-03-10T06:07:57.627+0530] {processor.py:161} INFO - Started process (PID=22398) to work on /Users/aswin/Documents/data-engineering-practice/ETL_Airflow_DBT/airflow/airflow_env/lib/python3.11/site-packages/airflow/example_dags/example_setup_teardown_taskflow.py
[2026-03-10T06:07:57.628+0530] {processor.py:830} INFO - Processing file /Users/aswin/Documents/data-engineering-practice/ETL_Airflow_DBT/airflow/airflow_env/lib/python3.11/site-packages/airflow/example_dags/example_setup_teardown_taskflow.py for tasks to queue
[2026-03-10T06:07:57.628+0530] {logging_mixin.py:188} INFO - [2026-03-10T06:07:57.628+0530] {dagbag.py:540} INFO - Filling up the DagBag from /Users/aswin/Documents/data-engineering-practice/ETL_Airflow_DBT/airflow/airflow_env/lib/python3.11/site-packages/airflow/example_dags/example_setup_teardown_taskflow.py
[2026-03-10T06:07:57.642+0530] {processor.py:840} INFO - DAG(s) 'example_setup_teardown_taskflow' retrieved from /Users/aswin/Documents/data-engineering-practice/ETL_Airflow_DBT/airflow/airflow_env/lib/python3.11/site-packages/airflow/example_dags/example_setup_teardown_taskflow.py
[2026-03-10T06:07:57.675+0530] {logging_mixin.py:188} INFO - [2026-03-10T06:07:57.675+0530] {dag.py:3096} INFO - Sync 1 DAGs
[2026-03-10T06:07:57.680+0530] {logging_mixin.py:188} INFO - [2026-03-10T06:07:57.680+0530] {dag.py:3954} INFO - Setting next_dagrun for example_setup_teardown_taskflow to 2026-03-09 00:00:00+00:00, run_after=2026-03-10 00:00:00+00:00
[2026-03-10T06:07:57.686+0530] {processor.py:183} INFO - Processing /Users/aswin/Documents/data-engineering-practice/ETL_Airflow_DBT/airflow/airflow_env/lib/python3.11/site-packages/airflow/example_dags/example_setup_teardown_taskflow.py took 0.060 seconds
[2026-03-10T06:09:32.735+0530] {processor.py:161} INFO - Started process (PID=22496) to work on /Users/aswin/Documents/data-engineering-practice/ETL_Airflow_DBT/airflow/airflow_env/lib/python3.11/site-packages/airflow/example_dags/example_setup_teardown_taskflow.py
[2026-03-10T06:09:32.736+0530] {processor.py:830} INFO - Processing file /Users/aswin/Documents/data-engineering-practice/ETL_Airflow_DBT/airflow/airflow_env/lib/python3.11/site-packages/airflow/example_dags/example_setup_teardown_taskflow.py for tasks to queue
[2026-03-10T06:09:32.736+0530] {logging_mixin.py:188} INFO - [2026-03-10T06:09:32.736+0530] {dagbag.py:540} INFO - Filling up the DagBag from /Users/aswin/Documents/data-engineering-practice/ETL_Airflow_DBT/airflow/airflow_env/lib/python3.11/site-packages/airflow/example_dags/example_setup_teardown_taskflow.py
[2026-03-10T06:09:32.753+0530] {processor.py:840} INFO - DAG(s) 'example_setup_teardown_taskflow' retrieved from /Users/aswin/Documents/data-engineering-practice/ETL_Airflow_DBT/airflow/airflow_env/lib/python3.11/site-packages/airflow/example_dags/example_setup_teardown_taskflow.py
[2026-03-10T06:09:32.784+0530] {logging_mixin.py:188} INFO - [2026-03-10T06:09:32.784+0530] {dag.py:3096} INFO - Sync 1 DAGs
[2026-03-10T06:09:32.790+0530] {logging_mixin.py:188} INFO - [2026-03-10T06:09:32.790+0530] {dag.py:3954} INFO - Setting next_dagrun for example_setup_teardown_taskflow to 2026-03-09 00:00:00+00:00, run_after=2026-03-10 00:00:00+00:00
[2026-03-10T06:09:32.795+0530] {processor.py:183} INFO - Processing /Users/aswin/Documents/data-engineering-practice/ETL_Airflow_DBT/airflow/airflow_env/lib/python3.11/site-packages/airflow/example_dags/example_setup_teardown_taskflow.py took 0.062 seconds
[2026-03-10T06:11:08.955+0530] {processor.py:161} INFO - Started process (PID=22572) to work on /Users/aswin/Documents/data-engineering-practice/ETL_Airflow_DBT/airflow/airflow_env/lib/python3.11/site-packages/airflow/example_dags/example_setup_teardown_taskflow.py
[2026-03-10T06:11:08.956+0530] {processor.py:830} INFO - Processing file /Users/aswin/Documents/data-engineering-practice/ETL_Airflow_DBT/airflow/airflow_env/lib/python3.11/site-packages/airflow/example_dags/example_setup_teardown_taskflow.py for tasks to queue
[2026-03-10T06:11:08.956+0530] {logging_mixin.py:188} INFO - [2026-03-10T06:11:08.956+0530] {dagbag.py:540} INFO - Filling up the DagBag from /Users/aswin/Documents/data-engineering-practice/ETL_Airflow_DBT/airflow/airflow_env/lib/python3.11/site-packages/airflow/example_dags/example_setup_teardown_taskflow.py
[2026-03-10T06:11:08.970+0530] {processor.py:840} INFO - DAG(s) 'example_setup_teardown_taskflow' retrieved from /Users/aswin/Documents/data-engineering-practice/ETL_Airflow_DBT/airflow/airflow_env/lib/python3.11/site-packages/airflow/example_dags/example_setup_teardown_taskflow.py
[2026-03-10T06:11:09.000+0530] {logging_mixin.py:188} INFO - [2026-03-10T06:11:09.000+0530] {dag.py:3096} INFO - Sync 1 DAGs
[2026-03-10T06:11:09.005+0530] {logging_mixin.py:188} INFO - [2026-03-10T06:11:09.004+0530] {dag.py:3954} INFO - Setting next_dagrun for example_setup_teardown_taskflow to 2026-03-09 00:00:00+00:00, run_after=2026-03-10 00:00:00+00:00
[2026-03-10T06:11:09.010+0530] {processor.py:183} INFO - Processing /Users/aswin/Documents/data-engineering-practice/ETL_Airflow_DBT/airflow/airflow_env/lib/python3.11/site-packages/airflow/example_dags/example_setup_teardown_taskflow.py took 0.056 seconds
[2026-03-10T06:12:45.624+0530] {processor.py:161} INFO - Started process (PID=22647) to work on /Users/aswin/Documents/data-engineering-practice/ETL_Airflow_DBT/airflow/airflow_env/lib/python3.11/site-packages/airflow/example_dags/example_setup_teardown_taskflow.py
[2026-03-10T06:12:45.625+0530] {processor.py:830} INFO - Processing file /Users/aswin/Documents/data-engineering-practice/ETL_Airflow_DBT/airflow/airflow_env/lib/python3.11/site-packages/airflow/example_dags/example_setup_teardown_taskflow.py for tasks to queue
[2026-03-10T06:12:45.625+0530] {logging_mixin.py:188} INFO - [2026-03-10T06:12:45.625+0530] {dagbag.py:540} INFO - Filling up the DagBag from /Users/aswin/Documents/data-engineering-practice/ETL_Airflow_DBT/airflow/airflow_env/lib/python3.11/site-packages/airflow/example_dags/example_setup_teardown_taskflow.py
[2026-03-10T06:12:45.641+0530] {processor.py:840} INFO - DAG(s) 'example_setup_teardown_taskflow' retrieved from /Users/aswin/Documents/data-engineering-practice/ETL_Airflow_DBT/airflow/airflow_env/lib/python3.11/site-packages/airflow/example_dags/example_setup_teardown_taskflow.py
[2026-03-10T06:12:45.671+0530] {logging_mixin.py:188} INFO - [2026-03-10T06:12:45.671+0530] {dag.py:3096} INFO - Sync 1 DAGs
[2026-03-10T06:12:45.676+0530] {logging_mixin.py:188} INFO - [2026-03-10T06:12:45.676+0530] {dag.py:3954} INFO - Setting next_dagrun for example_setup_teardown_taskflow to 2026-03-09 00:00:00+00:00, run_after=2026-03-10 00:00:00+00:00
[2026-03-10T06:12:45.682+0530] {processor.py:183} INFO - Processing /Users/aswin/Documents/data-engineering-practice/ETL_Airflow_DBT/airflow/airflow_env/lib/python3.11/site-packages/airflow/example_dags/example_setup_teardown_taskflow.py took 0.059 seconds
[2026-03-10T06:14:15.481+0530] {processor.py:161} INFO - Started process (PID=22717) to work on /Users/aswin/Documents/data-engineering-practice/ETL_Airflow_DBT/airflow/airflow_env/lib/python3.11/site-packages/airflow/example_dags/example_setup_teardown_taskflow.py
[2026-03-10T06:14:15.482+0530] {processor.py:830} INFO - Processing file /Users/aswin/Documents/data-engineering-practice/ETL_Airflow_DBT/airflow/airflow_env/lib/python3.11/site-packages/airflow/example_dags/example_setup_teardown_taskflow.py for tasks to queue
[2026-03-10T06:14:15.483+0530] {logging_mixin.py:188} INFO - [2026-03-10T06:14:15.482+0530] {dagbag.py:540} INFO - Filling up the DagBag from /Users/aswin/Documents/data-engineering-practice/ETL_Airflow_DBT/airflow/airflow_env/lib/python3.11/site-packages/airflow/example_dags/example_setup_teardown_taskflow.py
[2026-03-10T06:14:15.496+0530] {processor.py:840} INFO - DAG(s) 'example_setup_teardown_taskflow' retrieved from /Users/aswin/Documents/data-engineering-practice/ETL_Airflow_DBT/airflow/airflow_env/lib/python3.11/site-packages/airflow/example_dags/example_setup_teardown_taskflow.py
[2026-03-10T06:14:15.525+0530] {logging_mixin.py:188} INFO - [2026-03-10T06:14:15.525+0530] {dag.py:3096} INFO - Sync 1 DAGs
[2026-03-10T06:14:15.530+0530] {logging_mixin.py:188} INFO - [2026-03-10T06:14:15.530+0530] {dag.py:3954} INFO - Setting next_dagrun for example_setup_teardown_taskflow to 2026-03-09 00:00:00+00:00, run_after=2026-03-10 00:00:00+00:00
[2026-03-10T06:14:15.536+0530] {processor.py:183} INFO - Processing /Users/aswin/Documents/data-engineering-practice/ETL_Airflow_DBT/airflow/airflow_env/lib/python3.11/site-packages/airflow/example_dags/example_setup_teardown_taskflow.py took 0.055 seconds
[2026-03-10T06:15:52.825+0530] {processor.py:161} INFO - Started process (PID=22861) to work on /Users/aswin/Documents/data-engineering-practice/ETL_Airflow_DBT/airflow/airflow_env/lib/python3.11/site-packages/airflow/example_dags/example_setup_teardown_taskflow.py
[2026-03-10T06:15:52.826+0530] {processor.py:830} INFO - Processing file /Users/aswin/Documents/data-engineering-practice/ETL_Airflow_DBT/airflow/airflow_env/lib/python3.11/site-packages/airflow/example_dags/example_setup_teardown_taskflow.py for tasks to queue
[2026-03-10T06:15:52.826+0530] {logging_mixin.py:188} INFO - [2026-03-10T06:15:52.826+0530] {dagbag.py:540} INFO - Filling up the DagBag from /Users/aswin/Documents/data-engineering-practice/ETL_Airflow_DBT/airflow/airflow_env/lib/python3.11/site-packages/airflow/example_dags/example_setup_teardown_taskflow.py
[2026-03-10T06:15:52.840+0530] {processor.py:840} INFO - DAG(s) 'example_setup_teardown_taskflow' retrieved from /Users/aswin/Documents/data-engineering-practice/ETL_Airflow_DBT/airflow/airflow_env/lib/python3.11/site-packages/airflow/example_dags/example_setup_teardown_taskflow.py
[2026-03-10T06:15:52.869+0530] {logging_mixin.py:188} INFO - [2026-03-10T06:15:52.869+0530] {dag.py:3096} INFO - Sync 1 DAGs
[2026-03-10T06:15:52.874+0530] {logging_mixin.py:188} INFO - [2026-03-10T06:15:52.874+0530] {dag.py:3954} INFO - Setting next_dagrun for example_setup_teardown_taskflow to 2026-03-09 00:00:00+00:00, run_after=2026-03-10 00:00:00+00:00
[2026-03-10T06:15:52.880+0530] {processor.py:183} INFO - Processing /Users/aswin/Documents/data-engineering-practice/ETL_Airflow_DBT/airflow/airflow_env/lib/python3.11/site-packages/airflow/example_dags/example_setup_teardown_taskflow.py took 0.056 seconds
[2026-03-10T06:17:25.687+0530] {processor.py:161} INFO - Started process (PID=22939) to work on /Users/aswin/Documents/data-engineering-practice/ETL_Airflow_DBT/airflow/airflow_env/lib/python3.11/site-packages/airflow/example_dags/example_setup_teardown_taskflow.py
[2026-03-10T06:17:25.688+0530] {processor.py:830} INFO - Processing file /Users/aswin/Documents/data-engineering-practice/ETL_Airflow_DBT/airflow/airflow_env/lib/python3.11/site-packages/airflow/example_dags/example_setup_teardown_taskflow.py for tasks to queue
[2026-03-10T06:17:25.688+0530] {logging_mixin.py:188} INFO - [2026-03-10T06:17:25.688+0530] {dagbag.py:540} INFO - Filling up the DagBag from /Users/aswin/Documents/data-engineering-practice/ETL_Airflow_DBT/airflow/airflow_env/lib/python3.11/site-packages/airflow/example_dags/example_setup_teardown_taskflow.py
[2026-03-10T06:17:25.702+0530] {processor.py:840} INFO - DAG(s) 'example_setup_teardown_taskflow' retrieved from /Users/aswin/Documents/data-engineering-practice/ETL_Airflow_DBT/airflow/airflow_env/lib/python3.11/site-packages/airflow/example_dags/example_setup_teardown_taskflow.py
[2026-03-10T06:17:25.731+0530] {logging_mixin.py:188} INFO - [2026-03-10T06:17:25.731+0530] {dag.py:3096} INFO - Sync 1 DAGs
[2026-03-10T06:17:25.736+0530] {logging_mixin.py:188} INFO - [2026-03-10T06:17:25.736+0530] {dag.py:3954} INFO - Setting next_dagrun for example_setup_teardown_taskflow to 2026-03-09 00:00:00+00:00, run_after=2026-03-10 00:00:00+00:00
[2026-03-10T06:17:25.741+0530] {processor.py:183} INFO - Processing /Users/aswin/Documents/data-engineering-practice/ETL_Airflow_DBT/airflow/airflow_env/lib/python3.11/site-packages/airflow/example_dags/example_setup_teardown_taskflow.py took 0.055 seconds
[2026-03-10T06:18:56.926+0530] {processor.py:161} INFO - Started process (PID=23009) to work on /Users/aswin/Documents/data-engineering-practice/ETL_Airflow_DBT/airflow/airflow_env/lib/python3.11/site-packages/airflow/example_dags/example_setup_teardown_taskflow.py
[2026-03-10T06:18:56.927+0530] {processor.py:830} INFO - Processing file /Users/aswin/Documents/data-engineering-practice/ETL_Airflow_DBT/airflow/airflow_env/lib/python3.11/site-packages/airflow/example_dags/example_setup_teardown_taskflow.py for tasks to queue
[2026-03-10T06:18:56.928+0530] {logging_mixin.py:188} INFO - [2026-03-10T06:18:56.928+0530] {dagbag.py:540} INFO - Filling up the DagBag from /Users/aswin/Documents/data-engineering-practice/ETL_Airflow_DBT/airflow/airflow_env/lib/python3.11/site-packages/airflow/example_dags/example_setup_teardown_taskflow.py
[2026-03-10T06:18:56.941+0530] {processor.py:840} INFO - DAG(s) 'example_setup_teardown_taskflow' retrieved from /Users/aswin/Documents/data-engineering-practice/ETL_Airflow_DBT/airflow/airflow_env/lib/python3.11/site-packages/airflow/example_dags/example_setup_teardown_taskflow.py
[2026-03-10T06:18:56.970+0530] {logging_mixin.py:188} INFO - [2026-03-10T06:18:56.970+0530] {dag.py:3096} INFO - Sync 1 DAGs
[2026-03-10T06:18:56.975+0530] {logging_mixin.py:188} INFO - [2026-03-10T06:18:56.975+0530] {dag.py:3954} INFO - Setting next_dagrun for example_setup_teardown_taskflow to 2026-03-09 00:00:00+00:00, run_after=2026-03-10 00:00:00+00:00
[2026-03-10T06:18:56.981+0530] {processor.py:183} INFO - Processing /Users/aswin/Documents/data-engineering-practice/ETL_Airflow_DBT/airflow/airflow_env/lib/python3.11/site-packages/airflow/example_dags/example_setup_teardown_taskflow.py took 0.055 seconds
[2026-03-10T06:20:34.234+0530] {processor.py:161} INFO - Started process (PID=23089) to work on /Users/aswin/Documents/data-engineering-practice/ETL_Airflow_DBT/airflow/airflow_env/lib/python3.11/site-packages/airflow/example_dags/example_setup_teardown_taskflow.py
[2026-03-10T06:20:34.234+0530] {processor.py:830} INFO - Processing file /Users/aswin/Documents/data-engineering-practice/ETL_Airflow_DBT/airflow/airflow_env/lib/python3.11/site-packages/airflow/example_dags/example_setup_teardown_taskflow.py for tasks to queue
[2026-03-10T06:20:34.235+0530] {logging_mixin.py:188} INFO - [2026-03-10T06:20:34.234+0530] {dagbag.py:540} INFO - Filling up the DagBag from /Users/aswin/Documents/data-engineering-practice/ETL_Airflow_DBT/airflow/airflow_env/lib/python3.11/site-packages/airflow/example_dags/example_setup_teardown_taskflow.py
[2026-03-10T06:20:34.249+0530] {processor.py:840} INFO - DAG(s) 'example_setup_teardown_taskflow' retrieved from /Users/aswin/Documents/data-engineering-practice/ETL_Airflow_DBT/airflow/airflow_env/lib/python3.11/site-packages/airflow/example_dags/example_setup_teardown_taskflow.py
[2026-03-10T06:20:34.278+0530] {logging_mixin.py:188} INFO - [2026-03-10T06:20:34.278+0530] {dag.py:3096} INFO - Sync 1 DAGs
[2026-03-10T06:20:34.283+0530] {logging_mixin.py:188} INFO - [2026-03-10T06:20:34.283+0530] {dag.py:3954} INFO - Setting next_dagrun for example_setup_teardown_taskflow to 2026-03-09 00:00:00+00:00, run_after=2026-03-10 00:00:00+00:00
[2026-03-10T06:20:34.289+0530] {processor.py:183} INFO - Processing /Users/aswin/Documents/data-engineering-practice/ETL_Airflow_DBT/airflow/airflow_env/lib/python3.11/site-packages/airflow/example_dags/example_setup_teardown_taskflow.py took 0.056 seconds
[2026-03-10T06:22:11.241+0530] {processor.py:161} INFO - Started process (PID=23172) to work on /Users/aswin/Documents/data-engineering-practice/ETL_Airflow_DBT/airflow/airflow_env/lib/python3.11/site-packages/airflow/example_dags/example_setup_teardown_taskflow.py
[2026-03-10T06:22:11.241+0530] {processor.py:830} INFO - Processing file /Users/aswin/Documents/data-engineering-practice/ETL_Airflow_DBT/airflow/airflow_env/lib/python3.11/site-packages/airflow/example_dags/example_setup_teardown_taskflow.py for tasks to queue
[2026-03-10T06:22:11.242+0530] {logging_mixin.py:188} INFO - [2026-03-10T06:22:11.241+0530] {dagbag.py:540} INFO - Filling up the DagBag from /Users/aswin/Documents/data-engineering-practice/ETL_Airflow_DBT/airflow/airflow_env/lib/python3.11/site-packages/airflow/example_dags/example_setup_teardown_taskflow.py
[2026-03-10T06:22:11.256+0530] {processor.py:840} INFO - DAG(s) 'example_setup_teardown_taskflow' retrieved from /Users/aswin/Documents/data-engineering-practice/ETL_Airflow_DBT/airflow/airflow_env/lib/python3.11/site-packages/airflow/example_dags/example_setup_teardown_taskflow.py
[2026-03-10T06:22:11.285+0530] {logging_mixin.py:188} INFO - [2026-03-10T06:22:11.285+0530] {dag.py:3096} INFO - Sync 1 DAGs
[2026-03-10T06:22:11.290+0530] {logging_mixin.py:188} INFO - [2026-03-10T06:22:11.290+0530] {dag.py:3954} INFO - Setting next_dagrun for example_setup_teardown_taskflow to 2026-03-09 00:00:00+00:00, run_after=2026-03-10 00:00:00+00:00
[2026-03-10T06:22:11.295+0530] {processor.py:183} INFO - Processing /Users/aswin/Documents/data-engineering-practice/ETL_Airflow_DBT/airflow/airflow_env/lib/python3.11/site-packages/airflow/example_dags/example_setup_teardown_taskflow.py took 0.055 seconds
[2026-03-10T06:23:40.541+0530] {processor.py:161} INFO - Started process (PID=23242) to work on /Users/aswin/Documents/data-engineering-practice/ETL_Airflow_DBT/airflow/airflow_env/lib/python3.11/site-packages/airflow/example_dags/example_setup_teardown_taskflow.py
[2026-03-10T06:23:40.542+0530] {processor.py:830} INFO - Processing file /Users/aswin/Documents/data-engineering-practice/ETL_Airflow_DBT/airflow/airflow_env/lib/python3.11/site-packages/airflow/example_dags/example_setup_teardown_taskflow.py for tasks to queue
[2026-03-10T06:23:40.542+0530] {logging_mixin.py:188} INFO - [2026-03-10T06:23:40.542+0530] {dagbag.py:540} INFO - Filling up the DagBag from /Users/aswin/Documents/data-engineering-practice/ETL_Airflow_DBT/airflow/airflow_env/lib/python3.11/site-packages/airflow/example_dags/example_setup_teardown_taskflow.py
[2026-03-10T06:23:40.556+0530] {processor.py:840} INFO - DAG(s) 'example_setup_teardown_taskflow' retrieved from /Users/aswin/Documents/data-engineering-practice/ETL_Airflow_DBT/airflow/airflow_env/lib/python3.11/site-packages/airflow/example_dags/example_setup_teardown_taskflow.py
[2026-03-10T06:23:40.585+0530] {logging_mixin.py:188} INFO - [2026-03-10T06:23:40.585+0530] {dag.py:3096} INFO - Sync 1 DAGs
[2026-03-10T06:23:40.590+0530] {logging_mixin.py:188} INFO - [2026-03-10T06:23:40.590+0530] {dag.py:3954} INFO - Setting next_dagrun for example_setup_teardown_taskflow to 2026-03-09 00:00:00+00:00, run_after=2026-03-10 00:00:00+00:00
[2026-03-10T06:23:40.596+0530] {processor.py:183} INFO - Processing /Users/aswin/Documents/data-engineering-practice/ETL_Airflow_DBT/airflow/airflow_env/lib/python3.11/site-packages/airflow/example_dags/example_setup_teardown_taskflow.py took 0.055 seconds
[2026-03-10T06:25:11.172+0530] {processor.py:161} INFO - Started process (PID=23313) to work on /Users/aswin/Documents/data-engineering-practice/ETL_Airflow_DBT/airflow/airflow_env/lib/python3.11/site-packages/airflow/example_dags/example_setup_teardown_taskflow.py
[2026-03-10T06:25:11.172+0530] {processor.py:830} INFO - Processing file /Users/aswin/Documents/data-engineering-practice/ETL_Airflow_DBT/airflow/airflow_env/lib/python3.11/site-packages/airflow/example_dags/example_setup_teardown_taskflow.py for tasks to queue
[2026-03-10T06:25:11.173+0530] {logging_mixin.py:188} INFO - [2026-03-10T06:25:11.173+0530] {dagbag.py:540} INFO - Filling up the DagBag from /Users/aswin/Documents/data-engineering-practice/ETL_Airflow_DBT/airflow/airflow_env/lib/python3.11/site-packages/airflow/example_dags/example_setup_teardown_taskflow.py
[2026-03-10T06:25:11.186+0530] {processor.py:840} INFO - DAG(s) 'example_setup_teardown_taskflow' retrieved from /Users/aswin/Documents/data-engineering-practice/ETL_Airflow_DBT/airflow/airflow_env/lib/python3.11/site-packages/airflow/example_dags/example_setup_teardown_taskflow.py
[2026-03-10T06:25:11.216+0530] {logging_mixin.py:188} INFO - [2026-03-10T06:25:11.216+0530] {dag.py:3096} INFO - Sync 1 DAGs
[2026-03-10T06:25:11.221+0530] {logging_mixin.py:188} INFO - [2026-03-10T06:25:11.221+0530] {dag.py:3954} INFO - Setting next_dagrun for example_setup_teardown_taskflow to 2026-03-09 00:00:00+00:00, run_after=2026-03-10 00:00:00+00:00
[2026-03-10T06:25:11.226+0530] {processor.py:183} INFO - Processing /Users/aswin/Documents/data-engineering-practice/ETL_Airflow_DBT/airflow/airflow_env/lib/python3.11/site-packages/airflow/example_dags/example_setup_teardown_taskflow.py took 0.055 seconds
[2026-03-10T06:26:45.120+0530] {processor.py:161} INFO - Started process (PID=23385) to work on /Users/aswin/Documents/data-engineering-practice/ETL_Airflow_DBT/airflow/airflow_env/lib/python3.11/site-packages/airflow/example_dags/example_setup_teardown_taskflow.py
[2026-03-10T06:26:45.121+0530] {processor.py:830} INFO - Processing file /Users/aswin/Documents/data-engineering-practice/ETL_Airflow_DBT/airflow/airflow_env/lib/python3.11/site-packages/airflow/example_dags/example_setup_teardown_taskflow.py for tasks to queue
[2026-03-10T06:26:45.121+0530] {logging_mixin.py:188} INFO - [2026-03-10T06:26:45.121+0530] {dagbag.py:540} INFO - Filling up the DagBag from /Users/aswin/Documents/data-engineering-practice/ETL_Airflow_DBT/airflow/airflow_env/lib/python3.11/site-packages/airflow/example_dags/example_setup_teardown_taskflow.py
[2026-03-10T06:26:45.136+0530] {processor.py:840} INFO - DAG(s) 'example_setup_teardown_taskflow' retrieved from /Users/aswin/Documents/data-engineering-practice/ETL_Airflow_DBT/airflow/airflow_env/lib/python3.11/site-packages/airflow/example_dags/example_setup_teardown_taskflow.py
[2026-03-10T06:26:45.165+0530] {logging_mixin.py:188} INFO - [2026-03-10T06:26:45.165+0530] {dag.py:3096} INFO - Sync 1 DAGs
[2026-03-10T06:26:45.170+0530] {logging_mixin.py:188} INFO - [2026-03-10T06:26:45.170+0530] {dag.py:3954} INFO - Setting next_dagrun for example_setup_teardown_taskflow to 2026-03-09 00:00:00+00:00, run_after=2026-03-10 00:00:00+00:00
[2026-03-10T06:26:45.176+0530] {processor.py:183} INFO - Processing /Users/aswin/Documents/data-engineering-practice/ETL_Airflow_DBT/airflow/airflow_env/lib/python3.11/site-packages/airflow/example_dags/example_setup_teardown_taskflow.py took 0.056 seconds
[2026-03-10T06:28:17.958+0530] {processor.py:161} INFO - Started process (PID=23481) to work on /Users/aswin/Documents/data-engineering-practice/ETL_Airflow_DBT/airflow/airflow_env/lib/python3.11/site-packages/airflow/example_dags/example_setup_teardown_taskflow.py
[2026-03-10T06:28:17.959+0530] {processor.py:830} INFO - Processing file /Users/aswin/Documents/data-engineering-practice/ETL_Airflow_DBT/airflow/airflow_env/lib/python3.11/site-packages/airflow/example_dags/example_setup_teardown_taskflow.py for tasks to queue
[2026-03-10T06:28:17.959+0530] {logging_mixin.py:188} INFO - [2026-03-10T06:28:17.959+0530] {dagbag.py:540} INFO - Filling up the DagBag from /Users/aswin/Documents/data-engineering-practice/ETL_Airflow_DBT/airflow/airflow_env/lib/python3.11/site-packages/airflow/example_dags/example_setup_teardown_taskflow.py
[2026-03-10T06:28:17.973+0530] {processor.py:840} INFO - DAG(s) 'example_setup_teardown_taskflow' retrieved from /Users/aswin/Documents/data-engineering-practice/ETL_Airflow_DBT/airflow/airflow_env/lib/python3.11/site-packages/airflow/example_dags/example_setup_teardown_taskflow.py
[2026-03-10T06:28:18.004+0530] {logging_mixin.py:188} INFO - [2026-03-10T06:28:18.004+0530] {dag.py:3096} INFO - Sync 1 DAGs
[2026-03-10T06:28:18.009+0530] {logging_mixin.py:188} INFO - [2026-03-10T06:28:18.009+0530] {dag.py:3954} INFO - Setting next_dagrun for example_setup_teardown_taskflow to 2026-03-09 00:00:00+00:00, run_after=2026-03-10 00:00:00+00:00
[2026-03-10T06:28:18.015+0530] {processor.py:183} INFO - Processing /Users/aswin/Documents/data-engineering-practice/ETL_Airflow_DBT/airflow/airflow_env/lib/python3.11/site-packages/airflow/example_dags/example_setup_teardown_taskflow.py took 0.058 seconds
[2026-03-10T06:29:48.162+0530] {processor.py:161} INFO - Started process (PID=23561) to work on /Users/aswin/Documents/data-engineering-practice/ETL_Airflow_DBT/airflow/airflow_env/lib/python3.11/site-packages/airflow/example_dags/example_setup_teardown_taskflow.py
[2026-03-10T06:29:48.163+0530] {processor.py:830} INFO - Processing file /Users/aswin/Documents/data-engineering-practice/ETL_Airflow_DBT/airflow/airflow_env/lib/python3.11/site-packages/airflow/example_dags/example_setup_teardown_taskflow.py for tasks to queue
[2026-03-10T06:29:48.163+0530] {logging_mixin.py:188} INFO - [2026-03-10T06:29:48.163+0530] {dagbag.py:540} INFO - Filling up the DagBag from /Users/aswin/Documents/data-engineering-practice/ETL_Airflow_DBT/airflow/airflow_env/lib/python3.11/site-packages/airflow/example_dags/example_setup_teardown_taskflow.py
[2026-03-10T06:29:48.177+0530] {processor.py:840} INFO - DAG(s) 'example_setup_teardown_taskflow' retrieved from /Users/aswin/Documents/data-engineering-practice/ETL_Airflow_DBT/airflow/airflow_env/lib/python3.11/site-packages/airflow/example_dags/example_setup_teardown_taskflow.py
[2026-03-10T06:29:48.206+0530] {logging_mixin.py:188} INFO - [2026-03-10T06:29:48.206+0530] {dag.py:3096} INFO - Sync 1 DAGs
[2026-03-10T06:29:48.211+0530] {logging_mixin.py:188} INFO - [2026-03-10T06:29:48.211+0530] {dag.py:3954} INFO - Setting next_dagrun for example_setup_teardown_taskflow to 2026-03-09 00:00:00+00:00, run_after=2026-03-10 00:00:00+00:00
[2026-03-10T06:29:48.217+0530] {processor.py:183} INFO - Processing /Users/aswin/Documents/data-engineering-practice/ETL_Airflow_DBT/airflow/airflow_env/lib/python3.11/site-packages/airflow/example_dags/example_setup_teardown_taskflow.py took 0.055 seconds
[2026-03-10T06:31:17.054+0530] {processor.py:161} INFO - Started process (PID=23646) to work on /Users/aswin/Documents/data-engineering-practice/ETL_Airflow_DBT/airflow/airflow_env/lib/python3.11/site-packages/airflow/example_dags/example_setup_teardown_taskflow.py
[2026-03-10T06:31:17.054+0530] {processor.py:830} INFO - Processing file /Users/aswin/Documents/data-engineering-practice/ETL_Airflow_DBT/airflow/airflow_env/lib/python3.11/site-packages/airflow/example_dags/example_setup_teardown_taskflow.py for tasks to queue
[2026-03-10T06:31:17.055+0530] {logging_mixin.py:188} INFO - [2026-03-10T06:31:17.054+0530] {dagbag.py:540} INFO - Filling up the DagBag from /Users/aswin/Documents/data-engineering-practice/ETL_Airflow_DBT/airflow/airflow_env/lib/python3.11/site-packages/airflow/example_dags/example_setup_teardown_taskflow.py
[2026-03-10T06:31:17.069+0530] {processor.py:840} INFO - DAG(s) 'example_setup_teardown_taskflow' retrieved from /Users/aswin/Documents/data-engineering-practice/ETL_Airflow_DBT/airflow/airflow_env/lib/python3.11/site-packages/airflow/example_dags/example_setup_teardown_taskflow.py
[2026-03-10T06:31:17.098+0530] {logging_mixin.py:188} INFO - [2026-03-10T06:31:17.098+0530] {dag.py:3096} INFO - Sync 1 DAGs
[2026-03-10T06:31:17.102+0530] {logging_mixin.py:188} INFO - [2026-03-10T06:31:17.102+0530] {dag.py:3954} INFO - Setting next_dagrun for example_setup_teardown_taskflow to 2026-03-09 00:00:00+00:00, run_after=2026-03-10 00:00:00+00:00
[2026-03-10T06:31:17.108+0530] {processor.py:183} INFO - Processing /Users/aswin/Documents/data-engineering-practice/ETL_Airflow_DBT/airflow/airflow_env/lib/python3.11/site-packages/airflow/example_dags/example_setup_teardown_taskflow.py took 0.055 seconds
[2026-03-10T06:32:44.713+0530] {processor.py:161} INFO - Started process (PID=23737) to work on /Users/aswin/Documents/data-engineering-practice/ETL_Airflow_DBT/airflow/airflow_env/lib/python3.11/site-packages/airflow/example_dags/example_setup_teardown_taskflow.py
[2026-03-10T06:32:44.714+0530] {processor.py:830} INFO - Processing file /Users/aswin/Documents/data-engineering-practice/ETL_Airflow_DBT/airflow/airflow_env/lib/python3.11/site-packages/airflow/example_dags/example_setup_teardown_taskflow.py for tasks to queue
[2026-03-10T06:32:44.714+0530] {logging_mixin.py:188} INFO - [2026-03-10T06:32:44.714+0530] {dagbag.py:540} INFO - Filling up the DagBag from /Users/aswin/Documents/data-engineering-practice/ETL_Airflow_DBT/airflow/airflow_env/lib/python3.11/site-packages/airflow/example_dags/example_setup_teardown_taskflow.py
[2026-03-10T06:32:44.729+0530] {processor.py:840} INFO - DAG(s) 'example_setup_teardown_taskflow' retrieved from /Users/aswin/Documents/data-engineering-practice/ETL_Airflow_DBT/airflow/airflow_env/lib/python3.11/site-packages/airflow/example_dags/example_setup_teardown_taskflow.py
[2026-03-10T06:32:44.758+0530] {logging_mixin.py:188} INFO - [2026-03-10T06:32:44.758+0530] {dag.py:3096} INFO - Sync 1 DAGs
[2026-03-10T06:32:44.763+0530] {logging_mixin.py:188} INFO - [2026-03-10T06:32:44.763+0530] {dag.py:3954} INFO - Setting next_dagrun for example_setup_teardown_taskflow to 2026-03-09 00:00:00+00:00, run_after=2026-03-10 00:00:00+00:00
[2026-03-10T06:32:44.768+0530] {processor.py:183} INFO - Processing /Users/aswin/Documents/data-engineering-practice/ETL_Airflow_DBT/airflow/airflow_env/lib/python3.11/site-packages/airflow/example_dags/example_setup_teardown_taskflow.py took 0.056 seconds
[2026-03-10T06:34:12.667+0530] {processor.py:161} INFO - Started process (PID=23813) to work on /Users/aswin/Documents/data-engineering-practice/ETL_Airflow_DBT/airflow/airflow_env/lib/python3.11/site-packages/airflow/example_dags/example_setup_teardown_taskflow.py
[2026-03-10T06:34:12.667+0530] {processor.py:830} INFO - Processing file /Users/aswin/Documents/data-engineering-practice/ETL_Airflow_DBT/airflow/airflow_env/lib/python3.11/site-packages/airflow/example_dags/example_setup_teardown_taskflow.py for tasks to queue
[2026-03-10T06:34:12.668+0530] {logging_mixin.py:188} INFO - [2026-03-10T06:34:12.667+0530] {dagbag.py:540} INFO - Filling up the DagBag from /Users/aswin/Documents/data-engineering-practice/ETL_Airflow_DBT/airflow/airflow_env/lib/python3.11/site-packages/airflow/example_dags/example_setup_teardown_taskflow.py
[2026-03-10T06:34:12.682+0530] {processor.py:840} INFO - DAG(s) 'example_setup_teardown_taskflow' retrieved from /Users/aswin/Documents/data-engineering-practice/ETL_Airflow_DBT/airflow/airflow_env/lib/python3.11/site-packages/airflow/example_dags/example_setup_teardown_taskflow.py
[2026-03-10T06:34:12.711+0530] {logging_mixin.py:188} INFO - [2026-03-10T06:34:12.711+0530] {dag.py:3096} INFO - Sync 1 DAGs
[2026-03-10T06:34:12.716+0530] {logging_mixin.py:188} INFO - [2026-03-10T06:34:12.716+0530] {dag.py:3954} INFO - Setting next_dagrun for example_setup_teardown_taskflow to 2026-03-09 00:00:00+00:00, run_after=2026-03-10 00:00:00+00:00
[2026-03-10T06:34:12.722+0530] {processor.py:183} INFO - Processing /Users/aswin/Documents/data-engineering-practice/ETL_Airflow_DBT/airflow/airflow_env/lib/python3.11/site-packages/airflow/example_dags/example_setup_teardown_taskflow.py took 0.056 seconds
[2026-03-10T06:35:45.510+0530] {processor.py:161} INFO - Started process (PID=23914) to work on /Users/aswin/Documents/data-engineering-practice/ETL_Airflow_DBT/airflow/airflow_env/lib/python3.11/site-packages/airflow/example_dags/example_setup_teardown_taskflow.py
[2026-03-10T06:35:45.510+0530] {processor.py:830} INFO - Processing file /Users/aswin/Documents/data-engineering-practice/ETL_Airflow_DBT/airflow/airflow_env/lib/python3.11/site-packages/airflow/example_dags/example_setup_teardown_taskflow.py for tasks to queue
[2026-03-10T06:35:45.510+0530] {logging_mixin.py:188} INFO - [2026-03-10T06:35:45.510+0530] {dagbag.py:540} INFO - Filling up the DagBag from /Users/aswin/Documents/data-engineering-practice/ETL_Airflow_DBT/airflow/airflow_env/lib/python3.11/site-packages/airflow/example_dags/example_setup_teardown_taskflow.py
[2026-03-10T06:35:45.524+0530] {processor.py:840} INFO - DAG(s) 'example_setup_teardown_taskflow' retrieved from /Users/aswin/Documents/data-engineering-practice/ETL_Airflow_DBT/airflow/airflow_env/lib/python3.11/site-packages/airflow/example_dags/example_setup_teardown_taskflow.py
[2026-03-10T06:35:45.553+0530] {logging_mixin.py:188} INFO - [2026-03-10T06:35:45.553+0530] {dag.py:3096} INFO - Sync 1 DAGs
[2026-03-10T06:35:45.558+0530] {logging_mixin.py:188} INFO - [2026-03-10T06:35:45.558+0530] {dag.py:3954} INFO - Setting next_dagrun for example_setup_teardown_taskflow to 2026-03-09 00:00:00+00:00, run_after=2026-03-10 00:00:00+00:00
[2026-03-10T06:35:45.564+0530] {processor.py:183} INFO - Processing /Users/aswin/Documents/data-engineering-practice/ETL_Airflow_DBT/airflow/airflow_env/lib/python3.11/site-packages/airflow/example_dags/example_setup_teardown_taskflow.py took 0.055 seconds
[2026-03-10T06:37:18.984+0530] {processor.py:161} INFO - Started process (PID=24003) to work on /Users/aswin/Documents/data-engineering-practice/ETL_Airflow_DBT/airflow/airflow_env/lib/python3.11/site-packages/airflow/example_dags/example_setup_teardown_taskflow.py
[2026-03-10T06:37:18.984+0530] {processor.py:830} INFO - Processing file /Users/aswin/Documents/data-engineering-practice/ETL_Airflow_DBT/airflow/airflow_env/lib/python3.11/site-packages/airflow/example_dags/example_setup_teardown_taskflow.py for tasks to queue
[2026-03-10T06:37:18.985+0530] {logging_mixin.py:188} INFO - [2026-03-10T06:37:18.985+0530] {dagbag.py:540} INFO - Filling up the DagBag from /Users/aswin/Documents/data-engineering-practice/ETL_Airflow_DBT/airflow/airflow_env/lib/python3.11/site-packages/airflow/example_dags/example_setup_teardown_taskflow.py
[2026-03-10T06:37:18.999+0530] {processor.py:840} INFO - DAG(s) 'example_setup_teardown_taskflow' retrieved from /Users/aswin/Documents/data-engineering-practice/ETL_Airflow_DBT/airflow/airflow_env/lib/python3.11/site-packages/airflow/example_dags/example_setup_teardown_taskflow.py
[2026-03-10T06:37:19.029+0530] {logging_mixin.py:188} INFO - [2026-03-10T06:37:19.029+0530] {dag.py:3096} INFO - Sync 1 DAGs
[2026-03-10T06:37:19.034+0530] {logging_mixin.py:188} INFO - [2026-03-10T06:37:19.034+0530] {dag.py:3954} INFO - Setting next_dagrun for example_setup_teardown_taskflow to 2026-03-09 00:00:00+00:00, run_after=2026-03-10 00:00:00+00:00
[2026-03-10T06:37:19.039+0530] {processor.py:183} INFO - Processing /Users/aswin/Documents/data-engineering-practice/ETL_Airflow_DBT/airflow/airflow_env/lib/python3.11/site-packages/airflow/example_dags/example_setup_teardown_taskflow.py took 0.056 seconds
[2026-03-10T06:38:52.620+0530] {processor.py:161} INFO - Started process (PID=24126) to work on /Users/aswin/Documents/data-engineering-practice/ETL_Airflow_DBT/airflow/airflow_env/lib/python3.11/site-packages/airflow/example_dags/example_setup_teardown_taskflow.py
[2026-03-10T06:38:52.620+0530] {processor.py:830} INFO - Processing file /Users/aswin/Documents/data-engineering-practice/ETL_Airflow_DBT/airflow/airflow_env/lib/python3.11/site-packages/airflow/example_dags/example_setup_teardown_taskflow.py for tasks to queue
[2026-03-10T06:38:52.621+0530] {logging_mixin.py:188} INFO - [2026-03-10T06:38:52.621+0530] {dagbag.py:540} INFO - Filling up the DagBag from /Users/aswin/Documents/data-engineering-practice/ETL_Airflow_DBT/airflow/airflow_env/lib/python3.11/site-packages/airflow/example_dags/example_setup_teardown_taskflow.py
[2026-03-10T06:38:52.634+0530] {processor.py:840} INFO - DAG(s) 'example_setup_teardown_taskflow' retrieved from /Users/aswin/Documents/data-engineering-practice/ETL_Airflow_DBT/airflow/airflow_env/lib/python3.11/site-packages/airflow/example_dags/example_setup_teardown_taskflow.py
[2026-03-10T06:38:52.663+0530] {logging_mixin.py:188} INFO - [2026-03-10T06:38:52.663+0530] {dag.py:3096} INFO - Sync 1 DAGs
[2026-03-10T06:38:52.668+0530] {logging_mixin.py:188} INFO - [2026-03-10T06:38:52.668+0530] {dag.py:3954} INFO - Setting next_dagrun for example_setup_teardown_taskflow to 2026-03-09 00:00:00+00:00, run_after=2026-03-10 00:00:00+00:00
[2026-03-10T06:38:52.673+0530] {processor.py:183} INFO - Processing /Users/aswin/Documents/data-engineering-practice/ETL_Airflow_DBT/airflow/airflow_env/lib/python3.11/site-packages/airflow/example_dags/example_setup_teardown_taskflow.py took 0.054 seconds
[2026-03-10T06:40:22.780+0530] {processor.py:161} INFO - Started process (PID=24200) to work on /Users/aswin/Documents/data-engineering-practice/ETL_Airflow_DBT/airflow/airflow_env/lib/python3.11/site-packages/airflow/example_dags/example_setup_teardown_taskflow.py
[2026-03-10T06:40:22.780+0530] {processor.py:830} INFO - Processing file /Users/aswin/Documents/data-engineering-practice/ETL_Airflow_DBT/airflow/airflow_env/lib/python3.11/site-packages/airflow/example_dags/example_setup_teardown_taskflow.py for tasks to queue
[2026-03-10T06:40:22.780+0530] {logging_mixin.py:188} INFO - [2026-03-10T06:40:22.780+0530] {dagbag.py:540} INFO - Filling up the DagBag from /Users/aswin/Documents/data-engineering-practice/ETL_Airflow_DBT/airflow/airflow_env/lib/python3.11/site-packages/airflow/example_dags/example_setup_teardown_taskflow.py
[2026-03-10T06:40:22.794+0530] {processor.py:840} INFO - DAG(s) 'example_setup_teardown_taskflow' retrieved from /Users/aswin/Documents/data-engineering-practice/ETL_Airflow_DBT/airflow/airflow_env/lib/python3.11/site-packages/airflow/example_dags/example_setup_teardown_taskflow.py
[2026-03-10T06:40:22.824+0530] {logging_mixin.py:188} INFO - [2026-03-10T06:40:22.824+0530] {dag.py:3096} INFO - Sync 1 DAGs
[2026-03-10T06:40:22.829+0530] {logging_mixin.py:188} INFO - [2026-03-10T06:40:22.829+0530] {dag.py:3954} INFO - Setting next_dagrun for example_setup_teardown_taskflow to 2026-03-09 00:00:00+00:00, run_after=2026-03-10 00:00:00+00:00
[2026-03-10T06:40:22.834+0530] {processor.py:183} INFO - Processing /Users/aswin/Documents/data-engineering-practice/ETL_Airflow_DBT/airflow/airflow_env/lib/python3.11/site-packages/airflow/example_dags/example_setup_teardown_taskflow.py took 0.055 seconds
[2026-03-10T06:41:58.271+0530] {processor.py:161} INFO - Started process (PID=24273) to work on /Users/aswin/Documents/data-engineering-practice/ETL_Airflow_DBT/airflow/airflow_env/lib/python3.11/site-packages/airflow/example_dags/example_setup_teardown_taskflow.py
[2026-03-10T06:41:58.272+0530] {processor.py:830} INFO - Processing file /Users/aswin/Documents/data-engineering-practice/ETL_Airflow_DBT/airflow/airflow_env/lib/python3.11/site-packages/airflow/example_dags/example_setup_teardown_taskflow.py for tasks to queue
[2026-03-10T06:41:58.272+0530] {logging_mixin.py:188} INFO - [2026-03-10T06:41:58.272+0530] {dagbag.py:540} INFO - Filling up the DagBag from /Users/aswin/Documents/data-engineering-practice/ETL_Airflow_DBT/airflow/airflow_env/lib/python3.11/site-packages/airflow/example_dags/example_setup_teardown_taskflow.py
[2026-03-10T06:41:58.286+0530] {processor.py:840} INFO - DAG(s) 'example_setup_teardown_taskflow' retrieved from /Users/aswin/Documents/data-engineering-practice/ETL_Airflow_DBT/airflow/airflow_env/lib/python3.11/site-packages/airflow/example_dags/example_setup_teardown_taskflow.py
[2026-03-10T06:41:58.315+0530] {logging_mixin.py:188} INFO - [2026-03-10T06:41:58.315+0530] {dag.py:3096} INFO - Sync 1 DAGs
[2026-03-10T06:41:58.320+0530] {logging_mixin.py:188} INFO - [2026-03-10T06:41:58.320+0530] {dag.py:3954} INFO - Setting next_dagrun for example_setup_teardown_taskflow to 2026-03-09 00:00:00+00:00, run_after=2026-03-10 00:00:00+00:00
[2026-03-10T06:41:58.326+0530] {processor.py:183} INFO - Processing /Users/aswin/Documents/data-engineering-practice/ETL_Airflow_DBT/airflow/airflow_env/lib/python3.11/site-packages/airflow/example_dags/example_setup_teardown_taskflow.py took 0.056 seconds
[2026-03-10T06:46:12.777+0530] {processor.py:161} INFO - Started process (PID=24364) to work on /Users/aswin/Documents/data-engineering-practice/ETL_Airflow_DBT/airflow/airflow_env/lib/python3.11/site-packages/airflow/example_dags/example_setup_teardown_taskflow.py
[2026-03-10T06:46:12.778+0530] {processor.py:830} INFO - Processing file /Users/aswin/Documents/data-engineering-practice/ETL_Airflow_DBT/airflow/airflow_env/lib/python3.11/site-packages/airflow/example_dags/example_setup_teardown_taskflow.py for tasks to queue
[2026-03-10T06:46:12.778+0530] {logging_mixin.py:188} INFO - [2026-03-10T06:46:12.778+0530] {dagbag.py:540} INFO - Filling up the DagBag from /Users/aswin/Documents/data-engineering-practice/ETL_Airflow_DBT/airflow/airflow_env/lib/python3.11/site-packages/airflow/example_dags/example_setup_teardown_taskflow.py
[2026-03-10T06:46:12.792+0530] {processor.py:840} INFO - DAG(s) 'example_setup_teardown_taskflow' retrieved from /Users/aswin/Documents/data-engineering-practice/ETL_Airflow_DBT/airflow/airflow_env/lib/python3.11/site-packages/airflow/example_dags/example_setup_teardown_taskflow.py
[2026-03-10T06:46:12.820+0530] {logging_mixin.py:188} INFO - [2026-03-10T06:46:12.820+0530] {dag.py:3096} INFO - Sync 1 DAGs
[2026-03-10T06:46:12.825+0530] {logging_mixin.py:188} INFO - [2026-03-10T06:46:12.825+0530] {dag.py:3954} INFO - Setting next_dagrun for example_setup_teardown_taskflow to 2026-03-09 00:00:00+00:00, run_after=2026-03-10 00:00:00+00:00
[2026-03-10T06:46:12.830+0530] {processor.py:183} INFO - Processing /Users/aswin/Documents/data-engineering-practice/ETL_Airflow_DBT/airflow/airflow_env/lib/python3.11/site-packages/airflow/example_dags/example_setup_teardown_taskflow.py took 0.054 seconds
[2026-03-10T06:56:21.320+0530] {processor.py:161} INFO - Started process (PID=24458) to work on /Users/aswin/Documents/data-engineering-practice/ETL_Airflow_DBT/airflow/airflow_env/lib/python3.11/site-packages/airflow/example_dags/example_setup_teardown_taskflow.py
[2026-03-10T06:56:21.322+0530] {processor.py:830} INFO - Processing file /Users/aswin/Documents/data-engineering-practice/ETL_Airflow_DBT/airflow/airflow_env/lib/python3.11/site-packages/airflow/example_dags/example_setup_teardown_taskflow.py for tasks to queue
[2026-03-10T06:56:21.322+0530] {logging_mixin.py:188} INFO - [2026-03-10T06:56:21.322+0530] {dagbag.py:540} INFO - Filling up the DagBag from /Users/aswin/Documents/data-engineering-practice/ETL_Airflow_DBT/airflow/airflow_env/lib/python3.11/site-packages/airflow/example_dags/example_setup_teardown_taskflow.py
[2026-03-10T06:56:21.336+0530] {processor.py:840} INFO - DAG(s) 'example_setup_teardown_taskflow' retrieved from /Users/aswin/Documents/data-engineering-practice/ETL_Airflow_DBT/airflow/airflow_env/lib/python3.11/site-packages/airflow/example_dags/example_setup_teardown_taskflow.py
[2026-03-10T06:56:21.364+0530] {logging_mixin.py:188} INFO - [2026-03-10T06:56:21.364+0530] {dag.py:3096} INFO - Sync 1 DAGs
[2026-03-10T06:56:21.369+0530] {logging_mixin.py:188} INFO - [2026-03-10T06:56:21.369+0530] {dag.py:3954} INFO - Setting next_dagrun for example_setup_teardown_taskflow to 2026-03-09 00:00:00+00:00, run_after=2026-03-10 00:00:00+00:00
[2026-03-10T06:56:21.374+0530] {processor.py:183} INFO - Processing /Users/aswin/Documents/data-engineering-practice/ETL_Airflow_DBT/airflow/airflow_env/lib/python3.11/site-packages/airflow/example_dags/example_setup_teardown_taskflow.py took 0.055 seconds
[2026-03-10T07:02:07.129+0530] {processor.py:161} INFO - Started process (PID=24557) to work on /Users/aswin/Documents/data-engineering-practice/ETL_Airflow_DBT/airflow/airflow_env/lib/python3.11/site-packages/airflow/example_dags/example_setup_teardown_taskflow.py
[2026-03-10T07:02:07.130+0530] {processor.py:830} INFO - Processing file /Users/aswin/Documents/data-engineering-practice/ETL_Airflow_DBT/airflow/airflow_env/lib/python3.11/site-packages/airflow/example_dags/example_setup_teardown_taskflow.py for tasks to queue
[2026-03-10T07:02:07.130+0530] {logging_mixin.py:188} INFO - [2026-03-10T07:02:07.130+0530] {dagbag.py:540} INFO - Filling up the DagBag from /Users/aswin/Documents/data-engineering-practice/ETL_Airflow_DBT/airflow/airflow_env/lib/python3.11/site-packages/airflow/example_dags/example_setup_teardown_taskflow.py
[2026-03-10T07:02:07.144+0530] {processor.py:840} INFO - DAG(s) 'example_setup_teardown_taskflow' retrieved from /Users/aswin/Documents/data-engineering-practice/ETL_Airflow_DBT/airflow/airflow_env/lib/python3.11/site-packages/airflow/example_dags/example_setup_teardown_taskflow.py
[2026-03-10T07:02:07.173+0530] {logging_mixin.py:188} INFO - [2026-03-10T07:02:07.173+0530] {dag.py:3096} INFO - Sync 1 DAGs
[2026-03-10T07:02:07.178+0530] {logging_mixin.py:188} INFO - [2026-03-10T07:02:07.178+0530] {dag.py:3954} INFO - Setting next_dagrun for example_setup_teardown_taskflow to 2026-03-09 00:00:00+00:00, run_after=2026-03-10 00:00:00+00:00
[2026-03-10T07:02:07.183+0530] {processor.py:183} INFO - Processing /Users/aswin/Documents/data-engineering-practice/ETL_Airflow_DBT/airflow/airflow_env/lib/python3.11/site-packages/airflow/example_dags/example_setup_teardown_taskflow.py took 0.055 seconds
[2026-03-10T07:06:21.640+0530] {processor.py:161} INFO - Started process (PID=24660) to work on /Users/aswin/Documents/data-engineering-practice/ETL_Airflow_DBT/airflow/airflow_env/lib/python3.11/site-packages/airflow/example_dags/example_setup_teardown_taskflow.py
[2026-03-10T07:06:21.640+0530] {processor.py:830} INFO - Processing file /Users/aswin/Documents/data-engineering-practice/ETL_Airflow_DBT/airflow/airflow_env/lib/python3.11/site-packages/airflow/example_dags/example_setup_teardown_taskflow.py for tasks to queue
[2026-03-10T07:06:21.641+0530] {logging_mixin.py:188} INFO - [2026-03-10T07:06:21.641+0530] {dagbag.py:540} INFO - Filling up the DagBag from /Users/aswin/Documents/data-engineering-practice/ETL_Airflow_DBT/airflow/airflow_env/lib/python3.11/site-packages/airflow/example_dags/example_setup_teardown_taskflow.py
[2026-03-10T07:06:21.654+0530] {processor.py:840} INFO - DAG(s) 'example_setup_teardown_taskflow' retrieved from /Users/aswin/Documents/data-engineering-practice/ETL_Airflow_DBT/airflow/airflow_env/lib/python3.11/site-packages/airflow/example_dags/example_setup_teardown_taskflow.py
[2026-03-10T07:06:21.683+0530] {logging_mixin.py:188} INFO - [2026-03-10T07:06:21.683+0530] {dag.py:3096} INFO - Sync 1 DAGs
[2026-03-10T07:06:21.688+0530] {logging_mixin.py:188} INFO - [2026-03-10T07:06:21.688+0530] {dag.py:3954} INFO - Setting next_dagrun for example_setup_teardown_taskflow to 2026-03-09 00:00:00+00:00, run_after=2026-03-10 00:00:00+00:00
[2026-03-10T07:06:21.693+0530] {processor.py:183} INFO - Processing /Users/aswin/Documents/data-engineering-practice/ETL_Airflow_DBT/airflow/airflow_env/lib/python3.11/site-packages/airflow/example_dags/example_setup_teardown_taskflow.py took 0.054 seconds
[2026-03-10T07:18:21.409+0530] {processor.py:161} INFO - Started process (PID=24787) to work on /Users/aswin/Documents/data-engineering-practice/ETL_Airflow_DBT/airflow/airflow_env/lib/python3.11/site-packages/airflow/example_dags/example_setup_teardown_taskflow.py
[2026-03-10T07:18:21.410+0530] {processor.py:830} INFO - Processing file /Users/aswin/Documents/data-engineering-practice/ETL_Airflow_DBT/airflow/airflow_env/lib/python3.11/site-packages/airflow/example_dags/example_setup_teardown_taskflow.py for tasks to queue
[2026-03-10T07:18:21.410+0530] {logging_mixin.py:188} INFO - [2026-03-10T07:18:21.410+0530] {dagbag.py:540} INFO - Filling up the DagBag from /Users/aswin/Documents/data-engineering-practice/ETL_Airflow_DBT/airflow/airflow_env/lib/python3.11/site-packages/airflow/example_dags/example_setup_teardown_taskflow.py
[2026-03-10T07:18:21.424+0530] {processor.py:840} INFO - DAG(s) 'example_setup_teardown_taskflow' retrieved from /Users/aswin/Documents/data-engineering-practice/ETL_Airflow_DBT/airflow/airflow_env/lib/python3.11/site-packages/airflow/example_dags/example_setup_teardown_taskflow.py
[2026-03-10T07:18:21.452+0530] {logging_mixin.py:188} INFO - [2026-03-10T07:18:21.452+0530] {dag.py:3096} INFO - Sync 1 DAGs
[2026-03-10T07:18:21.457+0530] {logging_mixin.py:188} INFO - [2026-03-10T07:18:21.457+0530] {dag.py:3954} INFO - Setting next_dagrun for example_setup_teardown_taskflow to 2026-03-09 00:00:00+00:00, run_after=2026-03-10 00:00:00+00:00
[2026-03-10T07:18:21.462+0530] {processor.py:183} INFO - Processing /Users/aswin/Documents/data-engineering-practice/ETL_Airflow_DBT/airflow/airflow_env/lib/python3.11/site-packages/airflow/example_dags/example_setup_teardown_taskflow.py took 0.054 seconds
[2026-03-10T07:21:18.198+0530] {processor.py:161} INFO - Started process (PID=24873) to work on /Users/aswin/Documents/data-engineering-practice/ETL_Airflow_DBT/airflow/airflow_env/lib/python3.11/site-packages/airflow/example_dags/example_setup_teardown_taskflow.py
[2026-03-10T07:21:18.198+0530] {processor.py:830} INFO - Processing file /Users/aswin/Documents/data-engineering-practice/ETL_Airflow_DBT/airflow/airflow_env/lib/python3.11/site-packages/airflow/example_dags/example_setup_teardown_taskflow.py for tasks to queue
[2026-03-10T07:21:18.199+0530] {logging_mixin.py:188} INFO - [2026-03-10T07:21:18.199+0530] {dagbag.py:540} INFO - Filling up the DagBag from /Users/aswin/Documents/data-engineering-practice/ETL_Airflow_DBT/airflow/airflow_env/lib/python3.11/site-packages/airflow/example_dags/example_setup_teardown_taskflow.py
[2026-03-10T07:21:18.212+0530] {processor.py:840} INFO - DAG(s) 'example_setup_teardown_taskflow' retrieved from /Users/aswin/Documents/data-engineering-practice/ETL_Airflow_DBT/airflow/airflow_env/lib/python3.11/site-packages/airflow/example_dags/example_setup_teardown_taskflow.py
[2026-03-10T07:21:18.241+0530] {logging_mixin.py:188} INFO - [2026-03-10T07:21:18.240+0530] {dag.py:3096} INFO - Sync 1 DAGs
[2026-03-10T07:21:18.245+0530] {logging_mixin.py:188} INFO - [2026-03-10T07:21:18.245+0530] {dag.py:3954} INFO - Setting next_dagrun for example_setup_teardown_taskflow to 2026-03-09 00:00:00+00:00, run_after=2026-03-10 00:00:00+00:00
[2026-03-10T07:21:18.251+0530] {processor.py:183} INFO - Processing /Users/aswin/Documents/data-engineering-practice/ETL_Airflow_DBT/airflow/airflow_env/lib/python3.11/site-packages/airflow/example_dags/example_setup_teardown_taskflow.py took 0.054 seconds
[2026-03-10T07:32:33.869+0530] {processor.py:161} INFO - Started process (PID=24985) to work on /Users/aswin/Documents/data-engineering-practice/ETL_Airflow_DBT/airflow/airflow_env/lib/python3.11/site-packages/airflow/example_dags/example_setup_teardown_taskflow.py
[2026-03-10T07:32:33.869+0530] {processor.py:830} INFO - Processing file /Users/aswin/Documents/data-engineering-practice/ETL_Airflow_DBT/airflow/airflow_env/lib/python3.11/site-packages/airflow/example_dags/example_setup_teardown_taskflow.py for tasks to queue
[2026-03-10T07:32:33.870+0530] {logging_mixin.py:188} INFO - [2026-03-10T07:32:33.870+0530] {dagbag.py:540} INFO - Filling up the DagBag from /Users/aswin/Documents/data-engineering-practice/ETL_Airflow_DBT/airflow/airflow_env/lib/python3.11/site-packages/airflow/example_dags/example_setup_teardown_taskflow.py
[2026-03-10T07:32:33.883+0530] {processor.py:840} INFO - DAG(s) 'example_setup_teardown_taskflow' retrieved from /Users/aswin/Documents/data-engineering-practice/ETL_Airflow_DBT/airflow/airflow_env/lib/python3.11/site-packages/airflow/example_dags/example_setup_teardown_taskflow.py
[2026-03-10T07:32:33.912+0530] {logging_mixin.py:188} INFO - [2026-03-10T07:32:33.912+0530] {dag.py:3096} INFO - Sync 1 DAGs
[2026-03-10T07:32:33.917+0530] {logging_mixin.py:188} INFO - [2026-03-10T07:32:33.917+0530] {dag.py:3954} INFO - Setting next_dagrun for example_setup_teardown_taskflow to 2026-03-09 00:00:00+00:00, run_after=2026-03-10 00:00:00+00:00
[2026-03-10T07:32:33.923+0530] {processor.py:183} INFO - Processing /Users/aswin/Documents/data-engineering-practice/ETL_Airflow_DBT/airflow/airflow_env/lib/python3.11/site-packages/airflow/example_dags/example_setup_teardown_taskflow.py took 0.055 seconds
[2026-03-10T07:34:53.706+0530] {processor.py:161} INFO - Started process (PID=25068) to work on /Users/aswin/Documents/data-engineering-practice/ETL_Airflow_DBT/airflow/airflow_env/lib/python3.11/site-packages/airflow/example_dags/example_setup_teardown_taskflow.py
[2026-03-10T07:34:53.706+0530] {processor.py:830} INFO - Processing file /Users/aswin/Documents/data-engineering-practice/ETL_Airflow_DBT/airflow/airflow_env/lib/python3.11/site-packages/airflow/example_dags/example_setup_teardown_taskflow.py for tasks to queue
[2026-03-10T07:34:53.707+0530] {logging_mixin.py:188} INFO - [2026-03-10T07:34:53.706+0530] {dagbag.py:540} INFO - Filling up the DagBag from /Users/aswin/Documents/data-engineering-practice/ETL_Airflow_DBT/airflow/airflow_env/lib/python3.11/site-packages/airflow/example_dags/example_setup_teardown_taskflow.py
[2026-03-10T07:34:53.720+0530] {processor.py:840} INFO - DAG(s) 'example_setup_teardown_taskflow' retrieved from /Users/aswin/Documents/data-engineering-practice/ETL_Airflow_DBT/airflow/airflow_env/lib/python3.11/site-packages/airflow/example_dags/example_setup_teardown_taskflow.py
[2026-03-10T07:34:53.749+0530] {logging_mixin.py:188} INFO - [2026-03-10T07:34:53.749+0530] {dag.py:3096} INFO - Sync 1 DAGs
[2026-03-10T07:34:53.754+0530] {logging_mixin.py:188} INFO - [2026-03-10T07:34:53.754+0530] {dag.py:3954} INFO - Setting next_dagrun for example_setup_teardown_taskflow to 2026-03-09 00:00:00+00:00, run_after=2026-03-10 00:00:00+00:00
[2026-03-10T07:34:53.759+0530] {processor.py:183} INFO - Processing /Users/aswin/Documents/data-engineering-practice/ETL_Airflow_DBT/airflow/airflow_env/lib/python3.11/site-packages/airflow/example_dags/example_setup_teardown_taskflow.py took 0.054 seconds
[2026-03-10T07:44:17.747+0530] {processor.py:161} INFO - Started process (PID=25185) to work on /Users/aswin/Documents/data-engineering-practice/ETL_Airflow_DBT/airflow/airflow_env/lib/python3.11/site-packages/airflow/example_dags/example_setup_teardown_taskflow.py
[2026-03-10T07:44:17.749+0530] {processor.py:830} INFO - Processing file /Users/aswin/Documents/data-engineering-practice/ETL_Airflow_DBT/airflow/airflow_env/lib/python3.11/site-packages/airflow/example_dags/example_setup_teardown_taskflow.py for tasks to queue
[2026-03-10T07:44:17.749+0530] {logging_mixin.py:188} INFO - [2026-03-10T07:44:17.749+0530] {dagbag.py:540} INFO - Filling up the DagBag from /Users/aswin/Documents/data-engineering-practice/ETL_Airflow_DBT/airflow/airflow_env/lib/python3.11/site-packages/airflow/example_dags/example_setup_teardown_taskflow.py
[2026-03-10T07:44:17.762+0530] {processor.py:840} INFO - DAG(s) 'example_setup_teardown_taskflow' retrieved from /Users/aswin/Documents/data-engineering-practice/ETL_Airflow_DBT/airflow/airflow_env/lib/python3.11/site-packages/airflow/example_dags/example_setup_teardown_taskflow.py
[2026-03-10T07:44:17.791+0530] {logging_mixin.py:188} INFO - [2026-03-10T07:44:17.791+0530] {dag.py:3096} INFO - Sync 1 DAGs
[2026-03-10T07:44:17.796+0530] {logging_mixin.py:188} INFO - [2026-03-10T07:44:17.796+0530] {dag.py:3954} INFO - Setting next_dagrun for example_setup_teardown_taskflow to 2026-03-09 00:00:00+00:00, run_after=2026-03-10 00:00:00+00:00
[2026-03-10T07:44:17.801+0530] {processor.py:183} INFO - Processing /Users/aswin/Documents/data-engineering-practice/ETL_Airflow_DBT/airflow/airflow_env/lib/python3.11/site-packages/airflow/example_dags/example_setup_teardown_taskflow.py took 0.054 seconds
[2026-03-10T07:46:37.731+0530] {processor.py:161} INFO - Started process (PID=25279) to work on /Users/aswin/Documents/data-engineering-practice/ETL_Airflow_DBT/airflow/airflow_env/lib/python3.11/site-packages/airflow/example_dags/example_setup_teardown_taskflow.py
[2026-03-10T07:46:37.732+0530] {processor.py:830} INFO - Processing file /Users/aswin/Documents/data-engineering-practice/ETL_Airflow_DBT/airflow/airflow_env/lib/python3.11/site-packages/airflow/example_dags/example_setup_teardown_taskflow.py for tasks to queue
[2026-03-10T07:46:37.732+0530] {logging_mixin.py:188} INFO - [2026-03-10T07:46:37.732+0530] {dagbag.py:540} INFO - Filling up the DagBag from /Users/aswin/Documents/data-engineering-practice/ETL_Airflow_DBT/airflow/airflow_env/lib/python3.11/site-packages/airflow/example_dags/example_setup_teardown_taskflow.py
[2026-03-10T07:46:37.746+0530] {processor.py:840} INFO - DAG(s) 'example_setup_teardown_taskflow' retrieved from /Users/aswin/Documents/data-engineering-practice/ETL_Airflow_DBT/airflow/airflow_env/lib/python3.11/site-packages/airflow/example_dags/example_setup_teardown_taskflow.py
[2026-03-10T07:46:37.774+0530] {logging_mixin.py:188} INFO - [2026-03-10T07:46:37.774+0530] {dag.py:3096} INFO - Sync 1 DAGs
[2026-03-10T07:46:37.779+0530] {logging_mixin.py:188} INFO - [2026-03-10T07:46:37.779+0530] {dag.py:3954} INFO - Setting next_dagrun for example_setup_teardown_taskflow to 2026-03-09 00:00:00+00:00, run_after=2026-03-10 00:00:00+00:00
[2026-03-10T07:46:37.785+0530] {processor.py:183} INFO - Processing /Users/aswin/Documents/data-engineering-practice/ETL_Airflow_DBT/airflow/airflow_env/lib/python3.11/site-packages/airflow/example_dags/example_setup_teardown_taskflow.py took 0.054 seconds
[2026-03-10T07:50:44.551+0530] {processor.py:161} INFO - Started process (PID=25360) to work on /Users/aswin/Documents/data-engineering-practice/ETL_Airflow_DBT/airflow/airflow_env/lib/python3.11/site-packages/airflow/example_dags/example_setup_teardown_taskflow.py
[2026-03-10T07:50:44.551+0530] {processor.py:830} INFO - Processing file /Users/aswin/Documents/data-engineering-practice/ETL_Airflow_DBT/airflow/airflow_env/lib/python3.11/site-packages/airflow/example_dags/example_setup_teardown_taskflow.py for tasks to queue
[2026-03-10T07:50:44.552+0530] {logging_mixin.py:188} INFO - [2026-03-10T07:50:44.552+0530] {dagbag.py:540} INFO - Filling up the DagBag from /Users/aswin/Documents/data-engineering-practice/ETL_Airflow_DBT/airflow/airflow_env/lib/python3.11/site-packages/airflow/example_dags/example_setup_teardown_taskflow.py
[2026-03-10T07:50:44.566+0530] {processor.py:840} INFO - DAG(s) 'example_setup_teardown_taskflow' retrieved from /Users/aswin/Documents/data-engineering-practice/ETL_Airflow_DBT/airflow/airflow_env/lib/python3.11/site-packages/airflow/example_dags/example_setup_teardown_taskflow.py
[2026-03-10T07:50:44.596+0530] {logging_mixin.py:188} INFO - [2026-03-10T07:50:44.595+0530] {dag.py:3096} INFO - Sync 1 DAGs
[2026-03-10T07:50:44.600+0530] {logging_mixin.py:188} INFO - [2026-03-10T07:50:44.600+0530] {dag.py:3954} INFO - Setting next_dagrun for example_setup_teardown_taskflow to 2026-03-09 00:00:00+00:00, run_after=2026-03-10 00:00:00+00:00
[2026-03-10T07:50:44.606+0530] {processor.py:183} INFO - Processing /Users/aswin/Documents/data-engineering-practice/ETL_Airflow_DBT/airflow/airflow_env/lib/python3.11/site-packages/airflow/example_dags/example_setup_teardown_taskflow.py took 0.056 seconds
[2026-03-10T07:56:15.026+0530] {processor.py:161} INFO - Started process (PID=25462) to work on /Users/aswin/Documents/data-engineering-practice/ETL_Airflow_DBT/airflow/airflow_env/lib/python3.11/site-packages/airflow/example_dags/example_setup_teardown_taskflow.py
[2026-03-10T07:56:15.027+0530] {processor.py:830} INFO - Processing file /Users/aswin/Documents/data-engineering-practice/ETL_Airflow_DBT/airflow/airflow_env/lib/python3.11/site-packages/airflow/example_dags/example_setup_teardown_taskflow.py for tasks to queue
[2026-03-10T07:56:15.027+0530] {logging_mixin.py:188} INFO - [2026-03-10T07:56:15.027+0530] {dagbag.py:540} INFO - Filling up the DagBag from /Users/aswin/Documents/data-engineering-practice/ETL_Airflow_DBT/airflow/airflow_env/lib/python3.11/site-packages/airflow/example_dags/example_setup_teardown_taskflow.py
[2026-03-10T07:56:15.041+0530] {processor.py:840} INFO - DAG(s) 'example_setup_teardown_taskflow' retrieved from /Users/aswin/Documents/data-engineering-practice/ETL_Airflow_DBT/airflow/airflow_env/lib/python3.11/site-packages/airflow/example_dags/example_setup_teardown_taskflow.py
[2026-03-10T07:56:15.069+0530] {logging_mixin.py:188} INFO - [2026-03-10T07:56:15.069+0530] {dag.py:3096} INFO - Sync 1 DAGs
[2026-03-10T07:56:15.074+0530] {logging_mixin.py:188} INFO - [2026-03-10T07:56:15.074+0530] {dag.py:3954} INFO - Setting next_dagrun for example_setup_teardown_taskflow to 2026-03-09 00:00:00+00:00, run_after=2026-03-10 00:00:00+00:00
[2026-03-10T07:56:15.080+0530] {processor.py:183} INFO - Processing /Users/aswin/Documents/data-engineering-practice/ETL_Airflow_DBT/airflow/airflow_env/lib/python3.11/site-packages/airflow/example_dags/example_setup_teardown_taskflow.py took 0.055 seconds
[2026-03-10T07:58:03.309+0530] {processor.py:161} INFO - Started process (PID=25565) to work on /Users/aswin/Documents/data-engineering-practice/ETL_Airflow_DBT/airflow/airflow_env/lib/python3.11/site-packages/airflow/example_dags/example_setup_teardown_taskflow.py
[2026-03-10T07:58:03.310+0530] {processor.py:830} INFO - Processing file /Users/aswin/Documents/data-engineering-practice/ETL_Airflow_DBT/airflow/airflow_env/lib/python3.11/site-packages/airflow/example_dags/example_setup_teardown_taskflow.py for tasks to queue
[2026-03-10T07:58:03.310+0530] {logging_mixin.py:188} INFO - [2026-03-10T07:58:03.310+0530] {dagbag.py:540} INFO - Filling up the DagBag from /Users/aswin/Documents/data-engineering-practice/ETL_Airflow_DBT/airflow/airflow_env/lib/python3.11/site-packages/airflow/example_dags/example_setup_teardown_taskflow.py
[2026-03-10T07:58:03.324+0530] {processor.py:840} INFO - DAG(s) 'example_setup_teardown_taskflow' retrieved from /Users/aswin/Documents/data-engineering-practice/ETL_Airflow_DBT/airflow/airflow_env/lib/python3.11/site-packages/airflow/example_dags/example_setup_teardown_taskflow.py
[2026-03-10T07:58:03.352+0530] {logging_mixin.py:188} INFO - [2026-03-10T07:58:03.352+0530] {dag.py:3096} INFO - Sync 1 DAGs
[2026-03-10T07:58:03.357+0530] {logging_mixin.py:188} INFO - [2026-03-10T07:58:03.357+0530] {dag.py:3954} INFO - Setting next_dagrun for example_setup_teardown_taskflow to 2026-03-09 00:00:00+00:00, run_after=2026-03-10 00:00:00+00:00
[2026-03-10T07:58:03.362+0530] {processor.py:183} INFO - Processing /Users/aswin/Documents/data-engineering-practice/ETL_Airflow_DBT/airflow/airflow_env/lib/python3.11/site-packages/airflow/example_dags/example_setup_teardown_taskflow.py took 0.054 seconds
[2026-03-10T07:59:34.369+0530] {processor.py:161} INFO - Started process (PID=25650) to work on /Users/aswin/Documents/data-engineering-practice/ETL_Airflow_DBT/airflow/airflow_env/lib/python3.11/site-packages/airflow/example_dags/example_setup_teardown_taskflow.py
[2026-03-10T07:59:34.370+0530] {processor.py:830} INFO - Processing file /Users/aswin/Documents/data-engineering-practice/ETL_Airflow_DBT/airflow/airflow_env/lib/python3.11/site-packages/airflow/example_dags/example_setup_teardown_taskflow.py for tasks to queue
[2026-03-10T07:59:34.370+0530] {logging_mixin.py:188} INFO - [2026-03-10T07:59:34.370+0530] {dagbag.py:540} INFO - Filling up the DagBag from /Users/aswin/Documents/data-engineering-practice/ETL_Airflow_DBT/airflow/airflow_env/lib/python3.11/site-packages/airflow/example_dags/example_setup_teardown_taskflow.py
[2026-03-10T07:59:34.384+0530] {processor.py:840} INFO - DAG(s) 'example_setup_teardown_taskflow' retrieved from /Users/aswin/Documents/data-engineering-practice/ETL_Airflow_DBT/airflow/airflow_env/lib/python3.11/site-packages/airflow/example_dags/example_setup_teardown_taskflow.py
[2026-03-10T07:59:34.413+0530] {logging_mixin.py:188} INFO - [2026-03-10T07:59:34.412+0530] {dag.py:3096} INFO - Sync 1 DAGs
[2026-03-10T07:59:34.417+0530] {logging_mixin.py:188} INFO - [2026-03-10T07:59:34.417+0530] {dag.py:3954} INFO - Setting next_dagrun for example_setup_teardown_taskflow to 2026-03-09 00:00:00+00:00, run_after=2026-03-10 00:00:00+00:00
[2026-03-10T07:59:34.423+0530] {processor.py:183} INFO - Processing /Users/aswin/Documents/data-engineering-practice/ETL_Airflow_DBT/airflow/airflow_env/lib/python3.11/site-packages/airflow/example_dags/example_setup_teardown_taskflow.py took 0.054 seconds
[2026-03-10T08:04:08.960+0530] {processor.py:161} INFO - Started process (PID=25799) to work on /Users/aswin/Documents/data-engineering-practice/ETL_Airflow_DBT/airflow/airflow_env/lib/python3.11/site-packages/airflow/example_dags/example_setup_teardown_taskflow.py
[2026-03-10T08:04:08.960+0530] {processor.py:830} INFO - Processing file /Users/aswin/Documents/data-engineering-practice/ETL_Airflow_DBT/airflow/airflow_env/lib/python3.11/site-packages/airflow/example_dags/example_setup_teardown_taskflow.py for tasks to queue
[2026-03-10T08:04:08.960+0530] {logging_mixin.py:188} INFO - [2026-03-10T08:04:08.960+0530] {dagbag.py:540} INFO - Filling up the DagBag from /Users/aswin/Documents/data-engineering-practice/ETL_Airflow_DBT/airflow/airflow_env/lib/python3.11/site-packages/airflow/example_dags/example_setup_teardown_taskflow.py
[2026-03-10T08:04:08.974+0530] {processor.py:840} INFO - DAG(s) 'example_setup_teardown_taskflow' retrieved from /Users/aswin/Documents/data-engineering-practice/ETL_Airflow_DBT/airflow/airflow_env/lib/python3.11/site-packages/airflow/example_dags/example_setup_teardown_taskflow.py
[2026-03-10T08:04:09.004+0530] {logging_mixin.py:188} INFO - [2026-03-10T08:04:09.003+0530] {dag.py:3096} INFO - Sync 1 DAGs
[2026-03-10T08:04:09.008+0530] {logging_mixin.py:188} INFO - [2026-03-10T08:04:09.008+0530] {dag.py:3954} INFO - Setting next_dagrun for example_setup_teardown_taskflow to 2026-03-09 00:00:00+00:00, run_after=2026-03-10 00:00:00+00:00
[2026-03-10T08:04:09.014+0530] {processor.py:183} INFO - Processing /Users/aswin/Documents/data-engineering-practice/ETL_Airflow_DBT/airflow/airflow_env/lib/python3.11/site-packages/airflow/example_dags/example_setup_teardown_taskflow.py took 0.055 seconds
[2026-03-10T08:05:38.612+0530] {processor.py:161} INFO - Started process (PID=25912) to work on /Users/aswin/Documents/data-engineering-practice/ETL_Airflow_DBT/airflow/airflow_env/lib/python3.11/site-packages/airflow/example_dags/example_setup_teardown_taskflow.py
[2026-03-10T08:05:38.613+0530] {processor.py:830} INFO - Processing file /Users/aswin/Documents/data-engineering-practice/ETL_Airflow_DBT/airflow/airflow_env/lib/python3.11/site-packages/airflow/example_dags/example_setup_teardown_taskflow.py for tasks to queue
[2026-03-10T08:05:38.613+0530] {logging_mixin.py:188} INFO - [2026-03-10T08:05:38.613+0530] {dagbag.py:540} INFO - Filling up the DagBag from /Users/aswin/Documents/data-engineering-practice/ETL_Airflow_DBT/airflow/airflow_env/lib/python3.11/site-packages/airflow/example_dags/example_setup_teardown_taskflow.py
[2026-03-10T08:05:38.627+0530] {processor.py:840} INFO - DAG(s) 'example_setup_teardown_taskflow' retrieved from /Users/aswin/Documents/data-engineering-practice/ETL_Airflow_DBT/airflow/airflow_env/lib/python3.11/site-packages/airflow/example_dags/example_setup_teardown_taskflow.py
[2026-03-10T08:05:38.655+0530] {logging_mixin.py:188} INFO - [2026-03-10T08:05:38.655+0530] {dag.py:3096} INFO - Sync 1 DAGs
[2026-03-10T08:05:38.660+0530] {logging_mixin.py:188} INFO - [2026-03-10T08:05:38.660+0530] {dag.py:3954} INFO - Setting next_dagrun for example_setup_teardown_taskflow to 2026-03-09 00:00:00+00:00, run_after=2026-03-10 00:00:00+00:00
[2026-03-10T08:05:38.665+0530] {processor.py:183} INFO - Processing /Users/aswin/Documents/data-engineering-practice/ETL_Airflow_DBT/airflow/airflow_env/lib/python3.11/site-packages/airflow/example_dags/example_setup_teardown_taskflow.py took 0.054 seconds
[2026-03-10T08:07:08.010+0530] {processor.py:161} INFO - Started process (PID=25991) to work on /Users/aswin/Documents/data-engineering-practice/ETL_Airflow_DBT/airflow/airflow_env/lib/python3.11/site-packages/airflow/example_dags/example_setup_teardown_taskflow.py
[2026-03-10T08:07:08.011+0530] {processor.py:830} INFO - Processing file /Users/aswin/Documents/data-engineering-practice/ETL_Airflow_DBT/airflow/airflow_env/lib/python3.11/site-packages/airflow/example_dags/example_setup_teardown_taskflow.py for tasks to queue
[2026-03-10T08:07:08.011+0530] {logging_mixin.py:188} INFO - [2026-03-10T08:07:08.011+0530] {dagbag.py:540} INFO - Filling up the DagBag from /Users/aswin/Documents/data-engineering-practice/ETL_Airflow_DBT/airflow/airflow_env/lib/python3.11/site-packages/airflow/example_dags/example_setup_teardown_taskflow.py
[2026-03-10T08:07:08.025+0530] {processor.py:840} INFO - DAG(s) 'example_setup_teardown_taskflow' retrieved from /Users/aswin/Documents/data-engineering-practice/ETL_Airflow_DBT/airflow/airflow_env/lib/python3.11/site-packages/airflow/example_dags/example_setup_teardown_taskflow.py
[2026-03-10T08:07:08.054+0530] {logging_mixin.py:188} INFO - [2026-03-10T08:07:08.054+0530] {dag.py:3096} INFO - Sync 1 DAGs
[2026-03-10T08:07:08.059+0530] {logging_mixin.py:188} INFO - [2026-03-10T08:07:08.059+0530] {dag.py:3954} INFO - Setting next_dagrun for example_setup_teardown_taskflow to 2026-03-09 00:00:00+00:00, run_after=2026-03-10 00:00:00+00:00
[2026-03-10T08:07:08.064+0530] {processor.py:183} INFO - Processing /Users/aswin/Documents/data-engineering-practice/ETL_Airflow_DBT/airflow/airflow_env/lib/python3.11/site-packages/airflow/example_dags/example_setup_teardown_taskflow.py took 0.055 seconds
[2026-03-10T08:08:31.352+0530] {processor.py:161} INFO - Started process (PID=26061) to work on /Users/aswin/Documents/data-engineering-practice/ETL_Airflow_DBT/airflow/airflow_env/lib/python3.11/site-packages/airflow/example_dags/example_setup_teardown_taskflow.py
[2026-03-10T08:08:31.353+0530] {processor.py:830} INFO - Processing file /Users/aswin/Documents/data-engineering-practice/ETL_Airflow_DBT/airflow/airflow_env/lib/python3.11/site-packages/airflow/example_dags/example_setup_teardown_taskflow.py for tasks to queue
[2026-03-10T08:08:31.353+0530] {logging_mixin.py:188} INFO - [2026-03-10T08:08:31.353+0530] {dagbag.py:540} INFO - Filling up the DagBag from /Users/aswin/Documents/data-engineering-practice/ETL_Airflow_DBT/airflow/airflow_env/lib/python3.11/site-packages/airflow/example_dags/example_setup_teardown_taskflow.py
[2026-03-10T08:08:31.366+0530] {processor.py:840} INFO - DAG(s) 'example_setup_teardown_taskflow' retrieved from /Users/aswin/Documents/data-engineering-practice/ETL_Airflow_DBT/airflow/airflow_env/lib/python3.11/site-packages/airflow/example_dags/example_setup_teardown_taskflow.py
[2026-03-10T08:08:31.395+0530] {logging_mixin.py:188} INFO - [2026-03-10T08:08:31.395+0530] {dag.py:3096} INFO - Sync 1 DAGs
[2026-03-10T08:08:31.400+0530] {logging_mixin.py:188} INFO - [2026-03-10T08:08:31.400+0530] {dag.py:3954} INFO - Setting next_dagrun for example_setup_teardown_taskflow to 2026-03-09 00:00:00+00:00, run_after=2026-03-10 00:00:00+00:00
[2026-03-10T08:08:31.405+0530] {processor.py:183} INFO - Processing /Users/aswin/Documents/data-engineering-practice/ETL_Airflow_DBT/airflow/airflow_env/lib/python3.11/site-packages/airflow/example_dags/example_setup_teardown_taskflow.py took 0.054 seconds
[2026-03-10T08:14:29.922+0530] {processor.py:161} INFO - Started process (PID=26150) to work on /Users/aswin/Documents/data-engineering-practice/ETL_Airflow_DBT/airflow/airflow_env/lib/python3.11/site-packages/airflow/example_dags/example_setup_teardown_taskflow.py
[2026-03-10T08:14:29.922+0530] {processor.py:830} INFO - Processing file /Users/aswin/Documents/data-engineering-practice/ETL_Airflow_DBT/airflow/airflow_env/lib/python3.11/site-packages/airflow/example_dags/example_setup_teardown_taskflow.py for tasks to queue
[2026-03-10T08:14:29.923+0530] {logging_mixin.py:188} INFO - [2026-03-10T08:14:29.923+0530] {dagbag.py:540} INFO - Filling up the DagBag from /Users/aswin/Documents/data-engineering-practice/ETL_Airflow_DBT/airflow/airflow_env/lib/python3.11/site-packages/airflow/example_dags/example_setup_teardown_taskflow.py
[2026-03-10T08:14:29.936+0530] {processor.py:840} INFO - DAG(s) 'example_setup_teardown_taskflow' retrieved from /Users/aswin/Documents/data-engineering-practice/ETL_Airflow_DBT/airflow/airflow_env/lib/python3.11/site-packages/airflow/example_dags/example_setup_teardown_taskflow.py
[2026-03-10T08:14:29.965+0530] {logging_mixin.py:188} INFO - [2026-03-10T08:14:29.964+0530] {dag.py:3096} INFO - Sync 1 DAGs
[2026-03-10T08:14:29.969+0530] {logging_mixin.py:188} INFO - [2026-03-10T08:14:29.969+0530] {dag.py:3954} INFO - Setting next_dagrun for example_setup_teardown_taskflow to 2026-03-09 00:00:00+00:00, run_after=2026-03-10 00:00:00+00:00
[2026-03-10T08:14:29.975+0530] {processor.py:183} INFO - Processing /Users/aswin/Documents/data-engineering-practice/ETL_Airflow_DBT/airflow/airflow_env/lib/python3.11/site-packages/airflow/example_dags/example_setup_teardown_taskflow.py took 0.054 seconds
[2026-03-10T08:16:25.487+0530] {processor.py:161} INFO - Started process (PID=26323) to work on /Users/aswin/Documents/data-engineering-practice/ETL_Airflow_DBT/airflow/airflow_env/lib/python3.11/site-packages/airflow/example_dags/example_setup_teardown_taskflow.py
[2026-03-10T08:16:25.488+0530] {processor.py:830} INFO - Processing file /Users/aswin/Documents/data-engineering-practice/ETL_Airflow_DBT/airflow/airflow_env/lib/python3.11/site-packages/airflow/example_dags/example_setup_teardown_taskflow.py for tasks to queue
[2026-03-10T08:16:25.488+0530] {logging_mixin.py:188} INFO - [2026-03-10T08:16:25.488+0530] {dagbag.py:540} INFO - Filling up the DagBag from /Users/aswin/Documents/data-engineering-practice/ETL_Airflow_DBT/airflow/airflow_env/lib/python3.11/site-packages/airflow/example_dags/example_setup_teardown_taskflow.py
[2026-03-10T08:16:25.503+0530] {processor.py:840} INFO - DAG(s) 'example_setup_teardown_taskflow' retrieved from /Users/aswin/Documents/data-engineering-practice/ETL_Airflow_DBT/airflow/airflow_env/lib/python3.11/site-packages/airflow/example_dags/example_setup_teardown_taskflow.py
[2026-03-10T08:16:25.534+0530] {logging_mixin.py:188} INFO - [2026-03-10T08:16:25.533+0530] {dag.py:3096} INFO - Sync 1 DAGs
[2026-03-10T08:16:25.539+0530] {logging_mixin.py:188} INFO - [2026-03-10T08:16:25.539+0530] {dag.py:3954} INFO - Setting next_dagrun for example_setup_teardown_taskflow to 2026-03-09 00:00:00+00:00, run_after=2026-03-10 00:00:00+00:00
[2026-03-10T08:16:25.545+0530] {processor.py:183} INFO - Processing /Users/aswin/Documents/data-engineering-practice/ETL_Airflow_DBT/airflow/airflow_env/lib/python3.11/site-packages/airflow/example_dags/example_setup_teardown_taskflow.py took 0.058 seconds
[2026-03-10T08:18:01.681+0530] {processor.py:161} INFO - Started process (PID=26421) to work on /Users/aswin/Documents/data-engineering-practice/ETL_Airflow_DBT/airflow/airflow_env/lib/python3.11/site-packages/airflow/example_dags/example_setup_teardown_taskflow.py
[2026-03-10T08:18:01.682+0530] {processor.py:830} INFO - Processing file /Users/aswin/Documents/data-engineering-practice/ETL_Airflow_DBT/airflow/airflow_env/lib/python3.11/site-packages/airflow/example_dags/example_setup_teardown_taskflow.py for tasks to queue
[2026-03-10T08:18:01.682+0530] {logging_mixin.py:188} INFO - [2026-03-10T08:18:01.682+0530] {dagbag.py:540} INFO - Filling up the DagBag from /Users/aswin/Documents/data-engineering-practice/ETL_Airflow_DBT/airflow/airflow_env/lib/python3.11/site-packages/airflow/example_dags/example_setup_teardown_taskflow.py
[2026-03-10T08:18:01.698+0530] {processor.py:840} INFO - DAG(s) 'example_setup_teardown_taskflow' retrieved from /Users/aswin/Documents/data-engineering-practice/ETL_Airflow_DBT/airflow/airflow_env/lib/python3.11/site-packages/airflow/example_dags/example_setup_teardown_taskflow.py
[2026-03-10T08:18:01.729+0530] {logging_mixin.py:188} INFO - [2026-03-10T08:18:01.729+0530] {dag.py:3096} INFO - Sync 1 DAGs
[2026-03-10T08:18:01.735+0530] {logging_mixin.py:188} INFO - [2026-03-10T08:18:01.735+0530] {dag.py:3954} INFO - Setting next_dagrun for example_setup_teardown_taskflow to 2026-03-09 00:00:00+00:00, run_after=2026-03-10 00:00:00+00:00
[2026-03-10T08:18:01.741+0530] {processor.py:183} INFO - Processing /Users/aswin/Documents/data-engineering-practice/ETL_Airflow_DBT/airflow/airflow_env/lib/python3.11/site-packages/airflow/example_dags/example_setup_teardown_taskflow.py took 0.061 seconds
[2026-03-10T08:19:36.473+0530] {processor.py:161} INFO - Started process (PID=26495) to work on /Users/aswin/Documents/data-engineering-practice/ETL_Airflow_DBT/airflow/airflow_env/lib/python3.11/site-packages/airflow/example_dags/example_setup_teardown_taskflow.py
[2026-03-10T08:19:36.474+0530] {processor.py:830} INFO - Processing file /Users/aswin/Documents/data-engineering-practice/ETL_Airflow_DBT/airflow/airflow_env/lib/python3.11/site-packages/airflow/example_dags/example_setup_teardown_taskflow.py for tasks to queue
[2026-03-10T08:19:36.474+0530] {logging_mixin.py:188} INFO - [2026-03-10T08:19:36.474+0530] {dagbag.py:540} INFO - Filling up the DagBag from /Users/aswin/Documents/data-engineering-practice/ETL_Airflow_DBT/airflow/airflow_env/lib/python3.11/site-packages/airflow/example_dags/example_setup_teardown_taskflow.py
[2026-03-10T08:19:36.489+0530] {processor.py:840} INFO - DAG(s) 'example_setup_teardown_taskflow' retrieved from /Users/aswin/Documents/data-engineering-practice/ETL_Airflow_DBT/airflow/airflow_env/lib/python3.11/site-packages/airflow/example_dags/example_setup_teardown_taskflow.py
[2026-03-10T08:19:36.519+0530] {logging_mixin.py:188} INFO - [2026-03-10T08:19:36.519+0530] {dag.py:3096} INFO - Sync 1 DAGs
[2026-03-10T08:19:36.524+0530] {logging_mixin.py:188} INFO - [2026-03-10T08:19:36.524+0530] {dag.py:3954} INFO - Setting next_dagrun for example_setup_teardown_taskflow to 2026-03-09 00:00:00+00:00, run_after=2026-03-10 00:00:00+00:00
[2026-03-10T08:19:36.531+0530] {processor.py:183} INFO - Processing /Users/aswin/Documents/data-engineering-practice/ETL_Airflow_DBT/airflow/airflow_env/lib/python3.11/site-packages/airflow/example_dags/example_setup_teardown_taskflow.py took 0.059 seconds
[2026-03-10T08:21:07.315+0530] {processor.py:161} INFO - Started process (PID=26568) to work on /Users/aswin/Documents/data-engineering-practice/ETL_Airflow_DBT/airflow/airflow_env/lib/python3.11/site-packages/airflow/example_dags/example_setup_teardown_taskflow.py
[2026-03-10T08:21:07.315+0530] {processor.py:830} INFO - Processing file /Users/aswin/Documents/data-engineering-practice/ETL_Airflow_DBT/airflow/airflow_env/lib/python3.11/site-packages/airflow/example_dags/example_setup_teardown_taskflow.py for tasks to queue
[2026-03-10T08:21:07.315+0530] {logging_mixin.py:188} INFO - [2026-03-10T08:21:07.315+0530] {dagbag.py:540} INFO - Filling up the DagBag from /Users/aswin/Documents/data-engineering-practice/ETL_Airflow_DBT/airflow/airflow_env/lib/python3.11/site-packages/airflow/example_dags/example_setup_teardown_taskflow.py
[2026-03-10T08:21:07.330+0530] {processor.py:840} INFO - DAG(s) 'example_setup_teardown_taskflow' retrieved from /Users/aswin/Documents/data-engineering-practice/ETL_Airflow_DBT/airflow/airflow_env/lib/python3.11/site-packages/airflow/example_dags/example_setup_teardown_taskflow.py
[2026-03-10T08:21:07.360+0530] {logging_mixin.py:188} INFO - [2026-03-10T08:21:07.360+0530] {dag.py:3096} INFO - Sync 1 DAGs
[2026-03-10T08:21:07.365+0530] {logging_mixin.py:188} INFO - [2026-03-10T08:21:07.365+0530] {dag.py:3954} INFO - Setting next_dagrun for example_setup_teardown_taskflow to 2026-03-09 00:00:00+00:00, run_after=2026-03-10 00:00:00+00:00
[2026-03-10T08:21:07.371+0530] {processor.py:183} INFO - Processing /Users/aswin/Documents/data-engineering-practice/ETL_Airflow_DBT/airflow/airflow_env/lib/python3.11/site-packages/airflow/example_dags/example_setup_teardown_taskflow.py took 0.057 seconds
[2026-03-10T08:22:42.655+0530] {processor.py:161} INFO - Started process (PID=26642) to work on /Users/aswin/Documents/data-engineering-practice/ETL_Airflow_DBT/airflow/airflow_env/lib/python3.11/site-packages/airflow/example_dags/example_setup_teardown_taskflow.py
[2026-03-10T08:22:42.656+0530] {processor.py:830} INFO - Processing file /Users/aswin/Documents/data-engineering-practice/ETL_Airflow_DBT/airflow/airflow_env/lib/python3.11/site-packages/airflow/example_dags/example_setup_teardown_taskflow.py for tasks to queue
[2026-03-10T08:22:42.656+0530] {logging_mixin.py:188} INFO - [2026-03-10T08:22:42.656+0530] {dagbag.py:540} INFO - Filling up the DagBag from /Users/aswin/Documents/data-engineering-practice/ETL_Airflow_DBT/airflow/airflow_env/lib/python3.11/site-packages/airflow/example_dags/example_setup_teardown_taskflow.py
[2026-03-10T08:22:42.670+0530] {processor.py:840} INFO - DAG(s) 'example_setup_teardown_taskflow' retrieved from /Users/aswin/Documents/data-engineering-practice/ETL_Airflow_DBT/airflow/airflow_env/lib/python3.11/site-packages/airflow/example_dags/example_setup_teardown_taskflow.py
[2026-03-10T08:22:42.699+0530] {logging_mixin.py:188} INFO - [2026-03-10T08:22:42.699+0530] {dag.py:3096} INFO - Sync 1 DAGs
[2026-03-10T08:22:42.703+0530] {logging_mixin.py:188} INFO - [2026-03-10T08:22:42.703+0530] {dag.py:3954} INFO - Setting next_dagrun for example_setup_teardown_taskflow to 2026-03-09 00:00:00+00:00, run_after=2026-03-10 00:00:00+00:00
[2026-03-10T08:22:42.709+0530] {processor.py:183} INFO - Processing /Users/aswin/Documents/data-engineering-practice/ETL_Airflow_DBT/airflow/airflow_env/lib/python3.11/site-packages/airflow/example_dags/example_setup_teardown_taskflow.py took 0.055 seconds
[2026-03-10T08:24:16.402+0530] {processor.py:161} INFO - Started process (PID=26722) to work on /Users/aswin/Documents/data-engineering-practice/ETL_Airflow_DBT/airflow/airflow_env/lib/python3.11/site-packages/airflow/example_dags/example_setup_teardown_taskflow.py
[2026-03-10T08:24:16.403+0530] {processor.py:830} INFO - Processing file /Users/aswin/Documents/data-engineering-practice/ETL_Airflow_DBT/airflow/airflow_env/lib/python3.11/site-packages/airflow/example_dags/example_setup_teardown_taskflow.py for tasks to queue
[2026-03-10T08:24:16.403+0530] {logging_mixin.py:188} INFO - [2026-03-10T08:24:16.403+0530] {dagbag.py:540} INFO - Filling up the DagBag from /Users/aswin/Documents/data-engineering-practice/ETL_Airflow_DBT/airflow/airflow_env/lib/python3.11/site-packages/airflow/example_dags/example_setup_teardown_taskflow.py
[2026-03-10T08:24:16.416+0530] {processor.py:840} INFO - DAG(s) 'example_setup_teardown_taskflow' retrieved from /Users/aswin/Documents/data-engineering-practice/ETL_Airflow_DBT/airflow/airflow_env/lib/python3.11/site-packages/airflow/example_dags/example_setup_teardown_taskflow.py
[2026-03-10T08:24:16.446+0530] {logging_mixin.py:188} INFO - [2026-03-10T08:24:16.446+0530] {dag.py:3096} INFO - Sync 1 DAGs
[2026-03-10T08:24:16.451+0530] {logging_mixin.py:188} INFO - [2026-03-10T08:24:16.451+0530] {dag.py:3954} INFO - Setting next_dagrun for example_setup_teardown_taskflow to 2026-03-09 00:00:00+00:00, run_after=2026-03-10 00:00:00+00:00
[2026-03-10T08:24:16.457+0530] {processor.py:183} INFO - Processing /Users/aswin/Documents/data-engineering-practice/ETL_Airflow_DBT/airflow/airflow_env/lib/python3.11/site-packages/airflow/example_dags/example_setup_teardown_taskflow.py took 0.056 seconds
[2026-03-10T08:25:48.535+0530] {processor.py:161} INFO - Started process (PID=26795) to work on /Users/aswin/Documents/data-engineering-practice/ETL_Airflow_DBT/airflow/airflow_env/lib/python3.11/site-packages/airflow/example_dags/example_setup_teardown_taskflow.py
[2026-03-10T08:25:48.535+0530] {processor.py:830} INFO - Processing file /Users/aswin/Documents/data-engineering-practice/ETL_Airflow_DBT/airflow/airflow_env/lib/python3.11/site-packages/airflow/example_dags/example_setup_teardown_taskflow.py for tasks to queue
[2026-03-10T08:25:48.535+0530] {logging_mixin.py:188} INFO - [2026-03-10T08:25:48.535+0530] {dagbag.py:540} INFO - Filling up the DagBag from /Users/aswin/Documents/data-engineering-practice/ETL_Airflow_DBT/airflow/airflow_env/lib/python3.11/site-packages/airflow/example_dags/example_setup_teardown_taskflow.py
[2026-03-10T08:25:48.549+0530] {processor.py:840} INFO - DAG(s) 'example_setup_teardown_taskflow' retrieved from /Users/aswin/Documents/data-engineering-practice/ETL_Airflow_DBT/airflow/airflow_env/lib/python3.11/site-packages/airflow/example_dags/example_setup_teardown_taskflow.py
[2026-03-10T08:25:48.578+0530] {logging_mixin.py:188} INFO - [2026-03-10T08:25:48.578+0530] {dag.py:3096} INFO - Sync 1 DAGs
[2026-03-10T08:25:48.583+0530] {logging_mixin.py:188} INFO - [2026-03-10T08:25:48.583+0530] {dag.py:3954} INFO - Setting next_dagrun for example_setup_teardown_taskflow to 2026-03-09 00:00:00+00:00, run_after=2026-03-10 00:00:00+00:00
[2026-03-10T08:25:48.589+0530] {processor.py:183} INFO - Processing /Users/aswin/Documents/data-engineering-practice/ETL_Airflow_DBT/airflow/airflow_env/lib/python3.11/site-packages/airflow/example_dags/example_setup_teardown_taskflow.py took 0.055 seconds
[2026-03-10T08:27:19.435+0530] {processor.py:161} INFO - Started process (PID=26879) to work on /Users/aswin/Documents/data-engineering-practice/ETL_Airflow_DBT/airflow/airflow_env/lib/python3.11/site-packages/airflow/example_dags/example_setup_teardown_taskflow.py
[2026-03-10T08:27:19.435+0530] {processor.py:830} INFO - Processing file /Users/aswin/Documents/data-engineering-practice/ETL_Airflow_DBT/airflow/airflow_env/lib/python3.11/site-packages/airflow/example_dags/example_setup_teardown_taskflow.py for tasks to queue
[2026-03-10T08:27:19.435+0530] {logging_mixin.py:188} INFO - [2026-03-10T08:27:19.435+0530] {dagbag.py:540} INFO - Filling up the DagBag from /Users/aswin/Documents/data-engineering-practice/ETL_Airflow_DBT/airflow/airflow_env/lib/python3.11/site-packages/airflow/example_dags/example_setup_teardown_taskflow.py
[2026-03-10T08:27:19.449+0530] {processor.py:840} INFO - DAG(s) 'example_setup_teardown_taskflow' retrieved from /Users/aswin/Documents/data-engineering-practice/ETL_Airflow_DBT/airflow/airflow_env/lib/python3.11/site-packages/airflow/example_dags/example_setup_teardown_taskflow.py
[2026-03-10T08:27:19.479+0530] {logging_mixin.py:188} INFO - [2026-03-10T08:27:19.479+0530] {dag.py:3096} INFO - Sync 1 DAGs
[2026-03-10T08:27:19.484+0530] {logging_mixin.py:188} INFO - [2026-03-10T08:27:19.484+0530] {dag.py:3954} INFO - Setting next_dagrun for example_setup_teardown_taskflow to 2026-03-09 00:00:00+00:00, run_after=2026-03-10 00:00:00+00:00
[2026-03-10T08:27:19.490+0530] {processor.py:183} INFO - Processing /Users/aswin/Documents/data-engineering-practice/ETL_Airflow_DBT/airflow/airflow_env/lib/python3.11/site-packages/airflow/example_dags/example_setup_teardown_taskflow.py took 0.056 seconds
[2026-03-10T08:28:51.448+0530] {processor.py:161} INFO - Started process (PID=26951) to work on /Users/aswin/Documents/data-engineering-practice/ETL_Airflow_DBT/airflow/airflow_env/lib/python3.11/site-packages/airflow/example_dags/example_setup_teardown_taskflow.py
[2026-03-10T08:28:51.450+0530] {processor.py:830} INFO - Processing file /Users/aswin/Documents/data-engineering-practice/ETL_Airflow_DBT/airflow/airflow_env/lib/python3.11/site-packages/airflow/example_dags/example_setup_teardown_taskflow.py for tasks to queue
[2026-03-10T08:28:51.450+0530] {logging_mixin.py:188} INFO - [2026-03-10T08:28:51.450+0530] {dagbag.py:540} INFO - Filling up the DagBag from /Users/aswin/Documents/data-engineering-practice/ETL_Airflow_DBT/airflow/airflow_env/lib/python3.11/site-packages/airflow/example_dags/example_setup_teardown_taskflow.py
[2026-03-10T08:28:51.464+0530] {processor.py:840} INFO - DAG(s) 'example_setup_teardown_taskflow' retrieved from /Users/aswin/Documents/data-engineering-practice/ETL_Airflow_DBT/airflow/airflow_env/lib/python3.11/site-packages/airflow/example_dags/example_setup_teardown_taskflow.py
[2026-03-10T08:28:51.493+0530] {logging_mixin.py:188} INFO - [2026-03-10T08:28:51.492+0530] {dag.py:3096} INFO - Sync 1 DAGs
[2026-03-10T08:28:51.498+0530] {logging_mixin.py:188} INFO - [2026-03-10T08:28:51.498+0530] {dag.py:3954} INFO - Setting next_dagrun for example_setup_teardown_taskflow to 2026-03-09 00:00:00+00:00, run_after=2026-03-10 00:00:00+00:00
[2026-03-10T08:28:51.503+0530] {processor.py:183} INFO - Processing /Users/aswin/Documents/data-engineering-practice/ETL_Airflow_DBT/airflow/airflow_env/lib/python3.11/site-packages/airflow/example_dags/example_setup_teardown_taskflow.py took 0.056 seconds
[2026-03-10T08:30:22.608+0530] {processor.py:161} INFO - Started process (PID=27022) to work on /Users/aswin/Documents/data-engineering-practice/ETL_Airflow_DBT/airflow/airflow_env/lib/python3.11/site-packages/airflow/example_dags/example_setup_teardown_taskflow.py
[2026-03-10T08:30:22.609+0530] {processor.py:830} INFO - Processing file /Users/aswin/Documents/data-engineering-practice/ETL_Airflow_DBT/airflow/airflow_env/lib/python3.11/site-packages/airflow/example_dags/example_setup_teardown_taskflow.py for tasks to queue
[2026-03-10T08:30:22.609+0530] {logging_mixin.py:188} INFO - [2026-03-10T08:30:22.609+0530] {dagbag.py:540} INFO - Filling up the DagBag from /Users/aswin/Documents/data-engineering-practice/ETL_Airflow_DBT/airflow/airflow_env/lib/python3.11/site-packages/airflow/example_dags/example_setup_teardown_taskflow.py
[2026-03-10T08:30:22.623+0530] {processor.py:840} INFO - DAG(s) 'example_setup_teardown_taskflow' retrieved from /Users/aswin/Documents/data-engineering-practice/ETL_Airflow_DBT/airflow/airflow_env/lib/python3.11/site-packages/airflow/example_dags/example_setup_teardown_taskflow.py
[2026-03-10T08:30:22.652+0530] {logging_mixin.py:188} INFO - [2026-03-10T08:30:22.652+0530] {dag.py:3096} INFO - Sync 1 DAGs
[2026-03-10T08:30:22.658+0530] {logging_mixin.py:188} INFO - [2026-03-10T08:30:22.658+0530] {dag.py:3954} INFO - Setting next_dagrun for example_setup_teardown_taskflow to 2026-03-09 00:00:00+00:00, run_after=2026-03-10 00:00:00+00:00
[2026-03-10T08:30:22.664+0530] {processor.py:183} INFO - Processing /Users/aswin/Documents/data-engineering-practice/ETL_Airflow_DBT/airflow/airflow_env/lib/python3.11/site-packages/airflow/example_dags/example_setup_teardown_taskflow.py took 0.056 seconds
[2026-03-10T08:31:55.490+0530] {processor.py:161} INFO - Started process (PID=27104) to work on /Users/aswin/Documents/data-engineering-practice/ETL_Airflow_DBT/airflow/airflow_env/lib/python3.11/site-packages/airflow/example_dags/example_setup_teardown_taskflow.py
[2026-03-10T08:31:55.491+0530] {processor.py:830} INFO - Processing file /Users/aswin/Documents/data-engineering-practice/ETL_Airflow_DBT/airflow/airflow_env/lib/python3.11/site-packages/airflow/example_dags/example_setup_teardown_taskflow.py for tasks to queue
[2026-03-10T08:31:55.491+0530] {logging_mixin.py:188} INFO - [2026-03-10T08:31:55.491+0530] {dagbag.py:540} INFO - Filling up the DagBag from /Users/aswin/Documents/data-engineering-practice/ETL_Airflow_DBT/airflow/airflow_env/lib/python3.11/site-packages/airflow/example_dags/example_setup_teardown_taskflow.py
[2026-03-10T08:31:55.505+0530] {processor.py:840} INFO - DAG(s) 'example_setup_teardown_taskflow' retrieved from /Users/aswin/Documents/data-engineering-practice/ETL_Airflow_DBT/airflow/airflow_env/lib/python3.11/site-packages/airflow/example_dags/example_setup_teardown_taskflow.py
[2026-03-10T08:31:55.533+0530] {logging_mixin.py:188} INFO - [2026-03-10T08:31:55.533+0530] {dag.py:3096} INFO - Sync 1 DAGs
[2026-03-10T08:31:55.538+0530] {logging_mixin.py:188} INFO - [2026-03-10T08:31:55.538+0530] {dag.py:3954} INFO - Setting next_dagrun for example_setup_teardown_taskflow to 2026-03-09 00:00:00+00:00, run_after=2026-03-10 00:00:00+00:00
[2026-03-10T08:31:55.544+0530] {processor.py:183} INFO - Processing /Users/aswin/Documents/data-engineering-practice/ETL_Airflow_DBT/airflow/airflow_env/lib/python3.11/site-packages/airflow/example_dags/example_setup_teardown_taskflow.py took 0.054 seconds
[2026-03-10T08:33:24.959+0530] {processor.py:161} INFO - Started process (PID=27189) to work on /Users/aswin/Documents/data-engineering-practice/ETL_Airflow_DBT/airflow/airflow_env/lib/python3.11/site-packages/airflow/example_dags/example_setup_teardown_taskflow.py
[2026-03-10T08:33:24.959+0530] {processor.py:830} INFO - Processing file /Users/aswin/Documents/data-engineering-practice/ETL_Airflow_DBT/airflow/airflow_env/lib/python3.11/site-packages/airflow/example_dags/example_setup_teardown_taskflow.py for tasks to queue
[2026-03-10T08:33:24.960+0530] {logging_mixin.py:188} INFO - [2026-03-10T08:33:24.960+0530] {dagbag.py:540} INFO - Filling up the DagBag from /Users/aswin/Documents/data-engineering-practice/ETL_Airflow_DBT/airflow/airflow_env/lib/python3.11/site-packages/airflow/example_dags/example_setup_teardown_taskflow.py
[2026-03-10T08:33:24.974+0530] {processor.py:840} INFO - DAG(s) 'example_setup_teardown_taskflow' retrieved from /Users/aswin/Documents/data-engineering-practice/ETL_Airflow_DBT/airflow/airflow_env/lib/python3.11/site-packages/airflow/example_dags/example_setup_teardown_taskflow.py
[2026-03-10T08:33:25.003+0530] {logging_mixin.py:188} INFO - [2026-03-10T08:33:25.002+0530] {dag.py:3096} INFO - Sync 1 DAGs
[2026-03-10T08:33:25.007+0530] {logging_mixin.py:188} INFO - [2026-03-10T08:33:25.007+0530] {dag.py:3954} INFO - Setting next_dagrun for example_setup_teardown_taskflow to 2026-03-09 00:00:00+00:00, run_after=2026-03-10 00:00:00+00:00
[2026-03-10T08:33:25.013+0530] {processor.py:183} INFO - Processing /Users/aswin/Documents/data-engineering-practice/ETL_Airflow_DBT/airflow/airflow_env/lib/python3.11/site-packages/airflow/example_dags/example_setup_teardown_taskflow.py took 0.055 seconds
[2026-03-10T08:34:57.770+0530] {processor.py:161} INFO - Started process (PID=27263) to work on /Users/aswin/Documents/data-engineering-practice/ETL_Airflow_DBT/airflow/airflow_env/lib/python3.11/site-packages/airflow/example_dags/example_setup_teardown_taskflow.py
[2026-03-10T08:34:57.771+0530] {processor.py:830} INFO - Processing file /Users/aswin/Documents/data-engineering-practice/ETL_Airflow_DBT/airflow/airflow_env/lib/python3.11/site-packages/airflow/example_dags/example_setup_teardown_taskflow.py for tasks to queue
[2026-03-10T08:34:57.771+0530] {logging_mixin.py:188} INFO - [2026-03-10T08:34:57.771+0530] {dagbag.py:540} INFO - Filling up the DagBag from /Users/aswin/Documents/data-engineering-practice/ETL_Airflow_DBT/airflow/airflow_env/lib/python3.11/site-packages/airflow/example_dags/example_setup_teardown_taskflow.py
[2026-03-10T08:34:57.785+0530] {processor.py:840} INFO - DAG(s) 'example_setup_teardown_taskflow' retrieved from /Users/aswin/Documents/data-engineering-practice/ETL_Airflow_DBT/airflow/airflow_env/lib/python3.11/site-packages/airflow/example_dags/example_setup_teardown_taskflow.py
[2026-03-10T08:34:57.814+0530] {logging_mixin.py:188} INFO - [2026-03-10T08:34:57.814+0530] {dag.py:3096} INFO - Sync 1 DAGs
[2026-03-10T08:34:57.819+0530] {logging_mixin.py:188} INFO - [2026-03-10T08:34:57.819+0530] {dag.py:3954} INFO - Setting next_dagrun for example_setup_teardown_taskflow to 2026-03-09 00:00:00+00:00, run_after=2026-03-10 00:00:00+00:00
[2026-03-10T08:34:57.824+0530] {processor.py:183} INFO - Processing /Users/aswin/Documents/data-engineering-practice/ETL_Airflow_DBT/airflow/airflow_env/lib/python3.11/site-packages/airflow/example_dags/example_setup_teardown_taskflow.py took 0.055 seconds
[2026-03-10T08:36:29.552+0530] {processor.py:161} INFO - Started process (PID=27341) to work on /Users/aswin/Documents/data-engineering-practice/ETL_Airflow_DBT/airflow/airflow_env/lib/python3.11/site-packages/airflow/example_dags/example_setup_teardown_taskflow.py
[2026-03-10T08:36:29.553+0530] {processor.py:830} INFO - Processing file /Users/aswin/Documents/data-engineering-practice/ETL_Airflow_DBT/airflow/airflow_env/lib/python3.11/site-packages/airflow/example_dags/example_setup_teardown_taskflow.py for tasks to queue
[2026-03-10T08:36:29.553+0530] {logging_mixin.py:188} INFO - [2026-03-10T08:36:29.553+0530] {dagbag.py:540} INFO - Filling up the DagBag from /Users/aswin/Documents/data-engineering-practice/ETL_Airflow_DBT/airflow/airflow_env/lib/python3.11/site-packages/airflow/example_dags/example_setup_teardown_taskflow.py
[2026-03-10T08:36:29.567+0530] {processor.py:840} INFO - DAG(s) 'example_setup_teardown_taskflow' retrieved from /Users/aswin/Documents/data-engineering-practice/ETL_Airflow_DBT/airflow/airflow_env/lib/python3.11/site-packages/airflow/example_dags/example_setup_teardown_taskflow.py
[2026-03-10T08:36:29.596+0530] {logging_mixin.py:188} INFO - [2026-03-10T08:36:29.596+0530] {dag.py:3096} INFO - Sync 1 DAGs
[2026-03-10T08:36:29.601+0530] {logging_mixin.py:188} INFO - [2026-03-10T08:36:29.601+0530] {dag.py:3954} INFO - Setting next_dagrun for example_setup_teardown_taskflow to 2026-03-09 00:00:00+00:00, run_after=2026-03-10 00:00:00+00:00
[2026-03-10T08:36:29.606+0530] {processor.py:183} INFO - Processing /Users/aswin/Documents/data-engineering-practice/ETL_Airflow_DBT/airflow/airflow_env/lib/python3.11/site-packages/airflow/example_dags/example_setup_teardown_taskflow.py took 0.055 seconds
[2026-03-10T09:06:01.512+0530] {processor.py:161} INFO - Started process (PID=27430) to work on /Users/aswin/Documents/data-engineering-practice/ETL_Airflow_DBT/airflow/airflow_env/lib/python3.11/site-packages/airflow/example_dags/example_setup_teardown_taskflow.py
[2026-03-10T09:06:01.512+0530] {processor.py:830} INFO - Processing file /Users/aswin/Documents/data-engineering-practice/ETL_Airflow_DBT/airflow/airflow_env/lib/python3.11/site-packages/airflow/example_dags/example_setup_teardown_taskflow.py for tasks to queue
[2026-03-10T09:06:01.513+0530] {logging_mixin.py:188} INFO - [2026-03-10T09:06:01.513+0530] {dagbag.py:540} INFO - Filling up the DagBag from /Users/aswin/Documents/data-engineering-practice/ETL_Airflow_DBT/airflow/airflow_env/lib/python3.11/site-packages/airflow/example_dags/example_setup_teardown_taskflow.py
[2026-03-10T09:06:01.526+0530] {processor.py:840} INFO - DAG(s) 'example_setup_teardown_taskflow' retrieved from /Users/aswin/Documents/data-engineering-practice/ETL_Airflow_DBT/airflow/airflow_env/lib/python3.11/site-packages/airflow/example_dags/example_setup_teardown_taskflow.py
[2026-03-10T09:06:01.555+0530] {logging_mixin.py:188} INFO - [2026-03-10T09:06:01.555+0530] {dag.py:3096} INFO - Sync 1 DAGs
[2026-03-10T09:06:01.559+0530] {logging_mixin.py:188} INFO - [2026-03-10T09:06:01.559+0530] {dag.py:3954} INFO - Setting next_dagrun for example_setup_teardown_taskflow to 2026-03-09 00:00:00+00:00, run_after=2026-03-10 00:00:00+00:00
[2026-03-10T09:06:01.565+0530] {processor.py:183} INFO - Processing /Users/aswin/Documents/data-engineering-practice/ETL_Airflow_DBT/airflow/airflow_env/lib/python3.11/site-packages/airflow/example_dags/example_setup_teardown_taskflow.py took 0.054 seconds
[2026-03-10T09:11:39.933+0530] {processor.py:161} INFO - Started process (PID=27533) to work on /Users/aswin/Documents/data-engineering-practice/ETL_Airflow_DBT/airflow/airflow_env/lib/python3.11/site-packages/airflow/example_dags/example_setup_teardown_taskflow.py
[2026-03-10T09:11:39.934+0530] {processor.py:830} INFO - Processing file /Users/aswin/Documents/data-engineering-practice/ETL_Airflow_DBT/airflow/airflow_env/lib/python3.11/site-packages/airflow/example_dags/example_setup_teardown_taskflow.py for tasks to queue
[2026-03-10T09:11:39.934+0530] {logging_mixin.py:188} INFO - [2026-03-10T09:11:39.934+0530] {dagbag.py:540} INFO - Filling up the DagBag from /Users/aswin/Documents/data-engineering-practice/ETL_Airflow_DBT/airflow/airflow_env/lib/python3.11/site-packages/airflow/example_dags/example_setup_teardown_taskflow.py
[2026-03-10T09:11:39.947+0530] {processor.py:840} INFO - DAG(s) 'example_setup_teardown_taskflow' retrieved from /Users/aswin/Documents/data-engineering-practice/ETL_Airflow_DBT/airflow/airflow_env/lib/python3.11/site-packages/airflow/example_dags/example_setup_teardown_taskflow.py
[2026-03-10T09:11:39.976+0530] {logging_mixin.py:188} INFO - [2026-03-10T09:11:39.976+0530] {dag.py:3096} INFO - Sync 1 DAGs
[2026-03-10T09:11:39.981+0530] {logging_mixin.py:188} INFO - [2026-03-10T09:11:39.981+0530] {dag.py:3954} INFO - Setting next_dagrun for example_setup_teardown_taskflow to 2026-03-09 00:00:00+00:00, run_after=2026-03-10 00:00:00+00:00
[2026-03-10T09:11:39.986+0530] {processor.py:183} INFO - Processing /Users/aswin/Documents/data-engineering-practice/ETL_Airflow_DBT/airflow/airflow_env/lib/python3.11/site-packages/airflow/example_dags/example_setup_teardown_taskflow.py took 0.054 seconds
[2026-03-10T10:02:00.037+0530] {processor.py:161} INFO - Started process (PID=27665) to work on /Users/aswin/Documents/data-engineering-practice/ETL_Airflow_DBT/airflow/airflow_env/lib/python3.11/site-packages/airflow/example_dags/example_setup_teardown_taskflow.py
[2026-03-10T10:02:00.037+0530] {processor.py:830} INFO - Processing file /Users/aswin/Documents/data-engineering-practice/ETL_Airflow_DBT/airflow/airflow_env/lib/python3.11/site-packages/airflow/example_dags/example_setup_teardown_taskflow.py for tasks to queue
[2026-03-10T10:02:00.038+0530] {logging_mixin.py:188} INFO - [2026-03-10T10:02:00.038+0530] {dagbag.py:540} INFO - Filling up the DagBag from /Users/aswin/Documents/data-engineering-practice/ETL_Airflow_DBT/airflow/airflow_env/lib/python3.11/site-packages/airflow/example_dags/example_setup_teardown_taskflow.py
[2026-03-10T10:02:00.051+0530] {processor.py:840} INFO - DAG(s) 'example_setup_teardown_taskflow' retrieved from /Users/aswin/Documents/data-engineering-practice/ETL_Airflow_DBT/airflow/airflow_env/lib/python3.11/site-packages/airflow/example_dags/example_setup_teardown_taskflow.py
[2026-03-10T10:02:00.080+0530] {logging_mixin.py:188} INFO - [2026-03-10T10:02:00.080+0530] {dag.py:3096} INFO - Sync 1 DAGs
[2026-03-10T10:02:00.085+0530] {logging_mixin.py:188} INFO - [2026-03-10T10:02:00.085+0530] {dag.py:3954} INFO - Setting next_dagrun for example_setup_teardown_taskflow to 2026-03-09 00:00:00+00:00, run_after=2026-03-10 00:00:00+00:00
[2026-03-10T10:02:00.090+0530] {processor.py:183} INFO - Processing /Users/aswin/Documents/data-engineering-practice/ETL_Airflow_DBT/airflow/airflow_env/lib/python3.11/site-packages/airflow/example_dags/example_setup_teardown_taskflow.py took 0.054 seconds
[2026-03-10T10:24:37.571+0530] {processor.py:161} INFO - Started process (PID=27769) to work on /Users/aswin/Documents/data-engineering-practice/ETL_Airflow_DBT/airflow/airflow_env/lib/python3.11/site-packages/airflow/example_dags/example_setup_teardown_taskflow.py
[2026-03-10T10:24:37.571+0530] {processor.py:830} INFO - Processing file /Users/aswin/Documents/data-engineering-practice/ETL_Airflow_DBT/airflow/airflow_env/lib/python3.11/site-packages/airflow/example_dags/example_setup_teardown_taskflow.py for tasks to queue
[2026-03-10T10:24:37.571+0530] {logging_mixin.py:188} INFO - [2026-03-10T10:24:37.571+0530] {dagbag.py:540} INFO - Filling up the DagBag from /Users/aswin/Documents/data-engineering-practice/ETL_Airflow_DBT/airflow/airflow_env/lib/python3.11/site-packages/airflow/example_dags/example_setup_teardown_taskflow.py
[2026-03-10T10:24:37.586+0530] {processor.py:840} INFO - DAG(s) 'example_setup_teardown_taskflow' retrieved from /Users/aswin/Documents/data-engineering-practice/ETL_Airflow_DBT/airflow/airflow_env/lib/python3.11/site-packages/airflow/example_dags/example_setup_teardown_taskflow.py
[2026-03-10T10:24:37.617+0530] {logging_mixin.py:188} INFO - [2026-03-10T10:24:37.617+0530] {dag.py:3096} INFO - Sync 1 DAGs
[2026-03-10T10:24:37.623+0530] {logging_mixin.py:188} INFO - [2026-03-10T10:24:37.623+0530] {dag.py:3954} INFO - Setting next_dagrun for example_setup_teardown_taskflow to 2026-03-09 00:00:00+00:00, run_after=2026-03-10 00:00:00+00:00
[2026-03-10T10:24:37.629+0530] {processor.py:183} INFO - Processing /Users/aswin/Documents/data-engineering-practice/ETL_Airflow_DBT/airflow/airflow_env/lib/python3.11/site-packages/airflow/example_dags/example_setup_teardown_taskflow.py took 0.059 seconds
[2026-03-10T10:25:52.997+0530] {processor.py:161} INFO - Started process (PID=27862) to work on /Users/aswin/Documents/data-engineering-practice/ETL_Airflow_DBT/airflow/airflow_env/lib/python3.11/site-packages/airflow/example_dags/example_setup_teardown_taskflow.py
[2026-03-10T10:25:52.997+0530] {processor.py:830} INFO - Processing file /Users/aswin/Documents/data-engineering-practice/ETL_Airflow_DBT/airflow/airflow_env/lib/python3.11/site-packages/airflow/example_dags/example_setup_teardown_taskflow.py for tasks to queue
[2026-03-10T10:25:52.998+0530] {logging_mixin.py:188} INFO - [2026-03-10T10:25:52.998+0530] {dagbag.py:540} INFO - Filling up the DagBag from /Users/aswin/Documents/data-engineering-practice/ETL_Airflow_DBT/airflow/airflow_env/lib/python3.11/site-packages/airflow/example_dags/example_setup_teardown_taskflow.py
[2026-03-10T10:25:53.013+0530] {processor.py:840} INFO - DAG(s) 'example_setup_teardown_taskflow' retrieved from /Users/aswin/Documents/data-engineering-practice/ETL_Airflow_DBT/airflow/airflow_env/lib/python3.11/site-packages/airflow/example_dags/example_setup_teardown_taskflow.py
[2026-03-10T10:25:53.045+0530] {logging_mixin.py:188} INFO - [2026-03-10T10:25:53.045+0530] {dag.py:3096} INFO - Sync 1 DAGs
[2026-03-10T10:25:53.050+0530] {logging_mixin.py:188} INFO - [2026-03-10T10:25:53.050+0530] {dag.py:3954} INFO - Setting next_dagrun for example_setup_teardown_taskflow to 2026-03-09 00:00:00+00:00, run_after=2026-03-10 00:00:00+00:00
[2026-03-10T10:25:53.056+0530] {processor.py:183} INFO - Processing /Users/aswin/Documents/data-engineering-practice/ETL_Airflow_DBT/airflow/airflow_env/lib/python3.11/site-packages/airflow/example_dags/example_setup_teardown_taskflow.py took 0.061 seconds
[2026-03-10T10:27:31.008+0530] {processor.py:161} INFO - Started process (PID=27969) to work on /Users/aswin/Documents/data-engineering-practice/ETL_Airflow_DBT/airflow/airflow_env/lib/python3.11/site-packages/airflow/example_dags/example_setup_teardown_taskflow.py
[2026-03-10T10:27:31.009+0530] {processor.py:830} INFO - Processing file /Users/aswin/Documents/data-engineering-practice/ETL_Airflow_DBT/airflow/airflow_env/lib/python3.11/site-packages/airflow/example_dags/example_setup_teardown_taskflow.py for tasks to queue
[2026-03-10T10:27:31.009+0530] {logging_mixin.py:188} INFO - [2026-03-10T10:27:31.009+0530] {dagbag.py:540} INFO - Filling up the DagBag from /Users/aswin/Documents/data-engineering-practice/ETL_Airflow_DBT/airflow/airflow_env/lib/python3.11/site-packages/airflow/example_dags/example_setup_teardown_taskflow.py
[2026-03-10T10:27:31.026+0530] {processor.py:840} INFO - DAG(s) 'example_setup_teardown_taskflow' retrieved from /Users/aswin/Documents/data-engineering-practice/ETL_Airflow_DBT/airflow/airflow_env/lib/python3.11/site-packages/airflow/example_dags/example_setup_teardown_taskflow.py
[2026-03-10T10:27:31.060+0530] {logging_mixin.py:188} INFO - [2026-03-10T10:27:31.060+0530] {dag.py:3096} INFO - Sync 1 DAGs
[2026-03-10T10:27:31.066+0530] {logging_mixin.py:188} INFO - [2026-03-10T10:27:31.066+0530] {dag.py:3954} INFO - Setting next_dagrun for example_setup_teardown_taskflow to 2026-03-09 00:00:00+00:00, run_after=2026-03-10 00:00:00+00:00
[2026-03-10T10:27:31.072+0530] {processor.py:183} INFO - Processing /Users/aswin/Documents/data-engineering-practice/ETL_Airflow_DBT/airflow/airflow_env/lib/python3.11/site-packages/airflow/example_dags/example_setup_teardown_taskflow.py took 0.065 seconds
[2026-03-10T10:29:02.681+0530] {processor.py:161} INFO - Started process (PID=28124) to work on /Users/aswin/Documents/data-engineering-practice/ETL_Airflow_DBT/airflow/airflow_env/lib/python3.11/site-packages/airflow/example_dags/example_setup_teardown_taskflow.py
[2026-03-10T10:29:02.681+0530] {processor.py:830} INFO - Processing file /Users/aswin/Documents/data-engineering-practice/ETL_Airflow_DBT/airflow/airflow_env/lib/python3.11/site-packages/airflow/example_dags/example_setup_teardown_taskflow.py for tasks to queue
[2026-03-10T10:29:02.682+0530] {logging_mixin.py:188} INFO - [2026-03-10T10:29:02.681+0530] {dagbag.py:540} INFO - Filling up the DagBag from /Users/aswin/Documents/data-engineering-practice/ETL_Airflow_DBT/airflow/airflow_env/lib/python3.11/site-packages/airflow/example_dags/example_setup_teardown_taskflow.py
[2026-03-10T10:29:02.696+0530] {processor.py:840} INFO - DAG(s) 'example_setup_teardown_taskflow' retrieved from /Users/aswin/Documents/data-engineering-practice/ETL_Airflow_DBT/airflow/airflow_env/lib/python3.11/site-packages/airflow/example_dags/example_setup_teardown_taskflow.py
[2026-03-10T10:29:02.726+0530] {logging_mixin.py:188} INFO - [2026-03-10T10:29:02.726+0530] {dag.py:3096} INFO - Sync 1 DAGs
[2026-03-10T10:29:02.731+0530] {logging_mixin.py:188} INFO - [2026-03-10T10:29:02.731+0530] {dag.py:3954} INFO - Setting next_dagrun for example_setup_teardown_taskflow to 2026-03-09 00:00:00+00:00, run_after=2026-03-10 00:00:00+00:00
[2026-03-10T10:29:02.737+0530] {processor.py:183} INFO - Processing /Users/aswin/Documents/data-engineering-practice/ETL_Airflow_DBT/airflow/airflow_env/lib/python3.11/site-packages/airflow/example_dags/example_setup_teardown_taskflow.py took 0.057 seconds
[2026-03-10T10:30:36.436+0530] {processor.py:161} INFO - Started process (PID=28302) to work on /Users/aswin/Documents/data-engineering-practice/ETL_Airflow_DBT/airflow/airflow_env/lib/python3.11/site-packages/airflow/example_dags/example_setup_teardown_taskflow.py
[2026-03-10T10:30:36.437+0530] {processor.py:830} INFO - Processing file /Users/aswin/Documents/data-engineering-practice/ETL_Airflow_DBT/airflow/airflow_env/lib/python3.11/site-packages/airflow/example_dags/example_setup_teardown_taskflow.py for tasks to queue
[2026-03-10T10:30:36.437+0530] {logging_mixin.py:188} INFO - [2026-03-10T10:30:36.437+0530] {dagbag.py:540} INFO - Filling up the DagBag from /Users/aswin/Documents/data-engineering-practice/ETL_Airflow_DBT/airflow/airflow_env/lib/python3.11/site-packages/airflow/example_dags/example_setup_teardown_taskflow.py
[2026-03-10T10:30:36.451+0530] {processor.py:840} INFO - DAG(s) 'example_setup_teardown_taskflow' retrieved from /Users/aswin/Documents/data-engineering-practice/ETL_Airflow_DBT/airflow/airflow_env/lib/python3.11/site-packages/airflow/example_dags/example_setup_teardown_taskflow.py
[2026-03-10T10:30:36.480+0530] {logging_mixin.py:188} INFO - [2026-03-10T10:30:36.480+0530] {dag.py:3096} INFO - Sync 1 DAGs
[2026-03-10T10:30:36.485+0530] {logging_mixin.py:188} INFO - [2026-03-10T10:30:36.485+0530] {dag.py:3954} INFO - Setting next_dagrun for example_setup_teardown_taskflow to 2026-03-09 00:00:00+00:00, run_after=2026-03-10 00:00:00+00:00
[2026-03-10T10:30:36.491+0530] {processor.py:183} INFO - Processing /Users/aswin/Documents/data-engineering-practice/ETL_Airflow_DBT/airflow/airflow_env/lib/python3.11/site-packages/airflow/example_dags/example_setup_teardown_taskflow.py took 0.055 seconds
[2026-03-10T10:32:17.704+0530] {processor.py:161} INFO - Started process (PID=28438) to work on /Users/aswin/Documents/data-engineering-practice/ETL_Airflow_DBT/airflow/airflow_env/lib/python3.11/site-packages/airflow/example_dags/example_setup_teardown_taskflow.py
[2026-03-10T10:32:17.705+0530] {processor.py:830} INFO - Processing file /Users/aswin/Documents/data-engineering-practice/ETL_Airflow_DBT/airflow/airflow_env/lib/python3.11/site-packages/airflow/example_dags/example_setup_teardown_taskflow.py for tasks to queue
[2026-03-10T10:32:17.705+0530] {logging_mixin.py:188} INFO - [2026-03-10T10:32:17.705+0530] {dagbag.py:540} INFO - Filling up the DagBag from /Users/aswin/Documents/data-engineering-practice/ETL_Airflow_DBT/airflow/airflow_env/lib/python3.11/site-packages/airflow/example_dags/example_setup_teardown_taskflow.py
[2026-03-10T10:32:17.719+0530] {processor.py:840} INFO - DAG(s) 'example_setup_teardown_taskflow' retrieved from /Users/aswin/Documents/data-engineering-practice/ETL_Airflow_DBT/airflow/airflow_env/lib/python3.11/site-packages/airflow/example_dags/example_setup_teardown_taskflow.py
[2026-03-10T10:32:17.749+0530] {logging_mixin.py:188} INFO - [2026-03-10T10:32:17.749+0530] {dag.py:3096} INFO - Sync 1 DAGs
[2026-03-10T10:32:17.754+0530] {logging_mixin.py:188} INFO - [2026-03-10T10:32:17.754+0530] {dag.py:3954} INFO - Setting next_dagrun for example_setup_teardown_taskflow to 2026-03-09 00:00:00+00:00, run_after=2026-03-10 00:00:00+00:00
[2026-03-10T10:32:17.759+0530] {processor.py:183} INFO - Processing /Users/aswin/Documents/data-engineering-practice/ETL_Airflow_DBT/airflow/airflow_env/lib/python3.11/site-packages/airflow/example_dags/example_setup_teardown_taskflow.py took 0.056 seconds
[2026-03-10T10:33:50.038+0530] {processor.py:161} INFO - Started process (PID=28567) to work on /Users/aswin/Documents/data-engineering-practice/ETL_Airflow_DBT/airflow/airflow_env/lib/python3.11/site-packages/airflow/example_dags/example_setup_teardown_taskflow.py
[2026-03-10T10:33:50.039+0530] {processor.py:830} INFO - Processing file /Users/aswin/Documents/data-engineering-practice/ETL_Airflow_DBT/airflow/airflow_env/lib/python3.11/site-packages/airflow/example_dags/example_setup_teardown_taskflow.py for tasks to queue
[2026-03-10T10:33:50.039+0530] {logging_mixin.py:188} INFO - [2026-03-10T10:33:50.039+0530] {dagbag.py:540} INFO - Filling up the DagBag from /Users/aswin/Documents/data-engineering-practice/ETL_Airflow_DBT/airflow/airflow_env/lib/python3.11/site-packages/airflow/example_dags/example_setup_teardown_taskflow.py
[2026-03-10T10:33:50.053+0530] {processor.py:840} INFO - DAG(s) 'example_setup_teardown_taskflow' retrieved from /Users/aswin/Documents/data-engineering-practice/ETL_Airflow_DBT/airflow/airflow_env/lib/python3.11/site-packages/airflow/example_dags/example_setup_teardown_taskflow.py
[2026-03-10T10:33:50.083+0530] {logging_mixin.py:188} INFO - [2026-03-10T10:33:50.083+0530] {dag.py:3096} INFO - Sync 1 DAGs
[2026-03-10T10:33:50.087+0530] {logging_mixin.py:188} INFO - [2026-03-10T10:33:50.087+0530] {dag.py:3954} INFO - Setting next_dagrun for example_setup_teardown_taskflow to 2026-03-09 00:00:00+00:00, run_after=2026-03-10 00:00:00+00:00
[2026-03-10T10:33:50.093+0530] {processor.py:183} INFO - Processing /Users/aswin/Documents/data-engineering-practice/ETL_Airflow_DBT/airflow/airflow_env/lib/python3.11/site-packages/airflow/example_dags/example_setup_teardown_taskflow.py took 0.056 seconds
[2026-03-10T10:35:23.803+0530] {processor.py:161} INFO - Started process (PID=28717) to work on /Users/aswin/Documents/data-engineering-practice/ETL_Airflow_DBT/airflow/airflow_env/lib/python3.11/site-packages/airflow/example_dags/example_setup_teardown_taskflow.py
[2026-03-10T10:35:23.804+0530] {processor.py:830} INFO - Processing file /Users/aswin/Documents/data-engineering-practice/ETL_Airflow_DBT/airflow/airflow_env/lib/python3.11/site-packages/airflow/example_dags/example_setup_teardown_taskflow.py for tasks to queue
[2026-03-10T10:35:23.804+0530] {logging_mixin.py:188} INFO - [2026-03-10T10:35:23.804+0530] {dagbag.py:540} INFO - Filling up the DagBag from /Users/aswin/Documents/data-engineering-practice/ETL_Airflow_DBT/airflow/airflow_env/lib/python3.11/site-packages/airflow/example_dags/example_setup_teardown_taskflow.py
[2026-03-10T10:35:23.821+0530] {processor.py:840} INFO - DAG(s) 'example_setup_teardown_taskflow' retrieved from /Users/aswin/Documents/data-engineering-practice/ETL_Airflow_DBT/airflow/airflow_env/lib/python3.11/site-packages/airflow/example_dags/example_setup_teardown_taskflow.py
[2026-03-10T10:35:23.852+0530] {logging_mixin.py:188} INFO - [2026-03-10T10:35:23.852+0530] {dag.py:3096} INFO - Sync 1 DAGs
[2026-03-10T10:35:23.858+0530] {logging_mixin.py:188} INFO - [2026-03-10T10:35:23.858+0530] {dag.py:3954} INFO - Setting next_dagrun for example_setup_teardown_taskflow to 2026-03-09 00:00:00+00:00, run_after=2026-03-10 00:00:00+00:00
[2026-03-10T10:35:23.864+0530] {processor.py:183} INFO - Processing /Users/aswin/Documents/data-engineering-practice/ETL_Airflow_DBT/airflow/airflow_env/lib/python3.11/site-packages/airflow/example_dags/example_setup_teardown_taskflow.py took 0.062 seconds
[2026-03-10T10:36:56.904+0530] {processor.py:161} INFO - Started process (PID=28880) to work on /Users/aswin/Documents/data-engineering-practice/ETL_Airflow_DBT/airflow/airflow_env/lib/python3.11/site-packages/airflow/example_dags/example_setup_teardown_taskflow.py
[2026-03-10T10:36:56.905+0530] {processor.py:830} INFO - Processing file /Users/aswin/Documents/data-engineering-practice/ETL_Airflow_DBT/airflow/airflow_env/lib/python3.11/site-packages/airflow/example_dags/example_setup_teardown_taskflow.py for tasks to queue
[2026-03-10T10:36:56.905+0530] {logging_mixin.py:188} INFO - [2026-03-10T10:36:56.905+0530] {dagbag.py:540} INFO - Filling up the DagBag from /Users/aswin/Documents/data-engineering-practice/ETL_Airflow_DBT/airflow/airflow_env/lib/python3.11/site-packages/airflow/example_dags/example_setup_teardown_taskflow.py
[2026-03-10T10:36:56.919+0530] {processor.py:840} INFO - DAG(s) 'example_setup_teardown_taskflow' retrieved from /Users/aswin/Documents/data-engineering-practice/ETL_Airflow_DBT/airflow/airflow_env/lib/python3.11/site-packages/airflow/example_dags/example_setup_teardown_taskflow.py
[2026-03-10T10:36:56.948+0530] {logging_mixin.py:188} INFO - [2026-03-10T10:36:56.948+0530] {dag.py:3096} INFO - Sync 1 DAGs
[2026-03-10T10:36:56.953+0530] {logging_mixin.py:188} INFO - [2026-03-10T10:36:56.953+0530] {dag.py:3954} INFO - Setting next_dagrun for example_setup_teardown_taskflow to 2026-03-09 00:00:00+00:00, run_after=2026-03-10 00:00:00+00:00
[2026-03-10T10:36:56.958+0530] {processor.py:183} INFO - Processing /Users/aswin/Documents/data-engineering-practice/ETL_Airflow_DBT/airflow/airflow_env/lib/python3.11/site-packages/airflow/example_dags/example_setup_teardown_taskflow.py took 0.055 seconds
[2026-03-10T10:38:33.435+0530] {processor.py:161} INFO - Started process (PID=29006) to work on /Users/aswin/Documents/data-engineering-practice/ETL_Airflow_DBT/airflow/airflow_env/lib/python3.11/site-packages/airflow/example_dags/example_setup_teardown_taskflow.py
[2026-03-10T10:38:33.435+0530] {processor.py:830} INFO - Processing file /Users/aswin/Documents/data-engineering-practice/ETL_Airflow_DBT/airflow/airflow_env/lib/python3.11/site-packages/airflow/example_dags/example_setup_teardown_taskflow.py for tasks to queue
[2026-03-10T10:38:33.436+0530] {logging_mixin.py:188} INFO - [2026-03-10T10:38:33.435+0530] {dagbag.py:540} INFO - Filling up the DagBag from /Users/aswin/Documents/data-engineering-practice/ETL_Airflow_DBT/airflow/airflow_env/lib/python3.11/site-packages/airflow/example_dags/example_setup_teardown_taskflow.py
[2026-03-10T10:38:33.449+0530] {processor.py:840} INFO - DAG(s) 'example_setup_teardown_taskflow' retrieved from /Users/aswin/Documents/data-engineering-practice/ETL_Airflow_DBT/airflow/airflow_env/lib/python3.11/site-packages/airflow/example_dags/example_setup_teardown_taskflow.py
[2026-03-10T10:38:33.478+0530] {logging_mixin.py:188} INFO - [2026-03-10T10:38:33.478+0530] {dag.py:3096} INFO - Sync 1 DAGs
[2026-03-10T10:38:33.483+0530] {logging_mixin.py:188} INFO - [2026-03-10T10:38:33.483+0530] {dag.py:3954} INFO - Setting next_dagrun for example_setup_teardown_taskflow to 2026-03-09 00:00:00+00:00, run_after=2026-03-10 00:00:00+00:00
[2026-03-10T10:38:33.489+0530] {processor.py:183} INFO - Processing /Users/aswin/Documents/data-engineering-practice/ETL_Airflow_DBT/airflow/airflow_env/lib/python3.11/site-packages/airflow/example_dags/example_setup_teardown_taskflow.py took 0.055 seconds
[2026-03-10T10:40:03.592+0530] {processor.py:161} INFO - Started process (PID=29078) to work on /Users/aswin/Documents/data-engineering-practice/ETL_Airflow_DBT/airflow/airflow_env/lib/python3.11/site-packages/airflow/example_dags/example_setup_teardown_taskflow.py
[2026-03-10T10:40:03.592+0530] {processor.py:830} INFO - Processing file /Users/aswin/Documents/data-engineering-practice/ETL_Airflow_DBT/airflow/airflow_env/lib/python3.11/site-packages/airflow/example_dags/example_setup_teardown_taskflow.py for tasks to queue
[2026-03-10T10:40:03.593+0530] {logging_mixin.py:188} INFO - [2026-03-10T10:40:03.593+0530] {dagbag.py:540} INFO - Filling up the DagBag from /Users/aswin/Documents/data-engineering-practice/ETL_Airflow_DBT/airflow/airflow_env/lib/python3.11/site-packages/airflow/example_dags/example_setup_teardown_taskflow.py
[2026-03-10T10:40:03.607+0530] {processor.py:840} INFO - DAG(s) 'example_setup_teardown_taskflow' retrieved from /Users/aswin/Documents/data-engineering-practice/ETL_Airflow_DBT/airflow/airflow_env/lib/python3.11/site-packages/airflow/example_dags/example_setup_teardown_taskflow.py
[2026-03-10T10:40:03.636+0530] {logging_mixin.py:188} INFO - [2026-03-10T10:40:03.635+0530] {dag.py:3096} INFO - Sync 1 DAGs
[2026-03-10T10:40:03.641+0530] {logging_mixin.py:188} INFO - [2026-03-10T10:40:03.640+0530] {dag.py:3954} INFO - Setting next_dagrun for example_setup_teardown_taskflow to 2026-03-09 00:00:00+00:00, run_after=2026-03-10 00:00:00+00:00
[2026-03-10T10:40:03.646+0530] {processor.py:183} INFO - Processing /Users/aswin/Documents/data-engineering-practice/ETL_Airflow_DBT/airflow/airflow_env/lib/python3.11/site-packages/airflow/example_dags/example_setup_teardown_taskflow.py took 0.055 seconds
[2026-03-10T10:41:39.394+0530] {processor.py:161} INFO - Started process (PID=29165) to work on /Users/aswin/Documents/data-engineering-practice/ETL_Airflow_DBT/airflow/airflow_env/lib/python3.11/site-packages/airflow/example_dags/example_setup_teardown_taskflow.py
[2026-03-10T10:41:39.395+0530] {processor.py:830} INFO - Processing file /Users/aswin/Documents/data-engineering-practice/ETL_Airflow_DBT/airflow/airflow_env/lib/python3.11/site-packages/airflow/example_dags/example_setup_teardown_taskflow.py for tasks to queue
[2026-03-10T10:41:39.395+0530] {logging_mixin.py:188} INFO - [2026-03-10T10:41:39.395+0530] {dagbag.py:540} INFO - Filling up the DagBag from /Users/aswin/Documents/data-engineering-practice/ETL_Airflow_DBT/airflow/airflow_env/lib/python3.11/site-packages/airflow/example_dags/example_setup_teardown_taskflow.py
[2026-03-10T10:41:39.409+0530] {processor.py:840} INFO - DAG(s) 'example_setup_teardown_taskflow' retrieved from /Users/aswin/Documents/data-engineering-practice/ETL_Airflow_DBT/airflow/airflow_env/lib/python3.11/site-packages/airflow/example_dags/example_setup_teardown_taskflow.py
[2026-03-10T10:41:39.439+0530] {logging_mixin.py:188} INFO - [2026-03-10T10:41:39.439+0530] {dag.py:3096} INFO - Sync 1 DAGs
[2026-03-10T10:41:39.444+0530] {logging_mixin.py:188} INFO - [2026-03-10T10:41:39.444+0530] {dag.py:3954} INFO - Setting next_dagrun for example_setup_teardown_taskflow to 2026-03-09 00:00:00+00:00, run_after=2026-03-10 00:00:00+00:00
[2026-03-10T10:41:39.449+0530] {processor.py:183} INFO - Processing /Users/aswin/Documents/data-engineering-practice/ETL_Airflow_DBT/airflow/airflow_env/lib/python3.11/site-packages/airflow/example_dags/example_setup_teardown_taskflow.py took 0.056 seconds
[2026-03-10T10:43:10.693+0530] {processor.py:161} INFO - Started process (PID=29252) to work on /Users/aswin/Documents/data-engineering-practice/ETL_Airflow_DBT/airflow/airflow_env/lib/python3.11/site-packages/airflow/example_dags/example_setup_teardown_taskflow.py
[2026-03-10T10:43:10.694+0530] {processor.py:830} INFO - Processing file /Users/aswin/Documents/data-engineering-practice/ETL_Airflow_DBT/airflow/airflow_env/lib/python3.11/site-packages/airflow/example_dags/example_setup_teardown_taskflow.py for tasks to queue
[2026-03-10T10:43:10.694+0530] {logging_mixin.py:188} INFO - [2026-03-10T10:43:10.694+0530] {dagbag.py:540} INFO - Filling up the DagBag from /Users/aswin/Documents/data-engineering-practice/ETL_Airflow_DBT/airflow/airflow_env/lib/python3.11/site-packages/airflow/example_dags/example_setup_teardown_taskflow.py
[2026-03-10T10:43:10.708+0530] {processor.py:840} INFO - DAG(s) 'example_setup_teardown_taskflow' retrieved from /Users/aswin/Documents/data-engineering-practice/ETL_Airflow_DBT/airflow/airflow_env/lib/python3.11/site-packages/airflow/example_dags/example_setup_teardown_taskflow.py
[2026-03-10T10:43:10.737+0530] {logging_mixin.py:188} INFO - [2026-03-10T10:43:10.736+0530] {dag.py:3096} INFO - Sync 1 DAGs
[2026-03-10T10:43:10.742+0530] {logging_mixin.py:188} INFO - [2026-03-10T10:43:10.741+0530] {dag.py:3954} INFO - Setting next_dagrun for example_setup_teardown_taskflow to 2026-03-09 00:00:00+00:00, run_after=2026-03-10 00:00:00+00:00
[2026-03-10T10:43:10.747+0530] {processor.py:183} INFO - Processing /Users/aswin/Documents/data-engineering-practice/ETL_Airflow_DBT/airflow/airflow_env/lib/python3.11/site-packages/airflow/example_dags/example_setup_teardown_taskflow.py took 0.055 seconds
[2026-03-10T10:44:38.226+0530] {processor.py:161} INFO - Started process (PID=29334) to work on /Users/aswin/Documents/data-engineering-practice/ETL_Airflow_DBT/airflow/airflow_env/lib/python3.11/site-packages/airflow/example_dags/example_setup_teardown_taskflow.py
[2026-03-10T10:44:38.226+0530] {processor.py:830} INFO - Processing file /Users/aswin/Documents/data-engineering-practice/ETL_Airflow_DBT/airflow/airflow_env/lib/python3.11/site-packages/airflow/example_dags/example_setup_teardown_taskflow.py for tasks to queue
[2026-03-10T10:44:38.227+0530] {logging_mixin.py:188} INFO - [2026-03-10T10:44:38.227+0530] {dagbag.py:540} INFO - Filling up the DagBag from /Users/aswin/Documents/data-engineering-practice/ETL_Airflow_DBT/airflow/airflow_env/lib/python3.11/site-packages/airflow/example_dags/example_setup_teardown_taskflow.py
[2026-03-10T10:44:38.240+0530] {processor.py:840} INFO - DAG(s) 'example_setup_teardown_taskflow' retrieved from /Users/aswin/Documents/data-engineering-practice/ETL_Airflow_DBT/airflow/airflow_env/lib/python3.11/site-packages/airflow/example_dags/example_setup_teardown_taskflow.py
[2026-03-10T10:44:38.269+0530] {logging_mixin.py:188} INFO - [2026-03-10T10:44:38.269+0530] {dag.py:3096} INFO - Sync 1 DAGs
[2026-03-10T10:44:38.274+0530] {logging_mixin.py:188} INFO - [2026-03-10T10:44:38.274+0530] {dag.py:3954} INFO - Setting next_dagrun for example_setup_teardown_taskflow to 2026-03-09 00:00:00+00:00, run_after=2026-03-10 00:00:00+00:00
[2026-03-10T10:44:38.280+0530] {processor.py:183} INFO - Processing /Users/aswin/Documents/data-engineering-practice/ETL_Airflow_DBT/airflow/airflow_env/lib/python3.11/site-packages/airflow/example_dags/example_setup_teardown_taskflow.py took 0.055 seconds
[2026-03-10T10:46:09.132+0530] {processor.py:161} INFO - Started process (PID=29431) to work on /Users/aswin/Documents/data-engineering-practice/ETL_Airflow_DBT/airflow/airflow_env/lib/python3.11/site-packages/airflow/example_dags/example_setup_teardown_taskflow.py
[2026-03-10T10:46:09.132+0530] {processor.py:830} INFO - Processing file /Users/aswin/Documents/data-engineering-practice/ETL_Airflow_DBT/airflow/airflow_env/lib/python3.11/site-packages/airflow/example_dags/example_setup_teardown_taskflow.py for tasks to queue
[2026-03-10T10:46:09.132+0530] {logging_mixin.py:188} INFO - [2026-03-10T10:46:09.132+0530] {dagbag.py:540} INFO - Filling up the DagBag from /Users/aswin/Documents/data-engineering-practice/ETL_Airflow_DBT/airflow/airflow_env/lib/python3.11/site-packages/airflow/example_dags/example_setup_teardown_taskflow.py
[2026-03-10T10:46:09.146+0530] {processor.py:840} INFO - DAG(s) 'example_setup_teardown_taskflow' retrieved from /Users/aswin/Documents/data-engineering-practice/ETL_Airflow_DBT/airflow/airflow_env/lib/python3.11/site-packages/airflow/example_dags/example_setup_teardown_taskflow.py
[2026-03-10T10:46:09.175+0530] {logging_mixin.py:188} INFO - [2026-03-10T10:46:09.175+0530] {dag.py:3096} INFO - Sync 1 DAGs
[2026-03-10T10:46:09.181+0530] {logging_mixin.py:188} INFO - [2026-03-10T10:46:09.181+0530] {dag.py:3954} INFO - Setting next_dagrun for example_setup_teardown_taskflow to 2026-03-09 00:00:00+00:00, run_after=2026-03-10 00:00:00+00:00
[2026-03-10T10:46:09.186+0530] {processor.py:183} INFO - Processing /Users/aswin/Documents/data-engineering-practice/ETL_Airflow_DBT/airflow/airflow_env/lib/python3.11/site-packages/airflow/example_dags/example_setup_teardown_taskflow.py took 0.055 seconds
[2026-03-10T12:15:45.024+0530] {processor.py:161} INFO - Started process (PID=29629) to work on /Users/aswin/Documents/data-engineering-practice/ETL_Airflow_DBT/airflow/airflow_env/lib/python3.11/site-packages/airflow/example_dags/example_setup_teardown_taskflow.py
[2026-03-10T12:15:45.024+0530] {processor.py:830} INFO - Processing file /Users/aswin/Documents/data-engineering-practice/ETL_Airflow_DBT/airflow/airflow_env/lib/python3.11/site-packages/airflow/example_dags/example_setup_teardown_taskflow.py for tasks to queue
[2026-03-10T12:15:45.024+0530] {logging_mixin.py:188} INFO - [2026-03-10T12:15:45.024+0530] {dagbag.py:540} INFO - Filling up the DagBag from /Users/aswin/Documents/data-engineering-practice/ETL_Airflow_DBT/airflow/airflow_env/lib/python3.11/site-packages/airflow/example_dags/example_setup_teardown_taskflow.py
[2026-03-10T12:15:45.038+0530] {processor.py:840} INFO - DAG(s) 'example_setup_teardown_taskflow' retrieved from /Users/aswin/Documents/data-engineering-practice/ETL_Airflow_DBT/airflow/airflow_env/lib/python3.11/site-packages/airflow/example_dags/example_setup_teardown_taskflow.py
[2026-03-10T12:15:45.068+0530] {logging_mixin.py:188} INFO - [2026-03-10T12:15:45.068+0530] {dag.py:3096} INFO - Sync 1 DAGs
[2026-03-10T12:15:45.073+0530] {logging_mixin.py:188} INFO - [2026-03-10T12:15:45.073+0530] {dag.py:3954} INFO - Setting next_dagrun for example_setup_teardown_taskflow to 2026-03-09 00:00:00+00:00, run_after=2026-03-10 00:00:00+00:00
[2026-03-10T12:15:45.079+0530] {processor.py:183} INFO - Processing /Users/aswin/Documents/data-engineering-practice/ETL_Airflow_DBT/airflow/airflow_env/lib/python3.11/site-packages/airflow/example_dags/example_setup_teardown_taskflow.py took 0.056 seconds
[2026-03-10T14:03:55.209+0530] {processor.py:161} INFO - Started process (PID=29791) to work on /Users/aswin/Documents/data-engineering-practice/ETL_Airflow_DBT/airflow/airflow_env/lib/python3.11/site-packages/airflow/example_dags/example_setup_teardown_taskflow.py
[2026-03-10T14:03:55.210+0530] {processor.py:830} INFO - Processing file /Users/aswin/Documents/data-engineering-practice/ETL_Airflow_DBT/airflow/airflow_env/lib/python3.11/site-packages/airflow/example_dags/example_setup_teardown_taskflow.py for tasks to queue
[2026-03-10T14:03:55.210+0530] {logging_mixin.py:188} INFO - [2026-03-10T14:03:55.210+0530] {dagbag.py:540} INFO - Filling up the DagBag from /Users/aswin/Documents/data-engineering-practice/ETL_Airflow_DBT/airflow/airflow_env/lib/python3.11/site-packages/airflow/example_dags/example_setup_teardown_taskflow.py
[2026-03-10T14:03:55.230+0530] {processor.py:840} INFO - DAG(s) 'example_setup_teardown_taskflow' retrieved from /Users/aswin/Documents/data-engineering-practice/ETL_Airflow_DBT/airflow/airflow_env/lib/python3.11/site-packages/airflow/example_dags/example_setup_teardown_taskflow.py
[2026-03-10T14:03:55.272+0530] {logging_mixin.py:188} INFO - [2026-03-10T14:03:55.272+0530] {dag.py:3096} INFO - Sync 1 DAGs
[2026-03-10T14:03:55.279+0530] {logging_mixin.py:188} INFO - [2026-03-10T14:03:55.279+0530] {dag.py:3954} INFO - Setting next_dagrun for example_setup_teardown_taskflow to 2026-03-09 00:00:00+00:00, run_after=2026-03-10 00:00:00+00:00
[2026-03-10T14:03:55.288+0530] {processor.py:183} INFO - Processing /Users/aswin/Documents/data-engineering-practice/ETL_Airflow_DBT/airflow/airflow_env/lib/python3.11/site-packages/airflow/example_dags/example_setup_teardown_taskflow.py took 0.080 seconds
[2026-03-10T14:33:09.045+0530] {processor.py:161} INFO - Started process (PID=29905) to work on /Users/aswin/Documents/data-engineering-practice/ETL_Airflow_DBT/airflow/airflow_env/lib/python3.11/site-packages/airflow/example_dags/example_setup_teardown_taskflow.py
[2026-03-10T14:33:09.046+0530] {processor.py:830} INFO - Processing file /Users/aswin/Documents/data-engineering-practice/ETL_Airflow_DBT/airflow/airflow_env/lib/python3.11/site-packages/airflow/example_dags/example_setup_teardown_taskflow.py for tasks to queue
[2026-03-10T14:33:09.046+0530] {logging_mixin.py:188} INFO - [2026-03-10T14:33:09.046+0530] {dagbag.py:540} INFO - Filling up the DagBag from /Users/aswin/Documents/data-engineering-practice/ETL_Airflow_DBT/airflow/airflow_env/lib/python3.11/site-packages/airflow/example_dags/example_setup_teardown_taskflow.py
[2026-03-10T14:33:09.061+0530] {processor.py:840} INFO - DAG(s) 'example_setup_teardown_taskflow' retrieved from /Users/aswin/Documents/data-engineering-practice/ETL_Airflow_DBT/airflow/airflow_env/lib/python3.11/site-packages/airflow/example_dags/example_setup_teardown_taskflow.py
[2026-03-10T14:33:09.091+0530] {logging_mixin.py:188} INFO - [2026-03-10T14:33:09.091+0530] {dag.py:3096} INFO - Sync 1 DAGs
[2026-03-10T14:33:09.096+0530] {logging_mixin.py:188} INFO - [2026-03-10T14:33:09.096+0530] {dag.py:3954} INFO - Setting next_dagrun for example_setup_teardown_taskflow to 2026-03-09 00:00:00+00:00, run_after=2026-03-10 00:00:00+00:00
[2026-03-10T14:33:09.102+0530] {processor.py:183} INFO - Processing /Users/aswin/Documents/data-engineering-practice/ETL_Airflow_DBT/airflow/airflow_env/lib/python3.11/site-packages/airflow/example_dags/example_setup_teardown_taskflow.py took 0.058 seconds
[2026-03-10T16:06:04.314+0530] {processor.py:161} INFO - Started process (PID=30074) to work on /Users/aswin/Documents/data-engineering-practice/ETL_Airflow_DBT/airflow/airflow_env/lib/python3.11/site-packages/airflow/example_dags/example_setup_teardown_taskflow.py
[2026-03-10T16:06:04.315+0530] {processor.py:830} INFO - Processing file /Users/aswin/Documents/data-engineering-practice/ETL_Airflow_DBT/airflow/airflow_env/lib/python3.11/site-packages/airflow/example_dags/example_setup_teardown_taskflow.py for tasks to queue
[2026-03-10T16:06:04.315+0530] {logging_mixin.py:188} INFO - [2026-03-10T16:06:04.315+0530] {dagbag.py:540} INFO - Filling up the DagBag from /Users/aswin/Documents/data-engineering-practice/ETL_Airflow_DBT/airflow/airflow_env/lib/python3.11/site-packages/airflow/example_dags/example_setup_teardown_taskflow.py
[2026-03-10T16:06:04.329+0530] {processor.py:840} INFO - DAG(s) 'example_setup_teardown_taskflow' retrieved from /Users/aswin/Documents/data-engineering-practice/ETL_Airflow_DBT/airflow/airflow_env/lib/python3.11/site-packages/airflow/example_dags/example_setup_teardown_taskflow.py
[2026-03-10T16:06:04.357+0530] {logging_mixin.py:188} INFO - [2026-03-10T16:06:04.357+0530] {dag.py:3096} INFO - Sync 1 DAGs
[2026-03-10T16:06:04.362+0530] {logging_mixin.py:188} INFO - [2026-03-10T16:06:04.362+0530] {dag.py:3954} INFO - Setting next_dagrun for example_setup_teardown_taskflow to 2026-03-09 00:00:00+00:00, run_after=2026-03-10 00:00:00+00:00
[2026-03-10T16:06:04.368+0530] {processor.py:183} INFO - Processing /Users/aswin/Documents/data-engineering-practice/ETL_Airflow_DBT/airflow/airflow_env/lib/python3.11/site-packages/airflow/example_dags/example_setup_teardown_taskflow.py took 0.055 seconds
[2026-03-10T16:51:03.537+0530] {processor.py:161} INFO - Started process (PID=30160) to work on /Users/aswin/Documents/data-engineering-practice/ETL_Airflow_DBT/airflow/airflow_env/lib/python3.11/site-packages/airflow/example_dags/example_setup_teardown_taskflow.py
[2026-03-10T16:51:03.538+0530] {processor.py:830} INFO - Processing file /Users/aswin/Documents/data-engineering-practice/ETL_Airflow_DBT/airflow/airflow_env/lib/python3.11/site-packages/airflow/example_dags/example_setup_teardown_taskflow.py for tasks to queue
[2026-03-10T16:51:03.539+0530] {logging_mixin.py:188} INFO - [2026-03-10T16:51:03.538+0530] {dagbag.py:540} INFO - Filling up the DagBag from /Users/aswin/Documents/data-engineering-practice/ETL_Airflow_DBT/airflow/airflow_env/lib/python3.11/site-packages/airflow/example_dags/example_setup_teardown_taskflow.py
[2026-03-10T16:51:03.555+0530] {processor.py:840} INFO - DAG(s) 'example_setup_teardown_taskflow' retrieved from /Users/aswin/Documents/data-engineering-practice/ETL_Airflow_DBT/airflow/airflow_env/lib/python3.11/site-packages/airflow/example_dags/example_setup_teardown_taskflow.py
[2026-03-10T16:51:03.590+0530] {logging_mixin.py:188} INFO - [2026-03-10T16:51:03.590+0530] {dag.py:3096} INFO - Sync 1 DAGs
[2026-03-10T16:51:03.596+0530] {logging_mixin.py:188} INFO - [2026-03-10T16:51:03.596+0530] {dag.py:3954} INFO - Setting next_dagrun for example_setup_teardown_taskflow to 2026-03-09 00:00:00+00:00, run_after=2026-03-10 00:00:00+00:00
[2026-03-10T16:51:03.602+0530] {processor.py:183} INFO - Processing /Users/aswin/Documents/data-engineering-practice/ETL_Airflow_DBT/airflow/airflow_env/lib/python3.11/site-packages/airflow/example_dags/example_setup_teardown_taskflow.py took 0.066 seconds
[2026-03-10T17:07:24.260+0530] {processor.py:161} INFO - Started process (PID=30214) to work on /Users/aswin/Documents/data-engineering-practice/ETL_Airflow_DBT/airflow/airflow_env/lib/python3.11/site-packages/airflow/example_dags/example_setup_teardown_taskflow.py
[2026-03-10T17:07:24.261+0530] {processor.py:830} INFO - Processing file /Users/aswin/Documents/data-engineering-practice/ETL_Airflow_DBT/airflow/airflow_env/lib/python3.11/site-packages/airflow/example_dags/example_setup_teardown_taskflow.py for tasks to queue
[2026-03-10T17:07:24.261+0530] {logging_mixin.py:188} INFO - [2026-03-10T17:07:24.261+0530] {dagbag.py:540} INFO - Filling up the DagBag from /Users/aswin/Documents/data-engineering-practice/ETL_Airflow_DBT/airflow/airflow_env/lib/python3.11/site-packages/airflow/example_dags/example_setup_teardown_taskflow.py
[2026-03-10T17:07:24.274+0530] {processor.py:840} INFO - DAG(s) 'example_setup_teardown_taskflow' retrieved from /Users/aswin/Documents/data-engineering-practice/ETL_Airflow_DBT/airflow/airflow_env/lib/python3.11/site-packages/airflow/example_dags/example_setup_teardown_taskflow.py
[2026-03-10T17:07:24.303+0530] {logging_mixin.py:188} INFO - [2026-03-10T17:07:24.303+0530] {dag.py:3096} INFO - Sync 1 DAGs
[2026-03-10T17:07:24.308+0530] {logging_mixin.py:188} INFO - [2026-03-10T17:07:24.308+0530] {dag.py:3954} INFO - Setting next_dagrun for example_setup_teardown_taskflow to 2026-03-09 00:00:00+00:00, run_after=2026-03-10 00:00:00+00:00
[2026-03-10T17:07:24.313+0530] {processor.py:183} INFO - Processing /Users/aswin/Documents/data-engineering-practice/ETL_Airflow_DBT/airflow/airflow_env/lib/python3.11/site-packages/airflow/example_dags/example_setup_teardown_taskflow.py took 0.054 seconds
[2026-03-10T18:40:19.698+0530] {processor.py:161} INFO - Started process (PID=30330) to work on /Users/aswin/Documents/data-engineering-practice/ETL_Airflow_DBT/airflow/airflow_env/lib/python3.11/site-packages/airflow/example_dags/example_setup_teardown_taskflow.py
[2026-03-10T18:40:19.699+0530] {processor.py:830} INFO - Processing file /Users/aswin/Documents/data-engineering-practice/ETL_Airflow_DBT/airflow/airflow_env/lib/python3.11/site-packages/airflow/example_dags/example_setup_teardown_taskflow.py for tasks to queue
[2026-03-10T18:40:19.699+0530] {logging_mixin.py:188} INFO - [2026-03-10T18:40:19.699+0530] {dagbag.py:540} INFO - Filling up the DagBag from /Users/aswin/Documents/data-engineering-practice/ETL_Airflow_DBT/airflow/airflow_env/lib/python3.11/site-packages/airflow/example_dags/example_setup_teardown_taskflow.py
[2026-03-10T18:40:19.713+0530] {processor.py:840} INFO - DAG(s) 'example_setup_teardown_taskflow' retrieved from /Users/aswin/Documents/data-engineering-practice/ETL_Airflow_DBT/airflow/airflow_env/lib/python3.11/site-packages/airflow/example_dags/example_setup_teardown_taskflow.py
[2026-03-10T18:40:19.742+0530] {logging_mixin.py:188} INFO - [2026-03-10T18:40:19.742+0530] {dag.py:3096} INFO - Sync 1 DAGs
[2026-03-10T18:40:19.747+0530] {logging_mixin.py:188} INFO - [2026-03-10T18:40:19.746+0530] {dag.py:3954} INFO - Setting next_dagrun for example_setup_teardown_taskflow to 2026-03-09 00:00:00+00:00, run_after=2026-03-10 00:00:00+00:00
[2026-03-10T18:40:19.752+0530] {processor.py:183} INFO - Processing /Users/aswin/Documents/data-engineering-practice/ETL_Airflow_DBT/airflow/airflow_env/lib/python3.11/site-packages/airflow/example_dags/example_setup_teardown_taskflow.py took 0.055 seconds
[2026-03-10T19:40:07.341+0530] {processor.py:161} INFO - Started process (PID=30431) to work on /Users/aswin/Documents/data-engineering-practice/ETL_Airflow_DBT/airflow/airflow_env/lib/python3.11/site-packages/airflow/example_dags/example_setup_teardown_taskflow.py
[2026-03-10T19:40:07.342+0530] {processor.py:830} INFO - Processing file /Users/aswin/Documents/data-engineering-practice/ETL_Airflow_DBT/airflow/airflow_env/lib/python3.11/site-packages/airflow/example_dags/example_setup_teardown_taskflow.py for tasks to queue
[2026-03-10T19:40:07.343+0530] {logging_mixin.py:188} INFO - [2026-03-10T19:40:07.343+0530] {dagbag.py:540} INFO - Filling up the DagBag from /Users/aswin/Documents/data-engineering-practice/ETL_Airflow_DBT/airflow/airflow_env/lib/python3.11/site-packages/airflow/example_dags/example_setup_teardown_taskflow.py
[2026-03-10T19:40:07.356+0530] {processor.py:840} INFO - DAG(s) 'example_setup_teardown_taskflow' retrieved from /Users/aswin/Documents/data-engineering-practice/ETL_Airflow_DBT/airflow/airflow_env/lib/python3.11/site-packages/airflow/example_dags/example_setup_teardown_taskflow.py
[2026-03-10T19:40:07.385+0530] {logging_mixin.py:188} INFO - [2026-03-10T19:40:07.385+0530] {dag.py:3096} INFO - Sync 1 DAGs
[2026-03-10T19:40:07.390+0530] {logging_mixin.py:188} INFO - [2026-03-10T19:40:07.389+0530] {dag.py:3954} INFO - Setting next_dagrun for example_setup_teardown_taskflow to 2026-03-09 00:00:00+00:00, run_after=2026-03-10 00:00:00+00:00
[2026-03-10T19:40:07.395+0530] {processor.py:183} INFO - Processing /Users/aswin/Documents/data-engineering-practice/ETL_Airflow_DBT/airflow/airflow_env/lib/python3.11/site-packages/airflow/example_dags/example_setup_teardown_taskflow.py took 0.055 seconds
[2026-03-10T21:10:40.214+0530] {processor.py:161} INFO - Started process (PID=30541) to work on /Users/aswin/Documents/data-engineering-practice/ETL_Airflow_DBT/airflow/airflow_env/lib/python3.11/site-packages/airflow/example_dags/example_setup_teardown_taskflow.py
[2026-03-10T21:10:40.215+0530] {processor.py:830} INFO - Processing file /Users/aswin/Documents/data-engineering-practice/ETL_Airflow_DBT/airflow/airflow_env/lib/python3.11/site-packages/airflow/example_dags/example_setup_teardown_taskflow.py for tasks to queue
[2026-03-10T21:10:40.216+0530] {logging_mixin.py:188} INFO - [2026-03-10T21:10:40.215+0530] {dagbag.py:540} INFO - Filling up the DagBag from /Users/aswin/Documents/data-engineering-practice/ETL_Airflow_DBT/airflow/airflow_env/lib/python3.11/site-packages/airflow/example_dags/example_setup_teardown_taskflow.py
[2026-03-10T21:10:40.229+0530] {processor.py:840} INFO - DAG(s) 'example_setup_teardown_taskflow' retrieved from /Users/aswin/Documents/data-engineering-practice/ETL_Airflow_DBT/airflow/airflow_env/lib/python3.11/site-packages/airflow/example_dags/example_setup_teardown_taskflow.py
[2026-03-10T21:10:40.259+0530] {logging_mixin.py:188} INFO - [2026-03-10T21:10:40.259+0530] {dag.py:3096} INFO - Sync 1 DAGs
[2026-03-10T21:10:40.264+0530] {logging_mixin.py:188} INFO - [2026-03-10T21:10:40.264+0530] {dag.py:3954} INFO - Setting next_dagrun for example_setup_teardown_taskflow to 2026-03-09 00:00:00+00:00, run_after=2026-03-10 00:00:00+00:00
[2026-03-10T21:10:40.269+0530] {processor.py:183} INFO - Processing /Users/aswin/Documents/data-engineering-practice/ETL_Airflow_DBT/airflow/airflow_env/lib/python3.11/site-packages/airflow/example_dags/example_setup_teardown_taskflow.py took 0.056 seconds
[2026-03-10T22:37:55.671+0530] {processor.py:161} INFO - Started process (PID=30684) to work on /Users/aswin/Documents/data-engineering-practice/ETL_Airflow_DBT/airflow/airflow_env/lib/python3.11/site-packages/airflow/example_dags/example_setup_teardown_taskflow.py
[2026-03-10T22:37:55.672+0530] {processor.py:830} INFO - Processing file /Users/aswin/Documents/data-engineering-practice/ETL_Airflow_DBT/airflow/airflow_env/lib/python3.11/site-packages/airflow/example_dags/example_setup_teardown_taskflow.py for tasks to queue
[2026-03-10T22:37:55.672+0530] {logging_mixin.py:188} INFO - [2026-03-10T22:37:55.672+0530] {dagbag.py:540} INFO - Filling up the DagBag from /Users/aswin/Documents/data-engineering-practice/ETL_Airflow_DBT/airflow/airflow_env/lib/python3.11/site-packages/airflow/example_dags/example_setup_teardown_taskflow.py
[2026-03-10T22:37:55.686+0530] {processor.py:840} INFO - DAG(s) 'example_setup_teardown_taskflow' retrieved from /Users/aswin/Documents/data-engineering-practice/ETL_Airflow_DBT/airflow/airflow_env/lib/python3.11/site-packages/airflow/example_dags/example_setup_teardown_taskflow.py
[2026-03-10T22:37:55.715+0530] {logging_mixin.py:188} INFO - [2026-03-10T22:37:55.715+0530] {dag.py:3096} INFO - Sync 1 DAGs
[2026-03-10T22:37:55.720+0530] {logging_mixin.py:188} INFO - [2026-03-10T22:37:55.720+0530] {dag.py:3954} INFO - Setting next_dagrun for example_setup_teardown_taskflow to 2026-03-09 00:00:00+00:00, run_after=2026-03-10 00:00:00+00:00
[2026-03-10T22:37:55.726+0530] {processor.py:183} INFO - Processing /Users/aswin/Documents/data-engineering-practice/ETL_Airflow_DBT/airflow/airflow_env/lib/python3.11/site-packages/airflow/example_dags/example_setup_teardown_taskflow.py took 0.056 seconds
[2026-03-10T23:56:05.483+0530] {processor.py:161} INFO - Started process (PID=30810) to work on /Users/aswin/Documents/data-engineering-practice/ETL_Airflow_DBT/airflow/airflow_env/lib/python3.11/site-packages/airflow/example_dags/example_setup_teardown_taskflow.py
[2026-03-10T23:56:05.484+0530] {processor.py:830} INFO - Processing file /Users/aswin/Documents/data-engineering-practice/ETL_Airflow_DBT/airflow/airflow_env/lib/python3.11/site-packages/airflow/example_dags/example_setup_teardown_taskflow.py for tasks to queue
[2026-03-10T23:56:05.484+0530] {logging_mixin.py:188} INFO - [2026-03-10T23:56:05.484+0530] {dagbag.py:540} INFO - Filling up the DagBag from /Users/aswin/Documents/data-engineering-practice/ETL_Airflow_DBT/airflow/airflow_env/lib/python3.11/site-packages/airflow/example_dags/example_setup_teardown_taskflow.py
[2026-03-10T23:56:05.498+0530] {processor.py:840} INFO - DAG(s) 'example_setup_teardown_taskflow' retrieved from /Users/aswin/Documents/data-engineering-practice/ETL_Airflow_DBT/airflow/airflow_env/lib/python3.11/site-packages/airflow/example_dags/example_setup_teardown_taskflow.py
[2026-03-10T23:56:05.528+0530] {logging_mixin.py:188} INFO - [2026-03-10T23:56:05.528+0530] {dag.py:3096} INFO - Sync 1 DAGs
[2026-03-10T23:56:05.533+0530] {logging_mixin.py:188} INFO - [2026-03-10T23:56:05.533+0530] {dag.py:3954} INFO - Setting next_dagrun for example_setup_teardown_taskflow to 2026-03-09 00:00:00+00:00, run_after=2026-03-10 00:00:00+00:00
[2026-03-10T23:56:05.538+0530] {processor.py:183} INFO - Processing /Users/aswin/Documents/data-engineering-practice/ETL_Airflow_DBT/airflow/airflow_env/lib/python3.11/site-packages/airflow/example_dags/example_setup_teardown_taskflow.py took 0.056 seconds
[2026-03-10T23:57:36.586+0530] {processor.py:161} INFO - Started process (PID=30870) to work on /Users/aswin/Documents/data-engineering-practice/ETL_Airflow_DBT/airflow/airflow_env/lib/python3.11/site-packages/airflow/example_dags/example_setup_teardown_taskflow.py
[2026-03-10T23:57:36.587+0530] {processor.py:830} INFO - Processing file /Users/aswin/Documents/data-engineering-practice/ETL_Airflow_DBT/airflow/airflow_env/lib/python3.11/site-packages/airflow/example_dags/example_setup_teardown_taskflow.py for tasks to queue
[2026-03-10T23:57:36.587+0530] {logging_mixin.py:188} INFO - [2026-03-10T23:57:36.587+0530] {dagbag.py:540} INFO - Filling up the DagBag from /Users/aswin/Documents/data-engineering-practice/ETL_Airflow_DBT/airflow/airflow_env/lib/python3.11/site-packages/airflow/example_dags/example_setup_teardown_taskflow.py
[2026-03-10T23:57:36.601+0530] {processor.py:840} INFO - DAG(s) 'example_setup_teardown_taskflow' retrieved from /Users/aswin/Documents/data-engineering-practice/ETL_Airflow_DBT/airflow/airflow_env/lib/python3.11/site-packages/airflow/example_dags/example_setup_teardown_taskflow.py
[2026-03-10T23:57:36.630+0530] {logging_mixin.py:188} INFO - [2026-03-10T23:57:36.629+0530] {dag.py:3096} INFO - Sync 1 DAGs
[2026-03-10T23:57:36.634+0530] {logging_mixin.py:188} INFO - [2026-03-10T23:57:36.634+0530] {dag.py:3954} INFO - Setting next_dagrun for example_setup_teardown_taskflow to 2026-03-09 00:00:00+00:00, run_after=2026-03-10 00:00:00+00:00
[2026-03-10T23:57:36.640+0530] {processor.py:183} INFO - Processing /Users/aswin/Documents/data-engineering-practice/ETL_Airflow_DBT/airflow/airflow_env/lib/python3.11/site-packages/airflow/example_dags/example_setup_teardown_taskflow.py took 0.055 seconds
[2026-03-10T23:59:43.723+0530] {processor.py:161} INFO - Started process (PID=30955) to work on /Users/aswin/Documents/data-engineering-practice/ETL_Airflow_DBT/airflow/airflow_env/lib/python3.11/site-packages/airflow/example_dags/example_setup_teardown_taskflow.py
[2026-03-10T23:59:43.724+0530] {processor.py:830} INFO - Processing file /Users/aswin/Documents/data-engineering-practice/ETL_Airflow_DBT/airflow/airflow_env/lib/python3.11/site-packages/airflow/example_dags/example_setup_teardown_taskflow.py for tasks to queue
[2026-03-10T23:59:43.724+0530] {logging_mixin.py:188} INFO - [2026-03-10T23:59:43.724+0530] {dagbag.py:540} INFO - Filling up the DagBag from /Users/aswin/Documents/data-engineering-practice/ETL_Airflow_DBT/airflow/airflow_env/lib/python3.11/site-packages/airflow/example_dags/example_setup_teardown_taskflow.py
[2026-03-10T23:59:43.738+0530] {processor.py:840} INFO - DAG(s) 'example_setup_teardown_taskflow' retrieved from /Users/aswin/Documents/data-engineering-practice/ETL_Airflow_DBT/airflow/airflow_env/lib/python3.11/site-packages/airflow/example_dags/example_setup_teardown_taskflow.py
[2026-03-10T23:59:43.767+0530] {logging_mixin.py:188} INFO - [2026-03-10T23:59:43.767+0530] {dag.py:3096} INFO - Sync 1 DAGs
[2026-03-10T23:59:43.771+0530] {logging_mixin.py:188} INFO - [2026-03-10T23:59:43.771+0530] {dag.py:3954} INFO - Setting next_dagrun for example_setup_teardown_taskflow to 2026-03-09 00:00:00+00:00, run_after=2026-03-10 00:00:00+00:00
[2026-03-10T23:59:43.777+0530] {processor.py:183} INFO - Processing /Users/aswin/Documents/data-engineering-practice/ETL_Airflow_DBT/airflow/airflow_env/lib/python3.11/site-packages/airflow/example_dags/example_setup_teardown_taskflow.py took 0.055 seconds
[2026-03-11T00:01:01.146+0530] {processor.py:161} INFO - Started process (PID=31020) to work on /Users/aswin/Documents/data-engineering-practice/ETL_Airflow_DBT/airflow/airflow_env/lib/python3.11/site-packages/airflow/example_dags/example_setup_teardown_taskflow.py
[2026-03-11T00:01:01.148+0530] {processor.py:830} INFO - Processing file /Users/aswin/Documents/data-engineering-practice/ETL_Airflow_DBT/airflow/airflow_env/lib/python3.11/site-packages/airflow/example_dags/example_setup_teardown_taskflow.py for tasks to queue
[2026-03-11T00:01:01.148+0530] {logging_mixin.py:188} INFO - [2026-03-11T00:01:01.148+0530] {dagbag.py:540} INFO - Filling up the DagBag from /Users/aswin/Documents/data-engineering-practice/ETL_Airflow_DBT/airflow/airflow_env/lib/python3.11/site-packages/airflow/example_dags/example_setup_teardown_taskflow.py
[2026-03-11T00:01:01.161+0530] {processor.py:840} INFO - DAG(s) 'example_setup_teardown_taskflow' retrieved from /Users/aswin/Documents/data-engineering-practice/ETL_Airflow_DBT/airflow/airflow_env/lib/python3.11/site-packages/airflow/example_dags/example_setup_teardown_taskflow.py
[2026-03-11T00:01:01.190+0530] {logging_mixin.py:188} INFO - [2026-03-11T00:01:01.190+0530] {dag.py:3096} INFO - Sync 1 DAGs
[2026-03-11T00:01:01.195+0530] {logging_mixin.py:188} INFO - [2026-03-11T00:01:01.195+0530] {dag.py:3954} INFO - Setting next_dagrun for example_setup_teardown_taskflow to 2026-03-09 00:00:00+00:00, run_after=2026-03-10 00:00:00+00:00
[2026-03-11T00:01:01.200+0530] {processor.py:183} INFO - Processing /Users/aswin/Documents/data-engineering-practice/ETL_Airflow_DBT/airflow/airflow_env/lib/python3.11/site-packages/airflow/example_dags/example_setup_teardown_taskflow.py took 0.055 seconds
[2026-03-11T00:04:14.386+0530] {processor.py:161} INFO - Started process (PID=31073) to work on /Users/aswin/Documents/data-engineering-practice/ETL_Airflow_DBT/airflow/airflow_env/lib/python3.11/site-packages/airflow/example_dags/example_setup_teardown_taskflow.py
[2026-03-11T00:04:14.386+0530] {processor.py:830} INFO - Processing file /Users/aswin/Documents/data-engineering-practice/ETL_Airflow_DBT/airflow/airflow_env/lib/python3.11/site-packages/airflow/example_dags/example_setup_teardown_taskflow.py for tasks to queue
[2026-03-11T00:04:14.386+0530] {logging_mixin.py:188} INFO - [2026-03-11T00:04:14.386+0530] {dagbag.py:540} INFO - Filling up the DagBag from /Users/aswin/Documents/data-engineering-practice/ETL_Airflow_DBT/airflow/airflow_env/lib/python3.11/site-packages/airflow/example_dags/example_setup_teardown_taskflow.py
[2026-03-11T00:04:14.400+0530] {processor.py:840} INFO - DAG(s) 'example_setup_teardown_taskflow' retrieved from /Users/aswin/Documents/data-engineering-practice/ETL_Airflow_DBT/airflow/airflow_env/lib/python3.11/site-packages/airflow/example_dags/example_setup_teardown_taskflow.py
[2026-03-11T00:04:14.429+0530] {logging_mixin.py:188} INFO - [2026-03-11T00:04:14.429+0530] {dag.py:3096} INFO - Sync 1 DAGs
[2026-03-11T00:04:14.434+0530] {logging_mixin.py:188} INFO - [2026-03-11T00:04:14.434+0530] {dag.py:3954} INFO - Setting next_dagrun for example_setup_teardown_taskflow to 2026-03-09 00:00:00+00:00, run_after=2026-03-10 00:00:00+00:00
[2026-03-11T00:04:14.439+0530] {processor.py:183} INFO - Processing /Users/aswin/Documents/data-engineering-practice/ETL_Airflow_DBT/airflow/airflow_env/lib/python3.11/site-packages/airflow/example_dags/example_setup_teardown_taskflow.py took 0.055 seconds
[2026-03-11T00:06:28.233+0530] {processor.py:161} INFO - Started process (PID=31157) to work on /Users/aswin/Documents/data-engineering-practice/ETL_Airflow_DBT/airflow/airflow_env/lib/python3.11/site-packages/airflow/example_dags/example_setup_teardown_taskflow.py
[2026-03-11T00:06:28.234+0530] {processor.py:830} INFO - Processing file /Users/aswin/Documents/data-engineering-practice/ETL_Airflow_DBT/airflow/airflow_env/lib/python3.11/site-packages/airflow/example_dags/example_setup_teardown_taskflow.py for tasks to queue
[2026-03-11T00:06:28.234+0530] {logging_mixin.py:188} INFO - [2026-03-11T00:06:28.234+0530] {dagbag.py:540} INFO - Filling up the DagBag from /Users/aswin/Documents/data-engineering-practice/ETL_Airflow_DBT/airflow/airflow_env/lib/python3.11/site-packages/airflow/example_dags/example_setup_teardown_taskflow.py
[2026-03-11T00:06:28.248+0530] {processor.py:840} INFO - DAG(s) 'example_setup_teardown_taskflow' retrieved from /Users/aswin/Documents/data-engineering-practice/ETL_Airflow_DBT/airflow/airflow_env/lib/python3.11/site-packages/airflow/example_dags/example_setup_teardown_taskflow.py
[2026-03-11T00:06:28.277+0530] {logging_mixin.py:188} INFO - [2026-03-11T00:06:28.277+0530] {dag.py:3096} INFO - Sync 1 DAGs
[2026-03-11T00:06:28.282+0530] {logging_mixin.py:188} INFO - [2026-03-11T00:06:28.282+0530] {dag.py:3954} INFO - Setting next_dagrun for example_setup_teardown_taskflow to 2026-03-09 00:00:00+00:00, run_after=2026-03-10 00:00:00+00:00
[2026-03-11T00:06:28.288+0530] {processor.py:183} INFO - Processing /Users/aswin/Documents/data-engineering-practice/ETL_Airflow_DBT/airflow/airflow_env/lib/python3.11/site-packages/airflow/example_dags/example_setup_teardown_taskflow.py took 0.055 seconds
[2026-03-11T00:08:40.209+0530] {processor.py:161} INFO - Started process (PID=31240) to work on /Users/aswin/Documents/data-engineering-practice/ETL_Airflow_DBT/airflow/airflow_env/lib/python3.11/site-packages/airflow/example_dags/example_setup_teardown_taskflow.py
[2026-03-11T00:08:40.210+0530] {processor.py:830} INFO - Processing file /Users/aswin/Documents/data-engineering-practice/ETL_Airflow_DBT/airflow/airflow_env/lib/python3.11/site-packages/airflow/example_dags/example_setup_teardown_taskflow.py for tasks to queue
[2026-03-11T00:08:40.210+0530] {logging_mixin.py:188} INFO - [2026-03-11T00:08:40.210+0530] {dagbag.py:540} INFO - Filling up the DagBag from /Users/aswin/Documents/data-engineering-practice/ETL_Airflow_DBT/airflow/airflow_env/lib/python3.11/site-packages/airflow/example_dags/example_setup_teardown_taskflow.py
[2026-03-11T00:08:40.226+0530] {processor.py:840} INFO - DAG(s) 'example_setup_teardown_taskflow' retrieved from /Users/aswin/Documents/data-engineering-practice/ETL_Airflow_DBT/airflow/airflow_env/lib/python3.11/site-packages/airflow/example_dags/example_setup_teardown_taskflow.py
[2026-03-11T00:08:40.258+0530] {logging_mixin.py:188} INFO - [2026-03-11T00:08:40.258+0530] {dag.py:3096} INFO - Sync 1 DAGs
[2026-03-11T00:08:40.264+0530] {logging_mixin.py:188} INFO - [2026-03-11T00:08:40.264+0530] {dag.py:3954} INFO - Setting next_dagrun for example_setup_teardown_taskflow to 2026-03-09 00:00:00+00:00, run_after=2026-03-10 00:00:00+00:00
[2026-03-11T00:08:40.270+0530] {processor.py:183} INFO - Processing /Users/aswin/Documents/data-engineering-practice/ETL_Airflow_DBT/airflow/airflow_env/lib/python3.11/site-packages/airflow/example_dags/example_setup_teardown_taskflow.py took 0.062 seconds
[2026-03-11T00:10:53.979+0530] {processor.py:161} INFO - Started process (PID=31324) to work on /Users/aswin/Documents/data-engineering-practice/ETL_Airflow_DBT/airflow/airflow_env/lib/python3.11/site-packages/airflow/example_dags/example_setup_teardown_taskflow.py
[2026-03-11T00:10:53.979+0530] {processor.py:830} INFO - Processing file /Users/aswin/Documents/data-engineering-practice/ETL_Airflow_DBT/airflow/airflow_env/lib/python3.11/site-packages/airflow/example_dags/example_setup_teardown_taskflow.py for tasks to queue
[2026-03-11T00:10:53.979+0530] {logging_mixin.py:188} INFO - [2026-03-11T00:10:53.979+0530] {dagbag.py:540} INFO - Filling up the DagBag from /Users/aswin/Documents/data-engineering-practice/ETL_Airflow_DBT/airflow/airflow_env/lib/python3.11/site-packages/airflow/example_dags/example_setup_teardown_taskflow.py
[2026-03-11T00:10:53.993+0530] {processor.py:840} INFO - DAG(s) 'example_setup_teardown_taskflow' retrieved from /Users/aswin/Documents/data-engineering-practice/ETL_Airflow_DBT/airflow/airflow_env/lib/python3.11/site-packages/airflow/example_dags/example_setup_teardown_taskflow.py
[2026-03-11T00:10:54.023+0530] {logging_mixin.py:188} INFO - [2026-03-11T00:10:54.022+0530] {dag.py:3096} INFO - Sync 1 DAGs
[2026-03-11T00:10:54.027+0530] {logging_mixin.py:188} INFO - [2026-03-11T00:10:54.027+0530] {dag.py:3954} INFO - Setting next_dagrun for example_setup_teardown_taskflow to 2026-03-09 00:00:00+00:00, run_after=2026-03-10 00:00:00+00:00
[2026-03-11T00:10:54.033+0530] {processor.py:183} INFO - Processing /Users/aswin/Documents/data-engineering-practice/ETL_Airflow_DBT/airflow/airflow_env/lib/python3.11/site-packages/airflow/example_dags/example_setup_teardown_taskflow.py took 0.055 seconds
[2026-03-11T00:13:03.308+0530] {processor.py:161} INFO - Started process (PID=31413) to work on /Users/aswin/Documents/data-engineering-practice/ETL_Airflow_DBT/airflow/airflow_env/lib/python3.11/site-packages/airflow/example_dags/example_setup_teardown_taskflow.py
[2026-03-11T00:13:03.308+0530] {processor.py:830} INFO - Processing file /Users/aswin/Documents/data-engineering-practice/ETL_Airflow_DBT/airflow/airflow_env/lib/python3.11/site-packages/airflow/example_dags/example_setup_teardown_taskflow.py for tasks to queue
[2026-03-11T00:13:03.308+0530] {logging_mixin.py:188} INFO - [2026-03-11T00:13:03.308+0530] {dagbag.py:540} INFO - Filling up the DagBag from /Users/aswin/Documents/data-engineering-practice/ETL_Airflow_DBT/airflow/airflow_env/lib/python3.11/site-packages/airflow/example_dags/example_setup_teardown_taskflow.py
[2026-03-11T00:13:03.322+0530] {processor.py:840} INFO - DAG(s) 'example_setup_teardown_taskflow' retrieved from /Users/aswin/Documents/data-engineering-practice/ETL_Airflow_DBT/airflow/airflow_env/lib/python3.11/site-packages/airflow/example_dags/example_setup_teardown_taskflow.py
[2026-03-11T00:13:03.350+0530] {logging_mixin.py:188} INFO - [2026-03-11T00:13:03.350+0530] {dag.py:3096} INFO - Sync 1 DAGs
[2026-03-11T00:13:03.355+0530] {logging_mixin.py:188} INFO - [2026-03-11T00:13:03.355+0530] {dag.py:3954} INFO - Setting next_dagrun for example_setup_teardown_taskflow to 2026-03-09 00:00:00+00:00, run_after=2026-03-10 00:00:00+00:00
[2026-03-11T00:13:03.361+0530] {processor.py:183} INFO - Processing /Users/aswin/Documents/data-engineering-practice/ETL_Airflow_DBT/airflow/airflow_env/lib/python3.11/site-packages/airflow/example_dags/example_setup_teardown_taskflow.py took 0.054 seconds
[2026-03-11T00:15:15.319+0530] {processor.py:161} INFO - Started process (PID=31499) to work on /Users/aswin/Documents/data-engineering-practice/ETL_Airflow_DBT/airflow/airflow_env/lib/python3.11/site-packages/airflow/example_dags/example_setup_teardown_taskflow.py
[2026-03-11T00:15:15.319+0530] {processor.py:830} INFO - Processing file /Users/aswin/Documents/data-engineering-practice/ETL_Airflow_DBT/airflow/airflow_env/lib/python3.11/site-packages/airflow/example_dags/example_setup_teardown_taskflow.py for tasks to queue
[2026-03-11T00:15:15.319+0530] {logging_mixin.py:188} INFO - [2026-03-11T00:15:15.319+0530] {dagbag.py:540} INFO - Filling up the DagBag from /Users/aswin/Documents/data-engineering-practice/ETL_Airflow_DBT/airflow/airflow_env/lib/python3.11/site-packages/airflow/example_dags/example_setup_teardown_taskflow.py
[2026-03-11T00:15:15.333+0530] {processor.py:840} INFO - DAG(s) 'example_setup_teardown_taskflow' retrieved from /Users/aswin/Documents/data-engineering-practice/ETL_Airflow_DBT/airflow/airflow_env/lib/python3.11/site-packages/airflow/example_dags/example_setup_teardown_taskflow.py
[2026-03-11T00:15:15.362+0530] {logging_mixin.py:188} INFO - [2026-03-11T00:15:15.362+0530] {dag.py:3096} INFO - Sync 1 DAGs
[2026-03-11T00:15:15.367+0530] {logging_mixin.py:188} INFO - [2026-03-11T00:15:15.367+0530] {dag.py:3954} INFO - Setting next_dagrun for example_setup_teardown_taskflow to 2026-03-09 00:00:00+00:00, run_after=2026-03-10 00:00:00+00:00
[2026-03-11T00:15:15.372+0530] {processor.py:183} INFO - Processing /Users/aswin/Documents/data-engineering-practice/ETL_Airflow_DBT/airflow/airflow_env/lib/python3.11/site-packages/airflow/example_dags/example_setup_teardown_taskflow.py took 0.055 seconds
[2026-03-11T00:17:17.231+0530] {processor.py:161} INFO - Started process (PID=31581) to work on /Users/aswin/Documents/data-engineering-practice/ETL_Airflow_DBT/airflow/airflow_env/lib/python3.11/site-packages/airflow/example_dags/example_setup_teardown_taskflow.py
[2026-03-11T00:17:17.232+0530] {processor.py:830} INFO - Processing file /Users/aswin/Documents/data-engineering-practice/ETL_Airflow_DBT/airflow/airflow_env/lib/python3.11/site-packages/airflow/example_dags/example_setup_teardown_taskflow.py for tasks to queue
[2026-03-11T00:17:17.232+0530] {logging_mixin.py:188} INFO - [2026-03-11T00:17:17.232+0530] {dagbag.py:540} INFO - Filling up the DagBag from /Users/aswin/Documents/data-engineering-practice/ETL_Airflow_DBT/airflow/airflow_env/lib/python3.11/site-packages/airflow/example_dags/example_setup_teardown_taskflow.py
[2026-03-11T00:17:17.245+0530] {processor.py:840} INFO - DAG(s) 'example_setup_teardown_taskflow' retrieved from /Users/aswin/Documents/data-engineering-practice/ETL_Airflow_DBT/airflow/airflow_env/lib/python3.11/site-packages/airflow/example_dags/example_setup_teardown_taskflow.py
[2026-03-11T00:17:17.274+0530] {logging_mixin.py:188} INFO - [2026-03-11T00:17:17.274+0530] {dag.py:3096} INFO - Sync 1 DAGs
[2026-03-11T00:17:17.279+0530] {logging_mixin.py:188} INFO - [2026-03-11T00:17:17.279+0530] {dag.py:3954} INFO - Setting next_dagrun for example_setup_teardown_taskflow to 2026-03-09 00:00:00+00:00, run_after=2026-03-10 00:00:00+00:00
[2026-03-11T00:17:17.284+0530] {processor.py:183} INFO - Processing /Users/aswin/Documents/data-engineering-practice/ETL_Airflow_DBT/airflow/airflow_env/lib/python3.11/site-packages/airflow/example_dags/example_setup_teardown_taskflow.py took 0.054 seconds
[2026-03-11T00:20:36.185+0530] {processor.py:161} INFO - Started process (PID=31678) to work on /Users/aswin/Documents/data-engineering-practice/ETL_Airflow_DBT/airflow/airflow_env/lib/python3.11/site-packages/airflow/example_dags/example_setup_teardown_taskflow.py
[2026-03-11T00:20:36.186+0530] {processor.py:830} INFO - Processing file /Users/aswin/Documents/data-engineering-practice/ETL_Airflow_DBT/airflow/airflow_env/lib/python3.11/site-packages/airflow/example_dags/example_setup_teardown_taskflow.py for tasks to queue
[2026-03-11T00:20:36.186+0530] {logging_mixin.py:188} INFO - [2026-03-11T00:20:36.186+0530] {dagbag.py:540} INFO - Filling up the DagBag from /Users/aswin/Documents/data-engineering-practice/ETL_Airflow_DBT/airflow/airflow_env/lib/python3.11/site-packages/airflow/example_dags/example_setup_teardown_taskflow.py
[2026-03-11T00:20:36.200+0530] {processor.py:840} INFO - DAG(s) 'example_setup_teardown_taskflow' retrieved from /Users/aswin/Documents/data-engineering-practice/ETL_Airflow_DBT/airflow/airflow_env/lib/python3.11/site-packages/airflow/example_dags/example_setup_teardown_taskflow.py
[2026-03-11T00:20:36.229+0530] {logging_mixin.py:188} INFO - [2026-03-11T00:20:36.229+0530] {dag.py:3096} INFO - Sync 1 DAGs
[2026-03-11T00:20:36.234+0530] {logging_mixin.py:188} INFO - [2026-03-11T00:20:36.233+0530] {dag.py:3954} INFO - Setting next_dagrun for example_setup_teardown_taskflow to 2026-03-09 00:00:00+00:00, run_after=2026-03-10 00:00:00+00:00
[2026-03-11T00:20:36.239+0530] {processor.py:183} INFO - Processing /Users/aswin/Documents/data-engineering-practice/ETL_Airflow_DBT/airflow/airflow_env/lib/python3.11/site-packages/airflow/example_dags/example_setup_teardown_taskflow.py took 0.055 seconds
[2026-03-11T00:33:03.512+0530] {processor.py:161} INFO - Started process (PID=31739) to work on /Users/aswin/Documents/data-engineering-practice/ETL_Airflow_DBT/airflow/airflow_env/lib/python3.11/site-packages/airflow/example_dags/example_setup_teardown_taskflow.py
[2026-03-11T00:33:03.513+0530] {processor.py:830} INFO - Processing file /Users/aswin/Documents/data-engineering-practice/ETL_Airflow_DBT/airflow/airflow_env/lib/python3.11/site-packages/airflow/example_dags/example_setup_teardown_taskflow.py for tasks to queue
[2026-03-11T00:33:03.513+0530] {logging_mixin.py:188} INFO - [2026-03-11T00:33:03.513+0530] {dagbag.py:540} INFO - Filling up the DagBag from /Users/aswin/Documents/data-engineering-practice/ETL_Airflow_DBT/airflow/airflow_env/lib/python3.11/site-packages/airflow/example_dags/example_setup_teardown_taskflow.py
[2026-03-11T00:33:03.527+0530] {processor.py:840} INFO - DAG(s) 'example_setup_teardown_taskflow' retrieved from /Users/aswin/Documents/data-engineering-practice/ETL_Airflow_DBT/airflow/airflow_env/lib/python3.11/site-packages/airflow/example_dags/example_setup_teardown_taskflow.py
[2026-03-11T00:33:03.555+0530] {logging_mixin.py:188} INFO - [2026-03-11T00:33:03.555+0530] {dag.py:3096} INFO - Sync 1 DAGs
[2026-03-11T00:33:07.238+0530] {logging_mixin.py:188} INFO - [2026-03-11T00:33:07.238+0530] {dag.py:3954} INFO - Setting next_dagrun for example_setup_teardown_taskflow to 2026-03-09 00:00:00+00:00, run_after=2026-03-10 00:00:00+00:00
[2026-03-11T00:33:07.306+0530] {processor.py:183} INFO - Processing /Users/aswin/Documents/data-engineering-practice/ETL_Airflow_DBT/airflow/airflow_env/lib/python3.11/site-packages/airflow/example_dags/example_setup_teardown_taskflow.py took 0.262 seconds
[2026-03-11T02:48:22.758+0530] {processor.py:161} INFO - Started process (PID=31876) to work on /Users/aswin/Documents/data-engineering-practice/ETL_Airflow_DBT/airflow/airflow_env/lib/python3.11/site-packages/airflow/example_dags/example_setup_teardown_taskflow.py
[2026-03-11T02:48:22.758+0530] {processor.py:830} INFO - Processing file /Users/aswin/Documents/data-engineering-practice/ETL_Airflow_DBT/airflow/airflow_env/lib/python3.11/site-packages/airflow/example_dags/example_setup_teardown_taskflow.py for tasks to queue
[2026-03-11T02:48:22.758+0530] {logging_mixin.py:188} INFO - [2026-03-11T02:48:22.758+0530] {dagbag.py:540} INFO - Filling up the DagBag from /Users/aswin/Documents/data-engineering-practice/ETL_Airflow_DBT/airflow/airflow_env/lib/python3.11/site-packages/airflow/example_dags/example_setup_teardown_taskflow.py
[2026-03-11T02:48:22.773+0530] {processor.py:840} INFO - DAG(s) 'example_setup_teardown_taskflow' retrieved from /Users/aswin/Documents/data-engineering-practice/ETL_Airflow_DBT/airflow/airflow_env/lib/python3.11/site-packages/airflow/example_dags/example_setup_teardown_taskflow.py
[2026-03-11T02:48:22.802+0530] {logging_mixin.py:188} INFO - [2026-03-11T02:48:22.802+0530] {dag.py:3096} INFO - Sync 1 DAGs
[2026-03-11T02:48:22.807+0530] {logging_mixin.py:188} INFO - [2026-03-11T02:48:22.807+0530] {dag.py:3954} INFO - Setting next_dagrun for example_setup_teardown_taskflow to 2026-03-09 00:00:00+00:00, run_after=2026-03-10 00:00:00+00:00
[2026-03-11T02:48:22.812+0530] {processor.py:183} INFO - Processing /Users/aswin/Documents/data-engineering-practice/ETL_Airflow_DBT/airflow/airflow_env/lib/python3.11/site-packages/airflow/example_dags/example_setup_teardown_taskflow.py took 0.055 seconds
[2026-03-11T04:48:00.759+0530] {processor.py:161} INFO - Started process (PID=32161) to work on /Users/aswin/Documents/data-engineering-practice/ETL_Airflow_DBT/airflow/airflow_env/lib/python3.11/site-packages/airflow/example_dags/example_setup_teardown_taskflow.py
[2026-03-11T04:48:00.761+0530] {processor.py:830} INFO - Processing file /Users/aswin/Documents/data-engineering-practice/ETL_Airflow_DBT/airflow/airflow_env/lib/python3.11/site-packages/airflow/example_dags/example_setup_teardown_taskflow.py for tasks to queue
[2026-03-11T04:48:00.761+0530] {logging_mixin.py:188} INFO - [2026-03-11T04:48:00.761+0530] {dagbag.py:540} INFO - Filling up the DagBag from /Users/aswin/Documents/data-engineering-practice/ETL_Airflow_DBT/airflow/airflow_env/lib/python3.11/site-packages/airflow/example_dags/example_setup_teardown_taskflow.py
[2026-03-11T04:48:00.776+0530] {processor.py:840} INFO - DAG(s) 'example_setup_teardown_taskflow' retrieved from /Users/aswin/Documents/data-engineering-practice/ETL_Airflow_DBT/airflow/airflow_env/lib/python3.11/site-packages/airflow/example_dags/example_setup_teardown_taskflow.py
[2026-03-11T04:48:00.807+0530] {logging_mixin.py:188} INFO - [2026-03-11T04:48:00.807+0530] {dag.py:3096} INFO - Sync 1 DAGs
[2026-03-11T04:48:00.812+0530] {logging_mixin.py:188} INFO - [2026-03-11T04:48:00.812+0530] {dag.py:3954} INFO - Setting next_dagrun for example_setup_teardown_taskflow to 2026-03-09 00:00:00+00:00, run_after=2026-03-10 00:00:00+00:00
[2026-03-11T04:48:00.818+0530] {processor.py:183} INFO - Processing /Users/aswin/Documents/data-engineering-practice/ETL_Airflow_DBT/airflow/airflow_env/lib/python3.11/site-packages/airflow/example_dags/example_setup_teardown_taskflow.py took 0.060 seconds
[2026-03-11T04:49:16.145+0530] {processor.py:161} INFO - Started process (PID=32303) to work on /Users/aswin/Documents/data-engineering-practice/ETL_Airflow_DBT/airflow/airflow_env/lib/python3.11/site-packages/airflow/example_dags/example_setup_teardown_taskflow.py
[2026-03-11T04:49:16.146+0530] {processor.py:830} INFO - Processing file /Users/aswin/Documents/data-engineering-practice/ETL_Airflow_DBT/airflow/airflow_env/lib/python3.11/site-packages/airflow/example_dags/example_setup_teardown_taskflow.py for tasks to queue
[2026-03-11T04:49:16.146+0530] {logging_mixin.py:188} INFO - [2026-03-11T04:49:16.146+0530] {dagbag.py:540} INFO - Filling up the DagBag from /Users/aswin/Documents/data-engineering-practice/ETL_Airflow_DBT/airflow/airflow_env/lib/python3.11/site-packages/airflow/example_dags/example_setup_teardown_taskflow.py
[2026-03-11T04:49:16.160+0530] {processor.py:840} INFO - DAG(s) 'example_setup_teardown_taskflow' retrieved from /Users/aswin/Documents/data-engineering-practice/ETL_Airflow_DBT/airflow/airflow_env/lib/python3.11/site-packages/airflow/example_dags/example_setup_teardown_taskflow.py
[2026-03-11T04:49:16.190+0530] {logging_mixin.py:188} INFO - [2026-03-11T04:49:16.189+0530] {dag.py:3096} INFO - Sync 1 DAGs
[2026-03-11T04:49:16.194+0530] {logging_mixin.py:188} INFO - [2026-03-11T04:49:16.194+0530] {dag.py:3954} INFO - Setting next_dagrun for example_setup_teardown_taskflow to 2026-03-09 00:00:00+00:00, run_after=2026-03-10 00:00:00+00:00
[2026-03-11T04:49:16.200+0530] {processor.py:183} INFO - Processing /Users/aswin/Documents/data-engineering-practice/ETL_Airflow_DBT/airflow/airflow_env/lib/python3.11/site-packages/airflow/example_dags/example_setup_teardown_taskflow.py took 0.055 seconds
[2026-03-11T04:50:45.891+0530] {processor.py:161} INFO - Started process (PID=32465) to work on /Users/aswin/Documents/data-engineering-practice/ETL_Airflow_DBT/airflow/airflow_env/lib/python3.11/site-packages/airflow/example_dags/example_setup_teardown_taskflow.py
[2026-03-11T04:50:45.892+0530] {processor.py:830} INFO - Processing file /Users/aswin/Documents/data-engineering-practice/ETL_Airflow_DBT/airflow/airflow_env/lib/python3.11/site-packages/airflow/example_dags/example_setup_teardown_taskflow.py for tasks to queue
[2026-03-11T04:50:45.892+0530] {logging_mixin.py:188} INFO - [2026-03-11T04:50:45.892+0530] {dagbag.py:540} INFO - Filling up the DagBag from /Users/aswin/Documents/data-engineering-practice/ETL_Airflow_DBT/airflow/airflow_env/lib/python3.11/site-packages/airflow/example_dags/example_setup_teardown_taskflow.py
[2026-03-11T04:50:45.906+0530] {processor.py:840} INFO - DAG(s) 'example_setup_teardown_taskflow' retrieved from /Users/aswin/Documents/data-engineering-practice/ETL_Airflow_DBT/airflow/airflow_env/lib/python3.11/site-packages/airflow/example_dags/example_setup_teardown_taskflow.py
[2026-03-11T04:50:45.936+0530] {logging_mixin.py:188} INFO - [2026-03-11T04:50:45.935+0530] {dag.py:3096} INFO - Sync 1 DAGs
[2026-03-11T04:50:45.941+0530] {logging_mixin.py:188} INFO - [2026-03-11T04:50:45.941+0530] {dag.py:3954} INFO - Setting next_dagrun for example_setup_teardown_taskflow to 2026-03-09 00:00:00+00:00, run_after=2026-03-10 00:00:00+00:00
[2026-03-11T04:50:45.946+0530] {processor.py:183} INFO - Processing /Users/aswin/Documents/data-engineering-practice/ETL_Airflow_DBT/airflow/airflow_env/lib/python3.11/site-packages/airflow/example_dags/example_setup_teardown_taskflow.py took 0.056 seconds
[2026-03-11T04:52:20.205+0530] {processor.py:161} INFO - Started process (PID=32621) to work on /Users/aswin/Documents/data-engineering-practice/ETL_Airflow_DBT/airflow/airflow_env/lib/python3.11/site-packages/airflow/example_dags/example_setup_teardown_taskflow.py
[2026-03-11T04:52:20.205+0530] {processor.py:830} INFO - Processing file /Users/aswin/Documents/data-engineering-practice/ETL_Airflow_DBT/airflow/airflow_env/lib/python3.11/site-packages/airflow/example_dags/example_setup_teardown_taskflow.py for tasks to queue
[2026-03-11T04:52:20.206+0530] {logging_mixin.py:188} INFO - [2026-03-11T04:52:20.206+0530] {dagbag.py:540} INFO - Filling up the DagBag from /Users/aswin/Documents/data-engineering-practice/ETL_Airflow_DBT/airflow/airflow_env/lib/python3.11/site-packages/airflow/example_dags/example_setup_teardown_taskflow.py
[2026-03-11T04:52:20.220+0530] {processor.py:840} INFO - DAG(s) 'example_setup_teardown_taskflow' retrieved from /Users/aswin/Documents/data-engineering-practice/ETL_Airflow_DBT/airflow/airflow_env/lib/python3.11/site-packages/airflow/example_dags/example_setup_teardown_taskflow.py
[2026-03-11T04:52:20.249+0530] {logging_mixin.py:188} INFO - [2026-03-11T04:52:20.249+0530] {dag.py:3096} INFO - Sync 1 DAGs
[2026-03-11T04:52:20.254+0530] {logging_mixin.py:188} INFO - [2026-03-11T04:52:20.254+0530] {dag.py:3954} INFO - Setting next_dagrun for example_setup_teardown_taskflow to 2026-03-09 00:00:00+00:00, run_after=2026-03-10 00:00:00+00:00
[2026-03-11T04:52:20.260+0530] {processor.py:183} INFO - Processing /Users/aswin/Documents/data-engineering-practice/ETL_Airflow_DBT/airflow/airflow_env/lib/python3.11/site-packages/airflow/example_dags/example_setup_teardown_taskflow.py took 0.056 seconds
[2026-03-11T04:53:53.113+0530] {processor.py:161} INFO - Started process (PID=32800) to work on /Users/aswin/Documents/data-engineering-practice/ETL_Airflow_DBT/airflow/airflow_env/lib/python3.11/site-packages/airflow/example_dags/example_setup_teardown_taskflow.py
[2026-03-11T04:53:53.114+0530] {processor.py:830} INFO - Processing file /Users/aswin/Documents/data-engineering-practice/ETL_Airflow_DBT/airflow/airflow_env/lib/python3.11/site-packages/airflow/example_dags/example_setup_teardown_taskflow.py for tasks to queue
[2026-03-11T04:53:53.114+0530] {logging_mixin.py:188} INFO - [2026-03-11T04:53:53.114+0530] {dagbag.py:540} INFO - Filling up the DagBag from /Users/aswin/Documents/data-engineering-practice/ETL_Airflow_DBT/airflow/airflow_env/lib/python3.11/site-packages/airflow/example_dags/example_setup_teardown_taskflow.py
[2026-03-11T04:53:53.128+0530] {processor.py:840} INFO - DAG(s) 'example_setup_teardown_taskflow' retrieved from /Users/aswin/Documents/data-engineering-practice/ETL_Airflow_DBT/airflow/airflow_env/lib/python3.11/site-packages/airflow/example_dags/example_setup_teardown_taskflow.py
[2026-03-11T04:53:53.157+0530] {logging_mixin.py:188} INFO - [2026-03-11T04:53:53.157+0530] {dag.py:3096} INFO - Sync 1 DAGs
[2026-03-11T04:53:53.162+0530] {logging_mixin.py:188} INFO - [2026-03-11T04:53:53.162+0530] {dag.py:3954} INFO - Setting next_dagrun for example_setup_teardown_taskflow to 2026-03-09 00:00:00+00:00, run_after=2026-03-10 00:00:00+00:00
[2026-03-11T04:53:53.167+0530] {processor.py:183} INFO - Processing /Users/aswin/Documents/data-engineering-practice/ETL_Airflow_DBT/airflow/airflow_env/lib/python3.11/site-packages/airflow/example_dags/example_setup_teardown_taskflow.py took 0.055 seconds
[2026-03-11T04:55:25.061+0530] {processor.py:161} INFO - Started process (PID=32890) to work on /Users/aswin/Documents/data-engineering-practice/ETL_Airflow_DBT/airflow/airflow_env/lib/python3.11/site-packages/airflow/example_dags/example_setup_teardown_taskflow.py
[2026-03-11T04:55:25.062+0530] {processor.py:830} INFO - Processing file /Users/aswin/Documents/data-engineering-practice/ETL_Airflow_DBT/airflow/airflow_env/lib/python3.11/site-packages/airflow/example_dags/example_setup_teardown_taskflow.py for tasks to queue
[2026-03-11T04:55:25.063+0530] {logging_mixin.py:188} INFO - [2026-03-11T04:55:25.062+0530] {dagbag.py:540} INFO - Filling up the DagBag from /Users/aswin/Documents/data-engineering-practice/ETL_Airflow_DBT/airflow/airflow_env/lib/python3.11/site-packages/airflow/example_dags/example_setup_teardown_taskflow.py
[2026-03-11T04:55:25.076+0530] {processor.py:840} INFO - DAG(s) 'example_setup_teardown_taskflow' retrieved from /Users/aswin/Documents/data-engineering-practice/ETL_Airflow_DBT/airflow/airflow_env/lib/python3.11/site-packages/airflow/example_dags/example_setup_teardown_taskflow.py
[2026-03-11T04:55:25.105+0530] {logging_mixin.py:188} INFO - [2026-03-11T04:55:25.105+0530] {dag.py:3096} INFO - Sync 1 DAGs
[2026-03-11T04:55:25.110+0530] {logging_mixin.py:188} INFO - [2026-03-11T04:55:25.110+0530] {dag.py:3954} INFO - Setting next_dagrun for example_setup_teardown_taskflow to 2026-03-09 00:00:00+00:00, run_after=2026-03-10 00:00:00+00:00
[2026-03-11T04:55:25.116+0530] {processor.py:183} INFO - Processing /Users/aswin/Documents/data-engineering-practice/ETL_Airflow_DBT/airflow/airflow_env/lib/python3.11/site-packages/airflow/example_dags/example_setup_teardown_taskflow.py took 0.056 seconds
[2026-03-11T04:56:55.135+0530] {processor.py:161} INFO - Started process (PID=32962) to work on /Users/aswin/Documents/data-engineering-practice/ETL_Airflow_DBT/airflow/airflow_env/lib/python3.11/site-packages/airflow/example_dags/example_setup_teardown_taskflow.py
[2026-03-11T04:56:55.136+0530] {processor.py:830} INFO - Processing file /Users/aswin/Documents/data-engineering-practice/ETL_Airflow_DBT/airflow/airflow_env/lib/python3.11/site-packages/airflow/example_dags/example_setup_teardown_taskflow.py for tasks to queue
[2026-03-11T04:56:55.136+0530] {logging_mixin.py:188} INFO - [2026-03-11T04:56:55.136+0530] {dagbag.py:540} INFO - Filling up the DagBag from /Users/aswin/Documents/data-engineering-practice/ETL_Airflow_DBT/airflow/airflow_env/lib/python3.11/site-packages/airflow/example_dags/example_setup_teardown_taskflow.py
[2026-03-11T04:56:55.150+0530] {processor.py:840} INFO - DAG(s) 'example_setup_teardown_taskflow' retrieved from /Users/aswin/Documents/data-engineering-practice/ETL_Airflow_DBT/airflow/airflow_env/lib/python3.11/site-packages/airflow/example_dags/example_setup_teardown_taskflow.py
[2026-03-11T04:56:55.179+0530] {logging_mixin.py:188} INFO - [2026-03-11T04:56:55.179+0530] {dag.py:3096} INFO - Sync 1 DAGs
[2026-03-11T04:56:55.184+0530] {logging_mixin.py:188} INFO - [2026-03-11T04:56:55.184+0530] {dag.py:3954} INFO - Setting next_dagrun for example_setup_teardown_taskflow to 2026-03-09 00:00:00+00:00, run_after=2026-03-10 00:00:00+00:00
[2026-03-11T04:56:55.190+0530] {processor.py:183} INFO - Processing /Users/aswin/Documents/data-engineering-practice/ETL_Airflow_DBT/airflow/airflow_env/lib/python3.11/site-packages/airflow/example_dags/example_setup_teardown_taskflow.py took 0.056 seconds
[2026-03-11T04:58:22.315+0530] {processor.py:161} INFO - Started process (PID=33030) to work on /Users/aswin/Documents/data-engineering-practice/ETL_Airflow_DBT/airflow/airflow_env/lib/python3.11/site-packages/airflow/example_dags/example_setup_teardown_taskflow.py
[2026-03-11T04:58:22.316+0530] {processor.py:830} INFO - Processing file /Users/aswin/Documents/data-engineering-practice/ETL_Airflow_DBT/airflow/airflow_env/lib/python3.11/site-packages/airflow/example_dags/example_setup_teardown_taskflow.py for tasks to queue
[2026-03-11T04:58:22.316+0530] {logging_mixin.py:188} INFO - [2026-03-11T04:58:22.316+0530] {dagbag.py:540} INFO - Filling up the DagBag from /Users/aswin/Documents/data-engineering-practice/ETL_Airflow_DBT/airflow/airflow_env/lib/python3.11/site-packages/airflow/example_dags/example_setup_teardown_taskflow.py
[2026-03-11T04:58:22.331+0530] {processor.py:840} INFO - DAG(s) 'example_setup_teardown_taskflow' retrieved from /Users/aswin/Documents/data-engineering-practice/ETL_Airflow_DBT/airflow/airflow_env/lib/python3.11/site-packages/airflow/example_dags/example_setup_teardown_taskflow.py
[2026-03-11T04:58:22.361+0530] {logging_mixin.py:188} INFO - [2026-03-11T04:58:22.361+0530] {dag.py:3096} INFO - Sync 1 DAGs
[2026-03-11T04:58:22.366+0530] {logging_mixin.py:188} INFO - [2026-03-11T04:58:22.366+0530] {dag.py:3954} INFO - Setting next_dagrun for example_setup_teardown_taskflow to 2026-03-09 00:00:00+00:00, run_after=2026-03-10 00:00:00+00:00
[2026-03-11T04:58:22.372+0530] {processor.py:183} INFO - Processing /Users/aswin/Documents/data-engineering-practice/ETL_Airflow_DBT/airflow/airflow_env/lib/python3.11/site-packages/airflow/example_dags/example_setup_teardown_taskflow.py took 0.057 seconds
[2026-03-11T04:59:56.154+0530] {processor.py:161} INFO - Started process (PID=33108) to work on /Users/aswin/Documents/data-engineering-practice/ETL_Airflow_DBT/airflow/airflow_env/lib/python3.11/site-packages/airflow/example_dags/example_setup_teardown_taskflow.py
[2026-03-11T04:59:56.155+0530] {processor.py:830} INFO - Processing file /Users/aswin/Documents/data-engineering-practice/ETL_Airflow_DBT/airflow/airflow_env/lib/python3.11/site-packages/airflow/example_dags/example_setup_teardown_taskflow.py for tasks to queue
[2026-03-11T04:59:56.155+0530] {logging_mixin.py:188} INFO - [2026-03-11T04:59:56.155+0530] {dagbag.py:540} INFO - Filling up the DagBag from /Users/aswin/Documents/data-engineering-practice/ETL_Airflow_DBT/airflow/airflow_env/lib/python3.11/site-packages/airflow/example_dags/example_setup_teardown_taskflow.py
[2026-03-11T04:59:56.169+0530] {processor.py:840} INFO - DAG(s) 'example_setup_teardown_taskflow' retrieved from /Users/aswin/Documents/data-engineering-practice/ETL_Airflow_DBT/airflow/airflow_env/lib/python3.11/site-packages/airflow/example_dags/example_setup_teardown_taskflow.py
[2026-03-11T04:59:56.198+0530] {logging_mixin.py:188} INFO - [2026-03-11T04:59:56.198+0530] {dag.py:3096} INFO - Sync 1 DAGs
[2026-03-11T04:59:56.203+0530] {logging_mixin.py:188} INFO - [2026-03-11T04:59:56.203+0530] {dag.py:3954} INFO - Setting next_dagrun for example_setup_teardown_taskflow to 2026-03-09 00:00:00+00:00, run_after=2026-03-10 00:00:00+00:00
[2026-03-11T04:59:56.208+0530] {processor.py:183} INFO - Processing /Users/aswin/Documents/data-engineering-practice/ETL_Airflow_DBT/airflow/airflow_env/lib/python3.11/site-packages/airflow/example_dags/example_setup_teardown_taskflow.py took 0.056 seconds
[2026-03-11T05:01:26.014+0530] {processor.py:161} INFO - Started process (PID=33191) to work on /Users/aswin/Documents/data-engineering-practice/ETL_Airflow_DBT/airflow/airflow_env/lib/python3.11/site-packages/airflow/example_dags/example_setup_teardown_taskflow.py
[2026-03-11T05:01:26.015+0530] {processor.py:830} INFO - Processing file /Users/aswin/Documents/data-engineering-practice/ETL_Airflow_DBT/airflow/airflow_env/lib/python3.11/site-packages/airflow/example_dags/example_setup_teardown_taskflow.py for tasks to queue
[2026-03-11T05:01:26.015+0530] {logging_mixin.py:188} INFO - [2026-03-11T05:01:26.015+0530] {dagbag.py:540} INFO - Filling up the DagBag from /Users/aswin/Documents/data-engineering-practice/ETL_Airflow_DBT/airflow/airflow_env/lib/python3.11/site-packages/airflow/example_dags/example_setup_teardown_taskflow.py
[2026-03-11T05:01:26.029+0530] {processor.py:840} INFO - DAG(s) 'example_setup_teardown_taskflow' retrieved from /Users/aswin/Documents/data-engineering-practice/ETL_Airflow_DBT/airflow/airflow_env/lib/python3.11/site-packages/airflow/example_dags/example_setup_teardown_taskflow.py
[2026-03-11T05:01:26.059+0530] {logging_mixin.py:188} INFO - [2026-03-11T05:01:26.058+0530] {dag.py:3096} INFO - Sync 1 DAGs
[2026-03-11T05:01:26.063+0530] {logging_mixin.py:188} INFO - [2026-03-11T05:01:26.063+0530] {dag.py:3954} INFO - Setting next_dagrun for example_setup_teardown_taskflow to 2026-03-09 00:00:00+00:00, run_after=2026-03-10 00:00:00+00:00
[2026-03-11T05:01:26.069+0530] {processor.py:183} INFO - Processing /Users/aswin/Documents/data-engineering-practice/ETL_Airflow_DBT/airflow/airflow_env/lib/python3.11/site-packages/airflow/example_dags/example_setup_teardown_taskflow.py took 0.056 seconds
[2026-03-11T05:02:56.243+0530] {processor.py:161} INFO - Started process (PID=33261) to work on /Users/aswin/Documents/data-engineering-practice/ETL_Airflow_DBT/airflow/airflow_env/lib/python3.11/site-packages/airflow/example_dags/example_setup_teardown_taskflow.py
[2026-03-11T05:02:56.243+0530] {processor.py:830} INFO - Processing file /Users/aswin/Documents/data-engineering-practice/ETL_Airflow_DBT/airflow/airflow_env/lib/python3.11/site-packages/airflow/example_dags/example_setup_teardown_taskflow.py for tasks to queue
[2026-03-11T05:02:56.244+0530] {logging_mixin.py:188} INFO - [2026-03-11T05:02:56.243+0530] {dagbag.py:540} INFO - Filling up the DagBag from /Users/aswin/Documents/data-engineering-practice/ETL_Airflow_DBT/airflow/airflow_env/lib/python3.11/site-packages/airflow/example_dags/example_setup_teardown_taskflow.py
[2026-03-11T05:02:56.257+0530] {processor.py:840} INFO - DAG(s) 'example_setup_teardown_taskflow' retrieved from /Users/aswin/Documents/data-engineering-practice/ETL_Airflow_DBT/airflow/airflow_env/lib/python3.11/site-packages/airflow/example_dags/example_setup_teardown_taskflow.py
[2026-03-11T05:02:56.286+0530] {logging_mixin.py:188} INFO - [2026-03-11T05:02:56.286+0530] {dag.py:3096} INFO - Sync 1 DAGs
[2026-03-11T05:02:56.291+0530] {logging_mixin.py:188} INFO - [2026-03-11T05:02:56.291+0530] {dag.py:3954} INFO - Setting next_dagrun for example_setup_teardown_taskflow to 2026-03-09 00:00:00+00:00, run_after=2026-03-10 00:00:00+00:00
[2026-03-11T05:02:56.297+0530] {processor.py:183} INFO - Processing /Users/aswin/Documents/data-engineering-practice/ETL_Airflow_DBT/airflow/airflow_env/lib/python3.11/site-packages/airflow/example_dags/example_setup_teardown_taskflow.py took 0.055 seconds
[2026-03-11T05:04:25.823+0530] {processor.py:161} INFO - Started process (PID=33331) to work on /Users/aswin/Documents/data-engineering-practice/ETL_Airflow_DBT/airflow/airflow_env/lib/python3.11/site-packages/airflow/example_dags/example_setup_teardown_taskflow.py
[2026-03-11T05:04:25.824+0530] {processor.py:830} INFO - Processing file /Users/aswin/Documents/data-engineering-practice/ETL_Airflow_DBT/airflow/airflow_env/lib/python3.11/site-packages/airflow/example_dags/example_setup_teardown_taskflow.py for tasks to queue
[2026-03-11T05:04:25.824+0530] {logging_mixin.py:188} INFO - [2026-03-11T05:04:25.824+0530] {dagbag.py:540} INFO - Filling up the DagBag from /Users/aswin/Documents/data-engineering-practice/ETL_Airflow_DBT/airflow/airflow_env/lib/python3.11/site-packages/airflow/example_dags/example_setup_teardown_taskflow.py
[2026-03-11T05:04:25.838+0530] {processor.py:840} INFO - DAG(s) 'example_setup_teardown_taskflow' retrieved from /Users/aswin/Documents/data-engineering-practice/ETL_Airflow_DBT/airflow/airflow_env/lib/python3.11/site-packages/airflow/example_dags/example_setup_teardown_taskflow.py
[2026-03-11T05:04:25.867+0530] {logging_mixin.py:188} INFO - [2026-03-11T05:04:25.867+0530] {dag.py:3096} INFO - Sync 1 DAGs
[2026-03-11T05:04:25.872+0530] {logging_mixin.py:188} INFO - [2026-03-11T05:04:25.872+0530] {dag.py:3954} INFO - Setting next_dagrun for example_setup_teardown_taskflow to 2026-03-09 00:00:00+00:00, run_after=2026-03-10 00:00:00+00:00
[2026-03-11T05:04:25.877+0530] {processor.py:183} INFO - Processing /Users/aswin/Documents/data-engineering-practice/ETL_Airflow_DBT/airflow/airflow_env/lib/python3.11/site-packages/airflow/example_dags/example_setup_teardown_taskflow.py took 0.055 seconds
[2026-03-11T05:05:53.230+0530] {processor.py:161} INFO - Started process (PID=33401) to work on /Users/aswin/Documents/data-engineering-practice/ETL_Airflow_DBT/airflow/airflow_env/lib/python3.11/site-packages/airflow/example_dags/example_setup_teardown_taskflow.py
[2026-03-11T05:05:53.231+0530] {processor.py:830} INFO - Processing file /Users/aswin/Documents/data-engineering-practice/ETL_Airflow_DBT/airflow/airflow_env/lib/python3.11/site-packages/airflow/example_dags/example_setup_teardown_taskflow.py for tasks to queue
[2026-03-11T05:05:53.231+0530] {logging_mixin.py:188} INFO - [2026-03-11T05:05:53.231+0530] {dagbag.py:540} INFO - Filling up the DagBag from /Users/aswin/Documents/data-engineering-practice/ETL_Airflow_DBT/airflow/airflow_env/lib/python3.11/site-packages/airflow/example_dags/example_setup_teardown_taskflow.py
[2026-03-11T05:05:53.245+0530] {processor.py:840} INFO - DAG(s) 'example_setup_teardown_taskflow' retrieved from /Users/aswin/Documents/data-engineering-practice/ETL_Airflow_DBT/airflow/airflow_env/lib/python3.11/site-packages/airflow/example_dags/example_setup_teardown_taskflow.py
[2026-03-11T05:05:53.275+0530] {logging_mixin.py:188} INFO - [2026-03-11T05:05:53.274+0530] {dag.py:3096} INFO - Sync 1 DAGs
[2026-03-11T05:05:53.279+0530] {logging_mixin.py:188} INFO - [2026-03-11T05:05:53.279+0530] {dag.py:3954} INFO - Setting next_dagrun for example_setup_teardown_taskflow to 2026-03-09 00:00:00+00:00, run_after=2026-03-10 00:00:00+00:00
[2026-03-11T05:05:53.285+0530] {processor.py:183} INFO - Processing /Users/aswin/Documents/data-engineering-practice/ETL_Airflow_DBT/airflow/airflow_env/lib/python3.11/site-packages/airflow/example_dags/example_setup_teardown_taskflow.py took 0.056 seconds
[2026-03-11T05:07:24.106+0530] {processor.py:161} INFO - Started process (PID=33476) to work on /Users/aswin/Documents/data-engineering-practice/ETL_Airflow_DBT/airflow/airflow_env/lib/python3.11/site-packages/airflow/example_dags/example_setup_teardown_taskflow.py
[2026-03-11T05:07:24.107+0530] {processor.py:830} INFO - Processing file /Users/aswin/Documents/data-engineering-practice/ETL_Airflow_DBT/airflow/airflow_env/lib/python3.11/site-packages/airflow/example_dags/example_setup_teardown_taskflow.py for tasks to queue
[2026-03-11T05:07:24.107+0530] {logging_mixin.py:188} INFO - [2026-03-11T05:07:24.107+0530] {dagbag.py:540} INFO - Filling up the DagBag from /Users/aswin/Documents/data-engineering-practice/ETL_Airflow_DBT/airflow/airflow_env/lib/python3.11/site-packages/airflow/example_dags/example_setup_teardown_taskflow.py
[2026-03-11T05:07:24.121+0530] {processor.py:840} INFO - DAG(s) 'example_setup_teardown_taskflow' retrieved from /Users/aswin/Documents/data-engineering-practice/ETL_Airflow_DBT/airflow/airflow_env/lib/python3.11/site-packages/airflow/example_dags/example_setup_teardown_taskflow.py
[2026-03-11T05:07:24.150+0530] {logging_mixin.py:188} INFO - [2026-03-11T05:07:24.150+0530] {dag.py:3096} INFO - Sync 1 DAGs
[2026-03-11T05:07:24.155+0530] {logging_mixin.py:188} INFO - [2026-03-11T05:07:24.155+0530] {dag.py:3954} INFO - Setting next_dagrun for example_setup_teardown_taskflow to 2026-03-09 00:00:00+00:00, run_after=2026-03-10 00:00:00+00:00
[2026-03-11T05:07:24.161+0530] {processor.py:183} INFO - Processing /Users/aswin/Documents/data-engineering-practice/ETL_Airflow_DBT/airflow/airflow_env/lib/python3.11/site-packages/airflow/example_dags/example_setup_teardown_taskflow.py took 0.055 seconds
[2026-03-11T05:11:47.918+0530] {processor.py:161} INFO - Started process (PID=33589) to work on /Users/aswin/Documents/data-engineering-practice/ETL_Airflow_DBT/airflow/airflow_env/lib/python3.11/site-packages/airflow/example_dags/example_setup_teardown_taskflow.py
[2026-03-11T05:11:47.919+0530] {processor.py:830} INFO - Processing file /Users/aswin/Documents/data-engineering-practice/ETL_Airflow_DBT/airflow/airflow_env/lib/python3.11/site-packages/airflow/example_dags/example_setup_teardown_taskflow.py for tasks to queue
[2026-03-11T05:11:47.919+0530] {logging_mixin.py:188} INFO - [2026-03-11T05:11:47.919+0530] {dagbag.py:540} INFO - Filling up the DagBag from /Users/aswin/Documents/data-engineering-practice/ETL_Airflow_DBT/airflow/airflow_env/lib/python3.11/site-packages/airflow/example_dags/example_setup_teardown_taskflow.py
[2026-03-11T05:11:47.933+0530] {processor.py:840} INFO - DAG(s) 'example_setup_teardown_taskflow' retrieved from /Users/aswin/Documents/data-engineering-practice/ETL_Airflow_DBT/airflow/airflow_env/lib/python3.11/site-packages/airflow/example_dags/example_setup_teardown_taskflow.py
[2026-03-11T05:11:47.962+0530] {logging_mixin.py:188} INFO - [2026-03-11T05:11:47.962+0530] {dag.py:3096} INFO - Sync 1 DAGs
[2026-03-11T05:11:47.967+0530] {logging_mixin.py:188} INFO - [2026-03-11T05:11:47.967+0530] {dag.py:3954} INFO - Setting next_dagrun for example_setup_teardown_taskflow to 2026-03-09 00:00:00+00:00, run_after=2026-03-10 00:00:00+00:00
[2026-03-11T05:11:47.973+0530] {processor.py:183} INFO - Processing /Users/aswin/Documents/data-engineering-practice/ETL_Airflow_DBT/airflow/airflow_env/lib/python3.11/site-packages/airflow/example_dags/example_setup_teardown_taskflow.py took 0.056 seconds
[2026-03-11T05:13:26.161+0530] {processor.py:161} INFO - Started process (PID=33696) to work on /Users/aswin/Documents/data-engineering-practice/ETL_Airflow_DBT/airflow/airflow_env/lib/python3.11/site-packages/airflow/example_dags/example_setup_teardown_taskflow.py
[2026-03-11T05:13:26.162+0530] {processor.py:830} INFO - Processing file /Users/aswin/Documents/data-engineering-practice/ETL_Airflow_DBT/airflow/airflow_env/lib/python3.11/site-packages/airflow/example_dags/example_setup_teardown_taskflow.py for tasks to queue
[2026-03-11T05:13:26.162+0530] {logging_mixin.py:188} INFO - [2026-03-11T05:13:26.162+0530] {dagbag.py:540} INFO - Filling up the DagBag from /Users/aswin/Documents/data-engineering-practice/ETL_Airflow_DBT/airflow/airflow_env/lib/python3.11/site-packages/airflow/example_dags/example_setup_teardown_taskflow.py
[2026-03-11T05:13:26.177+0530] {processor.py:840} INFO - DAG(s) 'example_setup_teardown_taskflow' retrieved from /Users/aswin/Documents/data-engineering-practice/ETL_Airflow_DBT/airflow/airflow_env/lib/python3.11/site-packages/airflow/example_dags/example_setup_teardown_taskflow.py
[2026-03-11T05:13:26.206+0530] {logging_mixin.py:188} INFO - [2026-03-11T05:13:26.206+0530] {dag.py:3096} INFO - Sync 1 DAGs
[2026-03-11T05:13:26.211+0530] {logging_mixin.py:188} INFO - [2026-03-11T05:13:26.211+0530] {dag.py:3954} INFO - Setting next_dagrun for example_setup_teardown_taskflow to 2026-03-09 00:00:00+00:00, run_after=2026-03-10 00:00:00+00:00
[2026-03-11T05:13:26.217+0530] {processor.py:183} INFO - Processing /Users/aswin/Documents/data-engineering-practice/ETL_Airflow_DBT/airflow/airflow_env/lib/python3.11/site-packages/airflow/example_dags/example_setup_teardown_taskflow.py took 0.057 seconds
[2026-03-11T05:15:09.100+0530] {processor.py:161} INFO - Started process (PID=33770) to work on /Users/aswin/Documents/data-engineering-practice/ETL_Airflow_DBT/airflow/airflow_env/lib/python3.11/site-packages/airflow/example_dags/example_setup_teardown_taskflow.py
[2026-03-11T05:15:09.101+0530] {processor.py:830} INFO - Processing file /Users/aswin/Documents/data-engineering-practice/ETL_Airflow_DBT/airflow/airflow_env/lib/python3.11/site-packages/airflow/example_dags/example_setup_teardown_taskflow.py for tasks to queue
[2026-03-11T05:15:09.101+0530] {logging_mixin.py:188} INFO - [2026-03-11T05:15:09.101+0530] {dagbag.py:540} INFO - Filling up the DagBag from /Users/aswin/Documents/data-engineering-practice/ETL_Airflow_DBT/airflow/airflow_env/lib/python3.11/site-packages/airflow/example_dags/example_setup_teardown_taskflow.py
[2026-03-11T05:15:09.116+0530] {processor.py:840} INFO - DAG(s) 'example_setup_teardown_taskflow' retrieved from /Users/aswin/Documents/data-engineering-practice/ETL_Airflow_DBT/airflow/airflow_env/lib/python3.11/site-packages/airflow/example_dags/example_setup_teardown_taskflow.py
[2026-03-11T05:15:09.146+0530] {logging_mixin.py:188} INFO - [2026-03-11T05:15:09.146+0530] {dag.py:3096} INFO - Sync 1 DAGs
[2026-03-11T05:15:09.151+0530] {logging_mixin.py:188} INFO - [2026-03-11T05:15:09.151+0530] {dag.py:3954} INFO - Setting next_dagrun for example_setup_teardown_taskflow to 2026-03-09 00:00:00+00:00, run_after=2026-03-10 00:00:00+00:00
[2026-03-11T05:15:09.156+0530] {processor.py:183} INFO - Processing /Users/aswin/Documents/data-engineering-practice/ETL_Airflow_DBT/airflow/airflow_env/lib/python3.11/site-packages/airflow/example_dags/example_setup_teardown_taskflow.py took 0.057 seconds
[2026-03-11T05:16:51.456+0530] {processor.py:161} INFO - Started process (PID=33845) to work on /Users/aswin/Documents/data-engineering-practice/ETL_Airflow_DBT/airflow/airflow_env/lib/python3.11/site-packages/airflow/example_dags/example_setup_teardown_taskflow.py
[2026-03-11T05:16:51.456+0530] {processor.py:830} INFO - Processing file /Users/aswin/Documents/data-engineering-practice/ETL_Airflow_DBT/airflow/airflow_env/lib/python3.11/site-packages/airflow/example_dags/example_setup_teardown_taskflow.py for tasks to queue
[2026-03-11T05:16:51.457+0530] {logging_mixin.py:188} INFO - [2026-03-11T05:16:51.457+0530] {dagbag.py:540} INFO - Filling up the DagBag from /Users/aswin/Documents/data-engineering-practice/ETL_Airflow_DBT/airflow/airflow_env/lib/python3.11/site-packages/airflow/example_dags/example_setup_teardown_taskflow.py
[2026-03-11T05:16:51.472+0530] {processor.py:840} INFO - DAG(s) 'example_setup_teardown_taskflow' retrieved from /Users/aswin/Documents/data-engineering-practice/ETL_Airflow_DBT/airflow/airflow_env/lib/python3.11/site-packages/airflow/example_dags/example_setup_teardown_taskflow.py
[2026-03-11T05:16:51.504+0530] {logging_mixin.py:188} INFO - [2026-03-11T05:16:51.504+0530] {dag.py:3096} INFO - Sync 1 DAGs
[2026-03-11T05:16:51.510+0530] {logging_mixin.py:188} INFO - [2026-03-11T05:16:51.509+0530] {dag.py:3954} INFO - Setting next_dagrun for example_setup_teardown_taskflow to 2026-03-09 00:00:00+00:00, run_after=2026-03-10 00:00:00+00:00
[2026-03-11T05:16:51.516+0530] {processor.py:183} INFO - Processing /Users/aswin/Documents/data-engineering-practice/ETL_Airflow_DBT/airflow/airflow_env/lib/python3.11/site-packages/airflow/example_dags/example_setup_teardown_taskflow.py took 0.061 seconds
[2026-03-11T05:17:45.393+0530] {processor.py:161} INFO - Started process (PID=33897) to work on /Users/aswin/Documents/data-engineering-practice/ETL_Airflow_DBT/airflow/airflow_env/lib/python3.11/site-packages/airflow/example_dags/example_setup_teardown_taskflow.py
[2026-03-11T05:17:45.394+0530] {processor.py:830} INFO - Processing file /Users/aswin/Documents/data-engineering-practice/ETL_Airflow_DBT/airflow/airflow_env/lib/python3.11/site-packages/airflow/example_dags/example_setup_teardown_taskflow.py for tasks to queue
[2026-03-11T05:17:45.394+0530] {logging_mixin.py:188} INFO - [2026-03-11T05:17:45.394+0530] {dagbag.py:540} INFO - Filling up the DagBag from /Users/aswin/Documents/data-engineering-practice/ETL_Airflow_DBT/airflow/airflow_env/lib/python3.11/site-packages/airflow/example_dags/example_setup_teardown_taskflow.py
[2026-03-11T05:17:45.408+0530] {processor.py:840} INFO - DAG(s) 'example_setup_teardown_taskflow' retrieved from /Users/aswin/Documents/data-engineering-practice/ETL_Airflow_DBT/airflow/airflow_env/lib/python3.11/site-packages/airflow/example_dags/example_setup_teardown_taskflow.py
[2026-03-11T05:17:45.438+0530] {logging_mixin.py:188} INFO - [2026-03-11T05:17:45.438+0530] {dag.py:3096} INFO - Sync 1 DAGs
[2026-03-11T05:17:45.443+0530] {logging_mixin.py:188} INFO - [2026-03-11T05:17:45.443+0530] {dag.py:3954} INFO - Setting next_dagrun for example_setup_teardown_taskflow to 2026-03-09 00:00:00+00:00, run_after=2026-03-10 00:00:00+00:00
[2026-03-11T05:17:45.449+0530] {processor.py:183} INFO - Processing /Users/aswin/Documents/data-engineering-practice/ETL_Airflow_DBT/airflow/airflow_env/lib/python3.11/site-packages/airflow/example_dags/example_setup_teardown_taskflow.py took 0.057 seconds
[2026-03-11T05:19:00.764+0530] {processor.py:161} INFO - Started process (PID=33957) to work on /Users/aswin/Documents/data-engineering-practice/ETL_Airflow_DBT/airflow/airflow_env/lib/python3.11/site-packages/airflow/example_dags/example_setup_teardown_taskflow.py
[2026-03-11T05:19:00.764+0530] {processor.py:830} INFO - Processing file /Users/aswin/Documents/data-engineering-practice/ETL_Airflow_DBT/airflow/airflow_env/lib/python3.11/site-packages/airflow/example_dags/example_setup_teardown_taskflow.py for tasks to queue
[2026-03-11T05:19:00.765+0530] {logging_mixin.py:188} INFO - [2026-03-11T05:19:00.765+0530] {dagbag.py:540} INFO - Filling up the DagBag from /Users/aswin/Documents/data-engineering-practice/ETL_Airflow_DBT/airflow/airflow_env/lib/python3.11/site-packages/airflow/example_dags/example_setup_teardown_taskflow.py
[2026-03-11T05:19:00.781+0530] {processor.py:840} INFO - DAG(s) 'example_setup_teardown_taskflow' retrieved from /Users/aswin/Documents/data-engineering-practice/ETL_Airflow_DBT/airflow/airflow_env/lib/python3.11/site-packages/airflow/example_dags/example_setup_teardown_taskflow.py
[2026-03-11T05:19:00.814+0530] {logging_mixin.py:188} INFO - [2026-03-11T05:19:00.813+0530] {dag.py:3096} INFO - Sync 1 DAGs
[2026-03-11T05:19:00.819+0530] {logging_mixin.py:188} INFO - [2026-03-11T05:19:00.819+0530] {dag.py:3954} INFO - Setting next_dagrun for example_setup_teardown_taskflow to 2026-03-09 00:00:00+00:00, run_after=2026-03-10 00:00:00+00:00
[2026-03-11T05:19:00.825+0530] {processor.py:183} INFO - Processing /Users/aswin/Documents/data-engineering-practice/ETL_Airflow_DBT/airflow/airflow_env/lib/python3.11/site-packages/airflow/example_dags/example_setup_teardown_taskflow.py took 0.063 seconds
[2026-03-11T05:20:32.027+0530] {processor.py:161} INFO - Started process (PID=34096) to work on /Users/aswin/Documents/data-engineering-practice/ETL_Airflow_DBT/airflow/airflow_env/lib/python3.11/site-packages/airflow/example_dags/example_setup_teardown_taskflow.py
[2026-03-11T05:20:32.028+0530] {processor.py:830} INFO - Processing file /Users/aswin/Documents/data-engineering-practice/ETL_Airflow_DBT/airflow/airflow_env/lib/python3.11/site-packages/airflow/example_dags/example_setup_teardown_taskflow.py for tasks to queue
[2026-03-11T05:20:32.028+0530] {logging_mixin.py:188} INFO - [2026-03-11T05:20:32.028+0530] {dagbag.py:540} INFO - Filling up the DagBag from /Users/aswin/Documents/data-engineering-practice/ETL_Airflow_DBT/airflow/airflow_env/lib/python3.11/site-packages/airflow/example_dags/example_setup_teardown_taskflow.py
[2026-03-11T05:20:32.044+0530] {processor.py:840} INFO - DAG(s) 'example_setup_teardown_taskflow' retrieved from /Users/aswin/Documents/data-engineering-practice/ETL_Airflow_DBT/airflow/airflow_env/lib/python3.11/site-packages/airflow/example_dags/example_setup_teardown_taskflow.py
[2026-03-11T05:20:32.077+0530] {logging_mixin.py:188} INFO - [2026-03-11T05:20:32.077+0530] {dag.py:3096} INFO - Sync 1 DAGs
[2026-03-11T05:20:32.082+0530] {logging_mixin.py:188} INFO - [2026-03-11T05:20:32.082+0530] {dag.py:3954} INFO - Setting next_dagrun for example_setup_teardown_taskflow to 2026-03-09 00:00:00+00:00, run_after=2026-03-10 00:00:00+00:00
[2026-03-11T05:20:32.089+0530] {processor.py:183} INFO - Processing /Users/aswin/Documents/data-engineering-practice/ETL_Airflow_DBT/airflow/airflow_env/lib/python3.11/site-packages/airflow/example_dags/example_setup_teardown_taskflow.py took 0.062 seconds
[2026-03-11T05:22:09.021+0530] {processor.py:161} INFO - Started process (PID=34270) to work on /Users/aswin/Documents/data-engineering-practice/ETL_Airflow_DBT/airflow/airflow_env/lib/python3.11/site-packages/airflow/example_dags/example_setup_teardown_taskflow.py
[2026-03-11T05:22:09.022+0530] {processor.py:830} INFO - Processing file /Users/aswin/Documents/data-engineering-practice/ETL_Airflow_DBT/airflow/airflow_env/lib/python3.11/site-packages/airflow/example_dags/example_setup_teardown_taskflow.py for tasks to queue
[2026-03-11T05:22:09.022+0530] {logging_mixin.py:188} INFO - [2026-03-11T05:22:09.022+0530] {dagbag.py:540} INFO - Filling up the DagBag from /Users/aswin/Documents/data-engineering-practice/ETL_Airflow_DBT/airflow/airflow_env/lib/python3.11/site-packages/airflow/example_dags/example_setup_teardown_taskflow.py
[2026-03-11T05:22:09.036+0530] {processor.py:840} INFO - DAG(s) 'example_setup_teardown_taskflow' retrieved from /Users/aswin/Documents/data-engineering-practice/ETL_Airflow_DBT/airflow/airflow_env/lib/python3.11/site-packages/airflow/example_dags/example_setup_teardown_taskflow.py
[2026-03-11T05:22:09.065+0530] {logging_mixin.py:188} INFO - [2026-03-11T05:22:09.065+0530] {dag.py:3096} INFO - Sync 1 DAGs
[2026-03-11T05:22:09.070+0530] {logging_mixin.py:188} INFO - [2026-03-11T05:22:09.070+0530] {dag.py:3954} INFO - Setting next_dagrun for example_setup_teardown_taskflow to 2026-03-09 00:00:00+00:00, run_after=2026-03-10 00:00:00+00:00
[2026-03-11T05:22:09.076+0530] {processor.py:183} INFO - Processing /Users/aswin/Documents/data-engineering-practice/ETL_Airflow_DBT/airflow/airflow_env/lib/python3.11/site-packages/airflow/example_dags/example_setup_teardown_taskflow.py took 0.055 seconds
[2026-03-11T05:23:43.278+0530] {processor.py:161} INFO - Started process (PID=34426) to work on /Users/aswin/Documents/data-engineering-practice/ETL_Airflow_DBT/airflow/airflow_env/lib/python3.11/site-packages/airflow/example_dags/example_setup_teardown_taskflow.py
[2026-03-11T05:23:43.279+0530] {processor.py:830} INFO - Processing file /Users/aswin/Documents/data-engineering-practice/ETL_Airflow_DBT/airflow/airflow_env/lib/python3.11/site-packages/airflow/example_dags/example_setup_teardown_taskflow.py for tasks to queue
[2026-03-11T05:23:43.279+0530] {logging_mixin.py:188} INFO - [2026-03-11T05:23:43.279+0530] {dagbag.py:540} INFO - Filling up the DagBag from /Users/aswin/Documents/data-engineering-practice/ETL_Airflow_DBT/airflow/airflow_env/lib/python3.11/site-packages/airflow/example_dags/example_setup_teardown_taskflow.py
[2026-03-11T05:23:43.294+0530] {processor.py:840} INFO - DAG(s) 'example_setup_teardown_taskflow' retrieved from /Users/aswin/Documents/data-engineering-practice/ETL_Airflow_DBT/airflow/airflow_env/lib/python3.11/site-packages/airflow/example_dags/example_setup_teardown_taskflow.py
[2026-03-11T05:23:43.323+0530] {logging_mixin.py:188} INFO - [2026-03-11T05:23:43.323+0530] {dag.py:3096} INFO - Sync 1 DAGs
[2026-03-11T05:23:43.328+0530] {logging_mixin.py:188} INFO - [2026-03-11T05:23:43.328+0530] {dag.py:3954} INFO - Setting next_dagrun for example_setup_teardown_taskflow to 2026-03-09 00:00:00+00:00, run_after=2026-03-10 00:00:00+00:00
[2026-03-11T05:23:43.333+0530] {processor.py:183} INFO - Processing /Users/aswin/Documents/data-engineering-practice/ETL_Airflow_DBT/airflow/airflow_env/lib/python3.11/site-packages/airflow/example_dags/example_setup_teardown_taskflow.py took 0.056 seconds
[2026-03-11T05:25:25.587+0530] {processor.py:161} INFO - Started process (PID=34602) to work on /Users/aswin/Documents/data-engineering-practice/ETL_Airflow_DBT/airflow/airflow_env/lib/python3.11/site-packages/airflow/example_dags/example_setup_teardown_taskflow.py
[2026-03-11T05:25:25.588+0530] {processor.py:830} INFO - Processing file /Users/aswin/Documents/data-engineering-practice/ETL_Airflow_DBT/airflow/airflow_env/lib/python3.11/site-packages/airflow/example_dags/example_setup_teardown_taskflow.py for tasks to queue
[2026-03-11T05:25:25.588+0530] {logging_mixin.py:188} INFO - [2026-03-11T05:25:25.588+0530] {dagbag.py:540} INFO - Filling up the DagBag from /Users/aswin/Documents/data-engineering-practice/ETL_Airflow_DBT/airflow/airflow_env/lib/python3.11/site-packages/airflow/example_dags/example_setup_teardown_taskflow.py
[2026-03-11T05:25:25.603+0530] {processor.py:840} INFO - DAG(s) 'example_setup_teardown_taskflow' retrieved from /Users/aswin/Documents/data-engineering-practice/ETL_Airflow_DBT/airflow/airflow_env/lib/python3.11/site-packages/airflow/example_dags/example_setup_teardown_taskflow.py
[2026-03-11T05:25:25.634+0530] {logging_mixin.py:188} INFO - [2026-03-11T05:25:25.633+0530] {dag.py:3096} INFO - Sync 1 DAGs
[2026-03-11T05:25:25.639+0530] {logging_mixin.py:188} INFO - [2026-03-11T05:25:25.639+0530] {dag.py:3954} INFO - Setting next_dagrun for example_setup_teardown_taskflow to 2026-03-09 00:00:00+00:00, run_after=2026-03-10 00:00:00+00:00
[2026-03-11T05:25:25.645+0530] {processor.py:183} INFO - Processing /Users/aswin/Documents/data-engineering-practice/ETL_Airflow_DBT/airflow/airflow_env/lib/python3.11/site-packages/airflow/example_dags/example_setup_teardown_taskflow.py took 0.059 seconds
[2026-03-11T05:27:00.408+0530] {processor.py:161} INFO - Started process (PID=34797) to work on /Users/aswin/Documents/data-engineering-practice/ETL_Airflow_DBT/airflow/airflow_env/lib/python3.11/site-packages/airflow/example_dags/example_setup_teardown_taskflow.py
[2026-03-11T05:27:00.409+0530] {processor.py:830} INFO - Processing file /Users/aswin/Documents/data-engineering-practice/ETL_Airflow_DBT/airflow/airflow_env/lib/python3.11/site-packages/airflow/example_dags/example_setup_teardown_taskflow.py for tasks to queue
[2026-03-11T05:27:00.409+0530] {logging_mixin.py:188} INFO - [2026-03-11T05:27:00.409+0530] {dagbag.py:540} INFO - Filling up the DagBag from /Users/aswin/Documents/data-engineering-practice/ETL_Airflow_DBT/airflow/airflow_env/lib/python3.11/site-packages/airflow/example_dags/example_setup_teardown_taskflow.py
[2026-03-11T05:27:00.424+0530] {processor.py:840} INFO - DAG(s) 'example_setup_teardown_taskflow' retrieved from /Users/aswin/Documents/data-engineering-practice/ETL_Airflow_DBT/airflow/airflow_env/lib/python3.11/site-packages/airflow/example_dags/example_setup_teardown_taskflow.py
[2026-03-11T05:27:00.456+0530] {logging_mixin.py:188} INFO - [2026-03-11T05:27:00.456+0530] {dag.py:3096} INFO - Sync 1 DAGs
[2026-03-11T05:27:00.462+0530] {logging_mixin.py:188} INFO - [2026-03-11T05:27:00.462+0530] {dag.py:3954} INFO - Setting next_dagrun for example_setup_teardown_taskflow to 2026-03-09 00:00:00+00:00, run_after=2026-03-10 00:00:00+00:00
[2026-03-11T05:27:00.468+0530] {processor.py:183} INFO - Processing /Users/aswin/Documents/data-engineering-practice/ETL_Airflow_DBT/airflow/airflow_env/lib/python3.11/site-packages/airflow/example_dags/example_setup_teardown_taskflow.py took 0.061 seconds
[2026-03-11T05:28:36.915+0530] {processor.py:161} INFO - Started process (PID=34937) to work on /Users/aswin/Documents/data-engineering-practice/ETL_Airflow_DBT/airflow/airflow_env/lib/python3.11/site-packages/airflow/example_dags/example_setup_teardown_taskflow.py
[2026-03-11T05:28:36.916+0530] {processor.py:830} INFO - Processing file /Users/aswin/Documents/data-engineering-practice/ETL_Airflow_DBT/airflow/airflow_env/lib/python3.11/site-packages/airflow/example_dags/example_setup_teardown_taskflow.py for tasks to queue
[2026-03-11T05:28:36.916+0530] {logging_mixin.py:188} INFO - [2026-03-11T05:28:36.916+0530] {dagbag.py:540} INFO - Filling up the DagBag from /Users/aswin/Documents/data-engineering-practice/ETL_Airflow_DBT/airflow/airflow_env/lib/python3.11/site-packages/airflow/example_dags/example_setup_teardown_taskflow.py
[2026-03-11T05:28:36.930+0530] {processor.py:840} INFO - DAG(s) 'example_setup_teardown_taskflow' retrieved from /Users/aswin/Documents/data-engineering-practice/ETL_Airflow_DBT/airflow/airflow_env/lib/python3.11/site-packages/airflow/example_dags/example_setup_teardown_taskflow.py
[2026-03-11T05:28:36.959+0530] {logging_mixin.py:188} INFO - [2026-03-11T05:28:36.959+0530] {dag.py:3096} INFO - Sync 1 DAGs
[2026-03-11T05:28:36.964+0530] {logging_mixin.py:188} INFO - [2026-03-11T05:28:36.964+0530] {dag.py:3954} INFO - Setting next_dagrun for example_setup_teardown_taskflow to 2026-03-09 00:00:00+00:00, run_after=2026-03-10 00:00:00+00:00
[2026-03-11T05:28:36.970+0530] {processor.py:183} INFO - Processing /Users/aswin/Documents/data-engineering-practice/ETL_Airflow_DBT/airflow/airflow_env/lib/python3.11/site-packages/airflow/example_dags/example_setup_teardown_taskflow.py took 0.055 seconds
