[2026-03-10T06:02:09.475+0530] {processor.py:161} INFO - Started process (PID=22087) to work on /Users/aswin/Documents/data-engineering-practice/ETL_Airflow_DBT/airflow/airflow_env/lib/python3.11/site-packages/airflow/example_dags/example_params_ui_tutorial.py
[2026-03-10T06:02:09.476+0530] {processor.py:830} INFO - Processing file /Users/aswin/Documents/data-engineering-practice/ETL_Airflow_DBT/airflow/airflow_env/lib/python3.11/site-packages/airflow/example_dags/example_params_ui_tutorial.py for tasks to queue
[2026-03-10T06:02:09.476+0530] {logging_mixin.py:188} INFO - [2026-03-10T06:02:09.476+0530] {dagbag.py:540} INFO - Filling up the DagBag from /Users/aswin/Documents/data-engineering-practice/ETL_Airflow_DBT/airflow/airflow_env/lib/python3.11/site-packages/airflow/example_dags/example_params_ui_tutorial.py
[2026-03-10T06:02:09.491+0530] {processor.py:840} INFO - DAG(s) 'example_params_ui_tutorial' retrieved from /Users/aswin/Documents/data-engineering-practice/ETL_Airflow_DBT/airflow/airflow_env/lib/python3.11/site-packages/airflow/example_dags/example_params_ui_tutorial.py
[2026-03-10T06:02:09.569+0530] {logging_mixin.py:188} INFO - [2026-03-10T06:02:09.569+0530] {dag.py:3096} INFO - Sync 1 DAGs
[2026-03-10T06:02:09.572+0530] {logging_mixin.py:188} INFO - [2026-03-10T06:02:09.572+0530] {dag.py:3954} INFO - Setting next_dagrun for example_params_ui_tutorial to None, run_after=None
[2026-03-10T06:02:09.600+0530] {processor.py:183} INFO - Processing /Users/aswin/Documents/data-engineering-practice/ETL_Airflow_DBT/airflow/airflow_env/lib/python3.11/site-packages/airflow/example_dags/example_params_ui_tutorial.py took 0.125 seconds
[2026-03-10T06:03:25.311+0530] {processor.py:161} INFO - Started process (PID=22147) to work on /Users/aswin/Documents/data-engineering-practice/ETL_Airflow_DBT/airflow/airflow_env/lib/python3.11/site-packages/airflow/example_dags/example_params_ui_tutorial.py
[2026-03-10T06:03:25.312+0530] {processor.py:830} INFO - Processing file /Users/aswin/Documents/data-engineering-practice/ETL_Airflow_DBT/airflow/airflow_env/lib/python3.11/site-packages/airflow/example_dags/example_params_ui_tutorial.py for tasks to queue
[2026-03-10T06:03:25.312+0530] {logging_mixin.py:188} INFO - [2026-03-10T06:03:25.312+0530] {dagbag.py:540} INFO - Filling up the DagBag from /Users/aswin/Documents/data-engineering-practice/ETL_Airflow_DBT/airflow/airflow_env/lib/python3.11/site-packages/airflow/example_dags/example_params_ui_tutorial.py
[2026-03-10T06:03:25.327+0530] {processor.py:840} INFO - DAG(s) 'example_params_ui_tutorial' retrieved from /Users/aswin/Documents/data-engineering-practice/ETL_Airflow_DBT/airflow/airflow_env/lib/python3.11/site-packages/airflow/example_dags/example_params_ui_tutorial.py
[2026-03-10T06:03:25.363+0530] {logging_mixin.py:188} INFO - [2026-03-10T06:03:25.363+0530] {dag.py:3096} INFO - Sync 1 DAGs
[2026-03-10T06:03:25.366+0530] {logging_mixin.py:188} INFO - [2026-03-10T06:03:25.366+0530] {dag.py:3954} INFO - Setting next_dagrun for example_params_ui_tutorial to None, run_after=None
[2026-03-10T06:03:25.372+0530] {processor.py:183} INFO - Processing /Users/aswin/Documents/data-engineering-practice/ETL_Airflow_DBT/airflow/airflow_env/lib/python3.11/site-packages/airflow/example_dags/example_params_ui_tutorial.py took 0.062 seconds
[2026-03-10T06:04:59.975+0530] {processor.py:161} INFO - Started process (PID=22227) to work on /Users/aswin/Documents/data-engineering-practice/ETL_Airflow_DBT/airflow/airflow_env/lib/python3.11/site-packages/airflow/example_dags/example_params_ui_tutorial.py
[2026-03-10T06:04:59.977+0530] {processor.py:830} INFO - Processing file /Users/aswin/Documents/data-engineering-practice/ETL_Airflow_DBT/airflow/airflow_env/lib/python3.11/site-packages/airflow/example_dags/example_params_ui_tutorial.py for tasks to queue
[2026-03-10T06:04:59.977+0530] {logging_mixin.py:188} INFO - [2026-03-10T06:04:59.977+0530] {dagbag.py:540} INFO - Filling up the DagBag from /Users/aswin/Documents/data-engineering-practice/ETL_Airflow_DBT/airflow/airflow_env/lib/python3.11/site-packages/airflow/example_dags/example_params_ui_tutorial.py
[2026-03-10T06:04:59.993+0530] {processor.py:840} INFO - DAG(s) 'example_params_ui_tutorial' retrieved from /Users/aswin/Documents/data-engineering-practice/ETL_Airflow_DBT/airflow/airflow_env/lib/python3.11/site-packages/airflow/example_dags/example_params_ui_tutorial.py
[2026-03-10T06:05:00.032+0530] {logging_mixin.py:188} INFO - [2026-03-10T06:05:00.032+0530] {dag.py:3096} INFO - Sync 1 DAGs
[2026-03-10T06:05:00.035+0530] {logging_mixin.py:188} INFO - [2026-03-10T06:05:00.035+0530] {dag.py:3954} INFO - Setting next_dagrun for example_params_ui_tutorial to None, run_after=None
[2026-03-10T06:05:00.041+0530] {processor.py:183} INFO - Processing /Users/aswin/Documents/data-engineering-practice/ETL_Airflow_DBT/airflow/airflow_env/lib/python3.11/site-packages/airflow/example_dags/example_params_ui_tutorial.py took 0.067 seconds
[2026-03-10T06:06:33.959+0530] {processor.py:161} INFO - Started process (PID=22314) to work on /Users/aswin/Documents/data-engineering-practice/ETL_Airflow_DBT/airflow/airflow_env/lib/python3.11/site-packages/airflow/example_dags/example_params_ui_tutorial.py
[2026-03-10T06:06:33.959+0530] {processor.py:830} INFO - Processing file /Users/aswin/Documents/data-engineering-practice/ETL_Airflow_DBT/airflow/airflow_env/lib/python3.11/site-packages/airflow/example_dags/example_params_ui_tutorial.py for tasks to queue
[2026-03-10T06:06:33.959+0530] {logging_mixin.py:188} INFO - [2026-03-10T06:06:33.959+0530] {dagbag.py:540} INFO - Filling up the DagBag from /Users/aswin/Documents/data-engineering-practice/ETL_Airflow_DBT/airflow/airflow_env/lib/python3.11/site-packages/airflow/example_dags/example_params_ui_tutorial.py
[2026-03-10T06:06:33.975+0530] {processor.py:840} INFO - DAG(s) 'example_params_ui_tutorial' retrieved from /Users/aswin/Documents/data-engineering-practice/ETL_Airflow_DBT/airflow/airflow_env/lib/python3.11/site-packages/airflow/example_dags/example_params_ui_tutorial.py
[2026-03-10T06:06:34.012+0530] {logging_mixin.py:188} INFO - [2026-03-10T06:06:34.012+0530] {dag.py:3096} INFO - Sync 1 DAGs
[2026-03-10T06:06:34.015+0530] {logging_mixin.py:188} INFO - [2026-03-10T06:06:34.015+0530] {dag.py:3954} INFO - Setting next_dagrun for example_params_ui_tutorial to None, run_after=None
[2026-03-10T06:06:34.020+0530] {processor.py:183} INFO - Processing /Users/aswin/Documents/data-engineering-practice/ETL_Airflow_DBT/airflow/airflow_env/lib/python3.11/site-packages/airflow/example_dags/example_params_ui_tutorial.py took 0.063 seconds
[2026-03-10T06:08:08.355+0530] {processor.py:161} INFO - Started process (PID=22406) to work on /Users/aswin/Documents/data-engineering-practice/ETL_Airflow_DBT/airflow/airflow_env/lib/python3.11/site-packages/airflow/example_dags/example_params_ui_tutorial.py
[2026-03-10T06:08:08.356+0530] {processor.py:830} INFO - Processing file /Users/aswin/Documents/data-engineering-practice/ETL_Airflow_DBT/airflow/airflow_env/lib/python3.11/site-packages/airflow/example_dags/example_params_ui_tutorial.py for tasks to queue
[2026-03-10T06:08:08.356+0530] {logging_mixin.py:188} INFO - [2026-03-10T06:08:08.356+0530] {dagbag.py:540} INFO - Filling up the DagBag from /Users/aswin/Documents/data-engineering-practice/ETL_Airflow_DBT/airflow/airflow_env/lib/python3.11/site-packages/airflow/example_dags/example_params_ui_tutorial.py
[2026-03-10T06:08:08.371+0530] {processor.py:840} INFO - DAG(s) 'example_params_ui_tutorial' retrieved from /Users/aswin/Documents/data-engineering-practice/ETL_Airflow_DBT/airflow/airflow_env/lib/python3.11/site-packages/airflow/example_dags/example_params_ui_tutorial.py
[2026-03-10T06:08:08.407+0530] {logging_mixin.py:188} INFO - [2026-03-10T06:08:08.407+0530] {dag.py:3096} INFO - Sync 1 DAGs
[2026-03-10T06:08:08.410+0530] {logging_mixin.py:188} INFO - [2026-03-10T06:08:08.410+0530] {dag.py:3954} INFO - Setting next_dagrun for example_params_ui_tutorial to None, run_after=None
[2026-03-10T06:08:08.415+0530] {processor.py:183} INFO - Processing /Users/aswin/Documents/data-engineering-practice/ETL_Airflow_DBT/airflow/airflow_env/lib/python3.11/site-packages/airflow/example_dags/example_params_ui_tutorial.py took 0.061 seconds
[2026-03-10T06:09:43.384+0530] {processor.py:161} INFO - Started process (PID=22506) to work on /Users/aswin/Documents/data-engineering-practice/ETL_Airflow_DBT/airflow/airflow_env/lib/python3.11/site-packages/airflow/example_dags/example_params_ui_tutorial.py
[2026-03-10T06:09:43.385+0530] {processor.py:830} INFO - Processing file /Users/aswin/Documents/data-engineering-practice/ETL_Airflow_DBT/airflow/airflow_env/lib/python3.11/site-packages/airflow/example_dags/example_params_ui_tutorial.py for tasks to queue
[2026-03-10T06:09:43.385+0530] {logging_mixin.py:188} INFO - [2026-03-10T06:09:43.385+0530] {dagbag.py:540} INFO - Filling up the DagBag from /Users/aswin/Documents/data-engineering-practice/ETL_Airflow_DBT/airflow/airflow_env/lib/python3.11/site-packages/airflow/example_dags/example_params_ui_tutorial.py
[2026-03-10T06:09:43.401+0530] {processor.py:840} INFO - DAG(s) 'example_params_ui_tutorial' retrieved from /Users/aswin/Documents/data-engineering-practice/ETL_Airflow_DBT/airflow/airflow_env/lib/python3.11/site-packages/airflow/example_dags/example_params_ui_tutorial.py
[2026-03-10T06:09:43.438+0530] {logging_mixin.py:188} INFO - [2026-03-10T06:09:43.438+0530] {dag.py:3096} INFO - Sync 1 DAGs
[2026-03-10T06:09:43.441+0530] {logging_mixin.py:188} INFO - [2026-03-10T06:09:43.441+0530] {dag.py:3954} INFO - Setting next_dagrun for example_params_ui_tutorial to None, run_after=None
[2026-03-10T06:09:43.447+0530] {processor.py:183} INFO - Processing /Users/aswin/Documents/data-engineering-practice/ETL_Airflow_DBT/airflow/airflow_env/lib/python3.11/site-packages/airflow/example_dags/example_params_ui_tutorial.py took 0.063 seconds
[2026-03-10T06:11:19.622+0530] {processor.py:161} INFO - Started process (PID=22579) to work on /Users/aswin/Documents/data-engineering-practice/ETL_Airflow_DBT/airflow/airflow_env/lib/python3.11/site-packages/airflow/example_dags/example_params_ui_tutorial.py
[2026-03-10T06:11:19.623+0530] {processor.py:830} INFO - Processing file /Users/aswin/Documents/data-engineering-practice/ETL_Airflow_DBT/airflow/airflow_env/lib/python3.11/site-packages/airflow/example_dags/example_params_ui_tutorial.py for tasks to queue
[2026-03-10T06:11:19.623+0530] {logging_mixin.py:188} INFO - [2026-03-10T06:11:19.623+0530] {dagbag.py:540} INFO - Filling up the DagBag from /Users/aswin/Documents/data-engineering-practice/ETL_Airflow_DBT/airflow/airflow_env/lib/python3.11/site-packages/airflow/example_dags/example_params_ui_tutorial.py
[2026-03-10T06:11:19.639+0530] {processor.py:840} INFO - DAG(s) 'example_params_ui_tutorial' retrieved from /Users/aswin/Documents/data-engineering-practice/ETL_Airflow_DBT/airflow/airflow_env/lib/python3.11/site-packages/airflow/example_dags/example_params_ui_tutorial.py
[2026-03-10T06:11:19.676+0530] {logging_mixin.py:188} INFO - [2026-03-10T06:11:19.676+0530] {dag.py:3096} INFO - Sync 1 DAGs
[2026-03-10T06:11:19.678+0530] {logging_mixin.py:188} INFO - [2026-03-10T06:11:19.678+0530] {dag.py:3954} INFO - Setting next_dagrun for example_params_ui_tutorial to None, run_after=None
[2026-03-10T06:11:19.684+0530] {processor.py:183} INFO - Processing /Users/aswin/Documents/data-engineering-practice/ETL_Airflow_DBT/airflow/airflow_env/lib/python3.11/site-packages/airflow/example_dags/example_params_ui_tutorial.py took 0.063 seconds
[2026-03-10T06:12:55.192+0530] {processor.py:161} INFO - Started process (PID=22654) to work on /Users/aswin/Documents/data-engineering-practice/ETL_Airflow_DBT/airflow/airflow_env/lib/python3.11/site-packages/airflow/example_dags/example_params_ui_tutorial.py
[2026-03-10T06:12:55.193+0530] {processor.py:830} INFO - Processing file /Users/aswin/Documents/data-engineering-practice/ETL_Airflow_DBT/airflow/airflow_env/lib/python3.11/site-packages/airflow/example_dags/example_params_ui_tutorial.py for tasks to queue
[2026-03-10T06:12:55.193+0530] {logging_mixin.py:188} INFO - [2026-03-10T06:12:55.193+0530] {dagbag.py:540} INFO - Filling up the DagBag from /Users/aswin/Documents/data-engineering-practice/ETL_Airflow_DBT/airflow/airflow_env/lib/python3.11/site-packages/airflow/example_dags/example_params_ui_tutorial.py
[2026-03-10T06:12:55.208+0530] {processor.py:840} INFO - DAG(s) 'example_params_ui_tutorial' retrieved from /Users/aswin/Documents/data-engineering-practice/ETL_Airflow_DBT/airflow/airflow_env/lib/python3.11/site-packages/airflow/example_dags/example_params_ui_tutorial.py
[2026-03-10T06:12:55.245+0530] {logging_mixin.py:188} INFO - [2026-03-10T06:12:55.245+0530] {dag.py:3096} INFO - Sync 1 DAGs
[2026-03-10T06:12:55.248+0530] {logging_mixin.py:188} INFO - [2026-03-10T06:12:55.248+0530] {dag.py:3954} INFO - Setting next_dagrun for example_params_ui_tutorial to None, run_after=None
[2026-03-10T06:12:55.254+0530] {processor.py:183} INFO - Processing /Users/aswin/Documents/data-engineering-practice/ETL_Airflow_DBT/airflow/airflow_env/lib/python3.11/site-packages/airflow/example_dags/example_params_ui_tutorial.py took 0.063 seconds
[2026-03-10T06:14:25.127+0530] {processor.py:161} INFO - Started process (PID=22725) to work on /Users/aswin/Documents/data-engineering-practice/ETL_Airflow_DBT/airflow/airflow_env/lib/python3.11/site-packages/airflow/example_dags/example_params_ui_tutorial.py
[2026-03-10T06:14:25.128+0530] {processor.py:830} INFO - Processing file /Users/aswin/Documents/data-engineering-practice/ETL_Airflow_DBT/airflow/airflow_env/lib/python3.11/site-packages/airflow/example_dags/example_params_ui_tutorial.py for tasks to queue
[2026-03-10T06:14:25.129+0530] {logging_mixin.py:188} INFO - [2026-03-10T06:14:25.129+0530] {dagbag.py:540} INFO - Filling up the DagBag from /Users/aswin/Documents/data-engineering-practice/ETL_Airflow_DBT/airflow/airflow_env/lib/python3.11/site-packages/airflow/example_dags/example_params_ui_tutorial.py
[2026-03-10T06:14:25.143+0530] {processor.py:840} INFO - DAG(s) 'example_params_ui_tutorial' retrieved from /Users/aswin/Documents/data-engineering-practice/ETL_Airflow_DBT/airflow/airflow_env/lib/python3.11/site-packages/airflow/example_dags/example_params_ui_tutorial.py
[2026-03-10T06:14:25.180+0530] {logging_mixin.py:188} INFO - [2026-03-10T06:14:25.180+0530] {dag.py:3096} INFO - Sync 1 DAGs
[2026-03-10T06:14:25.182+0530] {logging_mixin.py:188} INFO - [2026-03-10T06:14:25.182+0530] {dag.py:3954} INFO - Setting next_dagrun for example_params_ui_tutorial to None, run_after=None
[2026-03-10T06:14:25.188+0530] {processor.py:183} INFO - Processing /Users/aswin/Documents/data-engineering-practice/ETL_Airflow_DBT/airflow/airflow_env/lib/python3.11/site-packages/airflow/example_dags/example_params_ui_tutorial.py took 0.062 seconds
[2026-03-10T06:16:02.447+0530] {processor.py:161} INFO - Started process (PID=22870) to work on /Users/aswin/Documents/data-engineering-practice/ETL_Airflow_DBT/airflow/airflow_env/lib/python3.11/site-packages/airflow/example_dags/example_params_ui_tutorial.py
[2026-03-10T06:16:02.448+0530] {processor.py:830} INFO - Processing file /Users/aswin/Documents/data-engineering-practice/ETL_Airflow_DBT/airflow/airflow_env/lib/python3.11/site-packages/airflow/example_dags/example_params_ui_tutorial.py for tasks to queue
[2026-03-10T06:16:02.448+0530] {logging_mixin.py:188} INFO - [2026-03-10T06:16:02.448+0530] {dagbag.py:540} INFO - Filling up the DagBag from /Users/aswin/Documents/data-engineering-practice/ETL_Airflow_DBT/airflow/airflow_env/lib/python3.11/site-packages/airflow/example_dags/example_params_ui_tutorial.py
[2026-03-10T06:16:02.463+0530] {processor.py:840} INFO - DAG(s) 'example_params_ui_tutorial' retrieved from /Users/aswin/Documents/data-engineering-practice/ETL_Airflow_DBT/airflow/airflow_env/lib/python3.11/site-packages/airflow/example_dags/example_params_ui_tutorial.py
[2026-03-10T06:16:02.499+0530] {logging_mixin.py:188} INFO - [2026-03-10T06:16:02.499+0530] {dag.py:3096} INFO - Sync 1 DAGs
[2026-03-10T06:16:02.501+0530] {logging_mixin.py:188} INFO - [2026-03-10T06:16:02.501+0530] {dag.py:3954} INFO - Setting next_dagrun for example_params_ui_tutorial to None, run_after=None
[2026-03-10T06:16:02.507+0530] {processor.py:183} INFO - Processing /Users/aswin/Documents/data-engineering-practice/ETL_Airflow_DBT/airflow/airflow_env/lib/python3.11/site-packages/airflow/example_dags/example_params_ui_tutorial.py took 0.061 seconds
[2026-03-10T06:17:35.316+0530] {processor.py:161} INFO - Started process (PID=22947) to work on /Users/aswin/Documents/data-engineering-practice/ETL_Airflow_DBT/airflow/airflow_env/lib/python3.11/site-packages/airflow/example_dags/example_params_ui_tutorial.py
[2026-03-10T06:17:35.317+0530] {processor.py:830} INFO - Processing file /Users/aswin/Documents/data-engineering-practice/ETL_Airflow_DBT/airflow/airflow_env/lib/python3.11/site-packages/airflow/example_dags/example_params_ui_tutorial.py for tasks to queue
[2026-03-10T06:17:35.317+0530] {logging_mixin.py:188} INFO - [2026-03-10T06:17:35.317+0530] {dagbag.py:540} INFO - Filling up the DagBag from /Users/aswin/Documents/data-engineering-practice/ETL_Airflow_DBT/airflow/airflow_env/lib/python3.11/site-packages/airflow/example_dags/example_params_ui_tutorial.py
[2026-03-10T06:17:35.331+0530] {processor.py:840} INFO - DAG(s) 'example_params_ui_tutorial' retrieved from /Users/aswin/Documents/data-engineering-practice/ETL_Airflow_DBT/airflow/airflow_env/lib/python3.11/site-packages/airflow/example_dags/example_params_ui_tutorial.py
[2026-03-10T06:17:35.367+0530] {logging_mixin.py:188} INFO - [2026-03-10T06:17:35.367+0530] {dag.py:3096} INFO - Sync 1 DAGs
[2026-03-10T06:17:35.370+0530] {logging_mixin.py:188} INFO - [2026-03-10T06:17:35.370+0530] {dag.py:3954} INFO - Setting next_dagrun for example_params_ui_tutorial to None, run_after=None
[2026-03-10T06:17:35.376+0530] {processor.py:183} INFO - Processing /Users/aswin/Documents/data-engineering-practice/ETL_Airflow_DBT/airflow/airflow_env/lib/python3.11/site-packages/airflow/example_dags/example_params_ui_tutorial.py took 0.061 seconds
[2026-03-10T06:19:06.577+0530] {processor.py:161} INFO - Started process (PID=23018) to work on /Users/aswin/Documents/data-engineering-practice/ETL_Airflow_DBT/airflow/airflow_env/lib/python3.11/site-packages/airflow/example_dags/example_params_ui_tutorial.py
[2026-03-10T06:19:06.578+0530] {processor.py:830} INFO - Processing file /Users/aswin/Documents/data-engineering-practice/ETL_Airflow_DBT/airflow/airflow_env/lib/python3.11/site-packages/airflow/example_dags/example_params_ui_tutorial.py for tasks to queue
[2026-03-10T06:19:06.578+0530] {logging_mixin.py:188} INFO - [2026-03-10T06:19:06.578+0530] {dagbag.py:540} INFO - Filling up the DagBag from /Users/aswin/Documents/data-engineering-practice/ETL_Airflow_DBT/airflow/airflow_env/lib/python3.11/site-packages/airflow/example_dags/example_params_ui_tutorial.py
[2026-03-10T06:19:06.596+0530] {processor.py:840} INFO - DAG(s) 'example_params_ui_tutorial' retrieved from /Users/aswin/Documents/data-engineering-practice/ETL_Airflow_DBT/airflow/airflow_env/lib/python3.11/site-packages/airflow/example_dags/example_params_ui_tutorial.py
[2026-03-10T06:19:06.635+0530] {logging_mixin.py:188} INFO - [2026-03-10T06:19:06.635+0530] {dag.py:3096} INFO - Sync 1 DAGs
[2026-03-10T06:19:06.638+0530] {logging_mixin.py:188} INFO - [2026-03-10T06:19:06.638+0530] {dag.py:3954} INFO - Setting next_dagrun for example_params_ui_tutorial to None, run_after=None
[2026-03-10T06:19:06.645+0530] {processor.py:183} INFO - Processing /Users/aswin/Documents/data-engineering-practice/ETL_Airflow_DBT/airflow/airflow_env/lib/python3.11/site-packages/airflow/example_dags/example_params_ui_tutorial.py took 0.069 seconds
[2026-03-10T06:20:44.958+0530] {processor.py:161} INFO - Started process (PID=23101) to work on /Users/aswin/Documents/data-engineering-practice/ETL_Airflow_DBT/airflow/airflow_env/lib/python3.11/site-packages/airflow/example_dags/example_params_ui_tutorial.py
[2026-03-10T06:20:44.959+0530] {processor.py:830} INFO - Processing file /Users/aswin/Documents/data-engineering-practice/ETL_Airflow_DBT/airflow/airflow_env/lib/python3.11/site-packages/airflow/example_dags/example_params_ui_tutorial.py for tasks to queue
[2026-03-10T06:20:44.960+0530] {logging_mixin.py:188} INFO - [2026-03-10T06:20:44.960+0530] {dagbag.py:540} INFO - Filling up the DagBag from /Users/aswin/Documents/data-engineering-practice/ETL_Airflow_DBT/airflow/airflow_env/lib/python3.11/site-packages/airflow/example_dags/example_params_ui_tutorial.py
[2026-03-10T06:20:44.975+0530] {processor.py:840} INFO - DAG(s) 'example_params_ui_tutorial' retrieved from /Users/aswin/Documents/data-engineering-practice/ETL_Airflow_DBT/airflow/airflow_env/lib/python3.11/site-packages/airflow/example_dags/example_params_ui_tutorial.py
[2026-03-10T06:20:45.012+0530] {logging_mixin.py:188} INFO - [2026-03-10T06:20:45.012+0530] {dag.py:3096} INFO - Sync 1 DAGs
[2026-03-10T06:20:45.015+0530] {logging_mixin.py:188} INFO - [2026-03-10T06:20:45.015+0530] {dag.py:3954} INFO - Setting next_dagrun for example_params_ui_tutorial to None, run_after=None
[2026-03-10T06:20:45.020+0530] {processor.py:183} INFO - Processing /Users/aswin/Documents/data-engineering-practice/ETL_Airflow_DBT/airflow/airflow_env/lib/python3.11/site-packages/airflow/example_dags/example_params_ui_tutorial.py took 0.063 seconds
[2026-03-10T06:22:20.847+0530] {processor.py:161} INFO - Started process (PID=23179) to work on /Users/aswin/Documents/data-engineering-practice/ETL_Airflow_DBT/airflow/airflow_env/lib/python3.11/site-packages/airflow/example_dags/example_params_ui_tutorial.py
[2026-03-10T06:22:20.848+0530] {processor.py:830} INFO - Processing file /Users/aswin/Documents/data-engineering-practice/ETL_Airflow_DBT/airflow/airflow_env/lib/python3.11/site-packages/airflow/example_dags/example_params_ui_tutorial.py for tasks to queue
[2026-03-10T06:22:20.849+0530] {logging_mixin.py:188} INFO - [2026-03-10T06:22:20.848+0530] {dagbag.py:540} INFO - Filling up the DagBag from /Users/aswin/Documents/data-engineering-practice/ETL_Airflow_DBT/airflow/airflow_env/lib/python3.11/site-packages/airflow/example_dags/example_params_ui_tutorial.py
[2026-03-10T06:22:20.864+0530] {processor.py:840} INFO - DAG(s) 'example_params_ui_tutorial' retrieved from /Users/aswin/Documents/data-engineering-practice/ETL_Airflow_DBT/airflow/airflow_env/lib/python3.11/site-packages/airflow/example_dags/example_params_ui_tutorial.py
[2026-03-10T06:22:20.901+0530] {logging_mixin.py:188} INFO - [2026-03-10T06:22:20.901+0530] {dag.py:3096} INFO - Sync 1 DAGs
[2026-03-10T06:22:20.905+0530] {logging_mixin.py:188} INFO - [2026-03-10T06:22:20.905+0530] {dag.py:3954} INFO - Setting next_dagrun for example_params_ui_tutorial to None, run_after=None
[2026-03-10T06:22:20.911+0530] {processor.py:183} INFO - Processing /Users/aswin/Documents/data-engineering-practice/ETL_Airflow_DBT/airflow/airflow_env/lib/python3.11/site-packages/airflow/example_dags/example_params_ui_tutorial.py took 0.064 seconds
[2026-03-10T06:23:50.557+0530] {processor.py:161} INFO - Started process (PID=23251) to work on /Users/aswin/Documents/data-engineering-practice/ETL_Airflow_DBT/airflow/airflow_env/lib/python3.11/site-packages/airflow/example_dags/example_params_ui_tutorial.py
[2026-03-10T06:23:50.558+0530] {processor.py:830} INFO - Processing file /Users/aswin/Documents/data-engineering-practice/ETL_Airflow_DBT/airflow/airflow_env/lib/python3.11/site-packages/airflow/example_dags/example_params_ui_tutorial.py for tasks to queue
[2026-03-10T06:23:50.558+0530] {logging_mixin.py:188} INFO - [2026-03-10T06:23:50.558+0530] {dagbag.py:540} INFO - Filling up the DagBag from /Users/aswin/Documents/data-engineering-practice/ETL_Airflow_DBT/airflow/airflow_env/lib/python3.11/site-packages/airflow/example_dags/example_params_ui_tutorial.py
[2026-03-10T06:23:50.573+0530] {processor.py:840} INFO - DAG(s) 'example_params_ui_tutorial' retrieved from /Users/aswin/Documents/data-engineering-practice/ETL_Airflow_DBT/airflow/airflow_env/lib/python3.11/site-packages/airflow/example_dags/example_params_ui_tutorial.py
[2026-03-10T06:23:50.609+0530] {logging_mixin.py:188} INFO - [2026-03-10T06:23:50.609+0530] {dag.py:3096} INFO - Sync 1 DAGs
[2026-03-10T06:23:50.612+0530] {logging_mixin.py:188} INFO - [2026-03-10T06:23:50.612+0530] {dag.py:3954} INFO - Setting next_dagrun for example_params_ui_tutorial to None, run_after=None
[2026-03-10T06:23:50.618+0530] {processor.py:183} INFO - Processing /Users/aswin/Documents/data-engineering-practice/ETL_Airflow_DBT/airflow/airflow_env/lib/python3.11/site-packages/airflow/example_dags/example_params_ui_tutorial.py took 0.061 seconds
[2026-03-10T06:25:21.199+0530] {processor.py:161} INFO - Started process (PID=23320) to work on /Users/aswin/Documents/data-engineering-practice/ETL_Airflow_DBT/airflow/airflow_env/lib/python3.11/site-packages/airflow/example_dags/example_params_ui_tutorial.py
[2026-03-10T06:25:21.199+0530] {processor.py:830} INFO - Processing file /Users/aswin/Documents/data-engineering-practice/ETL_Airflow_DBT/airflow/airflow_env/lib/python3.11/site-packages/airflow/example_dags/example_params_ui_tutorial.py for tasks to queue
[2026-03-10T06:25:21.199+0530] {logging_mixin.py:188} INFO - [2026-03-10T06:25:21.199+0530] {dagbag.py:540} INFO - Filling up the DagBag from /Users/aswin/Documents/data-engineering-practice/ETL_Airflow_DBT/airflow/airflow_env/lib/python3.11/site-packages/airflow/example_dags/example_params_ui_tutorial.py
[2026-03-10T06:25:21.215+0530] {processor.py:840} INFO - DAG(s) 'example_params_ui_tutorial' retrieved from /Users/aswin/Documents/data-engineering-practice/ETL_Airflow_DBT/airflow/airflow_env/lib/python3.11/site-packages/airflow/example_dags/example_params_ui_tutorial.py
[2026-03-10T06:25:21.250+0530] {logging_mixin.py:188} INFO - [2026-03-10T06:25:21.250+0530] {dag.py:3096} INFO - Sync 1 DAGs
[2026-03-10T06:25:21.253+0530] {logging_mixin.py:188} INFO - [2026-03-10T06:25:21.253+0530] {dag.py:3954} INFO - Setting next_dagrun for example_params_ui_tutorial to None, run_after=None
[2026-03-10T06:25:21.258+0530] {processor.py:183} INFO - Processing /Users/aswin/Documents/data-engineering-practice/ETL_Airflow_DBT/airflow/airflow_env/lib/python3.11/site-packages/airflow/example_dags/example_params_ui_tutorial.py took 0.061 seconds
[2026-03-10T06:26:54.679+0530] {processor.py:161} INFO - Started process (PID=23392) to work on /Users/aswin/Documents/data-engineering-practice/ETL_Airflow_DBT/airflow/airflow_env/lib/python3.11/site-packages/airflow/example_dags/example_params_ui_tutorial.py
[2026-03-10T06:26:54.679+0530] {processor.py:830} INFO - Processing file /Users/aswin/Documents/data-engineering-practice/ETL_Airflow_DBT/airflow/airflow_env/lib/python3.11/site-packages/airflow/example_dags/example_params_ui_tutorial.py for tasks to queue
[2026-03-10T06:26:54.680+0530] {logging_mixin.py:188} INFO - [2026-03-10T06:26:54.679+0530] {dagbag.py:540} INFO - Filling up the DagBag from /Users/aswin/Documents/data-engineering-practice/ETL_Airflow_DBT/airflow/airflow_env/lib/python3.11/site-packages/airflow/example_dags/example_params_ui_tutorial.py
[2026-03-10T06:26:54.694+0530] {processor.py:840} INFO - DAG(s) 'example_params_ui_tutorial' retrieved from /Users/aswin/Documents/data-engineering-practice/ETL_Airflow_DBT/airflow/airflow_env/lib/python3.11/site-packages/airflow/example_dags/example_params_ui_tutorial.py
[2026-03-10T06:26:54.730+0530] {logging_mixin.py:188} INFO - [2026-03-10T06:26:54.730+0530] {dag.py:3096} INFO - Sync 1 DAGs
[2026-03-10T06:26:54.733+0530] {logging_mixin.py:188} INFO - [2026-03-10T06:26:54.733+0530] {dag.py:3954} INFO - Setting next_dagrun for example_params_ui_tutorial to None, run_after=None
[2026-03-10T06:26:54.738+0530] {processor.py:183} INFO - Processing /Users/aswin/Documents/data-engineering-practice/ETL_Airflow_DBT/airflow/airflow_env/lib/python3.11/site-packages/airflow/example_dags/example_params_ui_tutorial.py took 0.060 seconds
[2026-03-10T06:28:27.346+0530] {processor.py:161} INFO - Started process (PID=23491) to work on /Users/aswin/Documents/data-engineering-practice/ETL_Airflow_DBT/airflow/airflow_env/lib/python3.11/site-packages/airflow/example_dags/example_params_ui_tutorial.py
[2026-03-10T06:28:27.347+0530] {processor.py:830} INFO - Processing file /Users/aswin/Documents/data-engineering-practice/ETL_Airflow_DBT/airflow/airflow_env/lib/python3.11/site-packages/airflow/example_dags/example_params_ui_tutorial.py for tasks to queue
[2026-03-10T06:28:27.347+0530] {logging_mixin.py:188} INFO - [2026-03-10T06:28:27.347+0530] {dagbag.py:540} INFO - Filling up the DagBag from /Users/aswin/Documents/data-engineering-practice/ETL_Airflow_DBT/airflow/airflow_env/lib/python3.11/site-packages/airflow/example_dags/example_params_ui_tutorial.py
[2026-03-10T06:28:27.362+0530] {processor.py:840} INFO - DAG(s) 'example_params_ui_tutorial' retrieved from /Users/aswin/Documents/data-engineering-practice/ETL_Airflow_DBT/airflow/airflow_env/lib/python3.11/site-packages/airflow/example_dags/example_params_ui_tutorial.py
[2026-03-10T06:28:27.398+0530] {logging_mixin.py:188} INFO - [2026-03-10T06:28:27.398+0530] {dag.py:3096} INFO - Sync 1 DAGs
[2026-03-10T06:28:27.400+0530] {logging_mixin.py:188} INFO - [2026-03-10T06:28:27.400+0530] {dag.py:3954} INFO - Setting next_dagrun for example_params_ui_tutorial to None, run_after=None
[2026-03-10T06:28:27.406+0530] {processor.py:183} INFO - Processing /Users/aswin/Documents/data-engineering-practice/ETL_Airflow_DBT/airflow/airflow_env/lib/python3.11/site-packages/airflow/example_dags/example_params_ui_tutorial.py took 0.061 seconds
[2026-03-10T06:29:57.743+0530] {processor.py:161} INFO - Started process (PID=23569) to work on /Users/aswin/Documents/data-engineering-practice/ETL_Airflow_DBT/airflow/airflow_env/lib/python3.11/site-packages/airflow/example_dags/example_params_ui_tutorial.py
[2026-03-10T06:29:57.743+0530] {processor.py:830} INFO - Processing file /Users/aswin/Documents/data-engineering-practice/ETL_Airflow_DBT/airflow/airflow_env/lib/python3.11/site-packages/airflow/example_dags/example_params_ui_tutorial.py for tasks to queue
[2026-03-10T06:29:57.743+0530] {logging_mixin.py:188} INFO - [2026-03-10T06:29:57.743+0530] {dagbag.py:540} INFO - Filling up the DagBag from /Users/aswin/Documents/data-engineering-practice/ETL_Airflow_DBT/airflow/airflow_env/lib/python3.11/site-packages/airflow/example_dags/example_params_ui_tutorial.py
[2026-03-10T06:29:57.758+0530] {processor.py:840} INFO - DAG(s) 'example_params_ui_tutorial' retrieved from /Users/aswin/Documents/data-engineering-practice/ETL_Airflow_DBT/airflow/airflow_env/lib/python3.11/site-packages/airflow/example_dags/example_params_ui_tutorial.py
[2026-03-10T06:29:57.794+0530] {logging_mixin.py:188} INFO - [2026-03-10T06:29:57.794+0530] {dag.py:3096} INFO - Sync 1 DAGs
[2026-03-10T06:29:57.797+0530] {logging_mixin.py:188} INFO - [2026-03-10T06:29:57.797+0530] {dag.py:3954} INFO - Setting next_dagrun for example_params_ui_tutorial to None, run_after=None
[2026-03-10T06:29:57.802+0530] {processor.py:183} INFO - Processing /Users/aswin/Documents/data-engineering-practice/ETL_Airflow_DBT/airflow/airflow_env/lib/python3.11/site-packages/airflow/example_dags/example_params_ui_tutorial.py took 0.061 seconds
[2026-03-10T06:31:26.492+0530] {processor.py:161} INFO - Started process (PID=23655) to work on /Users/aswin/Documents/data-engineering-practice/ETL_Airflow_DBT/airflow/airflow_env/lib/python3.11/site-packages/airflow/example_dags/example_params_ui_tutorial.py
[2026-03-10T06:31:26.493+0530] {processor.py:830} INFO - Processing file /Users/aswin/Documents/data-engineering-practice/ETL_Airflow_DBT/airflow/airflow_env/lib/python3.11/site-packages/airflow/example_dags/example_params_ui_tutorial.py for tasks to queue
[2026-03-10T06:31:26.493+0530] {logging_mixin.py:188} INFO - [2026-03-10T06:31:26.493+0530] {dagbag.py:540} INFO - Filling up the DagBag from /Users/aswin/Documents/data-engineering-practice/ETL_Airflow_DBT/airflow/airflow_env/lib/python3.11/site-packages/airflow/example_dags/example_params_ui_tutorial.py
[2026-03-10T06:31:26.507+0530] {processor.py:840} INFO - DAG(s) 'example_params_ui_tutorial' retrieved from /Users/aswin/Documents/data-engineering-practice/ETL_Airflow_DBT/airflow/airflow_env/lib/python3.11/site-packages/airflow/example_dags/example_params_ui_tutorial.py
[2026-03-10T06:31:26.543+0530] {logging_mixin.py:188} INFO - [2026-03-10T06:31:26.543+0530] {dag.py:3096} INFO - Sync 1 DAGs
[2026-03-10T06:31:26.546+0530] {logging_mixin.py:188} INFO - [2026-03-10T06:31:26.546+0530] {dag.py:3954} INFO - Setting next_dagrun for example_params_ui_tutorial to None, run_after=None
[2026-03-10T06:31:26.551+0530] {processor.py:183} INFO - Processing /Users/aswin/Documents/data-engineering-practice/ETL_Airflow_DBT/airflow/airflow_env/lib/python3.11/site-packages/airflow/example_dags/example_params_ui_tutorial.py took 0.060 seconds
[2026-03-10T06:32:54.362+0530] {processor.py:161} INFO - Started process (PID=23750) to work on /Users/aswin/Documents/data-engineering-practice/ETL_Airflow_DBT/airflow/airflow_env/lib/python3.11/site-packages/airflow/example_dags/example_params_ui_tutorial.py
[2026-03-10T06:32:54.363+0530] {processor.py:830} INFO - Processing file /Users/aswin/Documents/data-engineering-practice/ETL_Airflow_DBT/airflow/airflow_env/lib/python3.11/site-packages/airflow/example_dags/example_params_ui_tutorial.py for tasks to queue
[2026-03-10T06:32:54.363+0530] {logging_mixin.py:188} INFO - [2026-03-10T06:32:54.363+0530] {dagbag.py:540} INFO - Filling up the DagBag from /Users/aswin/Documents/data-engineering-practice/ETL_Airflow_DBT/airflow/airflow_env/lib/python3.11/site-packages/airflow/example_dags/example_params_ui_tutorial.py
[2026-03-10T06:32:54.379+0530] {processor.py:840} INFO - DAG(s) 'example_params_ui_tutorial' retrieved from /Users/aswin/Documents/data-engineering-practice/ETL_Airflow_DBT/airflow/airflow_env/lib/python3.11/site-packages/airflow/example_dags/example_params_ui_tutorial.py
[2026-03-10T06:32:54.416+0530] {logging_mixin.py:188} INFO - [2026-03-10T06:32:54.416+0530] {dag.py:3096} INFO - Sync 1 DAGs
[2026-03-10T06:32:54.419+0530] {logging_mixin.py:188} INFO - [2026-03-10T06:32:54.419+0530] {dag.py:3954} INFO - Setting next_dagrun for example_params_ui_tutorial to None, run_after=None
[2026-03-10T06:32:54.425+0530] {processor.py:183} INFO - Processing /Users/aswin/Documents/data-engineering-practice/ETL_Airflow_DBT/airflow/airflow_env/lib/python3.11/site-packages/airflow/example_dags/example_params_ui_tutorial.py took 0.064 seconds
[2026-03-10T06:34:23.281+0530] {processor.py:161} INFO - Started process (PID=23822) to work on /Users/aswin/Documents/data-engineering-practice/ETL_Airflow_DBT/airflow/airflow_env/lib/python3.11/site-packages/airflow/example_dags/example_params_ui_tutorial.py
[2026-03-10T06:34:23.281+0530] {processor.py:830} INFO - Processing file /Users/aswin/Documents/data-engineering-practice/ETL_Airflow_DBT/airflow/airflow_env/lib/python3.11/site-packages/airflow/example_dags/example_params_ui_tutorial.py for tasks to queue
[2026-03-10T06:34:23.281+0530] {logging_mixin.py:188} INFO - [2026-03-10T06:34:23.281+0530] {dagbag.py:540} INFO - Filling up the DagBag from /Users/aswin/Documents/data-engineering-practice/ETL_Airflow_DBT/airflow/airflow_env/lib/python3.11/site-packages/airflow/example_dags/example_params_ui_tutorial.py
[2026-03-10T06:34:23.296+0530] {processor.py:840} INFO - DAG(s) 'example_params_ui_tutorial' retrieved from /Users/aswin/Documents/data-engineering-practice/ETL_Airflow_DBT/airflow/airflow_env/lib/python3.11/site-packages/airflow/example_dags/example_params_ui_tutorial.py
[2026-03-10T06:34:23.332+0530] {logging_mixin.py:188} INFO - [2026-03-10T06:34:23.332+0530] {dag.py:3096} INFO - Sync 1 DAGs
[2026-03-10T06:34:23.335+0530] {logging_mixin.py:188} INFO - [2026-03-10T06:34:23.335+0530] {dag.py:3954} INFO - Setting next_dagrun for example_params_ui_tutorial to None, run_after=None
[2026-03-10T06:34:23.341+0530] {processor.py:183} INFO - Processing /Users/aswin/Documents/data-engineering-practice/ETL_Airflow_DBT/airflow/airflow_env/lib/python3.11/site-packages/airflow/example_dags/example_params_ui_tutorial.py took 0.061 seconds
[2026-03-10T06:35:56.169+0530] {processor.py:161} INFO - Started process (PID=23921) to work on /Users/aswin/Documents/data-engineering-practice/ETL_Airflow_DBT/airflow/airflow_env/lib/python3.11/site-packages/airflow/example_dags/example_params_ui_tutorial.py
[2026-03-10T06:35:56.170+0530] {processor.py:830} INFO - Processing file /Users/aswin/Documents/data-engineering-practice/ETL_Airflow_DBT/airflow/airflow_env/lib/python3.11/site-packages/airflow/example_dags/example_params_ui_tutorial.py for tasks to queue
[2026-03-10T06:35:56.170+0530] {logging_mixin.py:188} INFO - [2026-03-10T06:35:56.170+0530] {dagbag.py:540} INFO - Filling up the DagBag from /Users/aswin/Documents/data-engineering-practice/ETL_Airflow_DBT/airflow/airflow_env/lib/python3.11/site-packages/airflow/example_dags/example_params_ui_tutorial.py
[2026-03-10T06:35:56.185+0530] {processor.py:840} INFO - DAG(s) 'example_params_ui_tutorial' retrieved from /Users/aswin/Documents/data-engineering-practice/ETL_Airflow_DBT/airflow/airflow_env/lib/python3.11/site-packages/airflow/example_dags/example_params_ui_tutorial.py
[2026-03-10T06:35:56.221+0530] {logging_mixin.py:188} INFO - [2026-03-10T06:35:56.221+0530] {dag.py:3096} INFO - Sync 1 DAGs
[2026-03-10T06:35:56.224+0530] {logging_mixin.py:188} INFO - [2026-03-10T06:35:56.224+0530] {dag.py:3954} INFO - Setting next_dagrun for example_params_ui_tutorial to None, run_after=None
[2026-03-10T06:35:56.230+0530] {processor.py:183} INFO - Processing /Users/aswin/Documents/data-engineering-practice/ETL_Airflow_DBT/airflow/airflow_env/lib/python3.11/site-packages/airflow/example_dags/example_params_ui_tutorial.py took 0.061 seconds
[2026-03-10T06:37:30.424+0530] {processor.py:161} INFO - Started process (PID=24021) to work on /Users/aswin/Documents/data-engineering-practice/ETL_Airflow_DBT/airflow/airflow_env/lib/python3.11/site-packages/airflow/example_dags/example_params_ui_tutorial.py
[2026-03-10T06:37:30.424+0530] {processor.py:830} INFO - Processing file /Users/aswin/Documents/data-engineering-practice/ETL_Airflow_DBT/airflow/airflow_env/lib/python3.11/site-packages/airflow/example_dags/example_params_ui_tutorial.py for tasks to queue
[2026-03-10T06:37:30.424+0530] {logging_mixin.py:188} INFO - [2026-03-10T06:37:30.424+0530] {dagbag.py:540} INFO - Filling up the DagBag from /Users/aswin/Documents/data-engineering-practice/ETL_Airflow_DBT/airflow/airflow_env/lib/python3.11/site-packages/airflow/example_dags/example_params_ui_tutorial.py
[2026-03-10T06:37:30.440+0530] {processor.py:840} INFO - DAG(s) 'example_params_ui_tutorial' retrieved from /Users/aswin/Documents/data-engineering-practice/ETL_Airflow_DBT/airflow/airflow_env/lib/python3.11/site-packages/airflow/example_dags/example_params_ui_tutorial.py
[2026-03-10T06:37:30.476+0530] {logging_mixin.py:188} INFO - [2026-03-10T06:37:30.476+0530] {dag.py:3096} INFO - Sync 1 DAGs
[2026-03-10T06:37:30.479+0530] {logging_mixin.py:188} INFO - [2026-03-10T06:37:30.479+0530] {dag.py:3954} INFO - Setting next_dagrun for example_params_ui_tutorial to None, run_after=None
[2026-03-10T06:37:30.485+0530] {processor.py:183} INFO - Processing /Users/aswin/Documents/data-engineering-practice/ETL_Airflow_DBT/airflow/airflow_env/lib/python3.11/site-packages/airflow/example_dags/example_params_ui_tutorial.py took 0.062 seconds
[2026-03-10T06:39:02.250+0530] {processor.py:161} INFO - Started process (PID=24135) to work on /Users/aswin/Documents/data-engineering-practice/ETL_Airflow_DBT/airflow/airflow_env/lib/python3.11/site-packages/airflow/example_dags/example_params_ui_tutorial.py
[2026-03-10T06:39:02.250+0530] {processor.py:830} INFO - Processing file /Users/aswin/Documents/data-engineering-practice/ETL_Airflow_DBT/airflow/airflow_env/lib/python3.11/site-packages/airflow/example_dags/example_params_ui_tutorial.py for tasks to queue
[2026-03-10T06:39:02.250+0530] {logging_mixin.py:188} INFO - [2026-03-10T06:39:02.250+0530] {dagbag.py:540} INFO - Filling up the DagBag from /Users/aswin/Documents/data-engineering-practice/ETL_Airflow_DBT/airflow/airflow_env/lib/python3.11/site-packages/airflow/example_dags/example_params_ui_tutorial.py
[2026-03-10T06:39:02.266+0530] {processor.py:840} INFO - DAG(s) 'example_params_ui_tutorial' retrieved from /Users/aswin/Documents/data-engineering-practice/ETL_Airflow_DBT/airflow/airflow_env/lib/python3.11/site-packages/airflow/example_dags/example_params_ui_tutorial.py
[2026-03-10T06:39:02.303+0530] {logging_mixin.py:188} INFO - [2026-03-10T06:39:02.303+0530] {dag.py:3096} INFO - Sync 1 DAGs
[2026-03-10T06:39:02.306+0530] {logging_mixin.py:188} INFO - [2026-03-10T06:39:02.306+0530] {dag.py:3954} INFO - Setting next_dagrun for example_params_ui_tutorial to None, run_after=None
[2026-03-10T06:39:02.311+0530] {processor.py:183} INFO - Processing /Users/aswin/Documents/data-engineering-practice/ETL_Airflow_DBT/airflow/airflow_env/lib/python3.11/site-packages/airflow/example_dags/example_params_ui_tutorial.py took 0.063 seconds
[2026-03-10T06:40:33.426+0530] {processor.py:161} INFO - Started process (PID=24209) to work on /Users/aswin/Documents/data-engineering-practice/ETL_Airflow_DBT/airflow/airflow_env/lib/python3.11/site-packages/airflow/example_dags/example_params_ui_tutorial.py
[2026-03-10T06:40:33.427+0530] {processor.py:830} INFO - Processing file /Users/aswin/Documents/data-engineering-practice/ETL_Airflow_DBT/airflow/airflow_env/lib/python3.11/site-packages/airflow/example_dags/example_params_ui_tutorial.py for tasks to queue
[2026-03-10T06:40:33.427+0530] {logging_mixin.py:188} INFO - [2026-03-10T06:40:33.427+0530] {dagbag.py:540} INFO - Filling up the DagBag from /Users/aswin/Documents/data-engineering-practice/ETL_Airflow_DBT/airflow/airflow_env/lib/python3.11/site-packages/airflow/example_dags/example_params_ui_tutorial.py
[2026-03-10T06:40:33.441+0530] {processor.py:840} INFO - DAG(s) 'example_params_ui_tutorial' retrieved from /Users/aswin/Documents/data-engineering-practice/ETL_Airflow_DBT/airflow/airflow_env/lib/python3.11/site-packages/airflow/example_dags/example_params_ui_tutorial.py
[2026-03-10T06:40:33.477+0530] {logging_mixin.py:188} INFO - [2026-03-10T06:40:33.477+0530] {dag.py:3096} INFO - Sync 1 DAGs
[2026-03-10T06:40:33.480+0530] {logging_mixin.py:188} INFO - [2026-03-10T06:40:33.479+0530] {dag.py:3954} INFO - Setting next_dagrun for example_params_ui_tutorial to None, run_after=None
[2026-03-10T06:40:33.485+0530] {processor.py:183} INFO - Processing /Users/aswin/Documents/data-engineering-practice/ETL_Airflow_DBT/airflow/airflow_env/lib/python3.11/site-packages/airflow/example_dags/example_params_ui_tutorial.py took 0.060 seconds
[2026-03-10T06:42:07.988+0530] {processor.py:161} INFO - Started process (PID=24282) to work on /Users/aswin/Documents/data-engineering-practice/ETL_Airflow_DBT/airflow/airflow_env/lib/python3.11/site-packages/airflow/example_dags/example_params_ui_tutorial.py
[2026-03-10T06:42:07.989+0530] {processor.py:830} INFO - Processing file /Users/aswin/Documents/data-engineering-practice/ETL_Airflow_DBT/airflow/airflow_env/lib/python3.11/site-packages/airflow/example_dags/example_params_ui_tutorial.py for tasks to queue
[2026-03-10T06:42:07.989+0530] {logging_mixin.py:188} INFO - [2026-03-10T06:42:07.989+0530] {dagbag.py:540} INFO - Filling up the DagBag from /Users/aswin/Documents/data-engineering-practice/ETL_Airflow_DBT/airflow/airflow_env/lib/python3.11/site-packages/airflow/example_dags/example_params_ui_tutorial.py
[2026-03-10T06:42:08.004+0530] {processor.py:840} INFO - DAG(s) 'example_params_ui_tutorial' retrieved from /Users/aswin/Documents/data-engineering-practice/ETL_Airflow_DBT/airflow/airflow_env/lib/python3.11/site-packages/airflow/example_dags/example_params_ui_tutorial.py
[2026-03-10T06:42:08.040+0530] {logging_mixin.py:188} INFO - [2026-03-10T06:42:08.040+0530] {dag.py:3096} INFO - Sync 1 DAGs
[2026-03-10T06:42:08.043+0530] {logging_mixin.py:188} INFO - [2026-03-10T06:42:08.043+0530] {dag.py:3954} INFO - Setting next_dagrun for example_params_ui_tutorial to None, run_after=None
[2026-03-10T06:42:08.049+0530] {processor.py:183} INFO - Processing /Users/aswin/Documents/data-engineering-practice/ETL_Airflow_DBT/airflow/airflow_env/lib/python3.11/site-packages/airflow/example_dags/example_params_ui_tutorial.py took 0.061 seconds
[2026-03-10T06:46:23.087+0530] {processor.py:161} INFO - Started process (PID=24372) to work on /Users/aswin/Documents/data-engineering-practice/ETL_Airflow_DBT/airflow/airflow_env/lib/python3.11/site-packages/airflow/example_dags/example_params_ui_tutorial.py
[2026-03-10T06:46:23.088+0530] {processor.py:830} INFO - Processing file /Users/aswin/Documents/data-engineering-practice/ETL_Airflow_DBT/airflow/airflow_env/lib/python3.11/site-packages/airflow/example_dags/example_params_ui_tutorial.py for tasks to queue
[2026-03-10T06:46:23.088+0530] {logging_mixin.py:188} INFO - [2026-03-10T06:46:23.088+0530] {dagbag.py:540} INFO - Filling up the DagBag from /Users/aswin/Documents/data-engineering-practice/ETL_Airflow_DBT/airflow/airflow_env/lib/python3.11/site-packages/airflow/example_dags/example_params_ui_tutorial.py
[2026-03-10T06:46:23.103+0530] {processor.py:840} INFO - DAG(s) 'example_params_ui_tutorial' retrieved from /Users/aswin/Documents/data-engineering-practice/ETL_Airflow_DBT/airflow/airflow_env/lib/python3.11/site-packages/airflow/example_dags/example_params_ui_tutorial.py
[2026-03-10T06:46:23.138+0530] {logging_mixin.py:188} INFO - [2026-03-10T06:46:23.138+0530] {dag.py:3096} INFO - Sync 1 DAGs
[2026-03-10T06:46:23.141+0530] {logging_mixin.py:188} INFO - [2026-03-10T06:46:23.141+0530] {dag.py:3954} INFO - Setting next_dagrun for example_params_ui_tutorial to None, run_after=None
[2026-03-10T06:46:23.146+0530] {processor.py:183} INFO - Processing /Users/aswin/Documents/data-engineering-practice/ETL_Airflow_DBT/airflow/airflow_env/lib/python3.11/site-packages/airflow/example_dags/example_params_ui_tutorial.py took 0.060 seconds
[2026-03-10T06:56:30.962+0530] {processor.py:161} INFO - Started process (PID=24466) to work on /Users/aswin/Documents/data-engineering-practice/ETL_Airflow_DBT/airflow/airflow_env/lib/python3.11/site-packages/airflow/example_dags/example_params_ui_tutorial.py
[2026-03-10T06:56:30.963+0530] {processor.py:830} INFO - Processing file /Users/aswin/Documents/data-engineering-practice/ETL_Airflow_DBT/airflow/airflow_env/lib/python3.11/site-packages/airflow/example_dags/example_params_ui_tutorial.py for tasks to queue
[2026-03-10T06:56:30.963+0530] {logging_mixin.py:188} INFO - [2026-03-10T06:56:30.963+0530] {dagbag.py:540} INFO - Filling up the DagBag from /Users/aswin/Documents/data-engineering-practice/ETL_Airflow_DBT/airflow/airflow_env/lib/python3.11/site-packages/airflow/example_dags/example_params_ui_tutorial.py
[2026-03-10T06:56:30.978+0530] {processor.py:840} INFO - DAG(s) 'example_params_ui_tutorial' retrieved from /Users/aswin/Documents/data-engineering-practice/ETL_Airflow_DBT/airflow/airflow_env/lib/python3.11/site-packages/airflow/example_dags/example_params_ui_tutorial.py
[2026-03-10T06:56:31.013+0530] {logging_mixin.py:188} INFO - [2026-03-10T06:56:31.013+0530] {dag.py:3096} INFO - Sync 1 DAGs
[2026-03-10T06:56:31.016+0530] {logging_mixin.py:188} INFO - [2026-03-10T06:56:31.016+0530] {dag.py:3954} INFO - Setting next_dagrun for example_params_ui_tutorial to None, run_after=None
[2026-03-10T06:56:31.022+0530] {processor.py:183} INFO - Processing /Users/aswin/Documents/data-engineering-practice/ETL_Airflow_DBT/airflow/airflow_env/lib/python3.11/site-packages/airflow/example_dags/example_params_ui_tutorial.py took 0.061 seconds
[2026-03-10T07:02:16.653+0530] {processor.py:161} INFO - Started process (PID=24565) to work on /Users/aswin/Documents/data-engineering-practice/ETL_Airflow_DBT/airflow/airflow_env/lib/python3.11/site-packages/airflow/example_dags/example_params_ui_tutorial.py
[2026-03-10T07:02:16.654+0530] {processor.py:830} INFO - Processing file /Users/aswin/Documents/data-engineering-practice/ETL_Airflow_DBT/airflow/airflow_env/lib/python3.11/site-packages/airflow/example_dags/example_params_ui_tutorial.py for tasks to queue
[2026-03-10T07:02:16.654+0530] {logging_mixin.py:188} INFO - [2026-03-10T07:02:16.654+0530] {dagbag.py:540} INFO - Filling up the DagBag from /Users/aswin/Documents/data-engineering-practice/ETL_Airflow_DBT/airflow/airflow_env/lib/python3.11/site-packages/airflow/example_dags/example_params_ui_tutorial.py
[2026-03-10T07:02:16.668+0530] {processor.py:840} INFO - DAG(s) 'example_params_ui_tutorial' retrieved from /Users/aswin/Documents/data-engineering-practice/ETL_Airflow_DBT/airflow/airflow_env/lib/python3.11/site-packages/airflow/example_dags/example_params_ui_tutorial.py
[2026-03-10T07:02:16.705+0530] {logging_mixin.py:188} INFO - [2026-03-10T07:02:16.705+0530] {dag.py:3096} INFO - Sync 1 DAGs
[2026-03-10T07:02:16.708+0530] {logging_mixin.py:188} INFO - [2026-03-10T07:02:16.708+0530] {dag.py:3954} INFO - Setting next_dagrun for example_params_ui_tutorial to None, run_after=None
[2026-03-10T07:02:16.714+0530] {processor.py:183} INFO - Processing /Users/aswin/Documents/data-engineering-practice/ETL_Airflow_DBT/airflow/airflow_env/lib/python3.11/site-packages/airflow/example_dags/example_params_ui_tutorial.py took 0.062 seconds
[2026-03-10T07:06:31.235+0530] {processor.py:161} INFO - Started process (PID=24668) to work on /Users/aswin/Documents/data-engineering-practice/ETL_Airflow_DBT/airflow/airflow_env/lib/python3.11/site-packages/airflow/example_dags/example_params_ui_tutorial.py
[2026-03-10T07:06:31.236+0530] {processor.py:830} INFO - Processing file /Users/aswin/Documents/data-engineering-practice/ETL_Airflow_DBT/airflow/airflow_env/lib/python3.11/site-packages/airflow/example_dags/example_params_ui_tutorial.py for tasks to queue
[2026-03-10T07:06:31.236+0530] {logging_mixin.py:188} INFO - [2026-03-10T07:06:31.236+0530] {dagbag.py:540} INFO - Filling up the DagBag from /Users/aswin/Documents/data-engineering-practice/ETL_Airflow_DBT/airflow/airflow_env/lib/python3.11/site-packages/airflow/example_dags/example_params_ui_tutorial.py
[2026-03-10T07:06:31.250+0530] {processor.py:840} INFO - DAG(s) 'example_params_ui_tutorial' retrieved from /Users/aswin/Documents/data-engineering-practice/ETL_Airflow_DBT/airflow/airflow_env/lib/python3.11/site-packages/airflow/example_dags/example_params_ui_tutorial.py
[2026-03-10T07:06:31.286+0530] {logging_mixin.py:188} INFO - [2026-03-10T07:06:31.286+0530] {dag.py:3096} INFO - Sync 1 DAGs
[2026-03-10T07:06:31.289+0530] {logging_mixin.py:188} INFO - [2026-03-10T07:06:31.289+0530] {dag.py:3954} INFO - Setting next_dagrun for example_params_ui_tutorial to None, run_after=None
[2026-03-10T07:06:31.294+0530] {processor.py:183} INFO - Processing /Users/aswin/Documents/data-engineering-practice/ETL_Airflow_DBT/airflow/airflow_env/lib/python3.11/site-packages/airflow/example_dags/example_params_ui_tutorial.py took 0.060 seconds
[2026-03-10T07:18:30.999+0530] {processor.py:161} INFO - Started process (PID=24799) to work on /Users/aswin/Documents/data-engineering-practice/ETL_Airflow_DBT/airflow/airflow_env/lib/python3.11/site-packages/airflow/example_dags/example_params_ui_tutorial.py
[2026-03-10T07:18:31.000+0530] {processor.py:830} INFO - Processing file /Users/aswin/Documents/data-engineering-practice/ETL_Airflow_DBT/airflow/airflow_env/lib/python3.11/site-packages/airflow/example_dags/example_params_ui_tutorial.py for tasks to queue
[2026-03-10T07:18:31.000+0530] {logging_mixin.py:188} INFO - [2026-03-10T07:18:31.000+0530] {dagbag.py:540} INFO - Filling up the DagBag from /Users/aswin/Documents/data-engineering-practice/ETL_Airflow_DBT/airflow/airflow_env/lib/python3.11/site-packages/airflow/example_dags/example_params_ui_tutorial.py
[2026-03-10T07:18:31.014+0530] {processor.py:840} INFO - DAG(s) 'example_params_ui_tutorial' retrieved from /Users/aswin/Documents/data-engineering-practice/ETL_Airflow_DBT/airflow/airflow_env/lib/python3.11/site-packages/airflow/example_dags/example_params_ui_tutorial.py
[2026-03-10T07:18:31.049+0530] {logging_mixin.py:188} INFO - [2026-03-10T07:18:31.049+0530] {dag.py:3096} INFO - Sync 1 DAGs
[2026-03-10T07:18:31.051+0530] {logging_mixin.py:188} INFO - [2026-03-10T07:18:31.051+0530] {dag.py:3954} INFO - Setting next_dagrun for example_params_ui_tutorial to None, run_after=None
[2026-03-10T07:18:31.057+0530] {processor.py:183} INFO - Processing /Users/aswin/Documents/data-engineering-practice/ETL_Airflow_DBT/airflow/airflow_env/lib/python3.11/site-packages/airflow/example_dags/example_params_ui_tutorial.py took 0.059 seconds
[2026-03-10T07:21:27.790+0530] {processor.py:161} INFO - Started process (PID=24880) to work on /Users/aswin/Documents/data-engineering-practice/ETL_Airflow_DBT/airflow/airflow_env/lib/python3.11/site-packages/airflow/example_dags/example_params_ui_tutorial.py
[2026-03-10T07:21:27.791+0530] {processor.py:830} INFO - Processing file /Users/aswin/Documents/data-engineering-practice/ETL_Airflow_DBT/airflow/airflow_env/lib/python3.11/site-packages/airflow/example_dags/example_params_ui_tutorial.py for tasks to queue
[2026-03-10T07:21:27.791+0530] {logging_mixin.py:188} INFO - [2026-03-10T07:21:27.791+0530] {dagbag.py:540} INFO - Filling up the DagBag from /Users/aswin/Documents/data-engineering-practice/ETL_Airflow_DBT/airflow/airflow_env/lib/python3.11/site-packages/airflow/example_dags/example_params_ui_tutorial.py
[2026-03-10T07:21:27.805+0530] {processor.py:840} INFO - DAG(s) 'example_params_ui_tutorial' retrieved from /Users/aswin/Documents/data-engineering-practice/ETL_Airflow_DBT/airflow/airflow_env/lib/python3.11/site-packages/airflow/example_dags/example_params_ui_tutorial.py
[2026-03-10T07:21:27.840+0530] {logging_mixin.py:188} INFO - [2026-03-10T07:21:27.840+0530] {dag.py:3096} INFO - Sync 1 DAGs
[2026-03-10T07:21:27.842+0530] {logging_mixin.py:188} INFO - [2026-03-10T07:21:27.842+0530] {dag.py:3954} INFO - Setting next_dagrun for example_params_ui_tutorial to None, run_after=None
[2026-03-10T07:21:27.848+0530] {processor.py:183} INFO - Processing /Users/aswin/Documents/data-engineering-practice/ETL_Airflow_DBT/airflow/airflow_env/lib/python3.11/site-packages/airflow/example_dags/example_params_ui_tutorial.py took 0.059 seconds
[2026-03-10T07:32:43.759+0530] {processor.py:161} INFO - Started process (PID=24995) to work on /Users/aswin/Documents/data-engineering-practice/ETL_Airflow_DBT/airflow/airflow_env/lib/python3.11/site-packages/airflow/example_dags/example_params_ui_tutorial.py
[2026-03-10T07:32:43.760+0530] {processor.py:830} INFO - Processing file /Users/aswin/Documents/data-engineering-practice/ETL_Airflow_DBT/airflow/airflow_env/lib/python3.11/site-packages/airflow/example_dags/example_params_ui_tutorial.py for tasks to queue
[2026-03-10T07:32:43.760+0530] {logging_mixin.py:188} INFO - [2026-03-10T07:32:43.760+0530] {dagbag.py:540} INFO - Filling up the DagBag from /Users/aswin/Documents/data-engineering-practice/ETL_Airflow_DBT/airflow/airflow_env/lib/python3.11/site-packages/airflow/example_dags/example_params_ui_tutorial.py
[2026-03-10T07:32:43.774+0530] {processor.py:840} INFO - DAG(s) 'example_params_ui_tutorial' retrieved from /Users/aswin/Documents/data-engineering-practice/ETL_Airflow_DBT/airflow/airflow_env/lib/python3.11/site-packages/airflow/example_dags/example_params_ui_tutorial.py
[2026-03-10T07:32:43.810+0530] {logging_mixin.py:188} INFO - [2026-03-10T07:32:43.810+0530] {dag.py:3096} INFO - Sync 1 DAGs
[2026-03-10T07:32:43.812+0530] {logging_mixin.py:188} INFO - [2026-03-10T07:32:43.812+0530] {dag.py:3954} INFO - Setting next_dagrun for example_params_ui_tutorial to None, run_after=None
[2026-03-10T07:32:43.818+0530] {processor.py:183} INFO - Processing /Users/aswin/Documents/data-engineering-practice/ETL_Airflow_DBT/airflow/airflow_env/lib/python3.11/site-packages/airflow/example_dags/example_params_ui_tutorial.py took 0.060 seconds
[2026-03-10T07:35:03.277+0530] {processor.py:161} INFO - Started process (PID=25078) to work on /Users/aswin/Documents/data-engineering-practice/ETL_Airflow_DBT/airflow/airflow_env/lib/python3.11/site-packages/airflow/example_dags/example_params_ui_tutorial.py
[2026-03-10T07:35:03.278+0530] {processor.py:830} INFO - Processing file /Users/aswin/Documents/data-engineering-practice/ETL_Airflow_DBT/airflow/airflow_env/lib/python3.11/site-packages/airflow/example_dags/example_params_ui_tutorial.py for tasks to queue
[2026-03-10T07:35:03.278+0530] {logging_mixin.py:188} INFO - [2026-03-10T07:35:03.278+0530] {dagbag.py:540} INFO - Filling up the DagBag from /Users/aswin/Documents/data-engineering-practice/ETL_Airflow_DBT/airflow/airflow_env/lib/python3.11/site-packages/airflow/example_dags/example_params_ui_tutorial.py
[2026-03-10T07:35:03.292+0530] {processor.py:840} INFO - DAG(s) 'example_params_ui_tutorial' retrieved from /Users/aswin/Documents/data-engineering-practice/ETL_Airflow_DBT/airflow/airflow_env/lib/python3.11/site-packages/airflow/example_dags/example_params_ui_tutorial.py
[2026-03-10T07:35:03.327+0530] {logging_mixin.py:188} INFO - [2026-03-10T07:35:03.327+0530] {dag.py:3096} INFO - Sync 1 DAGs
[2026-03-10T07:35:03.329+0530] {logging_mixin.py:188} INFO - [2026-03-10T07:35:03.329+0530] {dag.py:3954} INFO - Setting next_dagrun for example_params_ui_tutorial to None, run_after=None
[2026-03-10T07:35:03.335+0530] {processor.py:183} INFO - Processing /Users/aswin/Documents/data-engineering-practice/ETL_Airflow_DBT/airflow/airflow_env/lib/python3.11/site-packages/airflow/example_dags/example_params_ui_tutorial.py took 0.059 seconds
[2026-03-10T07:44:27.909+0530] {processor.py:161} INFO - Started process (PID=25194) to work on /Users/aswin/Documents/data-engineering-practice/ETL_Airflow_DBT/airflow/airflow_env/lib/python3.11/site-packages/airflow/example_dags/example_params_ui_tutorial.py
[2026-03-10T07:44:27.910+0530] {processor.py:830} INFO - Processing file /Users/aswin/Documents/data-engineering-practice/ETL_Airflow_DBT/airflow/airflow_env/lib/python3.11/site-packages/airflow/example_dags/example_params_ui_tutorial.py for tasks to queue
[2026-03-10T07:44:27.910+0530] {logging_mixin.py:188} INFO - [2026-03-10T07:44:27.910+0530] {dagbag.py:540} INFO - Filling up the DagBag from /Users/aswin/Documents/data-engineering-practice/ETL_Airflow_DBT/airflow/airflow_env/lib/python3.11/site-packages/airflow/example_dags/example_params_ui_tutorial.py
[2026-03-10T07:44:27.924+0530] {processor.py:840} INFO - DAG(s) 'example_params_ui_tutorial' retrieved from /Users/aswin/Documents/data-engineering-practice/ETL_Airflow_DBT/airflow/airflow_env/lib/python3.11/site-packages/airflow/example_dags/example_params_ui_tutorial.py
[2026-03-10T07:44:27.959+0530] {logging_mixin.py:188} INFO - [2026-03-10T07:44:27.959+0530] {dag.py:3096} INFO - Sync 1 DAGs
[2026-03-10T07:44:27.962+0530] {logging_mixin.py:188} INFO - [2026-03-10T07:44:27.962+0530] {dag.py:3954} INFO - Setting next_dagrun for example_params_ui_tutorial to None, run_after=None
[2026-03-10T07:44:27.968+0530] {processor.py:183} INFO - Processing /Users/aswin/Documents/data-engineering-practice/ETL_Airflow_DBT/airflow/airflow_env/lib/python3.11/site-packages/airflow/example_dags/example_params_ui_tutorial.py took 0.060 seconds
[2026-03-10T07:49:19.468+0530] {processor.py:161} INFO - Started process (PID=25313) to work on /Users/aswin/Documents/data-engineering-practice/ETL_Airflow_DBT/airflow/airflow_env/lib/python3.11/site-packages/airflow/example_dags/example_params_ui_tutorial.py
[2026-03-10T07:49:19.470+0530] {processor.py:830} INFO - Processing file /Users/aswin/Documents/data-engineering-practice/ETL_Airflow_DBT/airflow/airflow_env/lib/python3.11/site-packages/airflow/example_dags/example_params_ui_tutorial.py for tasks to queue
[2026-03-10T07:49:19.470+0530] {logging_mixin.py:188} INFO - [2026-03-10T07:49:19.470+0530] {dagbag.py:540} INFO - Filling up the DagBag from /Users/aswin/Documents/data-engineering-practice/ETL_Airflow_DBT/airflow/airflow_env/lib/python3.11/site-packages/airflow/example_dags/example_params_ui_tutorial.py
[2026-03-10T07:49:19.485+0530] {processor.py:840} INFO - DAG(s) 'example_params_ui_tutorial' retrieved from /Users/aswin/Documents/data-engineering-practice/ETL_Airflow_DBT/airflow/airflow_env/lib/python3.11/site-packages/airflow/example_dags/example_params_ui_tutorial.py
[2026-03-10T07:49:19.521+0530] {logging_mixin.py:188} INFO - [2026-03-10T07:49:19.521+0530] {dag.py:3096} INFO - Sync 1 DAGs
[2026-03-10T07:49:19.523+0530] {logging_mixin.py:188} INFO - [2026-03-10T07:49:19.523+0530] {dag.py:3954} INFO - Setting next_dagrun for example_params_ui_tutorial to None, run_after=None
[2026-03-10T07:49:19.529+0530] {processor.py:183} INFO - Processing /Users/aswin/Documents/data-engineering-practice/ETL_Airflow_DBT/airflow/airflow_env/lib/python3.11/site-packages/airflow/example_dags/example_params_ui_tutorial.py took 0.062 seconds
[2026-03-10T07:51:52.951+0530] {processor.py:161} INFO - Started process (PID=25398) to work on /Users/aswin/Documents/data-engineering-practice/ETL_Airflow_DBT/airflow/airflow_env/lib/python3.11/site-packages/airflow/example_dags/example_params_ui_tutorial.py
[2026-03-10T07:51:52.952+0530] {processor.py:830} INFO - Processing file /Users/aswin/Documents/data-engineering-practice/ETL_Airflow_DBT/airflow/airflow_env/lib/python3.11/site-packages/airflow/example_dags/example_params_ui_tutorial.py for tasks to queue
[2026-03-10T07:51:52.953+0530] {logging_mixin.py:188} INFO - [2026-03-10T07:51:52.953+0530] {dagbag.py:540} INFO - Filling up the DagBag from /Users/aswin/Documents/data-engineering-practice/ETL_Airflow_DBT/airflow/airflow_env/lib/python3.11/site-packages/airflow/example_dags/example_params_ui_tutorial.py
[2026-03-10T07:51:52.967+0530] {processor.py:840} INFO - DAG(s) 'example_params_ui_tutorial' retrieved from /Users/aswin/Documents/data-engineering-practice/ETL_Airflow_DBT/airflow/airflow_env/lib/python3.11/site-packages/airflow/example_dags/example_params_ui_tutorial.py
[2026-03-10T07:51:53.002+0530] {logging_mixin.py:188} INFO - [2026-03-10T07:51:53.002+0530] {dag.py:3096} INFO - Sync 1 DAGs
[2026-03-10T07:51:53.005+0530] {logging_mixin.py:188} INFO - [2026-03-10T07:51:53.005+0530] {dag.py:3954} INFO - Setting next_dagrun for example_params_ui_tutorial to None, run_after=None
[2026-03-10T07:51:53.011+0530] {processor.py:183} INFO - Processing /Users/aswin/Documents/data-engineering-practice/ETL_Airflow_DBT/airflow/airflow_env/lib/python3.11/site-packages/airflow/example_dags/example_params_ui_tutorial.py took 0.061 seconds
[2026-03-10T07:57:09.822+0530] {processor.py:161} INFO - Started process (PID=25520) to work on /Users/aswin/Documents/data-engineering-practice/ETL_Airflow_DBT/airflow/airflow_env/lib/python3.11/site-packages/airflow/example_dags/example_params_ui_tutorial.py
[2026-03-10T07:57:09.824+0530] {processor.py:830} INFO - Processing file /Users/aswin/Documents/data-engineering-practice/ETL_Airflow_DBT/airflow/airflow_env/lib/python3.11/site-packages/airflow/example_dags/example_params_ui_tutorial.py for tasks to queue
[2026-03-10T07:57:09.824+0530] {logging_mixin.py:188} INFO - [2026-03-10T07:57:09.824+0530] {dagbag.py:540} INFO - Filling up the DagBag from /Users/aswin/Documents/data-engineering-practice/ETL_Airflow_DBT/airflow/airflow_env/lib/python3.11/site-packages/airflow/example_dags/example_params_ui_tutorial.py
[2026-03-10T07:57:09.838+0530] {processor.py:840} INFO - DAG(s) 'example_params_ui_tutorial' retrieved from /Users/aswin/Documents/data-engineering-practice/ETL_Airflow_DBT/airflow/airflow_env/lib/python3.11/site-packages/airflow/example_dags/example_params_ui_tutorial.py
[2026-03-10T07:57:09.873+0530] {logging_mixin.py:188} INFO - [2026-03-10T07:57:09.873+0530] {dag.py:3096} INFO - Sync 1 DAGs
[2026-03-10T07:57:09.876+0530] {logging_mixin.py:188} INFO - [2026-03-10T07:57:09.876+0530] {dag.py:3954} INFO - Setting next_dagrun for example_params_ui_tutorial to None, run_after=None
[2026-03-10T07:57:09.882+0530] {processor.py:183} INFO - Processing /Users/aswin/Documents/data-engineering-practice/ETL_Airflow_DBT/airflow/airflow_env/lib/python3.11/site-packages/airflow/example_dags/example_params_ui_tutorial.py took 0.061 seconds
[2026-03-10T07:58:46.419+0530] {processor.py:161} INFO - Started process (PID=25602) to work on /Users/aswin/Documents/data-engineering-practice/ETL_Airflow_DBT/airflow/airflow_env/lib/python3.11/site-packages/airflow/example_dags/example_params_ui_tutorial.py
[2026-03-10T07:58:46.420+0530] {processor.py:830} INFO - Processing file /Users/aswin/Documents/data-engineering-practice/ETL_Airflow_DBT/airflow/airflow_env/lib/python3.11/site-packages/airflow/example_dags/example_params_ui_tutorial.py for tasks to queue
[2026-03-10T07:58:46.420+0530] {logging_mixin.py:188} INFO - [2026-03-10T07:58:46.420+0530] {dagbag.py:540} INFO - Filling up the DagBag from /Users/aswin/Documents/data-engineering-practice/ETL_Airflow_DBT/airflow/airflow_env/lib/python3.11/site-packages/airflow/example_dags/example_params_ui_tutorial.py
[2026-03-10T07:58:46.435+0530] {processor.py:840} INFO - DAG(s) 'example_params_ui_tutorial' retrieved from /Users/aswin/Documents/data-engineering-practice/ETL_Airflow_DBT/airflow/airflow_env/lib/python3.11/site-packages/airflow/example_dags/example_params_ui_tutorial.py
[2026-03-10T07:58:46.470+0530] {logging_mixin.py:188} INFO - [2026-03-10T07:58:46.470+0530] {dag.py:3096} INFO - Sync 1 DAGs
[2026-03-10T07:58:46.473+0530] {logging_mixin.py:188} INFO - [2026-03-10T07:58:46.473+0530] {dag.py:3954} INFO - Setting next_dagrun for example_params_ui_tutorial to None, run_after=None
[2026-03-10T07:58:46.478+0530] {processor.py:183} INFO - Processing /Users/aswin/Documents/data-engineering-practice/ETL_Airflow_DBT/airflow/airflow_env/lib/python3.11/site-packages/airflow/example_dags/example_params_ui_tutorial.py took 0.060 seconds
[2026-03-10T08:03:20.660+0530] {processor.py:161} INFO - Started process (PID=25732) to work on /Users/aswin/Documents/data-engineering-practice/ETL_Airflow_DBT/airflow/airflow_env/lib/python3.11/site-packages/airflow/example_dags/example_params_ui_tutorial.py
[2026-03-10T08:03:20.661+0530] {processor.py:830} INFO - Processing file /Users/aswin/Documents/data-engineering-practice/ETL_Airflow_DBT/airflow/airflow_env/lib/python3.11/site-packages/airflow/example_dags/example_params_ui_tutorial.py for tasks to queue
[2026-03-10T08:03:20.661+0530] {logging_mixin.py:188} INFO - [2026-03-10T08:03:20.661+0530] {dagbag.py:540} INFO - Filling up the DagBag from /Users/aswin/Documents/data-engineering-practice/ETL_Airflow_DBT/airflow/airflow_env/lib/python3.11/site-packages/airflow/example_dags/example_params_ui_tutorial.py
[2026-03-10T08:03:20.675+0530] {processor.py:840} INFO - DAG(s) 'example_params_ui_tutorial' retrieved from /Users/aswin/Documents/data-engineering-practice/ETL_Airflow_DBT/airflow/airflow_env/lib/python3.11/site-packages/airflow/example_dags/example_params_ui_tutorial.py
[2026-03-10T08:03:20.710+0530] {logging_mixin.py:188} INFO - [2026-03-10T08:03:20.710+0530] {dag.py:3096} INFO - Sync 1 DAGs
[2026-03-10T08:03:20.713+0530] {logging_mixin.py:188} INFO - [2026-03-10T08:03:20.713+0530] {dag.py:3954} INFO - Setting next_dagrun for example_params_ui_tutorial to None, run_after=None
[2026-03-10T08:03:20.718+0530] {processor.py:183} INFO - Processing /Users/aswin/Documents/data-engineering-practice/ETL_Airflow_DBT/airflow/airflow_env/lib/python3.11/site-packages/airflow/example_dags/example_params_ui_tutorial.py took 0.059 seconds
[2026-03-10T08:04:50.690+0530] {processor.py:161} INFO - Started process (PID=25843) to work on /Users/aswin/Documents/data-engineering-practice/ETL_Airflow_DBT/airflow/airflow_env/lib/python3.11/site-packages/airflow/example_dags/example_params_ui_tutorial.py
[2026-03-10T08:04:50.691+0530] {processor.py:830} INFO - Processing file /Users/aswin/Documents/data-engineering-practice/ETL_Airflow_DBT/airflow/airflow_env/lib/python3.11/site-packages/airflow/example_dags/example_params_ui_tutorial.py for tasks to queue
[2026-03-10T08:04:50.691+0530] {logging_mixin.py:188} INFO - [2026-03-10T08:04:50.691+0530] {dagbag.py:540} INFO - Filling up the DagBag from /Users/aswin/Documents/data-engineering-practice/ETL_Airflow_DBT/airflow/airflow_env/lib/python3.11/site-packages/airflow/example_dags/example_params_ui_tutorial.py
[2026-03-10T08:04:50.705+0530] {processor.py:840} INFO - DAG(s) 'example_params_ui_tutorial' retrieved from /Users/aswin/Documents/data-engineering-practice/ETL_Airflow_DBT/airflow/airflow_env/lib/python3.11/site-packages/airflow/example_dags/example_params_ui_tutorial.py
[2026-03-10T08:04:50.740+0530] {logging_mixin.py:188} INFO - [2026-03-10T08:04:50.740+0530] {dag.py:3096} INFO - Sync 1 DAGs
[2026-03-10T08:04:50.743+0530] {logging_mixin.py:188} INFO - [2026-03-10T08:04:50.743+0530] {dag.py:3954} INFO - Setting next_dagrun for example_params_ui_tutorial to None, run_after=None
[2026-03-10T08:04:50.749+0530] {processor.py:183} INFO - Processing /Users/aswin/Documents/data-engineering-practice/ETL_Airflow_DBT/airflow/airflow_env/lib/python3.11/site-packages/airflow/example_dags/example_params_ui_tutorial.py took 0.060 seconds
[2026-03-10T08:06:19.588+0530] {processor.py:161} INFO - Started process (PID=25949) to work on /Users/aswin/Documents/data-engineering-practice/ETL_Airflow_DBT/airflow/airflow_env/lib/python3.11/site-packages/airflow/example_dags/example_params_ui_tutorial.py
[2026-03-10T08:06:19.588+0530] {processor.py:830} INFO - Processing file /Users/aswin/Documents/data-engineering-practice/ETL_Airflow_DBT/airflow/airflow_env/lib/python3.11/site-packages/airflow/example_dags/example_params_ui_tutorial.py for tasks to queue
[2026-03-10T08:06:19.589+0530] {logging_mixin.py:188} INFO - [2026-03-10T08:06:19.589+0530] {dagbag.py:540} INFO - Filling up the DagBag from /Users/aswin/Documents/data-engineering-practice/ETL_Airflow_DBT/airflow/airflow_env/lib/python3.11/site-packages/airflow/example_dags/example_params_ui_tutorial.py
[2026-03-10T08:06:19.603+0530] {processor.py:840} INFO - DAG(s) 'example_params_ui_tutorial' retrieved from /Users/aswin/Documents/data-engineering-practice/ETL_Airflow_DBT/airflow/airflow_env/lib/python3.11/site-packages/airflow/example_dags/example_params_ui_tutorial.py
[2026-03-10T08:06:19.638+0530] {logging_mixin.py:188} INFO - [2026-03-10T08:06:19.638+0530] {dag.py:3096} INFO - Sync 1 DAGs
[2026-03-10T08:06:19.641+0530] {logging_mixin.py:188} INFO - [2026-03-10T08:06:19.641+0530] {dag.py:3954} INFO - Setting next_dagrun for example_params_ui_tutorial to None, run_after=None
[2026-03-10T08:06:19.646+0530] {processor.py:183} INFO - Processing /Users/aswin/Documents/data-engineering-practice/ETL_Airflow_DBT/airflow/airflow_env/lib/python3.11/site-packages/airflow/example_dags/example_params_ui_tutorial.py took 0.059 seconds
[2026-03-10T08:13:28.657+0530] {processor.py:161} INFO - Started process (PID=26083) to work on /Users/aswin/Documents/data-engineering-practice/ETL_Airflow_DBT/airflow/airflow_env/lib/python3.11/site-packages/airflow/example_dags/example_params_ui_tutorial.py
[2026-03-10T08:13:28.658+0530] {processor.py:830} INFO - Processing file /Users/aswin/Documents/data-engineering-practice/ETL_Airflow_DBT/airflow/airflow_env/lib/python3.11/site-packages/airflow/example_dags/example_params_ui_tutorial.py for tasks to queue
[2026-03-10T08:13:28.658+0530] {logging_mixin.py:188} INFO - [2026-03-10T08:13:28.658+0530] {dagbag.py:540} INFO - Filling up the DagBag from /Users/aswin/Documents/data-engineering-practice/ETL_Airflow_DBT/airflow/airflow_env/lib/python3.11/site-packages/airflow/example_dags/example_params_ui_tutorial.py
[2026-03-10T08:13:28.673+0530] {processor.py:840} INFO - DAG(s) 'example_params_ui_tutorial' retrieved from /Users/aswin/Documents/data-engineering-practice/ETL_Airflow_DBT/airflow/airflow_env/lib/python3.11/site-packages/airflow/example_dags/example_params_ui_tutorial.py
[2026-03-10T08:13:28.708+0530] {logging_mixin.py:188} INFO - [2026-03-10T08:13:28.708+0530] {dag.py:3096} INFO - Sync 1 DAGs
[2026-03-10T08:13:28.711+0530] {logging_mixin.py:188} INFO - [2026-03-10T08:13:28.711+0530] {dag.py:3954} INFO - Setting next_dagrun for example_params_ui_tutorial to None, run_after=None
[2026-03-10T08:13:28.717+0530] {processor.py:183} INFO - Processing /Users/aswin/Documents/data-engineering-practice/ETL_Airflow_DBT/airflow/airflow_env/lib/python3.11/site-packages/airflow/example_dags/example_params_ui_tutorial.py took 0.061 seconds
[2026-03-10T08:15:16.719+0530] {processor.py:161} INFO - Started process (PID=26265) to work on /Users/aswin/Documents/data-engineering-practice/ETL_Airflow_DBT/airflow/airflow_env/lib/python3.11/site-packages/airflow/example_dags/example_params_ui_tutorial.py
[2026-03-10T08:15:16.719+0530] {processor.py:830} INFO - Processing file /Users/aswin/Documents/data-engineering-practice/ETL_Airflow_DBT/airflow/airflow_env/lib/python3.11/site-packages/airflow/example_dags/example_params_ui_tutorial.py for tasks to queue
[2026-03-10T08:15:16.720+0530] {logging_mixin.py:188} INFO - [2026-03-10T08:15:16.720+0530] {dagbag.py:540} INFO - Filling up the DagBag from /Users/aswin/Documents/data-engineering-practice/ETL_Airflow_DBT/airflow/airflow_env/lib/python3.11/site-packages/airflow/example_dags/example_params_ui_tutorial.py
[2026-03-10T08:15:16.735+0530] {processor.py:840} INFO - DAG(s) 'example_params_ui_tutorial' retrieved from /Users/aswin/Documents/data-engineering-practice/ETL_Airflow_DBT/airflow/airflow_env/lib/python3.11/site-packages/airflow/example_dags/example_params_ui_tutorial.py
[2026-03-10T08:15:16.772+0530] {logging_mixin.py:188} INFO - [2026-03-10T08:15:16.772+0530] {dag.py:3096} INFO - Sync 1 DAGs
[2026-03-10T08:15:16.775+0530] {logging_mixin.py:188} INFO - [2026-03-10T08:15:16.775+0530] {dag.py:3954} INFO - Setting next_dagrun for example_params_ui_tutorial to None, run_after=None
[2026-03-10T08:15:16.781+0530] {processor.py:183} INFO - Processing /Users/aswin/Documents/data-engineering-practice/ETL_Airflow_DBT/airflow/airflow_env/lib/python3.11/site-packages/airflow/example_dags/example_params_ui_tutorial.py took 0.063 seconds
[2026-03-10T08:16:35.422+0530] {processor.py:161} INFO - Started process (PID=26340) to work on /Users/aswin/Documents/data-engineering-practice/ETL_Airflow_DBT/airflow/airflow_env/lib/python3.11/site-packages/airflow/example_dags/example_params_ui_tutorial.py
[2026-03-10T08:16:35.423+0530] {processor.py:830} INFO - Processing file /Users/aswin/Documents/data-engineering-practice/ETL_Airflow_DBT/airflow/airflow_env/lib/python3.11/site-packages/airflow/example_dags/example_params_ui_tutorial.py for tasks to queue
[2026-03-10T08:16:35.423+0530] {logging_mixin.py:188} INFO - [2026-03-10T08:16:35.423+0530] {dagbag.py:540} INFO - Filling up the DagBag from /Users/aswin/Documents/data-engineering-practice/ETL_Airflow_DBT/airflow/airflow_env/lib/python3.11/site-packages/airflow/example_dags/example_params_ui_tutorial.py
[2026-03-10T08:16:35.442+0530] {processor.py:840} INFO - DAG(s) 'example_params_ui_tutorial' retrieved from /Users/aswin/Documents/data-engineering-practice/ETL_Airflow_DBT/airflow/airflow_env/lib/python3.11/site-packages/airflow/example_dags/example_params_ui_tutorial.py
[2026-03-10T08:16:35.483+0530] {logging_mixin.py:188} INFO - [2026-03-10T08:16:35.482+0530] {dag.py:3096} INFO - Sync 1 DAGs
[2026-03-10T08:16:35.486+0530] {logging_mixin.py:188} INFO - [2026-03-10T08:16:35.486+0530] {dag.py:3954} INFO - Setting next_dagrun for example_params_ui_tutorial to None, run_after=None
[2026-03-10T08:16:35.492+0530] {processor.py:183} INFO - Processing /Users/aswin/Documents/data-engineering-practice/ETL_Airflow_DBT/airflow/airflow_env/lib/python3.11/site-packages/airflow/example_dags/example_params_ui_tutorial.py took 0.072 seconds
[2026-03-10T08:18:11.192+0530] {processor.py:161} INFO - Started process (PID=26429) to work on /Users/aswin/Documents/data-engineering-practice/ETL_Airflow_DBT/airflow/airflow_env/lib/python3.11/site-packages/airflow/example_dags/example_params_ui_tutorial.py
[2026-03-10T08:18:11.193+0530] {processor.py:830} INFO - Processing file /Users/aswin/Documents/data-engineering-practice/ETL_Airflow_DBT/airflow/airflow_env/lib/python3.11/site-packages/airflow/example_dags/example_params_ui_tutorial.py for tasks to queue
[2026-03-10T08:18:11.193+0530] {logging_mixin.py:188} INFO - [2026-03-10T08:18:11.193+0530] {dagbag.py:540} INFO - Filling up the DagBag from /Users/aswin/Documents/data-engineering-practice/ETL_Airflow_DBT/airflow/airflow_env/lib/python3.11/site-packages/airflow/example_dags/example_params_ui_tutorial.py
[2026-03-10T08:18:11.208+0530] {processor.py:840} INFO - DAG(s) 'example_params_ui_tutorial' retrieved from /Users/aswin/Documents/data-engineering-practice/ETL_Airflow_DBT/airflow/airflow_env/lib/python3.11/site-packages/airflow/example_dags/example_params_ui_tutorial.py
[2026-03-10T08:18:11.247+0530] {logging_mixin.py:188} INFO - [2026-03-10T08:18:11.247+0530] {dag.py:3096} INFO - Sync 1 DAGs
[2026-03-10T08:18:11.250+0530] {logging_mixin.py:188} INFO - [2026-03-10T08:18:11.250+0530] {dag.py:3954} INFO - Setting next_dagrun for example_params_ui_tutorial to None, run_after=None
[2026-03-10T08:18:11.256+0530] {processor.py:183} INFO - Processing /Users/aswin/Documents/data-engineering-practice/ETL_Airflow_DBT/airflow/airflow_env/lib/python3.11/site-packages/airflow/example_dags/example_params_ui_tutorial.py took 0.065 seconds
[2026-03-10T08:19:46.076+0530] {processor.py:161} INFO - Started process (PID=26502) to work on /Users/aswin/Documents/data-engineering-practice/ETL_Airflow_DBT/airflow/airflow_env/lib/python3.11/site-packages/airflow/example_dags/example_params_ui_tutorial.py
[2026-03-10T08:19:46.076+0530] {processor.py:830} INFO - Processing file /Users/aswin/Documents/data-engineering-practice/ETL_Airflow_DBT/airflow/airflow_env/lib/python3.11/site-packages/airflow/example_dags/example_params_ui_tutorial.py for tasks to queue
[2026-03-10T08:19:46.077+0530] {logging_mixin.py:188} INFO - [2026-03-10T08:19:46.076+0530] {dagbag.py:540} INFO - Filling up the DagBag from /Users/aswin/Documents/data-engineering-practice/ETL_Airflow_DBT/airflow/airflow_env/lib/python3.11/site-packages/airflow/example_dags/example_params_ui_tutorial.py
[2026-03-10T08:19:46.093+0530] {processor.py:840} INFO - DAG(s) 'example_params_ui_tutorial' retrieved from /Users/aswin/Documents/data-engineering-practice/ETL_Airflow_DBT/airflow/airflow_env/lib/python3.11/site-packages/airflow/example_dags/example_params_ui_tutorial.py
[2026-03-10T08:19:46.130+0530] {logging_mixin.py:188} INFO - [2026-03-10T08:19:46.130+0530] {dag.py:3096} INFO - Sync 1 DAGs
[2026-03-10T08:19:46.133+0530] {logging_mixin.py:188} INFO - [2026-03-10T08:19:46.133+0530] {dag.py:3954} INFO - Setting next_dagrun for example_params_ui_tutorial to None, run_after=None
[2026-03-10T08:19:46.138+0530] {processor.py:183} INFO - Processing /Users/aswin/Documents/data-engineering-practice/ETL_Airflow_DBT/airflow/airflow_env/lib/python3.11/site-packages/airflow/example_dags/example_params_ui_tutorial.py took 0.064 seconds
[2026-03-10T08:21:17.904+0530] {processor.py:161} INFO - Started process (PID=26575) to work on /Users/aswin/Documents/data-engineering-practice/ETL_Airflow_DBT/airflow/airflow_env/lib/python3.11/site-packages/airflow/example_dags/example_params_ui_tutorial.py
[2026-03-10T08:21:17.905+0530] {processor.py:830} INFO - Processing file /Users/aswin/Documents/data-engineering-practice/ETL_Airflow_DBT/airflow/airflow_env/lib/python3.11/site-packages/airflow/example_dags/example_params_ui_tutorial.py for tasks to queue
[2026-03-10T08:21:17.905+0530] {logging_mixin.py:188} INFO - [2026-03-10T08:21:17.905+0530] {dagbag.py:540} INFO - Filling up the DagBag from /Users/aswin/Documents/data-engineering-practice/ETL_Airflow_DBT/airflow/airflow_env/lib/python3.11/site-packages/airflow/example_dags/example_params_ui_tutorial.py
[2026-03-10T08:21:17.920+0530] {processor.py:840} INFO - DAG(s) 'example_params_ui_tutorial' retrieved from /Users/aswin/Documents/data-engineering-practice/ETL_Airflow_DBT/airflow/airflow_env/lib/python3.11/site-packages/airflow/example_dags/example_params_ui_tutorial.py
[2026-03-10T08:21:17.957+0530] {logging_mixin.py:188} INFO - [2026-03-10T08:21:17.957+0530] {dag.py:3096} INFO - Sync 1 DAGs
[2026-03-10T08:21:17.960+0530] {logging_mixin.py:188} INFO - [2026-03-10T08:21:17.960+0530] {dag.py:3954} INFO - Setting next_dagrun for example_params_ui_tutorial to None, run_after=None
[2026-03-10T08:21:17.965+0530] {processor.py:183} INFO - Processing /Users/aswin/Documents/data-engineering-practice/ETL_Airflow_DBT/airflow/airflow_env/lib/python3.11/site-packages/airflow/example_dags/example_params_ui_tutorial.py took 0.062 seconds
[2026-03-10T08:22:52.224+0530] {processor.py:161} INFO - Started process (PID=26650) to work on /Users/aswin/Documents/data-engineering-practice/ETL_Airflow_DBT/airflow/airflow_env/lib/python3.11/site-packages/airflow/example_dags/example_params_ui_tutorial.py
[2026-03-10T08:22:52.224+0530] {processor.py:830} INFO - Processing file /Users/aswin/Documents/data-engineering-practice/ETL_Airflow_DBT/airflow/airflow_env/lib/python3.11/site-packages/airflow/example_dags/example_params_ui_tutorial.py for tasks to queue
[2026-03-10T08:22:52.224+0530] {logging_mixin.py:188} INFO - [2026-03-10T08:22:52.224+0530] {dagbag.py:540} INFO - Filling up the DagBag from /Users/aswin/Documents/data-engineering-practice/ETL_Airflow_DBT/airflow/airflow_env/lib/python3.11/site-packages/airflow/example_dags/example_params_ui_tutorial.py
[2026-03-10T08:22:52.239+0530] {processor.py:840} INFO - DAG(s) 'example_params_ui_tutorial' retrieved from /Users/aswin/Documents/data-engineering-practice/ETL_Airflow_DBT/airflow/airflow_env/lib/python3.11/site-packages/airflow/example_dags/example_params_ui_tutorial.py
[2026-03-10T08:22:52.274+0530] {logging_mixin.py:188} INFO - [2026-03-10T08:22:52.274+0530] {dag.py:3096} INFO - Sync 1 DAGs
[2026-03-10T08:22:52.277+0530] {logging_mixin.py:188} INFO - [2026-03-10T08:22:52.277+0530] {dag.py:3954} INFO - Setting next_dagrun for example_params_ui_tutorial to None, run_after=None
[2026-03-10T08:22:52.283+0530] {processor.py:183} INFO - Processing /Users/aswin/Documents/data-engineering-practice/ETL_Airflow_DBT/airflow/airflow_env/lib/python3.11/site-packages/airflow/example_dags/example_params_ui_tutorial.py took 0.061 seconds
[2026-03-10T08:24:26.006+0530] {processor.py:161} INFO - Started process (PID=26731) to work on /Users/aswin/Documents/data-engineering-practice/ETL_Airflow_DBT/airflow/airflow_env/lib/python3.11/site-packages/airflow/example_dags/example_params_ui_tutorial.py
[2026-03-10T08:24:26.007+0530] {processor.py:830} INFO - Processing file /Users/aswin/Documents/data-engineering-practice/ETL_Airflow_DBT/airflow/airflow_env/lib/python3.11/site-packages/airflow/example_dags/example_params_ui_tutorial.py for tasks to queue
[2026-03-10T08:24:26.008+0530] {logging_mixin.py:188} INFO - [2026-03-10T08:24:26.007+0530] {dagbag.py:540} INFO - Filling up the DagBag from /Users/aswin/Documents/data-engineering-practice/ETL_Airflow_DBT/airflow/airflow_env/lib/python3.11/site-packages/airflow/example_dags/example_params_ui_tutorial.py
[2026-03-10T08:24:26.022+0530] {processor.py:840} INFO - DAG(s) 'example_params_ui_tutorial' retrieved from /Users/aswin/Documents/data-engineering-practice/ETL_Airflow_DBT/airflow/airflow_env/lib/python3.11/site-packages/airflow/example_dags/example_params_ui_tutorial.py
[2026-03-10T08:24:26.057+0530] {logging_mixin.py:188} INFO - [2026-03-10T08:24:26.057+0530] {dag.py:3096} INFO - Sync 1 DAGs
[2026-03-10T08:24:26.060+0530] {logging_mixin.py:188} INFO - [2026-03-10T08:24:26.060+0530] {dag.py:3954} INFO - Setting next_dagrun for example_params_ui_tutorial to None, run_after=None
[2026-03-10T08:24:26.066+0530] {processor.py:183} INFO - Processing /Users/aswin/Documents/data-engineering-practice/ETL_Airflow_DBT/airflow/airflow_env/lib/python3.11/site-packages/airflow/example_dags/example_params_ui_tutorial.py took 0.060 seconds
[2026-03-10T08:25:57.621+0530] {processor.py:161} INFO - Started process (PID=26805) to work on /Users/aswin/Documents/data-engineering-practice/ETL_Airflow_DBT/airflow/airflow_env/lib/python3.11/site-packages/airflow/example_dags/example_params_ui_tutorial.py
[2026-03-10T08:25:57.621+0530] {processor.py:830} INFO - Processing file /Users/aswin/Documents/data-engineering-practice/ETL_Airflow_DBT/airflow/airflow_env/lib/python3.11/site-packages/airflow/example_dags/example_params_ui_tutorial.py for tasks to queue
[2026-03-10T08:25:57.621+0530] {logging_mixin.py:188} INFO - [2026-03-10T08:25:57.621+0530] {dagbag.py:540} INFO - Filling up the DagBag from /Users/aswin/Documents/data-engineering-practice/ETL_Airflow_DBT/airflow/airflow_env/lib/python3.11/site-packages/airflow/example_dags/example_params_ui_tutorial.py
[2026-03-10T08:25:57.636+0530] {processor.py:840} INFO - DAG(s) 'example_params_ui_tutorial' retrieved from /Users/aswin/Documents/data-engineering-practice/ETL_Airflow_DBT/airflow/airflow_env/lib/python3.11/site-packages/airflow/example_dags/example_params_ui_tutorial.py
[2026-03-10T08:25:57.672+0530] {logging_mixin.py:188} INFO - [2026-03-10T08:25:57.672+0530] {dag.py:3096} INFO - Sync 1 DAGs
[2026-03-10T08:25:57.675+0530] {logging_mixin.py:188} INFO - [2026-03-10T08:25:57.675+0530] {dag.py:3954} INFO - Setting next_dagrun for example_params_ui_tutorial to None, run_after=None
[2026-03-10T08:25:57.681+0530] {processor.py:183} INFO - Processing /Users/aswin/Documents/data-engineering-practice/ETL_Airflow_DBT/airflow/airflow_env/lib/python3.11/site-packages/airflow/example_dags/example_params_ui_tutorial.py took 0.061 seconds
[2026-03-10T08:27:28.854+0530] {processor.py:161} INFO - Started process (PID=26887) to work on /Users/aswin/Documents/data-engineering-practice/ETL_Airflow_DBT/airflow/airflow_env/lib/python3.11/site-packages/airflow/example_dags/example_params_ui_tutorial.py
[2026-03-10T08:27:28.855+0530] {processor.py:830} INFO - Processing file /Users/aswin/Documents/data-engineering-practice/ETL_Airflow_DBT/airflow/airflow_env/lib/python3.11/site-packages/airflow/example_dags/example_params_ui_tutorial.py for tasks to queue
[2026-03-10T08:27:28.855+0530] {logging_mixin.py:188} INFO - [2026-03-10T08:27:28.855+0530] {dagbag.py:540} INFO - Filling up the DagBag from /Users/aswin/Documents/data-engineering-practice/ETL_Airflow_DBT/airflow/airflow_env/lib/python3.11/site-packages/airflow/example_dags/example_params_ui_tutorial.py
[2026-03-10T08:27:28.870+0530] {processor.py:840} INFO - DAG(s) 'example_params_ui_tutorial' retrieved from /Users/aswin/Documents/data-engineering-practice/ETL_Airflow_DBT/airflow/airflow_env/lib/python3.11/site-packages/airflow/example_dags/example_params_ui_tutorial.py
[2026-03-10T08:27:28.906+0530] {logging_mixin.py:188} INFO - [2026-03-10T08:27:28.906+0530] {dag.py:3096} INFO - Sync 1 DAGs
[2026-03-10T08:27:28.909+0530] {logging_mixin.py:188} INFO - [2026-03-10T08:27:28.909+0530] {dag.py:3954} INFO - Setting next_dagrun for example_params_ui_tutorial to None, run_after=None
[2026-03-10T08:27:28.915+0530] {processor.py:183} INFO - Processing /Users/aswin/Documents/data-engineering-practice/ETL_Airflow_DBT/airflow/airflow_env/lib/python3.11/site-packages/airflow/example_dags/example_params_ui_tutorial.py took 0.062 seconds
[2026-03-10T08:29:00.513+0530] {processor.py:161} INFO - Started process (PID=26958) to work on /Users/aswin/Documents/data-engineering-practice/ETL_Airflow_DBT/airflow/airflow_env/lib/python3.11/site-packages/airflow/example_dags/example_params_ui_tutorial.py
[2026-03-10T08:29:00.514+0530] {processor.py:830} INFO - Processing file /Users/aswin/Documents/data-engineering-practice/ETL_Airflow_DBT/airflow/airflow_env/lib/python3.11/site-packages/airflow/example_dags/example_params_ui_tutorial.py for tasks to queue
[2026-03-10T08:29:00.514+0530] {logging_mixin.py:188} INFO - [2026-03-10T08:29:00.514+0530] {dagbag.py:540} INFO - Filling up the DagBag from /Users/aswin/Documents/data-engineering-practice/ETL_Airflow_DBT/airflow/airflow_env/lib/python3.11/site-packages/airflow/example_dags/example_params_ui_tutorial.py
[2026-03-10T08:29:00.530+0530] {processor.py:840} INFO - DAG(s) 'example_params_ui_tutorial' retrieved from /Users/aswin/Documents/data-engineering-practice/ETL_Airflow_DBT/airflow/airflow_env/lib/python3.11/site-packages/airflow/example_dags/example_params_ui_tutorial.py
[2026-03-10T08:29:00.566+0530] {logging_mixin.py:188} INFO - [2026-03-10T08:29:00.566+0530] {dag.py:3096} INFO - Sync 1 DAGs
[2026-03-10T08:29:00.569+0530] {logging_mixin.py:188} INFO - [2026-03-10T08:29:00.569+0530] {dag.py:3954} INFO - Setting next_dagrun for example_params_ui_tutorial to None, run_after=None
[2026-03-10T08:29:00.574+0530] {processor.py:183} INFO - Processing /Users/aswin/Documents/data-engineering-practice/ETL_Airflow_DBT/airflow/airflow_env/lib/python3.11/site-packages/airflow/example_dags/example_params_ui_tutorial.py took 0.062 seconds
[2026-03-10T08:30:33.267+0530] {processor.py:161} INFO - Started process (PID=27032) to work on /Users/aswin/Documents/data-engineering-practice/ETL_Airflow_DBT/airflow/airflow_env/lib/python3.11/site-packages/airflow/example_dags/example_params_ui_tutorial.py
[2026-03-10T08:30:33.267+0530] {processor.py:830} INFO - Processing file /Users/aswin/Documents/data-engineering-practice/ETL_Airflow_DBT/airflow/airflow_env/lib/python3.11/site-packages/airflow/example_dags/example_params_ui_tutorial.py for tasks to queue
[2026-03-10T08:30:33.267+0530] {logging_mixin.py:188} INFO - [2026-03-10T08:30:33.267+0530] {dagbag.py:540} INFO - Filling up the DagBag from /Users/aswin/Documents/data-engineering-practice/ETL_Airflow_DBT/airflow/airflow_env/lib/python3.11/site-packages/airflow/example_dags/example_params_ui_tutorial.py
[2026-03-10T08:30:33.282+0530] {processor.py:840} INFO - DAG(s) 'example_params_ui_tutorial' retrieved from /Users/aswin/Documents/data-engineering-practice/ETL_Airflow_DBT/airflow/airflow_env/lib/python3.11/site-packages/airflow/example_dags/example_params_ui_tutorial.py
[2026-03-10T08:30:33.318+0530] {logging_mixin.py:188} INFO - [2026-03-10T08:30:33.318+0530] {dag.py:3096} INFO - Sync 1 DAGs
[2026-03-10T08:30:33.321+0530] {logging_mixin.py:188} INFO - [2026-03-10T08:30:33.321+0530] {dag.py:3954} INFO - Setting next_dagrun for example_params_ui_tutorial to None, run_after=None
[2026-03-10T08:30:33.327+0530] {processor.py:183} INFO - Processing /Users/aswin/Documents/data-engineering-practice/ETL_Airflow_DBT/airflow/airflow_env/lib/python3.11/site-packages/airflow/example_dags/example_params_ui_tutorial.py took 0.061 seconds
[2026-03-10T08:32:05.134+0530] {processor.py:161} INFO - Started process (PID=27112) to work on /Users/aswin/Documents/data-engineering-practice/ETL_Airflow_DBT/airflow/airflow_env/lib/python3.11/site-packages/airflow/example_dags/example_params_ui_tutorial.py
[2026-03-10T08:32:05.135+0530] {processor.py:830} INFO - Processing file /Users/aswin/Documents/data-engineering-practice/ETL_Airflow_DBT/airflow/airflow_env/lib/python3.11/site-packages/airflow/example_dags/example_params_ui_tutorial.py for tasks to queue
[2026-03-10T08:32:05.135+0530] {logging_mixin.py:188} INFO - [2026-03-10T08:32:05.135+0530] {dagbag.py:540} INFO - Filling up the DagBag from /Users/aswin/Documents/data-engineering-practice/ETL_Airflow_DBT/airflow/airflow_env/lib/python3.11/site-packages/airflow/example_dags/example_params_ui_tutorial.py
[2026-03-10T08:32:05.150+0530] {processor.py:840} INFO - DAG(s) 'example_params_ui_tutorial' retrieved from /Users/aswin/Documents/data-engineering-practice/ETL_Airflow_DBT/airflow/airflow_env/lib/python3.11/site-packages/airflow/example_dags/example_params_ui_tutorial.py
[2026-03-10T08:32:05.186+0530] {logging_mixin.py:188} INFO - [2026-03-10T08:32:05.186+0530] {dag.py:3096} INFO - Sync 1 DAGs
[2026-03-10T08:32:05.189+0530] {logging_mixin.py:188} INFO - [2026-03-10T08:32:05.189+0530] {dag.py:3954} INFO - Setting next_dagrun for example_params_ui_tutorial to None, run_after=None
[2026-03-10T08:32:05.194+0530] {processor.py:183} INFO - Processing /Users/aswin/Documents/data-engineering-practice/ETL_Airflow_DBT/airflow/airflow_env/lib/python3.11/site-packages/airflow/example_dags/example_params_ui_tutorial.py took 0.061 seconds
[2026-03-10T08:33:34.566+0530] {processor.py:161} INFO - Started process (PID=27196) to work on /Users/aswin/Documents/data-engineering-practice/ETL_Airflow_DBT/airflow/airflow_env/lib/python3.11/site-packages/airflow/example_dags/example_params_ui_tutorial.py
[2026-03-10T08:33:34.566+0530] {processor.py:830} INFO - Processing file /Users/aswin/Documents/data-engineering-practice/ETL_Airflow_DBT/airflow/airflow_env/lib/python3.11/site-packages/airflow/example_dags/example_params_ui_tutorial.py for tasks to queue
[2026-03-10T08:33:34.567+0530] {logging_mixin.py:188} INFO - [2026-03-10T08:33:34.567+0530] {dagbag.py:540} INFO - Filling up the DagBag from /Users/aswin/Documents/data-engineering-practice/ETL_Airflow_DBT/airflow/airflow_env/lib/python3.11/site-packages/airflow/example_dags/example_params_ui_tutorial.py
[2026-03-10T08:33:34.582+0530] {processor.py:840} INFO - DAG(s) 'example_params_ui_tutorial' retrieved from /Users/aswin/Documents/data-engineering-practice/ETL_Airflow_DBT/airflow/airflow_env/lib/python3.11/site-packages/airflow/example_dags/example_params_ui_tutorial.py
[2026-03-10T08:33:34.618+0530] {logging_mixin.py:188} INFO - [2026-03-10T08:33:34.618+0530] {dag.py:3096} INFO - Sync 1 DAGs
[2026-03-10T08:33:34.621+0530] {logging_mixin.py:188} INFO - [2026-03-10T08:33:34.621+0530] {dag.py:3954} INFO - Setting next_dagrun for example_params_ui_tutorial to None, run_after=None
[2026-03-10T08:33:34.627+0530] {processor.py:183} INFO - Processing /Users/aswin/Documents/data-engineering-practice/ETL_Airflow_DBT/airflow/airflow_env/lib/python3.11/site-packages/airflow/example_dags/example_params_ui_tutorial.py took 0.062 seconds
[2026-03-10T08:35:08.415+0530] {processor.py:161} INFO - Started process (PID=27271) to work on /Users/aswin/Documents/data-engineering-practice/ETL_Airflow_DBT/airflow/airflow_env/lib/python3.11/site-packages/airflow/example_dags/example_params_ui_tutorial.py
[2026-03-10T08:35:08.415+0530] {processor.py:830} INFO - Processing file /Users/aswin/Documents/data-engineering-practice/ETL_Airflow_DBT/airflow/airflow_env/lib/python3.11/site-packages/airflow/example_dags/example_params_ui_tutorial.py for tasks to queue
[2026-03-10T08:35:08.416+0530] {logging_mixin.py:188} INFO - [2026-03-10T08:35:08.415+0530] {dagbag.py:540} INFO - Filling up the DagBag from /Users/aswin/Documents/data-engineering-practice/ETL_Airflow_DBT/airflow/airflow_env/lib/python3.11/site-packages/airflow/example_dags/example_params_ui_tutorial.py
[2026-03-10T08:35:08.430+0530] {processor.py:840} INFO - DAG(s) 'example_params_ui_tutorial' retrieved from /Users/aswin/Documents/data-engineering-practice/ETL_Airflow_DBT/airflow/airflow_env/lib/python3.11/site-packages/airflow/example_dags/example_params_ui_tutorial.py
[2026-03-10T08:35:08.467+0530] {logging_mixin.py:188} INFO - [2026-03-10T08:35:08.466+0530] {dag.py:3096} INFO - Sync 1 DAGs
[2026-03-10T08:35:08.469+0530] {logging_mixin.py:188} INFO - [2026-03-10T08:35:08.469+0530] {dag.py:3954} INFO - Setting next_dagrun for example_params_ui_tutorial to None, run_after=None
[2026-03-10T08:35:08.475+0530] {processor.py:183} INFO - Processing /Users/aswin/Documents/data-engineering-practice/ETL_Airflow_DBT/airflow/airflow_env/lib/python3.11/site-packages/airflow/example_dags/example_params_ui_tutorial.py took 0.061 seconds
[2026-03-10T08:36:38.621+0530] {processor.py:161} INFO - Started process (PID=27348) to work on /Users/aswin/Documents/data-engineering-practice/ETL_Airflow_DBT/airflow/airflow_env/lib/python3.11/site-packages/airflow/example_dags/example_params_ui_tutorial.py
[2026-03-10T08:36:38.621+0530] {processor.py:830} INFO - Processing file /Users/aswin/Documents/data-engineering-practice/ETL_Airflow_DBT/airflow/airflow_env/lib/python3.11/site-packages/airflow/example_dags/example_params_ui_tutorial.py for tasks to queue
[2026-03-10T08:36:38.622+0530] {logging_mixin.py:188} INFO - [2026-03-10T08:36:38.621+0530] {dagbag.py:540} INFO - Filling up the DagBag from /Users/aswin/Documents/data-engineering-practice/ETL_Airflow_DBT/airflow/airflow_env/lib/python3.11/site-packages/airflow/example_dags/example_params_ui_tutorial.py
[2026-03-10T08:36:38.636+0530] {processor.py:840} INFO - DAG(s) 'example_params_ui_tutorial' retrieved from /Users/aswin/Documents/data-engineering-practice/ETL_Airflow_DBT/airflow/airflow_env/lib/python3.11/site-packages/airflow/example_dags/example_params_ui_tutorial.py
[2026-03-10T08:36:38.672+0530] {logging_mixin.py:188} INFO - [2026-03-10T08:36:38.672+0530] {dag.py:3096} INFO - Sync 1 DAGs
[2026-03-10T08:36:38.675+0530] {logging_mixin.py:188} INFO - [2026-03-10T08:36:38.675+0530] {dag.py:3954} INFO - Setting next_dagrun for example_params_ui_tutorial to None, run_after=None
[2026-03-10T08:36:38.681+0530] {processor.py:183} INFO - Processing /Users/aswin/Documents/data-engineering-practice/ETL_Airflow_DBT/airflow/airflow_env/lib/python3.11/site-packages/airflow/example_dags/example_params_ui_tutorial.py took 0.061 seconds
[2026-03-10T09:06:59.840+0530] {processor.py:161} INFO - Started process (PID=27442) to work on /Users/aswin/Documents/data-engineering-practice/ETL_Airflow_DBT/airflow/airflow_env/lib/python3.11/site-packages/airflow/example_dags/example_params_ui_tutorial.py
[2026-03-10T09:06:59.841+0530] {processor.py:830} INFO - Processing file /Users/aswin/Documents/data-engineering-practice/ETL_Airflow_DBT/airflow/airflow_env/lib/python3.11/site-packages/airflow/example_dags/example_params_ui_tutorial.py for tasks to queue
[2026-03-10T09:06:59.841+0530] {logging_mixin.py:188} INFO - [2026-03-10T09:06:59.841+0530] {dagbag.py:540} INFO - Filling up the DagBag from /Users/aswin/Documents/data-engineering-practice/ETL_Airflow_DBT/airflow/airflow_env/lib/python3.11/site-packages/airflow/example_dags/example_params_ui_tutorial.py
[2026-03-10T09:06:59.855+0530] {processor.py:840} INFO - DAG(s) 'example_params_ui_tutorial' retrieved from /Users/aswin/Documents/data-engineering-practice/ETL_Airflow_DBT/airflow/airflow_env/lib/python3.11/site-packages/airflow/example_dags/example_params_ui_tutorial.py
[2026-03-10T09:06:59.891+0530] {logging_mixin.py:188} INFO - [2026-03-10T09:06:59.891+0530] {dag.py:3096} INFO - Sync 1 DAGs
[2026-03-10T09:06:59.894+0530] {logging_mixin.py:188} INFO - [2026-03-10T09:06:59.894+0530] {dag.py:3954} INFO - Setting next_dagrun for example_params_ui_tutorial to None, run_after=None
[2026-03-10T09:06:59.899+0530] {processor.py:183} INFO - Processing /Users/aswin/Documents/data-engineering-practice/ETL_Airflow_DBT/airflow/airflow_env/lib/python3.11/site-packages/airflow/example_dags/example_params_ui_tutorial.py took 0.060 seconds
[2026-03-10T09:21:01.454+0530] {processor.py:161} INFO - Started process (PID=27542) to work on /Users/aswin/Documents/data-engineering-practice/ETL_Airflow_DBT/airflow/airflow_env/lib/python3.11/site-packages/airflow/example_dags/example_params_ui_tutorial.py
[2026-03-10T09:21:01.454+0530] {processor.py:830} INFO - Processing file /Users/aswin/Documents/data-engineering-practice/ETL_Airflow_DBT/airflow/airflow_env/lib/python3.11/site-packages/airflow/example_dags/example_params_ui_tutorial.py for tasks to queue
[2026-03-10T09:21:01.454+0530] {logging_mixin.py:188} INFO - [2026-03-10T09:21:01.454+0530] {dagbag.py:540} INFO - Filling up the DagBag from /Users/aswin/Documents/data-engineering-practice/ETL_Airflow_DBT/airflow/airflow_env/lib/python3.11/site-packages/airflow/example_dags/example_params_ui_tutorial.py
[2026-03-10T09:21:01.472+0530] {processor.py:840} INFO - DAG(s) 'example_params_ui_tutorial' retrieved from /Users/aswin/Documents/data-engineering-practice/ETL_Airflow_DBT/airflow/airflow_env/lib/python3.11/site-packages/airflow/example_dags/example_params_ui_tutorial.py
[2026-03-10T09:21:01.516+0530] {logging_mixin.py:188} INFO - [2026-03-10T09:21:01.515+0530] {dag.py:3096} INFO - Sync 1 DAGs
[2026-03-10T09:21:01.519+0530] {logging_mixin.py:188} INFO - [2026-03-10T09:21:01.519+0530] {dag.py:3954} INFO - Setting next_dagrun for example_params_ui_tutorial to None, run_after=None
[2026-03-10T09:21:01.527+0530] {processor.py:183} INFO - Processing /Users/aswin/Documents/data-engineering-practice/ETL_Airflow_DBT/airflow/airflow_env/lib/python3.11/site-packages/airflow/example_dags/example_params_ui_tutorial.py took 0.074 seconds
[2026-03-10T10:19:36.284+0530] {processor.py:161} INFO - Started process (PID=27680) to work on /Users/aswin/Documents/data-engineering-practice/ETL_Airflow_DBT/airflow/airflow_env/lib/python3.11/site-packages/airflow/example_dags/example_params_ui_tutorial.py
[2026-03-10T10:19:36.284+0530] {processor.py:830} INFO - Processing file /Users/aswin/Documents/data-engineering-practice/ETL_Airflow_DBT/airflow/airflow_env/lib/python3.11/site-packages/airflow/example_dags/example_params_ui_tutorial.py for tasks to queue
[2026-03-10T10:19:36.284+0530] {logging_mixin.py:188} INFO - [2026-03-10T10:19:36.284+0530] {dagbag.py:540} INFO - Filling up the DagBag from /Users/aswin/Documents/data-engineering-practice/ETL_Airflow_DBT/airflow/airflow_env/lib/python3.11/site-packages/airflow/example_dags/example_params_ui_tutorial.py
[2026-03-10T10:19:36.299+0530] {processor.py:840} INFO - DAG(s) 'example_params_ui_tutorial' retrieved from /Users/aswin/Documents/data-engineering-practice/ETL_Airflow_DBT/airflow/airflow_env/lib/python3.11/site-packages/airflow/example_dags/example_params_ui_tutorial.py
[2026-03-10T10:19:36.335+0530] {logging_mixin.py:188} INFO - [2026-03-10T10:19:36.335+0530] {dag.py:3096} INFO - Sync 1 DAGs
[2026-03-10T10:19:36.338+0530] {logging_mixin.py:188} INFO - [2026-03-10T10:19:36.338+0530] {dag.py:3954} INFO - Setting next_dagrun for example_params_ui_tutorial to None, run_after=None
[2026-03-10T10:19:36.344+0530] {processor.py:183} INFO - Processing /Users/aswin/Documents/data-engineering-practice/ETL_Airflow_DBT/airflow/airflow_env/lib/python3.11/site-packages/airflow/example_dags/example_params_ui_tutorial.py took 0.061 seconds
[2026-03-10T10:24:48.496+0530] {processor.py:161} INFO - Started process (PID=27786) to work on /Users/aswin/Documents/data-engineering-practice/ETL_Airflow_DBT/airflow/airflow_env/lib/python3.11/site-packages/airflow/example_dags/example_params_ui_tutorial.py
[2026-03-10T10:24:48.496+0530] {processor.py:830} INFO - Processing file /Users/aswin/Documents/data-engineering-practice/ETL_Airflow_DBT/airflow/airflow_env/lib/python3.11/site-packages/airflow/example_dags/example_params_ui_tutorial.py for tasks to queue
[2026-03-10T10:24:48.496+0530] {logging_mixin.py:188} INFO - [2026-03-10T10:24:48.496+0530] {dagbag.py:540} INFO - Filling up the DagBag from /Users/aswin/Documents/data-engineering-practice/ETL_Airflow_DBT/airflow/airflow_env/lib/python3.11/site-packages/airflow/example_dags/example_params_ui_tutorial.py
[2026-03-10T10:24:48.511+0530] {processor.py:840} INFO - DAG(s) 'example_params_ui_tutorial' retrieved from /Users/aswin/Documents/data-engineering-practice/ETL_Airflow_DBT/airflow/airflow_env/lib/python3.11/site-packages/airflow/example_dags/example_params_ui_tutorial.py
[2026-03-10T10:24:48.548+0530] {logging_mixin.py:188} INFO - [2026-03-10T10:24:48.548+0530] {dag.py:3096} INFO - Sync 1 DAGs
[2026-03-10T10:24:48.551+0530] {logging_mixin.py:188} INFO - [2026-03-10T10:24:48.551+0530] {dag.py:3954} INFO - Setting next_dagrun for example_params_ui_tutorial to None, run_after=None
[2026-03-10T10:24:48.557+0530] {processor.py:183} INFO - Processing /Users/aswin/Documents/data-engineering-practice/ETL_Airflow_DBT/airflow/airflow_env/lib/python3.11/site-packages/airflow/example_dags/example_params_ui_tutorial.py took 0.062 seconds
[2026-03-10T10:26:30.188+0530] {processor.py:161} INFO - Started process (PID=27892) to work on /Users/aswin/Documents/data-engineering-practice/ETL_Airflow_DBT/airflow/airflow_env/lib/python3.11/site-packages/airflow/example_dags/example_params_ui_tutorial.py
[2026-03-10T10:26:30.189+0530] {processor.py:830} INFO - Processing file /Users/aswin/Documents/data-engineering-practice/ETL_Airflow_DBT/airflow/airflow_env/lib/python3.11/site-packages/airflow/example_dags/example_params_ui_tutorial.py for tasks to queue
[2026-03-10T10:26:30.189+0530] {logging_mixin.py:188} INFO - [2026-03-10T10:26:30.189+0530] {dagbag.py:540} INFO - Filling up the DagBag from /Users/aswin/Documents/data-engineering-practice/ETL_Airflow_DBT/airflow/airflow_env/lib/python3.11/site-packages/airflow/example_dags/example_params_ui_tutorial.py
[2026-03-10T10:26:30.205+0530] {processor.py:840} INFO - DAG(s) 'example_params_ui_tutorial' retrieved from /Users/aswin/Documents/data-engineering-practice/ETL_Airflow_DBT/airflow/airflow_env/lib/python3.11/site-packages/airflow/example_dags/example_params_ui_tutorial.py
[2026-03-10T10:26:30.245+0530] {logging_mixin.py:188} INFO - [2026-03-10T10:26:30.245+0530] {dag.py:3096} INFO - Sync 1 DAGs
[2026-03-10T10:26:30.248+0530] {logging_mixin.py:188} INFO - [2026-03-10T10:26:30.248+0530] {dag.py:3954} INFO - Setting next_dagrun for example_params_ui_tutorial to None, run_after=None
[2026-03-10T10:26:30.255+0530] {processor.py:183} INFO - Processing /Users/aswin/Documents/data-engineering-practice/ETL_Airflow_DBT/airflow/airflow_env/lib/python3.11/site-packages/airflow/example_dags/example_params_ui_tutorial.py took 0.068 seconds
[2026-03-10T10:28:08.521+0530] {processor.py:161} INFO - Started process (PID=28037) to work on /Users/aswin/Documents/data-engineering-practice/ETL_Airflow_DBT/airflow/airflow_env/lib/python3.11/site-packages/airflow/example_dags/example_params_ui_tutorial.py
[2026-03-10T10:28:08.522+0530] {processor.py:830} INFO - Processing file /Users/aswin/Documents/data-engineering-practice/ETL_Airflow_DBT/airflow/airflow_env/lib/python3.11/site-packages/airflow/example_dags/example_params_ui_tutorial.py for tasks to queue
[2026-03-10T10:28:08.522+0530] {logging_mixin.py:188} INFO - [2026-03-10T10:28:08.522+0530] {dagbag.py:540} INFO - Filling up the DagBag from /Users/aswin/Documents/data-engineering-practice/ETL_Airflow_DBT/airflow/airflow_env/lib/python3.11/site-packages/airflow/example_dags/example_params_ui_tutorial.py
[2026-03-10T10:28:08.536+0530] {processor.py:840} INFO - DAG(s) 'example_params_ui_tutorial' retrieved from /Users/aswin/Documents/data-engineering-practice/ETL_Airflow_DBT/airflow/airflow_env/lib/python3.11/site-packages/airflow/example_dags/example_params_ui_tutorial.py
[2026-03-10T10:28:08.572+0530] {logging_mixin.py:188} INFO - [2026-03-10T10:28:08.572+0530] {dag.py:3096} INFO - Sync 1 DAGs
[2026-03-10T10:28:08.575+0530] {logging_mixin.py:188} INFO - [2026-03-10T10:28:08.575+0530] {dag.py:3954} INFO - Setting next_dagrun for example_params_ui_tutorial to None, run_after=None
[2026-03-10T10:28:08.581+0530] {processor.py:183} INFO - Processing /Users/aswin/Documents/data-engineering-practice/ETL_Airflow_DBT/airflow/airflow_env/lib/python3.11/site-packages/airflow/example_dags/example_params_ui_tutorial.py took 0.060 seconds
[2026-03-10T10:29:38.489+0530] {processor.py:161} INFO - Started process (PID=28186) to work on /Users/aswin/Documents/data-engineering-practice/ETL_Airflow_DBT/airflow/airflow_env/lib/python3.11/site-packages/airflow/example_dags/example_params_ui_tutorial.py
[2026-03-10T10:29:38.489+0530] {processor.py:830} INFO - Processing file /Users/aswin/Documents/data-engineering-practice/ETL_Airflow_DBT/airflow/airflow_env/lib/python3.11/site-packages/airflow/example_dags/example_params_ui_tutorial.py for tasks to queue
[2026-03-10T10:29:38.489+0530] {logging_mixin.py:188} INFO - [2026-03-10T10:29:38.489+0530] {dagbag.py:540} INFO - Filling up the DagBag from /Users/aswin/Documents/data-engineering-practice/ETL_Airflow_DBT/airflow/airflow_env/lib/python3.11/site-packages/airflow/example_dags/example_params_ui_tutorial.py
[2026-03-10T10:29:38.504+0530] {processor.py:840} INFO - DAG(s) 'example_params_ui_tutorial' retrieved from /Users/aswin/Documents/data-engineering-practice/ETL_Airflow_DBT/airflow/airflow_env/lib/python3.11/site-packages/airflow/example_dags/example_params_ui_tutorial.py
[2026-03-10T10:29:38.540+0530] {logging_mixin.py:188} INFO - [2026-03-10T10:29:38.540+0530] {dag.py:3096} INFO - Sync 1 DAGs
[2026-03-10T10:29:38.543+0530] {logging_mixin.py:188} INFO - [2026-03-10T10:29:38.543+0530] {dag.py:3954} INFO - Setting next_dagrun for example_params_ui_tutorial to None, run_after=None
[2026-03-10T10:29:38.549+0530] {processor.py:183} INFO - Processing /Users/aswin/Documents/data-engineering-practice/ETL_Airflow_DBT/airflow/airflow_env/lib/python3.11/site-packages/airflow/example_dags/example_params_ui_tutorial.py took 0.061 seconds
[2026-03-10T10:31:13.828+0530] {processor.py:161} INFO - Started process (PID=28385) to work on /Users/aswin/Documents/data-engineering-practice/ETL_Airflow_DBT/airflow/airflow_env/lib/python3.11/site-packages/airflow/example_dags/example_params_ui_tutorial.py
[2026-03-10T10:31:13.829+0530] {processor.py:830} INFO - Processing file /Users/aswin/Documents/data-engineering-practice/ETL_Airflow_DBT/airflow/airflow_env/lib/python3.11/site-packages/airflow/example_dags/example_params_ui_tutorial.py for tasks to queue
[2026-03-10T10:31:13.829+0530] {logging_mixin.py:188} INFO - [2026-03-10T10:31:13.829+0530] {dagbag.py:540} INFO - Filling up the DagBag from /Users/aswin/Documents/data-engineering-practice/ETL_Airflow_DBT/airflow/airflow_env/lib/python3.11/site-packages/airflow/example_dags/example_params_ui_tutorial.py
[2026-03-10T10:31:13.846+0530] {processor.py:840} INFO - DAG(s) 'example_params_ui_tutorial' retrieved from /Users/aswin/Documents/data-engineering-practice/ETL_Airflow_DBT/airflow/airflow_env/lib/python3.11/site-packages/airflow/example_dags/example_params_ui_tutorial.py
[2026-03-10T10:31:13.885+0530] {logging_mixin.py:188} INFO - [2026-03-10T10:31:13.885+0530] {dag.py:3096} INFO - Sync 1 DAGs
[2026-03-10T10:31:13.889+0530] {logging_mixin.py:188} INFO - [2026-03-10T10:31:13.888+0530] {dag.py:3954} INFO - Setting next_dagrun for example_params_ui_tutorial to None, run_after=None
[2026-03-10T10:31:13.896+0530] {processor.py:183} INFO - Processing /Users/aswin/Documents/data-engineering-practice/ETL_Airflow_DBT/airflow/airflow_env/lib/python3.11/site-packages/airflow/example_dags/example_params_ui_tutorial.py took 0.069 seconds
[2026-03-10T10:32:52.709+0530] {processor.py:161} INFO - Started process (PID=28477) to work on /Users/aswin/Documents/data-engineering-practice/ETL_Airflow_DBT/airflow/airflow_env/lib/python3.11/site-packages/airflow/example_dags/example_params_ui_tutorial.py
[2026-03-10T10:32:52.710+0530] {processor.py:830} INFO - Processing file /Users/aswin/Documents/data-engineering-practice/ETL_Airflow_DBT/airflow/airflow_env/lib/python3.11/site-packages/airflow/example_dags/example_params_ui_tutorial.py for tasks to queue
[2026-03-10T10:32:52.711+0530] {logging_mixin.py:188} INFO - [2026-03-10T10:32:52.711+0530] {dagbag.py:540} INFO - Filling up the DagBag from /Users/aswin/Documents/data-engineering-practice/ETL_Airflow_DBT/airflow/airflow_env/lib/python3.11/site-packages/airflow/example_dags/example_params_ui_tutorial.py
[2026-03-10T10:32:52.725+0530] {processor.py:840} INFO - DAG(s) 'example_params_ui_tutorial' retrieved from /Users/aswin/Documents/data-engineering-practice/ETL_Airflow_DBT/airflow/airflow_env/lib/python3.11/site-packages/airflow/example_dags/example_params_ui_tutorial.py
[2026-03-10T10:32:52.761+0530] {logging_mixin.py:188} INFO - [2026-03-10T10:32:52.761+0530] {dag.py:3096} INFO - Sync 1 DAGs
[2026-03-10T10:32:52.764+0530] {logging_mixin.py:188} INFO - [2026-03-10T10:32:52.764+0530] {dag.py:3954} INFO - Setting next_dagrun for example_params_ui_tutorial to None, run_after=None
[2026-03-10T10:32:52.769+0530] {processor.py:183} INFO - Processing /Users/aswin/Documents/data-engineering-practice/ETL_Airflow_DBT/airflow/airflow_env/lib/python3.11/site-packages/airflow/example_dags/example_params_ui_tutorial.py took 0.061 seconds
[2026-03-10T10:34:26.610+0530] {processor.py:161} INFO - Started process (PID=28628) to work on /Users/aswin/Documents/data-engineering-practice/ETL_Airflow_DBT/airflow/airflow_env/lib/python3.11/site-packages/airflow/example_dags/example_params_ui_tutorial.py
[2026-03-10T10:34:26.610+0530] {processor.py:830} INFO - Processing file /Users/aswin/Documents/data-engineering-practice/ETL_Airflow_DBT/airflow/airflow_env/lib/python3.11/site-packages/airflow/example_dags/example_params_ui_tutorial.py for tasks to queue
[2026-03-10T10:34:26.611+0530] {logging_mixin.py:188} INFO - [2026-03-10T10:34:26.611+0530] {dagbag.py:540} INFO - Filling up the DagBag from /Users/aswin/Documents/data-engineering-practice/ETL_Airflow_DBT/airflow/airflow_env/lib/python3.11/site-packages/airflow/example_dags/example_params_ui_tutorial.py
[2026-03-10T10:34:26.626+0530] {processor.py:840} INFO - DAG(s) 'example_params_ui_tutorial' retrieved from /Users/aswin/Documents/data-engineering-practice/ETL_Airflow_DBT/airflow/airflow_env/lib/python3.11/site-packages/airflow/example_dags/example_params_ui_tutorial.py
[2026-03-10T10:34:26.664+0530] {logging_mixin.py:188} INFO - [2026-03-10T10:34:26.664+0530] {dag.py:3096} INFO - Sync 1 DAGs
[2026-03-10T10:34:26.667+0530] {logging_mixin.py:188} INFO - [2026-03-10T10:34:26.667+0530] {dag.py:3954} INFO - Setting next_dagrun for example_params_ui_tutorial to None, run_after=None
[2026-03-10T10:34:26.673+0530] {processor.py:183} INFO - Processing /Users/aswin/Documents/data-engineering-practice/ETL_Airflow_DBT/airflow/airflow_env/lib/python3.11/site-packages/airflow/example_dags/example_params_ui_tutorial.py took 0.064 seconds
[2026-03-10T10:35:59.367+0530] {processor.py:161} INFO - Started process (PID=28788) to work on /Users/aswin/Documents/data-engineering-practice/ETL_Airflow_DBT/airflow/airflow_env/lib/python3.11/site-packages/airflow/example_dags/example_params_ui_tutorial.py
[2026-03-10T10:35:59.367+0530] {processor.py:830} INFO - Processing file /Users/aswin/Documents/data-engineering-practice/ETL_Airflow_DBT/airflow/airflow_env/lib/python3.11/site-packages/airflow/example_dags/example_params_ui_tutorial.py for tasks to queue
[2026-03-10T10:35:59.367+0530] {logging_mixin.py:188} INFO - [2026-03-10T10:35:59.367+0530] {dagbag.py:540} INFO - Filling up the DagBag from /Users/aswin/Documents/data-engineering-practice/ETL_Airflow_DBT/airflow/airflow_env/lib/python3.11/site-packages/airflow/example_dags/example_params_ui_tutorial.py
[2026-03-10T10:35:59.384+0530] {processor.py:840} INFO - DAG(s) 'example_params_ui_tutorial' retrieved from /Users/aswin/Documents/data-engineering-practice/ETL_Airflow_DBT/airflow/airflow_env/lib/python3.11/site-packages/airflow/example_dags/example_params_ui_tutorial.py
[2026-03-10T10:35:59.421+0530] {logging_mixin.py:188} INFO - [2026-03-10T10:35:59.421+0530] {dag.py:3096} INFO - Sync 1 DAGs
[2026-03-10T10:35:59.424+0530] {logging_mixin.py:188} INFO - [2026-03-10T10:35:59.424+0530] {dag.py:3954} INFO - Setting next_dagrun for example_params_ui_tutorial to None, run_after=None
[2026-03-10T10:35:59.430+0530] {processor.py:183} INFO - Processing /Users/aswin/Documents/data-engineering-practice/ETL_Airflow_DBT/airflow/airflow_env/lib/python3.11/site-packages/airflow/example_dags/example_params_ui_tutorial.py took 0.065 seconds
[2026-03-10T10:37:34.850+0530] {processor.py:161} INFO - Started process (PID=28943) to work on /Users/aswin/Documents/data-engineering-practice/ETL_Airflow_DBT/airflow/airflow_env/lib/python3.11/site-packages/airflow/example_dags/example_params_ui_tutorial.py
[2026-03-10T10:37:34.850+0530] {processor.py:830} INFO - Processing file /Users/aswin/Documents/data-engineering-practice/ETL_Airflow_DBT/airflow/airflow_env/lib/python3.11/site-packages/airflow/example_dags/example_params_ui_tutorial.py for tasks to queue
[2026-03-10T10:37:34.850+0530] {logging_mixin.py:188} INFO - [2026-03-10T10:37:34.850+0530] {dagbag.py:540} INFO - Filling up the DagBag from /Users/aswin/Documents/data-engineering-practice/ETL_Airflow_DBT/airflow/airflow_env/lib/python3.11/site-packages/airflow/example_dags/example_params_ui_tutorial.py
[2026-03-10T10:37:34.865+0530] {processor.py:840} INFO - DAG(s) 'example_params_ui_tutorial' retrieved from /Users/aswin/Documents/data-engineering-practice/ETL_Airflow_DBT/airflow/airflow_env/lib/python3.11/site-packages/airflow/example_dags/example_params_ui_tutorial.py
[2026-03-10T10:37:34.901+0530] {logging_mixin.py:188} INFO - [2026-03-10T10:37:34.901+0530] {dag.py:3096} INFO - Sync 1 DAGs
[2026-03-10T10:37:34.904+0530] {logging_mixin.py:188} INFO - [2026-03-10T10:37:34.904+0530] {dag.py:3954} INFO - Setting next_dagrun for example_params_ui_tutorial to None, run_after=None
[2026-03-10T10:37:34.909+0530] {processor.py:183} INFO - Processing /Users/aswin/Documents/data-engineering-practice/ETL_Airflow_DBT/airflow/airflow_env/lib/python3.11/site-packages/airflow/example_dags/example_params_ui_tutorial.py took 0.061 seconds
[2026-03-10T10:39:09.014+0530] {processor.py:161} INFO - Started process (PID=29033) to work on /Users/aswin/Documents/data-engineering-practice/ETL_Airflow_DBT/airflow/airflow_env/lib/python3.11/site-packages/airflow/example_dags/example_params_ui_tutorial.py
[2026-03-10T10:39:09.014+0530] {processor.py:830} INFO - Processing file /Users/aswin/Documents/data-engineering-practice/ETL_Airflow_DBT/airflow/airflow_env/lib/python3.11/site-packages/airflow/example_dags/example_params_ui_tutorial.py for tasks to queue
[2026-03-10T10:39:09.015+0530] {logging_mixin.py:188} INFO - [2026-03-10T10:39:09.015+0530] {dagbag.py:540} INFO - Filling up the DagBag from /Users/aswin/Documents/data-engineering-practice/ETL_Airflow_DBT/airflow/airflow_env/lib/python3.11/site-packages/airflow/example_dags/example_params_ui_tutorial.py
[2026-03-10T10:39:09.029+0530] {processor.py:840} INFO - DAG(s) 'example_params_ui_tutorial' retrieved from /Users/aswin/Documents/data-engineering-practice/ETL_Airflow_DBT/airflow/airflow_env/lib/python3.11/site-packages/airflow/example_dags/example_params_ui_tutorial.py
[2026-03-10T10:39:09.065+0530] {logging_mixin.py:188} INFO - [2026-03-10T10:39:09.065+0530] {dag.py:3096} INFO - Sync 1 DAGs
[2026-03-10T10:39:09.068+0530] {logging_mixin.py:188} INFO - [2026-03-10T10:39:09.068+0530] {dag.py:3954} INFO - Setting next_dagrun for example_params_ui_tutorial to None, run_after=None
[2026-03-10T10:39:09.074+0530] {processor.py:183} INFO - Processing /Users/aswin/Documents/data-engineering-practice/ETL_Airflow_DBT/airflow/airflow_env/lib/python3.11/site-packages/airflow/example_dags/example_params_ui_tutorial.py took 0.061 seconds
[2026-03-10T10:40:42.857+0530] {processor.py:161} INFO - Started process (PID=29116) to work on /Users/aswin/Documents/data-engineering-practice/ETL_Airflow_DBT/airflow/airflow_env/lib/python3.11/site-packages/airflow/example_dags/example_params_ui_tutorial.py
[2026-03-10T10:40:42.858+0530] {processor.py:830} INFO - Processing file /Users/aswin/Documents/data-engineering-practice/ETL_Airflow_DBT/airflow/airflow_env/lib/python3.11/site-packages/airflow/example_dags/example_params_ui_tutorial.py for tasks to queue
[2026-03-10T10:40:42.858+0530] {logging_mixin.py:188} INFO - [2026-03-10T10:40:42.858+0530] {dagbag.py:540} INFO - Filling up the DagBag from /Users/aswin/Documents/data-engineering-practice/ETL_Airflow_DBT/airflow/airflow_env/lib/python3.11/site-packages/airflow/example_dags/example_params_ui_tutorial.py
[2026-03-10T10:40:42.877+0530] {processor.py:840} INFO - DAG(s) 'example_params_ui_tutorial' retrieved from /Users/aswin/Documents/data-engineering-practice/ETL_Airflow_DBT/airflow/airflow_env/lib/python3.11/site-packages/airflow/example_dags/example_params_ui_tutorial.py
[2026-03-10T10:40:42.919+0530] {logging_mixin.py:188} INFO - [2026-03-10T10:40:42.919+0530] {dag.py:3096} INFO - Sync 1 DAGs
[2026-03-10T10:40:42.923+0530] {logging_mixin.py:188} INFO - [2026-03-10T10:40:42.923+0530] {dag.py:3954} INFO - Setting next_dagrun for example_params_ui_tutorial to None, run_after=None
[2026-03-10T10:40:42.929+0530] {processor.py:183} INFO - Processing /Users/aswin/Documents/data-engineering-practice/ETL_Airflow_DBT/airflow/airflow_env/lib/python3.11/site-packages/airflow/example_dags/example_params_ui_tutorial.py took 0.073 seconds
[2026-03-10T10:42:14.894+0530] {processor.py:161} INFO - Started process (PID=29192) to work on /Users/aswin/Documents/data-engineering-practice/ETL_Airflow_DBT/airflow/airflow_env/lib/python3.11/site-packages/airflow/example_dags/example_params_ui_tutorial.py
[2026-03-10T10:42:14.895+0530] {processor.py:830} INFO - Processing file /Users/aswin/Documents/data-engineering-practice/ETL_Airflow_DBT/airflow/airflow_env/lib/python3.11/site-packages/airflow/example_dags/example_params_ui_tutorial.py for tasks to queue
[2026-03-10T10:42:14.895+0530] {logging_mixin.py:188} INFO - [2026-03-10T10:42:14.895+0530] {dagbag.py:540} INFO - Filling up the DagBag from /Users/aswin/Documents/data-engineering-practice/ETL_Airflow_DBT/airflow/airflow_env/lib/python3.11/site-packages/airflow/example_dags/example_params_ui_tutorial.py
[2026-03-10T10:42:14.910+0530] {processor.py:840} INFO - DAG(s) 'example_params_ui_tutorial' retrieved from /Users/aswin/Documents/data-engineering-practice/ETL_Airflow_DBT/airflow/airflow_env/lib/python3.11/site-packages/airflow/example_dags/example_params_ui_tutorial.py
[2026-03-10T10:42:14.945+0530] {logging_mixin.py:188} INFO - [2026-03-10T10:42:14.945+0530] {dag.py:3096} INFO - Sync 1 DAGs
[2026-03-10T10:42:14.948+0530] {logging_mixin.py:188} INFO - [2026-03-10T10:42:14.948+0530] {dag.py:3954} INFO - Setting next_dagrun for example_params_ui_tutorial to None, run_after=None
[2026-03-10T10:42:14.954+0530] {processor.py:183} INFO - Processing /Users/aswin/Documents/data-engineering-practice/ETL_Airflow_DBT/airflow/airflow_env/lib/python3.11/site-packages/airflow/example_dags/example_params_ui_tutorial.py took 0.060 seconds
[2026-03-10T10:43:44.388+0530] {processor.py:161} INFO - Started process (PID=29280) to work on /Users/aswin/Documents/data-engineering-practice/ETL_Airflow_DBT/airflow/airflow_env/lib/python3.11/site-packages/airflow/example_dags/example_params_ui_tutorial.py
[2026-03-10T10:43:44.389+0530] {processor.py:830} INFO - Processing file /Users/aswin/Documents/data-engineering-practice/ETL_Airflow_DBT/airflow/airflow_env/lib/python3.11/site-packages/airflow/example_dags/example_params_ui_tutorial.py for tasks to queue
[2026-03-10T10:43:44.389+0530] {logging_mixin.py:188} INFO - [2026-03-10T10:43:44.389+0530] {dagbag.py:540} INFO - Filling up the DagBag from /Users/aswin/Documents/data-engineering-practice/ETL_Airflow_DBT/airflow/airflow_env/lib/python3.11/site-packages/airflow/example_dags/example_params_ui_tutorial.py
[2026-03-10T10:43:44.404+0530] {processor.py:840} INFO - DAG(s) 'example_params_ui_tutorial' retrieved from /Users/aswin/Documents/data-engineering-practice/ETL_Airflow_DBT/airflow/airflow_env/lib/python3.11/site-packages/airflow/example_dags/example_params_ui_tutorial.py
[2026-03-10T10:43:44.440+0530] {logging_mixin.py:188} INFO - [2026-03-10T10:43:44.440+0530] {dag.py:3096} INFO - Sync 1 DAGs
[2026-03-10T10:43:44.443+0530] {logging_mixin.py:188} INFO - [2026-03-10T10:43:44.443+0530] {dag.py:3954} INFO - Setting next_dagrun for example_params_ui_tutorial to None, run_after=None
[2026-03-10T10:43:44.448+0530] {processor.py:183} INFO - Processing /Users/aswin/Documents/data-engineering-practice/ETL_Airflow_DBT/airflow/airflow_env/lib/python3.11/site-packages/airflow/example_dags/example_params_ui_tutorial.py took 0.061 seconds
[2026-03-10T10:45:13.590+0530] {processor.py:161} INFO - Started process (PID=29365) to work on /Users/aswin/Documents/data-engineering-practice/ETL_Airflow_DBT/airflow/airflow_env/lib/python3.11/site-packages/airflow/example_dags/example_params_ui_tutorial.py
[2026-03-10T10:45:13.590+0530] {processor.py:830} INFO - Processing file /Users/aswin/Documents/data-engineering-practice/ETL_Airflow_DBT/airflow/airflow_env/lib/python3.11/site-packages/airflow/example_dags/example_params_ui_tutorial.py for tasks to queue
[2026-03-10T10:45:13.591+0530] {logging_mixin.py:188} INFO - [2026-03-10T10:45:13.590+0530] {dagbag.py:540} INFO - Filling up the DagBag from /Users/aswin/Documents/data-engineering-practice/ETL_Airflow_DBT/airflow/airflow_env/lib/python3.11/site-packages/airflow/example_dags/example_params_ui_tutorial.py
[2026-03-10T10:45:13.605+0530] {processor.py:840} INFO - DAG(s) 'example_params_ui_tutorial' retrieved from /Users/aswin/Documents/data-engineering-practice/ETL_Airflow_DBT/airflow/airflow_env/lib/python3.11/site-packages/airflow/example_dags/example_params_ui_tutorial.py
[2026-03-10T10:45:13.641+0530] {logging_mixin.py:188} INFO - [2026-03-10T10:45:13.641+0530] {dag.py:3096} INFO - Sync 1 DAGs
[2026-03-10T10:45:13.644+0530] {logging_mixin.py:188} INFO - [2026-03-10T10:45:13.644+0530] {dag.py:3954} INFO - Setting next_dagrun for example_params_ui_tutorial to None, run_after=None
[2026-03-10T10:45:13.649+0530] {processor.py:183} INFO - Processing /Users/aswin/Documents/data-engineering-practice/ETL_Airflow_DBT/airflow/airflow_env/lib/python3.11/site-packages/airflow/example_dags/example_params_ui_tutorial.py took 0.061 seconds
[2026-03-10T12:15:55.986+0530] {processor.py:161} INFO - Started process (PID=29639) to work on /Users/aswin/Documents/data-engineering-practice/ETL_Airflow_DBT/airflow/airflow_env/lib/python3.11/site-packages/airflow/example_dags/example_params_ui_tutorial.py
[2026-03-10T12:15:55.987+0530] {processor.py:830} INFO - Processing file /Users/aswin/Documents/data-engineering-practice/ETL_Airflow_DBT/airflow/airflow_env/lib/python3.11/site-packages/airflow/example_dags/example_params_ui_tutorial.py for tasks to queue
[2026-03-10T12:15:55.987+0530] {logging_mixin.py:188} INFO - [2026-03-10T12:15:55.987+0530] {dagbag.py:540} INFO - Filling up the DagBag from /Users/aswin/Documents/data-engineering-practice/ETL_Airflow_DBT/airflow/airflow_env/lib/python3.11/site-packages/airflow/example_dags/example_params_ui_tutorial.py
[2026-03-10T12:15:56.004+0530] {processor.py:840} INFO - DAG(s) 'example_params_ui_tutorial' retrieved from /Users/aswin/Documents/data-engineering-practice/ETL_Airflow_DBT/airflow/airflow_env/lib/python3.11/site-packages/airflow/example_dags/example_params_ui_tutorial.py
[2026-03-10T12:15:56.045+0530] {logging_mixin.py:188} INFO - [2026-03-10T12:15:56.045+0530] {dag.py:3096} INFO - Sync 1 DAGs
[2026-03-10T12:15:56.048+0530] {logging_mixin.py:188} INFO - [2026-03-10T12:15:56.048+0530] {dag.py:3954} INFO - Setting next_dagrun for example_params_ui_tutorial to None, run_after=None
[2026-03-10T12:15:56.054+0530] {processor.py:183} INFO - Processing /Users/aswin/Documents/data-engineering-practice/ETL_Airflow_DBT/airflow/airflow_env/lib/python3.11/site-packages/airflow/example_dags/example_params_ui_tutorial.py took 0.070 seconds
[2026-03-10T14:04:11.050+0530] {processor.py:161} INFO - Started process (PID=29809) to work on /Users/aswin/Documents/data-engineering-practice/ETL_Airflow_DBT/airflow/airflow_env/lib/python3.11/site-packages/airflow/example_dags/example_params_ui_tutorial.py
[2026-03-10T14:04:11.051+0530] {processor.py:830} INFO - Processing file /Users/aswin/Documents/data-engineering-practice/ETL_Airflow_DBT/airflow/airflow_env/lib/python3.11/site-packages/airflow/example_dags/example_params_ui_tutorial.py for tasks to queue
[2026-03-10T14:04:11.051+0530] {logging_mixin.py:188} INFO - [2026-03-10T14:04:11.051+0530] {dagbag.py:540} INFO - Filling up the DagBag from /Users/aswin/Documents/data-engineering-practice/ETL_Airflow_DBT/airflow/airflow_env/lib/python3.11/site-packages/airflow/example_dags/example_params_ui_tutorial.py
[2026-03-10T14:04:11.077+0530] {processor.py:840} INFO - DAG(s) 'example_params_ui_tutorial' retrieved from /Users/aswin/Documents/data-engineering-practice/ETL_Airflow_DBT/airflow/airflow_env/lib/python3.11/site-packages/airflow/example_dags/example_params_ui_tutorial.py
[2026-03-10T14:04:11.139+0530] {logging_mixin.py:188} INFO - [2026-03-10T14:04:11.139+0530] {dag.py:3096} INFO - Sync 1 DAGs
[2026-03-10T14:04:11.144+0530] {logging_mixin.py:188} INFO - [2026-03-10T14:04:11.144+0530] {dag.py:3954} INFO - Setting next_dagrun for example_params_ui_tutorial to None, run_after=None
[2026-03-10T14:04:11.154+0530] {processor.py:183} INFO - Processing /Users/aswin/Documents/data-engineering-practice/ETL_Airflow_DBT/airflow/airflow_env/lib/python3.11/site-packages/airflow/example_dags/example_params_ui_tutorial.py took 0.106 seconds
[2026-03-10T14:33:20.211+0530] {processor.py:161} INFO - Started process (PID=29918) to work on /Users/aswin/Documents/data-engineering-practice/ETL_Airflow_DBT/airflow/airflow_env/lib/python3.11/site-packages/airflow/example_dags/example_params_ui_tutorial.py
[2026-03-10T14:33:20.212+0530] {processor.py:830} INFO - Processing file /Users/aswin/Documents/data-engineering-practice/ETL_Airflow_DBT/airflow/airflow_env/lib/python3.11/site-packages/airflow/example_dags/example_params_ui_tutorial.py for tasks to queue
[2026-03-10T14:33:20.213+0530] {logging_mixin.py:188} INFO - [2026-03-10T14:33:20.213+0530] {dagbag.py:540} INFO - Filling up the DagBag from /Users/aswin/Documents/data-engineering-practice/ETL_Airflow_DBT/airflow/airflow_env/lib/python3.11/site-packages/airflow/example_dags/example_params_ui_tutorial.py
[2026-03-10T14:33:20.242+0530] {processor.py:840} INFO - DAG(s) 'example_params_ui_tutorial' retrieved from /Users/aswin/Documents/data-engineering-practice/ETL_Airflow_DBT/airflow/airflow_env/lib/python3.11/site-packages/airflow/example_dags/example_params_ui_tutorial.py
[2026-03-10T14:33:20.316+0530] {logging_mixin.py:188} INFO - [2026-03-10T14:33:20.316+0530] {dag.py:3096} INFO - Sync 1 DAGs
[2026-03-10T14:33:20.322+0530] {logging_mixin.py:188} INFO - [2026-03-10T14:33:20.322+0530] {dag.py:3954} INFO - Setting next_dagrun for example_params_ui_tutorial to None, run_after=None
[2026-03-10T14:33:20.334+0530] {processor.py:183} INFO - Processing /Users/aswin/Documents/data-engineering-practice/ETL_Airflow_DBT/airflow/airflow_env/lib/python3.11/site-packages/airflow/example_dags/example_params_ui_tutorial.py took 0.125 seconds
[2026-03-10T16:06:14.215+0530] {processor.py:161} INFO - Started process (PID=30084) to work on /Users/aswin/Documents/data-engineering-practice/ETL_Airflow_DBT/airflow/airflow_env/lib/python3.11/site-packages/airflow/example_dags/example_params_ui_tutorial.py
[2026-03-10T16:06:14.216+0530] {processor.py:830} INFO - Processing file /Users/aswin/Documents/data-engineering-practice/ETL_Airflow_DBT/airflow/airflow_env/lib/python3.11/site-packages/airflow/example_dags/example_params_ui_tutorial.py for tasks to queue
[2026-03-10T16:06:14.216+0530] {logging_mixin.py:188} INFO - [2026-03-10T16:06:14.216+0530] {dagbag.py:540} INFO - Filling up the DagBag from /Users/aswin/Documents/data-engineering-practice/ETL_Airflow_DBT/airflow/airflow_env/lib/python3.11/site-packages/airflow/example_dags/example_params_ui_tutorial.py
[2026-03-10T16:06:14.231+0530] {processor.py:840} INFO - DAG(s) 'example_params_ui_tutorial' retrieved from /Users/aswin/Documents/data-engineering-practice/ETL_Airflow_DBT/airflow/airflow_env/lib/python3.11/site-packages/airflow/example_dags/example_params_ui_tutorial.py
[2026-03-10T16:06:14.266+0530] {logging_mixin.py:188} INFO - [2026-03-10T16:06:14.266+0530] {dag.py:3096} INFO - Sync 1 DAGs
[2026-03-10T16:06:14.269+0530] {logging_mixin.py:188} INFO - [2026-03-10T16:06:14.269+0530] {dag.py:3954} INFO - Setting next_dagrun for example_params_ui_tutorial to None, run_after=None
[2026-03-10T16:06:14.274+0530] {processor.py:183} INFO - Processing /Users/aswin/Documents/data-engineering-practice/ETL_Airflow_DBT/airflow/airflow_env/lib/python3.11/site-packages/airflow/example_dags/example_params_ui_tutorial.py took 0.061 seconds
[2026-03-10T17:06:40.304+0530] {processor.py:161} INFO - Started process (PID=30180) to work on /Users/aswin/Documents/data-engineering-practice/ETL_Airflow_DBT/airflow/airflow_env/lib/python3.11/site-packages/airflow/example_dags/example_params_ui_tutorial.py
[2026-03-10T17:06:40.305+0530] {processor.py:830} INFO - Processing file /Users/aswin/Documents/data-engineering-practice/ETL_Airflow_DBT/airflow/airflow_env/lib/python3.11/site-packages/airflow/example_dags/example_params_ui_tutorial.py for tasks to queue
[2026-03-10T17:06:40.306+0530] {logging_mixin.py:188} INFO - [2026-03-10T17:06:40.305+0530] {dagbag.py:540} INFO - Filling up the DagBag from /Users/aswin/Documents/data-engineering-practice/ETL_Airflow_DBT/airflow/airflow_env/lib/python3.11/site-packages/airflow/example_dags/example_params_ui_tutorial.py
[2026-03-10T17:06:40.320+0530] {processor.py:840} INFO - DAG(s) 'example_params_ui_tutorial' retrieved from /Users/aswin/Documents/data-engineering-practice/ETL_Airflow_DBT/airflow/airflow_env/lib/python3.11/site-packages/airflow/example_dags/example_params_ui_tutorial.py
[2026-03-10T17:06:40.356+0530] {logging_mixin.py:188} INFO - [2026-03-10T17:06:40.356+0530] {dag.py:3096} INFO - Sync 1 DAGs
[2026-03-10T17:06:40.359+0530] {logging_mixin.py:188} INFO - [2026-03-10T17:06:40.359+0530] {dag.py:3954} INFO - Setting next_dagrun for example_params_ui_tutorial to None, run_after=None
[2026-03-10T17:06:40.365+0530] {processor.py:183} INFO - Processing /Users/aswin/Documents/data-engineering-practice/ETL_Airflow_DBT/airflow/airflow_env/lib/python3.11/site-packages/airflow/example_dags/example_params_ui_tutorial.py took 0.061 seconds
[2026-03-10T18:41:27.628+0530] {processor.py:161} INFO - Started process (PID=30342) to work on /Users/aswin/Documents/data-engineering-practice/ETL_Airflow_DBT/airflow/airflow_env/lib/python3.11/site-packages/airflow/example_dags/example_params_ui_tutorial.py
[2026-03-10T18:41:27.629+0530] {processor.py:830} INFO - Processing file /Users/aswin/Documents/data-engineering-practice/ETL_Airflow_DBT/airflow/airflow_env/lib/python3.11/site-packages/airflow/example_dags/example_params_ui_tutorial.py for tasks to queue
[2026-03-10T18:41:27.630+0530] {logging_mixin.py:188} INFO - [2026-03-10T18:41:27.630+0530] {dagbag.py:540} INFO - Filling up the DagBag from /Users/aswin/Documents/data-engineering-practice/ETL_Airflow_DBT/airflow/airflow_env/lib/python3.11/site-packages/airflow/example_dags/example_params_ui_tutorial.py
[2026-03-10T18:41:27.644+0530] {processor.py:840} INFO - DAG(s) 'example_params_ui_tutorial' retrieved from /Users/aswin/Documents/data-engineering-practice/ETL_Airflow_DBT/airflow/airflow_env/lib/python3.11/site-packages/airflow/example_dags/example_params_ui_tutorial.py
[2026-03-10T18:41:27.680+0530] {logging_mixin.py:188} INFO - [2026-03-10T18:41:27.680+0530] {dag.py:3096} INFO - Sync 1 DAGs
[2026-03-10T18:41:27.683+0530] {logging_mixin.py:188} INFO - [2026-03-10T18:41:27.683+0530] {dag.py:3954} INFO - Setting next_dagrun for example_params_ui_tutorial to None, run_after=None
[2026-03-10T18:41:27.688+0530] {processor.py:183} INFO - Processing /Users/aswin/Documents/data-engineering-practice/ETL_Airflow_DBT/airflow/airflow_env/lib/python3.11/site-packages/airflow/example_dags/example_params_ui_tutorial.py took 0.061 seconds
[2026-03-10T19:40:24.247+0530] {processor.py:161} INFO - Started process (PID=30438) to work on /Users/aswin/Documents/data-engineering-practice/ETL_Airflow_DBT/airflow/airflow_env/lib/python3.11/site-packages/airflow/example_dags/example_params_ui_tutorial.py
[2026-03-10T19:40:24.248+0530] {processor.py:830} INFO - Processing file /Users/aswin/Documents/data-engineering-practice/ETL_Airflow_DBT/airflow/airflow_env/lib/python3.11/site-packages/airflow/example_dags/example_params_ui_tutorial.py for tasks to queue
[2026-03-10T19:40:24.248+0530] {logging_mixin.py:188} INFO - [2026-03-10T19:40:24.248+0530] {dagbag.py:540} INFO - Filling up the DagBag from /Users/aswin/Documents/data-engineering-practice/ETL_Airflow_DBT/airflow/airflow_env/lib/python3.11/site-packages/airflow/example_dags/example_params_ui_tutorial.py
[2026-03-10T19:40:24.262+0530] {processor.py:840} INFO - DAG(s) 'example_params_ui_tutorial' retrieved from /Users/aswin/Documents/data-engineering-practice/ETL_Airflow_DBT/airflow/airflow_env/lib/python3.11/site-packages/airflow/example_dags/example_params_ui_tutorial.py
[2026-03-10T19:40:24.298+0530] {logging_mixin.py:188} INFO - [2026-03-10T19:40:24.298+0530] {dag.py:3096} INFO - Sync 1 DAGs
[2026-03-10T19:40:24.301+0530] {logging_mixin.py:188} INFO - [2026-03-10T19:40:24.301+0530] {dag.py:3954} INFO - Setting next_dagrun for example_params_ui_tutorial to None, run_after=None
[2026-03-10T19:40:24.308+0530] {processor.py:183} INFO - Processing /Users/aswin/Documents/data-engineering-practice/ETL_Airflow_DBT/airflow/airflow_env/lib/python3.11/site-packages/airflow/example_dags/example_params_ui_tutorial.py took 0.062 seconds
[2026-03-10T21:10:48.960+0530] {processor.py:161} INFO - Started process (PID=30549) to work on /Users/aswin/Documents/data-engineering-practice/ETL_Airflow_DBT/airflow/airflow_env/lib/python3.11/site-packages/airflow/example_dags/example_params_ui_tutorial.py
[2026-03-10T21:10:48.961+0530] {processor.py:830} INFO - Processing file /Users/aswin/Documents/data-engineering-practice/ETL_Airflow_DBT/airflow/airflow_env/lib/python3.11/site-packages/airflow/example_dags/example_params_ui_tutorial.py for tasks to queue
[2026-03-10T21:10:48.961+0530] {logging_mixin.py:188} INFO - [2026-03-10T21:10:48.961+0530] {dagbag.py:540} INFO - Filling up the DagBag from /Users/aswin/Documents/data-engineering-practice/ETL_Airflow_DBT/airflow/airflow_env/lib/python3.11/site-packages/airflow/example_dags/example_params_ui_tutorial.py
[2026-03-10T21:10:48.976+0530] {processor.py:840} INFO - DAG(s) 'example_params_ui_tutorial' retrieved from /Users/aswin/Documents/data-engineering-practice/ETL_Airflow_DBT/airflow/airflow_env/lib/python3.11/site-packages/airflow/example_dags/example_params_ui_tutorial.py
[2026-03-10T21:10:49.012+0530] {logging_mixin.py:188} INFO - [2026-03-10T21:10:49.012+0530] {dag.py:3096} INFO - Sync 1 DAGs
[2026-03-10T21:10:49.015+0530] {logging_mixin.py:188} INFO - [2026-03-10T21:10:49.015+0530] {dag.py:3954} INFO - Setting next_dagrun for example_params_ui_tutorial to None, run_after=None
[2026-03-10T21:10:49.021+0530] {processor.py:183} INFO - Processing /Users/aswin/Documents/data-engineering-practice/ETL_Airflow_DBT/airflow/airflow_env/lib/python3.11/site-packages/airflow/example_dags/example_params_ui_tutorial.py took 0.062 seconds
[2026-03-10T23:56:19.414+0530] {processor.py:161} INFO - Started process (PID=30820) to work on /Users/aswin/Documents/data-engineering-practice/ETL_Airflow_DBT/airflow/airflow_env/lib/python3.11/site-packages/airflow/example_dags/example_params_ui_tutorial.py
[2026-03-10T23:56:19.414+0530] {processor.py:830} INFO - Processing file /Users/aswin/Documents/data-engineering-practice/ETL_Airflow_DBT/airflow/airflow_env/lib/python3.11/site-packages/airflow/example_dags/example_params_ui_tutorial.py for tasks to queue
[2026-03-10T23:56:19.415+0530] {logging_mixin.py:188} INFO - [2026-03-10T23:56:19.414+0530] {dagbag.py:540} INFO - Filling up the DagBag from /Users/aswin/Documents/data-engineering-practice/ETL_Airflow_DBT/airflow/airflow_env/lib/python3.11/site-packages/airflow/example_dags/example_params_ui_tutorial.py
[2026-03-10T23:56:19.430+0530] {processor.py:840} INFO - DAG(s) 'example_params_ui_tutorial' retrieved from /Users/aswin/Documents/data-engineering-practice/ETL_Airflow_DBT/airflow/airflow_env/lib/python3.11/site-packages/airflow/example_dags/example_params_ui_tutorial.py
[2026-03-10T23:56:19.466+0530] {logging_mixin.py:188} INFO - [2026-03-10T23:56:19.465+0530] {dag.py:3096} INFO - Sync 1 DAGs
[2026-03-10T23:56:19.468+0530] {logging_mixin.py:188} INFO - [2026-03-10T23:56:19.468+0530] {dag.py:3954} INFO - Setting next_dagrun for example_params_ui_tutorial to None, run_after=None
[2026-03-10T23:56:19.474+0530] {processor.py:183} INFO - Processing /Users/aswin/Documents/data-engineering-practice/ETL_Airflow_DBT/airflow/airflow_env/lib/python3.11/site-packages/airflow/example_dags/example_params_ui_tutorial.py took 0.061 seconds
[2026-03-10T23:57:49.351+0530] {processor.py:161} INFO - Started process (PID=30878) to work on /Users/aswin/Documents/data-engineering-practice/ETL_Airflow_DBT/airflow/airflow_env/lib/python3.11/site-packages/airflow/example_dags/example_params_ui_tutorial.py
[2026-03-10T23:57:49.352+0530] {processor.py:830} INFO - Processing file /Users/aswin/Documents/data-engineering-practice/ETL_Airflow_DBT/airflow/airflow_env/lib/python3.11/site-packages/airflow/example_dags/example_params_ui_tutorial.py for tasks to queue
[2026-03-10T23:57:49.352+0530] {logging_mixin.py:188} INFO - [2026-03-10T23:57:49.352+0530] {dagbag.py:540} INFO - Filling up the DagBag from /Users/aswin/Documents/data-engineering-practice/ETL_Airflow_DBT/airflow/airflow_env/lib/python3.11/site-packages/airflow/example_dags/example_params_ui_tutorial.py
[2026-03-10T23:57:49.367+0530] {processor.py:840} INFO - DAG(s) 'example_params_ui_tutorial' retrieved from /Users/aswin/Documents/data-engineering-practice/ETL_Airflow_DBT/airflow/airflow_env/lib/python3.11/site-packages/airflow/example_dags/example_params_ui_tutorial.py
[2026-03-10T23:57:49.402+0530] {logging_mixin.py:188} INFO - [2026-03-10T23:57:49.402+0530] {dag.py:3096} INFO - Sync 1 DAGs
[2026-03-10T23:57:49.405+0530] {logging_mixin.py:188} INFO - [2026-03-10T23:57:49.405+0530] {dag.py:3954} INFO - Setting next_dagrun for example_params_ui_tutorial to None, run_after=None
[2026-03-10T23:57:49.410+0530] {processor.py:183} INFO - Processing /Users/aswin/Documents/data-engineering-practice/ETL_Airflow_DBT/airflow/airflow_env/lib/python3.11/site-packages/airflow/example_dags/example_params_ui_tutorial.py took 0.060 seconds
[2026-03-11T00:00:00.487+0530] {processor.py:161} INFO - Started process (PID=30962) to work on /Users/aswin/Documents/data-engineering-practice/ETL_Airflow_DBT/airflow/airflow_env/lib/python3.11/site-packages/airflow/example_dags/example_params_ui_tutorial.py
[2026-03-11T00:00:00.489+0530] {processor.py:830} INFO - Processing file /Users/aswin/Documents/data-engineering-practice/ETL_Airflow_DBT/airflow/airflow_env/lib/python3.11/site-packages/airflow/example_dags/example_params_ui_tutorial.py for tasks to queue
[2026-03-11T00:00:00.489+0530] {logging_mixin.py:188} INFO - [2026-03-11T00:00:00.489+0530] {dagbag.py:540} INFO - Filling up the DagBag from /Users/aswin/Documents/data-engineering-practice/ETL_Airflow_DBT/airflow/airflow_env/lib/python3.11/site-packages/airflow/example_dags/example_params_ui_tutorial.py
[2026-03-11T00:00:00.504+0530] {processor.py:840} INFO - DAG(s) 'example_params_ui_tutorial' retrieved from /Users/aswin/Documents/data-engineering-practice/ETL_Airflow_DBT/airflow/airflow_env/lib/python3.11/site-packages/airflow/example_dags/example_params_ui_tutorial.py
[2026-03-11T00:00:00.583+0530] {logging_mixin.py:188} INFO - [2026-03-11T00:00:00.583+0530] {dag.py:3096} INFO - Sync 1 DAGs
[2026-03-11T00:00:00.586+0530] {logging_mixin.py:188} INFO - [2026-03-11T00:00:00.586+0530] {dag.py:3954} INFO - Setting next_dagrun for example_params_ui_tutorial to None, run_after=None
[2026-03-11T00:00:00.613+0530] {processor.py:183} INFO - Processing /Users/aswin/Documents/data-engineering-practice/ETL_Airflow_DBT/airflow/airflow_env/lib/python3.11/site-packages/airflow/example_dags/example_params_ui_tutorial.py took 0.127 seconds
[2026-03-11T00:04:26.452+0530] {processor.py:161} INFO - Started process (PID=31077) to work on /Users/aswin/Documents/data-engineering-practice/ETL_Airflow_DBT/airflow/airflow_env/lib/python3.11/site-packages/airflow/example_dags/example_params_ui_tutorial.py
[2026-03-11T00:04:26.453+0530] {processor.py:830} INFO - Processing file /Users/aswin/Documents/data-engineering-practice/ETL_Airflow_DBT/airflow/airflow_env/lib/python3.11/site-packages/airflow/example_dags/example_params_ui_tutorial.py for tasks to queue
[2026-03-11T00:04:26.453+0530] {logging_mixin.py:188} INFO - [2026-03-11T00:04:26.453+0530] {dagbag.py:540} INFO - Filling up the DagBag from /Users/aswin/Documents/data-engineering-practice/ETL_Airflow_DBT/airflow/airflow_env/lib/python3.11/site-packages/airflow/example_dags/example_params_ui_tutorial.py
[2026-03-11T00:04:26.469+0530] {processor.py:840} INFO - DAG(s) 'example_params_ui_tutorial' retrieved from /Users/aswin/Documents/data-engineering-practice/ETL_Airflow_DBT/airflow/airflow_env/lib/python3.11/site-packages/airflow/example_dags/example_params_ui_tutorial.py
[2026-03-11T00:04:26.505+0530] {logging_mixin.py:188} INFO - [2026-03-11T00:04:26.505+0530] {dag.py:3096} INFO - Sync 1 DAGs
[2026-03-11T00:04:26.508+0530] {logging_mixin.py:188} INFO - [2026-03-11T00:04:26.508+0530] {dag.py:3954} INFO - Setting next_dagrun for example_params_ui_tutorial to None, run_after=None
[2026-03-11T00:04:26.513+0530] {processor.py:183} INFO - Processing /Users/aswin/Documents/data-engineering-practice/ETL_Airflow_DBT/airflow/airflow_env/lib/python3.11/site-packages/airflow/example_dags/example_params_ui_tutorial.py took 0.062 seconds
[2026-03-11T00:06:35.922+0530] {processor.py:161} INFO - Started process (PID=31161) to work on /Users/aswin/Documents/data-engineering-practice/ETL_Airflow_DBT/airflow/airflow_env/lib/python3.11/site-packages/airflow/example_dags/example_params_ui_tutorial.py
[2026-03-11T00:06:35.923+0530] {processor.py:830} INFO - Processing file /Users/aswin/Documents/data-engineering-practice/ETL_Airflow_DBT/airflow/airflow_env/lib/python3.11/site-packages/airflow/example_dags/example_params_ui_tutorial.py for tasks to queue
[2026-03-11T00:06:35.924+0530] {logging_mixin.py:188} INFO - [2026-03-11T00:06:35.924+0530] {dagbag.py:540} INFO - Filling up the DagBag from /Users/aswin/Documents/data-engineering-practice/ETL_Airflow_DBT/airflow/airflow_env/lib/python3.11/site-packages/airflow/example_dags/example_params_ui_tutorial.py
[2026-03-11T00:06:35.939+0530] {processor.py:840} INFO - DAG(s) 'example_params_ui_tutorial' retrieved from /Users/aswin/Documents/data-engineering-practice/ETL_Airflow_DBT/airflow/airflow_env/lib/python3.11/site-packages/airflow/example_dags/example_params_ui_tutorial.py
[2026-03-11T00:06:35.976+0530] {logging_mixin.py:188} INFO - [2026-03-11T00:06:35.976+0530] {dag.py:3096} INFO - Sync 1 DAGs
[2026-03-11T00:06:35.979+0530] {logging_mixin.py:188} INFO - [2026-03-11T00:06:35.979+0530] {dag.py:3954} INFO - Setting next_dagrun for example_params_ui_tutorial to None, run_after=None
[2026-03-11T00:06:35.985+0530] {processor.py:183} INFO - Processing /Users/aswin/Documents/data-engineering-practice/ETL_Airflow_DBT/airflow/airflow_env/lib/python3.11/site-packages/airflow/example_dags/example_params_ui_tutorial.py took 0.064 seconds
[2026-03-11T00:08:48.363+0530] {processor.py:161} INFO - Started process (PID=31244) to work on /Users/aswin/Documents/data-engineering-practice/ETL_Airflow_DBT/airflow/airflow_env/lib/python3.11/site-packages/airflow/example_dags/example_params_ui_tutorial.py
[2026-03-11T00:08:48.364+0530] {processor.py:830} INFO - Processing file /Users/aswin/Documents/data-engineering-practice/ETL_Airflow_DBT/airflow/airflow_env/lib/python3.11/site-packages/airflow/example_dags/example_params_ui_tutorial.py for tasks to queue
[2026-03-11T00:08:48.364+0530] {logging_mixin.py:188} INFO - [2026-03-11T00:08:48.364+0530] {dagbag.py:540} INFO - Filling up the DagBag from /Users/aswin/Documents/data-engineering-practice/ETL_Airflow_DBT/airflow/airflow_env/lib/python3.11/site-packages/airflow/example_dags/example_params_ui_tutorial.py
[2026-03-11T00:08:48.379+0530] {processor.py:840} INFO - DAG(s) 'example_params_ui_tutorial' retrieved from /Users/aswin/Documents/data-engineering-practice/ETL_Airflow_DBT/airflow/airflow_env/lib/python3.11/site-packages/airflow/example_dags/example_params_ui_tutorial.py
[2026-03-11T00:08:48.414+0530] {logging_mixin.py:188} INFO - [2026-03-11T00:08:48.414+0530] {dag.py:3096} INFO - Sync 1 DAGs
[2026-03-11T00:08:48.417+0530] {logging_mixin.py:188} INFO - [2026-03-11T00:08:48.417+0530] {dag.py:3954} INFO - Setting next_dagrun for example_params_ui_tutorial to None, run_after=None
[2026-03-11T00:08:48.423+0530] {processor.py:183} INFO - Processing /Users/aswin/Documents/data-engineering-practice/ETL_Airflow_DBT/airflow/airflow_env/lib/python3.11/site-packages/airflow/example_dags/example_params_ui_tutorial.py took 0.060 seconds
[2026-03-11T00:11:01.643+0530] {processor.py:161} INFO - Started process (PID=31329) to work on /Users/aswin/Documents/data-engineering-practice/ETL_Airflow_DBT/airflow/airflow_env/lib/python3.11/site-packages/airflow/example_dags/example_params_ui_tutorial.py
[2026-03-11T00:11:01.643+0530] {processor.py:830} INFO - Processing file /Users/aswin/Documents/data-engineering-practice/ETL_Airflow_DBT/airflow/airflow_env/lib/python3.11/site-packages/airflow/example_dags/example_params_ui_tutorial.py for tasks to queue
[2026-03-11T00:11:01.643+0530] {logging_mixin.py:188} INFO - [2026-03-11T00:11:01.643+0530] {dagbag.py:540} INFO - Filling up the DagBag from /Users/aswin/Documents/data-engineering-practice/ETL_Airflow_DBT/airflow/airflow_env/lib/python3.11/site-packages/airflow/example_dags/example_params_ui_tutorial.py
[2026-03-11T00:11:01.658+0530] {processor.py:840} INFO - DAG(s) 'example_params_ui_tutorial' retrieved from /Users/aswin/Documents/data-engineering-practice/ETL_Airflow_DBT/airflow/airflow_env/lib/python3.11/site-packages/airflow/example_dags/example_params_ui_tutorial.py
[2026-03-11T00:11:01.694+0530] {logging_mixin.py:188} INFO - [2026-03-11T00:11:01.693+0530] {dag.py:3096} INFO - Sync 1 DAGs
[2026-03-11T00:11:01.696+0530] {logging_mixin.py:188} INFO - [2026-03-11T00:11:01.696+0530] {dag.py:3954} INFO - Setting next_dagrun for example_params_ui_tutorial to None, run_after=None
[2026-03-11T00:11:01.702+0530] {processor.py:183} INFO - Processing /Users/aswin/Documents/data-engineering-practice/ETL_Airflow_DBT/airflow/airflow_env/lib/python3.11/site-packages/airflow/example_dags/example_params_ui_tutorial.py took 0.060 seconds
[2026-03-11T00:13:09.886+0530] {processor.py:161} INFO - Started process (PID=31418) to work on /Users/aswin/Documents/data-engineering-practice/ETL_Airflow_DBT/airflow/airflow_env/lib/python3.11/site-packages/airflow/example_dags/example_params_ui_tutorial.py
[2026-03-11T00:13:09.886+0530] {processor.py:830} INFO - Processing file /Users/aswin/Documents/data-engineering-practice/ETL_Airflow_DBT/airflow/airflow_env/lib/python3.11/site-packages/airflow/example_dags/example_params_ui_tutorial.py for tasks to queue
[2026-03-11T00:13:09.886+0530] {logging_mixin.py:188} INFO - [2026-03-11T00:13:09.886+0530] {dagbag.py:540} INFO - Filling up the DagBag from /Users/aswin/Documents/data-engineering-practice/ETL_Airflow_DBT/airflow/airflow_env/lib/python3.11/site-packages/airflow/example_dags/example_params_ui_tutorial.py
[2026-03-11T00:13:09.901+0530] {processor.py:840} INFO - DAG(s) 'example_params_ui_tutorial' retrieved from /Users/aswin/Documents/data-engineering-practice/ETL_Airflow_DBT/airflow/airflow_env/lib/python3.11/site-packages/airflow/example_dags/example_params_ui_tutorial.py
[2026-03-11T00:13:09.937+0530] {logging_mixin.py:188} INFO - [2026-03-11T00:13:09.936+0530] {dag.py:3096} INFO - Sync 1 DAGs
[2026-03-11T00:13:09.939+0530] {logging_mixin.py:188} INFO - [2026-03-11T00:13:09.939+0530] {dag.py:3954} INFO - Setting next_dagrun for example_params_ui_tutorial to None, run_after=None
[2026-03-11T00:13:09.945+0530] {processor.py:183} INFO - Processing /Users/aswin/Documents/data-engineering-practice/ETL_Airflow_DBT/airflow/airflow_env/lib/python3.11/site-packages/airflow/example_dags/example_params_ui_tutorial.py took 0.060 seconds
[2026-03-11T00:15:30.031+0530] {processor.py:161} INFO - Started process (PID=31505) to work on /Users/aswin/Documents/data-engineering-practice/ETL_Airflow_DBT/airflow/airflow_env/lib/python3.11/site-packages/airflow/example_dags/example_params_ui_tutorial.py
[2026-03-11T00:15:30.031+0530] {processor.py:830} INFO - Processing file /Users/aswin/Documents/data-engineering-practice/ETL_Airflow_DBT/airflow/airflow_env/lib/python3.11/site-packages/airflow/example_dags/example_params_ui_tutorial.py for tasks to queue
[2026-03-11T00:15:30.031+0530] {logging_mixin.py:188} INFO - [2026-03-11T00:15:30.031+0530] {dagbag.py:540} INFO - Filling up the DagBag from /Users/aswin/Documents/data-engineering-practice/ETL_Airflow_DBT/airflow/airflow_env/lib/python3.11/site-packages/airflow/example_dags/example_params_ui_tutorial.py
[2026-03-11T00:15:30.046+0530] {processor.py:840} INFO - DAG(s) 'example_params_ui_tutorial' retrieved from /Users/aswin/Documents/data-engineering-practice/ETL_Airflow_DBT/airflow/airflow_env/lib/python3.11/site-packages/airflow/example_dags/example_params_ui_tutorial.py
[2026-03-11T00:15:30.082+0530] {logging_mixin.py:188} INFO - [2026-03-11T00:15:30.082+0530] {dag.py:3096} INFO - Sync 1 DAGs
[2026-03-11T00:15:30.085+0530] {logging_mixin.py:188} INFO - [2026-03-11T00:15:30.085+0530] {dag.py:3954} INFO - Setting next_dagrun for example_params_ui_tutorial to None, run_after=None
[2026-03-11T00:15:30.090+0530] {processor.py:183} INFO - Processing /Users/aswin/Documents/data-engineering-practice/ETL_Airflow_DBT/airflow/airflow_env/lib/python3.11/site-packages/airflow/example_dags/example_params_ui_tutorial.py took 0.061 seconds
[2026-03-11T00:17:25.138+0530] {processor.py:161} INFO - Started process (PID=31587) to work on /Users/aswin/Documents/data-engineering-practice/ETL_Airflow_DBT/airflow/airflow_env/lib/python3.11/site-packages/airflow/example_dags/example_params_ui_tutorial.py
[2026-03-11T00:17:25.139+0530] {processor.py:830} INFO - Processing file /Users/aswin/Documents/data-engineering-practice/ETL_Airflow_DBT/airflow/airflow_env/lib/python3.11/site-packages/airflow/example_dags/example_params_ui_tutorial.py for tasks to queue
[2026-03-11T00:17:25.139+0530] {logging_mixin.py:188} INFO - [2026-03-11T00:17:25.139+0530] {dagbag.py:540} INFO - Filling up the DagBag from /Users/aswin/Documents/data-engineering-practice/ETL_Airflow_DBT/airflow/airflow_env/lib/python3.11/site-packages/airflow/example_dags/example_params_ui_tutorial.py
[2026-03-11T00:17:25.154+0530] {processor.py:840} INFO - DAG(s) 'example_params_ui_tutorial' retrieved from /Users/aswin/Documents/data-engineering-practice/ETL_Airflow_DBT/airflow/airflow_env/lib/python3.11/site-packages/airflow/example_dags/example_params_ui_tutorial.py
[2026-03-11T00:17:25.189+0530] {logging_mixin.py:188} INFO - [2026-03-11T00:17:25.189+0530] {dag.py:3096} INFO - Sync 1 DAGs
[2026-03-11T00:17:25.192+0530] {logging_mixin.py:188} INFO - [2026-03-11T00:17:25.192+0530] {dag.py:3954} INFO - Setting next_dagrun for example_params_ui_tutorial to None, run_after=None
[2026-03-11T00:17:25.197+0530] {processor.py:183} INFO - Processing /Users/aswin/Documents/data-engineering-practice/ETL_Airflow_DBT/airflow/airflow_env/lib/python3.11/site-packages/airflow/example_dags/example_params_ui_tutorial.py took 0.060 seconds
[2026-03-11T00:21:07.141+0530] {processor.py:161} INFO - Started process (PID=31688) to work on /Users/aswin/Documents/data-engineering-practice/ETL_Airflow_DBT/airflow/airflow_env/lib/python3.11/site-packages/airflow/example_dags/example_params_ui_tutorial.py
[2026-03-11T00:21:07.141+0530] {processor.py:830} INFO - Processing file /Users/aswin/Documents/data-engineering-practice/ETL_Airflow_DBT/airflow/airflow_env/lib/python3.11/site-packages/airflow/example_dags/example_params_ui_tutorial.py for tasks to queue
[2026-03-11T00:21:07.142+0530] {logging_mixin.py:188} INFO - [2026-03-11T00:21:07.141+0530] {dagbag.py:540} INFO - Filling up the DagBag from /Users/aswin/Documents/data-engineering-practice/ETL_Airflow_DBT/airflow/airflow_env/lib/python3.11/site-packages/airflow/example_dags/example_params_ui_tutorial.py
[2026-03-11T00:21:07.156+0530] {processor.py:840} INFO - DAG(s) 'example_params_ui_tutorial' retrieved from /Users/aswin/Documents/data-engineering-practice/ETL_Airflow_DBT/airflow/airflow_env/lib/python3.11/site-packages/airflow/example_dags/example_params_ui_tutorial.py
[2026-03-11T00:21:07.192+0530] {logging_mixin.py:188} INFO - [2026-03-11T00:21:07.192+0530] {dag.py:3096} INFO - Sync 1 DAGs
[2026-03-11T00:21:07.195+0530] {logging_mixin.py:188} INFO - [2026-03-11T00:21:07.195+0530] {dag.py:3954} INFO - Setting next_dagrun for example_params_ui_tutorial to None, run_after=None
[2026-03-11T00:21:07.201+0530] {processor.py:183} INFO - Processing /Users/aswin/Documents/data-engineering-practice/ETL_Airflow_DBT/airflow/airflow_env/lib/python3.11/site-packages/airflow/example_dags/example_params_ui_tutorial.py took 0.061 seconds
[2026-03-11T03:00:10.400+0530] {processor.py:161} INFO - Started process (PID=31906) to work on /Users/aswin/Documents/data-engineering-practice/ETL_Airflow_DBT/airflow/airflow_env/lib/python3.11/site-packages/airflow/example_dags/example_params_ui_tutorial.py
[2026-03-11T03:00:10.400+0530] {processor.py:830} INFO - Processing file /Users/aswin/Documents/data-engineering-practice/ETL_Airflow_DBT/airflow/airflow_env/lib/python3.11/site-packages/airflow/example_dags/example_params_ui_tutorial.py for tasks to queue
[2026-03-11T03:00:10.401+0530] {logging_mixin.py:188} INFO - [2026-03-11T03:00:10.400+0530] {dagbag.py:540} INFO - Filling up the DagBag from /Users/aswin/Documents/data-engineering-practice/ETL_Airflow_DBT/airflow/airflow_env/lib/python3.11/site-packages/airflow/example_dags/example_params_ui_tutorial.py
[2026-03-11T03:00:10.415+0530] {processor.py:840} INFO - DAG(s) 'example_params_ui_tutorial' retrieved from /Users/aswin/Documents/data-engineering-practice/ETL_Airflow_DBT/airflow/airflow_env/lib/python3.11/site-packages/airflow/example_dags/example_params_ui_tutorial.py
[2026-03-11T03:00:10.454+0530] {logging_mixin.py:188} INFO - [2026-03-11T03:00:10.454+0530] {dag.py:3096} INFO - Sync 1 DAGs
[2026-03-11T03:00:10.457+0530] {logging_mixin.py:188} INFO - [2026-03-11T03:00:10.457+0530] {dag.py:3954} INFO - Setting next_dagrun for example_params_ui_tutorial to None, run_after=None
[2026-03-11T03:00:10.463+0530] {processor.py:183} INFO - Processing /Users/aswin/Documents/data-engineering-practice/ETL_Airflow_DBT/airflow/airflow_env/lib/python3.11/site-packages/airflow/example_dags/example_params_ui_tutorial.py took 0.064 seconds
[2026-03-11T04:48:11.581+0530] {processor.py:161} INFO - Started process (PID=32186) to work on /Users/aswin/Documents/data-engineering-practice/ETL_Airflow_DBT/airflow/airflow_env/lib/python3.11/site-packages/airflow/example_dags/example_params_ui_tutorial.py
[2026-03-11T04:48:11.581+0530] {processor.py:830} INFO - Processing file /Users/aswin/Documents/data-engineering-practice/ETL_Airflow_DBT/airflow/airflow_env/lib/python3.11/site-packages/airflow/example_dags/example_params_ui_tutorial.py for tasks to queue
[2026-03-11T04:48:11.582+0530] {logging_mixin.py:188} INFO - [2026-03-11T04:48:11.582+0530] {dagbag.py:540} INFO - Filling up the DagBag from /Users/aswin/Documents/data-engineering-practice/ETL_Airflow_DBT/airflow/airflow_env/lib/python3.11/site-packages/airflow/example_dags/example_params_ui_tutorial.py
[2026-03-11T04:48:11.598+0530] {processor.py:840} INFO - DAG(s) 'example_params_ui_tutorial' retrieved from /Users/aswin/Documents/data-engineering-practice/ETL_Airflow_DBT/airflow/airflow_env/lib/python3.11/site-packages/airflow/example_dags/example_params_ui_tutorial.py
[2026-03-11T04:48:11.634+0530] {logging_mixin.py:188} INFO - [2026-03-11T04:48:11.634+0530] {dag.py:3096} INFO - Sync 1 DAGs
[2026-03-11T04:48:11.637+0530] {logging_mixin.py:188} INFO - [2026-03-11T04:48:11.637+0530] {dag.py:3954} INFO - Setting next_dagrun for example_params_ui_tutorial to None, run_after=None
[2026-03-11T04:48:11.642+0530] {processor.py:183} INFO - Processing /Users/aswin/Documents/data-engineering-practice/ETL_Airflow_DBT/airflow/airflow_env/lib/python3.11/site-packages/airflow/example_dags/example_params_ui_tutorial.py took 0.063 seconds
[2026-03-11T04:49:26.574+0530] {processor.py:161} INFO - Started process (PID=32319) to work on /Users/aswin/Documents/data-engineering-practice/ETL_Airflow_DBT/airflow/airflow_env/lib/python3.11/site-packages/airflow/example_dags/example_params_ui_tutorial.py
[2026-03-11T04:49:26.575+0530] {processor.py:830} INFO - Processing file /Users/aswin/Documents/data-engineering-practice/ETL_Airflow_DBT/airflow/airflow_env/lib/python3.11/site-packages/airflow/example_dags/example_params_ui_tutorial.py for tasks to queue
[2026-03-11T04:49:26.575+0530] {logging_mixin.py:188} INFO - [2026-03-11T04:49:26.575+0530] {dagbag.py:540} INFO - Filling up the DagBag from /Users/aswin/Documents/data-engineering-practice/ETL_Airflow_DBT/airflow/airflow_env/lib/python3.11/site-packages/airflow/example_dags/example_params_ui_tutorial.py
[2026-03-11T04:49:26.591+0530] {processor.py:840} INFO - DAG(s) 'example_params_ui_tutorial' retrieved from /Users/aswin/Documents/data-engineering-practice/ETL_Airflow_DBT/airflow/airflow_env/lib/python3.11/site-packages/airflow/example_dags/example_params_ui_tutorial.py
[2026-03-11T04:49:26.630+0530] {logging_mixin.py:188} INFO - [2026-03-11T04:49:26.630+0530] {dag.py:3096} INFO - Sync 1 DAGs
[2026-03-11T04:49:26.633+0530] {logging_mixin.py:188} INFO - [2026-03-11T04:49:26.633+0530] {dag.py:3954} INFO - Setting next_dagrun for example_params_ui_tutorial to None, run_after=None
[2026-03-11T04:49:26.640+0530] {processor.py:183} INFO - Processing /Users/aswin/Documents/data-engineering-practice/ETL_Airflow_DBT/airflow/airflow_env/lib/python3.11/site-packages/airflow/example_dags/example_params_ui_tutorial.py took 0.067 seconds
[2026-03-11T04:50:56.276+0530] {processor.py:161} INFO - Started process (PID=32480) to work on /Users/aswin/Documents/data-engineering-practice/ETL_Airflow_DBT/airflow/airflow_env/lib/python3.11/site-packages/airflow/example_dags/example_params_ui_tutorial.py
[2026-03-11T04:50:56.277+0530] {processor.py:830} INFO - Processing file /Users/aswin/Documents/data-engineering-practice/ETL_Airflow_DBT/airflow/airflow_env/lib/python3.11/site-packages/airflow/example_dags/example_params_ui_tutorial.py for tasks to queue
[2026-03-11T04:50:56.277+0530] {logging_mixin.py:188} INFO - [2026-03-11T04:50:56.277+0530] {dagbag.py:540} INFO - Filling up the DagBag from /Users/aswin/Documents/data-engineering-practice/ETL_Airflow_DBT/airflow/airflow_env/lib/python3.11/site-packages/airflow/example_dags/example_params_ui_tutorial.py
[2026-03-11T04:50:56.292+0530] {processor.py:840} INFO - DAG(s) 'example_params_ui_tutorial' retrieved from /Users/aswin/Documents/data-engineering-practice/ETL_Airflow_DBT/airflow/airflow_env/lib/python3.11/site-packages/airflow/example_dags/example_params_ui_tutorial.py
[2026-03-11T04:50:56.328+0530] {logging_mixin.py:188} INFO - [2026-03-11T04:50:56.327+0530] {dag.py:3096} INFO - Sync 1 DAGs
[2026-03-11T04:50:56.330+0530] {logging_mixin.py:188} INFO - [2026-03-11T04:50:56.330+0530] {dag.py:3954} INFO - Setting next_dagrun for example_params_ui_tutorial to None, run_after=None
[2026-03-11T04:50:56.336+0530] {processor.py:183} INFO - Processing /Users/aswin/Documents/data-engineering-practice/ETL_Airflow_DBT/airflow/airflow_env/lib/python3.11/site-packages/airflow/example_dags/example_params_ui_tutorial.py took 0.061 seconds
[2026-03-11T04:52:29.841+0530] {processor.py:161} INFO - Started process (PID=32640) to work on /Users/aswin/Documents/data-engineering-practice/ETL_Airflow_DBT/airflow/airflow_env/lib/python3.11/site-packages/airflow/example_dags/example_params_ui_tutorial.py
[2026-03-11T04:52:29.842+0530] {processor.py:830} INFO - Processing file /Users/aswin/Documents/data-engineering-practice/ETL_Airflow_DBT/airflow/airflow_env/lib/python3.11/site-packages/airflow/example_dags/example_params_ui_tutorial.py for tasks to queue
[2026-03-11T04:52:29.842+0530] {logging_mixin.py:188} INFO - [2026-03-11T04:52:29.842+0530] {dagbag.py:540} INFO - Filling up the DagBag from /Users/aswin/Documents/data-engineering-practice/ETL_Airflow_DBT/airflow/airflow_env/lib/python3.11/site-packages/airflow/example_dags/example_params_ui_tutorial.py
[2026-03-11T04:52:29.856+0530] {processor.py:840} INFO - DAG(s) 'example_params_ui_tutorial' retrieved from /Users/aswin/Documents/data-engineering-practice/ETL_Airflow_DBT/airflow/airflow_env/lib/python3.11/site-packages/airflow/example_dags/example_params_ui_tutorial.py
[2026-03-11T04:52:29.892+0530] {logging_mixin.py:188} INFO - [2026-03-11T04:52:29.892+0530] {dag.py:3096} INFO - Sync 1 DAGs
[2026-03-11T04:52:29.895+0530] {logging_mixin.py:188} INFO - [2026-03-11T04:52:29.895+0530] {dag.py:3954} INFO - Setting next_dagrun for example_params_ui_tutorial to None, run_after=None
[2026-03-11T04:52:29.901+0530] {processor.py:183} INFO - Processing /Users/aswin/Documents/data-engineering-practice/ETL_Airflow_DBT/airflow/airflow_env/lib/python3.11/site-packages/airflow/example_dags/example_params_ui_tutorial.py took 0.060 seconds
[2026-03-11T04:54:03.806+0530] {processor.py:161} INFO - Started process (PID=32808) to work on /Users/aswin/Documents/data-engineering-practice/ETL_Airflow_DBT/airflow/airflow_env/lib/python3.11/site-packages/airflow/example_dags/example_params_ui_tutorial.py
[2026-03-11T04:54:03.806+0530] {processor.py:830} INFO - Processing file /Users/aswin/Documents/data-engineering-practice/ETL_Airflow_DBT/airflow/airflow_env/lib/python3.11/site-packages/airflow/example_dags/example_params_ui_tutorial.py for tasks to queue
[2026-03-11T04:54:03.806+0530] {logging_mixin.py:188} INFO - [2026-03-11T04:54:03.806+0530] {dagbag.py:540} INFO - Filling up the DagBag from /Users/aswin/Documents/data-engineering-practice/ETL_Airflow_DBT/airflow/airflow_env/lib/python3.11/site-packages/airflow/example_dags/example_params_ui_tutorial.py
[2026-03-11T04:54:03.821+0530] {processor.py:840} INFO - DAG(s) 'example_params_ui_tutorial' retrieved from /Users/aswin/Documents/data-engineering-practice/ETL_Airflow_DBT/airflow/airflow_env/lib/python3.11/site-packages/airflow/example_dags/example_params_ui_tutorial.py
[2026-03-11T04:54:03.857+0530] {logging_mixin.py:188} INFO - [2026-03-11T04:54:03.857+0530] {dag.py:3096} INFO - Sync 1 DAGs
[2026-03-11T04:54:03.860+0530] {logging_mixin.py:188} INFO - [2026-03-11T04:54:03.860+0530] {dag.py:3954} INFO - Setting next_dagrun for example_params_ui_tutorial to None, run_after=None
[2026-03-11T04:54:03.866+0530] {processor.py:183} INFO - Processing /Users/aswin/Documents/data-engineering-practice/ETL_Airflow_DBT/airflow/airflow_env/lib/python3.11/site-packages/airflow/example_dags/example_params_ui_tutorial.py took 0.062 seconds
[2026-03-11T04:55:34.672+0530] {processor.py:161} INFO - Started process (PID=32897) to work on /Users/aswin/Documents/data-engineering-practice/ETL_Airflow_DBT/airflow/airflow_env/lib/python3.11/site-packages/airflow/example_dags/example_params_ui_tutorial.py
[2026-03-11T04:55:34.673+0530] {processor.py:830} INFO - Processing file /Users/aswin/Documents/data-engineering-practice/ETL_Airflow_DBT/airflow/airflow_env/lib/python3.11/site-packages/airflow/example_dags/example_params_ui_tutorial.py for tasks to queue
[2026-03-11T04:55:34.674+0530] {logging_mixin.py:188} INFO - [2026-03-11T04:55:34.674+0530] {dagbag.py:540} INFO - Filling up the DagBag from /Users/aswin/Documents/data-engineering-practice/ETL_Airflow_DBT/airflow/airflow_env/lib/python3.11/site-packages/airflow/example_dags/example_params_ui_tutorial.py
[2026-03-11T04:55:34.688+0530] {processor.py:840} INFO - DAG(s) 'example_params_ui_tutorial' retrieved from /Users/aswin/Documents/data-engineering-practice/ETL_Airflow_DBT/airflow/airflow_env/lib/python3.11/site-packages/airflow/example_dags/example_params_ui_tutorial.py
[2026-03-11T04:55:34.724+0530] {logging_mixin.py:188} INFO - [2026-03-11T04:55:34.724+0530] {dag.py:3096} INFO - Sync 1 DAGs
[2026-03-11T04:55:34.727+0530] {logging_mixin.py:188} INFO - [2026-03-11T04:55:34.727+0530] {dag.py:3954} INFO - Setting next_dagrun for example_params_ui_tutorial to None, run_after=None
[2026-03-11T04:55:34.732+0530] {processor.py:183} INFO - Processing /Users/aswin/Documents/data-engineering-practice/ETL_Airflow_DBT/airflow/airflow_env/lib/python3.11/site-packages/airflow/example_dags/example_params_ui_tutorial.py took 0.061 seconds
[2026-03-11T04:57:04.740+0530] {processor.py:161} INFO - Started process (PID=32970) to work on /Users/aswin/Documents/data-engineering-practice/ETL_Airflow_DBT/airflow/airflow_env/lib/python3.11/site-packages/airflow/example_dags/example_params_ui_tutorial.py
[2026-03-11T04:57:04.740+0530] {processor.py:830} INFO - Processing file /Users/aswin/Documents/data-engineering-practice/ETL_Airflow_DBT/airflow/airflow_env/lib/python3.11/site-packages/airflow/example_dags/example_params_ui_tutorial.py for tasks to queue
[2026-03-11T04:57:04.740+0530] {logging_mixin.py:188} INFO - [2026-03-11T04:57:04.740+0530] {dagbag.py:540} INFO - Filling up the DagBag from /Users/aswin/Documents/data-engineering-practice/ETL_Airflow_DBT/airflow/airflow_env/lib/python3.11/site-packages/airflow/example_dags/example_params_ui_tutorial.py
[2026-03-11T04:57:04.755+0530] {processor.py:840} INFO - DAG(s) 'example_params_ui_tutorial' retrieved from /Users/aswin/Documents/data-engineering-practice/ETL_Airflow_DBT/airflow/airflow_env/lib/python3.11/site-packages/airflow/example_dags/example_params_ui_tutorial.py
[2026-03-11T04:57:04.791+0530] {logging_mixin.py:188} INFO - [2026-03-11T04:57:04.791+0530] {dag.py:3096} INFO - Sync 1 DAGs
[2026-03-11T04:57:04.794+0530] {logging_mixin.py:188} INFO - [2026-03-11T04:57:04.794+0530] {dag.py:3954} INFO - Setting next_dagrun for example_params_ui_tutorial to None, run_after=None
[2026-03-11T04:57:04.800+0530] {processor.py:183} INFO - Processing /Users/aswin/Documents/data-engineering-practice/ETL_Airflow_DBT/airflow/airflow_env/lib/python3.11/site-packages/airflow/example_dags/example_params_ui_tutorial.py took 0.061 seconds
[2026-03-11T04:58:33.027+0530] {processor.py:161} INFO - Started process (PID=33045) to work on /Users/aswin/Documents/data-engineering-practice/ETL_Airflow_DBT/airflow/airflow_env/lib/python3.11/site-packages/airflow/example_dags/example_params_ui_tutorial.py
[2026-03-11T04:58:33.027+0530] {processor.py:830} INFO - Processing file /Users/aswin/Documents/data-engineering-practice/ETL_Airflow_DBT/airflow/airflow_env/lib/python3.11/site-packages/airflow/example_dags/example_params_ui_tutorial.py for tasks to queue
[2026-03-11T04:58:33.028+0530] {logging_mixin.py:188} INFO - [2026-03-11T04:58:33.027+0530] {dagbag.py:540} INFO - Filling up the DagBag from /Users/aswin/Documents/data-engineering-practice/ETL_Airflow_DBT/airflow/airflow_env/lib/python3.11/site-packages/airflow/example_dags/example_params_ui_tutorial.py
[2026-03-11T04:58:33.042+0530] {processor.py:840} INFO - DAG(s) 'example_params_ui_tutorial' retrieved from /Users/aswin/Documents/data-engineering-practice/ETL_Airflow_DBT/airflow/airflow_env/lib/python3.11/site-packages/airflow/example_dags/example_params_ui_tutorial.py
[2026-03-11T04:58:33.078+0530] {logging_mixin.py:188} INFO - [2026-03-11T04:58:33.078+0530] {dag.py:3096} INFO - Sync 1 DAGs
[2026-03-11T04:58:33.081+0530] {logging_mixin.py:188} INFO - [2026-03-11T04:58:33.081+0530] {dag.py:3954} INFO - Setting next_dagrun for example_params_ui_tutorial to None, run_after=None
[2026-03-11T04:58:33.086+0530] {processor.py:183} INFO - Processing /Users/aswin/Documents/data-engineering-practice/ETL_Airflow_DBT/airflow/airflow_env/lib/python3.11/site-packages/airflow/example_dags/example_params_ui_tutorial.py took 0.060 seconds
[2026-03-11T05:00:05.107+0530] {processor.py:161} INFO - Started process (PID=33118) to work on /Users/aswin/Documents/data-engineering-practice/ETL_Airflow_DBT/airflow/airflow_env/lib/python3.11/site-packages/airflow/example_dags/example_params_ui_tutorial.py
[2026-03-11T05:00:05.108+0530] {processor.py:830} INFO - Processing file /Users/aswin/Documents/data-engineering-practice/ETL_Airflow_DBT/airflow/airflow_env/lib/python3.11/site-packages/airflow/example_dags/example_params_ui_tutorial.py for tasks to queue
[2026-03-11T05:00:05.109+0530] {logging_mixin.py:188} INFO - [2026-03-11T05:00:05.109+0530] {dagbag.py:540} INFO - Filling up the DagBag from /Users/aswin/Documents/data-engineering-practice/ETL_Airflow_DBT/airflow/airflow_env/lib/python3.11/site-packages/airflow/example_dags/example_params_ui_tutorial.py
[2026-03-11T05:00:05.123+0530] {processor.py:840} INFO - DAG(s) 'example_params_ui_tutorial' retrieved from /Users/aswin/Documents/data-engineering-practice/ETL_Airflow_DBT/airflow/airflow_env/lib/python3.11/site-packages/airflow/example_dags/example_params_ui_tutorial.py
[2026-03-11T05:00:05.160+0530] {logging_mixin.py:188} INFO - [2026-03-11T05:00:05.160+0530] {dag.py:3096} INFO - Sync 1 DAGs
[2026-03-11T05:00:05.163+0530] {logging_mixin.py:188} INFO - [2026-03-11T05:00:05.163+0530] {dag.py:3954} INFO - Setting next_dagrun for example_params_ui_tutorial to None, run_after=None
[2026-03-11T05:00:05.169+0530] {processor.py:183} INFO - Processing /Users/aswin/Documents/data-engineering-practice/ETL_Airflow_DBT/airflow/airflow_env/lib/python3.11/site-packages/airflow/example_dags/example_params_ui_tutorial.py took 0.062 seconds
[2026-03-11T05:01:35.645+0530] {processor.py:161} INFO - Started process (PID=33198) to work on /Users/aswin/Documents/data-engineering-practice/ETL_Airflow_DBT/airflow/airflow_env/lib/python3.11/site-packages/airflow/example_dags/example_params_ui_tutorial.py
[2026-03-11T05:01:35.646+0530] {processor.py:830} INFO - Processing file /Users/aswin/Documents/data-engineering-practice/ETL_Airflow_DBT/airflow/airflow_env/lib/python3.11/site-packages/airflow/example_dags/example_params_ui_tutorial.py for tasks to queue
[2026-03-11T05:01:35.646+0530] {logging_mixin.py:188} INFO - [2026-03-11T05:01:35.646+0530] {dagbag.py:540} INFO - Filling up the DagBag from /Users/aswin/Documents/data-engineering-practice/ETL_Airflow_DBT/airflow/airflow_env/lib/python3.11/site-packages/airflow/example_dags/example_params_ui_tutorial.py
[2026-03-11T05:01:35.661+0530] {processor.py:840} INFO - DAG(s) 'example_params_ui_tutorial' retrieved from /Users/aswin/Documents/data-engineering-practice/ETL_Airflow_DBT/airflow/airflow_env/lib/python3.11/site-packages/airflow/example_dags/example_params_ui_tutorial.py
[2026-03-11T05:01:35.697+0530] {logging_mixin.py:188} INFO - [2026-03-11T05:01:35.697+0530] {dag.py:3096} INFO - Sync 1 DAGs
[2026-03-11T05:01:35.700+0530] {logging_mixin.py:188} INFO - [2026-03-11T05:01:35.699+0530] {dag.py:3954} INFO - Setting next_dagrun for example_params_ui_tutorial to None, run_after=None
[2026-03-11T05:01:35.705+0530] {processor.py:183} INFO - Processing /Users/aswin/Documents/data-engineering-practice/ETL_Airflow_DBT/airflow/airflow_env/lib/python3.11/site-packages/airflow/example_dags/example_params_ui_tutorial.py took 0.061 seconds
[2026-03-11T05:03:06.252+0530] {processor.py:161} INFO - Started process (PID=33269) to work on /Users/aswin/Documents/data-engineering-practice/ETL_Airflow_DBT/airflow/airflow_env/lib/python3.11/site-packages/airflow/example_dags/example_params_ui_tutorial.py
[2026-03-11T05:03:06.252+0530] {processor.py:830} INFO - Processing file /Users/aswin/Documents/data-engineering-practice/ETL_Airflow_DBT/airflow/airflow_env/lib/python3.11/site-packages/airflow/example_dags/example_params_ui_tutorial.py for tasks to queue
[2026-03-11T05:03:06.252+0530] {logging_mixin.py:188} INFO - [2026-03-11T05:03:06.252+0530] {dagbag.py:540} INFO - Filling up the DagBag from /Users/aswin/Documents/data-engineering-practice/ETL_Airflow_DBT/airflow/airflow_env/lib/python3.11/site-packages/airflow/example_dags/example_params_ui_tutorial.py
[2026-03-11T05:03:06.268+0530] {processor.py:840} INFO - DAG(s) 'example_params_ui_tutorial' retrieved from /Users/aswin/Documents/data-engineering-practice/ETL_Airflow_DBT/airflow/airflow_env/lib/python3.11/site-packages/airflow/example_dags/example_params_ui_tutorial.py
[2026-03-11T05:03:06.306+0530] {logging_mixin.py:188} INFO - [2026-03-11T05:03:06.306+0530] {dag.py:3096} INFO - Sync 1 DAGs
[2026-03-11T05:03:06.309+0530] {logging_mixin.py:188} INFO - [2026-03-11T05:03:06.309+0530] {dag.py:3954} INFO - Setting next_dagrun for example_params_ui_tutorial to None, run_after=None
[2026-03-11T05:03:06.315+0530] {processor.py:183} INFO - Processing /Users/aswin/Documents/data-engineering-practice/ETL_Airflow_DBT/airflow/airflow_env/lib/python3.11/site-packages/airflow/example_dags/example_params_ui_tutorial.py took 0.064 seconds
[2026-03-11T05:04:36.412+0530] {processor.py:161} INFO - Started process (PID=33338) to work on /Users/aswin/Documents/data-engineering-practice/ETL_Airflow_DBT/airflow/airflow_env/lib/python3.11/site-packages/airflow/example_dags/example_params_ui_tutorial.py
[2026-03-11T05:04:36.413+0530] {processor.py:830} INFO - Processing file /Users/aswin/Documents/data-engineering-practice/ETL_Airflow_DBT/airflow/airflow_env/lib/python3.11/site-packages/airflow/example_dags/example_params_ui_tutorial.py for tasks to queue
[2026-03-11T05:04:36.413+0530] {logging_mixin.py:188} INFO - [2026-03-11T05:04:36.413+0530] {dagbag.py:540} INFO - Filling up the DagBag from /Users/aswin/Documents/data-engineering-practice/ETL_Airflow_DBT/airflow/airflow_env/lib/python3.11/site-packages/airflow/example_dags/example_params_ui_tutorial.py
[2026-03-11T05:04:36.428+0530] {processor.py:840} INFO - DAG(s) 'example_params_ui_tutorial' retrieved from /Users/aswin/Documents/data-engineering-practice/ETL_Airflow_DBT/airflow/airflow_env/lib/python3.11/site-packages/airflow/example_dags/example_params_ui_tutorial.py
[2026-03-11T05:04:36.463+0530] {logging_mixin.py:188} INFO - [2026-03-11T05:04:36.463+0530] {dag.py:3096} INFO - Sync 1 DAGs
[2026-03-11T05:04:36.466+0530] {logging_mixin.py:188} INFO - [2026-03-11T05:04:36.466+0530] {dag.py:3954} INFO - Setting next_dagrun for example_params_ui_tutorial to None, run_after=None
[2026-03-11T05:04:36.472+0530] {processor.py:183} INFO - Processing /Users/aswin/Documents/data-engineering-practice/ETL_Airflow_DBT/airflow/airflow_env/lib/python3.11/site-packages/airflow/example_dags/example_params_ui_tutorial.py took 0.061 seconds
[2026-03-11T05:06:02.873+0530] {processor.py:161} INFO - Started process (PID=33415) to work on /Users/aswin/Documents/data-engineering-practice/ETL_Airflow_DBT/airflow/airflow_env/lib/python3.11/site-packages/airflow/example_dags/example_params_ui_tutorial.py
[2026-03-11T05:06:02.874+0530] {processor.py:830} INFO - Processing file /Users/aswin/Documents/data-engineering-practice/ETL_Airflow_DBT/airflow/airflow_env/lib/python3.11/site-packages/airflow/example_dags/example_params_ui_tutorial.py for tasks to queue
[2026-03-11T05:06:02.874+0530] {logging_mixin.py:188} INFO - [2026-03-11T05:06:02.874+0530] {dagbag.py:540} INFO - Filling up the DagBag from /Users/aswin/Documents/data-engineering-practice/ETL_Airflow_DBT/airflow/airflow_env/lib/python3.11/site-packages/airflow/example_dags/example_params_ui_tutorial.py
[2026-03-11T05:06:02.889+0530] {processor.py:840} INFO - DAG(s) 'example_params_ui_tutorial' retrieved from /Users/aswin/Documents/data-engineering-practice/ETL_Airflow_DBT/airflow/airflow_env/lib/python3.11/site-packages/airflow/example_dags/example_params_ui_tutorial.py
[2026-03-11T05:06:02.924+0530] {logging_mixin.py:188} INFO - [2026-03-11T05:06:02.924+0530] {dag.py:3096} INFO - Sync 1 DAGs
[2026-03-11T05:06:02.927+0530] {logging_mixin.py:188} INFO - [2026-03-11T05:06:02.927+0530] {dag.py:3954} INFO - Setting next_dagrun for example_params_ui_tutorial to None, run_after=None
[2026-03-11T05:06:02.933+0530] {processor.py:183} INFO - Processing /Users/aswin/Documents/data-engineering-practice/ETL_Airflow_DBT/airflow/airflow_env/lib/python3.11/site-packages/airflow/example_dags/example_params_ui_tutorial.py took 0.061 seconds
[2026-03-11T05:07:33.778+0530] {processor.py:161} INFO - Started process (PID=33484) to work on /Users/aswin/Documents/data-engineering-practice/ETL_Airflow_DBT/airflow/airflow_env/lib/python3.11/site-packages/airflow/example_dags/example_params_ui_tutorial.py
[2026-03-11T05:07:33.778+0530] {processor.py:830} INFO - Processing file /Users/aswin/Documents/data-engineering-practice/ETL_Airflow_DBT/airflow/airflow_env/lib/python3.11/site-packages/airflow/example_dags/example_params_ui_tutorial.py for tasks to queue
[2026-03-11T05:07:33.778+0530] {logging_mixin.py:188} INFO - [2026-03-11T05:07:33.778+0530] {dagbag.py:540} INFO - Filling up the DagBag from /Users/aswin/Documents/data-engineering-practice/ETL_Airflow_DBT/airflow/airflow_env/lib/python3.11/site-packages/airflow/example_dags/example_params_ui_tutorial.py
[2026-03-11T05:07:33.792+0530] {processor.py:840} INFO - DAG(s) 'example_params_ui_tutorial' retrieved from /Users/aswin/Documents/data-engineering-practice/ETL_Airflow_DBT/airflow/airflow_env/lib/python3.11/site-packages/airflow/example_dags/example_params_ui_tutorial.py
[2026-03-11T05:07:33.828+0530] {logging_mixin.py:188} INFO - [2026-03-11T05:07:33.828+0530] {dag.py:3096} INFO - Sync 1 DAGs
[2026-03-11T05:07:33.831+0530] {logging_mixin.py:188} INFO - [2026-03-11T05:07:33.831+0530] {dag.py:3954} INFO - Setting next_dagrun for example_params_ui_tutorial to None, run_after=None
[2026-03-11T05:07:33.837+0530] {processor.py:183} INFO - Processing /Users/aswin/Documents/data-engineering-practice/ETL_Airflow_DBT/airflow/airflow_env/lib/python3.11/site-packages/airflow/example_dags/example_params_ui_tutorial.py took 0.060 seconds
[2026-03-11T05:11:58.655+0530] {processor.py:161} INFO - Started process (PID=33605) to work on /Users/aswin/Documents/data-engineering-practice/ETL_Airflow_DBT/airflow/airflow_env/lib/python3.11/site-packages/airflow/example_dags/example_params_ui_tutorial.py
[2026-03-11T05:11:58.656+0530] {processor.py:830} INFO - Processing file /Users/aswin/Documents/data-engineering-practice/ETL_Airflow_DBT/airflow/airflow_env/lib/python3.11/site-packages/airflow/example_dags/example_params_ui_tutorial.py for tasks to queue
[2026-03-11T05:11:58.656+0530] {logging_mixin.py:188} INFO - [2026-03-11T05:11:58.656+0530] {dagbag.py:540} INFO - Filling up the DagBag from /Users/aswin/Documents/data-engineering-practice/ETL_Airflow_DBT/airflow/airflow_env/lib/python3.11/site-packages/airflow/example_dags/example_params_ui_tutorial.py
[2026-03-11T05:11:58.675+0530] {processor.py:840} INFO - DAG(s) 'example_params_ui_tutorial' retrieved from /Users/aswin/Documents/data-engineering-practice/ETL_Airflow_DBT/airflow/airflow_env/lib/python3.11/site-packages/airflow/example_dags/example_params_ui_tutorial.py
[2026-03-11T05:11:58.718+0530] {logging_mixin.py:188} INFO - [2026-03-11T05:11:58.718+0530] {dag.py:3096} INFO - Sync 1 DAGs
[2026-03-11T05:11:58.721+0530] {logging_mixin.py:188} INFO - [2026-03-11T05:11:58.721+0530] {dag.py:3954} INFO - Setting next_dagrun for example_params_ui_tutorial to None, run_after=None
[2026-03-11T05:11:58.729+0530] {processor.py:183} INFO - Processing /Users/aswin/Documents/data-engineering-practice/ETL_Airflow_DBT/airflow/airflow_env/lib/python3.11/site-packages/airflow/example_dags/example_params_ui_tutorial.py took 0.075 seconds
[2026-03-11T05:13:36.905+0530] {processor.py:161} INFO - Started process (PID=33705) to work on /Users/aswin/Documents/data-engineering-practice/ETL_Airflow_DBT/airflow/airflow_env/lib/python3.11/site-packages/airflow/example_dags/example_params_ui_tutorial.py
[2026-03-11T05:13:36.906+0530] {processor.py:830} INFO - Processing file /Users/aswin/Documents/data-engineering-practice/ETL_Airflow_DBT/airflow/airflow_env/lib/python3.11/site-packages/airflow/example_dags/example_params_ui_tutorial.py for tasks to queue
[2026-03-11T05:13:36.906+0530] {logging_mixin.py:188} INFO - [2026-03-11T05:13:36.906+0530] {dagbag.py:540} INFO - Filling up the DagBag from /Users/aswin/Documents/data-engineering-practice/ETL_Airflow_DBT/airflow/airflow_env/lib/python3.11/site-packages/airflow/example_dags/example_params_ui_tutorial.py
[2026-03-11T05:13:36.923+0530] {processor.py:840} INFO - DAG(s) 'example_params_ui_tutorial' retrieved from /Users/aswin/Documents/data-engineering-practice/ETL_Airflow_DBT/airflow/airflow_env/lib/python3.11/site-packages/airflow/example_dags/example_params_ui_tutorial.py
[2026-03-11T05:13:36.963+0530] {logging_mixin.py:188} INFO - [2026-03-11T05:13:36.963+0530] {dag.py:3096} INFO - Sync 1 DAGs
[2026-03-11T05:13:36.966+0530] {logging_mixin.py:188} INFO - [2026-03-11T05:13:36.966+0530] {dag.py:3954} INFO - Setting next_dagrun for example_params_ui_tutorial to None, run_after=None
[2026-03-11T05:13:36.972+0530] {processor.py:183} INFO - Processing /Users/aswin/Documents/data-engineering-practice/ETL_Airflow_DBT/airflow/airflow_env/lib/python3.11/site-packages/airflow/example_dags/example_params_ui_tutorial.py took 0.068 seconds
[2026-03-11T05:15:19.471+0530] {processor.py:161} INFO - Started process (PID=33778) to work on /Users/aswin/Documents/data-engineering-practice/ETL_Airflow_DBT/airflow/airflow_env/lib/python3.11/site-packages/airflow/example_dags/example_params_ui_tutorial.py
[2026-03-11T05:15:19.472+0530] {processor.py:830} INFO - Processing file /Users/aswin/Documents/data-engineering-practice/ETL_Airflow_DBT/airflow/airflow_env/lib/python3.11/site-packages/airflow/example_dags/example_params_ui_tutorial.py for tasks to queue
[2026-03-11T05:15:19.472+0530] {logging_mixin.py:188} INFO - [2026-03-11T05:15:19.472+0530] {dagbag.py:540} INFO - Filling up the DagBag from /Users/aswin/Documents/data-engineering-practice/ETL_Airflow_DBT/airflow/airflow_env/lib/python3.11/site-packages/airflow/example_dags/example_params_ui_tutorial.py
[2026-03-11T05:15:19.488+0530] {processor.py:840} INFO - DAG(s) 'example_params_ui_tutorial' retrieved from /Users/aswin/Documents/data-engineering-practice/ETL_Airflow_DBT/airflow/airflow_env/lib/python3.11/site-packages/airflow/example_dags/example_params_ui_tutorial.py
[2026-03-11T05:15:19.524+0530] {logging_mixin.py:188} INFO - [2026-03-11T05:15:19.524+0530] {dag.py:3096} INFO - Sync 1 DAGs
[2026-03-11T05:15:19.527+0530] {logging_mixin.py:188} INFO - [2026-03-11T05:15:19.526+0530] {dag.py:3954} INFO - Setting next_dagrun for example_params_ui_tutorial to None, run_after=None
[2026-03-11T05:15:19.532+0530] {processor.py:183} INFO - Processing /Users/aswin/Documents/data-engineering-practice/ETL_Airflow_DBT/airflow/airflow_env/lib/python3.11/site-packages/airflow/example_dags/example_params_ui_tutorial.py took 0.062 seconds
[2026-03-11T05:17:02.168+0530] {processor.py:161} INFO - Started process (PID=33858) to work on /Users/aswin/Documents/data-engineering-practice/ETL_Airflow_DBT/airflow/airflow_env/lib/python3.11/site-packages/airflow/example_dags/example_params_ui_tutorial.py
[2026-03-11T05:17:02.169+0530] {processor.py:830} INFO - Processing file /Users/aswin/Documents/data-engineering-practice/ETL_Airflow_DBT/airflow/airflow_env/lib/python3.11/site-packages/airflow/example_dags/example_params_ui_tutorial.py for tasks to queue
[2026-03-11T05:17:02.169+0530] {logging_mixin.py:188} INFO - [2026-03-11T05:17:02.169+0530] {dagbag.py:540} INFO - Filling up the DagBag from /Users/aswin/Documents/data-engineering-practice/ETL_Airflow_DBT/airflow/airflow_env/lib/python3.11/site-packages/airflow/example_dags/example_params_ui_tutorial.py
[2026-03-11T05:17:02.185+0530] {processor.py:840} INFO - DAG(s) 'example_params_ui_tutorial' retrieved from /Users/aswin/Documents/data-engineering-practice/ETL_Airflow_DBT/airflow/airflow_env/lib/python3.11/site-packages/airflow/example_dags/example_params_ui_tutorial.py
[2026-03-11T05:17:02.223+0530] {logging_mixin.py:188} INFO - [2026-03-11T05:17:02.223+0530] {dag.py:3096} INFO - Sync 1 DAGs
[2026-03-11T05:17:02.227+0530] {logging_mixin.py:188} INFO - [2026-03-11T05:17:02.227+0530] {dag.py:3954} INFO - Setting next_dagrun for example_params_ui_tutorial to None, run_after=None
[2026-03-11T05:17:02.232+0530] {processor.py:183} INFO - Processing /Users/aswin/Documents/data-engineering-practice/ETL_Airflow_DBT/airflow/airflow_env/lib/python3.11/site-packages/airflow/example_dags/example_params_ui_tutorial.py took 0.066 seconds
[2026-03-11T05:17:55.093+0530] {processor.py:161} INFO - Started process (PID=33904) to work on /Users/aswin/Documents/data-engineering-practice/ETL_Airflow_DBT/airflow/airflow_env/lib/python3.11/site-packages/airflow/example_dags/example_params_ui_tutorial.py
[2026-03-11T05:17:55.093+0530] {processor.py:830} INFO - Processing file /Users/aswin/Documents/data-engineering-practice/ETL_Airflow_DBT/airflow/airflow_env/lib/python3.11/site-packages/airflow/example_dags/example_params_ui_tutorial.py for tasks to queue
[2026-03-11T05:17:55.094+0530] {logging_mixin.py:188} INFO - [2026-03-11T05:17:55.094+0530] {dagbag.py:540} INFO - Filling up the DagBag from /Users/aswin/Documents/data-engineering-practice/ETL_Airflow_DBT/airflow/airflow_env/lib/python3.11/site-packages/airflow/example_dags/example_params_ui_tutorial.py
[2026-03-11T05:17:55.109+0530] {processor.py:840} INFO - DAG(s) 'example_params_ui_tutorial' retrieved from /Users/aswin/Documents/data-engineering-practice/ETL_Airflow_DBT/airflow/airflow_env/lib/python3.11/site-packages/airflow/example_dags/example_params_ui_tutorial.py
[2026-03-11T05:17:55.144+0530] {logging_mixin.py:188} INFO - [2026-03-11T05:17:55.144+0530] {dag.py:3096} INFO - Sync 1 DAGs
[2026-03-11T05:17:55.147+0530] {logging_mixin.py:188} INFO - [2026-03-11T05:17:55.147+0530] {dag.py:3954} INFO - Setting next_dagrun for example_params_ui_tutorial to None, run_after=None
[2026-03-11T05:17:55.153+0530] {processor.py:183} INFO - Processing /Users/aswin/Documents/data-engineering-practice/ETL_Airflow_DBT/airflow/airflow_env/lib/python3.11/site-packages/airflow/example_dags/example_params_ui_tutorial.py took 0.061 seconds
[2026-03-11T05:19:10.460+0530] {processor.py:161} INFO - Started process (PID=33971) to work on /Users/aswin/Documents/data-engineering-practice/ETL_Airflow_DBT/airflow/airflow_env/lib/python3.11/site-packages/airflow/example_dags/example_params_ui_tutorial.py
[2026-03-11T05:19:10.461+0530] {processor.py:830} INFO - Processing file /Users/aswin/Documents/data-engineering-practice/ETL_Airflow_DBT/airflow/airflow_env/lib/python3.11/site-packages/airflow/example_dags/example_params_ui_tutorial.py for tasks to queue
[2026-03-11T05:19:10.461+0530] {logging_mixin.py:188} INFO - [2026-03-11T05:19:10.461+0530] {dagbag.py:540} INFO - Filling up the DagBag from /Users/aswin/Documents/data-engineering-practice/ETL_Airflow_DBT/airflow/airflow_env/lib/python3.11/site-packages/airflow/example_dags/example_params_ui_tutorial.py
[2026-03-11T05:19:10.476+0530] {processor.py:840} INFO - DAG(s) 'example_params_ui_tutorial' retrieved from /Users/aswin/Documents/data-engineering-practice/ETL_Airflow_DBT/airflow/airflow_env/lib/python3.11/site-packages/airflow/example_dags/example_params_ui_tutorial.py
[2026-03-11T05:19:10.512+0530] {logging_mixin.py:188} INFO - [2026-03-11T05:19:10.512+0530] {dag.py:3096} INFO - Sync 1 DAGs
[2026-03-11T05:19:10.515+0530] {logging_mixin.py:188} INFO - [2026-03-11T05:19:10.515+0530] {dag.py:3954} INFO - Setting next_dagrun for example_params_ui_tutorial to None, run_after=None
[2026-03-11T05:19:10.521+0530] {processor.py:183} INFO - Processing /Users/aswin/Documents/data-engineering-practice/ETL_Airflow_DBT/airflow/airflow_env/lib/python3.11/site-packages/airflow/example_dags/example_params_ui_tutorial.py took 0.062 seconds
[2026-03-11T05:20:42.685+0530] {processor.py:161} INFO - Started process (PID=34117) to work on /Users/aswin/Documents/data-engineering-practice/ETL_Airflow_DBT/airflow/airflow_env/lib/python3.11/site-packages/airflow/example_dags/example_params_ui_tutorial.py
[2026-03-11T05:20:42.686+0530] {processor.py:830} INFO - Processing file /Users/aswin/Documents/data-engineering-practice/ETL_Airflow_DBT/airflow/airflow_env/lib/python3.11/site-packages/airflow/example_dags/example_params_ui_tutorial.py for tasks to queue
[2026-03-11T05:20:42.686+0530] {logging_mixin.py:188} INFO - [2026-03-11T05:20:42.686+0530] {dagbag.py:540} INFO - Filling up the DagBag from /Users/aswin/Documents/data-engineering-practice/ETL_Airflow_DBT/airflow/airflow_env/lib/python3.11/site-packages/airflow/example_dags/example_params_ui_tutorial.py
[2026-03-11T05:20:42.701+0530] {processor.py:840} INFO - DAG(s) 'example_params_ui_tutorial' retrieved from /Users/aswin/Documents/data-engineering-practice/ETL_Airflow_DBT/airflow/airflow_env/lib/python3.11/site-packages/airflow/example_dags/example_params_ui_tutorial.py
[2026-03-11T05:20:42.738+0530] {logging_mixin.py:188} INFO - [2026-03-11T05:20:42.738+0530] {dag.py:3096} INFO - Sync 1 DAGs
[2026-03-11T05:20:42.741+0530] {logging_mixin.py:188} INFO - [2026-03-11T05:20:42.741+0530] {dag.py:3954} INFO - Setting next_dagrun for example_params_ui_tutorial to None, run_after=None
[2026-03-11T05:20:42.747+0530] {processor.py:183} INFO - Processing /Users/aswin/Documents/data-engineering-practice/ETL_Airflow_DBT/airflow/airflow_env/lib/python3.11/site-packages/airflow/example_dags/example_params_ui_tutorial.py took 0.063 seconds
[2026-03-11T05:22:19.035+0530] {processor.py:161} INFO - Started process (PID=34287) to work on /Users/aswin/Documents/data-engineering-practice/ETL_Airflow_DBT/airflow/airflow_env/lib/python3.11/site-packages/airflow/example_dags/example_params_ui_tutorial.py
[2026-03-11T05:22:19.035+0530] {processor.py:830} INFO - Processing file /Users/aswin/Documents/data-engineering-practice/ETL_Airflow_DBT/airflow/airflow_env/lib/python3.11/site-packages/airflow/example_dags/example_params_ui_tutorial.py for tasks to queue
[2026-03-11T05:22:19.036+0530] {logging_mixin.py:188} INFO - [2026-03-11T05:22:19.036+0530] {dagbag.py:540} INFO - Filling up the DagBag from /Users/aswin/Documents/data-engineering-practice/ETL_Airflow_DBT/airflow/airflow_env/lib/python3.11/site-packages/airflow/example_dags/example_params_ui_tutorial.py
[2026-03-11T05:22:19.051+0530] {processor.py:840} INFO - DAG(s) 'example_params_ui_tutorial' retrieved from /Users/aswin/Documents/data-engineering-practice/ETL_Airflow_DBT/airflow/airflow_env/lib/python3.11/site-packages/airflow/example_dags/example_params_ui_tutorial.py
[2026-03-11T05:22:19.091+0530] {logging_mixin.py:188} INFO - [2026-03-11T05:22:19.091+0530] {dag.py:3096} INFO - Sync 1 DAGs
[2026-03-11T05:22:19.094+0530] {logging_mixin.py:188} INFO - [2026-03-11T05:22:19.094+0530] {dag.py:3954} INFO - Setting next_dagrun for example_params_ui_tutorial to None, run_after=None
[2026-03-11T05:22:19.101+0530] {processor.py:183} INFO - Processing /Users/aswin/Documents/data-engineering-practice/ETL_Airflow_DBT/airflow/airflow_env/lib/python3.11/site-packages/airflow/example_dags/example_params_ui_tutorial.py took 0.067 seconds
[2026-03-11T05:23:53.881+0530] {processor.py:161} INFO - Started process (PID=34452) to work on /Users/aswin/Documents/data-engineering-practice/ETL_Airflow_DBT/airflow/airflow_env/lib/python3.11/site-packages/airflow/example_dags/example_params_ui_tutorial.py
[2026-03-11T05:23:53.882+0530] {processor.py:830} INFO - Processing file /Users/aswin/Documents/data-engineering-practice/ETL_Airflow_DBT/airflow/airflow_env/lib/python3.11/site-packages/airflow/example_dags/example_params_ui_tutorial.py for tasks to queue
[2026-03-11T05:23:53.882+0530] {logging_mixin.py:188} INFO - [2026-03-11T05:23:53.882+0530] {dagbag.py:540} INFO - Filling up the DagBag from /Users/aswin/Documents/data-engineering-practice/ETL_Airflow_DBT/airflow/airflow_env/lib/python3.11/site-packages/airflow/example_dags/example_params_ui_tutorial.py
[2026-03-11T05:23:53.899+0530] {processor.py:840} INFO - DAG(s) 'example_params_ui_tutorial' retrieved from /Users/aswin/Documents/data-engineering-practice/ETL_Airflow_DBT/airflow/airflow_env/lib/python3.11/site-packages/airflow/example_dags/example_params_ui_tutorial.py
[2026-03-11T05:23:53.937+0530] {logging_mixin.py:188} INFO - [2026-03-11T05:23:53.937+0530] {dag.py:3096} INFO - Sync 1 DAGs
[2026-03-11T05:23:53.940+0530] {logging_mixin.py:188} INFO - [2026-03-11T05:23:53.940+0530] {dag.py:3954} INFO - Setting next_dagrun for example_params_ui_tutorial to None, run_after=None
[2026-03-11T05:23:53.946+0530] {processor.py:183} INFO - Processing /Users/aswin/Documents/data-engineering-practice/ETL_Airflow_DBT/airflow/airflow_env/lib/python3.11/site-packages/airflow/example_dags/example_params_ui_tutorial.py took 0.065 seconds
[2026-03-11T05:25:36.282+0530] {processor.py:161} INFO - Started process (PID=34621) to work on /Users/aswin/Documents/data-engineering-practice/ETL_Airflow_DBT/airflow/airflow_env/lib/python3.11/site-packages/airflow/example_dags/example_params_ui_tutorial.py
[2026-03-11T05:25:36.283+0530] {processor.py:830} INFO - Processing file /Users/aswin/Documents/data-engineering-practice/ETL_Airflow_DBT/airflow/airflow_env/lib/python3.11/site-packages/airflow/example_dags/example_params_ui_tutorial.py for tasks to queue
[2026-03-11T05:25:36.283+0530] {logging_mixin.py:188} INFO - [2026-03-11T05:25:36.283+0530] {dagbag.py:540} INFO - Filling up the DagBag from /Users/aswin/Documents/data-engineering-practice/ETL_Airflow_DBT/airflow/airflow_env/lib/python3.11/site-packages/airflow/example_dags/example_params_ui_tutorial.py
[2026-03-11T05:25:36.298+0530] {processor.py:840} INFO - DAG(s) 'example_params_ui_tutorial' retrieved from /Users/aswin/Documents/data-engineering-practice/ETL_Airflow_DBT/airflow/airflow_env/lib/python3.11/site-packages/airflow/example_dags/example_params_ui_tutorial.py
[2026-03-11T05:25:36.337+0530] {logging_mixin.py:188} INFO - [2026-03-11T05:25:36.337+0530] {dag.py:3096} INFO - Sync 1 DAGs
[2026-03-11T05:25:36.340+0530] {logging_mixin.py:188} INFO - [2026-03-11T05:25:36.340+0530] {dag.py:3954} INFO - Setting next_dagrun for example_params_ui_tutorial to None, run_after=None
[2026-03-11T05:25:36.346+0530] {processor.py:183} INFO - Processing /Users/aswin/Documents/data-engineering-practice/ETL_Airflow_DBT/airflow/airflow_env/lib/python3.11/site-packages/airflow/example_dags/example_params_ui_tutorial.py took 0.064 seconds
[2026-03-11T05:27:12.318+0530] {processor.py:161} INFO - Started process (PID=34808) to work on /Users/aswin/Documents/data-engineering-practice/ETL_Airflow_DBT/airflow/airflow_env/lib/python3.11/site-packages/airflow/example_dags/example_params_ui_tutorial.py
[2026-03-11T05:27:12.319+0530] {processor.py:830} INFO - Processing file /Users/aswin/Documents/data-engineering-practice/ETL_Airflow_DBT/airflow/airflow_env/lib/python3.11/site-packages/airflow/example_dags/example_params_ui_tutorial.py for tasks to queue
[2026-03-11T05:27:12.319+0530] {logging_mixin.py:188} INFO - [2026-03-11T05:27:12.319+0530] {dagbag.py:540} INFO - Filling up the DagBag from /Users/aswin/Documents/data-engineering-practice/ETL_Airflow_DBT/airflow/airflow_env/lib/python3.11/site-packages/airflow/example_dags/example_params_ui_tutorial.py
[2026-03-11T05:27:12.335+0530] {processor.py:840} INFO - DAG(s) 'example_params_ui_tutorial' retrieved from /Users/aswin/Documents/data-engineering-practice/ETL_Airflow_DBT/airflow/airflow_env/lib/python3.11/site-packages/airflow/example_dags/example_params_ui_tutorial.py
[2026-03-11T05:27:12.375+0530] {logging_mixin.py:188} INFO - [2026-03-11T05:27:12.375+0530] {dag.py:3096} INFO - Sync 1 DAGs
[2026-03-11T05:27:12.379+0530] {logging_mixin.py:188} INFO - [2026-03-11T05:27:12.378+0530] {dag.py:3954} INFO - Setting next_dagrun for example_params_ui_tutorial to None, run_after=None
[2026-03-11T05:27:12.385+0530] {processor.py:183} INFO - Processing /Users/aswin/Documents/data-engineering-practice/ETL_Airflow_DBT/airflow/airflow_env/lib/python3.11/site-packages/airflow/example_dags/example_params_ui_tutorial.py took 0.068 seconds
[2026-03-11T05:28:46.536+0530] {processor.py:161} INFO - Started process (PID=34953) to work on /Users/aswin/Documents/data-engineering-practice/ETL_Airflow_DBT/airflow/airflow_env/lib/python3.11/site-packages/airflow/example_dags/example_params_ui_tutorial.py
[2026-03-11T05:28:46.536+0530] {processor.py:830} INFO - Processing file /Users/aswin/Documents/data-engineering-practice/ETL_Airflow_DBT/airflow/airflow_env/lib/python3.11/site-packages/airflow/example_dags/example_params_ui_tutorial.py for tasks to queue
[2026-03-11T05:28:46.537+0530] {logging_mixin.py:188} INFO - [2026-03-11T05:28:46.537+0530] {dagbag.py:540} INFO - Filling up the DagBag from /Users/aswin/Documents/data-engineering-practice/ETL_Airflow_DBT/airflow/airflow_env/lib/python3.11/site-packages/airflow/example_dags/example_params_ui_tutorial.py
[2026-03-11T05:28:46.551+0530] {processor.py:840} INFO - DAG(s) 'example_params_ui_tutorial' retrieved from /Users/aswin/Documents/data-engineering-practice/ETL_Airflow_DBT/airflow/airflow_env/lib/python3.11/site-packages/airflow/example_dags/example_params_ui_tutorial.py
[2026-03-11T05:28:46.587+0530] {logging_mixin.py:188} INFO - [2026-03-11T05:28:46.586+0530] {dag.py:3096} INFO - Sync 1 DAGs
[2026-03-11T05:28:46.589+0530] {logging_mixin.py:188} INFO - [2026-03-11T05:28:46.589+0530] {dag.py:3954} INFO - Setting next_dagrun for example_params_ui_tutorial to None, run_after=None
[2026-03-11T05:28:46.595+0530] {processor.py:183} INFO - Processing /Users/aswin/Documents/data-engineering-practice/ETL_Airflow_DBT/airflow/airflow_env/lib/python3.11/site-packages/airflow/example_dags/example_params_ui_tutorial.py took 0.060 seconds
