[2026-03-10T06:02:24.830+0530] {processor.py:161} INFO - Started process (PID=22100) to work on /Users/aswin/Documents/data-engineering-practice/ETL_Airflow_DBT/airflow/airflow_env/lib/python3.11/site-packages/airflow/example_dags/example_datasets.py
[2026-03-10T06:02:24.830+0530] {processor.py:830} INFO - Processing file /Users/aswin/Documents/data-engineering-practice/ETL_Airflow_DBT/airflow/airflow_env/lib/python3.11/site-packages/airflow/example_dags/example_datasets.py for tasks to queue
[2026-03-10T06:02:24.830+0530] {logging_mixin.py:188} INFO - [2026-03-10T06:02:24.830+0530] {dagbag.py:540} INFO - Filling up the DagBag from /Users/aswin/Documents/data-engineering-practice/ETL_Airflow_DBT/airflow/airflow_env/lib/python3.11/site-packages/airflow/example_dags/example_datasets.py
[2026-03-10T06:02:24.852+0530] {processor.py:840} INFO - DAG(s) 'consume_1_and_2_with_dataset_expressions', 'dataset_consumes_1_never_scheduled', 'dataset_consumes_1_and_2', 'dataset_produces_1', 'consume_1_or_2_with_dataset_expressions', 'consume_1_or_both_2_and_3_with_dataset_expressions', 'dataset_consumes_unknown_never_scheduled', 'conditional_dataset_and_time_based_timetable', 'dataset_consumes_1', 'dataset_produces_2' retrieved from /Users/aswin/Documents/data-engineering-practice/ETL_Airflow_DBT/airflow/airflow_env/lib/python3.11/site-packages/airflow/example_dags/example_datasets.py
[2026-03-10T06:02:24.888+0530] {logging_mixin.py:188} INFO - [2026-03-10T06:02:24.887+0530] {dag.py:3096} INFO - Sync 10 DAGs
[2026-03-10T06:02:24.894+0530] {logging_mixin.py:188} INFO - [2026-03-10T06:02:24.894+0530] {dag.py:3954} INFO - Setting next_dagrun for conditional_dataset_and_time_based_timetable to 2026-03-04 01:00:00+00:00, run_after=2026-03-04 01:00:00+00:00
[2026-03-10T06:02:24.895+0530] {logging_mixin.py:188} INFO - [2026-03-10T06:02:24.895+0530] {dag.py:3954} INFO - Setting next_dagrun for consume_1_and_2_with_dataset_expressions to None, run_after=None
[2026-03-10T06:02:24.895+0530] {logging_mixin.py:188} INFO - [2026-03-10T06:02:24.895+0530] {dag.py:3954} INFO - Setting next_dagrun for consume_1_or_2_with_dataset_expressions to None, run_after=None
[2026-03-10T06:02:24.895+0530] {logging_mixin.py:188} INFO - [2026-03-10T06:02:24.895+0530] {dag.py:3954} INFO - Setting next_dagrun for consume_1_or_both_2_and_3_with_dataset_expressions to None, run_after=None
[2026-03-10T06:02:24.896+0530] {logging_mixin.py:188} INFO - [2026-03-10T06:02:24.896+0530] {dag.py:3954} INFO - Setting next_dagrun for dataset_consumes_1 to None, run_after=None
[2026-03-10T06:02:24.896+0530] {logging_mixin.py:188} INFO - [2026-03-10T06:02:24.896+0530] {dag.py:3954} INFO - Setting next_dagrun for dataset_consumes_1_and_2 to None, run_after=None
[2026-03-10T06:02:24.896+0530] {logging_mixin.py:188} INFO - [2026-03-10T06:02:24.896+0530] {dag.py:3954} INFO - Setting next_dagrun for dataset_consumes_1_never_scheduled to None, run_after=None
[2026-03-10T06:02:24.896+0530] {logging_mixin.py:188} INFO - [2026-03-10T06:02:24.896+0530] {dag.py:3954} INFO - Setting next_dagrun for dataset_consumes_unknown_never_scheduled to None, run_after=None
[2026-03-10T06:02:24.897+0530] {logging_mixin.py:188} INFO - [2026-03-10T06:02:24.897+0530] {dag.py:3954} INFO - Setting next_dagrun for dataset_produces_1 to 2026-03-09 00:00:00+00:00, run_after=2026-03-10 00:00:00+00:00
[2026-03-10T06:02:24.897+0530] {logging_mixin.py:188} INFO - [2026-03-10T06:02:24.897+0530] {dag.py:3954} INFO - Setting next_dagrun for dataset_produces_2 to None, run_after=None
[2026-03-10T06:02:24.906+0530] {processor.py:183} INFO - Processing /Users/aswin/Documents/data-engineering-practice/ETL_Airflow_DBT/airflow/airflow_env/lib/python3.11/site-packages/airflow/example_dags/example_datasets.py took 0.077 seconds
[2026-03-10T06:03:59.131+0530] {processor.py:161} INFO - Started process (PID=22175) to work on /Users/aswin/Documents/data-engineering-practice/ETL_Airflow_DBT/airflow/airflow_env/lib/python3.11/site-packages/airflow/example_dags/example_datasets.py
[2026-03-10T06:03:59.132+0530] {processor.py:830} INFO - Processing file /Users/aswin/Documents/data-engineering-practice/ETL_Airflow_DBT/airflow/airflow_env/lib/python3.11/site-packages/airflow/example_dags/example_datasets.py for tasks to queue
[2026-03-10T06:03:59.133+0530] {logging_mixin.py:188} INFO - [2026-03-10T06:03:59.133+0530] {dagbag.py:540} INFO - Filling up the DagBag from /Users/aswin/Documents/data-engineering-practice/ETL_Airflow_DBT/airflow/airflow_env/lib/python3.11/site-packages/airflow/example_dags/example_datasets.py
[2026-03-10T06:03:59.151+0530] {processor.py:840} INFO - DAG(s) 'consume_1_or_2_with_dataset_expressions', 'dataset_produces_2', 'dataset_consumes_1', 'dataset_produces_1', 'consume_1_or_both_2_and_3_with_dataset_expressions', 'conditional_dataset_and_time_based_timetable', 'dataset_consumes_unknown_never_scheduled', 'dataset_consumes_1_never_scheduled', 'consume_1_and_2_with_dataset_expressions', 'dataset_consumes_1_and_2' retrieved from /Users/aswin/Documents/data-engineering-practice/ETL_Airflow_DBT/airflow/airflow_env/lib/python3.11/site-packages/airflow/example_dags/example_datasets.py
[2026-03-10T06:03:59.190+0530] {logging_mixin.py:188} INFO - [2026-03-10T06:03:59.190+0530] {dag.py:3096} INFO - Sync 10 DAGs
[2026-03-10T06:03:59.197+0530] {logging_mixin.py:188} INFO - [2026-03-10T06:03:59.197+0530] {dag.py:3954} INFO - Setting next_dagrun for conditional_dataset_and_time_based_timetable to 2026-03-04 01:00:00+00:00, run_after=2026-03-04 01:00:00+00:00
[2026-03-10T06:03:59.198+0530] {logging_mixin.py:188} INFO - [2026-03-10T06:03:59.198+0530] {dag.py:3954} INFO - Setting next_dagrun for consume_1_and_2_with_dataset_expressions to None, run_after=None
[2026-03-10T06:03:59.198+0530] {logging_mixin.py:188} INFO - [2026-03-10T06:03:59.198+0530] {dag.py:3954} INFO - Setting next_dagrun for consume_1_or_2_with_dataset_expressions to None, run_after=None
[2026-03-10T06:03:59.198+0530] {logging_mixin.py:188} INFO - [2026-03-10T06:03:59.198+0530] {dag.py:3954} INFO - Setting next_dagrun for consume_1_or_both_2_and_3_with_dataset_expressions to None, run_after=None
[2026-03-10T06:03:59.199+0530] {logging_mixin.py:188} INFO - [2026-03-10T06:03:59.199+0530] {dag.py:3954} INFO - Setting next_dagrun for dataset_consumes_1 to None, run_after=None
[2026-03-10T06:03:59.199+0530] {logging_mixin.py:188} INFO - [2026-03-10T06:03:59.199+0530] {dag.py:3954} INFO - Setting next_dagrun for dataset_consumes_1_and_2 to None, run_after=None
[2026-03-10T06:03:59.199+0530] {logging_mixin.py:188} INFO - [2026-03-10T06:03:59.199+0530] {dag.py:3954} INFO - Setting next_dagrun for dataset_consumes_1_never_scheduled to None, run_after=None
[2026-03-10T06:03:59.199+0530] {logging_mixin.py:188} INFO - [2026-03-10T06:03:59.199+0530] {dag.py:3954} INFO - Setting next_dagrun for dataset_consumes_unknown_never_scheduled to None, run_after=None
[2026-03-10T06:03:59.200+0530] {logging_mixin.py:188} INFO - [2026-03-10T06:03:59.200+0530] {dag.py:3954} INFO - Setting next_dagrun for dataset_produces_1 to 2026-03-09 00:00:00+00:00, run_after=2026-03-10 00:00:00+00:00
[2026-03-10T06:03:59.200+0530] {logging_mixin.py:188} INFO - [2026-03-10T06:03:59.200+0530] {dag.py:3954} INFO - Setting next_dagrun for dataset_produces_2 to None, run_after=None
[2026-03-10T06:03:59.209+0530] {processor.py:183} INFO - Processing /Users/aswin/Documents/data-engineering-practice/ETL_Airflow_DBT/airflow/airflow_env/lib/python3.11/site-packages/airflow/example_dags/example_datasets.py took 0.079 seconds
[2026-03-10T06:05:34.319+0530] {processor.py:161} INFO - Started process (PID=22254) to work on /Users/aswin/Documents/data-engineering-practice/ETL_Airflow_DBT/airflow/airflow_env/lib/python3.11/site-packages/airflow/example_dags/example_datasets.py
[2026-03-10T06:05:34.319+0530] {processor.py:830} INFO - Processing file /Users/aswin/Documents/data-engineering-practice/ETL_Airflow_DBT/airflow/airflow_env/lib/python3.11/site-packages/airflow/example_dags/example_datasets.py for tasks to queue
[2026-03-10T06:05:34.320+0530] {logging_mixin.py:188} INFO - [2026-03-10T06:05:34.320+0530] {dagbag.py:540} INFO - Filling up the DagBag from /Users/aswin/Documents/data-engineering-practice/ETL_Airflow_DBT/airflow/airflow_env/lib/python3.11/site-packages/airflow/example_dags/example_datasets.py
[2026-03-10T06:05:34.342+0530] {processor.py:840} INFO - DAG(s) 'dataset_consumes_1_never_scheduled', 'consume_1_or_both_2_and_3_with_dataset_expressions', 'conditional_dataset_and_time_based_timetable', 'consume_1_or_2_with_dataset_expressions', 'dataset_produces_2', 'dataset_produces_1', 'consume_1_and_2_with_dataset_expressions', 'dataset_consumes_1', 'dataset_consumes_unknown_never_scheduled', 'dataset_consumes_1_and_2' retrieved from /Users/aswin/Documents/data-engineering-practice/ETL_Airflow_DBT/airflow/airflow_env/lib/python3.11/site-packages/airflow/example_dags/example_datasets.py
[2026-03-10T06:05:34.379+0530] {logging_mixin.py:188} INFO - [2026-03-10T06:05:34.379+0530] {dag.py:3096} INFO - Sync 10 DAGs
[2026-03-10T06:05:34.386+0530] {logging_mixin.py:188} INFO - [2026-03-10T06:05:34.386+0530] {dag.py:3954} INFO - Setting next_dagrun for conditional_dataset_and_time_based_timetable to 2026-03-04 01:00:00+00:00, run_after=2026-03-04 01:00:00+00:00
[2026-03-10T06:05:34.387+0530] {logging_mixin.py:188} INFO - [2026-03-10T06:05:34.387+0530] {dag.py:3954} INFO - Setting next_dagrun for consume_1_and_2_with_dataset_expressions to None, run_after=None
[2026-03-10T06:05:34.387+0530] {logging_mixin.py:188} INFO - [2026-03-10T06:05:34.387+0530] {dag.py:3954} INFO - Setting next_dagrun for consume_1_or_2_with_dataset_expressions to None, run_after=None
[2026-03-10T06:05:34.388+0530] {logging_mixin.py:188} INFO - [2026-03-10T06:05:34.388+0530] {dag.py:3954} INFO - Setting next_dagrun for consume_1_or_both_2_and_3_with_dataset_expressions to None, run_after=None
[2026-03-10T06:05:34.388+0530] {logging_mixin.py:188} INFO - [2026-03-10T06:05:34.388+0530] {dag.py:3954} INFO - Setting next_dagrun for dataset_consumes_1 to None, run_after=None
[2026-03-10T06:05:34.388+0530] {logging_mixin.py:188} INFO - [2026-03-10T06:05:34.388+0530] {dag.py:3954} INFO - Setting next_dagrun for dataset_consumes_1_and_2 to None, run_after=None
[2026-03-10T06:05:34.388+0530] {logging_mixin.py:188} INFO - [2026-03-10T06:05:34.388+0530] {dag.py:3954} INFO - Setting next_dagrun for dataset_consumes_1_never_scheduled to None, run_after=None
[2026-03-10T06:05:34.389+0530] {logging_mixin.py:188} INFO - [2026-03-10T06:05:34.389+0530] {dag.py:3954} INFO - Setting next_dagrun for dataset_consumes_unknown_never_scheduled to None, run_after=None
[2026-03-10T06:05:34.390+0530] {logging_mixin.py:188} INFO - [2026-03-10T06:05:34.390+0530] {dag.py:3954} INFO - Setting next_dagrun for dataset_produces_1 to 2026-03-09 00:00:00+00:00, run_after=2026-03-10 00:00:00+00:00
[2026-03-10T06:05:34.390+0530] {logging_mixin.py:188} INFO - [2026-03-10T06:05:34.390+0530] {dag.py:3954} INFO - Setting next_dagrun for dataset_produces_2 to None, run_after=None
[2026-03-10T06:05:34.400+0530] {processor.py:183} INFO - Processing /Users/aswin/Documents/data-engineering-practice/ETL_Airflow_DBT/airflow/airflow_env/lib/python3.11/site-packages/airflow/example_dags/example_datasets.py took 0.082 seconds
[2026-03-10T06:07:07.081+0530] {processor.py:161} INFO - Started process (PID=22346) to work on /Users/aswin/Documents/data-engineering-practice/ETL_Airflow_DBT/airflow/airflow_env/lib/python3.11/site-packages/airflow/example_dags/example_datasets.py
[2026-03-10T06:07:07.082+0530] {processor.py:830} INFO - Processing file /Users/aswin/Documents/data-engineering-practice/ETL_Airflow_DBT/airflow/airflow_env/lib/python3.11/site-packages/airflow/example_dags/example_datasets.py for tasks to queue
[2026-03-10T06:07:07.082+0530] {logging_mixin.py:188} INFO - [2026-03-10T06:07:07.082+0530] {dagbag.py:540} INFO - Filling up the DagBag from /Users/aswin/Documents/data-engineering-practice/ETL_Airflow_DBT/airflow/airflow_env/lib/python3.11/site-packages/airflow/example_dags/example_datasets.py
[2026-03-10T06:07:07.104+0530] {processor.py:840} INFO - DAG(s) 'dataset_consumes_1_never_scheduled', 'dataset_consumes_1', 'consume_1_or_2_with_dataset_expressions', 'dataset_produces_1', 'conditional_dataset_and_time_based_timetable', 'dataset_consumes_unknown_never_scheduled', 'consume_1_and_2_with_dataset_expressions', 'dataset_produces_2', 'dataset_consumes_1_and_2', 'consume_1_or_both_2_and_3_with_dataset_expressions' retrieved from /Users/aswin/Documents/data-engineering-practice/ETL_Airflow_DBT/airflow/airflow_env/lib/python3.11/site-packages/airflow/example_dags/example_datasets.py
[2026-03-10T06:07:07.140+0530] {logging_mixin.py:188} INFO - [2026-03-10T06:07:07.140+0530] {dag.py:3096} INFO - Sync 10 DAGs
[2026-03-10T06:07:07.146+0530] {logging_mixin.py:188} INFO - [2026-03-10T06:07:07.146+0530] {dag.py:3954} INFO - Setting next_dagrun for conditional_dataset_and_time_based_timetable to 2026-03-04 01:00:00+00:00, run_after=2026-03-04 01:00:00+00:00
[2026-03-10T06:07:07.147+0530] {logging_mixin.py:188} INFO - [2026-03-10T06:07:07.147+0530] {dag.py:3954} INFO - Setting next_dagrun for consume_1_and_2_with_dataset_expressions to None, run_after=None
[2026-03-10T06:07:07.147+0530] {logging_mixin.py:188} INFO - [2026-03-10T06:07:07.147+0530] {dag.py:3954} INFO - Setting next_dagrun for consume_1_or_2_with_dataset_expressions to None, run_after=None
[2026-03-10T06:07:07.148+0530] {logging_mixin.py:188} INFO - [2026-03-10T06:07:07.148+0530] {dag.py:3954} INFO - Setting next_dagrun for consume_1_or_both_2_and_3_with_dataset_expressions to None, run_after=None
[2026-03-10T06:07:07.148+0530] {logging_mixin.py:188} INFO - [2026-03-10T06:07:07.148+0530] {dag.py:3954} INFO - Setting next_dagrun for dataset_consumes_1 to None, run_after=None
[2026-03-10T06:07:07.148+0530] {logging_mixin.py:188} INFO - [2026-03-10T06:07:07.148+0530] {dag.py:3954} INFO - Setting next_dagrun for dataset_consumes_1_and_2 to None, run_after=None
[2026-03-10T06:07:07.148+0530] {logging_mixin.py:188} INFO - [2026-03-10T06:07:07.148+0530] {dag.py:3954} INFO - Setting next_dagrun for dataset_consumes_1_never_scheduled to None, run_after=None
[2026-03-10T06:07:07.149+0530] {logging_mixin.py:188} INFO - [2026-03-10T06:07:07.149+0530] {dag.py:3954} INFO - Setting next_dagrun for dataset_consumes_unknown_never_scheduled to None, run_after=None
[2026-03-10T06:07:07.149+0530] {logging_mixin.py:188} INFO - [2026-03-10T06:07:07.149+0530] {dag.py:3954} INFO - Setting next_dagrun for dataset_produces_1 to 2026-03-09 00:00:00+00:00, run_after=2026-03-10 00:00:00+00:00
[2026-03-10T06:07:07.149+0530] {logging_mixin.py:188} INFO - [2026-03-10T06:07:07.149+0530] {dag.py:3954} INFO - Setting next_dagrun for dataset_produces_2 to None, run_after=None
[2026-03-10T06:07:07.157+0530] {processor.py:183} INFO - Processing /Users/aswin/Documents/data-engineering-practice/ETL_Airflow_DBT/airflow/airflow_env/lib/python3.11/site-packages/airflow/example_dags/example_datasets.py took 0.077 seconds
[2026-03-10T06:08:41.492+0530] {processor.py:161} INFO - Started process (PID=22452) to work on /Users/aswin/Documents/data-engineering-practice/ETL_Airflow_DBT/airflow/airflow_env/lib/python3.11/site-packages/airflow/example_dags/example_datasets.py
[2026-03-10T06:08:41.493+0530] {processor.py:830} INFO - Processing file /Users/aswin/Documents/data-engineering-practice/ETL_Airflow_DBT/airflow/airflow_env/lib/python3.11/site-packages/airflow/example_dags/example_datasets.py for tasks to queue
[2026-03-10T06:08:41.493+0530] {logging_mixin.py:188} INFO - [2026-03-10T06:08:41.493+0530] {dagbag.py:540} INFO - Filling up the DagBag from /Users/aswin/Documents/data-engineering-practice/ETL_Airflow_DBT/airflow/airflow_env/lib/python3.11/site-packages/airflow/example_dags/example_datasets.py
[2026-03-10T06:08:41.513+0530] {processor.py:840} INFO - DAG(s) 'consume_1_and_2_with_dataset_expressions', 'dataset_consumes_1_never_scheduled', 'consume_1_or_both_2_and_3_with_dataset_expressions', 'dataset_consumes_1_and_2', 'dataset_consumes_1', 'consume_1_or_2_with_dataset_expressions', 'conditional_dataset_and_time_based_timetable', 'dataset_consumes_unknown_never_scheduled', 'dataset_produces_2', 'dataset_produces_1' retrieved from /Users/aswin/Documents/data-engineering-practice/ETL_Airflow_DBT/airflow/airflow_env/lib/python3.11/site-packages/airflow/example_dags/example_datasets.py
[2026-03-10T06:08:41.552+0530] {logging_mixin.py:188} INFO - [2026-03-10T06:08:41.551+0530] {dag.py:3096} INFO - Sync 10 DAGs
[2026-03-10T06:08:41.558+0530] {logging_mixin.py:188} INFO - [2026-03-10T06:08:41.558+0530] {dag.py:3954} INFO - Setting next_dagrun for conditional_dataset_and_time_based_timetable to 2026-03-04 01:00:00+00:00, run_after=2026-03-04 01:00:00+00:00
[2026-03-10T06:08:41.559+0530] {logging_mixin.py:188} INFO - [2026-03-10T06:08:41.559+0530] {dag.py:3954} INFO - Setting next_dagrun for consume_1_and_2_with_dataset_expressions to None, run_after=None
[2026-03-10T06:08:41.560+0530] {logging_mixin.py:188} INFO - [2026-03-10T06:08:41.560+0530] {dag.py:3954} INFO - Setting next_dagrun for consume_1_or_2_with_dataset_expressions to None, run_after=None
[2026-03-10T06:08:41.560+0530] {logging_mixin.py:188} INFO - [2026-03-10T06:08:41.560+0530] {dag.py:3954} INFO - Setting next_dagrun for consume_1_or_both_2_and_3_with_dataset_expressions to None, run_after=None
[2026-03-10T06:08:41.560+0530] {logging_mixin.py:188} INFO - [2026-03-10T06:08:41.560+0530] {dag.py:3954} INFO - Setting next_dagrun for dataset_consumes_1 to None, run_after=None
[2026-03-10T06:08:41.560+0530] {logging_mixin.py:188} INFO - [2026-03-10T06:08:41.560+0530] {dag.py:3954} INFO - Setting next_dagrun for dataset_consumes_1_and_2 to None, run_after=None
[2026-03-10T06:08:41.561+0530] {logging_mixin.py:188} INFO - [2026-03-10T06:08:41.561+0530] {dag.py:3954} INFO - Setting next_dagrun for dataset_consumes_1_never_scheduled to None, run_after=None
[2026-03-10T06:08:41.561+0530] {logging_mixin.py:188} INFO - [2026-03-10T06:08:41.561+0530] {dag.py:3954} INFO - Setting next_dagrun for dataset_consumes_unknown_never_scheduled to None, run_after=None
[2026-03-10T06:08:41.561+0530] {logging_mixin.py:188} INFO - [2026-03-10T06:08:41.561+0530] {dag.py:3954} INFO - Setting next_dagrun for dataset_produces_1 to 2026-03-09 00:00:00+00:00, run_after=2026-03-10 00:00:00+00:00
[2026-03-10T06:08:41.562+0530] {logging_mixin.py:188} INFO - [2026-03-10T06:08:41.562+0530] {dag.py:3954} INFO - Setting next_dagrun for dataset_produces_2 to None, run_after=None
[2026-03-10T06:08:41.570+0530] {processor.py:183} INFO - Processing /Users/aswin/Documents/data-engineering-practice/ETL_Airflow_DBT/airflow/airflow_env/lib/python3.11/site-packages/airflow/example_dags/example_datasets.py took 0.079 seconds
[2026-03-10T06:10:16.562+0530] {processor.py:161} INFO - Started process (PID=22531) to work on /Users/aswin/Documents/data-engineering-practice/ETL_Airflow_DBT/airflow/airflow_env/lib/python3.11/site-packages/airflow/example_dags/example_datasets.py
[2026-03-10T06:10:16.563+0530] {processor.py:830} INFO - Processing file /Users/aswin/Documents/data-engineering-practice/ETL_Airflow_DBT/airflow/airflow_env/lib/python3.11/site-packages/airflow/example_dags/example_datasets.py for tasks to queue
[2026-03-10T06:10:16.563+0530] {logging_mixin.py:188} INFO - [2026-03-10T06:10:16.563+0530] {dagbag.py:540} INFO - Filling up the DagBag from /Users/aswin/Documents/data-engineering-practice/ETL_Airflow_DBT/airflow/airflow_env/lib/python3.11/site-packages/airflow/example_dags/example_datasets.py
[2026-03-10T06:10:16.585+0530] {processor.py:840} INFO - DAG(s) 'consume_1_or_2_with_dataset_expressions', 'consume_1_or_both_2_and_3_with_dataset_expressions', 'dataset_consumes_unknown_never_scheduled', 'consume_1_and_2_with_dataset_expressions', 'dataset_produces_1', 'dataset_produces_2', 'dataset_consumes_1_never_scheduled', 'dataset_consumes_1_and_2', 'dataset_consumes_1', 'conditional_dataset_and_time_based_timetable' retrieved from /Users/aswin/Documents/data-engineering-practice/ETL_Airflow_DBT/airflow/airflow_env/lib/python3.11/site-packages/airflow/example_dags/example_datasets.py
[2026-03-10T06:10:16.624+0530] {logging_mixin.py:188} INFO - [2026-03-10T06:10:16.624+0530] {dag.py:3096} INFO - Sync 10 DAGs
[2026-03-10T06:10:16.632+0530] {logging_mixin.py:188} INFO - [2026-03-10T06:10:16.632+0530] {dag.py:3954} INFO - Setting next_dagrun for conditional_dataset_and_time_based_timetable to 2026-03-04 01:00:00+00:00, run_after=2026-03-04 01:00:00+00:00
[2026-03-10T06:10:16.633+0530] {logging_mixin.py:188} INFO - [2026-03-10T06:10:16.633+0530] {dag.py:3954} INFO - Setting next_dagrun for consume_1_and_2_with_dataset_expressions to None, run_after=None
[2026-03-10T06:10:16.633+0530] {logging_mixin.py:188} INFO - [2026-03-10T06:10:16.633+0530] {dag.py:3954} INFO - Setting next_dagrun for consume_1_or_2_with_dataset_expressions to None, run_after=None
[2026-03-10T06:10:16.633+0530] {logging_mixin.py:188} INFO - [2026-03-10T06:10:16.633+0530] {dag.py:3954} INFO - Setting next_dagrun for consume_1_or_both_2_and_3_with_dataset_expressions to None, run_after=None
[2026-03-10T06:10:16.633+0530] {logging_mixin.py:188} INFO - [2026-03-10T06:10:16.633+0530] {dag.py:3954} INFO - Setting next_dagrun for dataset_consumes_1 to None, run_after=None
[2026-03-10T06:10:16.634+0530] {logging_mixin.py:188} INFO - [2026-03-10T06:10:16.634+0530] {dag.py:3954} INFO - Setting next_dagrun for dataset_consumes_1_and_2 to None, run_after=None
[2026-03-10T06:10:16.634+0530] {logging_mixin.py:188} INFO - [2026-03-10T06:10:16.634+0530] {dag.py:3954} INFO - Setting next_dagrun for dataset_consumes_1_never_scheduled to None, run_after=None
[2026-03-10T06:10:16.634+0530] {logging_mixin.py:188} INFO - [2026-03-10T06:10:16.634+0530] {dag.py:3954} INFO - Setting next_dagrun for dataset_consumes_unknown_never_scheduled to None, run_after=None
[2026-03-10T06:10:16.635+0530] {logging_mixin.py:188} INFO - [2026-03-10T06:10:16.635+0530] {dag.py:3954} INFO - Setting next_dagrun for dataset_produces_1 to 2026-03-09 00:00:00+00:00, run_after=2026-03-10 00:00:00+00:00
[2026-03-10T06:10:16.635+0530] {logging_mixin.py:188} INFO - [2026-03-10T06:10:16.635+0530] {dag.py:3954} INFO - Setting next_dagrun for dataset_produces_2 to None, run_after=None
[2026-03-10T06:10:16.644+0530] {processor.py:183} INFO - Processing /Users/aswin/Documents/data-engineering-practice/ETL_Airflow_DBT/airflow/airflow_env/lib/python3.11/site-packages/airflow/example_dags/example_datasets.py took 0.082 seconds
[2026-03-10T06:11:53.349+0530] {processor.py:161} INFO - Started process (PID=22608) to work on /Users/aswin/Documents/data-engineering-practice/ETL_Airflow_DBT/airflow/airflow_env/lib/python3.11/site-packages/airflow/example_dags/example_datasets.py
[2026-03-10T06:11:53.350+0530] {processor.py:830} INFO - Processing file /Users/aswin/Documents/data-engineering-practice/ETL_Airflow_DBT/airflow/airflow_env/lib/python3.11/site-packages/airflow/example_dags/example_datasets.py for tasks to queue
[2026-03-10T06:11:53.350+0530] {logging_mixin.py:188} INFO - [2026-03-10T06:11:53.350+0530] {dagbag.py:540} INFO - Filling up the DagBag from /Users/aswin/Documents/data-engineering-practice/ETL_Airflow_DBT/airflow/airflow_env/lib/python3.11/site-packages/airflow/example_dags/example_datasets.py
[2026-03-10T06:11:53.372+0530] {processor.py:840} INFO - DAG(s) 'dataset_consumes_1_and_2', 'dataset_consumes_1_never_scheduled', 'dataset_consumes_1', 'dataset_produces_1', 'consume_1_or_both_2_and_3_with_dataset_expressions', 'consume_1_or_2_with_dataset_expressions', 'conditional_dataset_and_time_based_timetable', 'consume_1_and_2_with_dataset_expressions', 'dataset_consumes_unknown_never_scheduled', 'dataset_produces_2' retrieved from /Users/aswin/Documents/data-engineering-practice/ETL_Airflow_DBT/airflow/airflow_env/lib/python3.11/site-packages/airflow/example_dags/example_datasets.py
[2026-03-10T06:11:53.407+0530] {logging_mixin.py:188} INFO - [2026-03-10T06:11:53.407+0530] {dag.py:3096} INFO - Sync 10 DAGs
[2026-03-10T06:11:53.413+0530] {logging_mixin.py:188} INFO - [2026-03-10T06:11:53.413+0530] {dag.py:3954} INFO - Setting next_dagrun for conditional_dataset_and_time_based_timetable to 2026-03-04 01:00:00+00:00, run_after=2026-03-04 01:00:00+00:00
[2026-03-10T06:11:53.414+0530] {logging_mixin.py:188} INFO - [2026-03-10T06:11:53.414+0530] {dag.py:3954} INFO - Setting next_dagrun for consume_1_and_2_with_dataset_expressions to None, run_after=None
[2026-03-10T06:11:53.415+0530] {logging_mixin.py:188} INFO - [2026-03-10T06:11:53.415+0530] {dag.py:3954} INFO - Setting next_dagrun for consume_1_or_2_with_dataset_expressions to None, run_after=None
[2026-03-10T06:11:53.415+0530] {logging_mixin.py:188} INFO - [2026-03-10T06:11:53.415+0530] {dag.py:3954} INFO - Setting next_dagrun for consume_1_or_both_2_and_3_with_dataset_expressions to None, run_after=None
[2026-03-10T06:11:53.415+0530] {logging_mixin.py:188} INFO - [2026-03-10T06:11:53.415+0530] {dag.py:3954} INFO - Setting next_dagrun for dataset_consumes_1 to None, run_after=None
[2026-03-10T06:11:53.415+0530] {logging_mixin.py:188} INFO - [2026-03-10T06:11:53.415+0530] {dag.py:3954} INFO - Setting next_dagrun for dataset_consumes_1_and_2 to None, run_after=None
[2026-03-10T06:11:53.416+0530] {logging_mixin.py:188} INFO - [2026-03-10T06:11:53.416+0530] {dag.py:3954} INFO - Setting next_dagrun for dataset_consumes_1_never_scheduled to None, run_after=None
[2026-03-10T06:11:53.416+0530] {logging_mixin.py:188} INFO - [2026-03-10T06:11:53.416+0530] {dag.py:3954} INFO - Setting next_dagrun for dataset_consumes_unknown_never_scheduled to None, run_after=None
[2026-03-10T06:11:53.416+0530] {logging_mixin.py:188} INFO - [2026-03-10T06:11:53.416+0530] {dag.py:3954} INFO - Setting next_dagrun for dataset_produces_1 to 2026-03-09 00:00:00+00:00, run_after=2026-03-10 00:00:00+00:00
[2026-03-10T06:11:53.417+0530] {logging_mixin.py:188} INFO - [2026-03-10T06:11:53.417+0530] {dag.py:3954} INFO - Setting next_dagrun for dataset_produces_2 to None, run_after=None
[2026-03-10T06:11:53.425+0530] {processor.py:183} INFO - Processing /Users/aswin/Documents/data-engineering-practice/ETL_Airflow_DBT/airflow/airflow_env/lib/python3.11/site-packages/airflow/example_dags/example_datasets.py took 0.077 seconds
[2026-03-10T06:13:28.055+0530] {processor.py:161} INFO - Started process (PID=22680) to work on /Users/aswin/Documents/data-engineering-practice/ETL_Airflow_DBT/airflow/airflow_env/lib/python3.11/site-packages/airflow/example_dags/example_datasets.py
[2026-03-10T06:13:28.056+0530] {processor.py:830} INFO - Processing file /Users/aswin/Documents/data-engineering-practice/ETL_Airflow_DBT/airflow/airflow_env/lib/python3.11/site-packages/airflow/example_dags/example_datasets.py for tasks to queue
[2026-03-10T06:13:28.056+0530] {logging_mixin.py:188} INFO - [2026-03-10T06:13:28.056+0530] {dagbag.py:540} INFO - Filling up the DagBag from /Users/aswin/Documents/data-engineering-practice/ETL_Airflow_DBT/airflow/airflow_env/lib/python3.11/site-packages/airflow/example_dags/example_datasets.py
[2026-03-10T06:13:28.077+0530] {processor.py:840} INFO - DAG(s) 'consume_1_or_both_2_and_3_with_dataset_expressions', 'dataset_consumes_1_never_scheduled', 'dataset_produces_2', 'consume_1_and_2_with_dataset_expressions', 'conditional_dataset_and_time_based_timetable', 'dataset_consumes_unknown_never_scheduled', 'dataset_consumes_1', 'dataset_produces_1', 'dataset_consumes_1_and_2', 'consume_1_or_2_with_dataset_expressions' retrieved from /Users/aswin/Documents/data-engineering-practice/ETL_Airflow_DBT/airflow/airflow_env/lib/python3.11/site-packages/airflow/example_dags/example_datasets.py
[2026-03-10T06:13:28.115+0530] {logging_mixin.py:188} INFO - [2026-03-10T06:13:28.115+0530] {dag.py:3096} INFO - Sync 10 DAGs
[2026-03-10T06:13:28.122+0530] {logging_mixin.py:188} INFO - [2026-03-10T06:13:28.122+0530] {dag.py:3954} INFO - Setting next_dagrun for conditional_dataset_and_time_based_timetable to 2026-03-04 01:00:00+00:00, run_after=2026-03-04 01:00:00+00:00
[2026-03-10T06:13:28.123+0530] {logging_mixin.py:188} INFO - [2026-03-10T06:13:28.123+0530] {dag.py:3954} INFO - Setting next_dagrun for consume_1_and_2_with_dataset_expressions to None, run_after=None
[2026-03-10T06:13:28.123+0530] {logging_mixin.py:188} INFO - [2026-03-10T06:13:28.123+0530] {dag.py:3954} INFO - Setting next_dagrun for consume_1_or_2_with_dataset_expressions to None, run_after=None
[2026-03-10T06:13:28.123+0530] {logging_mixin.py:188} INFO - [2026-03-10T06:13:28.123+0530] {dag.py:3954} INFO - Setting next_dagrun for consume_1_or_both_2_and_3_with_dataset_expressions to None, run_after=None
[2026-03-10T06:13:28.123+0530] {logging_mixin.py:188} INFO - [2026-03-10T06:13:28.123+0530] {dag.py:3954} INFO - Setting next_dagrun for dataset_consumes_1 to None, run_after=None
[2026-03-10T06:13:28.124+0530] {logging_mixin.py:188} INFO - [2026-03-10T06:13:28.124+0530] {dag.py:3954} INFO - Setting next_dagrun for dataset_consumes_1_and_2 to None, run_after=None
[2026-03-10T06:13:28.124+0530] {logging_mixin.py:188} INFO - [2026-03-10T06:13:28.124+0530] {dag.py:3954} INFO - Setting next_dagrun for dataset_consumes_1_never_scheduled to None, run_after=None
[2026-03-10T06:13:28.124+0530] {logging_mixin.py:188} INFO - [2026-03-10T06:13:28.124+0530] {dag.py:3954} INFO - Setting next_dagrun for dataset_consumes_unknown_never_scheduled to None, run_after=None
[2026-03-10T06:13:28.125+0530] {logging_mixin.py:188} INFO - [2026-03-10T06:13:28.125+0530] {dag.py:3954} INFO - Setting next_dagrun for dataset_produces_1 to 2026-03-09 00:00:00+00:00, run_after=2026-03-10 00:00:00+00:00
[2026-03-10T06:13:28.125+0530] {logging_mixin.py:188} INFO - [2026-03-10T06:13:28.125+0530] {dag.py:3954} INFO - Setting next_dagrun for dataset_produces_2 to None, run_after=None
[2026-03-10T06:13:28.133+0530] {processor.py:183} INFO - Processing /Users/aswin/Documents/data-engineering-practice/ETL_Airflow_DBT/airflow/airflow_env/lib/python3.11/site-packages/airflow/example_dags/example_datasets.py took 0.079 seconds
[2026-03-10T06:15:00.494+0530] {processor.py:161} INFO - Started process (PID=22808) to work on /Users/aswin/Documents/data-engineering-practice/ETL_Airflow_DBT/airflow/airflow_env/lib/python3.11/site-packages/airflow/example_dags/example_datasets.py
[2026-03-10T06:15:00.495+0530] {processor.py:830} INFO - Processing file /Users/aswin/Documents/data-engineering-practice/ETL_Airflow_DBT/airflow/airflow_env/lib/python3.11/site-packages/airflow/example_dags/example_datasets.py for tasks to queue
[2026-03-10T06:15:00.495+0530] {logging_mixin.py:188} INFO - [2026-03-10T06:15:00.495+0530] {dagbag.py:540} INFO - Filling up the DagBag from /Users/aswin/Documents/data-engineering-practice/ETL_Airflow_DBT/airflow/airflow_env/lib/python3.11/site-packages/airflow/example_dags/example_datasets.py
[2026-03-10T06:15:00.516+0530] {processor.py:840} INFO - DAG(s) 'dataset_produces_1', 'dataset_consumes_unknown_never_scheduled', 'dataset_consumes_1', 'dataset_produces_2', 'consume_1_or_2_with_dataset_expressions', 'consume_1_or_both_2_and_3_with_dataset_expressions', 'conditional_dataset_and_time_based_timetable', 'consume_1_and_2_with_dataset_expressions', 'dataset_consumes_1_never_scheduled', 'dataset_consumes_1_and_2' retrieved from /Users/aswin/Documents/data-engineering-practice/ETL_Airflow_DBT/airflow/airflow_env/lib/python3.11/site-packages/airflow/example_dags/example_datasets.py
[2026-03-10T06:15:00.552+0530] {logging_mixin.py:188} INFO - [2026-03-10T06:15:00.552+0530] {dag.py:3096} INFO - Sync 10 DAGs
[2026-03-10T06:15:00.559+0530] {logging_mixin.py:188} INFO - [2026-03-10T06:15:00.558+0530] {dag.py:3954} INFO - Setting next_dagrun for conditional_dataset_and_time_based_timetable to 2026-03-04 01:00:00+00:00, run_after=2026-03-04 01:00:00+00:00
[2026-03-10T06:15:00.559+0530] {logging_mixin.py:188} INFO - [2026-03-10T06:15:00.559+0530] {dag.py:3954} INFO - Setting next_dagrun for consume_1_and_2_with_dataset_expressions to None, run_after=None
[2026-03-10T06:15:00.560+0530] {logging_mixin.py:188} INFO - [2026-03-10T06:15:00.560+0530] {dag.py:3954} INFO - Setting next_dagrun for consume_1_or_2_with_dataset_expressions to None, run_after=None
[2026-03-10T06:15:00.560+0530] {logging_mixin.py:188} INFO - [2026-03-10T06:15:00.560+0530] {dag.py:3954} INFO - Setting next_dagrun for consume_1_or_both_2_and_3_with_dataset_expressions to None, run_after=None
[2026-03-10T06:15:00.560+0530] {logging_mixin.py:188} INFO - [2026-03-10T06:15:00.560+0530] {dag.py:3954} INFO - Setting next_dagrun for dataset_consumes_1 to None, run_after=None
[2026-03-10T06:15:00.560+0530] {logging_mixin.py:188} INFO - [2026-03-10T06:15:00.560+0530] {dag.py:3954} INFO - Setting next_dagrun for dataset_consumes_1_and_2 to None, run_after=None
[2026-03-10T06:15:00.561+0530] {logging_mixin.py:188} INFO - [2026-03-10T06:15:00.561+0530] {dag.py:3954} INFO - Setting next_dagrun for dataset_consumes_1_never_scheduled to None, run_after=None
[2026-03-10T06:15:00.561+0530] {logging_mixin.py:188} INFO - [2026-03-10T06:15:00.561+0530] {dag.py:3954} INFO - Setting next_dagrun for dataset_consumes_unknown_never_scheduled to None, run_after=None
[2026-03-10T06:15:00.562+0530] {logging_mixin.py:188} INFO - [2026-03-10T06:15:00.561+0530] {dag.py:3954} INFO - Setting next_dagrun for dataset_produces_1 to 2026-03-09 00:00:00+00:00, run_after=2026-03-10 00:00:00+00:00
[2026-03-10T06:15:00.562+0530] {logging_mixin.py:188} INFO - [2026-03-10T06:15:00.562+0530] {dag.py:3954} INFO - Setting next_dagrun for dataset_produces_2 to None, run_after=None
[2026-03-10T06:15:00.570+0530] {processor.py:183} INFO - Processing /Users/aswin/Documents/data-engineering-practice/ETL_Airflow_DBT/airflow/airflow_env/lib/python3.11/site-packages/airflow/example_dags/example_datasets.py took 0.076 seconds
[2026-03-10T06:16:35.693+0530] {processor.py:161} INFO - Started process (PID=22898) to work on /Users/aswin/Documents/data-engineering-practice/ETL_Airflow_DBT/airflow/airflow_env/lib/python3.11/site-packages/airflow/example_dags/example_datasets.py
[2026-03-10T06:16:35.694+0530] {processor.py:830} INFO - Processing file /Users/aswin/Documents/data-engineering-practice/ETL_Airflow_DBT/airflow/airflow_env/lib/python3.11/site-packages/airflow/example_dags/example_datasets.py for tasks to queue
[2026-03-10T06:16:35.694+0530] {logging_mixin.py:188} INFO - [2026-03-10T06:16:35.694+0530] {dagbag.py:540} INFO - Filling up the DagBag from /Users/aswin/Documents/data-engineering-practice/ETL_Airflow_DBT/airflow/airflow_env/lib/python3.11/site-packages/airflow/example_dags/example_datasets.py
[2026-03-10T06:16:35.715+0530] {processor.py:840} INFO - DAG(s) 'consume_1_and_2_with_dataset_expressions', 'dataset_consumes_1', 'dataset_consumes_1_and_2', 'dataset_produces_2', 'consume_1_or_both_2_and_3_with_dataset_expressions', 'dataset_consumes_1_never_scheduled', 'dataset_produces_1', 'consume_1_or_2_with_dataset_expressions', 'dataset_consumes_unknown_never_scheduled', 'conditional_dataset_and_time_based_timetable' retrieved from /Users/aswin/Documents/data-engineering-practice/ETL_Airflow_DBT/airflow/airflow_env/lib/python3.11/site-packages/airflow/example_dags/example_datasets.py
[2026-03-10T06:16:35.751+0530] {logging_mixin.py:188} INFO - [2026-03-10T06:16:35.751+0530] {dag.py:3096} INFO - Sync 10 DAGs
[2026-03-10T06:16:35.757+0530] {logging_mixin.py:188} INFO - [2026-03-10T06:16:35.757+0530] {dag.py:3954} INFO - Setting next_dagrun for conditional_dataset_and_time_based_timetable to 2026-03-04 01:00:00+00:00, run_after=2026-03-04 01:00:00+00:00
[2026-03-10T06:16:35.758+0530] {logging_mixin.py:188} INFO - [2026-03-10T06:16:35.758+0530] {dag.py:3954} INFO - Setting next_dagrun for consume_1_and_2_with_dataset_expressions to None, run_after=None
[2026-03-10T06:16:35.758+0530] {logging_mixin.py:188} INFO - [2026-03-10T06:16:35.758+0530] {dag.py:3954} INFO - Setting next_dagrun for consume_1_or_2_with_dataset_expressions to None, run_after=None
[2026-03-10T06:16:35.759+0530] {logging_mixin.py:188} INFO - [2026-03-10T06:16:35.759+0530] {dag.py:3954} INFO - Setting next_dagrun for consume_1_or_both_2_and_3_with_dataset_expressions to None, run_after=None
[2026-03-10T06:16:35.759+0530] {logging_mixin.py:188} INFO - [2026-03-10T06:16:35.759+0530] {dag.py:3954} INFO - Setting next_dagrun for dataset_consumes_1 to None, run_after=None
[2026-03-10T06:16:35.759+0530] {logging_mixin.py:188} INFO - [2026-03-10T06:16:35.759+0530] {dag.py:3954} INFO - Setting next_dagrun for dataset_consumes_1_and_2 to None, run_after=None
[2026-03-10T06:16:35.759+0530] {logging_mixin.py:188} INFO - [2026-03-10T06:16:35.759+0530] {dag.py:3954} INFO - Setting next_dagrun for dataset_consumes_1_never_scheduled to None, run_after=None
[2026-03-10T06:16:35.760+0530] {logging_mixin.py:188} INFO - [2026-03-10T06:16:35.760+0530] {dag.py:3954} INFO - Setting next_dagrun for dataset_consumes_unknown_never_scheduled to None, run_after=None
[2026-03-10T06:16:35.760+0530] {logging_mixin.py:188} INFO - [2026-03-10T06:16:35.760+0530] {dag.py:3954} INFO - Setting next_dagrun for dataset_produces_1 to 2026-03-09 00:00:00+00:00, run_after=2026-03-10 00:00:00+00:00
[2026-03-10T06:16:35.760+0530] {logging_mixin.py:188} INFO - [2026-03-10T06:16:35.760+0530] {dag.py:3954} INFO - Setting next_dagrun for dataset_produces_2 to None, run_after=None
[2026-03-10T06:16:35.769+0530] {processor.py:183} INFO - Processing /Users/aswin/Documents/data-engineering-practice/ETL_Airflow_DBT/airflow/airflow_env/lib/python3.11/site-packages/airflow/example_dags/example_datasets.py took 0.076 seconds
[2026-03-10T06:18:08.429+0530] {processor.py:161} INFO - Started process (PID=22972) to work on /Users/aswin/Documents/data-engineering-practice/ETL_Airflow_DBT/airflow/airflow_env/lib/python3.11/site-packages/airflow/example_dags/example_datasets.py
[2026-03-10T06:18:08.430+0530] {processor.py:830} INFO - Processing file /Users/aswin/Documents/data-engineering-practice/ETL_Airflow_DBT/airflow/airflow_env/lib/python3.11/site-packages/airflow/example_dags/example_datasets.py for tasks to queue
[2026-03-10T06:18:08.430+0530] {logging_mixin.py:188} INFO - [2026-03-10T06:18:08.430+0530] {dagbag.py:540} INFO - Filling up the DagBag from /Users/aswin/Documents/data-engineering-practice/ETL_Airflow_DBT/airflow/airflow_env/lib/python3.11/site-packages/airflow/example_dags/example_datasets.py
[2026-03-10T06:18:08.451+0530] {processor.py:840} INFO - DAG(s) 'dataset_consumes_1_and_2', 'dataset_produces_2', 'conditional_dataset_and_time_based_timetable', 'dataset_produces_1', 'dataset_consumes_unknown_never_scheduled', 'dataset_consumes_1', 'consume_1_or_both_2_and_3_with_dataset_expressions', 'consume_1_and_2_with_dataset_expressions', 'dataset_consumes_1_never_scheduled', 'consume_1_or_2_with_dataset_expressions' retrieved from /Users/aswin/Documents/data-engineering-practice/ETL_Airflow_DBT/airflow/airflow_env/lib/python3.11/site-packages/airflow/example_dags/example_datasets.py
[2026-03-10T06:18:08.486+0530] {logging_mixin.py:188} INFO - [2026-03-10T06:18:08.486+0530] {dag.py:3096} INFO - Sync 10 DAGs
[2026-03-10T06:18:08.493+0530] {logging_mixin.py:188} INFO - [2026-03-10T06:18:08.493+0530] {dag.py:3954} INFO - Setting next_dagrun for conditional_dataset_and_time_based_timetable to 2026-03-04 01:00:00+00:00, run_after=2026-03-04 01:00:00+00:00
[2026-03-10T06:18:08.494+0530] {logging_mixin.py:188} INFO - [2026-03-10T06:18:08.494+0530] {dag.py:3954} INFO - Setting next_dagrun for consume_1_and_2_with_dataset_expressions to None, run_after=None
[2026-03-10T06:18:08.494+0530] {logging_mixin.py:188} INFO - [2026-03-10T06:18:08.494+0530] {dag.py:3954} INFO - Setting next_dagrun for consume_1_or_2_with_dataset_expressions to None, run_after=None
[2026-03-10T06:18:08.494+0530] {logging_mixin.py:188} INFO - [2026-03-10T06:18:08.494+0530] {dag.py:3954} INFO - Setting next_dagrun for consume_1_or_both_2_and_3_with_dataset_expressions to None, run_after=None
[2026-03-10T06:18:08.495+0530] {logging_mixin.py:188} INFO - [2026-03-10T06:18:08.494+0530] {dag.py:3954} INFO - Setting next_dagrun for dataset_consumes_1 to None, run_after=None
[2026-03-10T06:18:08.495+0530] {logging_mixin.py:188} INFO - [2026-03-10T06:18:08.495+0530] {dag.py:3954} INFO - Setting next_dagrun for dataset_consumes_1_and_2 to None, run_after=None
[2026-03-10T06:18:08.495+0530] {logging_mixin.py:188} INFO - [2026-03-10T06:18:08.495+0530] {dag.py:3954} INFO - Setting next_dagrun for dataset_consumes_1_never_scheduled to None, run_after=None
[2026-03-10T06:18:08.495+0530] {logging_mixin.py:188} INFO - [2026-03-10T06:18:08.495+0530] {dag.py:3954} INFO - Setting next_dagrun for dataset_consumes_unknown_never_scheduled to None, run_after=None
[2026-03-10T06:18:08.496+0530] {logging_mixin.py:188} INFO - [2026-03-10T06:18:08.496+0530] {dag.py:3954} INFO - Setting next_dagrun for dataset_produces_1 to 2026-03-09 00:00:00+00:00, run_after=2026-03-10 00:00:00+00:00
[2026-03-10T06:18:08.496+0530] {logging_mixin.py:188} INFO - [2026-03-10T06:18:08.496+0530] {dag.py:3954} INFO - Setting next_dagrun for dataset_produces_2 to None, run_after=None
[2026-03-10T06:18:08.504+0530] {processor.py:183} INFO - Processing /Users/aswin/Documents/data-engineering-practice/ETL_Airflow_DBT/airflow/airflow_env/lib/python3.11/site-packages/airflow/example_dags/example_datasets.py took 0.076 seconds
[2026-03-10T06:19:41.331+0530] {processor.py:161} INFO - Started process (PID=23047) to work on /Users/aswin/Documents/data-engineering-practice/ETL_Airflow_DBT/airflow/airflow_env/lib/python3.11/site-packages/airflow/example_dags/example_datasets.py
[2026-03-10T06:19:41.332+0530] {processor.py:830} INFO - Processing file /Users/aswin/Documents/data-engineering-practice/ETL_Airflow_DBT/airflow/airflow_env/lib/python3.11/site-packages/airflow/example_dags/example_datasets.py for tasks to queue
[2026-03-10T06:19:41.333+0530] {logging_mixin.py:188} INFO - [2026-03-10T06:19:41.332+0530] {dagbag.py:540} INFO - Filling up the DagBag from /Users/aswin/Documents/data-engineering-practice/ETL_Airflow_DBT/airflow/airflow_env/lib/python3.11/site-packages/airflow/example_dags/example_datasets.py
[2026-03-10T06:19:41.350+0530] {processor.py:840} INFO - DAG(s) 'dataset_consumes_1_and_2', 'consume_1_and_2_with_dataset_expressions', 'dataset_consumes_1_never_scheduled', 'conditional_dataset_and_time_based_timetable', 'consume_1_or_both_2_and_3_with_dataset_expressions', 'dataset_consumes_1', 'dataset_produces_1', 'consume_1_or_2_with_dataset_expressions', 'dataset_produces_2', 'dataset_consumes_unknown_never_scheduled' retrieved from /Users/aswin/Documents/data-engineering-practice/ETL_Airflow_DBT/airflow/airflow_env/lib/python3.11/site-packages/airflow/example_dags/example_datasets.py
[2026-03-10T06:19:41.386+0530] {logging_mixin.py:188} INFO - [2026-03-10T06:19:41.386+0530] {dag.py:3096} INFO - Sync 10 DAGs
[2026-03-10T06:19:41.392+0530] {logging_mixin.py:188} INFO - [2026-03-10T06:19:41.392+0530] {dag.py:3954} INFO - Setting next_dagrun for conditional_dataset_and_time_based_timetable to 2026-03-04 01:00:00+00:00, run_after=2026-03-04 01:00:00+00:00
[2026-03-10T06:19:41.393+0530] {logging_mixin.py:188} INFO - [2026-03-10T06:19:41.393+0530] {dag.py:3954} INFO - Setting next_dagrun for consume_1_and_2_with_dataset_expressions to None, run_after=None
[2026-03-10T06:19:41.394+0530] {logging_mixin.py:188} INFO - [2026-03-10T06:19:41.394+0530] {dag.py:3954} INFO - Setting next_dagrun for consume_1_or_2_with_dataset_expressions to None, run_after=None
[2026-03-10T06:19:41.394+0530] {logging_mixin.py:188} INFO - [2026-03-10T06:19:41.394+0530] {dag.py:3954} INFO - Setting next_dagrun for consume_1_or_both_2_and_3_with_dataset_expressions to None, run_after=None
[2026-03-10T06:19:41.394+0530] {logging_mixin.py:188} INFO - [2026-03-10T06:19:41.394+0530] {dag.py:3954} INFO - Setting next_dagrun for dataset_consumes_1 to None, run_after=None
[2026-03-10T06:19:41.394+0530] {logging_mixin.py:188} INFO - [2026-03-10T06:19:41.394+0530] {dag.py:3954} INFO - Setting next_dagrun for dataset_consumes_1_and_2 to None, run_after=None
[2026-03-10T06:19:41.395+0530] {logging_mixin.py:188} INFO - [2026-03-10T06:19:41.395+0530] {dag.py:3954} INFO - Setting next_dagrun for dataset_consumes_1_never_scheduled to None, run_after=None
[2026-03-10T06:19:41.395+0530] {logging_mixin.py:188} INFO - [2026-03-10T06:19:41.395+0530] {dag.py:3954} INFO - Setting next_dagrun for dataset_consumes_unknown_never_scheduled to None, run_after=None
[2026-03-10T06:19:41.395+0530] {logging_mixin.py:188} INFO - [2026-03-10T06:19:41.395+0530] {dag.py:3954} INFO - Setting next_dagrun for dataset_produces_1 to 2026-03-09 00:00:00+00:00, run_after=2026-03-10 00:00:00+00:00
[2026-03-10T06:19:41.396+0530] {logging_mixin.py:188} INFO - [2026-03-10T06:19:41.396+0530] {dag.py:3954} INFO - Setting next_dagrun for dataset_produces_2 to None, run_after=None
[2026-03-10T06:19:41.404+0530] {processor.py:183} INFO - Processing /Users/aswin/Documents/data-engineering-practice/ETL_Airflow_DBT/airflow/airflow_env/lib/python3.11/site-packages/airflow/example_dags/example_datasets.py took 0.074 seconds
[2026-03-10T06:21:19.884+0530] {processor.py:161} INFO - Started process (PID=23134) to work on /Users/aswin/Documents/data-engineering-practice/ETL_Airflow_DBT/airflow/airflow_env/lib/python3.11/site-packages/airflow/example_dags/example_datasets.py
[2026-03-10T06:21:19.885+0530] {processor.py:830} INFO - Processing file /Users/aswin/Documents/data-engineering-practice/ETL_Airflow_DBT/airflow/airflow_env/lib/python3.11/site-packages/airflow/example_dags/example_datasets.py for tasks to queue
[2026-03-10T06:21:19.886+0530] {logging_mixin.py:188} INFO - [2026-03-10T06:21:19.886+0530] {dagbag.py:540} INFO - Filling up the DagBag from /Users/aswin/Documents/data-engineering-practice/ETL_Airflow_DBT/airflow/airflow_env/lib/python3.11/site-packages/airflow/example_dags/example_datasets.py
[2026-03-10T06:21:19.904+0530] {processor.py:840} INFO - DAG(s) 'conditional_dataset_and_time_based_timetable', 'dataset_produces_2', 'dataset_consumes_1_and_2', 'dataset_produces_1', 'dataset_consumes_1', 'dataset_consumes_unknown_never_scheduled', 'consume_1_and_2_with_dataset_expressions', 'consume_1_or_both_2_and_3_with_dataset_expressions', 'consume_1_or_2_with_dataset_expressions', 'dataset_consumes_1_never_scheduled' retrieved from /Users/aswin/Documents/data-engineering-practice/ETL_Airflow_DBT/airflow/airflow_env/lib/python3.11/site-packages/airflow/example_dags/example_datasets.py
[2026-03-10T06:21:19.939+0530] {logging_mixin.py:188} INFO - [2026-03-10T06:21:19.939+0530] {dag.py:3096} INFO - Sync 10 DAGs
[2026-03-10T06:21:19.945+0530] {logging_mixin.py:188} INFO - [2026-03-10T06:21:19.945+0530] {dag.py:3954} INFO - Setting next_dagrun for conditional_dataset_and_time_based_timetable to 2026-03-04 01:00:00+00:00, run_after=2026-03-04 01:00:00+00:00
[2026-03-10T06:21:19.946+0530] {logging_mixin.py:188} INFO - [2026-03-10T06:21:19.946+0530] {dag.py:3954} INFO - Setting next_dagrun for consume_1_and_2_with_dataset_expressions to None, run_after=None
[2026-03-10T06:21:19.947+0530] {logging_mixin.py:188} INFO - [2026-03-10T06:21:19.947+0530] {dag.py:3954} INFO - Setting next_dagrun for consume_1_or_2_with_dataset_expressions to None, run_after=None
[2026-03-10T06:21:19.947+0530] {logging_mixin.py:188} INFO - [2026-03-10T06:21:19.947+0530] {dag.py:3954} INFO - Setting next_dagrun for consume_1_or_both_2_and_3_with_dataset_expressions to None, run_after=None
[2026-03-10T06:21:19.947+0530] {logging_mixin.py:188} INFO - [2026-03-10T06:21:19.947+0530] {dag.py:3954} INFO - Setting next_dagrun for dataset_consumes_1 to None, run_after=None
[2026-03-10T06:21:19.947+0530] {logging_mixin.py:188} INFO - [2026-03-10T06:21:19.947+0530] {dag.py:3954} INFO - Setting next_dagrun for dataset_consumes_1_and_2 to None, run_after=None
[2026-03-10T06:21:19.948+0530] {logging_mixin.py:188} INFO - [2026-03-10T06:21:19.948+0530] {dag.py:3954} INFO - Setting next_dagrun for dataset_consumes_1_never_scheduled to None, run_after=None
[2026-03-10T06:21:19.948+0530] {logging_mixin.py:188} INFO - [2026-03-10T06:21:19.948+0530] {dag.py:3954} INFO - Setting next_dagrun for dataset_consumes_unknown_never_scheduled to None, run_after=None
[2026-03-10T06:21:19.948+0530] {logging_mixin.py:188} INFO - [2026-03-10T06:21:19.948+0530] {dag.py:3954} INFO - Setting next_dagrun for dataset_produces_1 to 2026-03-09 00:00:00+00:00, run_after=2026-03-10 00:00:00+00:00
[2026-03-10T06:21:19.949+0530] {logging_mixin.py:188} INFO - [2026-03-10T06:21:19.949+0530] {dag.py:3954} INFO - Setting next_dagrun for dataset_produces_2 to None, run_after=None
[2026-03-10T06:21:19.957+0530] {processor.py:183} INFO - Processing /Users/aswin/Documents/data-engineering-practice/ETL_Airflow_DBT/airflow/airflow_env/lib/python3.11/site-packages/airflow/example_dags/example_datasets.py took 0.074 seconds
[2026-03-10T06:22:52.856+0530] {processor.py:161} INFO - Started process (PID=23204) to work on /Users/aswin/Documents/data-engineering-practice/ETL_Airflow_DBT/airflow/airflow_env/lib/python3.11/site-packages/airflow/example_dags/example_datasets.py
[2026-03-10T06:22:52.857+0530] {processor.py:830} INFO - Processing file /Users/aswin/Documents/data-engineering-practice/ETL_Airflow_DBT/airflow/airflow_env/lib/python3.11/site-packages/airflow/example_dags/example_datasets.py for tasks to queue
[2026-03-10T06:22:52.857+0530] {logging_mixin.py:188} INFO - [2026-03-10T06:22:52.857+0530] {dagbag.py:540} INFO - Filling up the DagBag from /Users/aswin/Documents/data-engineering-practice/ETL_Airflow_DBT/airflow/airflow_env/lib/python3.11/site-packages/airflow/example_dags/example_datasets.py
[2026-03-10T06:22:52.878+0530] {processor.py:840} INFO - DAG(s) 'dataset_consumes_1_and_2', 'dataset_consumes_1_never_scheduled', 'dataset_consumes_1', 'dataset_produces_1', 'conditional_dataset_and_time_based_timetable', 'consume_1_or_both_2_and_3_with_dataset_expressions', 'dataset_consumes_unknown_never_scheduled', 'consume_1_and_2_with_dataset_expressions', 'dataset_produces_2', 'consume_1_or_2_with_dataset_expressions' retrieved from /Users/aswin/Documents/data-engineering-practice/ETL_Airflow_DBT/airflow/airflow_env/lib/python3.11/site-packages/airflow/example_dags/example_datasets.py
[2026-03-10T06:22:52.914+0530] {logging_mixin.py:188} INFO - [2026-03-10T06:22:52.914+0530] {dag.py:3096} INFO - Sync 10 DAGs
[2026-03-10T06:22:52.920+0530] {logging_mixin.py:188} INFO - [2026-03-10T06:22:52.920+0530] {dag.py:3954} INFO - Setting next_dagrun for conditional_dataset_and_time_based_timetable to 2026-03-04 01:00:00+00:00, run_after=2026-03-04 01:00:00+00:00
[2026-03-10T06:22:52.921+0530] {logging_mixin.py:188} INFO - [2026-03-10T06:22:52.921+0530] {dag.py:3954} INFO - Setting next_dagrun for consume_1_and_2_with_dataset_expressions to None, run_after=None
[2026-03-10T06:22:52.921+0530] {logging_mixin.py:188} INFO - [2026-03-10T06:22:52.921+0530] {dag.py:3954} INFO - Setting next_dagrun for consume_1_or_2_with_dataset_expressions to None, run_after=None
[2026-03-10T06:22:52.922+0530] {logging_mixin.py:188} INFO - [2026-03-10T06:22:52.922+0530] {dag.py:3954} INFO - Setting next_dagrun for consume_1_or_both_2_and_3_with_dataset_expressions to None, run_after=None
[2026-03-10T06:22:52.922+0530] {logging_mixin.py:188} INFO - [2026-03-10T06:22:52.922+0530] {dag.py:3954} INFO - Setting next_dagrun for dataset_consumes_1 to None, run_after=None
[2026-03-10T06:22:52.922+0530] {logging_mixin.py:188} INFO - [2026-03-10T06:22:52.922+0530] {dag.py:3954} INFO - Setting next_dagrun for dataset_consumes_1_and_2 to None, run_after=None
[2026-03-10T06:22:52.922+0530] {logging_mixin.py:188} INFO - [2026-03-10T06:22:52.922+0530] {dag.py:3954} INFO - Setting next_dagrun for dataset_consumes_1_never_scheduled to None, run_after=None
[2026-03-10T06:22:52.922+0530] {logging_mixin.py:188} INFO - [2026-03-10T06:22:52.922+0530] {dag.py:3954} INFO - Setting next_dagrun for dataset_consumes_unknown_never_scheduled to None, run_after=None
[2026-03-10T06:22:52.923+0530] {logging_mixin.py:188} INFO - [2026-03-10T06:22:52.923+0530] {dag.py:3954} INFO - Setting next_dagrun for dataset_produces_1 to 2026-03-09 00:00:00+00:00, run_after=2026-03-10 00:00:00+00:00
[2026-03-10T06:22:52.923+0530] {logging_mixin.py:188} INFO - [2026-03-10T06:22:52.923+0530] {dag.py:3954} INFO - Setting next_dagrun for dataset_produces_2 to None, run_after=None
[2026-03-10T06:22:52.931+0530] {processor.py:183} INFO - Processing /Users/aswin/Documents/data-engineering-practice/ETL_Airflow_DBT/airflow/airflow_env/lib/python3.11/site-packages/airflow/example_dags/example_datasets.py took 0.076 seconds
[2026-03-10T06:24:21.558+0530] {processor.py:161} INFO - Started process (PID=23274) to work on /Users/aswin/Documents/data-engineering-practice/ETL_Airflow_DBT/airflow/airflow_env/lib/python3.11/site-packages/airflow/example_dags/example_datasets.py
[2026-03-10T06:24:21.559+0530] {processor.py:830} INFO - Processing file /Users/aswin/Documents/data-engineering-practice/ETL_Airflow_DBT/airflow/airflow_env/lib/python3.11/site-packages/airflow/example_dags/example_datasets.py for tasks to queue
[2026-03-10T06:24:21.559+0530] {logging_mixin.py:188} INFO - [2026-03-10T06:24:21.559+0530] {dagbag.py:540} INFO - Filling up the DagBag from /Users/aswin/Documents/data-engineering-practice/ETL_Airflow_DBT/airflow/airflow_env/lib/python3.11/site-packages/airflow/example_dags/example_datasets.py
[2026-03-10T06:24:21.581+0530] {processor.py:840} INFO - DAG(s) 'dataset_consumes_1_and_2', 'consume_1_or_2_with_dataset_expressions', 'conditional_dataset_and_time_based_timetable', 'dataset_consumes_1_never_scheduled', 'dataset_consumes_unknown_never_scheduled', 'consume_1_or_both_2_and_3_with_dataset_expressions', 'dataset_produces_1', 'dataset_produces_2', 'consume_1_and_2_with_dataset_expressions', 'dataset_consumes_1' retrieved from /Users/aswin/Documents/data-engineering-practice/ETL_Airflow_DBT/airflow/airflow_env/lib/python3.11/site-packages/airflow/example_dags/example_datasets.py
[2026-03-10T06:24:21.616+0530] {logging_mixin.py:188} INFO - [2026-03-10T06:24:21.616+0530] {dag.py:3096} INFO - Sync 10 DAGs
[2026-03-10T06:24:21.622+0530] {logging_mixin.py:188} INFO - [2026-03-10T06:24:21.622+0530] {dag.py:3954} INFO - Setting next_dagrun for conditional_dataset_and_time_based_timetable to 2026-03-04 01:00:00+00:00, run_after=2026-03-04 01:00:00+00:00
[2026-03-10T06:24:21.623+0530] {logging_mixin.py:188} INFO - [2026-03-10T06:24:21.623+0530] {dag.py:3954} INFO - Setting next_dagrun for consume_1_and_2_with_dataset_expressions to None, run_after=None
[2026-03-10T06:24:21.623+0530] {logging_mixin.py:188} INFO - [2026-03-10T06:24:21.623+0530] {dag.py:3954} INFO - Setting next_dagrun for consume_1_or_2_with_dataset_expressions to None, run_after=None
[2026-03-10T06:24:21.624+0530] {logging_mixin.py:188} INFO - [2026-03-10T06:24:21.623+0530] {dag.py:3954} INFO - Setting next_dagrun for consume_1_or_both_2_and_3_with_dataset_expressions to None, run_after=None
[2026-03-10T06:24:21.624+0530] {logging_mixin.py:188} INFO - [2026-03-10T06:24:21.624+0530] {dag.py:3954} INFO - Setting next_dagrun for dataset_consumes_1 to None, run_after=None
[2026-03-10T06:24:21.624+0530] {logging_mixin.py:188} INFO - [2026-03-10T06:24:21.624+0530] {dag.py:3954} INFO - Setting next_dagrun for dataset_consumes_1_and_2 to None, run_after=None
[2026-03-10T06:24:21.624+0530] {logging_mixin.py:188} INFO - [2026-03-10T06:24:21.624+0530] {dag.py:3954} INFO - Setting next_dagrun for dataset_consumes_1_never_scheduled to None, run_after=None
[2026-03-10T06:24:21.624+0530] {logging_mixin.py:188} INFO - [2026-03-10T06:24:21.624+0530] {dag.py:3954} INFO - Setting next_dagrun for dataset_consumes_unknown_never_scheduled to None, run_after=None
[2026-03-10T06:24:21.625+0530] {logging_mixin.py:188} INFO - [2026-03-10T06:24:21.625+0530] {dag.py:3954} INFO - Setting next_dagrun for dataset_produces_1 to 2026-03-09 00:00:00+00:00, run_after=2026-03-10 00:00:00+00:00
[2026-03-10T06:24:21.625+0530] {logging_mixin.py:188} INFO - [2026-03-10T06:24:21.625+0530] {dag.py:3954} INFO - Setting next_dagrun for dataset_produces_2 to None, run_after=None
[2026-03-10T06:24:21.633+0530] {processor.py:183} INFO - Processing /Users/aswin/Documents/data-engineering-practice/ETL_Airflow_DBT/airflow/airflow_env/lib/python3.11/site-packages/airflow/example_dags/example_datasets.py took 0.076 seconds
[2026-03-10T06:25:55.398+0530] {processor.py:161} INFO - Started process (PID=23348) to work on /Users/aswin/Documents/data-engineering-practice/ETL_Airflow_DBT/airflow/airflow_env/lib/python3.11/site-packages/airflow/example_dags/example_datasets.py
[2026-03-10T06:25:55.399+0530] {processor.py:830} INFO - Processing file /Users/aswin/Documents/data-engineering-practice/ETL_Airflow_DBT/airflow/airflow_env/lib/python3.11/site-packages/airflow/example_dags/example_datasets.py for tasks to queue
[2026-03-10T06:25:55.400+0530] {logging_mixin.py:188} INFO - [2026-03-10T06:25:55.400+0530] {dagbag.py:540} INFO - Filling up the DagBag from /Users/aswin/Documents/data-engineering-practice/ETL_Airflow_DBT/airflow/airflow_env/lib/python3.11/site-packages/airflow/example_dags/example_datasets.py
[2026-03-10T06:25:55.421+0530] {processor.py:840} INFO - DAG(s) 'dataset_produces_2', 'consume_1_and_2_with_dataset_expressions', 'consume_1_or_2_with_dataset_expressions', 'conditional_dataset_and_time_based_timetable', 'dataset_consumes_unknown_never_scheduled', 'dataset_consumes_1_never_scheduled', 'consume_1_or_both_2_and_3_with_dataset_expressions', 'dataset_produces_1', 'dataset_consumes_1', 'dataset_consumes_1_and_2' retrieved from /Users/aswin/Documents/data-engineering-practice/ETL_Airflow_DBT/airflow/airflow_env/lib/python3.11/site-packages/airflow/example_dags/example_datasets.py
[2026-03-10T06:25:55.458+0530] {logging_mixin.py:188} INFO - [2026-03-10T06:25:55.458+0530] {dag.py:3096} INFO - Sync 10 DAGs
[2026-03-10T06:25:55.465+0530] {logging_mixin.py:188} INFO - [2026-03-10T06:25:55.465+0530] {dag.py:3954} INFO - Setting next_dagrun for conditional_dataset_and_time_based_timetable to 2026-03-04 01:00:00+00:00, run_after=2026-03-04 01:00:00+00:00
[2026-03-10T06:25:55.466+0530] {logging_mixin.py:188} INFO - [2026-03-10T06:25:55.466+0530] {dag.py:3954} INFO - Setting next_dagrun for consume_1_and_2_with_dataset_expressions to None, run_after=None
[2026-03-10T06:25:55.466+0530] {logging_mixin.py:188} INFO - [2026-03-10T06:25:55.466+0530] {dag.py:3954} INFO - Setting next_dagrun for consume_1_or_2_with_dataset_expressions to None, run_after=None
[2026-03-10T06:25:55.466+0530] {logging_mixin.py:188} INFO - [2026-03-10T06:25:55.466+0530] {dag.py:3954} INFO - Setting next_dagrun for consume_1_or_both_2_and_3_with_dataset_expressions to None, run_after=None
[2026-03-10T06:25:55.466+0530] {logging_mixin.py:188} INFO - [2026-03-10T06:25:55.466+0530] {dag.py:3954} INFO - Setting next_dagrun for dataset_consumes_1 to None, run_after=None
[2026-03-10T06:25:55.467+0530] {logging_mixin.py:188} INFO - [2026-03-10T06:25:55.467+0530] {dag.py:3954} INFO - Setting next_dagrun for dataset_consumes_1_and_2 to None, run_after=None
[2026-03-10T06:25:55.467+0530] {logging_mixin.py:188} INFO - [2026-03-10T06:25:55.467+0530] {dag.py:3954} INFO - Setting next_dagrun for dataset_consumes_1_never_scheduled to None, run_after=None
[2026-03-10T06:25:55.467+0530] {logging_mixin.py:188} INFO - [2026-03-10T06:25:55.467+0530] {dag.py:3954} INFO - Setting next_dagrun for dataset_consumes_unknown_never_scheduled to None, run_after=None
[2026-03-10T06:25:55.468+0530] {logging_mixin.py:188} INFO - [2026-03-10T06:25:55.468+0530] {dag.py:3954} INFO - Setting next_dagrun for dataset_produces_1 to 2026-03-09 00:00:00+00:00, run_after=2026-03-10 00:00:00+00:00
[2026-03-10T06:25:55.468+0530] {logging_mixin.py:188} INFO - [2026-03-10T06:25:55.468+0530] {dag.py:3954} INFO - Setting next_dagrun for dataset_produces_2 to None, run_after=None
[2026-03-10T06:25:55.476+0530] {processor.py:183} INFO - Processing /Users/aswin/Documents/data-engineering-practice/ETL_Airflow_DBT/airflow/airflow_env/lib/python3.11/site-packages/airflow/example_dags/example_datasets.py took 0.079 seconds
[2026-03-10T06:27:27.879+0530] {processor.py:161} INFO - Started process (PID=23431) to work on /Users/aswin/Documents/data-engineering-practice/ETL_Airflow_DBT/airflow/airflow_env/lib/python3.11/site-packages/airflow/example_dags/example_datasets.py
[2026-03-10T06:27:27.881+0530] {processor.py:830} INFO - Processing file /Users/aswin/Documents/data-engineering-practice/ETL_Airflow_DBT/airflow/airflow_env/lib/python3.11/site-packages/airflow/example_dags/example_datasets.py for tasks to queue
[2026-03-10T06:27:27.881+0530] {logging_mixin.py:188} INFO - [2026-03-10T06:27:27.881+0530] {dagbag.py:540} INFO - Filling up the DagBag from /Users/aswin/Documents/data-engineering-practice/ETL_Airflow_DBT/airflow/airflow_env/lib/python3.11/site-packages/airflow/example_dags/example_datasets.py
[2026-03-10T06:27:27.910+0530] {processor.py:840} INFO - DAG(s) 'dataset_consumes_1', 'dataset_produces_2', 'dataset_consumes_unknown_never_scheduled', 'consume_1_or_2_with_dataset_expressions', 'conditional_dataset_and_time_based_timetable', 'dataset_produces_1', 'dataset_consumes_1_never_scheduled', 'consume_1_or_both_2_and_3_with_dataset_expressions', 'dataset_consumes_1_and_2', 'consume_1_and_2_with_dataset_expressions' retrieved from /Users/aswin/Documents/data-engineering-practice/ETL_Airflow_DBT/airflow/airflow_env/lib/python3.11/site-packages/airflow/example_dags/example_datasets.py
[2026-03-10T06:27:27.949+0530] {logging_mixin.py:188} INFO - [2026-03-10T06:27:27.949+0530] {dag.py:3096} INFO - Sync 10 DAGs
[2026-03-10T06:27:27.956+0530] {logging_mixin.py:188} INFO - [2026-03-10T06:27:27.956+0530] {dag.py:3954} INFO - Setting next_dagrun for conditional_dataset_and_time_based_timetable to 2026-03-04 01:00:00+00:00, run_after=2026-03-04 01:00:00+00:00
[2026-03-10T06:27:27.957+0530] {logging_mixin.py:188} INFO - [2026-03-10T06:27:27.957+0530] {dag.py:3954} INFO - Setting next_dagrun for consume_1_and_2_with_dataset_expressions to None, run_after=None
[2026-03-10T06:27:27.957+0530] {logging_mixin.py:188} INFO - [2026-03-10T06:27:27.957+0530] {dag.py:3954} INFO - Setting next_dagrun for consume_1_or_2_with_dataset_expressions to None, run_after=None
[2026-03-10T06:27:27.957+0530] {logging_mixin.py:188} INFO - [2026-03-10T06:27:27.957+0530] {dag.py:3954} INFO - Setting next_dagrun for consume_1_or_both_2_and_3_with_dataset_expressions to None, run_after=None
[2026-03-10T06:27:27.957+0530] {logging_mixin.py:188} INFO - [2026-03-10T06:27:27.957+0530] {dag.py:3954} INFO - Setting next_dagrun for dataset_consumes_1 to None, run_after=None
[2026-03-10T06:27:27.958+0530] {logging_mixin.py:188} INFO - [2026-03-10T06:27:27.958+0530] {dag.py:3954} INFO - Setting next_dagrun for dataset_consumes_1_and_2 to None, run_after=None
[2026-03-10T06:27:27.958+0530] {logging_mixin.py:188} INFO - [2026-03-10T06:27:27.958+0530] {dag.py:3954} INFO - Setting next_dagrun for dataset_consumes_1_never_scheduled to None, run_after=None
[2026-03-10T06:27:27.958+0530] {logging_mixin.py:188} INFO - [2026-03-10T06:27:27.958+0530] {dag.py:3954} INFO - Setting next_dagrun for dataset_consumes_unknown_never_scheduled to None, run_after=None
[2026-03-10T06:27:27.959+0530] {logging_mixin.py:188} INFO - [2026-03-10T06:27:27.959+0530] {dag.py:3954} INFO - Setting next_dagrun for dataset_produces_1 to 2026-03-09 00:00:00+00:00, run_after=2026-03-10 00:00:00+00:00
[2026-03-10T06:27:27.959+0530] {logging_mixin.py:188} INFO - [2026-03-10T06:27:27.959+0530] {dag.py:3954} INFO - Setting next_dagrun for dataset_produces_2 to None, run_after=None
[2026-03-10T06:27:27.967+0530] {processor.py:183} INFO - Processing /Users/aswin/Documents/data-engineering-practice/ETL_Airflow_DBT/airflow/airflow_env/lib/python3.11/site-packages/airflow/example_dags/example_datasets.py took 0.089 seconds
[2026-03-10T06:28:58.478+0530] {processor.py:161} INFO - Started process (PID=23522) to work on /Users/aswin/Documents/data-engineering-practice/ETL_Airflow_DBT/airflow/airflow_env/lib/python3.11/site-packages/airflow/example_dags/example_datasets.py
[2026-03-10T06:28:58.478+0530] {processor.py:830} INFO - Processing file /Users/aswin/Documents/data-engineering-practice/ETL_Airflow_DBT/airflow/airflow_env/lib/python3.11/site-packages/airflow/example_dags/example_datasets.py for tasks to queue
[2026-03-10T06:28:58.479+0530] {logging_mixin.py:188} INFO - [2026-03-10T06:28:58.479+0530] {dagbag.py:540} INFO - Filling up the DagBag from /Users/aswin/Documents/data-engineering-practice/ETL_Airflow_DBT/airflow/airflow_env/lib/python3.11/site-packages/airflow/example_dags/example_datasets.py
[2026-03-10T06:28:58.499+0530] {processor.py:840} INFO - DAG(s) 'dataset_produces_2', 'dataset_produces_1', 'dataset_consumes_unknown_never_scheduled', 'consume_1_and_2_with_dataset_expressions', 'consume_1_or_2_with_dataset_expressions', 'dataset_consumes_1_never_scheduled', 'consume_1_or_both_2_and_3_with_dataset_expressions', 'dataset_consumes_1', 'conditional_dataset_and_time_based_timetable', 'dataset_consumes_1_and_2' retrieved from /Users/aswin/Documents/data-engineering-practice/ETL_Airflow_DBT/airflow/airflow_env/lib/python3.11/site-packages/airflow/example_dags/example_datasets.py
[2026-03-10T06:28:58.535+0530] {logging_mixin.py:188} INFO - [2026-03-10T06:28:58.535+0530] {dag.py:3096} INFO - Sync 10 DAGs
[2026-03-10T06:28:58.541+0530] {logging_mixin.py:188} INFO - [2026-03-10T06:28:58.541+0530] {dag.py:3954} INFO - Setting next_dagrun for conditional_dataset_and_time_based_timetable to 2026-03-04 01:00:00+00:00, run_after=2026-03-04 01:00:00+00:00
[2026-03-10T06:28:58.542+0530] {logging_mixin.py:188} INFO - [2026-03-10T06:28:58.542+0530] {dag.py:3954} INFO - Setting next_dagrun for consume_1_and_2_with_dataset_expressions to None, run_after=None
[2026-03-10T06:28:58.542+0530] {logging_mixin.py:188} INFO - [2026-03-10T06:28:58.542+0530] {dag.py:3954} INFO - Setting next_dagrun for consume_1_or_2_with_dataset_expressions to None, run_after=None
[2026-03-10T06:28:58.543+0530] {logging_mixin.py:188} INFO - [2026-03-10T06:28:58.543+0530] {dag.py:3954} INFO - Setting next_dagrun for consume_1_or_both_2_and_3_with_dataset_expressions to None, run_after=None
[2026-03-10T06:28:58.543+0530] {logging_mixin.py:188} INFO - [2026-03-10T06:28:58.543+0530] {dag.py:3954} INFO - Setting next_dagrun for dataset_consumes_1 to None, run_after=None
[2026-03-10T06:28:58.543+0530] {logging_mixin.py:188} INFO - [2026-03-10T06:28:58.543+0530] {dag.py:3954} INFO - Setting next_dagrun for dataset_consumes_1_and_2 to None, run_after=None
[2026-03-10T06:28:58.543+0530] {logging_mixin.py:188} INFO - [2026-03-10T06:28:58.543+0530] {dag.py:3954} INFO - Setting next_dagrun for dataset_consumes_1_never_scheduled to None, run_after=None
[2026-03-10T06:28:58.543+0530] {logging_mixin.py:188} INFO - [2026-03-10T06:28:58.543+0530] {dag.py:3954} INFO - Setting next_dagrun for dataset_consumes_unknown_never_scheduled to None, run_after=None
[2026-03-10T06:28:58.544+0530] {logging_mixin.py:188} INFO - [2026-03-10T06:28:58.544+0530] {dag.py:3954} INFO - Setting next_dagrun for dataset_produces_1 to 2026-03-09 00:00:00+00:00, run_after=2026-03-10 00:00:00+00:00
[2026-03-10T06:28:58.544+0530] {logging_mixin.py:188} INFO - [2026-03-10T06:28:58.544+0530] {dag.py:3954} INFO - Setting next_dagrun for dataset_produces_2 to None, run_after=None
[2026-03-10T06:28:58.552+0530] {processor.py:183} INFO - Processing /Users/aswin/Documents/data-engineering-practice/ETL_Airflow_DBT/airflow/airflow_env/lib/python3.11/site-packages/airflow/example_dags/example_datasets.py took 0.075 seconds
[2026-03-10T06:30:30.982+0530] {processor.py:161} INFO - Started process (PID=23597) to work on /Users/aswin/Documents/data-engineering-practice/ETL_Airflow_DBT/airflow/airflow_env/lib/python3.11/site-packages/airflow/example_dags/example_datasets.py
[2026-03-10T06:30:30.983+0530] {processor.py:830} INFO - Processing file /Users/aswin/Documents/data-engineering-practice/ETL_Airflow_DBT/airflow/airflow_env/lib/python3.11/site-packages/airflow/example_dags/example_datasets.py for tasks to queue
[2026-03-10T06:30:30.983+0530] {logging_mixin.py:188} INFO - [2026-03-10T06:30:30.983+0530] {dagbag.py:540} INFO - Filling up the DagBag from /Users/aswin/Documents/data-engineering-practice/ETL_Airflow_DBT/airflow/airflow_env/lib/python3.11/site-packages/airflow/example_dags/example_datasets.py
[2026-03-10T06:30:31.001+0530] {processor.py:840} INFO - DAG(s) 'dataset_produces_2', 'consume_1_and_2_with_dataset_expressions', 'dataset_consumes_1_never_scheduled', 'dataset_consumes_1', 'consume_1_or_both_2_and_3_with_dataset_expressions', 'dataset_produces_1', 'dataset_consumes_1_and_2', 'consume_1_or_2_with_dataset_expressions', 'dataset_consumes_unknown_never_scheduled', 'conditional_dataset_and_time_based_timetable' retrieved from /Users/aswin/Documents/data-engineering-practice/ETL_Airflow_DBT/airflow/airflow_env/lib/python3.11/site-packages/airflow/example_dags/example_datasets.py
[2026-03-10T06:30:31.036+0530] {logging_mixin.py:188} INFO - [2026-03-10T06:30:31.036+0530] {dag.py:3096} INFO - Sync 10 DAGs
[2026-03-10T06:30:31.042+0530] {logging_mixin.py:188} INFO - [2026-03-10T06:30:31.042+0530] {dag.py:3954} INFO - Setting next_dagrun for conditional_dataset_and_time_based_timetable to 2026-03-04 01:00:00+00:00, run_after=2026-03-04 01:00:00+00:00
[2026-03-10T06:30:31.043+0530] {logging_mixin.py:188} INFO - [2026-03-10T06:30:31.043+0530] {dag.py:3954} INFO - Setting next_dagrun for consume_1_and_2_with_dataset_expressions to None, run_after=None
[2026-03-10T06:30:31.043+0530] {logging_mixin.py:188} INFO - [2026-03-10T06:30:31.043+0530] {dag.py:3954} INFO - Setting next_dagrun for consume_1_or_2_with_dataset_expressions to None, run_after=None
[2026-03-10T06:30:31.043+0530] {logging_mixin.py:188} INFO - [2026-03-10T06:30:31.043+0530] {dag.py:3954} INFO - Setting next_dagrun for consume_1_or_both_2_and_3_with_dataset_expressions to None, run_after=None
[2026-03-10T06:30:31.044+0530] {logging_mixin.py:188} INFO - [2026-03-10T06:30:31.044+0530] {dag.py:3954} INFO - Setting next_dagrun for dataset_consumes_1 to None, run_after=None
[2026-03-10T06:30:31.044+0530] {logging_mixin.py:188} INFO - [2026-03-10T06:30:31.044+0530] {dag.py:3954} INFO - Setting next_dagrun for dataset_consumes_1_and_2 to None, run_after=None
[2026-03-10T06:30:31.044+0530] {logging_mixin.py:188} INFO - [2026-03-10T06:30:31.044+0530] {dag.py:3954} INFO - Setting next_dagrun for dataset_consumes_1_never_scheduled to None, run_after=None
[2026-03-10T06:30:31.044+0530] {logging_mixin.py:188} INFO - [2026-03-10T06:30:31.044+0530] {dag.py:3954} INFO - Setting next_dagrun for dataset_consumes_unknown_never_scheduled to None, run_after=None
[2026-03-10T06:30:31.045+0530] {logging_mixin.py:188} INFO - [2026-03-10T06:30:31.045+0530] {dag.py:3954} INFO - Setting next_dagrun for dataset_produces_1 to 2026-03-09 00:00:00+00:00, run_after=2026-03-10 00:00:00+00:00
[2026-03-10T06:30:31.045+0530] {logging_mixin.py:188} INFO - [2026-03-10T06:30:31.045+0530] {dag.py:3954} INFO - Setting next_dagrun for dataset_produces_2 to None, run_after=None
[2026-03-10T06:30:31.053+0530] {processor.py:183} INFO - Processing /Users/aswin/Documents/data-engineering-practice/ETL_Airflow_DBT/airflow/airflow_env/lib/python3.11/site-packages/airflow/example_dags/example_datasets.py took 0.072 seconds
[2026-03-10T06:31:57.709+0530] {processor.py:161} INFO - Started process (PID=23686) to work on /Users/aswin/Documents/data-engineering-practice/ETL_Airflow_DBT/airflow/airflow_env/lib/python3.11/site-packages/airflow/example_dags/example_datasets.py
[2026-03-10T06:31:57.710+0530] {processor.py:830} INFO - Processing file /Users/aswin/Documents/data-engineering-practice/ETL_Airflow_DBT/airflow/airflow_env/lib/python3.11/site-packages/airflow/example_dags/example_datasets.py for tasks to queue
[2026-03-10T06:31:57.711+0530] {logging_mixin.py:188} INFO - [2026-03-10T06:31:57.710+0530] {dagbag.py:540} INFO - Filling up the DagBag from /Users/aswin/Documents/data-engineering-practice/ETL_Airflow_DBT/airflow/airflow_env/lib/python3.11/site-packages/airflow/example_dags/example_datasets.py
[2026-03-10T06:31:57.732+0530] {processor.py:840} INFO - DAG(s) 'dataset_consumes_1_and_2', 'dataset_consumes_unknown_never_scheduled', 'dataset_consumes_1', 'conditional_dataset_and_time_based_timetable', 'dataset_consumes_1_never_scheduled', 'consume_1_or_2_with_dataset_expressions', 'consume_1_and_2_with_dataset_expressions', 'dataset_produces_2', 'consume_1_or_both_2_and_3_with_dataset_expressions', 'dataset_produces_1' retrieved from /Users/aswin/Documents/data-engineering-practice/ETL_Airflow_DBT/airflow/airflow_env/lib/python3.11/site-packages/airflow/example_dags/example_datasets.py
[2026-03-10T06:31:57.767+0530] {logging_mixin.py:188} INFO - [2026-03-10T06:31:57.767+0530] {dag.py:3096} INFO - Sync 10 DAGs
[2026-03-10T06:31:57.773+0530] {logging_mixin.py:188} INFO - [2026-03-10T06:31:57.773+0530] {dag.py:3954} INFO - Setting next_dagrun for conditional_dataset_and_time_based_timetable to 2026-03-04 01:00:00+00:00, run_after=2026-03-04 01:00:00+00:00
[2026-03-10T06:31:57.774+0530] {logging_mixin.py:188} INFO - [2026-03-10T06:31:57.774+0530] {dag.py:3954} INFO - Setting next_dagrun for consume_1_and_2_with_dataset_expressions to None, run_after=None
[2026-03-10T06:31:57.775+0530] {logging_mixin.py:188} INFO - [2026-03-10T06:31:57.774+0530] {dag.py:3954} INFO - Setting next_dagrun for consume_1_or_2_with_dataset_expressions to None, run_after=None
[2026-03-10T06:31:57.775+0530] {logging_mixin.py:188} INFO - [2026-03-10T06:31:57.775+0530] {dag.py:3954} INFO - Setting next_dagrun for consume_1_or_both_2_and_3_with_dataset_expressions to None, run_after=None
[2026-03-10T06:31:57.775+0530] {logging_mixin.py:188} INFO - [2026-03-10T06:31:57.775+0530] {dag.py:3954} INFO - Setting next_dagrun for dataset_consumes_1 to None, run_after=None
[2026-03-10T06:31:57.775+0530] {logging_mixin.py:188} INFO - [2026-03-10T06:31:57.775+0530] {dag.py:3954} INFO - Setting next_dagrun for dataset_consumes_1_and_2 to None, run_after=None
[2026-03-10T06:31:57.776+0530] {logging_mixin.py:188} INFO - [2026-03-10T06:31:57.775+0530] {dag.py:3954} INFO - Setting next_dagrun for dataset_consumes_1_never_scheduled to None, run_after=None
[2026-03-10T06:31:57.776+0530] {logging_mixin.py:188} INFO - [2026-03-10T06:31:57.776+0530] {dag.py:3954} INFO - Setting next_dagrun for dataset_consumes_unknown_never_scheduled to None, run_after=None
[2026-03-10T06:31:57.776+0530] {logging_mixin.py:188} INFO - [2026-03-10T06:31:57.776+0530] {dag.py:3954} INFO - Setting next_dagrun for dataset_produces_1 to 2026-03-09 00:00:00+00:00, run_after=2026-03-10 00:00:00+00:00
[2026-03-10T06:31:57.777+0530] {logging_mixin.py:188} INFO - [2026-03-10T06:31:57.777+0530] {dag.py:3954} INFO - Setting next_dagrun for dataset_produces_2 to None, run_after=None
[2026-03-10T06:31:57.785+0530] {processor.py:183} INFO - Processing /Users/aswin/Documents/data-engineering-practice/ETL_Airflow_DBT/airflow/airflow_env/lib/python3.11/site-packages/airflow/example_dags/example_datasets.py took 0.077 seconds
[2026-03-10T06:33:26.039+0530] {processor.py:161} INFO - Started process (PID=23776) to work on /Users/aswin/Documents/data-engineering-practice/ETL_Airflow_DBT/airflow/airflow_env/lib/python3.11/site-packages/airflow/example_dags/example_datasets.py
[2026-03-10T06:33:26.040+0530] {processor.py:830} INFO - Processing file /Users/aswin/Documents/data-engineering-practice/ETL_Airflow_DBT/airflow/airflow_env/lib/python3.11/site-packages/airflow/example_dags/example_datasets.py for tasks to queue
[2026-03-10T06:33:26.040+0530] {logging_mixin.py:188} INFO - [2026-03-10T06:33:26.040+0530] {dagbag.py:540} INFO - Filling up the DagBag from /Users/aswin/Documents/data-engineering-practice/ETL_Airflow_DBT/airflow/airflow_env/lib/python3.11/site-packages/airflow/example_dags/example_datasets.py
[2026-03-10T06:33:26.061+0530] {processor.py:840} INFO - DAG(s) 'dataset_consumes_1_and_2', 'dataset_consumes_1_never_scheduled', 'dataset_produces_2', 'consume_1_or_both_2_and_3_with_dataset_expressions', 'dataset_consumes_1', 'dataset_consumes_unknown_never_scheduled', 'dataset_produces_1', 'consume_1_or_2_with_dataset_expressions', 'conditional_dataset_and_time_based_timetable', 'consume_1_and_2_with_dataset_expressions' retrieved from /Users/aswin/Documents/data-engineering-practice/ETL_Airflow_DBT/airflow/airflow_env/lib/python3.11/site-packages/airflow/example_dags/example_datasets.py
[2026-03-10T06:33:26.097+0530] {logging_mixin.py:188} INFO - [2026-03-10T06:33:26.097+0530] {dag.py:3096} INFO - Sync 10 DAGs
[2026-03-10T06:33:26.104+0530] {logging_mixin.py:188} INFO - [2026-03-10T06:33:26.103+0530] {dag.py:3954} INFO - Setting next_dagrun for conditional_dataset_and_time_based_timetable to 2026-03-04 01:00:00+00:00, run_after=2026-03-04 01:00:00+00:00
[2026-03-10T06:33:26.104+0530] {logging_mixin.py:188} INFO - [2026-03-10T06:33:26.104+0530] {dag.py:3954} INFO - Setting next_dagrun for consume_1_and_2_with_dataset_expressions to None, run_after=None
[2026-03-10T06:33:26.105+0530] {logging_mixin.py:188} INFO - [2026-03-10T06:33:26.105+0530] {dag.py:3954} INFO - Setting next_dagrun for consume_1_or_2_with_dataset_expressions to None, run_after=None
[2026-03-10T06:33:26.105+0530] {logging_mixin.py:188} INFO - [2026-03-10T06:33:26.105+0530] {dag.py:3954} INFO - Setting next_dagrun for consume_1_or_both_2_and_3_with_dataset_expressions to None, run_after=None
[2026-03-10T06:33:26.105+0530] {logging_mixin.py:188} INFO - [2026-03-10T06:33:26.105+0530] {dag.py:3954} INFO - Setting next_dagrun for dataset_consumes_1 to None, run_after=None
[2026-03-10T06:33:26.105+0530] {logging_mixin.py:188} INFO - [2026-03-10T06:33:26.105+0530] {dag.py:3954} INFO - Setting next_dagrun for dataset_consumes_1_and_2 to None, run_after=None
[2026-03-10T06:33:26.106+0530] {logging_mixin.py:188} INFO - [2026-03-10T06:33:26.106+0530] {dag.py:3954} INFO - Setting next_dagrun for dataset_consumes_1_never_scheduled to None, run_after=None
[2026-03-10T06:33:26.106+0530] {logging_mixin.py:188} INFO - [2026-03-10T06:33:26.106+0530] {dag.py:3954} INFO - Setting next_dagrun for dataset_consumes_unknown_never_scheduled to None, run_after=None
[2026-03-10T06:33:26.107+0530] {logging_mixin.py:188} INFO - [2026-03-10T06:33:26.107+0530] {dag.py:3954} INFO - Setting next_dagrun for dataset_produces_1 to 2026-03-09 00:00:00+00:00, run_after=2026-03-10 00:00:00+00:00
[2026-03-10T06:33:26.107+0530] {logging_mixin.py:188} INFO - [2026-03-10T06:33:26.107+0530] {dag.py:3954} INFO - Setting next_dagrun for dataset_produces_2 to None, run_after=None
[2026-03-10T06:33:26.115+0530] {processor.py:183} INFO - Processing /Users/aswin/Documents/data-engineering-practice/ETL_Airflow_DBT/airflow/airflow_env/lib/python3.11/site-packages/airflow/example_dags/example_datasets.py took 0.077 seconds
[2026-03-10T06:34:56.980+0530] {processor.py:161} INFO - Started process (PID=23865) to work on /Users/aswin/Documents/data-engineering-practice/ETL_Airflow_DBT/airflow/airflow_env/lib/python3.11/site-packages/airflow/example_dags/example_datasets.py
[2026-03-10T06:34:56.981+0530] {processor.py:830} INFO - Processing file /Users/aswin/Documents/data-engineering-practice/ETL_Airflow_DBT/airflow/airflow_env/lib/python3.11/site-packages/airflow/example_dags/example_datasets.py for tasks to queue
[2026-03-10T06:34:56.981+0530] {logging_mixin.py:188} INFO - [2026-03-10T06:34:56.981+0530] {dagbag.py:540} INFO - Filling up the DagBag from /Users/aswin/Documents/data-engineering-practice/ETL_Airflow_DBT/airflow/airflow_env/lib/python3.11/site-packages/airflow/example_dags/example_datasets.py
[2026-03-10T06:34:57.003+0530] {processor.py:840} INFO - DAG(s) 'consume_1_and_2_with_dataset_expressions', 'dataset_consumes_unknown_never_scheduled', 'dataset_produces_1', 'consume_1_or_2_with_dataset_expressions', 'conditional_dataset_and_time_based_timetable', 'dataset_consumes_1_never_scheduled', 'dataset_produces_2', 'consume_1_or_both_2_and_3_with_dataset_expressions', 'dataset_consumes_1', 'dataset_consumes_1_and_2' retrieved from /Users/aswin/Documents/data-engineering-practice/ETL_Airflow_DBT/airflow/airflow_env/lib/python3.11/site-packages/airflow/example_dags/example_datasets.py
[2026-03-10T06:34:57.040+0530] {logging_mixin.py:188} INFO - [2026-03-10T06:34:57.039+0530] {dag.py:3096} INFO - Sync 10 DAGs
[2026-03-10T06:34:57.046+0530] {logging_mixin.py:188} INFO - [2026-03-10T06:34:57.046+0530] {dag.py:3954} INFO - Setting next_dagrun for conditional_dataset_and_time_based_timetable to 2026-03-04 01:00:00+00:00, run_after=2026-03-04 01:00:00+00:00
[2026-03-10T06:34:57.047+0530] {logging_mixin.py:188} INFO - [2026-03-10T06:34:57.047+0530] {dag.py:3954} INFO - Setting next_dagrun for consume_1_and_2_with_dataset_expressions to None, run_after=None
[2026-03-10T06:34:57.047+0530] {logging_mixin.py:188} INFO - [2026-03-10T06:34:57.047+0530] {dag.py:3954} INFO - Setting next_dagrun for consume_1_or_2_with_dataset_expressions to None, run_after=None
[2026-03-10T06:34:57.047+0530] {logging_mixin.py:188} INFO - [2026-03-10T06:34:57.047+0530] {dag.py:3954} INFO - Setting next_dagrun for consume_1_or_both_2_and_3_with_dataset_expressions to None, run_after=None
[2026-03-10T06:34:57.048+0530] {logging_mixin.py:188} INFO - [2026-03-10T06:34:57.048+0530] {dag.py:3954} INFO - Setting next_dagrun for dataset_consumes_1 to None, run_after=None
[2026-03-10T06:34:57.048+0530] {logging_mixin.py:188} INFO - [2026-03-10T06:34:57.048+0530] {dag.py:3954} INFO - Setting next_dagrun for dataset_consumes_1_and_2 to None, run_after=None
[2026-03-10T06:34:57.048+0530] {logging_mixin.py:188} INFO - [2026-03-10T06:34:57.048+0530] {dag.py:3954} INFO - Setting next_dagrun for dataset_consumes_1_never_scheduled to None, run_after=None
[2026-03-10T06:34:57.048+0530] {logging_mixin.py:188} INFO - [2026-03-10T06:34:57.048+0530] {dag.py:3954} INFO - Setting next_dagrun for dataset_consumes_unknown_never_scheduled to None, run_after=None
[2026-03-10T06:34:57.049+0530] {logging_mixin.py:188} INFO - [2026-03-10T06:34:57.049+0530] {dag.py:3954} INFO - Setting next_dagrun for dataset_produces_1 to 2026-03-09 00:00:00+00:00, run_after=2026-03-10 00:00:00+00:00
[2026-03-10T06:34:57.049+0530] {logging_mixin.py:188} INFO - [2026-03-10T06:34:57.049+0530] {dag.py:3954} INFO - Setting next_dagrun for dataset_produces_2 to None, run_after=None
[2026-03-10T06:34:57.058+0530] {processor.py:183} INFO - Processing /Users/aswin/Documents/data-engineering-practice/ETL_Airflow_DBT/airflow/airflow_env/lib/python3.11/site-packages/airflow/example_dags/example_datasets.py took 0.079 seconds
[2026-03-10T06:36:30.406+0530] {processor.py:161} INFO - Started process (PID=23953) to work on /Users/aswin/Documents/data-engineering-practice/ETL_Airflow_DBT/airflow/airflow_env/lib/python3.11/site-packages/airflow/example_dags/example_datasets.py
[2026-03-10T06:36:30.407+0530] {processor.py:830} INFO - Processing file /Users/aswin/Documents/data-engineering-practice/ETL_Airflow_DBT/airflow/airflow_env/lib/python3.11/site-packages/airflow/example_dags/example_datasets.py for tasks to queue
[2026-03-10T06:36:30.408+0530] {logging_mixin.py:188} INFO - [2026-03-10T06:36:30.408+0530] {dagbag.py:540} INFO - Filling up the DagBag from /Users/aswin/Documents/data-engineering-practice/ETL_Airflow_DBT/airflow/airflow_env/lib/python3.11/site-packages/airflow/example_dags/example_datasets.py
[2026-03-10T06:36:30.429+0530] {processor.py:840} INFO - DAG(s) 'dataset_consumes_unknown_never_scheduled', 'dataset_consumes_1_and_2', 'consume_1_and_2_with_dataset_expressions', 'consume_1_or_both_2_and_3_with_dataset_expressions', 'dataset_consumes_1', 'consume_1_or_2_with_dataset_expressions', 'dataset_consumes_1_never_scheduled', 'dataset_produces_2', 'dataset_produces_1', 'conditional_dataset_and_time_based_timetable' retrieved from /Users/aswin/Documents/data-engineering-practice/ETL_Airflow_DBT/airflow/airflow_env/lib/python3.11/site-packages/airflow/example_dags/example_datasets.py
[2026-03-10T06:36:30.464+0530] {logging_mixin.py:188} INFO - [2026-03-10T06:36:30.464+0530] {dag.py:3096} INFO - Sync 10 DAGs
[2026-03-10T06:36:30.471+0530] {logging_mixin.py:188} INFO - [2026-03-10T06:36:30.471+0530] {dag.py:3954} INFO - Setting next_dagrun for conditional_dataset_and_time_based_timetable to 2026-03-04 01:00:00+00:00, run_after=2026-03-04 01:00:00+00:00
[2026-03-10T06:36:30.472+0530] {logging_mixin.py:188} INFO - [2026-03-10T06:36:30.472+0530] {dag.py:3954} INFO - Setting next_dagrun for consume_1_and_2_with_dataset_expressions to None, run_after=None
[2026-03-10T06:36:30.472+0530] {logging_mixin.py:188} INFO - [2026-03-10T06:36:30.472+0530] {dag.py:3954} INFO - Setting next_dagrun for consume_1_or_2_with_dataset_expressions to None, run_after=None
[2026-03-10T06:36:30.472+0530] {logging_mixin.py:188} INFO - [2026-03-10T06:36:30.472+0530] {dag.py:3954} INFO - Setting next_dagrun for consume_1_or_both_2_and_3_with_dataset_expressions to None, run_after=None
[2026-03-10T06:36:30.473+0530] {logging_mixin.py:188} INFO - [2026-03-10T06:36:30.473+0530] {dag.py:3954} INFO - Setting next_dagrun for dataset_consumes_1 to None, run_after=None
[2026-03-10T06:36:30.473+0530] {logging_mixin.py:188} INFO - [2026-03-10T06:36:30.473+0530] {dag.py:3954} INFO - Setting next_dagrun for dataset_consumes_1_and_2 to None, run_after=None
[2026-03-10T06:36:30.473+0530] {logging_mixin.py:188} INFO - [2026-03-10T06:36:30.473+0530] {dag.py:3954} INFO - Setting next_dagrun for dataset_consumes_1_never_scheduled to None, run_after=None
[2026-03-10T06:36:30.473+0530] {logging_mixin.py:188} INFO - [2026-03-10T06:36:30.473+0530] {dag.py:3954} INFO - Setting next_dagrun for dataset_consumes_unknown_never_scheduled to None, run_after=None
[2026-03-10T06:36:30.474+0530] {logging_mixin.py:188} INFO - [2026-03-10T06:36:30.474+0530] {dag.py:3954} INFO - Setting next_dagrun for dataset_produces_1 to 2026-03-09 00:00:00+00:00, run_after=2026-03-10 00:00:00+00:00
[2026-03-10T06:36:30.474+0530] {logging_mixin.py:188} INFO - [2026-03-10T06:36:30.474+0530] {dag.py:3954} INFO - Setting next_dagrun for dataset_produces_2 to None, run_after=None
[2026-03-10T06:36:30.482+0530] {processor.py:183} INFO - Processing /Users/aswin/Documents/data-engineering-practice/ETL_Airflow_DBT/airflow/airflow_env/lib/python3.11/site-packages/airflow/example_dags/example_datasets.py took 0.077 seconds
[2026-03-10T06:38:03.925+0530] {processor.py:161} INFO - Started process (PID=24065) to work on /Users/aswin/Documents/data-engineering-practice/ETL_Airflow_DBT/airflow/airflow_env/lib/python3.11/site-packages/airflow/example_dags/example_datasets.py
[2026-03-10T06:38:03.926+0530] {processor.py:830} INFO - Processing file /Users/aswin/Documents/data-engineering-practice/ETL_Airflow_DBT/airflow/airflow_env/lib/python3.11/site-packages/airflow/example_dags/example_datasets.py for tasks to queue
[2026-03-10T06:38:03.926+0530] {logging_mixin.py:188} INFO - [2026-03-10T06:38:03.926+0530] {dagbag.py:540} INFO - Filling up the DagBag from /Users/aswin/Documents/data-engineering-practice/ETL_Airflow_DBT/airflow/airflow_env/lib/python3.11/site-packages/airflow/example_dags/example_datasets.py
[2026-03-10T06:38:03.949+0530] {processor.py:840} INFO - DAG(s) 'dataset_produces_2', 'dataset_consumes_1_and_2', 'conditional_dataset_and_time_based_timetable', 'dataset_consumes_1', 'dataset_consumes_unknown_never_scheduled', 'consume_1_or_2_with_dataset_expressions', 'consume_1_or_both_2_and_3_with_dataset_expressions', 'dataset_produces_1', 'consume_1_and_2_with_dataset_expressions', 'dataset_consumes_1_never_scheduled' retrieved from /Users/aswin/Documents/data-engineering-practice/ETL_Airflow_DBT/airflow/airflow_env/lib/python3.11/site-packages/airflow/example_dags/example_datasets.py
[2026-03-10T06:38:03.984+0530] {logging_mixin.py:188} INFO - [2026-03-10T06:38:03.984+0530] {dag.py:3096} INFO - Sync 10 DAGs
[2026-03-10T06:38:03.991+0530] {logging_mixin.py:188} INFO - [2026-03-10T06:38:03.991+0530] {dag.py:3954} INFO - Setting next_dagrun for conditional_dataset_and_time_based_timetable to 2026-03-04 01:00:00+00:00, run_after=2026-03-04 01:00:00+00:00
[2026-03-10T06:38:03.992+0530] {logging_mixin.py:188} INFO - [2026-03-10T06:38:03.992+0530] {dag.py:3954} INFO - Setting next_dagrun for consume_1_and_2_with_dataset_expressions to None, run_after=None
[2026-03-10T06:38:03.992+0530] {logging_mixin.py:188} INFO - [2026-03-10T06:38:03.992+0530] {dag.py:3954} INFO - Setting next_dagrun for consume_1_or_2_with_dataset_expressions to None, run_after=None
[2026-03-10T06:38:03.992+0530] {logging_mixin.py:188} INFO - [2026-03-10T06:38:03.992+0530] {dag.py:3954} INFO - Setting next_dagrun for consume_1_or_both_2_and_3_with_dataset_expressions to None, run_after=None
[2026-03-10T06:38:03.993+0530] {logging_mixin.py:188} INFO - [2026-03-10T06:38:03.992+0530] {dag.py:3954} INFO - Setting next_dagrun for dataset_consumes_1 to None, run_after=None
[2026-03-10T06:38:03.993+0530] {logging_mixin.py:188} INFO - [2026-03-10T06:38:03.993+0530] {dag.py:3954} INFO - Setting next_dagrun for dataset_consumes_1_and_2 to None, run_after=None
[2026-03-10T06:38:03.993+0530] {logging_mixin.py:188} INFO - [2026-03-10T06:38:03.993+0530] {dag.py:3954} INFO - Setting next_dagrun for dataset_consumes_1_never_scheduled to None, run_after=None
[2026-03-10T06:38:03.993+0530] {logging_mixin.py:188} INFO - [2026-03-10T06:38:03.993+0530] {dag.py:3954} INFO - Setting next_dagrun for dataset_consumes_unknown_never_scheduled to None, run_after=None
[2026-03-10T06:38:03.994+0530] {logging_mixin.py:188} INFO - [2026-03-10T06:38:03.994+0530] {dag.py:3954} INFO - Setting next_dagrun for dataset_produces_1 to 2026-03-09 00:00:00+00:00, run_after=2026-03-10 00:00:00+00:00
[2026-03-10T06:38:03.994+0530] {logging_mixin.py:188} INFO - [2026-03-10T06:38:03.994+0530] {dag.py:3954} INFO - Setting next_dagrun for dataset_produces_2 to None, run_after=None
[2026-03-10T06:38:04.002+0530] {processor.py:183} INFO - Processing /Users/aswin/Documents/data-engineering-practice/ETL_Airflow_DBT/airflow/airflow_env/lib/python3.11/site-packages/airflow/example_dags/example_datasets.py took 0.078 seconds
[2026-03-10T06:39:33.843+0530] {processor.py:161} INFO - Started process (PID=24160) to work on /Users/aswin/Documents/data-engineering-practice/ETL_Airflow_DBT/airflow/airflow_env/lib/python3.11/site-packages/airflow/example_dags/example_datasets.py
[2026-03-10T06:39:33.844+0530] {processor.py:830} INFO - Processing file /Users/aswin/Documents/data-engineering-practice/ETL_Airflow_DBT/airflow/airflow_env/lib/python3.11/site-packages/airflow/example_dags/example_datasets.py for tasks to queue
[2026-03-10T06:39:33.844+0530] {logging_mixin.py:188} INFO - [2026-03-10T06:39:33.844+0530] {dagbag.py:540} INFO - Filling up the DagBag from /Users/aswin/Documents/data-engineering-practice/ETL_Airflow_DBT/airflow/airflow_env/lib/python3.11/site-packages/airflow/example_dags/example_datasets.py
[2026-03-10T06:39:33.866+0530] {processor.py:840} INFO - DAG(s) 'conditional_dataset_and_time_based_timetable', 'dataset_consumes_1_and_2', 'dataset_consumes_unknown_never_scheduled', 'consume_1_or_both_2_and_3_with_dataset_expressions', 'dataset_produces_1', 'dataset_consumes_1', 'dataset_produces_2', 'consume_1_or_2_with_dataset_expressions', 'dataset_consumes_1_never_scheduled', 'consume_1_and_2_with_dataset_expressions' retrieved from /Users/aswin/Documents/data-engineering-practice/ETL_Airflow_DBT/airflow/airflow_env/lib/python3.11/site-packages/airflow/example_dags/example_datasets.py
[2026-03-10T06:39:33.902+0530] {logging_mixin.py:188} INFO - [2026-03-10T06:39:33.901+0530] {dag.py:3096} INFO - Sync 10 DAGs
[2026-03-10T06:39:33.908+0530] {logging_mixin.py:188} INFO - [2026-03-10T06:39:33.908+0530] {dag.py:3954} INFO - Setting next_dagrun for conditional_dataset_and_time_based_timetable to 2026-03-04 01:00:00+00:00, run_after=2026-03-04 01:00:00+00:00
[2026-03-10T06:39:33.909+0530] {logging_mixin.py:188} INFO - [2026-03-10T06:39:33.909+0530] {dag.py:3954} INFO - Setting next_dagrun for consume_1_and_2_with_dataset_expressions to None, run_after=None
[2026-03-10T06:39:33.909+0530] {logging_mixin.py:188} INFO - [2026-03-10T06:39:33.909+0530] {dag.py:3954} INFO - Setting next_dagrun for consume_1_or_2_with_dataset_expressions to None, run_after=None
[2026-03-10T06:39:33.909+0530] {logging_mixin.py:188} INFO - [2026-03-10T06:39:33.909+0530] {dag.py:3954} INFO - Setting next_dagrun for consume_1_or_both_2_and_3_with_dataset_expressions to None, run_after=None
[2026-03-10T06:39:33.910+0530] {logging_mixin.py:188} INFO - [2026-03-10T06:39:33.910+0530] {dag.py:3954} INFO - Setting next_dagrun for dataset_consumes_1 to None, run_after=None
[2026-03-10T06:39:33.910+0530] {logging_mixin.py:188} INFO - [2026-03-10T06:39:33.910+0530] {dag.py:3954} INFO - Setting next_dagrun for dataset_consumes_1_and_2 to None, run_after=None
[2026-03-10T06:39:33.910+0530] {logging_mixin.py:188} INFO - [2026-03-10T06:39:33.910+0530] {dag.py:3954} INFO - Setting next_dagrun for dataset_consumes_1_never_scheduled to None, run_after=None
[2026-03-10T06:39:33.910+0530] {logging_mixin.py:188} INFO - [2026-03-10T06:39:33.910+0530] {dag.py:3954} INFO - Setting next_dagrun for dataset_consumes_unknown_never_scheduled to None, run_after=None
[2026-03-10T06:39:33.911+0530] {logging_mixin.py:188} INFO - [2026-03-10T06:39:33.911+0530] {dag.py:3954} INFO - Setting next_dagrun for dataset_produces_1 to 2026-03-09 00:00:00+00:00, run_after=2026-03-10 00:00:00+00:00
[2026-03-10T06:39:33.911+0530] {logging_mixin.py:188} INFO - [2026-03-10T06:39:33.911+0530] {dag.py:3954} INFO - Setting next_dagrun for dataset_produces_2 to None, run_after=None
[2026-03-10T06:39:33.920+0530] {processor.py:183} INFO - Processing /Users/aswin/Documents/data-engineering-practice/ETL_Airflow_DBT/airflow/airflow_env/lib/python3.11/site-packages/airflow/example_dags/example_datasets.py took 0.077 seconds
[2026-03-10T06:41:08.182+0530] {processor.py:161} INFO - Started process (PID=24236) to work on /Users/aswin/Documents/data-engineering-practice/ETL_Airflow_DBT/airflow/airflow_env/lib/python3.11/site-packages/airflow/example_dags/example_datasets.py
[2026-03-10T06:41:08.183+0530] {processor.py:830} INFO - Processing file /Users/aswin/Documents/data-engineering-practice/ETL_Airflow_DBT/airflow/airflow_env/lib/python3.11/site-packages/airflow/example_dags/example_datasets.py for tasks to queue
[2026-03-10T06:41:08.183+0530] {logging_mixin.py:188} INFO - [2026-03-10T06:41:08.183+0530] {dagbag.py:540} INFO - Filling up the DagBag from /Users/aswin/Documents/data-engineering-practice/ETL_Airflow_DBT/airflow/airflow_env/lib/python3.11/site-packages/airflow/example_dags/example_datasets.py
[2026-03-10T06:41:08.202+0530] {processor.py:840} INFO - DAG(s) 'dataset_produces_2', 'consume_1_and_2_with_dataset_expressions', 'dataset_consumes_unknown_never_scheduled', 'consume_1_or_2_with_dataset_expressions', 'conditional_dataset_and_time_based_timetable', 'dataset_consumes_1_and_2', 'dataset_produces_1', 'dataset_consumes_1', 'consume_1_or_both_2_and_3_with_dataset_expressions', 'dataset_consumes_1_never_scheduled' retrieved from /Users/aswin/Documents/data-engineering-practice/ETL_Airflow_DBT/airflow/airflow_env/lib/python3.11/site-packages/airflow/example_dags/example_datasets.py
[2026-03-10T06:41:08.238+0530] {logging_mixin.py:188} INFO - [2026-03-10T06:41:08.238+0530] {dag.py:3096} INFO - Sync 10 DAGs
[2026-03-10T06:41:08.244+0530] {logging_mixin.py:188} INFO - [2026-03-10T06:41:08.244+0530] {dag.py:3954} INFO - Setting next_dagrun for conditional_dataset_and_time_based_timetable to 2026-03-04 01:00:00+00:00, run_after=2026-03-04 01:00:00+00:00
[2026-03-10T06:41:08.245+0530] {logging_mixin.py:188} INFO - [2026-03-10T06:41:08.245+0530] {dag.py:3954} INFO - Setting next_dagrun for consume_1_and_2_with_dataset_expressions to None, run_after=None
[2026-03-10T06:41:08.245+0530] {logging_mixin.py:188} INFO - [2026-03-10T06:41:08.245+0530] {dag.py:3954} INFO - Setting next_dagrun for consume_1_or_2_with_dataset_expressions to None, run_after=None
[2026-03-10T06:41:08.246+0530] {logging_mixin.py:188} INFO - [2026-03-10T06:41:08.246+0530] {dag.py:3954} INFO - Setting next_dagrun for consume_1_or_both_2_and_3_with_dataset_expressions to None, run_after=None
[2026-03-10T06:41:08.246+0530] {logging_mixin.py:188} INFO - [2026-03-10T06:41:08.246+0530] {dag.py:3954} INFO - Setting next_dagrun for dataset_consumes_1 to None, run_after=None
[2026-03-10T06:41:08.246+0530] {logging_mixin.py:188} INFO - [2026-03-10T06:41:08.246+0530] {dag.py:3954} INFO - Setting next_dagrun for dataset_consumes_1_and_2 to None, run_after=None
[2026-03-10T06:41:08.246+0530] {logging_mixin.py:188} INFO - [2026-03-10T06:41:08.246+0530] {dag.py:3954} INFO - Setting next_dagrun for dataset_consumes_1_never_scheduled to None, run_after=None
[2026-03-10T06:41:08.247+0530] {logging_mixin.py:188} INFO - [2026-03-10T06:41:08.247+0530] {dag.py:3954} INFO - Setting next_dagrun for dataset_consumes_unknown_never_scheduled to None, run_after=None
[2026-03-10T06:41:08.247+0530] {logging_mixin.py:188} INFO - [2026-03-10T06:41:08.247+0530] {dag.py:3954} INFO - Setting next_dagrun for dataset_produces_1 to 2026-03-09 00:00:00+00:00, run_after=2026-03-10 00:00:00+00:00
[2026-03-10T06:41:08.247+0530] {logging_mixin.py:188} INFO - [2026-03-10T06:41:08.247+0530] {dag.py:3954} INFO - Setting next_dagrun for dataset_produces_2 to None, run_after=None
[2026-03-10T06:41:08.256+0530] {processor.py:183} INFO - Processing /Users/aswin/Documents/data-engineering-practice/ETL_Airflow_DBT/airflow/airflow_env/lib/python3.11/site-packages/airflow/example_dags/example_datasets.py took 0.075 seconds
[2026-03-10T06:42:43.176+0530] {processor.py:161} INFO - Started process (PID=24314) to work on /Users/aswin/Documents/data-engineering-practice/ETL_Airflow_DBT/airflow/airflow_env/lib/python3.11/site-packages/airflow/example_dags/example_datasets.py
[2026-03-10T06:42:43.176+0530] {processor.py:830} INFO - Processing file /Users/aswin/Documents/data-engineering-practice/ETL_Airflow_DBT/airflow/airflow_env/lib/python3.11/site-packages/airflow/example_dags/example_datasets.py for tasks to queue
[2026-03-10T06:42:43.176+0530] {logging_mixin.py:188} INFO - [2026-03-10T06:42:43.176+0530] {dagbag.py:540} INFO - Filling up the DagBag from /Users/aswin/Documents/data-engineering-practice/ETL_Airflow_DBT/airflow/airflow_env/lib/python3.11/site-packages/airflow/example_dags/example_datasets.py
[2026-03-10T06:42:43.193+0530] {processor.py:840} INFO - DAG(s) 'dataset_consumes_1_and_2', 'dataset_produces_1', 'consume_1_and_2_with_dataset_expressions', 'dataset_consumes_unknown_never_scheduled', 'dataset_produces_2', 'consume_1_or_both_2_and_3_with_dataset_expressions', 'conditional_dataset_and_time_based_timetable', 'consume_1_or_2_with_dataset_expressions', 'dataset_consumes_1_never_scheduled', 'dataset_consumes_1' retrieved from /Users/aswin/Documents/data-engineering-practice/ETL_Airflow_DBT/airflow/airflow_env/lib/python3.11/site-packages/airflow/example_dags/example_datasets.py
[2026-03-10T06:42:43.229+0530] {logging_mixin.py:188} INFO - [2026-03-10T06:42:43.228+0530] {dag.py:3096} INFO - Sync 10 DAGs
[2026-03-10T06:42:43.235+0530] {logging_mixin.py:188} INFO - [2026-03-10T06:42:43.235+0530] {dag.py:3954} INFO - Setting next_dagrun for conditional_dataset_and_time_based_timetable to 2026-03-04 01:00:00+00:00, run_after=2026-03-04 01:00:00+00:00
[2026-03-10T06:42:43.236+0530] {logging_mixin.py:188} INFO - [2026-03-10T06:42:43.236+0530] {dag.py:3954} INFO - Setting next_dagrun for consume_1_and_2_with_dataset_expressions to None, run_after=None
[2026-03-10T06:42:43.236+0530] {logging_mixin.py:188} INFO - [2026-03-10T06:42:43.236+0530] {dag.py:3954} INFO - Setting next_dagrun for consume_1_or_2_with_dataset_expressions to None, run_after=None
[2026-03-10T06:42:43.236+0530] {logging_mixin.py:188} INFO - [2026-03-10T06:42:43.236+0530] {dag.py:3954} INFO - Setting next_dagrun for consume_1_or_both_2_and_3_with_dataset_expressions to None, run_after=None
[2026-03-10T06:42:43.237+0530] {logging_mixin.py:188} INFO - [2026-03-10T06:42:43.237+0530] {dag.py:3954} INFO - Setting next_dagrun for dataset_consumes_1 to None, run_after=None
[2026-03-10T06:42:43.237+0530] {logging_mixin.py:188} INFO - [2026-03-10T06:42:43.237+0530] {dag.py:3954} INFO - Setting next_dagrun for dataset_consumes_1_and_2 to None, run_after=None
[2026-03-10T06:42:43.237+0530] {logging_mixin.py:188} INFO - [2026-03-10T06:42:43.237+0530] {dag.py:3954} INFO - Setting next_dagrun for dataset_consumes_1_never_scheduled to None, run_after=None
[2026-03-10T06:42:43.237+0530] {logging_mixin.py:188} INFO - [2026-03-10T06:42:43.237+0530] {dag.py:3954} INFO - Setting next_dagrun for dataset_consumes_unknown_never_scheduled to None, run_after=None
[2026-03-10T06:42:43.238+0530] {logging_mixin.py:188} INFO - [2026-03-10T06:42:43.238+0530] {dag.py:3954} INFO - Setting next_dagrun for dataset_produces_1 to 2026-03-09 00:00:00+00:00, run_after=2026-03-10 00:00:00+00:00
[2026-03-10T06:42:43.238+0530] {logging_mixin.py:188} INFO - [2026-03-10T06:42:43.238+0530] {dag.py:3954} INFO - Setting next_dagrun for dataset_produces_2 to None, run_after=None
[2026-03-10T06:42:43.246+0530] {processor.py:183} INFO - Processing /Users/aswin/Documents/data-engineering-practice/ETL_Airflow_DBT/airflow/airflow_env/lib/python3.11/site-packages/airflow/example_dags/example_datasets.py took 0.072 seconds
[2026-03-10T06:51:18.309+0530] {processor.py:161} INFO - Started process (PID=24412) to work on /Users/aswin/Documents/data-engineering-practice/ETL_Airflow_DBT/airflow/airflow_env/lib/python3.11/site-packages/airflow/example_dags/example_datasets.py
[2026-03-10T06:51:18.310+0530] {processor.py:830} INFO - Processing file /Users/aswin/Documents/data-engineering-practice/ETL_Airflow_DBT/airflow/airflow_env/lib/python3.11/site-packages/airflow/example_dags/example_datasets.py for tasks to queue
[2026-03-10T06:51:18.310+0530] {logging_mixin.py:188} INFO - [2026-03-10T06:51:18.310+0530] {dagbag.py:540} INFO - Filling up the DagBag from /Users/aswin/Documents/data-engineering-practice/ETL_Airflow_DBT/airflow/airflow_env/lib/python3.11/site-packages/airflow/example_dags/example_datasets.py
[2026-03-10T06:51:18.327+0530] {processor.py:840} INFO - DAG(s) 'dataset_consumes_1', 'consume_1_or_both_2_and_3_with_dataset_expressions', 'dataset_produces_2', 'dataset_consumes_unknown_never_scheduled', 'consume_1_or_2_with_dataset_expressions', 'dataset_consumes_1_and_2', 'dataset_consumes_1_never_scheduled', 'conditional_dataset_and_time_based_timetable', 'consume_1_and_2_with_dataset_expressions', 'dataset_produces_1' retrieved from /Users/aswin/Documents/data-engineering-practice/ETL_Airflow_DBT/airflow/airflow_env/lib/python3.11/site-packages/airflow/example_dags/example_datasets.py
[2026-03-10T06:51:18.362+0530] {logging_mixin.py:188} INFO - [2026-03-10T06:51:18.362+0530] {dag.py:3096} INFO - Sync 10 DAGs
[2026-03-10T06:51:18.368+0530] {logging_mixin.py:188} INFO - [2026-03-10T06:51:18.368+0530] {dag.py:3954} INFO - Setting next_dagrun for conditional_dataset_and_time_based_timetable to 2026-03-04 01:00:00+00:00, run_after=2026-03-04 01:00:00+00:00
[2026-03-10T06:51:18.369+0530] {logging_mixin.py:188} INFO - [2026-03-10T06:51:18.369+0530] {dag.py:3954} INFO - Setting next_dagrun for consume_1_and_2_with_dataset_expressions to None, run_after=None
[2026-03-10T06:51:18.369+0530] {logging_mixin.py:188} INFO - [2026-03-10T06:51:18.369+0530] {dag.py:3954} INFO - Setting next_dagrun for consume_1_or_2_with_dataset_expressions to None, run_after=None
[2026-03-10T06:51:18.369+0530] {logging_mixin.py:188} INFO - [2026-03-10T06:51:18.369+0530] {dag.py:3954} INFO - Setting next_dagrun for consume_1_or_both_2_and_3_with_dataset_expressions to None, run_after=None
[2026-03-10T06:51:18.370+0530] {logging_mixin.py:188} INFO - [2026-03-10T06:51:18.370+0530] {dag.py:3954} INFO - Setting next_dagrun for dataset_consumes_1 to None, run_after=None
[2026-03-10T06:51:18.370+0530] {logging_mixin.py:188} INFO - [2026-03-10T06:51:18.370+0530] {dag.py:3954} INFO - Setting next_dagrun for dataset_consumes_1_and_2 to None, run_after=None
[2026-03-10T06:51:18.370+0530] {logging_mixin.py:188} INFO - [2026-03-10T06:51:18.370+0530] {dag.py:3954} INFO - Setting next_dagrun for dataset_consumes_1_never_scheduled to None, run_after=None
[2026-03-10T06:51:18.370+0530] {logging_mixin.py:188} INFO - [2026-03-10T06:51:18.370+0530] {dag.py:3954} INFO - Setting next_dagrun for dataset_consumes_unknown_never_scheduled to None, run_after=None
[2026-03-10T06:51:18.371+0530] {logging_mixin.py:188} INFO - [2026-03-10T06:51:18.371+0530] {dag.py:3954} INFO - Setting next_dagrun for dataset_produces_1 to 2026-03-09 00:00:00+00:00, run_after=2026-03-10 00:00:00+00:00
[2026-03-10T06:51:18.371+0530] {logging_mixin.py:188} INFO - [2026-03-10T06:51:18.371+0530] {dag.py:3954} INFO - Setting next_dagrun for dataset_produces_2 to None, run_after=None
[2026-03-10T06:51:18.379+0530] {processor.py:183} INFO - Processing /Users/aswin/Documents/data-engineering-practice/ETL_Airflow_DBT/airflow/airflow_env/lib/python3.11/site-packages/airflow/example_dags/example_datasets.py took 0.071 seconds
[2026-03-10T07:01:18.956+0530] {processor.py:161} INFO - Started process (PID=24518) to work on /Users/aswin/Documents/data-engineering-practice/ETL_Airflow_DBT/airflow/airflow_env/lib/python3.11/site-packages/airflow/example_dags/example_datasets.py
[2026-03-10T07:01:18.956+0530] {processor.py:830} INFO - Processing file /Users/aswin/Documents/data-engineering-practice/ETL_Airflow_DBT/airflow/airflow_env/lib/python3.11/site-packages/airflow/example_dags/example_datasets.py for tasks to queue
[2026-03-10T07:01:18.956+0530] {logging_mixin.py:188} INFO - [2026-03-10T07:01:18.956+0530] {dagbag.py:540} INFO - Filling up the DagBag from /Users/aswin/Documents/data-engineering-practice/ETL_Airflow_DBT/airflow/airflow_env/lib/python3.11/site-packages/airflow/example_dags/example_datasets.py
[2026-03-10T07:01:18.974+0530] {processor.py:840} INFO - DAG(s) 'consume_1_and_2_with_dataset_expressions', 'dataset_produces_1', 'conditional_dataset_and_time_based_timetable', 'consume_1_or_both_2_and_3_with_dataset_expressions', 'dataset_consumes_unknown_never_scheduled', 'consume_1_or_2_with_dataset_expressions', 'dataset_consumes_1', 'dataset_consumes_1_never_scheduled', 'dataset_consumes_1_and_2', 'dataset_produces_2' retrieved from /Users/aswin/Documents/data-engineering-practice/ETL_Airflow_DBT/airflow/airflow_env/lib/python3.11/site-packages/airflow/example_dags/example_datasets.py
[2026-03-10T07:01:19.009+0530] {logging_mixin.py:188} INFO - [2026-03-10T07:01:19.008+0530] {dag.py:3096} INFO - Sync 10 DAGs
[2026-03-10T07:01:19.015+0530] {logging_mixin.py:188} INFO - [2026-03-10T07:01:19.015+0530] {dag.py:3954} INFO - Setting next_dagrun for conditional_dataset_and_time_based_timetable to 2026-03-04 01:00:00+00:00, run_after=2026-03-04 01:00:00+00:00
[2026-03-10T07:01:19.016+0530] {logging_mixin.py:188} INFO - [2026-03-10T07:01:19.016+0530] {dag.py:3954} INFO - Setting next_dagrun for consume_1_and_2_with_dataset_expressions to None, run_after=None
[2026-03-10T07:01:19.016+0530] {logging_mixin.py:188} INFO - [2026-03-10T07:01:19.016+0530] {dag.py:3954} INFO - Setting next_dagrun for consume_1_or_2_with_dataset_expressions to None, run_after=None
[2026-03-10T07:01:19.016+0530] {logging_mixin.py:188} INFO - [2026-03-10T07:01:19.016+0530] {dag.py:3954} INFO - Setting next_dagrun for consume_1_or_both_2_and_3_with_dataset_expressions to None, run_after=None
[2026-03-10T07:01:19.016+0530] {logging_mixin.py:188} INFO - [2026-03-10T07:01:19.016+0530] {dag.py:3954} INFO - Setting next_dagrun for dataset_consumes_1 to None, run_after=None
[2026-03-10T07:01:19.017+0530] {logging_mixin.py:188} INFO - [2026-03-10T07:01:19.017+0530] {dag.py:3954} INFO - Setting next_dagrun for dataset_consumes_1_and_2 to None, run_after=None
[2026-03-10T07:01:19.017+0530] {logging_mixin.py:188} INFO - [2026-03-10T07:01:19.017+0530] {dag.py:3954} INFO - Setting next_dagrun for dataset_consumes_1_never_scheduled to None, run_after=None
[2026-03-10T07:01:19.017+0530] {logging_mixin.py:188} INFO - [2026-03-10T07:01:19.017+0530] {dag.py:3954} INFO - Setting next_dagrun for dataset_consumes_unknown_never_scheduled to None, run_after=None
[2026-03-10T07:01:19.018+0530] {logging_mixin.py:188} INFO - [2026-03-10T07:01:19.018+0530] {dag.py:3954} INFO - Setting next_dagrun for dataset_produces_1 to 2026-03-09 00:00:00+00:00, run_after=2026-03-10 00:00:00+00:00
[2026-03-10T07:01:19.018+0530] {logging_mixin.py:188} INFO - [2026-03-10T07:01:19.018+0530] {dag.py:3954} INFO - Setting next_dagrun for dataset_produces_2 to None, run_after=None
[2026-03-10T07:01:19.026+0530] {processor.py:183} INFO - Processing /Users/aswin/Documents/data-engineering-practice/ETL_Airflow_DBT/airflow/airflow_env/lib/python3.11/site-packages/airflow/example_dags/example_datasets.py took 0.071 seconds
[2026-03-10T07:02:50.212+0530] {processor.py:161} INFO - Started process (PID=24600) to work on /Users/aswin/Documents/data-engineering-practice/ETL_Airflow_DBT/airflow/airflow_env/lib/python3.11/site-packages/airflow/example_dags/example_datasets.py
[2026-03-10T07:02:50.212+0530] {processor.py:830} INFO - Processing file /Users/aswin/Documents/data-engineering-practice/ETL_Airflow_DBT/airflow/airflow_env/lib/python3.11/site-packages/airflow/example_dags/example_datasets.py for tasks to queue
[2026-03-10T07:02:50.212+0530] {logging_mixin.py:188} INFO - [2026-03-10T07:02:50.212+0530] {dagbag.py:540} INFO - Filling up the DagBag from /Users/aswin/Documents/data-engineering-practice/ETL_Airflow_DBT/airflow/airflow_env/lib/python3.11/site-packages/airflow/example_dags/example_datasets.py
[2026-03-10T07:02:50.235+0530] {processor.py:840} INFO - DAG(s) 'dataset_consumes_1_and_2', 'conditional_dataset_and_time_based_timetable', 'consume_1_or_2_with_dataset_expressions', 'consume_1_and_2_with_dataset_expressions', 'dataset_consumes_1_never_scheduled', 'dataset_consumes_unknown_never_scheduled', 'dataset_consumes_1', 'dataset_produces_1', 'consume_1_or_both_2_and_3_with_dataset_expressions', 'dataset_produces_2' retrieved from /Users/aswin/Documents/data-engineering-practice/ETL_Airflow_DBT/airflow/airflow_env/lib/python3.11/site-packages/airflow/example_dags/example_datasets.py
[2026-03-10T07:02:50.271+0530] {logging_mixin.py:188} INFO - [2026-03-10T07:02:50.271+0530] {dag.py:3096} INFO - Sync 10 DAGs
[2026-03-10T07:02:50.277+0530] {logging_mixin.py:188} INFO - [2026-03-10T07:02:50.277+0530] {dag.py:3954} INFO - Setting next_dagrun for conditional_dataset_and_time_based_timetable to 2026-03-04 01:00:00+00:00, run_after=2026-03-04 01:00:00+00:00
[2026-03-10T07:02:50.278+0530] {logging_mixin.py:188} INFO - [2026-03-10T07:02:50.278+0530] {dag.py:3954} INFO - Setting next_dagrun for consume_1_and_2_with_dataset_expressions to None, run_after=None
[2026-03-10T07:02:50.279+0530] {logging_mixin.py:188} INFO - [2026-03-10T07:02:50.278+0530] {dag.py:3954} INFO - Setting next_dagrun for consume_1_or_2_with_dataset_expressions to None, run_after=None
[2026-03-10T07:02:50.279+0530] {logging_mixin.py:188} INFO - [2026-03-10T07:02:50.279+0530] {dag.py:3954} INFO - Setting next_dagrun for consume_1_or_both_2_and_3_with_dataset_expressions to None, run_after=None
[2026-03-10T07:02:50.279+0530] {logging_mixin.py:188} INFO - [2026-03-10T07:02:50.279+0530] {dag.py:3954} INFO - Setting next_dagrun for dataset_consumes_1 to None, run_after=None
[2026-03-10T07:02:50.279+0530] {logging_mixin.py:188} INFO - [2026-03-10T07:02:50.279+0530] {dag.py:3954} INFO - Setting next_dagrun for dataset_consumes_1_and_2 to None, run_after=None
[2026-03-10T07:02:50.279+0530] {logging_mixin.py:188} INFO - [2026-03-10T07:02:50.279+0530] {dag.py:3954} INFO - Setting next_dagrun for dataset_consumes_1_never_scheduled to None, run_after=None
[2026-03-10T07:02:50.280+0530] {logging_mixin.py:188} INFO - [2026-03-10T07:02:50.280+0530] {dag.py:3954} INFO - Setting next_dagrun for dataset_consumes_unknown_never_scheduled to None, run_after=None
[2026-03-10T07:02:50.280+0530] {logging_mixin.py:188} INFO - [2026-03-10T07:02:50.280+0530] {dag.py:3954} INFO - Setting next_dagrun for dataset_produces_1 to 2026-03-09 00:00:00+00:00, run_after=2026-03-10 00:00:00+00:00
[2026-03-10T07:02:50.280+0530] {logging_mixin.py:188} INFO - [2026-03-10T07:02:50.280+0530] {dag.py:3954} INFO - Setting next_dagrun for dataset_produces_2 to None, run_after=None
[2026-03-10T07:02:50.288+0530] {processor.py:183} INFO - Processing /Users/aswin/Documents/data-engineering-practice/ETL_Airflow_DBT/airflow/airflow_env/lib/python3.11/site-packages/airflow/example_dags/example_datasets.py took 0.078 seconds
[2026-03-10T07:11:17.022+0530] {processor.py:161} INFO - Started process (PID=24713) to work on /Users/aswin/Documents/data-engineering-practice/ETL_Airflow_DBT/airflow/airflow_env/lib/python3.11/site-packages/airflow/example_dags/example_datasets.py
[2026-03-10T07:11:17.023+0530] {processor.py:830} INFO - Processing file /Users/aswin/Documents/data-engineering-practice/ETL_Airflow_DBT/airflow/airflow_env/lib/python3.11/site-packages/airflow/example_dags/example_datasets.py for tasks to queue
[2026-03-10T07:11:17.023+0530] {logging_mixin.py:188} INFO - [2026-03-10T07:11:17.023+0530] {dagbag.py:540} INFO - Filling up the DagBag from /Users/aswin/Documents/data-engineering-practice/ETL_Airflow_DBT/airflow/airflow_env/lib/python3.11/site-packages/airflow/example_dags/example_datasets.py
[2026-03-10T07:11:17.045+0530] {processor.py:840} INFO - DAG(s) 'consume_1_and_2_with_dataset_expressions', 'dataset_consumes_1_never_scheduled', 'dataset_consumes_1', 'conditional_dataset_and_time_based_timetable', 'consume_1_or_both_2_and_3_with_dataset_expressions', 'dataset_consumes_1_and_2', 'dataset_produces_2', 'dataset_produces_1', 'dataset_consumes_unknown_never_scheduled', 'consume_1_or_2_with_dataset_expressions' retrieved from /Users/aswin/Documents/data-engineering-practice/ETL_Airflow_DBT/airflow/airflow_env/lib/python3.11/site-packages/airflow/example_dags/example_datasets.py
[2026-03-10T07:11:17.080+0530] {logging_mixin.py:188} INFO - [2026-03-10T07:11:17.080+0530] {dag.py:3096} INFO - Sync 10 DAGs
[2026-03-10T07:11:17.086+0530] {logging_mixin.py:188} INFO - [2026-03-10T07:11:17.086+0530] {dag.py:3954} INFO - Setting next_dagrun for conditional_dataset_and_time_based_timetable to 2026-03-04 01:00:00+00:00, run_after=2026-03-04 01:00:00+00:00
[2026-03-10T07:11:17.087+0530] {logging_mixin.py:188} INFO - [2026-03-10T07:11:17.087+0530] {dag.py:3954} INFO - Setting next_dagrun for consume_1_and_2_with_dataset_expressions to None, run_after=None
[2026-03-10T07:11:17.088+0530] {logging_mixin.py:188} INFO - [2026-03-10T07:11:17.088+0530] {dag.py:3954} INFO - Setting next_dagrun for consume_1_or_2_with_dataset_expressions to None, run_after=None
[2026-03-10T07:11:17.088+0530] {logging_mixin.py:188} INFO - [2026-03-10T07:11:17.088+0530] {dag.py:3954} INFO - Setting next_dagrun for consume_1_or_both_2_and_3_with_dataset_expressions to None, run_after=None
[2026-03-10T07:11:17.088+0530] {logging_mixin.py:188} INFO - [2026-03-10T07:11:17.088+0530] {dag.py:3954} INFO - Setting next_dagrun for dataset_consumes_1 to None, run_after=None
[2026-03-10T07:11:17.088+0530] {logging_mixin.py:188} INFO - [2026-03-10T07:11:17.088+0530] {dag.py:3954} INFO - Setting next_dagrun for dataset_consumes_1_and_2 to None, run_after=None
[2026-03-10T07:11:17.089+0530] {logging_mixin.py:188} INFO - [2026-03-10T07:11:17.089+0530] {dag.py:3954} INFO - Setting next_dagrun for dataset_consumes_1_never_scheduled to None, run_after=None
[2026-03-10T07:11:17.089+0530] {logging_mixin.py:188} INFO - [2026-03-10T07:11:17.089+0530] {dag.py:3954} INFO - Setting next_dagrun for dataset_consumes_unknown_never_scheduled to None, run_after=None
[2026-03-10T07:11:17.089+0530] {logging_mixin.py:188} INFO - [2026-03-10T07:11:17.089+0530] {dag.py:3954} INFO - Setting next_dagrun for dataset_produces_1 to 2026-03-09 00:00:00+00:00, run_after=2026-03-10 00:00:00+00:00
[2026-03-10T07:11:17.090+0530] {logging_mixin.py:188} INFO - [2026-03-10T07:11:17.090+0530] {dag.py:3954} INFO - Setting next_dagrun for dataset_produces_2 to None, run_after=None
[2026-03-10T07:11:17.098+0530] {processor.py:183} INFO - Processing /Users/aswin/Documents/data-engineering-practice/ETL_Airflow_DBT/airflow/airflow_env/lib/python3.11/site-packages/airflow/example_dags/example_datasets.py took 0.076 seconds
[2026-03-10T07:19:54.127+0530] {processor.py:161} INFO - Started process (PID=24833) to work on /Users/aswin/Documents/data-engineering-practice/ETL_Airflow_DBT/airflow/airflow_env/lib/python3.11/site-packages/airflow/example_dags/example_datasets.py
[2026-03-10T07:19:54.127+0530] {processor.py:830} INFO - Processing file /Users/aswin/Documents/data-engineering-practice/ETL_Airflow_DBT/airflow/airflow_env/lib/python3.11/site-packages/airflow/example_dags/example_datasets.py for tasks to queue
[2026-03-10T07:19:54.127+0530] {logging_mixin.py:188} INFO - [2026-03-10T07:19:54.127+0530] {dagbag.py:540} INFO - Filling up the DagBag from /Users/aswin/Documents/data-engineering-practice/ETL_Airflow_DBT/airflow/airflow_env/lib/python3.11/site-packages/airflow/example_dags/example_datasets.py
[2026-03-10T07:19:54.140+0530] {processor.py:840} INFO - DAG(s) 'consume_1_or_2_with_dataset_expressions', 'conditional_dataset_and_time_based_timetable', 'consume_1_or_both_2_and_3_with_dataset_expressions', 'dataset_consumes_1_and_2', 'dataset_produces_1', 'consume_1_and_2_with_dataset_expressions', 'dataset_produces_2', 'dataset_consumes_1', 'dataset_consumes_1_never_scheduled', 'dataset_consumes_unknown_never_scheduled' retrieved from /Users/aswin/Documents/data-engineering-practice/ETL_Airflow_DBT/airflow/airflow_env/lib/python3.11/site-packages/airflow/example_dags/example_datasets.py
[2026-03-10T07:19:54.175+0530] {logging_mixin.py:188} INFO - [2026-03-10T07:19:54.175+0530] {dag.py:3096} INFO - Sync 10 DAGs
[2026-03-10T07:19:54.181+0530] {logging_mixin.py:188} INFO - [2026-03-10T07:19:54.181+0530] {dag.py:3954} INFO - Setting next_dagrun for conditional_dataset_and_time_based_timetable to 2026-03-04 01:00:00+00:00, run_after=2026-03-04 01:00:00+00:00
[2026-03-10T07:19:54.182+0530] {logging_mixin.py:188} INFO - [2026-03-10T07:19:54.182+0530] {dag.py:3954} INFO - Setting next_dagrun for consume_1_and_2_with_dataset_expressions to None, run_after=None
[2026-03-10T07:19:54.182+0530] {logging_mixin.py:188} INFO - [2026-03-10T07:19:54.182+0530] {dag.py:3954} INFO - Setting next_dagrun for consume_1_or_2_with_dataset_expressions to None, run_after=None
[2026-03-10T07:19:54.183+0530] {logging_mixin.py:188} INFO - [2026-03-10T07:19:54.183+0530] {dag.py:3954} INFO - Setting next_dagrun for consume_1_or_both_2_and_3_with_dataset_expressions to None, run_after=None
[2026-03-10T07:19:54.183+0530] {logging_mixin.py:188} INFO - [2026-03-10T07:19:54.183+0530] {dag.py:3954} INFO - Setting next_dagrun for dataset_consumes_1 to None, run_after=None
[2026-03-10T07:19:54.183+0530] {logging_mixin.py:188} INFO - [2026-03-10T07:19:54.183+0530] {dag.py:3954} INFO - Setting next_dagrun for dataset_consumes_1_and_2 to None, run_after=None
[2026-03-10T07:19:54.183+0530] {logging_mixin.py:188} INFO - [2026-03-10T07:19:54.183+0530] {dag.py:3954} INFO - Setting next_dagrun for dataset_consumes_1_never_scheduled to None, run_after=None
[2026-03-10T07:19:54.183+0530] {logging_mixin.py:188} INFO - [2026-03-10T07:19:54.183+0530] {dag.py:3954} INFO - Setting next_dagrun for dataset_consumes_unknown_never_scheduled to None, run_after=None
[2026-03-10T07:19:54.184+0530] {logging_mixin.py:188} INFO - [2026-03-10T07:19:54.184+0530] {dag.py:3954} INFO - Setting next_dagrun for dataset_produces_1 to 2026-03-09 00:00:00+00:00, run_after=2026-03-10 00:00:00+00:00
[2026-03-10T07:19:54.184+0530] {logging_mixin.py:188} INFO - [2026-03-10T07:19:54.184+0530] {dag.py:3954} INFO - Setting next_dagrun for dataset_produces_2 to None, run_after=None
[2026-03-10T07:19:54.192+0530] {processor.py:183} INFO - Processing /Users/aswin/Documents/data-engineering-practice/ETL_Airflow_DBT/airflow/airflow_env/lib/python3.11/site-packages/airflow/example_dags/example_datasets.py took 0.066 seconds
[2026-03-10T07:26:08.602+0530] {processor.py:161} INFO - Started process (PID=24931) to work on /Users/aswin/Documents/data-engineering-practice/ETL_Airflow_DBT/airflow/airflow_env/lib/python3.11/site-packages/airflow/example_dags/example_datasets.py
[2026-03-10T07:26:08.603+0530] {processor.py:830} INFO - Processing file /Users/aswin/Documents/data-engineering-practice/ETL_Airflow_DBT/airflow/airflow_env/lib/python3.11/site-packages/airflow/example_dags/example_datasets.py for tasks to queue
[2026-03-10T07:26:08.603+0530] {logging_mixin.py:188} INFO - [2026-03-10T07:26:08.603+0530] {dagbag.py:540} INFO - Filling up the DagBag from /Users/aswin/Documents/data-engineering-practice/ETL_Airflow_DBT/airflow/airflow_env/lib/python3.11/site-packages/airflow/example_dags/example_datasets.py
[2026-03-10T07:26:08.616+0530] {processor.py:840} INFO - DAG(s) 'consume_1_and_2_with_dataset_expressions', 'dataset_consumes_1_and_2', 'dataset_consumes_1_never_scheduled', 'dataset_produces_2', 'dataset_produces_1', 'consume_1_or_2_with_dataset_expressions', 'dataset_consumes_1', 'conditional_dataset_and_time_based_timetable', 'consume_1_or_both_2_and_3_with_dataset_expressions', 'dataset_consumes_unknown_never_scheduled' retrieved from /Users/aswin/Documents/data-engineering-practice/ETL_Airflow_DBT/airflow/airflow_env/lib/python3.11/site-packages/airflow/example_dags/example_datasets.py
[2026-03-10T07:26:08.650+0530] {logging_mixin.py:188} INFO - [2026-03-10T07:26:08.650+0530] {dag.py:3096} INFO - Sync 10 DAGs
[2026-03-10T07:26:08.657+0530] {logging_mixin.py:188} INFO - [2026-03-10T07:26:08.657+0530] {dag.py:3954} INFO - Setting next_dagrun for conditional_dataset_and_time_based_timetable to 2026-03-04 01:00:00+00:00, run_after=2026-03-04 01:00:00+00:00
[2026-03-10T07:26:08.658+0530] {logging_mixin.py:188} INFO - [2026-03-10T07:26:08.658+0530] {dag.py:3954} INFO - Setting next_dagrun for consume_1_and_2_with_dataset_expressions to None, run_after=None
[2026-03-10T07:26:08.658+0530] {logging_mixin.py:188} INFO - [2026-03-10T07:26:08.658+0530] {dag.py:3954} INFO - Setting next_dagrun for consume_1_or_2_with_dataset_expressions to None, run_after=None
[2026-03-10T07:26:08.658+0530] {logging_mixin.py:188} INFO - [2026-03-10T07:26:08.658+0530] {dag.py:3954} INFO - Setting next_dagrun for consume_1_or_both_2_and_3_with_dataset_expressions to None, run_after=None
[2026-03-10T07:26:08.659+0530] {logging_mixin.py:188} INFO - [2026-03-10T07:26:08.659+0530] {dag.py:3954} INFO - Setting next_dagrun for dataset_consumes_1 to None, run_after=None
[2026-03-10T07:26:08.659+0530] {logging_mixin.py:188} INFO - [2026-03-10T07:26:08.659+0530] {dag.py:3954} INFO - Setting next_dagrun for dataset_consumes_1_and_2 to None, run_after=None
[2026-03-10T07:26:08.659+0530] {logging_mixin.py:188} INFO - [2026-03-10T07:26:08.659+0530] {dag.py:3954} INFO - Setting next_dagrun for dataset_consumes_1_never_scheduled to None, run_after=None
[2026-03-10T07:26:08.659+0530] {logging_mixin.py:188} INFO - [2026-03-10T07:26:08.659+0530] {dag.py:3954} INFO - Setting next_dagrun for dataset_consumes_unknown_never_scheduled to None, run_after=None
[2026-03-10T07:26:08.660+0530] {logging_mixin.py:188} INFO - [2026-03-10T07:26:08.660+0530] {dag.py:3954} INFO - Setting next_dagrun for dataset_produces_1 to 2026-03-09 00:00:00+00:00, run_after=2026-03-10 00:00:00+00:00
[2026-03-10T07:26:08.660+0530] {logging_mixin.py:188} INFO - [2026-03-10T07:26:08.660+0530] {dag.py:3954} INFO - Setting next_dagrun for dataset_produces_2 to None, run_after=None
[2026-03-10T07:26:08.668+0530] {processor.py:183} INFO - Processing /Users/aswin/Documents/data-engineering-practice/ETL_Airflow_DBT/airflow/airflow_env/lib/python3.11/site-packages/airflow/example_dags/example_datasets.py took 0.067 seconds
[2026-03-10T07:33:49.861+0530] {processor.py:161} INFO - Started process (PID=25026) to work on /Users/aswin/Documents/data-engineering-practice/ETL_Airflow_DBT/airflow/airflow_env/lib/python3.11/site-packages/airflow/example_dags/example_datasets.py
[2026-03-10T07:33:49.861+0530] {processor.py:830} INFO - Processing file /Users/aswin/Documents/data-engineering-practice/ETL_Airflow_DBT/airflow/airflow_env/lib/python3.11/site-packages/airflow/example_dags/example_datasets.py for tasks to queue
[2026-03-10T07:33:49.861+0530] {logging_mixin.py:188} INFO - [2026-03-10T07:33:49.861+0530] {dagbag.py:540} INFO - Filling up the DagBag from /Users/aswin/Documents/data-engineering-practice/ETL_Airflow_DBT/airflow/airflow_env/lib/python3.11/site-packages/airflow/example_dags/example_datasets.py
[2026-03-10T07:33:49.878+0530] {processor.py:840} INFO - DAG(s) 'conditional_dataset_and_time_based_timetable', 'dataset_consumes_1_never_scheduled', 'dataset_consumes_1', 'dataset_produces_2', 'dataset_produces_1', 'dataset_consumes_1_and_2', 'consume_1_and_2_with_dataset_expressions', 'consume_1_or_both_2_and_3_with_dataset_expressions', 'consume_1_or_2_with_dataset_expressions', 'dataset_consumes_unknown_never_scheduled' retrieved from /Users/aswin/Documents/data-engineering-practice/ETL_Airflow_DBT/airflow/airflow_env/lib/python3.11/site-packages/airflow/example_dags/example_datasets.py
[2026-03-10T07:33:49.913+0530] {logging_mixin.py:188} INFO - [2026-03-10T07:33:49.913+0530] {dag.py:3096} INFO - Sync 10 DAGs
[2026-03-10T07:33:49.919+0530] {logging_mixin.py:188} INFO - [2026-03-10T07:33:49.919+0530] {dag.py:3954} INFO - Setting next_dagrun for conditional_dataset_and_time_based_timetable to 2026-03-04 01:00:00+00:00, run_after=2026-03-04 01:00:00+00:00
[2026-03-10T07:33:49.920+0530] {logging_mixin.py:188} INFO - [2026-03-10T07:33:49.920+0530] {dag.py:3954} INFO - Setting next_dagrun for consume_1_and_2_with_dataset_expressions to None, run_after=None
[2026-03-10T07:33:49.920+0530] {logging_mixin.py:188} INFO - [2026-03-10T07:33:49.920+0530] {dag.py:3954} INFO - Setting next_dagrun for consume_1_or_2_with_dataset_expressions to None, run_after=None
[2026-03-10T07:33:49.921+0530] {logging_mixin.py:188} INFO - [2026-03-10T07:33:49.920+0530] {dag.py:3954} INFO - Setting next_dagrun for consume_1_or_both_2_and_3_with_dataset_expressions to None, run_after=None
[2026-03-10T07:33:49.921+0530] {logging_mixin.py:188} INFO - [2026-03-10T07:33:49.921+0530] {dag.py:3954} INFO - Setting next_dagrun for dataset_consumes_1 to None, run_after=None
[2026-03-10T07:33:49.921+0530] {logging_mixin.py:188} INFO - [2026-03-10T07:33:49.921+0530] {dag.py:3954} INFO - Setting next_dagrun for dataset_consumes_1_and_2 to None, run_after=None
[2026-03-10T07:33:49.921+0530] {logging_mixin.py:188} INFO - [2026-03-10T07:33:49.921+0530] {dag.py:3954} INFO - Setting next_dagrun for dataset_consumes_1_never_scheduled to None, run_after=None
[2026-03-10T07:33:49.921+0530] {logging_mixin.py:188} INFO - [2026-03-10T07:33:49.921+0530] {dag.py:3954} INFO - Setting next_dagrun for dataset_consumes_unknown_never_scheduled to None, run_after=None
[2026-03-10T07:33:49.922+0530] {logging_mixin.py:188} INFO - [2026-03-10T07:33:49.922+0530] {dag.py:3954} INFO - Setting next_dagrun for dataset_produces_1 to 2026-03-09 00:00:00+00:00, run_after=2026-03-10 00:00:00+00:00
[2026-03-10T07:33:49.922+0530] {logging_mixin.py:188} INFO - [2026-03-10T07:33:49.922+0530] {dag.py:3954} INFO - Setting next_dagrun for dataset_produces_2 to None, run_after=None
[2026-03-10T07:33:49.930+0530] {processor.py:183} INFO - Processing /Users/aswin/Documents/data-engineering-practice/ETL_Airflow_DBT/airflow/airflow_env/lib/python3.11/site-packages/airflow/example_dags/example_datasets.py took 0.071 seconds
[2026-03-10T07:36:20.723+0530] {processor.py:161} INFO - Started process (PID=25111) to work on /Users/aswin/Documents/data-engineering-practice/ETL_Airflow_DBT/airflow/airflow_env/lib/python3.11/site-packages/airflow/example_dags/example_datasets.py
[2026-03-10T07:36:20.723+0530] {processor.py:830} INFO - Processing file /Users/aswin/Documents/data-engineering-practice/ETL_Airflow_DBT/airflow/airflow_env/lib/python3.11/site-packages/airflow/example_dags/example_datasets.py for tasks to queue
[2026-03-10T07:36:20.723+0530] {logging_mixin.py:188} INFO - [2026-03-10T07:36:20.723+0530] {dagbag.py:540} INFO - Filling up the DagBag from /Users/aswin/Documents/data-engineering-practice/ETL_Airflow_DBT/airflow/airflow_env/lib/python3.11/site-packages/airflow/example_dags/example_datasets.py
[2026-03-10T07:36:20.736+0530] {processor.py:840} INFO - DAG(s) 'consume_1_or_2_with_dataset_expressions', 'dataset_produces_2', 'consume_1_or_both_2_and_3_with_dataset_expressions', 'conditional_dataset_and_time_based_timetable', 'dataset_consumes_1_never_scheduled', 'consume_1_and_2_with_dataset_expressions', 'dataset_consumes_1', 'dataset_consumes_unknown_never_scheduled', 'dataset_consumes_1_and_2', 'dataset_produces_1' retrieved from /Users/aswin/Documents/data-engineering-practice/ETL_Airflow_DBT/airflow/airflow_env/lib/python3.11/site-packages/airflow/example_dags/example_datasets.py
[2026-03-10T07:36:20.771+0530] {logging_mixin.py:188} INFO - [2026-03-10T07:36:20.771+0530] {dag.py:3096} INFO - Sync 10 DAGs
[2026-03-10T07:36:20.777+0530] {logging_mixin.py:188} INFO - [2026-03-10T07:36:20.777+0530] {dag.py:3954} INFO - Setting next_dagrun for conditional_dataset_and_time_based_timetable to 2026-03-04 01:00:00+00:00, run_after=2026-03-04 01:00:00+00:00
[2026-03-10T07:36:20.778+0530] {logging_mixin.py:188} INFO - [2026-03-10T07:36:20.778+0530] {dag.py:3954} INFO - Setting next_dagrun for consume_1_and_2_with_dataset_expressions to None, run_after=None
[2026-03-10T07:36:20.778+0530] {logging_mixin.py:188} INFO - [2026-03-10T07:36:20.778+0530] {dag.py:3954} INFO - Setting next_dagrun for consume_1_or_2_with_dataset_expressions to None, run_after=None
[2026-03-10T07:36:20.778+0530] {logging_mixin.py:188} INFO - [2026-03-10T07:36:20.778+0530] {dag.py:3954} INFO - Setting next_dagrun for consume_1_or_both_2_and_3_with_dataset_expressions to None, run_after=None
[2026-03-10T07:36:20.779+0530] {logging_mixin.py:188} INFO - [2026-03-10T07:36:20.779+0530] {dag.py:3954} INFO - Setting next_dagrun for dataset_consumes_1 to None, run_after=None
[2026-03-10T07:36:20.779+0530] {logging_mixin.py:188} INFO - [2026-03-10T07:36:20.779+0530] {dag.py:3954} INFO - Setting next_dagrun for dataset_consumes_1_and_2 to None, run_after=None
[2026-03-10T07:36:20.779+0530] {logging_mixin.py:188} INFO - [2026-03-10T07:36:20.779+0530] {dag.py:3954} INFO - Setting next_dagrun for dataset_consumes_1_never_scheduled to None, run_after=None
[2026-03-10T07:36:20.779+0530] {logging_mixin.py:188} INFO - [2026-03-10T07:36:20.779+0530] {dag.py:3954} INFO - Setting next_dagrun for dataset_consumes_unknown_never_scheduled to None, run_after=None
[2026-03-10T07:36:20.780+0530] {logging_mixin.py:188} INFO - [2026-03-10T07:36:20.780+0530] {dag.py:3954} INFO - Setting next_dagrun for dataset_produces_1 to 2026-03-09 00:00:00+00:00, run_after=2026-03-10 00:00:00+00:00
[2026-03-10T07:36:20.780+0530] {logging_mixin.py:188} INFO - [2026-03-10T07:36:20.780+0530] {dag.py:3954} INFO - Setting next_dagrun for dataset_produces_2 to None, run_after=None
[2026-03-10T07:36:20.788+0530] {processor.py:183} INFO - Processing /Users/aswin/Documents/data-engineering-practice/ETL_Airflow_DBT/airflow/airflow_env/lib/python3.11/site-packages/airflow/example_dags/example_datasets.py took 0.067 seconds
[2026-03-10T07:45:05.526+0530] {processor.py:161} INFO - Started process (PID=25230) to work on /Users/aswin/Documents/data-engineering-practice/ETL_Airflow_DBT/airflow/airflow_env/lib/python3.11/site-packages/airflow/example_dags/example_datasets.py
[2026-03-10T07:45:05.527+0530] {processor.py:830} INFO - Processing file /Users/aswin/Documents/data-engineering-practice/ETL_Airflow_DBT/airflow/airflow_env/lib/python3.11/site-packages/airflow/example_dags/example_datasets.py for tasks to queue
[2026-03-10T07:45:05.527+0530] {logging_mixin.py:188} INFO - [2026-03-10T07:45:05.527+0530] {dagbag.py:540} INFO - Filling up the DagBag from /Users/aswin/Documents/data-engineering-practice/ETL_Airflow_DBT/airflow/airflow_env/lib/python3.11/site-packages/airflow/example_dags/example_datasets.py
[2026-03-10T07:45:05.545+0530] {processor.py:840} INFO - DAG(s) 'consume_1_or_both_2_and_3_with_dataset_expressions', 'dataset_produces_1', 'consume_1_or_2_with_dataset_expressions', 'dataset_produces_2', 'dataset_consumes_1_and_2', 'dataset_consumes_1', 'consume_1_and_2_with_dataset_expressions', 'dataset_consumes_unknown_never_scheduled', 'conditional_dataset_and_time_based_timetable', 'dataset_consumes_1_never_scheduled' retrieved from /Users/aswin/Documents/data-engineering-practice/ETL_Airflow_DBT/airflow/airflow_env/lib/python3.11/site-packages/airflow/example_dags/example_datasets.py
[2026-03-10T07:45:05.579+0530] {logging_mixin.py:188} INFO - [2026-03-10T07:45:05.579+0530] {dag.py:3096} INFO - Sync 10 DAGs
[2026-03-10T07:45:05.585+0530] {logging_mixin.py:188} INFO - [2026-03-10T07:45:05.585+0530] {dag.py:3954} INFO - Setting next_dagrun for conditional_dataset_and_time_based_timetable to 2026-03-04 01:00:00+00:00, run_after=2026-03-04 01:00:00+00:00
[2026-03-10T07:45:05.586+0530] {logging_mixin.py:188} INFO - [2026-03-10T07:45:05.586+0530] {dag.py:3954} INFO - Setting next_dagrun for consume_1_and_2_with_dataset_expressions to None, run_after=None
[2026-03-10T07:45:05.586+0530] {logging_mixin.py:188} INFO - [2026-03-10T07:45:05.586+0530] {dag.py:3954} INFO - Setting next_dagrun for consume_1_or_2_with_dataset_expressions to None, run_after=None
[2026-03-10T07:45:05.587+0530] {logging_mixin.py:188} INFO - [2026-03-10T07:45:05.587+0530] {dag.py:3954} INFO - Setting next_dagrun for consume_1_or_both_2_and_3_with_dataset_expressions to None, run_after=None
[2026-03-10T07:45:05.587+0530] {logging_mixin.py:188} INFO - [2026-03-10T07:45:05.587+0530] {dag.py:3954} INFO - Setting next_dagrun for dataset_consumes_1 to None, run_after=None
[2026-03-10T07:45:05.587+0530] {logging_mixin.py:188} INFO - [2026-03-10T07:45:05.587+0530] {dag.py:3954} INFO - Setting next_dagrun for dataset_consumes_1_and_2 to None, run_after=None
[2026-03-10T07:45:05.587+0530] {logging_mixin.py:188} INFO - [2026-03-10T07:45:05.587+0530] {dag.py:3954} INFO - Setting next_dagrun for dataset_consumes_1_never_scheduled to None, run_after=None
[2026-03-10T07:45:05.588+0530] {logging_mixin.py:188} INFO - [2026-03-10T07:45:05.588+0530] {dag.py:3954} INFO - Setting next_dagrun for dataset_consumes_unknown_never_scheduled to None, run_after=None
[2026-03-10T07:45:05.588+0530] {logging_mixin.py:188} INFO - [2026-03-10T07:45:05.588+0530] {dag.py:3954} INFO - Setting next_dagrun for dataset_produces_1 to 2026-03-09 00:00:00+00:00, run_after=2026-03-10 00:00:00+00:00
[2026-03-10T07:45:05.588+0530] {logging_mixin.py:188} INFO - [2026-03-10T07:45:05.588+0530] {dag.py:3954} INFO - Setting next_dagrun for dataset_produces_2 to None, run_after=None
[2026-03-10T07:45:05.596+0530] {processor.py:183} INFO - Processing /Users/aswin/Documents/data-engineering-practice/ETL_Airflow_DBT/airflow/airflow_env/lib/python3.11/site-packages/airflow/example_dags/example_datasets.py took 0.071 seconds
[2026-03-10T07:49:35.135+0530] {processor.py:161} INFO - Started process (PID=25328) to work on /Users/aswin/Documents/data-engineering-practice/ETL_Airflow_DBT/airflow/airflow_env/lib/python3.11/site-packages/airflow/example_dags/example_datasets.py
[2026-03-10T07:49:35.137+0530] {processor.py:830} INFO - Processing file /Users/aswin/Documents/data-engineering-practice/ETL_Airflow_DBT/airflow/airflow_env/lib/python3.11/site-packages/airflow/example_dags/example_datasets.py for tasks to queue
[2026-03-10T07:49:35.137+0530] {logging_mixin.py:188} INFO - [2026-03-10T07:49:35.137+0530] {dagbag.py:540} INFO - Filling up the DagBag from /Users/aswin/Documents/data-engineering-practice/ETL_Airflow_DBT/airflow/airflow_env/lib/python3.11/site-packages/airflow/example_dags/example_datasets.py
[2026-03-10T07:49:35.154+0530] {processor.py:840} INFO - DAG(s) 'dataset_consumes_1', 'consume_1_and_2_with_dataset_expressions', 'conditional_dataset_and_time_based_timetable', 'consume_1_or_2_with_dataset_expressions', 'consume_1_or_both_2_and_3_with_dataset_expressions', 'dataset_produces_2', 'dataset_consumes_1_never_scheduled', 'dataset_consumes_1_and_2', 'dataset_produces_1', 'dataset_consumes_unknown_never_scheduled' retrieved from /Users/aswin/Documents/data-engineering-practice/ETL_Airflow_DBT/airflow/airflow_env/lib/python3.11/site-packages/airflow/example_dags/example_datasets.py
[2026-03-10T07:49:35.194+0530] {logging_mixin.py:188} INFO - [2026-03-10T07:49:35.194+0530] {dag.py:3096} INFO - Sync 10 DAGs
[2026-03-10T07:49:35.202+0530] {logging_mixin.py:188} INFO - [2026-03-10T07:49:35.202+0530] {dag.py:3954} INFO - Setting next_dagrun for conditional_dataset_and_time_based_timetable to 2026-03-04 01:00:00+00:00, run_after=2026-03-04 01:00:00+00:00
[2026-03-10T07:49:35.203+0530] {logging_mixin.py:188} INFO - [2026-03-10T07:49:35.203+0530] {dag.py:3954} INFO - Setting next_dagrun for consume_1_and_2_with_dataset_expressions to None, run_after=None
[2026-03-10T07:49:35.203+0530] {logging_mixin.py:188} INFO - [2026-03-10T07:49:35.203+0530] {dag.py:3954} INFO - Setting next_dagrun for consume_1_or_2_with_dataset_expressions to None, run_after=None
[2026-03-10T07:49:35.203+0530] {logging_mixin.py:188} INFO - [2026-03-10T07:49:35.203+0530] {dag.py:3954} INFO - Setting next_dagrun for consume_1_or_both_2_and_3_with_dataset_expressions to None, run_after=None
[2026-03-10T07:49:35.204+0530] {logging_mixin.py:188} INFO - [2026-03-10T07:49:35.204+0530] {dag.py:3954} INFO - Setting next_dagrun for dataset_consumes_1 to None, run_after=None
[2026-03-10T07:49:35.204+0530] {logging_mixin.py:188} INFO - [2026-03-10T07:49:35.204+0530] {dag.py:3954} INFO - Setting next_dagrun for dataset_consumes_1_and_2 to None, run_after=None
[2026-03-10T07:49:35.204+0530] {logging_mixin.py:188} INFO - [2026-03-10T07:49:35.204+0530] {dag.py:3954} INFO - Setting next_dagrun for dataset_consumes_1_never_scheduled to None, run_after=None
[2026-03-10T07:49:35.204+0530] {logging_mixin.py:188} INFO - [2026-03-10T07:49:35.204+0530] {dag.py:3954} INFO - Setting next_dagrun for dataset_consumes_unknown_never_scheduled to None, run_after=None
[2026-03-10T07:49:35.205+0530] {logging_mixin.py:188} INFO - [2026-03-10T07:49:35.205+0530] {dag.py:3954} INFO - Setting next_dagrun for dataset_produces_1 to 2026-03-09 00:00:00+00:00, run_after=2026-03-10 00:00:00+00:00
[2026-03-10T07:49:35.205+0530] {logging_mixin.py:188} INFO - [2026-03-10T07:49:35.205+0530] {dag.py:3954} INFO - Setting next_dagrun for dataset_produces_2 to None, run_after=None
[2026-03-10T07:49:35.215+0530] {processor.py:183} INFO - Processing /Users/aswin/Documents/data-engineering-practice/ETL_Airflow_DBT/airflow/airflow_env/lib/python3.11/site-packages/airflow/example_dags/example_datasets.py took 0.080 seconds
[2026-03-10T07:52:08.190+0530] {processor.py:161} INFO - Started process (PID=25413) to work on /Users/aswin/Documents/data-engineering-practice/ETL_Airflow_DBT/airflow/airflow_env/lib/python3.11/site-packages/airflow/example_dags/example_datasets.py
[2026-03-10T07:52:08.191+0530] {processor.py:830} INFO - Processing file /Users/aswin/Documents/data-engineering-practice/ETL_Airflow_DBT/airflow/airflow_env/lib/python3.11/site-packages/airflow/example_dags/example_datasets.py for tasks to queue
[2026-03-10T07:52:08.191+0530] {logging_mixin.py:188} INFO - [2026-03-10T07:52:08.191+0530] {dagbag.py:540} INFO - Filling up the DagBag from /Users/aswin/Documents/data-engineering-practice/ETL_Airflow_DBT/airflow/airflow_env/lib/python3.11/site-packages/airflow/example_dags/example_datasets.py
[2026-03-10T07:52:08.208+0530] {processor.py:840} INFO - DAG(s) 'dataset_consumes_1_and_2', 'conditional_dataset_and_time_based_timetable', 'dataset_consumes_1_never_scheduled', 'dataset_produces_2', 'dataset_produces_1', 'consume_1_and_2_with_dataset_expressions', 'consume_1_or_2_with_dataset_expressions', 'dataset_consumes_1', 'consume_1_or_both_2_and_3_with_dataset_expressions', 'dataset_consumes_unknown_never_scheduled' retrieved from /Users/aswin/Documents/data-engineering-practice/ETL_Airflow_DBT/airflow/airflow_env/lib/python3.11/site-packages/airflow/example_dags/example_datasets.py
[2026-03-10T07:52:08.243+0530] {logging_mixin.py:188} INFO - [2026-03-10T07:52:08.243+0530] {dag.py:3096} INFO - Sync 10 DAGs
[2026-03-10T07:52:08.249+0530] {logging_mixin.py:188} INFO - [2026-03-10T07:52:08.249+0530] {dag.py:3954} INFO - Setting next_dagrun for conditional_dataset_and_time_based_timetable to 2026-03-04 01:00:00+00:00, run_after=2026-03-04 01:00:00+00:00
[2026-03-10T07:52:08.250+0530] {logging_mixin.py:188} INFO - [2026-03-10T07:52:08.250+0530] {dag.py:3954} INFO - Setting next_dagrun for consume_1_and_2_with_dataset_expressions to None, run_after=None
[2026-03-10T07:52:08.250+0530] {logging_mixin.py:188} INFO - [2026-03-10T07:52:08.250+0530] {dag.py:3954} INFO - Setting next_dagrun for consume_1_or_2_with_dataset_expressions to None, run_after=None
[2026-03-10T07:52:08.250+0530] {logging_mixin.py:188} INFO - [2026-03-10T07:52:08.250+0530] {dag.py:3954} INFO - Setting next_dagrun for consume_1_or_both_2_and_3_with_dataset_expressions to None, run_after=None
[2026-03-10T07:52:08.251+0530] {logging_mixin.py:188} INFO - [2026-03-10T07:52:08.251+0530] {dag.py:3954} INFO - Setting next_dagrun for dataset_consumes_1 to None, run_after=None
[2026-03-10T07:52:08.251+0530] {logging_mixin.py:188} INFO - [2026-03-10T07:52:08.251+0530] {dag.py:3954} INFO - Setting next_dagrun for dataset_consumes_1_and_2 to None, run_after=None
[2026-03-10T07:52:08.251+0530] {logging_mixin.py:188} INFO - [2026-03-10T07:52:08.251+0530] {dag.py:3954} INFO - Setting next_dagrun for dataset_consumes_1_never_scheduled to None, run_after=None
[2026-03-10T07:52:08.251+0530] {logging_mixin.py:188} INFO - [2026-03-10T07:52:08.251+0530] {dag.py:3954} INFO - Setting next_dagrun for dataset_consumes_unknown_never_scheduled to None, run_after=None
[2026-03-10T07:52:08.252+0530] {logging_mixin.py:188} INFO - [2026-03-10T07:52:08.252+0530] {dag.py:3954} INFO - Setting next_dagrun for dataset_produces_1 to 2026-03-09 00:00:00+00:00, run_after=2026-03-10 00:00:00+00:00
[2026-03-10T07:52:08.252+0530] {logging_mixin.py:188} INFO - [2026-03-10T07:52:08.252+0530] {dag.py:3954} INFO - Setting next_dagrun for dataset_produces_2 to None, run_after=None
[2026-03-10T07:52:08.260+0530] {processor.py:183} INFO - Processing /Users/aswin/Documents/data-engineering-practice/ETL_Airflow_DBT/airflow/airflow_env/lib/python3.11/site-packages/airflow/example_dags/example_datasets.py took 0.072 seconds
[2026-03-10T07:57:25.639+0530] {processor.py:161} INFO - Started process (PID=25535) to work on /Users/aswin/Documents/data-engineering-practice/ETL_Airflow_DBT/airflow/airflow_env/lib/python3.11/site-packages/airflow/example_dags/example_datasets.py
[2026-03-10T07:57:25.639+0530] {processor.py:830} INFO - Processing file /Users/aswin/Documents/data-engineering-practice/ETL_Airflow_DBT/airflow/airflow_env/lib/python3.11/site-packages/airflow/example_dags/example_datasets.py for tasks to queue
[2026-03-10T07:57:25.639+0530] {logging_mixin.py:188} INFO - [2026-03-10T07:57:25.639+0530] {dagbag.py:540} INFO - Filling up the DagBag from /Users/aswin/Documents/data-engineering-practice/ETL_Airflow_DBT/airflow/airflow_env/lib/python3.11/site-packages/airflow/example_dags/example_datasets.py
[2026-03-10T07:57:25.657+0530] {processor.py:840} INFO - DAG(s) 'dataset_produces_1', 'dataset_consumes_1_never_scheduled', 'consume_1_or_both_2_and_3_with_dataset_expressions', 'dataset_consumes_unknown_never_scheduled', 'dataset_consumes_1', 'consume_1_or_2_with_dataset_expressions', 'dataset_produces_2', 'dataset_consumes_1_and_2', 'conditional_dataset_and_time_based_timetable', 'consume_1_and_2_with_dataset_expressions' retrieved from /Users/aswin/Documents/data-engineering-practice/ETL_Airflow_DBT/airflow/airflow_env/lib/python3.11/site-packages/airflow/example_dags/example_datasets.py
[2026-03-10T07:57:25.692+0530] {logging_mixin.py:188} INFO - [2026-03-10T07:57:25.692+0530] {dag.py:3096} INFO - Sync 10 DAGs
[2026-03-10T07:57:25.699+0530] {logging_mixin.py:188} INFO - [2026-03-10T07:57:25.698+0530] {dag.py:3954} INFO - Setting next_dagrun for conditional_dataset_and_time_based_timetable to 2026-03-04 01:00:00+00:00, run_after=2026-03-04 01:00:00+00:00
[2026-03-10T07:57:25.699+0530] {logging_mixin.py:188} INFO - [2026-03-10T07:57:25.699+0530] {dag.py:3954} INFO - Setting next_dagrun for consume_1_and_2_with_dataset_expressions to None, run_after=None
[2026-03-10T07:57:25.700+0530] {logging_mixin.py:188} INFO - [2026-03-10T07:57:25.700+0530] {dag.py:3954} INFO - Setting next_dagrun for consume_1_or_2_with_dataset_expressions to None, run_after=None
[2026-03-10T07:57:25.700+0530] {logging_mixin.py:188} INFO - [2026-03-10T07:57:25.700+0530] {dag.py:3954} INFO - Setting next_dagrun for consume_1_or_both_2_and_3_with_dataset_expressions to None, run_after=None
[2026-03-10T07:57:25.700+0530] {logging_mixin.py:188} INFO - [2026-03-10T07:57:25.700+0530] {dag.py:3954} INFO - Setting next_dagrun for dataset_consumes_1 to None, run_after=None
[2026-03-10T07:57:25.700+0530] {logging_mixin.py:188} INFO - [2026-03-10T07:57:25.700+0530] {dag.py:3954} INFO - Setting next_dagrun for dataset_consumes_1_and_2 to None, run_after=None
[2026-03-10T07:57:25.701+0530] {logging_mixin.py:188} INFO - [2026-03-10T07:57:25.701+0530] {dag.py:3954} INFO - Setting next_dagrun for dataset_consumes_1_never_scheduled to None, run_after=None
[2026-03-10T07:57:25.701+0530] {logging_mixin.py:188} INFO - [2026-03-10T07:57:25.701+0530] {dag.py:3954} INFO - Setting next_dagrun for dataset_consumes_unknown_never_scheduled to None, run_after=None
[2026-03-10T07:57:25.702+0530] {logging_mixin.py:188} INFO - [2026-03-10T07:57:25.702+0530] {dag.py:3954} INFO - Setting next_dagrun for dataset_produces_1 to 2026-03-09 00:00:00+00:00, run_after=2026-03-10 00:00:00+00:00
[2026-03-10T07:57:25.702+0530] {logging_mixin.py:188} INFO - [2026-03-10T07:57:25.702+0530] {dag.py:3954} INFO - Setting next_dagrun for dataset_produces_2 to None, run_after=None
[2026-03-10T07:57:25.710+0530] {processor.py:183} INFO - Processing /Users/aswin/Documents/data-engineering-practice/ETL_Airflow_DBT/airflow/airflow_env/lib/python3.11/site-packages/airflow/example_dags/example_datasets.py took 0.072 seconds
[2026-03-10T07:59:02.252+0530] {processor.py:161} INFO - Started process (PID=25619) to work on /Users/aswin/Documents/data-engineering-practice/ETL_Airflow_DBT/airflow/airflow_env/lib/python3.11/site-packages/airflow/example_dags/example_datasets.py
[2026-03-10T07:59:02.252+0530] {processor.py:830} INFO - Processing file /Users/aswin/Documents/data-engineering-practice/ETL_Airflow_DBT/airflow/airflow_env/lib/python3.11/site-packages/airflow/example_dags/example_datasets.py for tasks to queue
[2026-03-10T07:59:02.252+0530] {logging_mixin.py:188} INFO - [2026-03-10T07:59:02.252+0530] {dagbag.py:540} INFO - Filling up the DagBag from /Users/aswin/Documents/data-engineering-practice/ETL_Airflow_DBT/airflow/airflow_env/lib/python3.11/site-packages/airflow/example_dags/example_datasets.py
[2026-03-10T07:59:02.274+0530] {processor.py:840} INFO - DAG(s) 'dataset_consumes_1', 'dataset_consumes_1_and_2', 'dataset_produces_1', 'consume_1_or_2_with_dataset_expressions', 'conditional_dataset_and_time_based_timetable', 'consume_1_and_2_with_dataset_expressions', 'dataset_consumes_1_never_scheduled', 'dataset_consumes_unknown_never_scheduled', 'dataset_produces_2', 'consume_1_or_both_2_and_3_with_dataset_expressions' retrieved from /Users/aswin/Documents/data-engineering-practice/ETL_Airflow_DBT/airflow/airflow_env/lib/python3.11/site-packages/airflow/example_dags/example_datasets.py
[2026-03-10T07:59:02.309+0530] {logging_mixin.py:188} INFO - [2026-03-10T07:59:02.309+0530] {dag.py:3096} INFO - Sync 10 DAGs
[2026-03-10T07:59:02.315+0530] {logging_mixin.py:188} INFO - [2026-03-10T07:59:02.315+0530] {dag.py:3954} INFO - Setting next_dagrun for conditional_dataset_and_time_based_timetable to 2026-03-04 01:00:00+00:00, run_after=2026-03-04 01:00:00+00:00
[2026-03-10T07:59:02.316+0530] {logging_mixin.py:188} INFO - [2026-03-10T07:59:02.316+0530] {dag.py:3954} INFO - Setting next_dagrun for consume_1_and_2_with_dataset_expressions to None, run_after=None
[2026-03-10T07:59:02.316+0530] {logging_mixin.py:188} INFO - [2026-03-10T07:59:02.316+0530] {dag.py:3954} INFO - Setting next_dagrun for consume_1_or_2_with_dataset_expressions to None, run_after=None
[2026-03-10T07:59:02.317+0530] {logging_mixin.py:188} INFO - [2026-03-10T07:59:02.317+0530] {dag.py:3954} INFO - Setting next_dagrun for consume_1_or_both_2_and_3_with_dataset_expressions to None, run_after=None
[2026-03-10T07:59:02.317+0530] {logging_mixin.py:188} INFO - [2026-03-10T07:59:02.317+0530] {dag.py:3954} INFO - Setting next_dagrun for dataset_consumes_1 to None, run_after=None
[2026-03-10T07:59:02.317+0530] {logging_mixin.py:188} INFO - [2026-03-10T07:59:02.317+0530] {dag.py:3954} INFO - Setting next_dagrun for dataset_consumes_1_and_2 to None, run_after=None
[2026-03-10T07:59:02.317+0530] {logging_mixin.py:188} INFO - [2026-03-10T07:59:02.317+0530] {dag.py:3954} INFO - Setting next_dagrun for dataset_consumes_1_never_scheduled to None, run_after=None
[2026-03-10T07:59:02.318+0530] {logging_mixin.py:188} INFO - [2026-03-10T07:59:02.317+0530] {dag.py:3954} INFO - Setting next_dagrun for dataset_consumes_unknown_never_scheduled to None, run_after=None
[2026-03-10T07:59:02.318+0530] {logging_mixin.py:188} INFO - [2026-03-10T07:59:02.318+0530] {dag.py:3954} INFO - Setting next_dagrun for dataset_produces_1 to 2026-03-09 00:00:00+00:00, run_after=2026-03-10 00:00:00+00:00
[2026-03-10T07:59:02.318+0530] {logging_mixin.py:188} INFO - [2026-03-10T07:59:02.318+0530] {dag.py:3954} INFO - Setting next_dagrun for dataset_produces_2 to None, run_after=None
[2026-03-10T07:59:02.326+0530] {processor.py:183} INFO - Processing /Users/aswin/Documents/data-engineering-practice/ETL_Airflow_DBT/airflow/airflow_env/lib/python3.11/site-packages/airflow/example_dags/example_datasets.py took 0.075 seconds
[2026-03-10T08:03:35.835+0530] {processor.py:161} INFO - Started process (PID=25761) to work on /Users/aswin/Documents/data-engineering-practice/ETL_Airflow_DBT/airflow/airflow_env/lib/python3.11/site-packages/airflow/example_dags/example_datasets.py
[2026-03-10T08:03:35.835+0530] {processor.py:830} INFO - Processing file /Users/aswin/Documents/data-engineering-practice/ETL_Airflow_DBT/airflow/airflow_env/lib/python3.11/site-packages/airflow/example_dags/example_datasets.py for tasks to queue
[2026-03-10T08:03:35.836+0530] {logging_mixin.py:188} INFO - [2026-03-10T08:03:35.836+0530] {dagbag.py:540} INFO - Filling up the DagBag from /Users/aswin/Documents/data-engineering-practice/ETL_Airflow_DBT/airflow/airflow_env/lib/python3.11/site-packages/airflow/example_dags/example_datasets.py
[2026-03-10T08:03:35.854+0530] {processor.py:840} INFO - DAG(s) 'dataset_produces_2', 'consume_1_and_2_with_dataset_expressions', 'dataset_produces_1', 'dataset_consumes_1', 'consume_1_or_both_2_and_3_with_dataset_expressions', 'dataset_consumes_unknown_never_scheduled', 'conditional_dataset_and_time_based_timetable', 'dataset_consumes_1_and_2', 'consume_1_or_2_with_dataset_expressions', 'dataset_consumes_1_never_scheduled' retrieved from /Users/aswin/Documents/data-engineering-practice/ETL_Airflow_DBT/airflow/airflow_env/lib/python3.11/site-packages/airflow/example_dags/example_datasets.py
[2026-03-10T08:03:35.890+0530] {logging_mixin.py:188} INFO - [2026-03-10T08:03:35.890+0530] {dag.py:3096} INFO - Sync 10 DAGs
[2026-03-10T08:03:35.896+0530] {logging_mixin.py:188} INFO - [2026-03-10T08:03:35.896+0530] {dag.py:3954} INFO - Setting next_dagrun for conditional_dataset_and_time_based_timetable to 2026-03-04 01:00:00+00:00, run_after=2026-03-04 01:00:00+00:00
[2026-03-10T08:03:35.897+0530] {logging_mixin.py:188} INFO - [2026-03-10T08:03:35.897+0530] {dag.py:3954} INFO - Setting next_dagrun for consume_1_and_2_with_dataset_expressions to None, run_after=None
[2026-03-10T08:03:35.897+0530] {logging_mixin.py:188} INFO - [2026-03-10T08:03:35.897+0530] {dag.py:3954} INFO - Setting next_dagrun for consume_1_or_2_with_dataset_expressions to None, run_after=None
[2026-03-10T08:03:35.898+0530] {logging_mixin.py:188} INFO - [2026-03-10T08:03:35.898+0530] {dag.py:3954} INFO - Setting next_dagrun for consume_1_or_both_2_and_3_with_dataset_expressions to None, run_after=None
[2026-03-10T08:03:35.898+0530] {logging_mixin.py:188} INFO - [2026-03-10T08:03:35.898+0530] {dag.py:3954} INFO - Setting next_dagrun for dataset_consumes_1 to None, run_after=None
[2026-03-10T08:03:35.898+0530] {logging_mixin.py:188} INFO - [2026-03-10T08:03:35.898+0530] {dag.py:3954} INFO - Setting next_dagrun for dataset_consumes_1_and_2 to None, run_after=None
[2026-03-10T08:03:35.898+0530] {logging_mixin.py:188} INFO - [2026-03-10T08:03:35.898+0530] {dag.py:3954} INFO - Setting next_dagrun for dataset_consumes_1_never_scheduled to None, run_after=None
[2026-03-10T08:03:35.899+0530] {logging_mixin.py:188} INFO - [2026-03-10T08:03:35.898+0530] {dag.py:3954} INFO - Setting next_dagrun for dataset_consumes_unknown_never_scheduled to None, run_after=None
[2026-03-10T08:03:35.899+0530] {logging_mixin.py:188} INFO - [2026-03-10T08:03:35.899+0530] {dag.py:3954} INFO - Setting next_dagrun for dataset_produces_1 to 2026-03-09 00:00:00+00:00, run_after=2026-03-10 00:00:00+00:00
[2026-03-10T08:03:35.899+0530] {logging_mixin.py:188} INFO - [2026-03-10T08:03:35.899+0530] {dag.py:3954} INFO - Setting next_dagrun for dataset_produces_2 to None, run_after=None
[2026-03-10T08:03:35.907+0530] {processor.py:183} INFO - Processing /Users/aswin/Documents/data-engineering-practice/ETL_Airflow_DBT/airflow/airflow_env/lib/python3.11/site-packages/airflow/example_dags/example_datasets.py took 0.073 seconds
[2026-03-10T08:05:05.502+0530] {processor.py:161} INFO - Started process (PID=25859) to work on /Users/aswin/Documents/data-engineering-practice/ETL_Airflow_DBT/airflow/airflow_env/lib/python3.11/site-packages/airflow/example_dags/example_datasets.py
[2026-03-10T08:05:05.502+0530] {processor.py:830} INFO - Processing file /Users/aswin/Documents/data-engineering-practice/ETL_Airflow_DBT/airflow/airflow_env/lib/python3.11/site-packages/airflow/example_dags/example_datasets.py for tasks to queue
[2026-03-10T08:05:05.502+0530] {logging_mixin.py:188} INFO - [2026-03-10T08:05:05.502+0530] {dagbag.py:540} INFO - Filling up the DagBag from /Users/aswin/Documents/data-engineering-practice/ETL_Airflow_DBT/airflow/airflow_env/lib/python3.11/site-packages/airflow/example_dags/example_datasets.py
[2026-03-10T08:05:05.520+0530] {processor.py:840} INFO - DAG(s) 'conditional_dataset_and_time_based_timetable', 'dataset_consumes_1_and_2', 'consume_1_and_2_with_dataset_expressions', 'dataset_consumes_unknown_never_scheduled', 'dataset_consumes_1_never_scheduled', 'dataset_produces_2', 'consume_1_or_both_2_and_3_with_dataset_expressions', 'consume_1_or_2_with_dataset_expressions', 'dataset_produces_1', 'dataset_consumes_1' retrieved from /Users/aswin/Documents/data-engineering-practice/ETL_Airflow_DBT/airflow/airflow_env/lib/python3.11/site-packages/airflow/example_dags/example_datasets.py
[2026-03-10T08:05:05.554+0530] {logging_mixin.py:188} INFO - [2026-03-10T08:05:05.554+0530] {dag.py:3096} INFO - Sync 10 DAGs
[2026-03-10T08:05:05.560+0530] {logging_mixin.py:188} INFO - [2026-03-10T08:05:05.560+0530] {dag.py:3954} INFO - Setting next_dagrun for conditional_dataset_and_time_based_timetable to 2026-03-04 01:00:00+00:00, run_after=2026-03-04 01:00:00+00:00
[2026-03-10T08:05:05.561+0530] {logging_mixin.py:188} INFO - [2026-03-10T08:05:05.561+0530] {dag.py:3954} INFO - Setting next_dagrun for consume_1_and_2_with_dataset_expressions to None, run_after=None
[2026-03-10T08:05:05.561+0530] {logging_mixin.py:188} INFO - [2026-03-10T08:05:05.561+0530] {dag.py:3954} INFO - Setting next_dagrun for consume_1_or_2_with_dataset_expressions to None, run_after=None
[2026-03-10T08:05:05.562+0530] {logging_mixin.py:188} INFO - [2026-03-10T08:05:05.562+0530] {dag.py:3954} INFO - Setting next_dagrun for consume_1_or_both_2_and_3_with_dataset_expressions to None, run_after=None
[2026-03-10T08:05:05.562+0530] {logging_mixin.py:188} INFO - [2026-03-10T08:05:05.562+0530] {dag.py:3954} INFO - Setting next_dagrun for dataset_consumes_1 to None, run_after=None
[2026-03-10T08:05:05.562+0530] {logging_mixin.py:188} INFO - [2026-03-10T08:05:05.562+0530] {dag.py:3954} INFO - Setting next_dagrun for dataset_consumes_1_and_2 to None, run_after=None
[2026-03-10T08:05:05.562+0530] {logging_mixin.py:188} INFO - [2026-03-10T08:05:05.562+0530] {dag.py:3954} INFO - Setting next_dagrun for dataset_consumes_1_never_scheduled to None, run_after=None
[2026-03-10T08:05:05.563+0530] {logging_mixin.py:188} INFO - [2026-03-10T08:05:05.563+0530] {dag.py:3954} INFO - Setting next_dagrun for dataset_consumes_unknown_never_scheduled to None, run_after=None
[2026-03-10T08:05:05.563+0530] {logging_mixin.py:188} INFO - [2026-03-10T08:05:05.563+0530] {dag.py:3954} INFO - Setting next_dagrun for dataset_produces_1 to 2026-03-09 00:00:00+00:00, run_after=2026-03-10 00:00:00+00:00
[2026-03-10T08:05:05.563+0530] {logging_mixin.py:188} INFO - [2026-03-10T08:05:05.563+0530] {dag.py:3954} INFO - Setting next_dagrun for dataset_produces_2 to None, run_after=None
[2026-03-10T08:05:05.571+0530] {processor.py:183} INFO - Processing /Users/aswin/Documents/data-engineering-practice/ETL_Airflow_DBT/airflow/airflow_env/lib/python3.11/site-packages/airflow/example_dags/example_datasets.py took 0.070 seconds
[2026-03-10T08:06:34.789+0530] {processor.py:161} INFO - Started process (PID=25961) to work on /Users/aswin/Documents/data-engineering-practice/ETL_Airflow_DBT/airflow/airflow_env/lib/python3.11/site-packages/airflow/example_dags/example_datasets.py
[2026-03-10T08:06:34.790+0530] {processor.py:830} INFO - Processing file /Users/aswin/Documents/data-engineering-practice/ETL_Airflow_DBT/airflow/airflow_env/lib/python3.11/site-packages/airflow/example_dags/example_datasets.py for tasks to queue
[2026-03-10T08:06:34.790+0530] {logging_mixin.py:188} INFO - [2026-03-10T08:06:34.790+0530] {dagbag.py:540} INFO - Filling up the DagBag from /Users/aswin/Documents/data-engineering-practice/ETL_Airflow_DBT/airflow/airflow_env/lib/python3.11/site-packages/airflow/example_dags/example_datasets.py
[2026-03-10T08:06:34.807+0530] {processor.py:840} INFO - DAG(s) 'consume_1_or_both_2_and_3_with_dataset_expressions', 'conditional_dataset_and_time_based_timetable', 'dataset_produces_1', 'dataset_consumes_unknown_never_scheduled', 'dataset_consumes_1_and_2', 'dataset_consumes_1_never_scheduled', 'dataset_produces_2', 'consume_1_and_2_with_dataset_expressions', 'consume_1_or_2_with_dataset_expressions', 'dataset_consumes_1' retrieved from /Users/aswin/Documents/data-engineering-practice/ETL_Airflow_DBT/airflow/airflow_env/lib/python3.11/site-packages/airflow/example_dags/example_datasets.py
[2026-03-10T08:06:34.842+0530] {logging_mixin.py:188} INFO - [2026-03-10T08:06:34.841+0530] {dag.py:3096} INFO - Sync 10 DAGs
[2026-03-10T08:06:34.848+0530] {logging_mixin.py:188} INFO - [2026-03-10T08:06:34.848+0530] {dag.py:3954} INFO - Setting next_dagrun for conditional_dataset_and_time_based_timetable to 2026-03-04 01:00:00+00:00, run_after=2026-03-04 01:00:00+00:00
[2026-03-10T08:06:34.848+0530] {logging_mixin.py:188} INFO - [2026-03-10T08:06:34.848+0530] {dag.py:3954} INFO - Setting next_dagrun for consume_1_and_2_with_dataset_expressions to None, run_after=None
[2026-03-10T08:06:34.849+0530] {logging_mixin.py:188} INFO - [2026-03-10T08:06:34.849+0530] {dag.py:3954} INFO - Setting next_dagrun for consume_1_or_2_with_dataset_expressions to None, run_after=None
[2026-03-10T08:06:34.849+0530] {logging_mixin.py:188} INFO - [2026-03-10T08:06:34.849+0530] {dag.py:3954} INFO - Setting next_dagrun for consume_1_or_both_2_and_3_with_dataset_expressions to None, run_after=None
[2026-03-10T08:06:34.849+0530] {logging_mixin.py:188} INFO - [2026-03-10T08:06:34.849+0530] {dag.py:3954} INFO - Setting next_dagrun for dataset_consumes_1 to None, run_after=None
[2026-03-10T08:06:34.849+0530] {logging_mixin.py:188} INFO - [2026-03-10T08:06:34.849+0530] {dag.py:3954} INFO - Setting next_dagrun for dataset_consumes_1_and_2 to None, run_after=None
[2026-03-10T08:06:34.850+0530] {logging_mixin.py:188} INFO - [2026-03-10T08:06:34.850+0530] {dag.py:3954} INFO - Setting next_dagrun for dataset_consumes_1_never_scheduled to None, run_after=None
[2026-03-10T08:06:34.850+0530] {logging_mixin.py:188} INFO - [2026-03-10T08:06:34.850+0530] {dag.py:3954} INFO - Setting next_dagrun for dataset_consumes_unknown_never_scheduled to None, run_after=None
[2026-03-10T08:06:34.850+0530] {logging_mixin.py:188} INFO - [2026-03-10T08:06:34.850+0530] {dag.py:3954} INFO - Setting next_dagrun for dataset_produces_1 to 2026-03-09 00:00:00+00:00, run_after=2026-03-10 00:00:00+00:00
[2026-03-10T08:06:34.851+0530] {logging_mixin.py:188} INFO - [2026-03-10T08:06:34.851+0530] {dag.py:3954} INFO - Setting next_dagrun for dataset_produces_2 to None, run_after=None
[2026-03-10T08:06:34.859+0530] {processor.py:183} INFO - Processing /Users/aswin/Documents/data-engineering-practice/ETL_Airflow_DBT/airflow/airflow_env/lib/python3.11/site-packages/airflow/example_dags/example_datasets.py took 0.070 seconds
[2026-03-10T08:13:43.831+0530] {processor.py:161} INFO - Started process (PID=26111) to work on /Users/aswin/Documents/data-engineering-practice/ETL_Airflow_DBT/airflow/airflow_env/lib/python3.11/site-packages/airflow/example_dags/example_datasets.py
[2026-03-10T08:13:43.832+0530] {processor.py:830} INFO - Processing file /Users/aswin/Documents/data-engineering-practice/ETL_Airflow_DBT/airflow/airflow_env/lib/python3.11/site-packages/airflow/example_dags/example_datasets.py for tasks to queue
[2026-03-10T08:13:43.832+0530] {logging_mixin.py:188} INFO - [2026-03-10T08:13:43.832+0530] {dagbag.py:540} INFO - Filling up the DagBag from /Users/aswin/Documents/data-engineering-practice/ETL_Airflow_DBT/airflow/airflow_env/lib/python3.11/site-packages/airflow/example_dags/example_datasets.py
[2026-03-10T08:13:43.853+0530] {processor.py:840} INFO - DAG(s) 'dataset_consumes_1', 'dataset_consumes_1_never_scheduled', 'dataset_consumes_unknown_never_scheduled', 'conditional_dataset_and_time_based_timetable', 'consume_1_and_2_with_dataset_expressions', 'consume_1_or_2_with_dataset_expressions', 'dataset_produces_1', 'dataset_consumes_1_and_2', 'dataset_produces_2', 'consume_1_or_both_2_and_3_with_dataset_expressions' retrieved from /Users/aswin/Documents/data-engineering-practice/ETL_Airflow_DBT/airflow/airflow_env/lib/python3.11/site-packages/airflow/example_dags/example_datasets.py
[2026-03-10T08:13:43.888+0530] {logging_mixin.py:188} INFO - [2026-03-10T08:13:43.888+0530] {dag.py:3096} INFO - Sync 10 DAGs
[2026-03-10T08:13:43.894+0530] {logging_mixin.py:188} INFO - [2026-03-10T08:13:43.894+0530] {dag.py:3954} INFO - Setting next_dagrun for conditional_dataset_and_time_based_timetable to 2026-03-04 01:00:00+00:00, run_after=2026-03-04 01:00:00+00:00
[2026-03-10T08:13:43.895+0530] {logging_mixin.py:188} INFO - [2026-03-10T08:13:43.895+0530] {dag.py:3954} INFO - Setting next_dagrun for consume_1_and_2_with_dataset_expressions to None, run_after=None
[2026-03-10T08:13:43.895+0530] {logging_mixin.py:188} INFO - [2026-03-10T08:13:43.895+0530] {dag.py:3954} INFO - Setting next_dagrun for consume_1_or_2_with_dataset_expressions to None, run_after=None
[2026-03-10T08:13:43.896+0530] {logging_mixin.py:188} INFO - [2026-03-10T08:13:43.896+0530] {dag.py:3954} INFO - Setting next_dagrun for consume_1_or_both_2_and_3_with_dataset_expressions to None, run_after=None
[2026-03-10T08:13:43.896+0530] {logging_mixin.py:188} INFO - [2026-03-10T08:13:43.896+0530] {dag.py:3954} INFO - Setting next_dagrun for dataset_consumes_1 to None, run_after=None
[2026-03-10T08:13:43.896+0530] {logging_mixin.py:188} INFO - [2026-03-10T08:13:43.896+0530] {dag.py:3954} INFO - Setting next_dagrun for dataset_consumes_1_and_2 to None, run_after=None
[2026-03-10T08:13:43.896+0530] {logging_mixin.py:188} INFO - [2026-03-10T08:13:43.896+0530] {dag.py:3954} INFO - Setting next_dagrun for dataset_consumes_1_never_scheduled to None, run_after=None
[2026-03-10T08:13:43.897+0530] {logging_mixin.py:188} INFO - [2026-03-10T08:13:43.897+0530] {dag.py:3954} INFO - Setting next_dagrun for dataset_consumes_unknown_never_scheduled to None, run_after=None
[2026-03-10T08:13:43.897+0530] {logging_mixin.py:188} INFO - [2026-03-10T08:13:43.897+0530] {dag.py:3954} INFO - Setting next_dagrun for dataset_produces_1 to 2026-03-09 00:00:00+00:00, run_after=2026-03-10 00:00:00+00:00
[2026-03-10T08:13:43.897+0530] {logging_mixin.py:188} INFO - [2026-03-10T08:13:43.897+0530] {dag.py:3954} INFO - Setting next_dagrun for dataset_produces_2 to None, run_after=None
[2026-03-10T08:13:43.905+0530] {processor.py:183} INFO - Processing /Users/aswin/Documents/data-engineering-practice/ETL_Airflow_DBT/airflow/airflow_env/lib/python3.11/site-packages/airflow/example_dags/example_datasets.py took 0.075 seconds
[2026-03-10T08:15:34.395+0530] {processor.py:161} INFO - Started process (PID=26278) to work on /Users/aswin/Documents/data-engineering-practice/ETL_Airflow_DBT/airflow/airflow_env/lib/python3.11/site-packages/airflow/example_dags/example_datasets.py
[2026-03-10T08:15:34.396+0530] {processor.py:830} INFO - Processing file /Users/aswin/Documents/data-engineering-practice/ETL_Airflow_DBT/airflow/airflow_env/lib/python3.11/site-packages/airflow/example_dags/example_datasets.py for tasks to queue
[2026-03-10T08:15:34.397+0530] {logging_mixin.py:188} INFO - [2026-03-10T08:15:34.397+0530] {dagbag.py:540} INFO - Filling up the DagBag from /Users/aswin/Documents/data-engineering-practice/ETL_Airflow_DBT/airflow/airflow_env/lib/python3.11/site-packages/airflow/example_dags/example_datasets.py
[2026-03-10T08:15:34.419+0530] {processor.py:840} INFO - DAG(s) 'dataset_consumes_1_and_2', 'dataset_produces_2', 'consume_1_and_2_with_dataset_expressions', 'dataset_consumes_unknown_never_scheduled', 'consume_1_or_2_with_dataset_expressions', 'consume_1_or_both_2_and_3_with_dataset_expressions', 'conditional_dataset_and_time_based_timetable', 'dataset_consumes_1_never_scheduled', 'dataset_produces_1', 'dataset_consumes_1' retrieved from /Users/aswin/Documents/data-engineering-practice/ETL_Airflow_DBT/airflow/airflow_env/lib/python3.11/site-packages/airflow/example_dags/example_datasets.py
[2026-03-10T08:15:34.456+0530] {logging_mixin.py:188} INFO - [2026-03-10T08:15:34.456+0530] {dag.py:3096} INFO - Sync 10 DAGs
[2026-03-10T08:15:34.463+0530] {logging_mixin.py:188} INFO - [2026-03-10T08:15:34.463+0530] {dag.py:3954} INFO - Setting next_dagrun for conditional_dataset_and_time_based_timetable to 2026-03-04 01:00:00+00:00, run_after=2026-03-04 01:00:00+00:00
[2026-03-10T08:15:34.464+0530] {logging_mixin.py:188} INFO - [2026-03-10T08:15:34.464+0530] {dag.py:3954} INFO - Setting next_dagrun for consume_1_and_2_with_dataset_expressions to None, run_after=None
[2026-03-10T08:15:34.464+0530] {logging_mixin.py:188} INFO - [2026-03-10T08:15:34.464+0530] {dag.py:3954} INFO - Setting next_dagrun for consume_1_or_2_with_dataset_expressions to None, run_after=None
[2026-03-10T08:15:34.464+0530] {logging_mixin.py:188} INFO - [2026-03-10T08:15:34.464+0530] {dag.py:3954} INFO - Setting next_dagrun for consume_1_or_both_2_and_3_with_dataset_expressions to None, run_after=None
[2026-03-10T08:15:34.465+0530] {logging_mixin.py:188} INFO - [2026-03-10T08:15:34.465+0530] {dag.py:3954} INFO - Setting next_dagrun for dataset_consumes_1 to None, run_after=None
[2026-03-10T08:15:34.465+0530] {logging_mixin.py:188} INFO - [2026-03-10T08:15:34.465+0530] {dag.py:3954} INFO - Setting next_dagrun for dataset_consumes_1_and_2 to None, run_after=None
[2026-03-10T08:15:34.465+0530] {logging_mixin.py:188} INFO - [2026-03-10T08:15:34.465+0530] {dag.py:3954} INFO - Setting next_dagrun for dataset_consumes_1_never_scheduled to None, run_after=None
[2026-03-10T08:15:34.465+0530] {logging_mixin.py:188} INFO - [2026-03-10T08:15:34.465+0530] {dag.py:3954} INFO - Setting next_dagrun for dataset_consumes_unknown_never_scheduled to None, run_after=None
[2026-03-10T08:15:34.466+0530] {logging_mixin.py:188} INFO - [2026-03-10T08:15:34.466+0530] {dag.py:3954} INFO - Setting next_dagrun for dataset_produces_1 to 2026-03-09 00:00:00+00:00, run_after=2026-03-10 00:00:00+00:00
[2026-03-10T08:15:34.466+0530] {logging_mixin.py:188} INFO - [2026-03-10T08:15:34.466+0530] {dag.py:3954} INFO - Setting next_dagrun for dataset_produces_2 to None, run_after=None
[2026-03-10T08:15:34.475+0530] {processor.py:183} INFO - Processing /Users/aswin/Documents/data-engineering-practice/ETL_Airflow_DBT/airflow/airflow_env/lib/python3.11/site-packages/airflow/example_dags/example_datasets.py took 0.082 seconds
[2026-03-10T08:17:20.446+0530] {processor.py:161} INFO - Started process (PID=26390) to work on /Users/aswin/Documents/data-engineering-practice/ETL_Airflow_DBT/airflow/airflow_env/lib/python3.11/site-packages/airflow/example_dags/example_datasets.py
[2026-03-10T08:17:20.448+0530] {processor.py:830} INFO - Processing file /Users/aswin/Documents/data-engineering-practice/ETL_Airflow_DBT/airflow/airflow_env/lib/python3.11/site-packages/airflow/example_dags/example_datasets.py for tasks to queue
[2026-03-10T08:17:20.448+0530] {logging_mixin.py:188} INFO - [2026-03-10T08:17:20.448+0530] {dagbag.py:540} INFO - Filling up the DagBag from /Users/aswin/Documents/data-engineering-practice/ETL_Airflow_DBT/airflow/airflow_env/lib/python3.11/site-packages/airflow/example_dags/example_datasets.py
[2026-03-10T08:17:20.466+0530] {processor.py:840} INFO - DAG(s) 'consume_1_or_both_2_and_3_with_dataset_expressions', 'dataset_produces_2', 'consume_1_and_2_with_dataset_expressions', 'conditional_dataset_and_time_based_timetable', 'dataset_consumes_unknown_never_scheduled', 'dataset_consumes_1', 'dataset_consumes_1_never_scheduled', 'dataset_consumes_1_and_2', 'dataset_produces_1', 'consume_1_or_2_with_dataset_expressions' retrieved from /Users/aswin/Documents/data-engineering-practice/ETL_Airflow_DBT/airflow/airflow_env/lib/python3.11/site-packages/airflow/example_dags/example_datasets.py
[2026-03-10T08:17:20.501+0530] {logging_mixin.py:188} INFO - [2026-03-10T08:17:20.501+0530] {dag.py:3096} INFO - Sync 10 DAGs
[2026-03-10T08:17:20.508+0530] {logging_mixin.py:188} INFO - [2026-03-10T08:17:20.508+0530] {dag.py:3954} INFO - Setting next_dagrun for conditional_dataset_and_time_based_timetable to 2026-03-04 01:00:00+00:00, run_after=2026-03-04 01:00:00+00:00
[2026-03-10T08:17:20.509+0530] {logging_mixin.py:188} INFO - [2026-03-10T08:17:20.509+0530] {dag.py:3954} INFO - Setting next_dagrun for consume_1_and_2_with_dataset_expressions to None, run_after=None
[2026-03-10T08:17:20.509+0530] {logging_mixin.py:188} INFO - [2026-03-10T08:17:20.509+0530] {dag.py:3954} INFO - Setting next_dagrun for consume_1_or_2_with_dataset_expressions to None, run_after=None
[2026-03-10T08:17:20.509+0530] {logging_mixin.py:188} INFO - [2026-03-10T08:17:20.509+0530] {dag.py:3954} INFO - Setting next_dagrun for consume_1_or_both_2_and_3_with_dataset_expressions to None, run_after=None
[2026-03-10T08:17:20.509+0530] {logging_mixin.py:188} INFO - [2026-03-10T08:17:20.509+0530] {dag.py:3954} INFO - Setting next_dagrun for dataset_consumes_1 to None, run_after=None
[2026-03-10T08:17:20.510+0530] {logging_mixin.py:188} INFO - [2026-03-10T08:17:20.510+0530] {dag.py:3954} INFO - Setting next_dagrun for dataset_consumes_1_and_2 to None, run_after=None
[2026-03-10T08:17:20.510+0530] {logging_mixin.py:188} INFO - [2026-03-10T08:17:20.510+0530] {dag.py:3954} INFO - Setting next_dagrun for dataset_consumes_1_never_scheduled to None, run_after=None
[2026-03-10T08:17:20.510+0530] {logging_mixin.py:188} INFO - [2026-03-10T08:17:20.510+0530] {dag.py:3954} INFO - Setting next_dagrun for dataset_consumes_unknown_never_scheduled to None, run_after=None
[2026-03-10T08:17:20.511+0530] {logging_mixin.py:188} INFO - [2026-03-10T08:17:20.511+0530] {dag.py:3954} INFO - Setting next_dagrun for dataset_produces_1 to 2026-03-09 00:00:00+00:00, run_after=2026-03-10 00:00:00+00:00
[2026-03-10T08:17:20.511+0530] {logging_mixin.py:188} INFO - [2026-03-10T08:17:20.511+0530] {dag.py:3954} INFO - Setting next_dagrun for dataset_produces_2 to None, run_after=None
[2026-03-10T08:17:20.519+0530] {processor.py:183} INFO - Processing /Users/aswin/Documents/data-engineering-practice/ETL_Airflow_DBT/airflow/airflow_env/lib/python3.11/site-packages/airflow/example_dags/example_datasets.py took 0.074 seconds
[2026-03-10T08:18:51.563+0530] {processor.py:161} INFO - Started process (PID=26460) to work on /Users/aswin/Documents/data-engineering-practice/ETL_Airflow_DBT/airflow/airflow_env/lib/python3.11/site-packages/airflow/example_dags/example_datasets.py
[2026-03-10T08:18:51.563+0530] {processor.py:830} INFO - Processing file /Users/aswin/Documents/data-engineering-practice/ETL_Airflow_DBT/airflow/airflow_env/lib/python3.11/site-packages/airflow/example_dags/example_datasets.py for tasks to queue
[2026-03-10T08:18:51.563+0530] {logging_mixin.py:188} INFO - [2026-03-10T08:18:51.563+0530] {dagbag.py:540} INFO - Filling up the DagBag from /Users/aswin/Documents/data-engineering-practice/ETL_Airflow_DBT/airflow/airflow_env/lib/python3.11/site-packages/airflow/example_dags/example_datasets.py
[2026-03-10T08:18:51.577+0530] {processor.py:840} INFO - DAG(s) 'dataset_produces_2', 'dataset_produces_1', 'consume_1_and_2_with_dataset_expressions', 'dataset_consumes_1_never_scheduled', 'dataset_consumes_1_and_2', 'consume_1_or_2_with_dataset_expressions', 'conditional_dataset_and_time_based_timetable', 'dataset_consumes_unknown_never_scheduled', 'dataset_consumes_1', 'consume_1_or_both_2_and_3_with_dataset_expressions' retrieved from /Users/aswin/Documents/data-engineering-practice/ETL_Airflow_DBT/airflow/airflow_env/lib/python3.11/site-packages/airflow/example_dags/example_datasets.py
[2026-03-10T08:18:51.613+0530] {logging_mixin.py:188} INFO - [2026-03-10T08:18:51.613+0530] {dag.py:3096} INFO - Sync 10 DAGs
[2026-03-10T08:18:51.619+0530] {logging_mixin.py:188} INFO - [2026-03-10T08:18:51.619+0530] {dag.py:3954} INFO - Setting next_dagrun for conditional_dataset_and_time_based_timetable to 2026-03-04 01:00:00+00:00, run_after=2026-03-04 01:00:00+00:00
[2026-03-10T08:18:51.620+0530] {logging_mixin.py:188} INFO - [2026-03-10T08:18:51.620+0530] {dag.py:3954} INFO - Setting next_dagrun for consume_1_and_2_with_dataset_expressions to None, run_after=None
[2026-03-10T08:18:51.620+0530] {logging_mixin.py:188} INFO - [2026-03-10T08:18:51.620+0530] {dag.py:3954} INFO - Setting next_dagrun for consume_1_or_2_with_dataset_expressions to None, run_after=None
[2026-03-10T08:18:51.620+0530] {logging_mixin.py:188} INFO - [2026-03-10T08:18:51.620+0530] {dag.py:3954} INFO - Setting next_dagrun for consume_1_or_both_2_and_3_with_dataset_expressions to None, run_after=None
[2026-03-10T08:18:51.621+0530] {logging_mixin.py:188} INFO - [2026-03-10T08:18:51.620+0530] {dag.py:3954} INFO - Setting next_dagrun for dataset_consumes_1 to None, run_after=None
[2026-03-10T08:18:51.621+0530] {logging_mixin.py:188} INFO - [2026-03-10T08:18:51.621+0530] {dag.py:3954} INFO - Setting next_dagrun for dataset_consumes_1_and_2 to None, run_after=None
[2026-03-10T08:18:51.621+0530] {logging_mixin.py:188} INFO - [2026-03-10T08:18:51.621+0530] {dag.py:3954} INFO - Setting next_dagrun for dataset_consumes_1_never_scheduled to None, run_after=None
[2026-03-10T08:18:51.621+0530] {logging_mixin.py:188} INFO - [2026-03-10T08:18:51.621+0530] {dag.py:3954} INFO - Setting next_dagrun for dataset_consumes_unknown_never_scheduled to None, run_after=None
[2026-03-10T08:18:51.622+0530] {logging_mixin.py:188} INFO - [2026-03-10T08:18:51.622+0530] {dag.py:3954} INFO - Setting next_dagrun for dataset_produces_1 to 2026-03-09 00:00:00+00:00, run_after=2026-03-10 00:00:00+00:00
[2026-03-10T08:18:51.622+0530] {logging_mixin.py:188} INFO - [2026-03-10T08:18:51.622+0530] {dag.py:3954} INFO - Setting next_dagrun for dataset_produces_2 to None, run_after=None
[2026-03-10T08:18:51.630+0530] {processor.py:183} INFO - Processing /Users/aswin/Documents/data-engineering-practice/ETL_Airflow_DBT/airflow/airflow_env/lib/python3.11/site-packages/airflow/example_dags/example_datasets.py took 0.068 seconds
[2026-03-10T08:20:26.401+0530] {processor.py:161} INFO - Started process (PID=26537) to work on /Users/aswin/Documents/data-engineering-practice/ETL_Airflow_DBT/airflow/airflow_env/lib/python3.11/site-packages/airflow/example_dags/example_datasets.py
[2026-03-10T08:20:26.401+0530] {processor.py:830} INFO - Processing file /Users/aswin/Documents/data-engineering-practice/ETL_Airflow_DBT/airflow/airflow_env/lib/python3.11/site-packages/airflow/example_dags/example_datasets.py for tasks to queue
[2026-03-10T08:20:26.402+0530] {logging_mixin.py:188} INFO - [2026-03-10T08:20:26.401+0530] {dagbag.py:540} INFO - Filling up the DagBag from /Users/aswin/Documents/data-engineering-practice/ETL_Airflow_DBT/airflow/airflow_env/lib/python3.11/site-packages/airflow/example_dags/example_datasets.py
[2026-03-10T08:20:26.424+0530] {processor.py:840} INFO - DAG(s) 'consume_1_and_2_with_dataset_expressions', 'dataset_consumes_1_and_2', 'dataset_produces_2', 'dataset_consumes_1', 'consume_1_or_both_2_and_3_with_dataset_expressions', 'consume_1_or_2_with_dataset_expressions', 'conditional_dataset_and_time_based_timetable', 'dataset_produces_1', 'dataset_consumes_1_never_scheduled', 'dataset_consumes_unknown_never_scheduled' retrieved from /Users/aswin/Documents/data-engineering-practice/ETL_Airflow_DBT/airflow/airflow_env/lib/python3.11/site-packages/airflow/example_dags/example_datasets.py
[2026-03-10T08:20:26.460+0530] {logging_mixin.py:188} INFO - [2026-03-10T08:20:26.460+0530] {dag.py:3096} INFO - Sync 10 DAGs
[2026-03-10T08:20:26.467+0530] {logging_mixin.py:188} INFO - [2026-03-10T08:20:26.467+0530] {dag.py:3954} INFO - Setting next_dagrun for conditional_dataset_and_time_based_timetable to 2026-03-04 01:00:00+00:00, run_after=2026-03-04 01:00:00+00:00
[2026-03-10T08:20:26.468+0530] {logging_mixin.py:188} INFO - [2026-03-10T08:20:26.468+0530] {dag.py:3954} INFO - Setting next_dagrun for consume_1_and_2_with_dataset_expressions to None, run_after=None
[2026-03-10T08:20:26.468+0530] {logging_mixin.py:188} INFO - [2026-03-10T08:20:26.468+0530] {dag.py:3954} INFO - Setting next_dagrun for consume_1_or_2_with_dataset_expressions to None, run_after=None
[2026-03-10T08:20:26.468+0530] {logging_mixin.py:188} INFO - [2026-03-10T08:20:26.468+0530] {dag.py:3954} INFO - Setting next_dagrun for consume_1_or_both_2_and_3_with_dataset_expressions to None, run_after=None
[2026-03-10T08:20:26.469+0530] {logging_mixin.py:188} INFO - [2026-03-10T08:20:26.469+0530] {dag.py:3954} INFO - Setting next_dagrun for dataset_consumes_1 to None, run_after=None
[2026-03-10T08:20:26.469+0530] {logging_mixin.py:188} INFO - [2026-03-10T08:20:26.469+0530] {dag.py:3954} INFO - Setting next_dagrun for dataset_consumes_1_and_2 to None, run_after=None
[2026-03-10T08:20:26.469+0530] {logging_mixin.py:188} INFO - [2026-03-10T08:20:26.469+0530] {dag.py:3954} INFO - Setting next_dagrun for dataset_consumes_1_never_scheduled to None, run_after=None
[2026-03-10T08:20:26.469+0530] {logging_mixin.py:188} INFO - [2026-03-10T08:20:26.469+0530] {dag.py:3954} INFO - Setting next_dagrun for dataset_consumes_unknown_never_scheduled to None, run_after=None
[2026-03-10T08:20:26.470+0530] {logging_mixin.py:188} INFO - [2026-03-10T08:20:26.470+0530] {dag.py:3954} INFO - Setting next_dagrun for dataset_produces_1 to 2026-03-09 00:00:00+00:00, run_after=2026-03-10 00:00:00+00:00
[2026-03-10T08:20:26.470+0530] {logging_mixin.py:188} INFO - [2026-03-10T08:20:26.470+0530] {dag.py:3954} INFO - Setting next_dagrun for dataset_produces_2 to None, run_after=None
[2026-03-10T08:20:26.479+0530] {processor.py:183} INFO - Processing /Users/aswin/Documents/data-engineering-practice/ETL_Airflow_DBT/airflow/airflow_env/lib/python3.11/site-packages/airflow/example_dags/example_datasets.py took 0.079 seconds
[2026-03-10T08:21:59.051+0530] {processor.py:161} INFO - Started process (PID=26606) to work on /Users/aswin/Documents/data-engineering-practice/ETL_Airflow_DBT/airflow/airflow_env/lib/python3.11/site-packages/airflow/example_dags/example_datasets.py
[2026-03-10T08:21:59.051+0530] {processor.py:830} INFO - Processing file /Users/aswin/Documents/data-engineering-practice/ETL_Airflow_DBT/airflow/airflow_env/lib/python3.11/site-packages/airflow/example_dags/example_datasets.py for tasks to queue
[2026-03-10T08:21:59.051+0530] {logging_mixin.py:188} INFO - [2026-03-10T08:21:59.051+0530] {dagbag.py:540} INFO - Filling up the DagBag from /Users/aswin/Documents/data-engineering-practice/ETL_Airflow_DBT/airflow/airflow_env/lib/python3.11/site-packages/airflow/example_dags/example_datasets.py
[2026-03-10T08:21:59.073+0530] {processor.py:840} INFO - DAG(s) 'dataset_consumes_unknown_never_scheduled', 'dataset_produces_2', 'conditional_dataset_and_time_based_timetable', 'dataset_produces_1', 'consume_1_and_2_with_dataset_expressions', 'consume_1_or_both_2_and_3_with_dataset_expressions', 'dataset_consumes_1', 'dataset_consumes_1_never_scheduled', 'dataset_consumes_1_and_2', 'consume_1_or_2_with_dataset_expressions' retrieved from /Users/aswin/Documents/data-engineering-practice/ETL_Airflow_DBT/airflow/airflow_env/lib/python3.11/site-packages/airflow/example_dags/example_datasets.py
[2026-03-10T08:21:59.110+0530] {logging_mixin.py:188} INFO - [2026-03-10T08:21:59.110+0530] {dag.py:3096} INFO - Sync 10 DAGs
[2026-03-10T08:21:59.117+0530] {logging_mixin.py:188} INFO - [2026-03-10T08:21:59.117+0530] {dag.py:3954} INFO - Setting next_dagrun for conditional_dataset_and_time_based_timetable to 2026-03-04 01:00:00+00:00, run_after=2026-03-04 01:00:00+00:00
[2026-03-10T08:21:59.118+0530] {logging_mixin.py:188} INFO - [2026-03-10T08:21:59.118+0530] {dag.py:3954} INFO - Setting next_dagrun for consume_1_and_2_with_dataset_expressions to None, run_after=None
[2026-03-10T08:21:59.119+0530] {logging_mixin.py:188} INFO - [2026-03-10T08:21:59.119+0530] {dag.py:3954} INFO - Setting next_dagrun for consume_1_or_2_with_dataset_expressions to None, run_after=None
[2026-03-10T08:21:59.119+0530] {logging_mixin.py:188} INFO - [2026-03-10T08:21:59.119+0530] {dag.py:3954} INFO - Setting next_dagrun for consume_1_or_both_2_and_3_with_dataset_expressions to None, run_after=None
[2026-03-10T08:21:59.119+0530] {logging_mixin.py:188} INFO - [2026-03-10T08:21:59.119+0530] {dag.py:3954} INFO - Setting next_dagrun for dataset_consumes_1 to None, run_after=None
[2026-03-10T08:21:59.119+0530] {logging_mixin.py:188} INFO - [2026-03-10T08:21:59.119+0530] {dag.py:3954} INFO - Setting next_dagrun for dataset_consumes_1_and_2 to None, run_after=None
[2026-03-10T08:21:59.120+0530] {logging_mixin.py:188} INFO - [2026-03-10T08:21:59.120+0530] {dag.py:3954} INFO - Setting next_dagrun for dataset_consumes_1_never_scheduled to None, run_after=None
[2026-03-10T08:21:59.120+0530] {logging_mixin.py:188} INFO - [2026-03-10T08:21:59.120+0530] {dag.py:3954} INFO - Setting next_dagrun for dataset_consumes_unknown_never_scheduled to None, run_after=None
[2026-03-10T08:21:59.121+0530] {logging_mixin.py:188} INFO - [2026-03-10T08:21:59.121+0530] {dag.py:3954} INFO - Setting next_dagrun for dataset_produces_1 to 2026-03-09 00:00:00+00:00, run_after=2026-03-10 00:00:00+00:00
[2026-03-10T08:21:59.121+0530] {logging_mixin.py:188} INFO - [2026-03-10T08:21:59.121+0530] {dag.py:3954} INFO - Setting next_dagrun for dataset_produces_2 to None, run_after=None
[2026-03-10T08:21:59.130+0530] {processor.py:183} INFO - Processing /Users/aswin/Documents/data-engineering-practice/ETL_Airflow_DBT/airflow/airflow_env/lib/python3.11/site-packages/airflow/example_dags/example_datasets.py took 0.080 seconds
[2026-03-10T08:23:32.459+0530] {processor.py:161} INFO - Started process (PID=26690) to work on /Users/aswin/Documents/data-engineering-practice/ETL_Airflow_DBT/airflow/airflow_env/lib/python3.11/site-packages/airflow/example_dags/example_datasets.py
[2026-03-10T08:23:32.460+0530] {processor.py:830} INFO - Processing file /Users/aswin/Documents/data-engineering-practice/ETL_Airflow_DBT/airflow/airflow_env/lib/python3.11/site-packages/airflow/example_dags/example_datasets.py for tasks to queue
[2026-03-10T08:23:32.460+0530] {logging_mixin.py:188} INFO - [2026-03-10T08:23:32.460+0530] {dagbag.py:540} INFO - Filling up the DagBag from /Users/aswin/Documents/data-engineering-practice/ETL_Airflow_DBT/airflow/airflow_env/lib/python3.11/site-packages/airflow/example_dags/example_datasets.py
[2026-03-10T08:23:32.481+0530] {processor.py:840} INFO - DAG(s) 'dataset_consumes_1', 'dataset_consumes_1_never_scheduled', 'consume_1_or_2_with_dataset_expressions', 'dataset_consumes_unknown_never_scheduled', 'consume_1_and_2_with_dataset_expressions', 'dataset_produces_1', 'conditional_dataset_and_time_based_timetable', 'dataset_consumes_1_and_2', 'dataset_produces_2', 'consume_1_or_both_2_and_3_with_dataset_expressions' retrieved from /Users/aswin/Documents/data-engineering-practice/ETL_Airflow_DBT/airflow/airflow_env/lib/python3.11/site-packages/airflow/example_dags/example_datasets.py
[2026-03-10T08:23:32.516+0530] {logging_mixin.py:188} INFO - [2026-03-10T08:23:32.516+0530] {dag.py:3096} INFO - Sync 10 DAGs
[2026-03-10T08:23:32.523+0530] {logging_mixin.py:188} INFO - [2026-03-10T08:23:32.523+0530] {dag.py:3954} INFO - Setting next_dagrun for conditional_dataset_and_time_based_timetable to 2026-03-04 01:00:00+00:00, run_after=2026-03-04 01:00:00+00:00
[2026-03-10T08:23:32.525+0530] {logging_mixin.py:188} INFO - [2026-03-10T08:23:32.525+0530] {dag.py:3954} INFO - Setting next_dagrun for consume_1_and_2_with_dataset_expressions to None, run_after=None
[2026-03-10T08:23:32.525+0530] {logging_mixin.py:188} INFO - [2026-03-10T08:23:32.525+0530] {dag.py:3954} INFO - Setting next_dagrun for consume_1_or_2_with_dataset_expressions to None, run_after=None
[2026-03-10T08:23:32.525+0530] {logging_mixin.py:188} INFO - [2026-03-10T08:23:32.525+0530] {dag.py:3954} INFO - Setting next_dagrun for consume_1_or_both_2_and_3_with_dataset_expressions to None, run_after=None
[2026-03-10T08:23:32.525+0530] {logging_mixin.py:188} INFO - [2026-03-10T08:23:32.525+0530] {dag.py:3954} INFO - Setting next_dagrun for dataset_consumes_1 to None, run_after=None
[2026-03-10T08:23:32.526+0530] {logging_mixin.py:188} INFO - [2026-03-10T08:23:32.526+0530] {dag.py:3954} INFO - Setting next_dagrun for dataset_consumes_1_and_2 to None, run_after=None
[2026-03-10T08:23:32.526+0530] {logging_mixin.py:188} INFO - [2026-03-10T08:23:32.526+0530] {dag.py:3954} INFO - Setting next_dagrun for dataset_consumes_1_never_scheduled to None, run_after=None
[2026-03-10T08:23:32.526+0530] {logging_mixin.py:188} INFO - [2026-03-10T08:23:32.526+0530] {dag.py:3954} INFO - Setting next_dagrun for dataset_consumes_unknown_never_scheduled to None, run_after=None
[2026-03-10T08:23:32.527+0530] {logging_mixin.py:188} INFO - [2026-03-10T08:23:32.527+0530] {dag.py:3954} INFO - Setting next_dagrun for dataset_produces_1 to 2026-03-09 00:00:00+00:00, run_after=2026-03-10 00:00:00+00:00
[2026-03-10T08:23:32.527+0530] {logging_mixin.py:188} INFO - [2026-03-10T08:23:32.527+0530] {dag.py:3954} INFO - Setting next_dagrun for dataset_produces_2 to None, run_after=None
[2026-03-10T08:23:32.535+0530] {processor.py:183} INFO - Processing /Users/aswin/Documents/data-engineering-practice/ETL_Airflow_DBT/airflow/airflow_env/lib/python3.11/site-packages/airflow/example_dags/example_datasets.py took 0.078 seconds
[2026-03-10T08:25:05.235+0530] {processor.py:161} INFO - Started process (PID=26761) to work on /Users/aswin/Documents/data-engineering-practice/ETL_Airflow_DBT/airflow/airflow_env/lib/python3.11/site-packages/airflow/example_dags/example_datasets.py
[2026-03-10T08:25:05.236+0530] {processor.py:830} INFO - Processing file /Users/aswin/Documents/data-engineering-practice/ETL_Airflow_DBT/airflow/airflow_env/lib/python3.11/site-packages/airflow/example_dags/example_datasets.py for tasks to queue
[2026-03-10T08:25:05.236+0530] {logging_mixin.py:188} INFO - [2026-03-10T08:25:05.236+0530] {dagbag.py:540} INFO - Filling up the DagBag from /Users/aswin/Documents/data-engineering-practice/ETL_Airflow_DBT/airflow/airflow_env/lib/python3.11/site-packages/airflow/example_dags/example_datasets.py
[2026-03-10T08:25:05.253+0530] {processor.py:840} INFO - DAG(s) 'dataset_produces_1', 'consume_1_or_2_with_dataset_expressions', 'dataset_consumes_unknown_never_scheduled', 'dataset_consumes_1_and_2', 'conditional_dataset_and_time_based_timetable', 'consume_1_or_both_2_and_3_with_dataset_expressions', 'dataset_consumes_1_never_scheduled', 'dataset_produces_2', 'consume_1_and_2_with_dataset_expressions', 'dataset_consumes_1' retrieved from /Users/aswin/Documents/data-engineering-practice/ETL_Airflow_DBT/airflow/airflow_env/lib/python3.11/site-packages/airflow/example_dags/example_datasets.py
[2026-03-10T08:25:05.288+0530] {logging_mixin.py:188} INFO - [2026-03-10T08:25:05.288+0530] {dag.py:3096} INFO - Sync 10 DAGs
[2026-03-10T08:25:05.295+0530] {logging_mixin.py:188} INFO - [2026-03-10T08:25:05.295+0530] {dag.py:3954} INFO - Setting next_dagrun for conditional_dataset_and_time_based_timetable to 2026-03-04 01:00:00+00:00, run_after=2026-03-04 01:00:00+00:00
[2026-03-10T08:25:05.296+0530] {logging_mixin.py:188} INFO - [2026-03-10T08:25:05.295+0530] {dag.py:3954} INFO - Setting next_dagrun for consume_1_and_2_with_dataset_expressions to None, run_after=None
[2026-03-10T08:25:05.296+0530] {logging_mixin.py:188} INFO - [2026-03-10T08:25:05.296+0530] {dag.py:3954} INFO - Setting next_dagrun for consume_1_or_2_with_dataset_expressions to None, run_after=None
[2026-03-10T08:25:05.296+0530] {logging_mixin.py:188} INFO - [2026-03-10T08:25:05.296+0530] {dag.py:3954} INFO - Setting next_dagrun for consume_1_or_both_2_and_3_with_dataset_expressions to None, run_after=None
[2026-03-10T08:25:05.296+0530] {logging_mixin.py:188} INFO - [2026-03-10T08:25:05.296+0530] {dag.py:3954} INFO - Setting next_dagrun for dataset_consumes_1 to None, run_after=None
[2026-03-10T08:25:05.297+0530] {logging_mixin.py:188} INFO - [2026-03-10T08:25:05.296+0530] {dag.py:3954} INFO - Setting next_dagrun for dataset_consumes_1_and_2 to None, run_after=None
[2026-03-10T08:25:05.297+0530] {logging_mixin.py:188} INFO - [2026-03-10T08:25:05.297+0530] {dag.py:3954} INFO - Setting next_dagrun for dataset_consumes_1_never_scheduled to None, run_after=None
[2026-03-10T08:25:05.297+0530] {logging_mixin.py:188} INFO - [2026-03-10T08:25:05.297+0530] {dag.py:3954} INFO - Setting next_dagrun for dataset_consumes_unknown_never_scheduled to None, run_after=None
[2026-03-10T08:25:05.298+0530] {logging_mixin.py:188} INFO - [2026-03-10T08:25:05.298+0530] {dag.py:3954} INFO - Setting next_dagrun for dataset_produces_1 to 2026-03-09 00:00:00+00:00, run_after=2026-03-10 00:00:00+00:00
[2026-03-10T08:25:05.298+0530] {logging_mixin.py:188} INFO - [2026-03-10T08:25:05.298+0530] {dag.py:3954} INFO - Setting next_dagrun for dataset_produces_2 to None, run_after=None
[2026-03-10T08:25:05.306+0530] {processor.py:183} INFO - Processing /Users/aswin/Documents/data-engineering-practice/ETL_Airflow_DBT/airflow/airflow_env/lib/python3.11/site-packages/airflow/example_dags/example_datasets.py took 0.071 seconds
[2026-03-10T08:26:38.605+0530] {processor.py:161} INFO - Started process (PID=26839) to work on /Users/aswin/Documents/data-engineering-practice/ETL_Airflow_DBT/airflow/airflow_env/lib/python3.11/site-packages/airflow/example_dags/example_datasets.py
[2026-03-10T08:26:38.605+0530] {processor.py:830} INFO - Processing file /Users/aswin/Documents/data-engineering-practice/ETL_Airflow_DBT/airflow/airflow_env/lib/python3.11/site-packages/airflow/example_dags/example_datasets.py for tasks to queue
[2026-03-10T08:26:38.606+0530] {logging_mixin.py:188} INFO - [2026-03-10T08:26:38.606+0530] {dagbag.py:540} INFO - Filling up the DagBag from /Users/aswin/Documents/data-engineering-practice/ETL_Airflow_DBT/airflow/airflow_env/lib/python3.11/site-packages/airflow/example_dags/example_datasets.py
[2026-03-10T08:26:38.627+0530] {processor.py:840} INFO - DAG(s) 'dataset_produces_2', 'dataset_consumes_1_and_2', 'consume_1_or_both_2_and_3_with_dataset_expressions', 'consume_1_and_2_with_dataset_expressions', 'dataset_consumes_1_never_scheduled', 'dataset_produces_1', 'dataset_consumes_unknown_never_scheduled', 'conditional_dataset_and_time_based_timetable', 'dataset_consumes_1', 'consume_1_or_2_with_dataset_expressions' retrieved from /Users/aswin/Documents/data-engineering-practice/ETL_Airflow_DBT/airflow/airflow_env/lib/python3.11/site-packages/airflow/example_dags/example_datasets.py
[2026-03-10T08:26:38.662+0530] {logging_mixin.py:188} INFO - [2026-03-10T08:26:38.662+0530] {dag.py:3096} INFO - Sync 10 DAGs
[2026-03-10T08:26:38.668+0530] {logging_mixin.py:188} INFO - [2026-03-10T08:26:38.668+0530] {dag.py:3954} INFO - Setting next_dagrun for conditional_dataset_and_time_based_timetable to 2026-03-04 01:00:00+00:00, run_after=2026-03-04 01:00:00+00:00
[2026-03-10T08:26:38.669+0530] {logging_mixin.py:188} INFO - [2026-03-10T08:26:38.669+0530] {dag.py:3954} INFO - Setting next_dagrun for consume_1_and_2_with_dataset_expressions to None, run_after=None
[2026-03-10T08:26:38.669+0530] {logging_mixin.py:188} INFO - [2026-03-10T08:26:38.669+0530] {dag.py:3954} INFO - Setting next_dagrun for consume_1_or_2_with_dataset_expressions to None, run_after=None
[2026-03-10T08:26:38.670+0530] {logging_mixin.py:188} INFO - [2026-03-10T08:26:38.670+0530] {dag.py:3954} INFO - Setting next_dagrun for consume_1_or_both_2_and_3_with_dataset_expressions to None, run_after=None
[2026-03-10T08:26:38.670+0530] {logging_mixin.py:188} INFO - [2026-03-10T08:26:38.670+0530] {dag.py:3954} INFO - Setting next_dagrun for dataset_consumes_1 to None, run_after=None
[2026-03-10T08:26:38.670+0530] {logging_mixin.py:188} INFO - [2026-03-10T08:26:38.670+0530] {dag.py:3954} INFO - Setting next_dagrun for dataset_consumes_1_and_2 to None, run_after=None
[2026-03-10T08:26:38.670+0530] {logging_mixin.py:188} INFO - [2026-03-10T08:26:38.670+0530] {dag.py:3954} INFO - Setting next_dagrun for dataset_consumes_1_never_scheduled to None, run_after=None
[2026-03-10T08:26:38.671+0530] {logging_mixin.py:188} INFO - [2026-03-10T08:26:38.670+0530] {dag.py:3954} INFO - Setting next_dagrun for dataset_consumes_unknown_never_scheduled to None, run_after=None
[2026-03-10T08:26:38.671+0530] {logging_mixin.py:188} INFO - [2026-03-10T08:26:38.671+0530] {dag.py:3954} INFO - Setting next_dagrun for dataset_produces_1 to 2026-03-09 00:00:00+00:00, run_after=2026-03-10 00:00:00+00:00
[2026-03-10T08:26:38.671+0530] {logging_mixin.py:188} INFO - [2026-03-10T08:26:38.671+0530] {dag.py:3954} INFO - Setting next_dagrun for dataset_produces_2 to None, run_after=None
[2026-03-10T08:26:38.679+0530] {processor.py:183} INFO - Processing /Users/aswin/Documents/data-engineering-practice/ETL_Airflow_DBT/airflow/airflow_env/lib/python3.11/site-packages/airflow/example_dags/example_datasets.py took 0.075 seconds
[2026-03-10T08:28:09.804+0530] {processor.py:161} INFO - Started process (PID=26917) to work on /Users/aswin/Documents/data-engineering-practice/ETL_Airflow_DBT/airflow/airflow_env/lib/python3.11/site-packages/airflow/example_dags/example_datasets.py
[2026-03-10T08:28:09.805+0530] {processor.py:830} INFO - Processing file /Users/aswin/Documents/data-engineering-practice/ETL_Airflow_DBT/airflow/airflow_env/lib/python3.11/site-packages/airflow/example_dags/example_datasets.py for tasks to queue
[2026-03-10T08:28:09.805+0530] {logging_mixin.py:188} INFO - [2026-03-10T08:28:09.805+0530] {dagbag.py:540} INFO - Filling up the DagBag from /Users/aswin/Documents/data-engineering-practice/ETL_Airflow_DBT/airflow/airflow_env/lib/python3.11/site-packages/airflow/example_dags/example_datasets.py
[2026-03-10T08:28:09.826+0530] {processor.py:840} INFO - DAG(s) 'conditional_dataset_and_time_based_timetable', 'dataset_produces_2', 'consume_1_or_2_with_dataset_expressions', 'dataset_consumes_1_never_scheduled', 'consume_1_and_2_with_dataset_expressions', 'dataset_consumes_unknown_never_scheduled', 'dataset_consumes_1_and_2', 'consume_1_or_both_2_and_3_with_dataset_expressions', 'dataset_produces_1', 'dataset_consumes_1' retrieved from /Users/aswin/Documents/data-engineering-practice/ETL_Airflow_DBT/airflow/airflow_env/lib/python3.11/site-packages/airflow/example_dags/example_datasets.py
[2026-03-10T08:28:09.861+0530] {logging_mixin.py:188} INFO - [2026-03-10T08:28:09.861+0530] {dag.py:3096} INFO - Sync 10 DAGs
[2026-03-10T08:28:09.868+0530] {logging_mixin.py:188} INFO - [2026-03-10T08:28:09.868+0530] {dag.py:3954} INFO - Setting next_dagrun for conditional_dataset_and_time_based_timetable to 2026-03-04 01:00:00+00:00, run_after=2026-03-04 01:00:00+00:00
[2026-03-10T08:28:09.869+0530] {logging_mixin.py:188} INFO - [2026-03-10T08:28:09.868+0530] {dag.py:3954} INFO - Setting next_dagrun for consume_1_and_2_with_dataset_expressions to None, run_after=None
[2026-03-10T08:28:09.869+0530] {logging_mixin.py:188} INFO - [2026-03-10T08:28:09.869+0530] {dag.py:3954} INFO - Setting next_dagrun for consume_1_or_2_with_dataset_expressions to None, run_after=None
[2026-03-10T08:28:09.869+0530] {logging_mixin.py:188} INFO - [2026-03-10T08:28:09.869+0530] {dag.py:3954} INFO - Setting next_dagrun for consume_1_or_both_2_and_3_with_dataset_expressions to None, run_after=None
[2026-03-10T08:28:09.869+0530] {logging_mixin.py:188} INFO - [2026-03-10T08:28:09.869+0530] {dag.py:3954} INFO - Setting next_dagrun for dataset_consumes_1 to None, run_after=None
[2026-03-10T08:28:09.869+0530] {logging_mixin.py:188} INFO - [2026-03-10T08:28:09.869+0530] {dag.py:3954} INFO - Setting next_dagrun for dataset_consumes_1_and_2 to None, run_after=None
[2026-03-10T08:28:09.870+0530] {logging_mixin.py:188} INFO - [2026-03-10T08:28:09.870+0530] {dag.py:3954} INFO - Setting next_dagrun for dataset_consumes_1_never_scheduled to None, run_after=None
[2026-03-10T08:28:09.870+0530] {logging_mixin.py:188} INFO - [2026-03-10T08:28:09.870+0530] {dag.py:3954} INFO - Setting next_dagrun for dataset_consumes_unknown_never_scheduled to None, run_after=None
[2026-03-10T08:28:09.871+0530] {logging_mixin.py:188} INFO - [2026-03-10T08:28:09.870+0530] {dag.py:3954} INFO - Setting next_dagrun for dataset_produces_1 to 2026-03-09 00:00:00+00:00, run_after=2026-03-10 00:00:00+00:00
[2026-03-10T08:28:09.871+0530] {logging_mixin.py:188} INFO - [2026-03-10T08:28:09.871+0530] {dag.py:3954} INFO - Setting next_dagrun for dataset_produces_2 to None, run_after=None
[2026-03-10T08:28:09.879+0530] {processor.py:183} INFO - Processing /Users/aswin/Documents/data-engineering-practice/ETL_Airflow_DBT/airflow/airflow_env/lib/python3.11/site-packages/airflow/example_dags/example_datasets.py took 0.076 seconds
[2026-03-10T08:29:41.547+0530] {processor.py:161} INFO - Started process (PID=26990) to work on /Users/aswin/Documents/data-engineering-practice/ETL_Airflow_DBT/airflow/airflow_env/lib/python3.11/site-packages/airflow/example_dags/example_datasets.py
[2026-03-10T08:29:41.548+0530] {processor.py:830} INFO - Processing file /Users/aswin/Documents/data-engineering-practice/ETL_Airflow_DBT/airflow/airflow_env/lib/python3.11/site-packages/airflow/example_dags/example_datasets.py for tasks to queue
[2026-03-10T08:29:41.548+0530] {logging_mixin.py:188} INFO - [2026-03-10T08:29:41.548+0530] {dagbag.py:540} INFO - Filling up the DagBag from /Users/aswin/Documents/data-engineering-practice/ETL_Airflow_DBT/airflow/airflow_env/lib/python3.11/site-packages/airflow/example_dags/example_datasets.py
[2026-03-10T08:29:41.569+0530] {processor.py:840} INFO - DAG(s) 'dataset_consumes_unknown_never_scheduled', 'dataset_consumes_1', 'consume_1_and_2_with_dataset_expressions', 'conditional_dataset_and_time_based_timetable', 'dataset_consumes_1_never_scheduled', 'dataset_consumes_1_and_2', 'consume_1_or_both_2_and_3_with_dataset_expressions', 'consume_1_or_2_with_dataset_expressions', 'dataset_produces_2', 'dataset_produces_1' retrieved from /Users/aswin/Documents/data-engineering-practice/ETL_Airflow_DBT/airflow/airflow_env/lib/python3.11/site-packages/airflow/example_dags/example_datasets.py
[2026-03-10T08:29:41.605+0530] {logging_mixin.py:188} INFO - [2026-03-10T08:29:41.605+0530] {dag.py:3096} INFO - Sync 10 DAGs
[2026-03-10T08:29:41.611+0530] {logging_mixin.py:188} INFO - [2026-03-10T08:29:41.611+0530] {dag.py:3954} INFO - Setting next_dagrun for conditional_dataset_and_time_based_timetable to 2026-03-04 01:00:00+00:00, run_after=2026-03-04 01:00:00+00:00
[2026-03-10T08:29:41.612+0530] {logging_mixin.py:188} INFO - [2026-03-10T08:29:41.612+0530] {dag.py:3954} INFO - Setting next_dagrun for consume_1_and_2_with_dataset_expressions to None, run_after=None
[2026-03-10T08:29:41.612+0530] {logging_mixin.py:188} INFO - [2026-03-10T08:29:41.612+0530] {dag.py:3954} INFO - Setting next_dagrun for consume_1_or_2_with_dataset_expressions to None, run_after=None
[2026-03-10T08:29:41.612+0530] {logging_mixin.py:188} INFO - [2026-03-10T08:29:41.612+0530] {dag.py:3954} INFO - Setting next_dagrun for consume_1_or_both_2_and_3_with_dataset_expressions to None, run_after=None
[2026-03-10T08:29:41.613+0530] {logging_mixin.py:188} INFO - [2026-03-10T08:29:41.613+0530] {dag.py:3954} INFO - Setting next_dagrun for dataset_consumes_1 to None, run_after=None
[2026-03-10T08:29:41.613+0530] {logging_mixin.py:188} INFO - [2026-03-10T08:29:41.613+0530] {dag.py:3954} INFO - Setting next_dagrun for dataset_consumes_1_and_2 to None, run_after=None
[2026-03-10T08:29:41.613+0530] {logging_mixin.py:188} INFO - [2026-03-10T08:29:41.613+0530] {dag.py:3954} INFO - Setting next_dagrun for dataset_consumes_1_never_scheduled to None, run_after=None
[2026-03-10T08:29:41.613+0530] {logging_mixin.py:188} INFO - [2026-03-10T08:29:41.613+0530] {dag.py:3954} INFO - Setting next_dagrun for dataset_consumes_unknown_never_scheduled to None, run_after=None
[2026-03-10T08:29:41.614+0530] {logging_mixin.py:188} INFO - [2026-03-10T08:29:41.614+0530] {dag.py:3954} INFO - Setting next_dagrun for dataset_produces_1 to 2026-03-09 00:00:00+00:00, run_after=2026-03-10 00:00:00+00:00
[2026-03-10T08:29:41.614+0530] {logging_mixin.py:188} INFO - [2026-03-10T08:29:41.614+0530] {dag.py:3954} INFO - Setting next_dagrun for dataset_produces_2 to None, run_after=None
[2026-03-10T08:29:41.622+0530] {processor.py:183} INFO - Processing /Users/aswin/Documents/data-engineering-practice/ETL_Airflow_DBT/airflow/airflow_env/lib/python3.11/site-packages/airflow/example_dags/example_datasets.py took 0.076 seconds
[2026-03-10T08:31:12.149+0530] {processor.py:161} INFO - Started process (PID=27066) to work on /Users/aswin/Documents/data-engineering-practice/ETL_Airflow_DBT/airflow/airflow_env/lib/python3.11/site-packages/airflow/example_dags/example_datasets.py
[2026-03-10T08:31:12.150+0530] {processor.py:830} INFO - Processing file /Users/aswin/Documents/data-engineering-practice/ETL_Airflow_DBT/airflow/airflow_env/lib/python3.11/site-packages/airflow/example_dags/example_datasets.py for tasks to queue
[2026-03-10T08:31:12.150+0530] {logging_mixin.py:188} INFO - [2026-03-10T08:31:12.150+0530] {dagbag.py:540} INFO - Filling up the DagBag from /Users/aswin/Documents/data-engineering-practice/ETL_Airflow_DBT/airflow/airflow_env/lib/python3.11/site-packages/airflow/example_dags/example_datasets.py
[2026-03-10T08:31:12.172+0530] {processor.py:840} INFO - DAG(s) 'dataset_consumes_unknown_never_scheduled', 'dataset_produces_1', 'dataset_produces_2', 'consume_1_and_2_with_dataset_expressions', 'dataset_consumes_1', 'conditional_dataset_and_time_based_timetable', 'consume_1_or_2_with_dataset_expressions', 'dataset_consumes_1_and_2', 'consume_1_or_both_2_and_3_with_dataset_expressions', 'dataset_consumes_1_never_scheduled' retrieved from /Users/aswin/Documents/data-engineering-practice/ETL_Airflow_DBT/airflow/airflow_env/lib/python3.11/site-packages/airflow/example_dags/example_datasets.py
[2026-03-10T08:31:12.207+0530] {logging_mixin.py:188} INFO - [2026-03-10T08:31:12.207+0530] {dag.py:3096} INFO - Sync 10 DAGs
[2026-03-10T08:31:12.213+0530] {logging_mixin.py:188} INFO - [2026-03-10T08:31:12.213+0530] {dag.py:3954} INFO - Setting next_dagrun for conditional_dataset_and_time_based_timetable to 2026-03-04 01:00:00+00:00, run_after=2026-03-04 01:00:00+00:00
[2026-03-10T08:31:12.214+0530] {logging_mixin.py:188} INFO - [2026-03-10T08:31:12.214+0530] {dag.py:3954} INFO - Setting next_dagrun for consume_1_and_2_with_dataset_expressions to None, run_after=None
[2026-03-10T08:31:12.214+0530] {logging_mixin.py:188} INFO - [2026-03-10T08:31:12.214+0530] {dag.py:3954} INFO - Setting next_dagrun for consume_1_or_2_with_dataset_expressions to None, run_after=None
[2026-03-10T08:31:12.215+0530] {logging_mixin.py:188} INFO - [2026-03-10T08:31:12.215+0530] {dag.py:3954} INFO - Setting next_dagrun for consume_1_or_both_2_and_3_with_dataset_expressions to None, run_after=None
[2026-03-10T08:31:12.215+0530] {logging_mixin.py:188} INFO - [2026-03-10T08:31:12.215+0530] {dag.py:3954} INFO - Setting next_dagrun for dataset_consumes_1 to None, run_after=None
[2026-03-10T08:31:12.215+0530] {logging_mixin.py:188} INFO - [2026-03-10T08:31:12.215+0530] {dag.py:3954} INFO - Setting next_dagrun for dataset_consumes_1_and_2 to None, run_after=None
[2026-03-10T08:31:12.215+0530] {logging_mixin.py:188} INFO - [2026-03-10T08:31:12.215+0530] {dag.py:3954} INFO - Setting next_dagrun for dataset_consumes_1_never_scheduled to None, run_after=None
[2026-03-10T08:31:12.216+0530] {logging_mixin.py:188} INFO - [2026-03-10T08:31:12.216+0530] {dag.py:3954} INFO - Setting next_dagrun for dataset_consumes_unknown_never_scheduled to None, run_after=None
[2026-03-10T08:31:12.216+0530] {logging_mixin.py:188} INFO - [2026-03-10T08:31:12.216+0530] {dag.py:3954} INFO - Setting next_dagrun for dataset_produces_1 to 2026-03-09 00:00:00+00:00, run_after=2026-03-10 00:00:00+00:00
[2026-03-10T08:31:12.216+0530] {logging_mixin.py:188} INFO - [2026-03-10T08:31:12.216+0530] {dag.py:3954} INFO - Setting next_dagrun for dataset_produces_2 to None, run_after=None
[2026-03-10T08:31:12.224+0530] {processor.py:183} INFO - Processing /Users/aswin/Documents/data-engineering-practice/ETL_Airflow_DBT/airflow/airflow_env/lib/python3.11/site-packages/airflow/example_dags/example_datasets.py took 0.077 seconds
[2026-03-10T08:32:43.891+0530] {processor.py:161} INFO - Started process (PID=27154) to work on /Users/aswin/Documents/data-engineering-practice/ETL_Airflow_DBT/airflow/airflow_env/lib/python3.11/site-packages/airflow/example_dags/example_datasets.py
[2026-03-10T08:32:43.893+0530] {processor.py:830} INFO - Processing file /Users/aswin/Documents/data-engineering-practice/ETL_Airflow_DBT/airflow/airflow_env/lib/python3.11/site-packages/airflow/example_dags/example_datasets.py for tasks to queue
[2026-03-10T08:32:43.893+0530] {logging_mixin.py:188} INFO - [2026-03-10T08:32:43.893+0530] {dagbag.py:540} INFO - Filling up the DagBag from /Users/aswin/Documents/data-engineering-practice/ETL_Airflow_DBT/airflow/airflow_env/lib/python3.11/site-packages/airflow/example_dags/example_datasets.py
[2026-03-10T08:32:43.913+0530] {processor.py:840} INFO - DAG(s) 'dataset_consumes_1_never_scheduled', 'dataset_consumes_1', 'dataset_produces_1', 'consume_1_and_2_with_dataset_expressions', 'conditional_dataset_and_time_based_timetable', 'dataset_consumes_unknown_never_scheduled', 'dataset_consumes_1_and_2', 'consume_1_or_both_2_and_3_with_dataset_expressions', 'dataset_produces_2', 'consume_1_or_2_with_dataset_expressions' retrieved from /Users/aswin/Documents/data-engineering-practice/ETL_Airflow_DBT/airflow/airflow_env/lib/python3.11/site-packages/airflow/example_dags/example_datasets.py
[2026-03-10T08:32:43.949+0530] {logging_mixin.py:188} INFO - [2026-03-10T08:32:43.948+0530] {dag.py:3096} INFO - Sync 10 DAGs
[2026-03-10T08:32:43.955+0530] {logging_mixin.py:188} INFO - [2026-03-10T08:32:43.955+0530] {dag.py:3954} INFO - Setting next_dagrun for conditional_dataset_and_time_based_timetable to 2026-03-04 01:00:00+00:00, run_after=2026-03-04 01:00:00+00:00
[2026-03-10T08:32:43.956+0530] {logging_mixin.py:188} INFO - [2026-03-10T08:32:43.956+0530] {dag.py:3954} INFO - Setting next_dagrun for consume_1_and_2_with_dataset_expressions to None, run_after=None
[2026-03-10T08:32:43.956+0530] {logging_mixin.py:188} INFO - [2026-03-10T08:32:43.956+0530] {dag.py:3954} INFO - Setting next_dagrun for consume_1_or_2_with_dataset_expressions to None, run_after=None
[2026-03-10T08:32:43.956+0530] {logging_mixin.py:188} INFO - [2026-03-10T08:32:43.956+0530] {dag.py:3954} INFO - Setting next_dagrun for consume_1_or_both_2_and_3_with_dataset_expressions to None, run_after=None
[2026-03-10T08:32:43.956+0530] {logging_mixin.py:188} INFO - [2026-03-10T08:32:43.956+0530] {dag.py:3954} INFO - Setting next_dagrun for dataset_consumes_1 to None, run_after=None
[2026-03-10T08:32:43.957+0530] {logging_mixin.py:188} INFO - [2026-03-10T08:32:43.957+0530] {dag.py:3954} INFO - Setting next_dagrun for dataset_consumes_1_and_2 to None, run_after=None
[2026-03-10T08:32:43.957+0530] {logging_mixin.py:188} INFO - [2026-03-10T08:32:43.957+0530] {dag.py:3954} INFO - Setting next_dagrun for dataset_consumes_1_never_scheduled to None, run_after=None
[2026-03-10T08:32:43.957+0530] {logging_mixin.py:188} INFO - [2026-03-10T08:32:43.957+0530] {dag.py:3954} INFO - Setting next_dagrun for dataset_consumes_unknown_never_scheduled to None, run_after=None
[2026-03-10T08:32:43.958+0530] {logging_mixin.py:188} INFO - [2026-03-10T08:32:43.958+0530] {dag.py:3954} INFO - Setting next_dagrun for dataset_produces_1 to 2026-03-09 00:00:00+00:00, run_after=2026-03-10 00:00:00+00:00
[2026-03-10T08:32:43.958+0530] {logging_mixin.py:188} INFO - [2026-03-10T08:32:43.958+0530] {dag.py:3954} INFO - Setting next_dagrun for dataset_produces_2 to None, run_after=None
[2026-03-10T08:32:43.966+0530] {processor.py:183} INFO - Processing /Users/aswin/Documents/data-engineering-practice/ETL_Airflow_DBT/airflow/airflow_env/lib/python3.11/site-packages/airflow/example_dags/example_datasets.py took 0.076 seconds
[2026-03-10T08:34:15.001+0530] {processor.py:161} INFO - Started process (PID=27226) to work on /Users/aswin/Documents/data-engineering-practice/ETL_Airflow_DBT/airflow/airflow_env/lib/python3.11/site-packages/airflow/example_dags/example_datasets.py
[2026-03-10T08:34:15.001+0530] {processor.py:830} INFO - Processing file /Users/aswin/Documents/data-engineering-practice/ETL_Airflow_DBT/airflow/airflow_env/lib/python3.11/site-packages/airflow/example_dags/example_datasets.py for tasks to queue
[2026-03-10T08:34:15.001+0530] {logging_mixin.py:188} INFO - [2026-03-10T08:34:15.001+0530] {dagbag.py:540} INFO - Filling up the DagBag from /Users/aswin/Documents/data-engineering-practice/ETL_Airflow_DBT/airflow/airflow_env/lib/python3.11/site-packages/airflow/example_dags/example_datasets.py
[2026-03-10T08:34:15.023+0530] {processor.py:840} INFO - DAG(s) 'dataset_produces_1', 'consume_1_or_2_with_dataset_expressions', 'dataset_consumes_unknown_never_scheduled', 'dataset_consumes_1_never_scheduled', 'consume_1_or_both_2_and_3_with_dataset_expressions', 'conditional_dataset_and_time_based_timetable', 'dataset_produces_2', 'consume_1_and_2_with_dataset_expressions', 'dataset_consumes_1', 'dataset_consumes_1_and_2' retrieved from /Users/aswin/Documents/data-engineering-practice/ETL_Airflow_DBT/airflow/airflow_env/lib/python3.11/site-packages/airflow/example_dags/example_datasets.py
[2026-03-10T08:34:15.058+0530] {logging_mixin.py:188} INFO - [2026-03-10T08:34:15.058+0530] {dag.py:3096} INFO - Sync 10 DAGs
[2026-03-10T08:34:15.064+0530] {logging_mixin.py:188} INFO - [2026-03-10T08:34:15.064+0530] {dag.py:3954} INFO - Setting next_dagrun for conditional_dataset_and_time_based_timetable to 2026-03-04 01:00:00+00:00, run_after=2026-03-04 01:00:00+00:00
[2026-03-10T08:34:15.065+0530] {logging_mixin.py:188} INFO - [2026-03-10T08:34:15.065+0530] {dag.py:3954} INFO - Setting next_dagrun for consume_1_and_2_with_dataset_expressions to None, run_after=None
[2026-03-10T08:34:15.065+0530] {logging_mixin.py:188} INFO - [2026-03-10T08:34:15.065+0530] {dag.py:3954} INFO - Setting next_dagrun for consume_1_or_2_with_dataset_expressions to None, run_after=None
[2026-03-10T08:34:15.065+0530] {logging_mixin.py:188} INFO - [2026-03-10T08:34:15.065+0530] {dag.py:3954} INFO - Setting next_dagrun for consume_1_or_both_2_and_3_with_dataset_expressions to None, run_after=None
[2026-03-10T08:34:15.066+0530] {logging_mixin.py:188} INFO - [2026-03-10T08:34:15.066+0530] {dag.py:3954} INFO - Setting next_dagrun for dataset_consumes_1 to None, run_after=None
[2026-03-10T08:34:15.066+0530] {logging_mixin.py:188} INFO - [2026-03-10T08:34:15.066+0530] {dag.py:3954} INFO - Setting next_dagrun for dataset_consumes_1_and_2 to None, run_after=None
[2026-03-10T08:34:15.066+0530] {logging_mixin.py:188} INFO - [2026-03-10T08:34:15.066+0530] {dag.py:3954} INFO - Setting next_dagrun for dataset_consumes_1_never_scheduled to None, run_after=None
[2026-03-10T08:34:15.066+0530] {logging_mixin.py:188} INFO - [2026-03-10T08:34:15.066+0530] {dag.py:3954} INFO - Setting next_dagrun for dataset_consumes_unknown_never_scheduled to None, run_after=None
[2026-03-10T08:34:15.067+0530] {logging_mixin.py:188} INFO - [2026-03-10T08:34:15.067+0530] {dag.py:3954} INFO - Setting next_dagrun for dataset_produces_1 to 2026-03-09 00:00:00+00:00, run_after=2026-03-10 00:00:00+00:00
[2026-03-10T08:34:15.067+0530] {logging_mixin.py:188} INFO - [2026-03-10T08:34:15.067+0530] {dag.py:3954} INFO - Setting next_dagrun for dataset_produces_2 to None, run_after=None
[2026-03-10T08:34:15.075+0530] {processor.py:183} INFO - Processing /Users/aswin/Documents/data-engineering-practice/ETL_Airflow_DBT/airflow/airflow_env/lib/python3.11/site-packages/airflow/example_dags/example_datasets.py took 0.075 seconds
[2026-03-10T08:35:48.917+0530] {processor.py:161} INFO - Started process (PID=27309) to work on /Users/aswin/Documents/data-engineering-practice/ETL_Airflow_DBT/airflow/airflow_env/lib/python3.11/site-packages/airflow/example_dags/example_datasets.py
[2026-03-10T08:35:48.918+0530] {processor.py:830} INFO - Processing file /Users/aswin/Documents/data-engineering-practice/ETL_Airflow_DBT/airflow/airflow_env/lib/python3.11/site-packages/airflow/example_dags/example_datasets.py for tasks to queue
[2026-03-10T08:35:48.918+0530] {logging_mixin.py:188} INFO - [2026-03-10T08:35:48.918+0530] {dagbag.py:540} INFO - Filling up the DagBag from /Users/aswin/Documents/data-engineering-practice/ETL_Airflow_DBT/airflow/airflow_env/lib/python3.11/site-packages/airflow/example_dags/example_datasets.py
[2026-03-10T08:35:48.940+0530] {processor.py:840} INFO - DAG(s) 'consume_1_or_both_2_and_3_with_dataset_expressions', 'dataset_produces_2', 'dataset_produces_1', 'conditional_dataset_and_time_based_timetable', 'dataset_consumes_1', 'dataset_consumes_1_never_scheduled', 'dataset_consumes_1_and_2', 'dataset_consumes_unknown_never_scheduled', 'consume_1_and_2_with_dataset_expressions', 'consume_1_or_2_with_dataset_expressions' retrieved from /Users/aswin/Documents/data-engineering-practice/ETL_Airflow_DBT/airflow/airflow_env/lib/python3.11/site-packages/airflow/example_dags/example_datasets.py
[2026-03-10T08:35:48.975+0530] {logging_mixin.py:188} INFO - [2026-03-10T08:35:48.975+0530] {dag.py:3096} INFO - Sync 10 DAGs
[2026-03-10T08:35:48.982+0530] {logging_mixin.py:188} INFO - [2026-03-10T08:35:48.982+0530] {dag.py:3954} INFO - Setting next_dagrun for conditional_dataset_and_time_based_timetable to 2026-03-04 01:00:00+00:00, run_after=2026-03-04 01:00:00+00:00
[2026-03-10T08:35:48.983+0530] {logging_mixin.py:188} INFO - [2026-03-10T08:35:48.982+0530] {dag.py:3954} INFO - Setting next_dagrun for consume_1_and_2_with_dataset_expressions to None, run_after=None
[2026-03-10T08:35:48.983+0530] {logging_mixin.py:188} INFO - [2026-03-10T08:35:48.983+0530] {dag.py:3954} INFO - Setting next_dagrun for consume_1_or_2_with_dataset_expressions to None, run_after=None
[2026-03-10T08:35:48.983+0530] {logging_mixin.py:188} INFO - [2026-03-10T08:35:48.983+0530] {dag.py:3954} INFO - Setting next_dagrun for consume_1_or_both_2_and_3_with_dataset_expressions to None, run_after=None
[2026-03-10T08:35:48.983+0530] {logging_mixin.py:188} INFO - [2026-03-10T08:35:48.983+0530] {dag.py:3954} INFO - Setting next_dagrun for dataset_consumes_1 to None, run_after=None
[2026-03-10T08:35:48.984+0530] {logging_mixin.py:188} INFO - [2026-03-10T08:35:48.984+0530] {dag.py:3954} INFO - Setting next_dagrun for dataset_consumes_1_and_2 to None, run_after=None
[2026-03-10T08:35:48.984+0530] {logging_mixin.py:188} INFO - [2026-03-10T08:35:48.984+0530] {dag.py:3954} INFO - Setting next_dagrun for dataset_consumes_1_never_scheduled to None, run_after=None
[2026-03-10T08:35:48.984+0530] {logging_mixin.py:188} INFO - [2026-03-10T08:35:48.984+0530] {dag.py:3954} INFO - Setting next_dagrun for dataset_consumes_unknown_never_scheduled to None, run_after=None
[2026-03-10T08:35:48.985+0530] {logging_mixin.py:188} INFO - [2026-03-10T08:35:48.985+0530] {dag.py:3954} INFO - Setting next_dagrun for dataset_produces_1 to 2026-03-09 00:00:00+00:00, run_after=2026-03-10 00:00:00+00:00
[2026-03-10T08:35:48.985+0530] {logging_mixin.py:188} INFO - [2026-03-10T08:35:48.985+0530] {dag.py:3954} INFO - Setting next_dagrun for dataset_produces_2 to None, run_after=None
[2026-03-10T08:35:48.993+0530] {processor.py:183} INFO - Processing /Users/aswin/Documents/data-engineering-practice/ETL_Airflow_DBT/airflow/airflow_env/lib/python3.11/site-packages/airflow/example_dags/example_datasets.py took 0.076 seconds
[2026-03-10T08:37:17.194+0530] {processor.py:161} INFO - Started process (PID=27380) to work on /Users/aswin/Documents/data-engineering-practice/ETL_Airflow_DBT/airflow/airflow_env/lib/python3.11/site-packages/airflow/example_dags/example_datasets.py
[2026-03-10T08:37:17.195+0530] {processor.py:830} INFO - Processing file /Users/aswin/Documents/data-engineering-practice/ETL_Airflow_DBT/airflow/airflow_env/lib/python3.11/site-packages/airflow/example_dags/example_datasets.py for tasks to queue
[2026-03-10T08:37:17.196+0530] {logging_mixin.py:188} INFO - [2026-03-10T08:37:17.196+0530] {dagbag.py:540} INFO - Filling up the DagBag from /Users/aswin/Documents/data-engineering-practice/ETL_Airflow_DBT/airflow/airflow_env/lib/python3.11/site-packages/airflow/example_dags/example_datasets.py
[2026-03-10T08:37:17.217+0530] {processor.py:840} INFO - DAG(s) 'dataset_consumes_unknown_never_scheduled', 'consume_1_or_both_2_and_3_with_dataset_expressions', 'conditional_dataset_and_time_based_timetable', 'dataset_consumes_1', 'consume_1_and_2_with_dataset_expressions', 'consume_1_or_2_with_dataset_expressions', 'dataset_consumes_1_never_scheduled', 'dataset_produces_1', 'dataset_produces_2', 'dataset_consumes_1_and_2' retrieved from /Users/aswin/Documents/data-engineering-practice/ETL_Airflow_DBT/airflow/airflow_env/lib/python3.11/site-packages/airflow/example_dags/example_datasets.py
[2026-03-10T08:37:17.253+0530] {logging_mixin.py:188} INFO - [2026-03-10T08:37:17.253+0530] {dag.py:3096} INFO - Sync 10 DAGs
[2026-03-10T08:37:17.259+0530] {logging_mixin.py:188} INFO - [2026-03-10T08:37:17.259+0530] {dag.py:3954} INFO - Setting next_dagrun for conditional_dataset_and_time_based_timetable to 2026-03-04 01:00:00+00:00, run_after=2026-03-04 01:00:00+00:00
[2026-03-10T08:37:17.260+0530] {logging_mixin.py:188} INFO - [2026-03-10T08:37:17.260+0530] {dag.py:3954} INFO - Setting next_dagrun for consume_1_and_2_with_dataset_expressions to None, run_after=None
[2026-03-10T08:37:17.260+0530] {logging_mixin.py:188} INFO - [2026-03-10T08:37:17.260+0530] {dag.py:3954} INFO - Setting next_dagrun for consume_1_or_2_with_dataset_expressions to None, run_after=None
[2026-03-10T08:37:17.260+0530] {logging_mixin.py:188} INFO - [2026-03-10T08:37:17.260+0530] {dag.py:3954} INFO - Setting next_dagrun for consume_1_or_both_2_and_3_with_dataset_expressions to None, run_after=None
[2026-03-10T08:37:17.261+0530] {logging_mixin.py:188} INFO - [2026-03-10T08:37:17.261+0530] {dag.py:3954} INFO - Setting next_dagrun for dataset_consumes_1 to None, run_after=None
[2026-03-10T08:37:17.261+0530] {logging_mixin.py:188} INFO - [2026-03-10T08:37:17.261+0530] {dag.py:3954} INFO - Setting next_dagrun for dataset_consumes_1_and_2 to None, run_after=None
[2026-03-10T08:37:17.261+0530] {logging_mixin.py:188} INFO - [2026-03-10T08:37:17.261+0530] {dag.py:3954} INFO - Setting next_dagrun for dataset_consumes_1_never_scheduled to None, run_after=None
[2026-03-10T08:37:17.261+0530] {logging_mixin.py:188} INFO - [2026-03-10T08:37:17.261+0530] {dag.py:3954} INFO - Setting next_dagrun for dataset_consumes_unknown_never_scheduled to None, run_after=None
[2026-03-10T08:37:17.262+0530] {logging_mixin.py:188} INFO - [2026-03-10T08:37:17.262+0530] {dag.py:3954} INFO - Setting next_dagrun for dataset_produces_1 to 2026-03-09 00:00:00+00:00, run_after=2026-03-10 00:00:00+00:00
[2026-03-10T08:37:17.262+0530] {logging_mixin.py:188} INFO - [2026-03-10T08:37:17.262+0530] {dag.py:3954} INFO - Setting next_dagrun for dataset_produces_2 to None, run_after=None
[2026-03-10T08:37:17.270+0530] {processor.py:183} INFO - Processing /Users/aswin/Documents/data-engineering-practice/ETL_Airflow_DBT/airflow/airflow_env/lib/python3.11/site-packages/airflow/example_dags/example_datasets.py took 0.077 seconds
[2026-03-10T09:07:29.819+0530] {processor.py:161} INFO - Started process (PID=27467) to work on /Users/aswin/Documents/data-engineering-practice/ETL_Airflow_DBT/airflow/airflow_env/lib/python3.11/site-packages/airflow/example_dags/example_datasets.py
[2026-03-10T09:07:29.821+0530] {processor.py:830} INFO - Processing file /Users/aswin/Documents/data-engineering-practice/ETL_Airflow_DBT/airflow/airflow_env/lib/python3.11/site-packages/airflow/example_dags/example_datasets.py for tasks to queue
[2026-03-10T09:07:29.821+0530] {logging_mixin.py:188} INFO - [2026-03-10T09:07:29.821+0530] {dagbag.py:540} INFO - Filling up the DagBag from /Users/aswin/Documents/data-engineering-practice/ETL_Airflow_DBT/airflow/airflow_env/lib/python3.11/site-packages/airflow/example_dags/example_datasets.py
[2026-03-10T09:07:29.842+0530] {processor.py:840} INFO - DAG(s) 'consume_1_and_2_with_dataset_expressions', 'dataset_consumes_1_and_2', 'conditional_dataset_and_time_based_timetable', 'dataset_consumes_unknown_never_scheduled', 'dataset_consumes_1_never_scheduled', 'consume_1_or_both_2_and_3_with_dataset_expressions', 'dataset_produces_1', 'dataset_produces_2', 'consume_1_or_2_with_dataset_expressions', 'dataset_consumes_1' retrieved from /Users/aswin/Documents/data-engineering-practice/ETL_Airflow_DBT/airflow/airflow_env/lib/python3.11/site-packages/airflow/example_dags/example_datasets.py
[2026-03-10T09:07:29.878+0530] {logging_mixin.py:188} INFO - [2026-03-10T09:07:29.878+0530] {dag.py:3096} INFO - Sync 10 DAGs
[2026-03-10T09:07:29.884+0530] {logging_mixin.py:188} INFO - [2026-03-10T09:07:29.884+0530] {dag.py:3954} INFO - Setting next_dagrun for conditional_dataset_and_time_based_timetable to 2026-03-04 01:00:00+00:00, run_after=2026-03-04 01:00:00+00:00
[2026-03-10T09:07:29.885+0530] {logging_mixin.py:188} INFO - [2026-03-10T09:07:29.885+0530] {dag.py:3954} INFO - Setting next_dagrun for consume_1_and_2_with_dataset_expressions to None, run_after=None
[2026-03-10T09:07:29.886+0530] {logging_mixin.py:188} INFO - [2026-03-10T09:07:29.886+0530] {dag.py:3954} INFO - Setting next_dagrun for consume_1_or_2_with_dataset_expressions to None, run_after=None
[2026-03-10T09:07:29.886+0530] {logging_mixin.py:188} INFO - [2026-03-10T09:07:29.886+0530] {dag.py:3954} INFO - Setting next_dagrun for consume_1_or_both_2_and_3_with_dataset_expressions to None, run_after=None
[2026-03-10T09:07:29.886+0530] {logging_mixin.py:188} INFO - [2026-03-10T09:07:29.886+0530] {dag.py:3954} INFO - Setting next_dagrun for dataset_consumes_1 to None, run_after=None
[2026-03-10T09:07:29.886+0530] {logging_mixin.py:188} INFO - [2026-03-10T09:07:29.886+0530] {dag.py:3954} INFO - Setting next_dagrun for dataset_consumes_1_and_2 to None, run_after=None
[2026-03-10T09:07:29.887+0530] {logging_mixin.py:188} INFO - [2026-03-10T09:07:29.887+0530] {dag.py:3954} INFO - Setting next_dagrun for dataset_consumes_1_never_scheduled to None, run_after=None
[2026-03-10T09:07:29.887+0530] {logging_mixin.py:188} INFO - [2026-03-10T09:07:29.887+0530] {dag.py:3954} INFO - Setting next_dagrun for dataset_consumes_unknown_never_scheduled to None, run_after=None
[2026-03-10T09:07:29.887+0530] {logging_mixin.py:188} INFO - [2026-03-10T09:07:29.887+0530] {dag.py:3954} INFO - Setting next_dagrun for dataset_produces_1 to 2026-03-09 00:00:00+00:00, run_after=2026-03-10 00:00:00+00:00
[2026-03-10T09:07:29.888+0530] {logging_mixin.py:188} INFO - [2026-03-10T09:07:29.888+0530] {dag.py:3954} INFO - Setting next_dagrun for dataset_produces_2 to None, run_after=None
[2026-03-10T09:07:29.896+0530] {processor.py:183} INFO - Processing /Users/aswin/Documents/data-engineering-practice/ETL_Airflow_DBT/airflow/airflow_env/lib/python3.11/site-packages/airflow/example_dags/example_datasets.py took 0.077 seconds
[2026-03-10T09:23:10.032+0530] {processor.py:161} INFO - Started process (PID=27570) to work on /Users/aswin/Documents/data-engineering-practice/ETL_Airflow_DBT/airflow/airflow_env/lib/python3.11/site-packages/airflow/example_dags/example_datasets.py
[2026-03-10T09:23:10.032+0530] {processor.py:830} INFO - Processing file /Users/aswin/Documents/data-engineering-practice/ETL_Airflow_DBT/airflow/airflow_env/lib/python3.11/site-packages/airflow/example_dags/example_datasets.py for tasks to queue
[2026-03-10T09:23:10.033+0530] {logging_mixin.py:188} INFO - [2026-03-10T09:23:10.032+0530] {dagbag.py:540} INFO - Filling up the DagBag from /Users/aswin/Documents/data-engineering-practice/ETL_Airflow_DBT/airflow/airflow_env/lib/python3.11/site-packages/airflow/example_dags/example_datasets.py
[2026-03-10T09:23:10.054+0530] {processor.py:840} INFO - DAG(s) 'consume_1_or_both_2_and_3_with_dataset_expressions', 'dataset_produces_2', 'dataset_consumes_1', 'conditional_dataset_and_time_based_timetable', 'dataset_consumes_1_never_scheduled', 'consume_1_and_2_with_dataset_expressions', 'dataset_produces_1', 'consume_1_or_2_with_dataset_expressions', 'dataset_consumes_unknown_never_scheduled', 'dataset_consumes_1_and_2' retrieved from /Users/aswin/Documents/data-engineering-practice/ETL_Airflow_DBT/airflow/airflow_env/lib/python3.11/site-packages/airflow/example_dags/example_datasets.py
[2026-03-10T09:23:10.089+0530] {logging_mixin.py:188} INFO - [2026-03-10T09:23:10.089+0530] {dag.py:3096} INFO - Sync 10 DAGs
[2026-03-10T09:23:10.095+0530] {logging_mixin.py:188} INFO - [2026-03-10T09:23:10.095+0530] {dag.py:3954} INFO - Setting next_dagrun for conditional_dataset_and_time_based_timetable to 2026-03-04 01:00:00+00:00, run_after=2026-03-04 01:00:00+00:00
[2026-03-10T09:23:10.096+0530] {logging_mixin.py:188} INFO - [2026-03-10T09:23:10.096+0530] {dag.py:3954} INFO - Setting next_dagrun for consume_1_and_2_with_dataset_expressions to None, run_after=None
[2026-03-10T09:23:10.097+0530] {logging_mixin.py:188} INFO - [2026-03-10T09:23:10.097+0530] {dag.py:3954} INFO - Setting next_dagrun for consume_1_or_2_with_dataset_expressions to None, run_after=None
[2026-03-10T09:23:10.097+0530] {logging_mixin.py:188} INFO - [2026-03-10T09:23:10.097+0530] {dag.py:3954} INFO - Setting next_dagrun for consume_1_or_both_2_and_3_with_dataset_expressions to None, run_after=None
[2026-03-10T09:23:10.097+0530] {logging_mixin.py:188} INFO - [2026-03-10T09:23:10.097+0530] {dag.py:3954} INFO - Setting next_dagrun for dataset_consumes_1 to None, run_after=None
[2026-03-10T09:23:10.097+0530] {logging_mixin.py:188} INFO - [2026-03-10T09:23:10.097+0530] {dag.py:3954} INFO - Setting next_dagrun for dataset_consumes_1_and_2 to None, run_after=None
[2026-03-10T09:23:10.098+0530] {logging_mixin.py:188} INFO - [2026-03-10T09:23:10.098+0530] {dag.py:3954} INFO - Setting next_dagrun for dataset_consumes_1_never_scheduled to None, run_after=None
[2026-03-10T09:23:10.098+0530] {logging_mixin.py:188} INFO - [2026-03-10T09:23:10.098+0530] {dag.py:3954} INFO - Setting next_dagrun for dataset_consumes_unknown_never_scheduled to None, run_after=None
[2026-03-10T09:23:10.098+0530] {logging_mixin.py:188} INFO - [2026-03-10T09:23:10.098+0530] {dag.py:3954} INFO - Setting next_dagrun for dataset_produces_1 to 2026-03-09 00:00:00+00:00, run_after=2026-03-10 00:00:00+00:00
[2026-03-10T09:23:10.099+0530] {logging_mixin.py:188} INFO - [2026-03-10T09:23:10.099+0530] {dag.py:3954} INFO - Setting next_dagrun for dataset_produces_2 to None, run_after=None
[2026-03-10T09:23:10.106+0530] {processor.py:183} INFO - Processing /Users/aswin/Documents/data-engineering-practice/ETL_Airflow_DBT/airflow/airflow_env/lib/python3.11/site-packages/airflow/example_dags/example_datasets.py took 0.076 seconds
[2026-03-10T10:25:04.818+0530] {processor.py:161} INFO - Started process (PID=27806) to work on /Users/aswin/Documents/data-engineering-practice/ETL_Airflow_DBT/airflow/airflow_env/lib/python3.11/site-packages/airflow/example_dags/example_datasets.py
[2026-03-10T10:25:04.819+0530] {processor.py:830} INFO - Processing file /Users/aswin/Documents/data-engineering-practice/ETL_Airflow_DBT/airflow/airflow_env/lib/python3.11/site-packages/airflow/example_dags/example_datasets.py for tasks to queue
[2026-03-10T10:25:04.819+0530] {logging_mixin.py:188} INFO - [2026-03-10T10:25:04.819+0530] {dagbag.py:540} INFO - Filling up the DagBag from /Users/aswin/Documents/data-engineering-practice/ETL_Airflow_DBT/airflow/airflow_env/lib/python3.11/site-packages/airflow/example_dags/example_datasets.py
[2026-03-10T10:25:04.843+0530] {processor.py:840} INFO - DAG(s) 'dataset_consumes_1_never_scheduled', 'conditional_dataset_and_time_based_timetable', 'consume_1_and_2_with_dataset_expressions', 'consume_1_or_both_2_and_3_with_dataset_expressions', 'dataset_produces_2', 'consume_1_or_2_with_dataset_expressions', 'dataset_consumes_unknown_never_scheduled', 'dataset_consumes_1_and_2', 'dataset_consumes_1', 'dataset_produces_1' retrieved from /Users/aswin/Documents/data-engineering-practice/ETL_Airflow_DBT/airflow/airflow_env/lib/python3.11/site-packages/airflow/example_dags/example_datasets.py
[2026-03-10T10:25:04.882+0530] {logging_mixin.py:188} INFO - [2026-03-10T10:25:04.882+0530] {dag.py:3096} INFO - Sync 10 DAGs
[2026-03-10T10:25:04.889+0530] {logging_mixin.py:188} INFO - [2026-03-10T10:25:04.888+0530] {dag.py:3954} INFO - Setting next_dagrun for conditional_dataset_and_time_based_timetable to 2026-03-04 01:00:00+00:00, run_after=2026-03-04 01:00:00+00:00
[2026-03-10T10:25:04.890+0530] {logging_mixin.py:188} INFO - [2026-03-10T10:25:04.889+0530] {dag.py:3954} INFO - Setting next_dagrun for consume_1_and_2_with_dataset_expressions to None, run_after=None
[2026-03-10T10:25:04.890+0530] {logging_mixin.py:188} INFO - [2026-03-10T10:25:04.890+0530] {dag.py:3954} INFO - Setting next_dagrun for consume_1_or_2_with_dataset_expressions to None, run_after=None
[2026-03-10T10:25:04.890+0530] {logging_mixin.py:188} INFO - [2026-03-10T10:25:04.890+0530] {dag.py:3954} INFO - Setting next_dagrun for consume_1_or_both_2_and_3_with_dataset_expressions to None, run_after=None
[2026-03-10T10:25:04.890+0530] {logging_mixin.py:188} INFO - [2026-03-10T10:25:04.890+0530] {dag.py:3954} INFO - Setting next_dagrun for dataset_consumes_1 to None, run_after=None
[2026-03-10T10:25:04.891+0530] {logging_mixin.py:188} INFO - [2026-03-10T10:25:04.891+0530] {dag.py:3954} INFO - Setting next_dagrun for dataset_consumes_1_and_2 to None, run_after=None
[2026-03-10T10:25:04.891+0530] {logging_mixin.py:188} INFO - [2026-03-10T10:25:04.891+0530] {dag.py:3954} INFO - Setting next_dagrun for dataset_consumes_1_never_scheduled to None, run_after=None
[2026-03-10T10:25:04.891+0530] {logging_mixin.py:188} INFO - [2026-03-10T10:25:04.891+0530] {dag.py:3954} INFO - Setting next_dagrun for dataset_consumes_unknown_never_scheduled to None, run_after=None
[2026-03-10T10:25:04.892+0530] {logging_mixin.py:188} INFO - [2026-03-10T10:25:04.892+0530] {dag.py:3954} INFO - Setting next_dagrun for dataset_produces_1 to 2026-03-09 00:00:00+00:00, run_after=2026-03-10 00:00:00+00:00
[2026-03-10T10:25:04.892+0530] {logging_mixin.py:188} INFO - [2026-03-10T10:25:04.892+0530] {dag.py:3954} INFO - Setting next_dagrun for dataset_produces_2 to None, run_after=None
[2026-03-10T10:25:04.901+0530] {processor.py:183} INFO - Processing /Users/aswin/Documents/data-engineering-practice/ETL_Airflow_DBT/airflow/airflow_env/lib/python3.11/site-packages/airflow/example_dags/example_datasets.py took 0.084 seconds
[2026-03-10T10:26:47.189+0530] {processor.py:161} INFO - Started process (PID=27904) to work on /Users/aswin/Documents/data-engineering-practice/ETL_Airflow_DBT/airflow/airflow_env/lib/python3.11/site-packages/airflow/example_dags/example_datasets.py
[2026-03-10T10:26:47.190+0530] {processor.py:830} INFO - Processing file /Users/aswin/Documents/data-engineering-practice/ETL_Airflow_DBT/airflow/airflow_env/lib/python3.11/site-packages/airflow/example_dags/example_datasets.py for tasks to queue
[2026-03-10T10:26:47.191+0530] {logging_mixin.py:188} INFO - [2026-03-10T10:26:47.191+0530] {dagbag.py:540} INFO - Filling up the DagBag from /Users/aswin/Documents/data-engineering-practice/ETL_Airflow_DBT/airflow/airflow_env/lib/python3.11/site-packages/airflow/example_dags/example_datasets.py
[2026-03-10T10:26:47.210+0530] {processor.py:840} INFO - DAG(s) 'dataset_consumes_1', 'consume_1_or_both_2_and_3_with_dataset_expressions', 'dataset_consumes_unknown_never_scheduled', 'dataset_produces_1', 'dataset_consumes_1_never_scheduled', 'dataset_produces_2', 'dataset_consumes_1_and_2', 'conditional_dataset_and_time_based_timetable', 'consume_1_or_2_with_dataset_expressions', 'consume_1_and_2_with_dataset_expressions' retrieved from /Users/aswin/Documents/data-engineering-practice/ETL_Airflow_DBT/airflow/airflow_env/lib/python3.11/site-packages/airflow/example_dags/example_datasets.py
[2026-03-10T10:26:47.247+0530] {logging_mixin.py:188} INFO - [2026-03-10T10:26:47.247+0530] {dag.py:3096} INFO - Sync 10 DAGs
[2026-03-10T10:26:47.253+0530] {logging_mixin.py:188} INFO - [2026-03-10T10:26:47.253+0530] {dag.py:3954} INFO - Setting next_dagrun for conditional_dataset_and_time_based_timetable to 2026-03-04 01:00:00+00:00, run_after=2026-03-04 01:00:00+00:00
[2026-03-10T10:26:47.254+0530] {logging_mixin.py:188} INFO - [2026-03-10T10:26:47.254+0530] {dag.py:3954} INFO - Setting next_dagrun for consume_1_and_2_with_dataset_expressions to None, run_after=None
[2026-03-10T10:26:47.255+0530] {logging_mixin.py:188} INFO - [2026-03-10T10:26:47.254+0530] {dag.py:3954} INFO - Setting next_dagrun for consume_1_or_2_with_dataset_expressions to None, run_after=None
[2026-03-10T10:26:47.255+0530] {logging_mixin.py:188} INFO - [2026-03-10T10:26:47.255+0530] {dag.py:3954} INFO - Setting next_dagrun for consume_1_or_both_2_and_3_with_dataset_expressions to None, run_after=None
[2026-03-10T10:26:47.255+0530] {logging_mixin.py:188} INFO - [2026-03-10T10:26:47.255+0530] {dag.py:3954} INFO - Setting next_dagrun for dataset_consumes_1 to None, run_after=None
[2026-03-10T10:26:47.255+0530] {logging_mixin.py:188} INFO - [2026-03-10T10:26:47.255+0530] {dag.py:3954} INFO - Setting next_dagrun for dataset_consumes_1_and_2 to None, run_after=None
[2026-03-10T10:26:47.256+0530] {logging_mixin.py:188} INFO - [2026-03-10T10:26:47.255+0530] {dag.py:3954} INFO - Setting next_dagrun for dataset_consumes_1_never_scheduled to None, run_after=None
[2026-03-10T10:26:47.256+0530] {logging_mixin.py:188} INFO - [2026-03-10T10:26:47.256+0530] {dag.py:3954} INFO - Setting next_dagrun for dataset_consumes_unknown_never_scheduled to None, run_after=None
[2026-03-10T10:26:47.256+0530] {logging_mixin.py:188} INFO - [2026-03-10T10:26:47.256+0530] {dag.py:3954} INFO - Setting next_dagrun for dataset_produces_1 to 2026-03-09 00:00:00+00:00, run_after=2026-03-10 00:00:00+00:00
[2026-03-10T10:26:47.257+0530] {logging_mixin.py:188} INFO - [2026-03-10T10:26:47.257+0530] {dag.py:3954} INFO - Setting next_dagrun for dataset_produces_2 to None, run_after=None
[2026-03-10T10:26:47.265+0530] {processor.py:183} INFO - Processing /Users/aswin/Documents/data-engineering-practice/ETL_Airflow_DBT/airflow/airflow_env/lib/python3.11/site-packages/airflow/example_dags/example_datasets.py took 0.077 seconds
[2026-03-10T10:28:22.528+0530] {processor.py:161} INFO - Started process (PID=28062) to work on /Users/aswin/Documents/data-engineering-practice/ETL_Airflow_DBT/airflow/airflow_env/lib/python3.11/site-packages/airflow/example_dags/example_datasets.py
[2026-03-10T10:28:22.529+0530] {processor.py:830} INFO - Processing file /Users/aswin/Documents/data-engineering-practice/ETL_Airflow_DBT/airflow/airflow_env/lib/python3.11/site-packages/airflow/example_dags/example_datasets.py for tasks to queue
[2026-03-10T10:28:22.529+0530] {logging_mixin.py:188} INFO - [2026-03-10T10:28:22.529+0530] {dagbag.py:540} INFO - Filling up the DagBag from /Users/aswin/Documents/data-engineering-practice/ETL_Airflow_DBT/airflow/airflow_env/lib/python3.11/site-packages/airflow/example_dags/example_datasets.py
[2026-03-10T10:28:22.547+0530] {processor.py:840} INFO - DAG(s) 'conditional_dataset_and_time_based_timetable', 'dataset_produces_2', 'dataset_consumes_1_and_2', 'consume_1_or_2_with_dataset_expressions', 'consume_1_or_both_2_and_3_with_dataset_expressions', 'consume_1_and_2_with_dataset_expressions', 'dataset_consumes_unknown_never_scheduled', 'dataset_consumes_1', 'dataset_consumes_1_never_scheduled', 'dataset_produces_1' retrieved from /Users/aswin/Documents/data-engineering-practice/ETL_Airflow_DBT/airflow/airflow_env/lib/python3.11/site-packages/airflow/example_dags/example_datasets.py
[2026-03-10T10:28:22.583+0530] {logging_mixin.py:188} INFO - [2026-03-10T10:28:22.583+0530] {dag.py:3096} INFO - Sync 10 DAGs
[2026-03-10T10:28:22.589+0530] {logging_mixin.py:188} INFO - [2026-03-10T10:28:22.589+0530] {dag.py:3954} INFO - Setting next_dagrun for conditional_dataset_and_time_based_timetable to 2026-03-04 01:00:00+00:00, run_after=2026-03-04 01:00:00+00:00
[2026-03-10T10:28:22.590+0530] {logging_mixin.py:188} INFO - [2026-03-10T10:28:22.590+0530] {dag.py:3954} INFO - Setting next_dagrun for consume_1_and_2_with_dataset_expressions to None, run_after=None
[2026-03-10T10:28:22.591+0530] {logging_mixin.py:188} INFO - [2026-03-10T10:28:22.591+0530] {dag.py:3954} INFO - Setting next_dagrun for consume_1_or_2_with_dataset_expressions to None, run_after=None
[2026-03-10T10:28:22.591+0530] {logging_mixin.py:188} INFO - [2026-03-10T10:28:22.591+0530] {dag.py:3954} INFO - Setting next_dagrun for consume_1_or_both_2_and_3_with_dataset_expressions to None, run_after=None
[2026-03-10T10:28:22.591+0530] {logging_mixin.py:188} INFO - [2026-03-10T10:28:22.591+0530] {dag.py:3954} INFO - Setting next_dagrun for dataset_consumes_1 to None, run_after=None
[2026-03-10T10:28:22.591+0530] {logging_mixin.py:188} INFO - [2026-03-10T10:28:22.591+0530] {dag.py:3954} INFO - Setting next_dagrun for dataset_consumes_1_and_2 to None, run_after=None
[2026-03-10T10:28:22.592+0530] {logging_mixin.py:188} INFO - [2026-03-10T10:28:22.592+0530] {dag.py:3954} INFO - Setting next_dagrun for dataset_consumes_1_never_scheduled to None, run_after=None
[2026-03-10T10:28:22.592+0530] {logging_mixin.py:188} INFO - [2026-03-10T10:28:22.592+0530] {dag.py:3954} INFO - Setting next_dagrun for dataset_consumes_unknown_never_scheduled to None, run_after=None
[2026-03-10T10:28:22.592+0530] {logging_mixin.py:188} INFO - [2026-03-10T10:28:22.592+0530] {dag.py:3954} INFO - Setting next_dagrun for dataset_produces_1 to 2026-03-09 00:00:00+00:00, run_after=2026-03-10 00:00:00+00:00
[2026-03-10T10:28:22.593+0530] {logging_mixin.py:188} INFO - [2026-03-10T10:28:22.593+0530] {dag.py:3954} INFO - Setting next_dagrun for dataset_produces_2 to None, run_after=None
[2026-03-10T10:28:22.601+0530] {processor.py:183} INFO - Processing /Users/aswin/Documents/data-engineering-practice/ETL_Airflow_DBT/airflow/airflow_env/lib/python3.11/site-packages/airflow/example_dags/example_datasets.py took 0.074 seconds
[2026-03-10T10:29:54.808+0530] {processor.py:161} INFO - Started process (PID=28221) to work on /Users/aswin/Documents/data-engineering-practice/ETL_Airflow_DBT/airflow/airflow_env/lib/python3.11/site-packages/airflow/example_dags/example_datasets.py
[2026-03-10T10:29:54.808+0530] {processor.py:830} INFO - Processing file /Users/aswin/Documents/data-engineering-practice/ETL_Airflow_DBT/airflow/airflow_env/lib/python3.11/site-packages/airflow/example_dags/example_datasets.py for tasks to queue
[2026-03-10T10:29:54.809+0530] {logging_mixin.py:188} INFO - [2026-03-10T10:29:54.808+0530] {dagbag.py:540} INFO - Filling up the DagBag from /Users/aswin/Documents/data-engineering-practice/ETL_Airflow_DBT/airflow/airflow_env/lib/python3.11/site-packages/airflow/example_dags/example_datasets.py
[2026-03-10T10:29:54.827+0530] {processor.py:840} INFO - DAG(s) 'consume_1_or_2_with_dataset_expressions', 'dataset_consumes_unknown_never_scheduled', 'dataset_consumes_1', 'dataset_consumes_1_and_2', 'conditional_dataset_and_time_based_timetable', 'consume_1_and_2_with_dataset_expressions', 'dataset_consumes_1_never_scheduled', 'consume_1_or_both_2_and_3_with_dataset_expressions', 'dataset_produces_2', 'dataset_produces_1' retrieved from /Users/aswin/Documents/data-engineering-practice/ETL_Airflow_DBT/airflow/airflow_env/lib/python3.11/site-packages/airflow/example_dags/example_datasets.py
[2026-03-10T10:29:54.863+0530] {logging_mixin.py:188} INFO - [2026-03-10T10:29:54.863+0530] {dag.py:3096} INFO - Sync 10 DAGs
[2026-03-10T10:29:54.870+0530] {logging_mixin.py:188} INFO - [2026-03-10T10:29:54.870+0530] {dag.py:3954} INFO - Setting next_dagrun for conditional_dataset_and_time_based_timetable to 2026-03-04 01:00:00+00:00, run_after=2026-03-04 01:00:00+00:00
[2026-03-10T10:29:54.871+0530] {logging_mixin.py:188} INFO - [2026-03-10T10:29:54.871+0530] {dag.py:3954} INFO - Setting next_dagrun for consume_1_and_2_with_dataset_expressions to None, run_after=None
[2026-03-10T10:29:54.871+0530] {logging_mixin.py:188} INFO - [2026-03-10T10:29:54.871+0530] {dag.py:3954} INFO - Setting next_dagrun for consume_1_or_2_with_dataset_expressions to None, run_after=None
[2026-03-10T10:29:54.871+0530] {logging_mixin.py:188} INFO - [2026-03-10T10:29:54.871+0530] {dag.py:3954} INFO - Setting next_dagrun for consume_1_or_both_2_and_3_with_dataset_expressions to None, run_after=None
[2026-03-10T10:29:54.872+0530] {logging_mixin.py:188} INFO - [2026-03-10T10:29:54.872+0530] {dag.py:3954} INFO - Setting next_dagrun for dataset_consumes_1 to None, run_after=None
[2026-03-10T10:29:54.872+0530] {logging_mixin.py:188} INFO - [2026-03-10T10:29:54.872+0530] {dag.py:3954} INFO - Setting next_dagrun for dataset_consumes_1_and_2 to None, run_after=None
[2026-03-10T10:29:54.872+0530] {logging_mixin.py:188} INFO - [2026-03-10T10:29:54.872+0530] {dag.py:3954} INFO - Setting next_dagrun for dataset_consumes_1_never_scheduled to None, run_after=None
[2026-03-10T10:29:54.872+0530] {logging_mixin.py:188} INFO - [2026-03-10T10:29:54.872+0530] {dag.py:3954} INFO - Setting next_dagrun for dataset_consumes_unknown_never_scheduled to None, run_after=None
[2026-03-10T10:29:54.873+0530] {logging_mixin.py:188} INFO - [2026-03-10T10:29:54.873+0530] {dag.py:3954} INFO - Setting next_dagrun for dataset_produces_1 to 2026-03-09 00:00:00+00:00, run_after=2026-03-10 00:00:00+00:00
[2026-03-10T10:29:54.873+0530] {logging_mixin.py:188} INFO - [2026-03-10T10:29:54.873+0530] {dag.py:3954} INFO - Setting next_dagrun for dataset_produces_2 to None, run_after=None
[2026-03-10T10:29:54.882+0530] {processor.py:183} INFO - Processing /Users/aswin/Documents/data-engineering-practice/ETL_Airflow_DBT/airflow/airflow_env/lib/python3.11/site-packages/airflow/example_dags/example_datasets.py took 0.075 seconds
[2026-03-10T10:31:32.616+0530] {processor.py:161} INFO - Started process (PID=28399) to work on /Users/aswin/Documents/data-engineering-practice/ETL_Airflow_DBT/airflow/airflow_env/lib/python3.11/site-packages/airflow/example_dags/example_datasets.py
[2026-03-10T10:31:32.617+0530] {processor.py:830} INFO - Processing file /Users/aswin/Documents/data-engineering-practice/ETL_Airflow_DBT/airflow/airflow_env/lib/python3.11/site-packages/airflow/example_dags/example_datasets.py for tasks to queue
[2026-03-10T10:31:32.618+0530] {logging_mixin.py:188} INFO - [2026-03-10T10:31:32.618+0530] {dagbag.py:540} INFO - Filling up the DagBag from /Users/aswin/Documents/data-engineering-practice/ETL_Airflow_DBT/airflow/airflow_env/lib/python3.11/site-packages/airflow/example_dags/example_datasets.py
[2026-03-10T10:31:32.636+0530] {processor.py:840} INFO - DAG(s) 'consume_1_and_2_with_dataset_expressions', 'dataset_consumes_1_never_scheduled', 'consume_1_or_2_with_dataset_expressions', 'consume_1_or_both_2_and_3_with_dataset_expressions', 'dataset_consumes_unknown_never_scheduled', 'dataset_consumes_1_and_2', 'conditional_dataset_and_time_based_timetable', 'dataset_produces_2', 'dataset_consumes_1', 'dataset_produces_1' retrieved from /Users/aswin/Documents/data-engineering-practice/ETL_Airflow_DBT/airflow/airflow_env/lib/python3.11/site-packages/airflow/example_dags/example_datasets.py
[2026-03-10T10:31:32.672+0530] {logging_mixin.py:188} INFO - [2026-03-10T10:31:32.672+0530] {dag.py:3096} INFO - Sync 10 DAGs
[2026-03-10T10:31:32.678+0530] {logging_mixin.py:188} INFO - [2026-03-10T10:31:32.678+0530] {dag.py:3954} INFO - Setting next_dagrun for conditional_dataset_and_time_based_timetable to 2026-03-04 01:00:00+00:00, run_after=2026-03-04 01:00:00+00:00
[2026-03-10T10:31:32.679+0530] {logging_mixin.py:188} INFO - [2026-03-10T10:31:32.679+0530] {dag.py:3954} INFO - Setting next_dagrun for consume_1_and_2_with_dataset_expressions to None, run_after=None
[2026-03-10T10:31:32.679+0530] {logging_mixin.py:188} INFO - [2026-03-10T10:31:32.679+0530] {dag.py:3954} INFO - Setting next_dagrun for consume_1_or_2_with_dataset_expressions to None, run_after=None
[2026-03-10T10:31:32.679+0530] {logging_mixin.py:188} INFO - [2026-03-10T10:31:32.679+0530] {dag.py:3954} INFO - Setting next_dagrun for consume_1_or_both_2_and_3_with_dataset_expressions to None, run_after=None
[2026-03-10T10:31:32.680+0530] {logging_mixin.py:188} INFO - [2026-03-10T10:31:32.680+0530] {dag.py:3954} INFO - Setting next_dagrun for dataset_consumes_1 to None, run_after=None
[2026-03-10T10:31:32.680+0530] {logging_mixin.py:188} INFO - [2026-03-10T10:31:32.680+0530] {dag.py:3954} INFO - Setting next_dagrun for dataset_consumes_1_and_2 to None, run_after=None
[2026-03-10T10:31:32.680+0530] {logging_mixin.py:188} INFO - [2026-03-10T10:31:32.680+0530] {dag.py:3954} INFO - Setting next_dagrun for dataset_consumes_1_never_scheduled to None, run_after=None
[2026-03-10T10:31:32.680+0530] {logging_mixin.py:188} INFO - [2026-03-10T10:31:32.680+0530] {dag.py:3954} INFO - Setting next_dagrun for dataset_consumes_unknown_never_scheduled to None, run_after=None
[2026-03-10T10:31:32.681+0530] {logging_mixin.py:188} INFO - [2026-03-10T10:31:32.681+0530] {dag.py:3954} INFO - Setting next_dagrun for dataset_produces_1 to 2026-03-09 00:00:00+00:00, run_after=2026-03-10 00:00:00+00:00
[2026-03-10T10:31:32.681+0530] {logging_mixin.py:188} INFO - [2026-03-10T10:31:32.681+0530] {dag.py:3954} INFO - Setting next_dagrun for dataset_produces_2 to None, run_after=None
[2026-03-10T10:31:32.689+0530] {processor.py:183} INFO - Processing /Users/aswin/Documents/data-engineering-practice/ETL_Airflow_DBT/airflow/airflow_env/lib/python3.11/site-packages/airflow/example_dags/example_datasets.py took 0.074 seconds
[2026-03-10T10:33:08.981+0530] {processor.py:161} INFO - Started process (PID=28502) to work on /Users/aswin/Documents/data-engineering-practice/ETL_Airflow_DBT/airflow/airflow_env/lib/python3.11/site-packages/airflow/example_dags/example_datasets.py
[2026-03-10T10:33:08.981+0530] {processor.py:830} INFO - Processing file /Users/aswin/Documents/data-engineering-practice/ETL_Airflow_DBT/airflow/airflow_env/lib/python3.11/site-packages/airflow/example_dags/example_datasets.py for tasks to queue
[2026-03-10T10:33:08.982+0530] {logging_mixin.py:188} INFO - [2026-03-10T10:33:08.981+0530] {dagbag.py:540} INFO - Filling up the DagBag from /Users/aswin/Documents/data-engineering-practice/ETL_Airflow_DBT/airflow/airflow_env/lib/python3.11/site-packages/airflow/example_dags/example_datasets.py
[2026-03-10T10:33:08.999+0530] {processor.py:840} INFO - DAG(s) 'dataset_consumes_1', 'dataset_consumes_1_and_2', 'dataset_consumes_1_never_scheduled', 'consume_1_or_both_2_and_3_with_dataset_expressions', 'dataset_consumes_unknown_never_scheduled', 'dataset_produces_2', 'consume_1_or_2_with_dataset_expressions', 'consume_1_and_2_with_dataset_expressions', 'conditional_dataset_and_time_based_timetable', 'dataset_produces_1' retrieved from /Users/aswin/Documents/data-engineering-practice/ETL_Airflow_DBT/airflow/airflow_env/lib/python3.11/site-packages/airflow/example_dags/example_datasets.py
[2026-03-10T10:33:09.034+0530] {logging_mixin.py:188} INFO - [2026-03-10T10:33:09.034+0530] {dag.py:3096} INFO - Sync 10 DAGs
[2026-03-10T10:33:09.041+0530] {logging_mixin.py:188} INFO - [2026-03-10T10:33:09.040+0530] {dag.py:3954} INFO - Setting next_dagrun for conditional_dataset_and_time_based_timetable to 2026-03-04 01:00:00+00:00, run_after=2026-03-04 01:00:00+00:00
[2026-03-10T10:33:09.041+0530] {logging_mixin.py:188} INFO - [2026-03-10T10:33:09.041+0530] {dag.py:3954} INFO - Setting next_dagrun for consume_1_and_2_with_dataset_expressions to None, run_after=None
[2026-03-10T10:33:09.042+0530] {logging_mixin.py:188} INFO - [2026-03-10T10:33:09.042+0530] {dag.py:3954} INFO - Setting next_dagrun for consume_1_or_2_with_dataset_expressions to None, run_after=None
[2026-03-10T10:33:09.042+0530] {logging_mixin.py:188} INFO - [2026-03-10T10:33:09.042+0530] {dag.py:3954} INFO - Setting next_dagrun for consume_1_or_both_2_and_3_with_dataset_expressions to None, run_after=None
[2026-03-10T10:33:09.042+0530] {logging_mixin.py:188} INFO - [2026-03-10T10:33:09.042+0530] {dag.py:3954} INFO - Setting next_dagrun for dataset_consumes_1 to None, run_after=None
[2026-03-10T10:33:09.042+0530] {logging_mixin.py:188} INFO - [2026-03-10T10:33:09.042+0530] {dag.py:3954} INFO - Setting next_dagrun for dataset_consumes_1_and_2 to None, run_after=None
[2026-03-10T10:33:09.043+0530] {logging_mixin.py:188} INFO - [2026-03-10T10:33:09.043+0530] {dag.py:3954} INFO - Setting next_dagrun for dataset_consumes_1_never_scheduled to None, run_after=None
[2026-03-10T10:33:09.043+0530] {logging_mixin.py:188} INFO - [2026-03-10T10:33:09.043+0530] {dag.py:3954} INFO - Setting next_dagrun for dataset_consumes_unknown_never_scheduled to None, run_after=None
[2026-03-10T10:33:09.043+0530] {logging_mixin.py:188} INFO - [2026-03-10T10:33:09.043+0530] {dag.py:3954} INFO - Setting next_dagrun for dataset_produces_1 to 2026-03-09 00:00:00+00:00, run_after=2026-03-10 00:00:00+00:00
[2026-03-10T10:33:09.044+0530] {logging_mixin.py:188} INFO - [2026-03-10T10:33:09.044+0530] {dag.py:3954} INFO - Setting next_dagrun for dataset_produces_2 to None, run_after=None
[2026-03-10T10:33:09.051+0530] {processor.py:183} INFO - Processing /Users/aswin/Documents/data-engineering-practice/ETL_Airflow_DBT/airflow/airflow_env/lib/python3.11/site-packages/airflow/example_dags/example_datasets.py took 0.072 seconds
[2026-03-10T10:34:41.945+0530] {processor.py:161} INFO - Started process (PID=28653) to work on /Users/aswin/Documents/data-engineering-practice/ETL_Airflow_DBT/airflow/airflow_env/lib/python3.11/site-packages/airflow/example_dags/example_datasets.py
[2026-03-10T10:34:41.946+0530] {processor.py:830} INFO - Processing file /Users/aswin/Documents/data-engineering-practice/ETL_Airflow_DBT/airflow/airflow_env/lib/python3.11/site-packages/airflow/example_dags/example_datasets.py for tasks to queue
[2026-03-10T10:34:41.946+0530] {logging_mixin.py:188} INFO - [2026-03-10T10:34:41.946+0530] {dagbag.py:540} INFO - Filling up the DagBag from /Users/aswin/Documents/data-engineering-practice/ETL_Airflow_DBT/airflow/airflow_env/lib/python3.11/site-packages/airflow/example_dags/example_datasets.py
[2026-03-10T10:34:41.964+0530] {processor.py:840} INFO - DAG(s) 'dataset_consumes_1_and_2', 'dataset_consumes_1', 'dataset_produces_1', 'consume_1_or_2_with_dataset_expressions', 'dataset_produces_2', 'dataset_consumes_unknown_never_scheduled', 'consume_1_or_both_2_and_3_with_dataset_expressions', 'consume_1_and_2_with_dataset_expressions', 'dataset_consumes_1_never_scheduled', 'conditional_dataset_and_time_based_timetable' retrieved from /Users/aswin/Documents/data-engineering-practice/ETL_Airflow_DBT/airflow/airflow_env/lib/python3.11/site-packages/airflow/example_dags/example_datasets.py
[2026-03-10T10:34:41.999+0530] {logging_mixin.py:188} INFO - [2026-03-10T10:34:41.999+0530] {dag.py:3096} INFO - Sync 10 DAGs
[2026-03-10T10:34:42.006+0530] {logging_mixin.py:188} INFO - [2026-03-10T10:34:42.006+0530] {dag.py:3954} INFO - Setting next_dagrun for conditional_dataset_and_time_based_timetable to 2026-03-04 01:00:00+00:00, run_after=2026-03-04 01:00:00+00:00
[2026-03-10T10:34:42.007+0530] {logging_mixin.py:188} INFO - [2026-03-10T10:34:42.007+0530] {dag.py:3954} INFO - Setting next_dagrun for consume_1_and_2_with_dataset_expressions to None, run_after=None
[2026-03-10T10:34:42.007+0530] {logging_mixin.py:188} INFO - [2026-03-10T10:34:42.007+0530] {dag.py:3954} INFO - Setting next_dagrun for consume_1_or_2_with_dataset_expressions to None, run_after=None
[2026-03-10T10:34:42.007+0530] {logging_mixin.py:188} INFO - [2026-03-10T10:34:42.007+0530] {dag.py:3954} INFO - Setting next_dagrun for consume_1_or_both_2_and_3_with_dataset_expressions to None, run_after=None
[2026-03-10T10:34:42.007+0530] {logging_mixin.py:188} INFO - [2026-03-10T10:34:42.007+0530] {dag.py:3954} INFO - Setting next_dagrun for dataset_consumes_1 to None, run_after=None
[2026-03-10T10:34:42.008+0530] {logging_mixin.py:188} INFO - [2026-03-10T10:34:42.008+0530] {dag.py:3954} INFO - Setting next_dagrun for dataset_consumes_1_and_2 to None, run_after=None
[2026-03-10T10:34:42.008+0530] {logging_mixin.py:188} INFO - [2026-03-10T10:34:42.008+0530] {dag.py:3954} INFO - Setting next_dagrun for dataset_consumes_1_never_scheduled to None, run_after=None
[2026-03-10T10:34:42.008+0530] {logging_mixin.py:188} INFO - [2026-03-10T10:34:42.008+0530] {dag.py:3954} INFO - Setting next_dagrun for dataset_consumes_unknown_never_scheduled to None, run_after=None
[2026-03-10T10:34:42.009+0530] {logging_mixin.py:188} INFO - [2026-03-10T10:34:42.009+0530] {dag.py:3954} INFO - Setting next_dagrun for dataset_produces_1 to 2026-03-09 00:00:00+00:00, run_after=2026-03-10 00:00:00+00:00
[2026-03-10T10:34:42.009+0530] {logging_mixin.py:188} INFO - [2026-03-10T10:34:42.009+0530] {dag.py:3954} INFO - Setting next_dagrun for dataset_produces_2 to None, run_after=None
[2026-03-10T10:34:42.017+0530] {processor.py:183} INFO - Processing /Users/aswin/Documents/data-engineering-practice/ETL_Airflow_DBT/airflow/airflow_env/lib/python3.11/site-packages/airflow/example_dags/example_datasets.py took 0.073 seconds
[2026-03-10T10:36:15.679+0530] {processor.py:161} INFO - Started process (PID=28811) to work on /Users/aswin/Documents/data-engineering-practice/ETL_Airflow_DBT/airflow/airflow_env/lib/python3.11/site-packages/airflow/example_dags/example_datasets.py
[2026-03-10T10:36:15.679+0530] {processor.py:830} INFO - Processing file /Users/aswin/Documents/data-engineering-practice/ETL_Airflow_DBT/airflow/airflow_env/lib/python3.11/site-packages/airflow/example_dags/example_datasets.py for tasks to queue
[2026-03-10T10:36:15.680+0530] {logging_mixin.py:188} INFO - [2026-03-10T10:36:15.679+0530] {dagbag.py:540} INFO - Filling up the DagBag from /Users/aswin/Documents/data-engineering-practice/ETL_Airflow_DBT/airflow/airflow_env/lib/python3.11/site-packages/airflow/example_dags/example_datasets.py
[2026-03-10T10:36:15.697+0530] {processor.py:840} INFO - DAG(s) 'dataset_consumes_unknown_never_scheduled', 'consume_1_or_both_2_and_3_with_dataset_expressions', 'dataset_produces_1', 'dataset_consumes_1_and_2', 'consume_1_and_2_with_dataset_expressions', 'consume_1_or_2_with_dataset_expressions', 'conditional_dataset_and_time_based_timetable', 'dataset_consumes_1', 'dataset_consumes_1_never_scheduled', 'dataset_produces_2' retrieved from /Users/aswin/Documents/data-engineering-practice/ETL_Airflow_DBT/airflow/airflow_env/lib/python3.11/site-packages/airflow/example_dags/example_datasets.py
[2026-03-10T10:36:15.732+0530] {logging_mixin.py:188} INFO - [2026-03-10T10:36:15.732+0530] {dag.py:3096} INFO - Sync 10 DAGs
[2026-03-10T10:36:15.739+0530] {logging_mixin.py:188} INFO - [2026-03-10T10:36:15.739+0530] {dag.py:3954} INFO - Setting next_dagrun for conditional_dataset_and_time_based_timetable to 2026-03-04 01:00:00+00:00, run_after=2026-03-04 01:00:00+00:00
[2026-03-10T10:36:15.739+0530] {logging_mixin.py:188} INFO - [2026-03-10T10:36:15.739+0530] {dag.py:3954} INFO - Setting next_dagrun for consume_1_and_2_with_dataset_expressions to None, run_after=None
[2026-03-10T10:36:15.740+0530] {logging_mixin.py:188} INFO - [2026-03-10T10:36:15.740+0530] {dag.py:3954} INFO - Setting next_dagrun for consume_1_or_2_with_dataset_expressions to None, run_after=None
[2026-03-10T10:36:15.740+0530] {logging_mixin.py:188} INFO - [2026-03-10T10:36:15.740+0530] {dag.py:3954} INFO - Setting next_dagrun for consume_1_or_both_2_and_3_with_dataset_expressions to None, run_after=None
[2026-03-10T10:36:15.740+0530] {logging_mixin.py:188} INFO - [2026-03-10T10:36:15.740+0530] {dag.py:3954} INFO - Setting next_dagrun for dataset_consumes_1 to None, run_after=None
[2026-03-10T10:36:15.741+0530] {logging_mixin.py:188} INFO - [2026-03-10T10:36:15.740+0530] {dag.py:3954} INFO - Setting next_dagrun for dataset_consumes_1_and_2 to None, run_after=None
[2026-03-10T10:36:15.741+0530] {logging_mixin.py:188} INFO - [2026-03-10T10:36:15.741+0530] {dag.py:3954} INFO - Setting next_dagrun for dataset_consumes_1_never_scheduled to None, run_after=None
[2026-03-10T10:36:15.741+0530] {logging_mixin.py:188} INFO - [2026-03-10T10:36:15.741+0530] {dag.py:3954} INFO - Setting next_dagrun for dataset_consumes_unknown_never_scheduled to None, run_after=None
[2026-03-10T10:36:15.742+0530] {logging_mixin.py:188} INFO - [2026-03-10T10:36:15.742+0530] {dag.py:3954} INFO - Setting next_dagrun for dataset_produces_1 to 2026-03-09 00:00:00+00:00, run_after=2026-03-10 00:00:00+00:00
[2026-03-10T10:36:15.742+0530] {logging_mixin.py:188} INFO - [2026-03-10T10:36:15.742+0530] {dag.py:3954} INFO - Setting next_dagrun for dataset_produces_2 to None, run_after=None
[2026-03-10T10:36:15.750+0530] {processor.py:183} INFO - Processing /Users/aswin/Documents/data-engineering-practice/ETL_Airflow_DBT/airflow/airflow_env/lib/python3.11/site-packages/airflow/example_dags/example_datasets.py took 0.072 seconds
[2026-03-10T10:37:51.232+0530] {processor.py:161} INFO - Started process (PID=28969) to work on /Users/aswin/Documents/data-engineering-practice/ETL_Airflow_DBT/airflow/airflow_env/lib/python3.11/site-packages/airflow/example_dags/example_datasets.py
[2026-03-10T10:37:51.233+0530] {processor.py:830} INFO - Processing file /Users/aswin/Documents/data-engineering-practice/ETL_Airflow_DBT/airflow/airflow_env/lib/python3.11/site-packages/airflow/example_dags/example_datasets.py for tasks to queue
[2026-03-10T10:37:51.233+0530] {logging_mixin.py:188} INFO - [2026-03-10T10:37:51.233+0530] {dagbag.py:540} INFO - Filling up the DagBag from /Users/aswin/Documents/data-engineering-practice/ETL_Airflow_DBT/airflow/airflow_env/lib/python3.11/site-packages/airflow/example_dags/example_datasets.py
[2026-03-10T10:37:51.252+0530] {processor.py:840} INFO - DAG(s) 'conditional_dataset_and_time_based_timetable', 'dataset_produces_1', 'dataset_consumes_1', 'consume_1_or_2_with_dataset_expressions', 'consume_1_or_both_2_and_3_with_dataset_expressions', 'dataset_consumes_1_never_scheduled', 'consume_1_and_2_with_dataset_expressions', 'dataset_consumes_1_and_2', 'dataset_consumes_unknown_never_scheduled', 'dataset_produces_2' retrieved from /Users/aswin/Documents/data-engineering-practice/ETL_Airflow_DBT/airflow/airflow_env/lib/python3.11/site-packages/airflow/example_dags/example_datasets.py
[2026-03-10T10:37:51.287+0530] {logging_mixin.py:188} INFO - [2026-03-10T10:37:51.287+0530] {dag.py:3096} INFO - Sync 10 DAGs
[2026-03-10T10:37:51.293+0530] {logging_mixin.py:188} INFO - [2026-03-10T10:37:51.293+0530] {dag.py:3954} INFO - Setting next_dagrun for conditional_dataset_and_time_based_timetable to 2026-03-04 01:00:00+00:00, run_after=2026-03-04 01:00:00+00:00
[2026-03-10T10:37:51.294+0530] {logging_mixin.py:188} INFO - [2026-03-10T10:37:51.294+0530] {dag.py:3954} INFO - Setting next_dagrun for consume_1_and_2_with_dataset_expressions to None, run_after=None
[2026-03-10T10:37:51.295+0530] {logging_mixin.py:188} INFO - [2026-03-10T10:37:51.295+0530] {dag.py:3954} INFO - Setting next_dagrun for consume_1_or_2_with_dataset_expressions to None, run_after=None
[2026-03-10T10:37:51.295+0530] {logging_mixin.py:188} INFO - [2026-03-10T10:37:51.295+0530] {dag.py:3954} INFO - Setting next_dagrun for consume_1_or_both_2_and_3_with_dataset_expressions to None, run_after=None
[2026-03-10T10:37:51.295+0530] {logging_mixin.py:188} INFO - [2026-03-10T10:37:51.295+0530] {dag.py:3954} INFO - Setting next_dagrun for dataset_consumes_1 to None, run_after=None
[2026-03-10T10:37:51.295+0530] {logging_mixin.py:188} INFO - [2026-03-10T10:37:51.295+0530] {dag.py:3954} INFO - Setting next_dagrun for dataset_consumes_1_and_2 to None, run_after=None
[2026-03-10T10:37:51.296+0530] {logging_mixin.py:188} INFO - [2026-03-10T10:37:51.296+0530] {dag.py:3954} INFO - Setting next_dagrun for dataset_consumes_1_never_scheduled to None, run_after=None
[2026-03-10T10:37:51.296+0530] {logging_mixin.py:188} INFO - [2026-03-10T10:37:51.296+0530] {dag.py:3954} INFO - Setting next_dagrun for dataset_consumes_unknown_never_scheduled to None, run_after=None
[2026-03-10T10:37:51.296+0530] {logging_mixin.py:188} INFO - [2026-03-10T10:37:51.296+0530] {dag.py:3954} INFO - Setting next_dagrun for dataset_produces_1 to 2026-03-09 00:00:00+00:00, run_after=2026-03-10 00:00:00+00:00
[2026-03-10T10:37:51.297+0530] {logging_mixin.py:188} INFO - [2026-03-10T10:37:51.297+0530] {dag.py:3954} INFO - Setting next_dagrun for dataset_produces_2 to None, run_after=None
[2026-03-10T10:37:51.304+0530] {processor.py:183} INFO - Processing /Users/aswin/Documents/data-engineering-practice/ETL_Airflow_DBT/airflow/airflow_env/lib/python3.11/site-packages/airflow/example_dags/example_datasets.py took 0.073 seconds
[2026-03-10T10:39:24.231+0530] {processor.py:161} INFO - Started process (PID=29045) to work on /Users/aswin/Documents/data-engineering-practice/ETL_Airflow_DBT/airflow/airflow_env/lib/python3.11/site-packages/airflow/example_dags/example_datasets.py
[2026-03-10T10:39:24.233+0530] {processor.py:830} INFO - Processing file /Users/aswin/Documents/data-engineering-practice/ETL_Airflow_DBT/airflow/airflow_env/lib/python3.11/site-packages/airflow/example_dags/example_datasets.py for tasks to queue
[2026-03-10T10:39:24.233+0530] {logging_mixin.py:188} INFO - [2026-03-10T10:39:24.233+0530] {dagbag.py:540} INFO - Filling up the DagBag from /Users/aswin/Documents/data-engineering-practice/ETL_Airflow_DBT/airflow/airflow_env/lib/python3.11/site-packages/airflow/example_dags/example_datasets.py
[2026-03-10T10:39:24.254+0530] {processor.py:840} INFO - DAG(s) 'consume_1_or_both_2_and_3_with_dataset_expressions', 'dataset_consumes_1', 'consume_1_and_2_with_dataset_expressions', 'dataset_consumes_1_and_2', 'dataset_produces_1', 'dataset_consumes_unknown_never_scheduled', 'conditional_dataset_and_time_based_timetable', 'dataset_consumes_1_never_scheduled', 'dataset_produces_2', 'consume_1_or_2_with_dataset_expressions' retrieved from /Users/aswin/Documents/data-engineering-practice/ETL_Airflow_DBT/airflow/airflow_env/lib/python3.11/site-packages/airflow/example_dags/example_datasets.py
[2026-03-10T10:39:24.289+0530] {logging_mixin.py:188} INFO - [2026-03-10T10:39:24.289+0530] {dag.py:3096} INFO - Sync 10 DAGs
[2026-03-10T10:39:24.295+0530] {logging_mixin.py:188} INFO - [2026-03-10T10:39:24.295+0530] {dag.py:3954} INFO - Setting next_dagrun for conditional_dataset_and_time_based_timetable to 2026-03-04 01:00:00+00:00, run_after=2026-03-04 01:00:00+00:00
[2026-03-10T10:39:24.296+0530] {logging_mixin.py:188} INFO - [2026-03-10T10:39:24.296+0530] {dag.py:3954} INFO - Setting next_dagrun for consume_1_and_2_with_dataset_expressions to None, run_after=None
[2026-03-10T10:39:24.297+0530] {logging_mixin.py:188} INFO - [2026-03-10T10:39:24.297+0530] {dag.py:3954} INFO - Setting next_dagrun for consume_1_or_2_with_dataset_expressions to None, run_after=None
[2026-03-10T10:39:24.297+0530] {logging_mixin.py:188} INFO - [2026-03-10T10:39:24.297+0530] {dag.py:3954} INFO - Setting next_dagrun for consume_1_or_both_2_and_3_with_dataset_expressions to None, run_after=None
[2026-03-10T10:39:24.297+0530] {logging_mixin.py:188} INFO - [2026-03-10T10:39:24.297+0530] {dag.py:3954} INFO - Setting next_dagrun for dataset_consumes_1 to None, run_after=None
[2026-03-10T10:39:24.297+0530] {logging_mixin.py:188} INFO - [2026-03-10T10:39:24.297+0530] {dag.py:3954} INFO - Setting next_dagrun for dataset_consumes_1_and_2 to None, run_after=None
[2026-03-10T10:39:24.298+0530] {logging_mixin.py:188} INFO - [2026-03-10T10:39:24.298+0530] {dag.py:3954} INFO - Setting next_dagrun for dataset_consumes_1_never_scheduled to None, run_after=None
[2026-03-10T10:39:24.298+0530] {logging_mixin.py:188} INFO - [2026-03-10T10:39:24.298+0530] {dag.py:3954} INFO - Setting next_dagrun for dataset_consumes_unknown_never_scheduled to None, run_after=None
[2026-03-10T10:39:24.298+0530] {logging_mixin.py:188} INFO - [2026-03-10T10:39:24.298+0530] {dag.py:3954} INFO - Setting next_dagrun for dataset_produces_1 to 2026-03-09 00:00:00+00:00, run_after=2026-03-10 00:00:00+00:00
[2026-03-10T10:39:24.299+0530] {logging_mixin.py:188} INFO - [2026-03-10T10:39:24.299+0530] {dag.py:3954} INFO - Setting next_dagrun for dataset_produces_2 to None, run_after=None
[2026-03-10T10:39:24.307+0530] {processor.py:183} INFO - Processing /Users/aswin/Documents/data-engineering-practice/ETL_Airflow_DBT/airflow/airflow_env/lib/python3.11/site-packages/airflow/example_dags/example_datasets.py took 0.076 seconds
[2026-03-10T10:40:58.192+0530] {processor.py:161} INFO - Started process (PID=29133) to work on /Users/aswin/Documents/data-engineering-practice/ETL_Airflow_DBT/airflow/airflow_env/lib/python3.11/site-packages/airflow/example_dags/example_datasets.py
[2026-03-10T10:40:58.193+0530] {processor.py:830} INFO - Processing file /Users/aswin/Documents/data-engineering-practice/ETL_Airflow_DBT/airflow/airflow_env/lib/python3.11/site-packages/airflow/example_dags/example_datasets.py for tasks to queue
[2026-03-10T10:40:58.193+0530] {logging_mixin.py:188} INFO - [2026-03-10T10:40:58.193+0530] {dagbag.py:540} INFO - Filling up the DagBag from /Users/aswin/Documents/data-engineering-practice/ETL_Airflow_DBT/airflow/airflow_env/lib/python3.11/site-packages/airflow/example_dags/example_datasets.py
[2026-03-10T10:40:58.215+0530] {processor.py:840} INFO - DAG(s) 'consume_1_or_both_2_and_3_with_dataset_expressions', 'consume_1_or_2_with_dataset_expressions', 'dataset_consumes_1_never_scheduled', 'dataset_consumes_unknown_never_scheduled', 'dataset_consumes_1', 'dataset_consumes_1_and_2', 'dataset_produces_2', 'dataset_produces_1', 'consume_1_and_2_with_dataset_expressions', 'conditional_dataset_and_time_based_timetable' retrieved from /Users/aswin/Documents/data-engineering-practice/ETL_Airflow_DBT/airflow/airflow_env/lib/python3.11/site-packages/airflow/example_dags/example_datasets.py
[2026-03-10T10:40:58.250+0530] {logging_mixin.py:188} INFO - [2026-03-10T10:40:58.250+0530] {dag.py:3096} INFO - Sync 10 DAGs
[2026-03-10T10:40:58.256+0530] {logging_mixin.py:188} INFO - [2026-03-10T10:40:58.256+0530] {dag.py:3954} INFO - Setting next_dagrun for conditional_dataset_and_time_based_timetable to 2026-03-04 01:00:00+00:00, run_after=2026-03-04 01:00:00+00:00
[2026-03-10T10:40:58.257+0530] {logging_mixin.py:188} INFO - [2026-03-10T10:40:58.257+0530] {dag.py:3954} INFO - Setting next_dagrun for consume_1_and_2_with_dataset_expressions to None, run_after=None
[2026-03-10T10:40:58.258+0530] {logging_mixin.py:188} INFO - [2026-03-10T10:40:58.258+0530] {dag.py:3954} INFO - Setting next_dagrun for consume_1_or_2_with_dataset_expressions to None, run_after=None
[2026-03-10T10:40:58.258+0530] {logging_mixin.py:188} INFO - [2026-03-10T10:40:58.258+0530] {dag.py:3954} INFO - Setting next_dagrun for consume_1_or_both_2_and_3_with_dataset_expressions to None, run_after=None
[2026-03-10T10:40:58.258+0530] {logging_mixin.py:188} INFO - [2026-03-10T10:40:58.258+0530] {dag.py:3954} INFO - Setting next_dagrun for dataset_consumes_1 to None, run_after=None
[2026-03-10T10:40:58.258+0530] {logging_mixin.py:188} INFO - [2026-03-10T10:40:58.258+0530] {dag.py:3954} INFO - Setting next_dagrun for dataset_consumes_1_and_2 to None, run_after=None
[2026-03-10T10:40:58.259+0530] {logging_mixin.py:188} INFO - [2026-03-10T10:40:58.259+0530] {dag.py:3954} INFO - Setting next_dagrun for dataset_consumes_1_never_scheduled to None, run_after=None
[2026-03-10T10:40:58.259+0530] {logging_mixin.py:188} INFO - [2026-03-10T10:40:58.259+0530] {dag.py:3954} INFO - Setting next_dagrun for dataset_consumes_unknown_never_scheduled to None, run_after=None
[2026-03-10T10:40:58.259+0530] {logging_mixin.py:188} INFO - [2026-03-10T10:40:58.259+0530] {dag.py:3954} INFO - Setting next_dagrun for dataset_produces_1 to 2026-03-09 00:00:00+00:00, run_after=2026-03-10 00:00:00+00:00
[2026-03-10T10:40:58.260+0530] {logging_mixin.py:188} INFO - [2026-03-10T10:40:58.260+0530] {dag.py:3954} INFO - Setting next_dagrun for dataset_produces_2 to None, run_after=None
[2026-03-10T10:40:58.268+0530] {processor.py:183} INFO - Processing /Users/aswin/Documents/data-engineering-practice/ETL_Airflow_DBT/airflow/airflow_env/lib/python3.11/site-packages/airflow/example_dags/example_datasets.py took 0.077 seconds
[2026-03-10T10:42:30.143+0530] {processor.py:161} INFO - Started process (PID=29205) to work on /Users/aswin/Documents/data-engineering-practice/ETL_Airflow_DBT/airflow/airflow_env/lib/python3.11/site-packages/airflow/example_dags/example_datasets.py
[2026-03-10T10:42:30.144+0530] {processor.py:830} INFO - Processing file /Users/aswin/Documents/data-engineering-practice/ETL_Airflow_DBT/airflow/airflow_env/lib/python3.11/site-packages/airflow/example_dags/example_datasets.py for tasks to queue
[2026-03-10T10:42:30.144+0530] {logging_mixin.py:188} INFO - [2026-03-10T10:42:30.144+0530] {dagbag.py:540} INFO - Filling up the DagBag from /Users/aswin/Documents/data-engineering-practice/ETL_Airflow_DBT/airflow/airflow_env/lib/python3.11/site-packages/airflow/example_dags/example_datasets.py
[2026-03-10T10:42:30.165+0530] {processor.py:840} INFO - DAG(s) 'dataset_produces_2', 'dataset_consumes_unknown_never_scheduled', 'dataset_produces_1', 'dataset_consumes_1', 'consume_1_and_2_with_dataset_expressions', 'conditional_dataset_and_time_based_timetable', 'consume_1_or_2_with_dataset_expressions', 'dataset_consumes_1_never_scheduled', 'dataset_consumes_1_and_2', 'consume_1_or_both_2_and_3_with_dataset_expressions' retrieved from /Users/aswin/Documents/data-engineering-practice/ETL_Airflow_DBT/airflow/airflow_env/lib/python3.11/site-packages/airflow/example_dags/example_datasets.py
[2026-03-10T10:42:30.199+0530] {logging_mixin.py:188} INFO - [2026-03-10T10:42:30.199+0530] {dag.py:3096} INFO - Sync 10 DAGs
[2026-03-10T10:42:30.206+0530] {logging_mixin.py:188} INFO - [2026-03-10T10:42:30.206+0530] {dag.py:3954} INFO - Setting next_dagrun for conditional_dataset_and_time_based_timetable to 2026-03-04 01:00:00+00:00, run_after=2026-03-04 01:00:00+00:00
[2026-03-10T10:42:30.207+0530] {logging_mixin.py:188} INFO - [2026-03-10T10:42:30.207+0530] {dag.py:3954} INFO - Setting next_dagrun for consume_1_and_2_with_dataset_expressions to None, run_after=None
[2026-03-10T10:42:30.207+0530] {logging_mixin.py:188} INFO - [2026-03-10T10:42:30.207+0530] {dag.py:3954} INFO - Setting next_dagrun for consume_1_or_2_with_dataset_expressions to None, run_after=None
[2026-03-10T10:42:30.207+0530] {logging_mixin.py:188} INFO - [2026-03-10T10:42:30.207+0530] {dag.py:3954} INFO - Setting next_dagrun for consume_1_or_both_2_and_3_with_dataset_expressions to None, run_after=None
[2026-03-10T10:42:30.207+0530] {logging_mixin.py:188} INFO - [2026-03-10T10:42:30.207+0530] {dag.py:3954} INFO - Setting next_dagrun for dataset_consumes_1 to None, run_after=None
[2026-03-10T10:42:30.208+0530] {logging_mixin.py:188} INFO - [2026-03-10T10:42:30.208+0530] {dag.py:3954} INFO - Setting next_dagrun for dataset_consumes_1_and_2 to None, run_after=None
[2026-03-10T10:42:30.208+0530] {logging_mixin.py:188} INFO - [2026-03-10T10:42:30.208+0530] {dag.py:3954} INFO - Setting next_dagrun for dataset_consumes_1_never_scheduled to None, run_after=None
[2026-03-10T10:42:30.208+0530] {logging_mixin.py:188} INFO - [2026-03-10T10:42:30.208+0530] {dag.py:3954} INFO - Setting next_dagrun for dataset_consumes_unknown_never_scheduled to None, run_after=None
[2026-03-10T10:42:30.209+0530] {logging_mixin.py:188} INFO - [2026-03-10T10:42:30.209+0530] {dag.py:3954} INFO - Setting next_dagrun for dataset_produces_1 to 2026-03-09 00:00:00+00:00, run_after=2026-03-10 00:00:00+00:00
[2026-03-10T10:42:30.209+0530] {logging_mixin.py:188} INFO - [2026-03-10T10:42:30.209+0530] {dag.py:3954} INFO - Setting next_dagrun for dataset_produces_2 to None, run_after=None
[2026-03-10T10:42:30.217+0530] {processor.py:183} INFO - Processing /Users/aswin/Documents/data-engineering-practice/ETL_Airflow_DBT/airflow/airflow_env/lib/python3.11/site-packages/airflow/example_dags/example_datasets.py took 0.074 seconds
[2026-03-10T10:43:59.649+0530] {processor.py:161} INFO - Started process (PID=29292) to work on /Users/aswin/Documents/data-engineering-practice/ETL_Airflow_DBT/airflow/airflow_env/lib/python3.11/site-packages/airflow/example_dags/example_datasets.py
[2026-03-10T10:43:59.650+0530] {processor.py:830} INFO - Processing file /Users/aswin/Documents/data-engineering-practice/ETL_Airflow_DBT/airflow/airflow_env/lib/python3.11/site-packages/airflow/example_dags/example_datasets.py for tasks to queue
[2026-03-10T10:43:59.650+0530] {logging_mixin.py:188} INFO - [2026-03-10T10:43:59.650+0530] {dagbag.py:540} INFO - Filling up the DagBag from /Users/aswin/Documents/data-engineering-practice/ETL_Airflow_DBT/airflow/airflow_env/lib/python3.11/site-packages/airflow/example_dags/example_datasets.py
[2026-03-10T10:43:59.670+0530] {processor.py:840} INFO - DAG(s) 'dataset_produces_1', 'conditional_dataset_and_time_based_timetable', 'dataset_produces_2', 'consume_1_and_2_with_dataset_expressions', 'dataset_consumes_1_and_2', 'dataset_consumes_1', 'consume_1_or_2_with_dataset_expressions', 'consume_1_or_both_2_and_3_with_dataset_expressions', 'dataset_consumes_1_never_scheduled', 'dataset_consumes_unknown_never_scheduled' retrieved from /Users/aswin/Documents/data-engineering-practice/ETL_Airflow_DBT/airflow/airflow_env/lib/python3.11/site-packages/airflow/example_dags/example_datasets.py
[2026-03-10T10:43:59.706+0530] {logging_mixin.py:188} INFO - [2026-03-10T10:43:59.706+0530] {dag.py:3096} INFO - Sync 10 DAGs
[2026-03-10T10:43:59.712+0530] {logging_mixin.py:188} INFO - [2026-03-10T10:43:59.712+0530] {dag.py:3954} INFO - Setting next_dagrun for conditional_dataset_and_time_based_timetable to 2026-03-04 01:00:00+00:00, run_after=2026-03-04 01:00:00+00:00
[2026-03-10T10:43:59.713+0530] {logging_mixin.py:188} INFO - [2026-03-10T10:43:59.713+0530] {dag.py:3954} INFO - Setting next_dagrun for consume_1_and_2_with_dataset_expressions to None, run_after=None
[2026-03-10T10:43:59.713+0530] {logging_mixin.py:188} INFO - [2026-03-10T10:43:59.713+0530] {dag.py:3954} INFO - Setting next_dagrun for consume_1_or_2_with_dataset_expressions to None, run_after=None
[2026-03-10T10:43:59.714+0530] {logging_mixin.py:188} INFO - [2026-03-10T10:43:59.714+0530] {dag.py:3954} INFO - Setting next_dagrun for consume_1_or_both_2_and_3_with_dataset_expressions to None, run_after=None
[2026-03-10T10:43:59.714+0530] {logging_mixin.py:188} INFO - [2026-03-10T10:43:59.714+0530] {dag.py:3954} INFO - Setting next_dagrun for dataset_consumes_1 to None, run_after=None
[2026-03-10T10:43:59.714+0530] {logging_mixin.py:188} INFO - [2026-03-10T10:43:59.714+0530] {dag.py:3954} INFO - Setting next_dagrun for dataset_consumes_1_and_2 to None, run_after=None
[2026-03-10T10:43:59.714+0530] {logging_mixin.py:188} INFO - [2026-03-10T10:43:59.714+0530] {dag.py:3954} INFO - Setting next_dagrun for dataset_consumes_1_never_scheduled to None, run_after=None
[2026-03-10T10:43:59.715+0530] {logging_mixin.py:188} INFO - [2026-03-10T10:43:59.715+0530] {dag.py:3954} INFO - Setting next_dagrun for dataset_consumes_unknown_never_scheduled to None, run_after=None
[2026-03-10T10:43:59.715+0530] {logging_mixin.py:188} INFO - [2026-03-10T10:43:59.715+0530] {dag.py:3954} INFO - Setting next_dagrun for dataset_produces_1 to 2026-03-09 00:00:00+00:00, run_after=2026-03-10 00:00:00+00:00
[2026-03-10T10:43:59.715+0530] {logging_mixin.py:188} INFO - [2026-03-10T10:43:59.715+0530] {dag.py:3954} INFO - Setting next_dagrun for dataset_produces_2 to None, run_after=None
[2026-03-10T10:43:59.724+0530] {processor.py:183} INFO - Processing /Users/aswin/Documents/data-engineering-practice/ETL_Airflow_DBT/airflow/airflow_env/lib/python3.11/site-packages/airflow/example_dags/example_datasets.py took 0.075 seconds
[2026-03-10T10:45:29.245+0530] {processor.py:161} INFO - Started process (PID=29388) to work on /Users/aswin/Documents/data-engineering-practice/ETL_Airflow_DBT/airflow/airflow_env/lib/python3.11/site-packages/airflow/example_dags/example_datasets.py
[2026-03-10T10:45:29.245+0530] {processor.py:830} INFO - Processing file /Users/aswin/Documents/data-engineering-practice/ETL_Airflow_DBT/airflow/airflow_env/lib/python3.11/site-packages/airflow/example_dags/example_datasets.py for tasks to queue
[2026-03-10T10:45:29.246+0530] {logging_mixin.py:188} INFO - [2026-03-10T10:45:29.246+0530] {dagbag.py:540} INFO - Filling up the DagBag from /Users/aswin/Documents/data-engineering-practice/ETL_Airflow_DBT/airflow/airflow_env/lib/python3.11/site-packages/airflow/example_dags/example_datasets.py
[2026-03-10T10:45:29.267+0530] {processor.py:840} INFO - DAG(s) 'dataset_consumes_1', 'dataset_produces_1', 'dataset_consumes_1_and_2', 'consume_1_or_both_2_and_3_with_dataset_expressions', 'dataset_produces_2', 'consume_1_and_2_with_dataset_expressions', 'consume_1_or_2_with_dataset_expressions', 'dataset_consumes_unknown_never_scheduled', 'dataset_consumes_1_never_scheduled', 'conditional_dataset_and_time_based_timetable' retrieved from /Users/aswin/Documents/data-engineering-practice/ETL_Airflow_DBT/airflow/airflow_env/lib/python3.11/site-packages/airflow/example_dags/example_datasets.py
[2026-03-10T10:45:29.303+0530] {logging_mixin.py:188} INFO - [2026-03-10T10:45:29.303+0530] {dag.py:3096} INFO - Sync 10 DAGs
[2026-03-10T10:45:29.310+0530] {logging_mixin.py:188} INFO - [2026-03-10T10:45:29.309+0530] {dag.py:3954} INFO - Setting next_dagrun for conditional_dataset_and_time_based_timetable to 2026-03-04 01:00:00+00:00, run_after=2026-03-04 01:00:00+00:00
[2026-03-10T10:45:29.310+0530] {logging_mixin.py:188} INFO - [2026-03-10T10:45:29.310+0530] {dag.py:3954} INFO - Setting next_dagrun for consume_1_and_2_with_dataset_expressions to None, run_after=None
[2026-03-10T10:45:29.311+0530] {logging_mixin.py:188} INFO - [2026-03-10T10:45:29.311+0530] {dag.py:3954} INFO - Setting next_dagrun for consume_1_or_2_with_dataset_expressions to None, run_after=None
[2026-03-10T10:45:29.311+0530] {logging_mixin.py:188} INFO - [2026-03-10T10:45:29.311+0530] {dag.py:3954} INFO - Setting next_dagrun for consume_1_or_both_2_and_3_with_dataset_expressions to None, run_after=None
[2026-03-10T10:45:29.311+0530] {logging_mixin.py:188} INFO - [2026-03-10T10:45:29.311+0530] {dag.py:3954} INFO - Setting next_dagrun for dataset_consumes_1 to None, run_after=None
[2026-03-10T10:45:29.311+0530] {logging_mixin.py:188} INFO - [2026-03-10T10:45:29.311+0530] {dag.py:3954} INFO - Setting next_dagrun for dataset_consumes_1_and_2 to None, run_after=None
[2026-03-10T10:45:29.312+0530] {logging_mixin.py:188} INFO - [2026-03-10T10:45:29.312+0530] {dag.py:3954} INFO - Setting next_dagrun for dataset_consumes_1_never_scheduled to None, run_after=None
[2026-03-10T10:45:29.312+0530] {logging_mixin.py:188} INFO - [2026-03-10T10:45:29.312+0530] {dag.py:3954} INFO - Setting next_dagrun for dataset_consumes_unknown_never_scheduled to None, run_after=None
[2026-03-10T10:45:29.313+0530] {logging_mixin.py:188} INFO - [2026-03-10T10:45:29.312+0530] {dag.py:3954} INFO - Setting next_dagrun for dataset_produces_1 to 2026-03-09 00:00:00+00:00, run_after=2026-03-10 00:00:00+00:00
[2026-03-10T10:45:29.313+0530] {logging_mixin.py:188} INFO - [2026-03-10T10:45:29.313+0530] {dag.py:3954} INFO - Setting next_dagrun for dataset_produces_2 to None, run_after=None
[2026-03-10T10:45:29.322+0530] {processor.py:183} INFO - Processing /Users/aswin/Documents/data-engineering-practice/ETL_Airflow_DBT/airflow/airflow_env/lib/python3.11/site-packages/airflow/example_dags/example_datasets.py took 0.078 seconds
[2026-03-10T12:16:12.597+0530] {processor.py:161} INFO - Started process (PID=29657) to work on /Users/aswin/Documents/data-engineering-practice/ETL_Airflow_DBT/airflow/airflow_env/lib/python3.11/site-packages/airflow/example_dags/example_datasets.py
[2026-03-10T12:16:12.597+0530] {processor.py:830} INFO - Processing file /Users/aswin/Documents/data-engineering-practice/ETL_Airflow_DBT/airflow/airflow_env/lib/python3.11/site-packages/airflow/example_dags/example_datasets.py for tasks to queue
[2026-03-10T12:16:12.597+0530] {logging_mixin.py:188} INFO - [2026-03-10T12:16:12.597+0530] {dagbag.py:540} INFO - Filling up the DagBag from /Users/aswin/Documents/data-engineering-practice/ETL_Airflow_DBT/airflow/airflow_env/lib/python3.11/site-packages/airflow/example_dags/example_datasets.py
[2026-03-10T12:16:12.619+0530] {processor.py:840} INFO - DAG(s) 'consume_1_or_both_2_and_3_with_dataset_expressions', 'consume_1_and_2_with_dataset_expressions', 'dataset_consumes_1_never_scheduled', 'dataset_produces_2', 'dataset_consumes_unknown_never_scheduled', 'dataset_produces_1', 'consume_1_or_2_with_dataset_expressions', 'conditional_dataset_and_time_based_timetable', 'dataset_consumes_1', 'dataset_consumes_1_and_2' retrieved from /Users/aswin/Documents/data-engineering-practice/ETL_Airflow_DBT/airflow/airflow_env/lib/python3.11/site-packages/airflow/example_dags/example_datasets.py
[2026-03-10T12:16:12.653+0530] {logging_mixin.py:188} INFO - [2026-03-10T12:16:12.653+0530] {dag.py:3096} INFO - Sync 10 DAGs
[2026-03-10T12:16:12.660+0530] {logging_mixin.py:188} INFO - [2026-03-10T12:16:12.660+0530] {dag.py:3954} INFO - Setting next_dagrun for conditional_dataset_and_time_based_timetable to 2026-03-04 01:00:00+00:00, run_after=2026-03-04 01:00:00+00:00
[2026-03-10T12:16:12.661+0530] {logging_mixin.py:188} INFO - [2026-03-10T12:16:12.660+0530] {dag.py:3954} INFO - Setting next_dagrun for consume_1_and_2_with_dataset_expressions to None, run_after=None
[2026-03-10T12:16:12.661+0530] {logging_mixin.py:188} INFO - [2026-03-10T12:16:12.661+0530] {dag.py:3954} INFO - Setting next_dagrun for consume_1_or_2_with_dataset_expressions to None, run_after=None
[2026-03-10T12:16:12.661+0530] {logging_mixin.py:188} INFO - [2026-03-10T12:16:12.661+0530] {dag.py:3954} INFO - Setting next_dagrun for consume_1_or_both_2_and_3_with_dataset_expressions to None, run_after=None
[2026-03-10T12:16:12.661+0530] {logging_mixin.py:188} INFO - [2026-03-10T12:16:12.661+0530] {dag.py:3954} INFO - Setting next_dagrun for dataset_consumes_1 to None, run_after=None
[2026-03-10T12:16:12.662+0530] {logging_mixin.py:188} INFO - [2026-03-10T12:16:12.661+0530] {dag.py:3954} INFO - Setting next_dagrun for dataset_consumes_1_and_2 to None, run_after=None
[2026-03-10T12:16:12.662+0530] {logging_mixin.py:188} INFO - [2026-03-10T12:16:12.662+0530] {dag.py:3954} INFO - Setting next_dagrun for dataset_consumes_1_never_scheduled to None, run_after=None
[2026-03-10T12:16:12.662+0530] {logging_mixin.py:188} INFO - [2026-03-10T12:16:12.662+0530] {dag.py:3954} INFO - Setting next_dagrun for dataset_consumes_unknown_never_scheduled to None, run_after=None
[2026-03-10T12:16:12.663+0530] {logging_mixin.py:188} INFO - [2026-03-10T12:16:12.663+0530] {dag.py:3954} INFO - Setting next_dagrun for dataset_produces_1 to 2026-03-09 00:00:00+00:00, run_after=2026-03-10 00:00:00+00:00
[2026-03-10T12:16:12.663+0530] {logging_mixin.py:188} INFO - [2026-03-10T12:16:12.663+0530] {dag.py:3954} INFO - Setting next_dagrun for dataset_produces_2 to None, run_after=None
[2026-03-10T12:16:12.671+0530] {processor.py:183} INFO - Processing /Users/aswin/Documents/data-engineering-practice/ETL_Airflow_DBT/airflow/airflow_env/lib/python3.11/site-packages/airflow/example_dags/example_datasets.py took 0.075 seconds
[2026-03-10T14:19:45.245+0530] {processor.py:161} INFO - Started process (PID=29838) to work on /Users/aswin/Documents/data-engineering-practice/ETL_Airflow_DBT/airflow/airflow_env/lib/python3.11/site-packages/airflow/example_dags/example_datasets.py
[2026-03-10T14:19:45.245+0530] {processor.py:830} INFO - Processing file /Users/aswin/Documents/data-engineering-practice/ETL_Airflow_DBT/airflow/airflow_env/lib/python3.11/site-packages/airflow/example_dags/example_datasets.py for tasks to queue
[2026-03-10T14:19:45.245+0530] {logging_mixin.py:188} INFO - [2026-03-10T14:19:45.245+0530] {dagbag.py:540} INFO - Filling up the DagBag from /Users/aswin/Documents/data-engineering-practice/ETL_Airflow_DBT/airflow/airflow_env/lib/python3.11/site-packages/airflow/example_dags/example_datasets.py
[2026-03-10T14:19:45.263+0530] {processor.py:840} INFO - DAG(s) 'consume_1_or_both_2_and_3_with_dataset_expressions', 'consume_1_or_2_with_dataset_expressions', 'dataset_consumes_1_never_scheduled', 'consume_1_and_2_with_dataset_expressions', 'dataset_produces_2', 'dataset_consumes_1_and_2', 'conditional_dataset_and_time_based_timetable', 'dataset_produces_1', 'dataset_consumes_unknown_never_scheduled', 'dataset_consumes_1' retrieved from /Users/aswin/Documents/data-engineering-practice/ETL_Airflow_DBT/airflow/airflow_env/lib/python3.11/site-packages/airflow/example_dags/example_datasets.py
[2026-03-10T14:19:45.299+0530] {logging_mixin.py:188} INFO - [2026-03-10T14:19:45.299+0530] {dag.py:3096} INFO - Sync 10 DAGs
[2026-03-10T14:19:45.306+0530] {logging_mixin.py:188} INFO - [2026-03-10T14:19:45.306+0530] {dag.py:3954} INFO - Setting next_dagrun for conditional_dataset_and_time_based_timetable to 2026-03-04 01:00:00+00:00, run_after=2026-03-04 01:00:00+00:00
[2026-03-10T14:19:45.307+0530] {logging_mixin.py:188} INFO - [2026-03-10T14:19:45.307+0530] {dag.py:3954} INFO - Setting next_dagrun for consume_1_and_2_with_dataset_expressions to None, run_after=None
[2026-03-10T14:19:45.307+0530] {logging_mixin.py:188} INFO - [2026-03-10T14:19:45.307+0530] {dag.py:3954} INFO - Setting next_dagrun for consume_1_or_2_with_dataset_expressions to None, run_after=None
[2026-03-10T14:19:45.307+0530] {logging_mixin.py:188} INFO - [2026-03-10T14:19:45.307+0530] {dag.py:3954} INFO - Setting next_dagrun for consume_1_or_both_2_and_3_with_dataset_expressions to None, run_after=None
[2026-03-10T14:19:45.307+0530] {logging_mixin.py:188} INFO - [2026-03-10T14:19:45.307+0530] {dag.py:3954} INFO - Setting next_dagrun for dataset_consumes_1 to None, run_after=None
[2026-03-10T14:19:45.308+0530] {logging_mixin.py:188} INFO - [2026-03-10T14:19:45.308+0530] {dag.py:3954} INFO - Setting next_dagrun for dataset_consumes_1_and_2 to None, run_after=None
[2026-03-10T14:19:45.308+0530] {logging_mixin.py:188} INFO - [2026-03-10T14:19:45.308+0530] {dag.py:3954} INFO - Setting next_dagrun for dataset_consumes_1_never_scheduled to None, run_after=None
[2026-03-10T14:19:45.308+0530] {logging_mixin.py:188} INFO - [2026-03-10T14:19:45.308+0530] {dag.py:3954} INFO - Setting next_dagrun for dataset_consumes_unknown_never_scheduled to None, run_after=None
[2026-03-10T14:19:45.309+0530] {logging_mixin.py:188} INFO - [2026-03-10T14:19:45.309+0530] {dag.py:3954} INFO - Setting next_dagrun for dataset_produces_1 to 2026-03-09 00:00:00+00:00, run_after=2026-03-10 00:00:00+00:00
[2026-03-10T14:19:45.309+0530] {logging_mixin.py:188} INFO - [2026-03-10T14:19:45.309+0530] {dag.py:3954} INFO - Setting next_dagrun for dataset_produces_2 to None, run_after=None
[2026-03-10T14:19:45.317+0530] {processor.py:183} INFO - Processing /Users/aswin/Documents/data-engineering-practice/ETL_Airflow_DBT/airflow/airflow_env/lib/python3.11/site-packages/airflow/example_dags/example_datasets.py took 0.074 seconds
[2026-03-10T15:04:43.084+0530] {processor.py:161} INFO - Started process (PID=29950) to work on /Users/aswin/Documents/data-engineering-practice/ETL_Airflow_DBT/airflow/airflow_env/lib/python3.11/site-packages/airflow/example_dags/example_datasets.py
[2026-03-10T15:04:43.085+0530] {processor.py:830} INFO - Processing file /Users/aswin/Documents/data-engineering-practice/ETL_Airflow_DBT/airflow/airflow_env/lib/python3.11/site-packages/airflow/example_dags/example_datasets.py for tasks to queue
[2026-03-10T15:04:43.085+0530] {logging_mixin.py:188} INFO - [2026-03-10T15:04:43.085+0530] {dagbag.py:540} INFO - Filling up the DagBag from /Users/aswin/Documents/data-engineering-practice/ETL_Airflow_DBT/airflow/airflow_env/lib/python3.11/site-packages/airflow/example_dags/example_datasets.py
[2026-03-10T15:04:43.103+0530] {processor.py:840} INFO - DAG(s) 'conditional_dataset_and_time_based_timetable', 'dataset_consumes_1_never_scheduled', 'consume_1_or_both_2_and_3_with_dataset_expressions', 'dataset_consumes_unknown_never_scheduled', 'dataset_produces_2', 'consume_1_or_2_with_dataset_expressions', 'dataset_consumes_1', 'dataset_consumes_1_and_2', 'dataset_produces_1', 'consume_1_and_2_with_dataset_expressions' retrieved from /Users/aswin/Documents/data-engineering-practice/ETL_Airflow_DBT/airflow/airflow_env/lib/python3.11/site-packages/airflow/example_dags/example_datasets.py
[2026-03-10T15:04:43.139+0530] {logging_mixin.py:188} INFO - [2026-03-10T15:04:43.139+0530] {dag.py:3096} INFO - Sync 10 DAGs
[2026-03-10T15:04:43.146+0530] {logging_mixin.py:188} INFO - [2026-03-10T15:04:43.146+0530] {dag.py:3954} INFO - Setting next_dagrun for conditional_dataset_and_time_based_timetable to 2026-03-04 01:00:00+00:00, run_after=2026-03-04 01:00:00+00:00
[2026-03-10T15:04:43.147+0530] {logging_mixin.py:188} INFO - [2026-03-10T15:04:43.147+0530] {dag.py:3954} INFO - Setting next_dagrun for consume_1_and_2_with_dataset_expressions to None, run_after=None
[2026-03-10T15:04:43.148+0530] {logging_mixin.py:188} INFO - [2026-03-10T15:04:43.147+0530] {dag.py:3954} INFO - Setting next_dagrun for consume_1_or_2_with_dataset_expressions to None, run_after=None
[2026-03-10T15:04:43.148+0530] {logging_mixin.py:188} INFO - [2026-03-10T15:04:43.148+0530] {dag.py:3954} INFO - Setting next_dagrun for consume_1_or_both_2_and_3_with_dataset_expressions to None, run_after=None
[2026-03-10T15:04:43.148+0530] {logging_mixin.py:188} INFO - [2026-03-10T15:04:43.148+0530] {dag.py:3954} INFO - Setting next_dagrun for dataset_consumes_1 to None, run_after=None
[2026-03-10T15:04:43.148+0530] {logging_mixin.py:188} INFO - [2026-03-10T15:04:43.148+0530] {dag.py:3954} INFO - Setting next_dagrun for dataset_consumes_1_and_2 to None, run_after=None
[2026-03-10T15:04:43.149+0530] {logging_mixin.py:188} INFO - [2026-03-10T15:04:43.149+0530] {dag.py:3954} INFO - Setting next_dagrun for dataset_consumes_1_never_scheduled to None, run_after=None
[2026-03-10T15:04:43.149+0530] {logging_mixin.py:188} INFO - [2026-03-10T15:04:43.149+0530] {dag.py:3954} INFO - Setting next_dagrun for dataset_consumes_unknown_never_scheduled to None, run_after=None
[2026-03-10T15:04:43.150+0530] {logging_mixin.py:188} INFO - [2026-03-10T15:04:43.150+0530] {dag.py:3954} INFO - Setting next_dagrun for dataset_produces_1 to 2026-03-09 00:00:00+00:00, run_after=2026-03-10 00:00:00+00:00
[2026-03-10T15:04:43.150+0530] {logging_mixin.py:188} INFO - [2026-03-10T15:04:43.150+0530] {dag.py:3954} INFO - Setting next_dagrun for dataset_produces_2 to None, run_after=None
[2026-03-10T15:04:43.158+0530] {processor.py:183} INFO - Processing /Users/aswin/Documents/data-engineering-practice/ETL_Airflow_DBT/airflow/airflow_env/lib/python3.11/site-packages/airflow/example_dags/example_datasets.py took 0.075 seconds
[2026-03-10T16:06:29.609+0530] {processor.py:161} INFO - Started process (PID=30097) to work on /Users/aswin/Documents/data-engineering-practice/ETL_Airflow_DBT/airflow/airflow_env/lib/python3.11/site-packages/airflow/example_dags/example_datasets.py
[2026-03-10T16:06:29.609+0530] {processor.py:830} INFO - Processing file /Users/aswin/Documents/data-engineering-practice/ETL_Airflow_DBT/airflow/airflow_env/lib/python3.11/site-packages/airflow/example_dags/example_datasets.py for tasks to queue
[2026-03-10T16:06:29.609+0530] {logging_mixin.py:188} INFO - [2026-03-10T16:06:29.609+0530] {dagbag.py:540} INFO - Filling up the DagBag from /Users/aswin/Documents/data-engineering-practice/ETL_Airflow_DBT/airflow/airflow_env/lib/python3.11/site-packages/airflow/example_dags/example_datasets.py
[2026-03-10T16:06:29.627+0530] {processor.py:840} INFO - DAG(s) 'consume_1_or_both_2_and_3_with_dataset_expressions', 'dataset_produces_2', 'consume_1_and_2_with_dataset_expressions', 'dataset_produces_1', 'dataset_consumes_1_and_2', 'consume_1_or_2_with_dataset_expressions', 'conditional_dataset_and_time_based_timetable', 'dataset_consumes_1', 'dataset_consumes_unknown_never_scheduled', 'dataset_consumes_1_never_scheduled' retrieved from /Users/aswin/Documents/data-engineering-practice/ETL_Airflow_DBT/airflow/airflow_env/lib/python3.11/site-packages/airflow/example_dags/example_datasets.py
[2026-03-10T16:06:29.662+0530] {logging_mixin.py:188} INFO - [2026-03-10T16:06:29.662+0530] {dag.py:3096} INFO - Sync 10 DAGs
[2026-03-10T16:06:29.668+0530] {logging_mixin.py:188} INFO - [2026-03-10T16:06:29.668+0530] {dag.py:3954} INFO - Setting next_dagrun for conditional_dataset_and_time_based_timetable to 2026-03-04 01:00:00+00:00, run_after=2026-03-04 01:00:00+00:00
[2026-03-10T16:06:29.669+0530] {logging_mixin.py:188} INFO - [2026-03-10T16:06:29.669+0530] {dag.py:3954} INFO - Setting next_dagrun for consume_1_and_2_with_dataset_expressions to None, run_after=None
[2026-03-10T16:06:29.669+0530] {logging_mixin.py:188} INFO - [2026-03-10T16:06:29.669+0530] {dag.py:3954} INFO - Setting next_dagrun for consume_1_or_2_with_dataset_expressions to None, run_after=None
[2026-03-10T16:06:29.669+0530] {logging_mixin.py:188} INFO - [2026-03-10T16:06:29.669+0530] {dag.py:3954} INFO - Setting next_dagrun for consume_1_or_both_2_and_3_with_dataset_expressions to None, run_after=None
[2026-03-10T16:06:29.670+0530] {logging_mixin.py:188} INFO - [2026-03-10T16:06:29.669+0530] {dag.py:3954} INFO - Setting next_dagrun for dataset_consumes_1 to None, run_after=None
[2026-03-10T16:06:29.670+0530] {logging_mixin.py:188} INFO - [2026-03-10T16:06:29.670+0530] {dag.py:3954} INFO - Setting next_dagrun for dataset_consumes_1_and_2 to None, run_after=None
[2026-03-10T16:06:29.670+0530] {logging_mixin.py:188} INFO - [2026-03-10T16:06:29.670+0530] {dag.py:3954} INFO - Setting next_dagrun for dataset_consumes_1_never_scheduled to None, run_after=None
[2026-03-10T16:06:29.670+0530] {logging_mixin.py:188} INFO - [2026-03-10T16:06:29.670+0530] {dag.py:3954} INFO - Setting next_dagrun for dataset_consumes_unknown_never_scheduled to None, run_after=None
[2026-03-10T16:06:29.671+0530] {logging_mixin.py:188} INFO - [2026-03-10T16:06:29.671+0530] {dag.py:3954} INFO - Setting next_dagrun for dataset_produces_1 to 2026-03-09 00:00:00+00:00, run_after=2026-03-10 00:00:00+00:00
[2026-03-10T16:06:29.671+0530] {logging_mixin.py:188} INFO - [2026-03-10T16:06:29.671+0530] {dag.py:3954} INFO - Setting next_dagrun for dataset_produces_2 to None, run_after=None
[2026-03-10T16:06:29.679+0530] {processor.py:183} INFO - Processing /Users/aswin/Documents/data-engineering-practice/ETL_Airflow_DBT/airflow/airflow_env/lib/python3.11/site-packages/airflow/example_dags/example_datasets.py took 0.071 seconds
[2026-03-10T17:22:13.755+0530] {processor.py:161} INFO - Started process (PID=30237) to work on /Users/aswin/Documents/data-engineering-practice/ETL_Airflow_DBT/airflow/airflow_env/lib/python3.11/site-packages/airflow/example_dags/example_datasets.py
[2026-03-10T17:22:13.756+0530] {processor.py:830} INFO - Processing file /Users/aswin/Documents/data-engineering-practice/ETL_Airflow_DBT/airflow/airflow_env/lib/python3.11/site-packages/airflow/example_dags/example_datasets.py for tasks to queue
[2026-03-10T17:22:13.756+0530] {logging_mixin.py:188} INFO - [2026-03-10T17:22:13.756+0530] {dagbag.py:540} INFO - Filling up the DagBag from /Users/aswin/Documents/data-engineering-practice/ETL_Airflow_DBT/airflow/airflow_env/lib/python3.11/site-packages/airflow/example_dags/example_datasets.py
[2026-03-10T17:22:13.776+0530] {processor.py:840} INFO - DAG(s) 'dataset_produces_1', 'conditional_dataset_and_time_based_timetable', 'dataset_consumes_1_never_scheduled', 'consume_1_and_2_with_dataset_expressions', 'dataset_consumes_1', 'dataset_consumes_unknown_never_scheduled', 'consume_1_or_both_2_and_3_with_dataset_expressions', 'consume_1_or_2_with_dataset_expressions', 'dataset_produces_2', 'dataset_consumes_1_and_2' retrieved from /Users/aswin/Documents/data-engineering-practice/ETL_Airflow_DBT/airflow/airflow_env/lib/python3.11/site-packages/airflow/example_dags/example_datasets.py
[2026-03-10T17:22:13.812+0530] {logging_mixin.py:188} INFO - [2026-03-10T17:22:13.812+0530] {dag.py:3096} INFO - Sync 10 DAGs
[2026-03-10T17:22:13.818+0530] {logging_mixin.py:188} INFO - [2026-03-10T17:22:13.818+0530] {dag.py:3954} INFO - Setting next_dagrun for conditional_dataset_and_time_based_timetable to 2026-03-04 01:00:00+00:00, run_after=2026-03-04 01:00:00+00:00
[2026-03-10T17:22:13.819+0530] {logging_mixin.py:188} INFO - [2026-03-10T17:22:13.819+0530] {dag.py:3954} INFO - Setting next_dagrun for consume_1_and_2_with_dataset_expressions to None, run_after=None
[2026-03-10T17:22:13.820+0530] {logging_mixin.py:188} INFO - [2026-03-10T17:22:13.820+0530] {dag.py:3954} INFO - Setting next_dagrun for consume_1_or_2_with_dataset_expressions to None, run_after=None
[2026-03-10T17:22:13.820+0530] {logging_mixin.py:188} INFO - [2026-03-10T17:22:13.820+0530] {dag.py:3954} INFO - Setting next_dagrun for consume_1_or_both_2_and_3_with_dataset_expressions to None, run_after=None
[2026-03-10T17:22:13.820+0530] {logging_mixin.py:188} INFO - [2026-03-10T17:22:13.820+0530] {dag.py:3954} INFO - Setting next_dagrun for dataset_consumes_1 to None, run_after=None
[2026-03-10T17:22:13.820+0530] {logging_mixin.py:188} INFO - [2026-03-10T17:22:13.820+0530] {dag.py:3954} INFO - Setting next_dagrun for dataset_consumes_1_and_2 to None, run_after=None
[2026-03-10T17:22:13.821+0530] {logging_mixin.py:188} INFO - [2026-03-10T17:22:13.821+0530] {dag.py:3954} INFO - Setting next_dagrun for dataset_consumes_1_never_scheduled to None, run_after=None
[2026-03-10T17:22:13.821+0530] {logging_mixin.py:188} INFO - [2026-03-10T17:22:13.821+0530] {dag.py:3954} INFO - Setting next_dagrun for dataset_consumes_unknown_never_scheduled to None, run_after=None
[2026-03-10T17:22:13.821+0530] {logging_mixin.py:188} INFO - [2026-03-10T17:22:13.821+0530] {dag.py:3954} INFO - Setting next_dagrun for dataset_produces_1 to 2026-03-09 00:00:00+00:00, run_after=2026-03-10 00:00:00+00:00
[2026-03-10T17:22:13.822+0530] {logging_mixin.py:188} INFO - [2026-03-10T17:22:13.822+0530] {dag.py:3954} INFO - Setting next_dagrun for dataset_produces_2 to None, run_after=None
[2026-03-10T17:22:13.830+0530] {processor.py:183} INFO - Processing /Users/aswin/Documents/data-engineering-practice/ETL_Airflow_DBT/airflow/airflow_env/lib/python3.11/site-packages/airflow/example_dags/example_datasets.py took 0.076 seconds
[2026-03-10T19:08:18.200+0530] {processor.py:161} INFO - Started process (PID=30369) to work on /Users/aswin/Documents/data-engineering-practice/ETL_Airflow_DBT/airflow/airflow_env/lib/python3.11/site-packages/airflow/example_dags/example_datasets.py
[2026-03-10T19:08:18.201+0530] {processor.py:830} INFO - Processing file /Users/aswin/Documents/data-engineering-practice/ETL_Airflow_DBT/airflow/airflow_env/lib/python3.11/site-packages/airflow/example_dags/example_datasets.py for tasks to queue
[2026-03-10T19:08:18.201+0530] {logging_mixin.py:188} INFO - [2026-03-10T19:08:18.201+0530] {dagbag.py:540} INFO - Filling up the DagBag from /Users/aswin/Documents/data-engineering-practice/ETL_Airflow_DBT/airflow/airflow_env/lib/python3.11/site-packages/airflow/example_dags/example_datasets.py
[2026-03-10T19:08:18.219+0530] {processor.py:840} INFO - DAG(s) 'dataset_consumes_1_and_2', 'consume_1_or_2_with_dataset_expressions', 'consume_1_or_both_2_and_3_with_dataset_expressions', 'consume_1_and_2_with_dataset_expressions', 'conditional_dataset_and_time_based_timetable', 'dataset_consumes_unknown_never_scheduled', 'dataset_produces_1', 'dataset_consumes_1_never_scheduled', 'dataset_consumes_1', 'dataset_produces_2' retrieved from /Users/aswin/Documents/data-engineering-practice/ETL_Airflow_DBT/airflow/airflow_env/lib/python3.11/site-packages/airflow/example_dags/example_datasets.py
[2026-03-10T19:08:18.254+0530] {logging_mixin.py:188} INFO - [2026-03-10T19:08:18.254+0530] {dag.py:3096} INFO - Sync 10 DAGs
[2026-03-10T19:08:18.260+0530] {logging_mixin.py:188} INFO - [2026-03-10T19:08:18.260+0530] {dag.py:3954} INFO - Setting next_dagrun for conditional_dataset_and_time_based_timetable to 2026-03-04 01:00:00+00:00, run_after=2026-03-04 01:00:00+00:00
[2026-03-10T19:08:18.261+0530] {logging_mixin.py:188} INFO - [2026-03-10T19:08:18.261+0530] {dag.py:3954} INFO - Setting next_dagrun for consume_1_and_2_with_dataset_expressions to None, run_after=None
[2026-03-10T19:08:18.261+0530] {logging_mixin.py:188} INFO - [2026-03-10T19:08:18.261+0530] {dag.py:3954} INFO - Setting next_dagrun for consume_1_or_2_with_dataset_expressions to None, run_after=None
[2026-03-10T19:08:18.262+0530] {logging_mixin.py:188} INFO - [2026-03-10T19:08:18.262+0530] {dag.py:3954} INFO - Setting next_dagrun for consume_1_or_both_2_and_3_with_dataset_expressions to None, run_after=None
[2026-03-10T19:08:18.262+0530] {logging_mixin.py:188} INFO - [2026-03-10T19:08:18.262+0530] {dag.py:3954} INFO - Setting next_dagrun for dataset_consumes_1 to None, run_after=None
[2026-03-10T19:08:18.262+0530] {logging_mixin.py:188} INFO - [2026-03-10T19:08:18.262+0530] {dag.py:3954} INFO - Setting next_dagrun for dataset_consumes_1_and_2 to None, run_after=None
[2026-03-10T19:08:18.262+0530] {logging_mixin.py:188} INFO - [2026-03-10T19:08:18.262+0530] {dag.py:3954} INFO - Setting next_dagrun for dataset_consumes_1_never_scheduled to None, run_after=None
[2026-03-10T19:08:18.263+0530] {logging_mixin.py:188} INFO - [2026-03-10T19:08:18.263+0530] {dag.py:3954} INFO - Setting next_dagrun for dataset_consumes_unknown_never_scheduled to None, run_after=None
[2026-03-10T19:08:18.263+0530] {logging_mixin.py:188} INFO - [2026-03-10T19:08:18.263+0530] {dag.py:3954} INFO - Setting next_dagrun for dataset_produces_1 to 2026-03-09 00:00:00+00:00, run_after=2026-03-10 00:00:00+00:00
[2026-03-10T19:08:18.263+0530] {logging_mixin.py:188} INFO - [2026-03-10T19:08:18.263+0530] {dag.py:3954} INFO - Setting next_dagrun for dataset_produces_2 to None, run_after=None
[2026-03-10T19:08:18.271+0530] {processor.py:183} INFO - Processing /Users/aswin/Documents/data-engineering-practice/ETL_Airflow_DBT/airflow/airflow_env/lib/python3.11/site-packages/airflow/example_dags/example_datasets.py took 0.073 seconds
[2026-03-10T20:10:36.489+0530] {processor.py:161} INFO - Started process (PID=30466) to work on /Users/aswin/Documents/data-engineering-practice/ETL_Airflow_DBT/airflow/airflow_env/lib/python3.11/site-packages/airflow/example_dags/example_datasets.py
[2026-03-10T20:10:36.490+0530] {processor.py:830} INFO - Processing file /Users/aswin/Documents/data-engineering-practice/ETL_Airflow_DBT/airflow/airflow_env/lib/python3.11/site-packages/airflow/example_dags/example_datasets.py for tasks to queue
[2026-03-10T20:10:36.490+0530] {logging_mixin.py:188} INFO - [2026-03-10T20:10:36.490+0530] {dagbag.py:540} INFO - Filling up the DagBag from /Users/aswin/Documents/data-engineering-practice/ETL_Airflow_DBT/airflow/airflow_env/lib/python3.11/site-packages/airflow/example_dags/example_datasets.py
[2026-03-10T20:10:36.509+0530] {processor.py:840} INFO - DAG(s) 'dataset_produces_2', 'dataset_consumes_1_and_2', 'conditional_dataset_and_time_based_timetable', 'dataset_consumes_1', 'consume_1_or_2_with_dataset_expressions', 'consume_1_or_both_2_and_3_with_dataset_expressions', 'dataset_consumes_1_never_scheduled', 'dataset_produces_1', 'consume_1_and_2_with_dataset_expressions', 'dataset_consumes_unknown_never_scheduled' retrieved from /Users/aswin/Documents/data-engineering-practice/ETL_Airflow_DBT/airflow/airflow_env/lib/python3.11/site-packages/airflow/example_dags/example_datasets.py
[2026-03-10T20:10:36.544+0530] {logging_mixin.py:188} INFO - [2026-03-10T20:10:36.544+0530] {dag.py:3096} INFO - Sync 10 DAGs
[2026-03-10T20:10:36.550+0530] {logging_mixin.py:188} INFO - [2026-03-10T20:10:36.550+0530] {dag.py:3954} INFO - Setting next_dagrun for conditional_dataset_and_time_based_timetable to 2026-03-04 01:00:00+00:00, run_after=2026-03-04 01:00:00+00:00
[2026-03-10T20:10:36.551+0530] {logging_mixin.py:188} INFO - [2026-03-10T20:10:36.551+0530] {dag.py:3954} INFO - Setting next_dagrun for consume_1_and_2_with_dataset_expressions to None, run_after=None
[2026-03-10T20:10:36.551+0530] {logging_mixin.py:188} INFO - [2026-03-10T20:10:36.551+0530] {dag.py:3954} INFO - Setting next_dagrun for consume_1_or_2_with_dataset_expressions to None, run_after=None
[2026-03-10T20:10:36.552+0530] {logging_mixin.py:188} INFO - [2026-03-10T20:10:36.552+0530] {dag.py:3954} INFO - Setting next_dagrun for consume_1_or_both_2_and_3_with_dataset_expressions to None, run_after=None
[2026-03-10T20:10:36.552+0530] {logging_mixin.py:188} INFO - [2026-03-10T20:10:36.552+0530] {dag.py:3954} INFO - Setting next_dagrun for dataset_consumes_1 to None, run_after=None
[2026-03-10T20:10:36.552+0530] {logging_mixin.py:188} INFO - [2026-03-10T20:10:36.552+0530] {dag.py:3954} INFO - Setting next_dagrun for dataset_consumes_1_and_2 to None, run_after=None
[2026-03-10T20:10:36.552+0530] {logging_mixin.py:188} INFO - [2026-03-10T20:10:36.552+0530] {dag.py:3954} INFO - Setting next_dagrun for dataset_consumes_1_never_scheduled to None, run_after=None
[2026-03-10T20:10:36.552+0530] {logging_mixin.py:188} INFO - [2026-03-10T20:10:36.552+0530] {dag.py:3954} INFO - Setting next_dagrun for dataset_consumes_unknown_never_scheduled to None, run_after=None
[2026-03-10T20:10:36.553+0530] {logging_mixin.py:188} INFO - [2026-03-10T20:10:36.553+0530] {dag.py:3954} INFO - Setting next_dagrun for dataset_produces_1 to 2026-03-09 00:00:00+00:00, run_after=2026-03-10 00:00:00+00:00
[2026-03-10T20:10:36.553+0530] {logging_mixin.py:188} INFO - [2026-03-10T20:10:36.553+0530] {dag.py:3954} INFO - Setting next_dagrun for dataset_produces_2 to None, run_after=None
[2026-03-10T20:10:36.561+0530] {processor.py:183} INFO - Processing /Users/aswin/Documents/data-engineering-practice/ETL_Airflow_DBT/airflow/airflow_env/lib/python3.11/site-packages/airflow/example_dags/example_datasets.py took 0.074 seconds
[2026-03-10T21:11:04.863+0530] {processor.py:161} INFO - Started process (PID=30580) to work on /Users/aswin/Documents/data-engineering-practice/ETL_Airflow_DBT/airflow/airflow_env/lib/python3.11/site-packages/airflow/example_dags/example_datasets.py
[2026-03-10T21:11:04.864+0530] {processor.py:830} INFO - Processing file /Users/aswin/Documents/data-engineering-practice/ETL_Airflow_DBT/airflow/airflow_env/lib/python3.11/site-packages/airflow/example_dags/example_datasets.py for tasks to queue
[2026-03-10T21:11:04.864+0530] {logging_mixin.py:188} INFO - [2026-03-10T21:11:04.864+0530] {dagbag.py:540} INFO - Filling up the DagBag from /Users/aswin/Documents/data-engineering-practice/ETL_Airflow_DBT/airflow/airflow_env/lib/python3.11/site-packages/airflow/example_dags/example_datasets.py
[2026-03-10T21:11:04.888+0530] {processor.py:840} INFO - DAG(s) 'consume_1_or_2_with_dataset_expressions', 'dataset_consumes_1_and_2', 'dataset_consumes_unknown_never_scheduled', 'dataset_consumes_1_never_scheduled', 'dataset_consumes_1', 'conditional_dataset_and_time_based_timetable', 'consume_1_or_both_2_and_3_with_dataset_expressions', 'dataset_produces_1', 'consume_1_and_2_with_dataset_expressions', 'dataset_produces_2' retrieved from /Users/aswin/Documents/data-engineering-practice/ETL_Airflow_DBT/airflow/airflow_env/lib/python3.11/site-packages/airflow/example_dags/example_datasets.py
[2026-03-10T21:11:04.945+0530] {logging_mixin.py:188} INFO - [2026-03-10T21:11:04.945+0530] {dag.py:3096} INFO - Sync 10 DAGs
[2026-03-10T21:11:04.955+0530] {logging_mixin.py:188} INFO - [2026-03-10T21:11:04.955+0530] {dag.py:3954} INFO - Setting next_dagrun for conditional_dataset_and_time_based_timetable to 2026-03-04 01:00:00+00:00, run_after=2026-03-04 01:00:00+00:00
[2026-03-10T21:11:04.956+0530] {logging_mixin.py:188} INFO - [2026-03-10T21:11:04.956+0530] {dag.py:3954} INFO - Setting next_dagrun for consume_1_and_2_with_dataset_expressions to None, run_after=None
[2026-03-10T21:11:04.957+0530] {logging_mixin.py:188} INFO - [2026-03-10T21:11:04.957+0530] {dag.py:3954} INFO - Setting next_dagrun for consume_1_or_2_with_dataset_expressions to None, run_after=None
[2026-03-10T21:11:04.957+0530] {logging_mixin.py:188} INFO - [2026-03-10T21:11:04.957+0530] {dag.py:3954} INFO - Setting next_dagrun for consume_1_or_both_2_and_3_with_dataset_expressions to None, run_after=None
[2026-03-10T21:11:04.958+0530] {logging_mixin.py:188} INFO - [2026-03-10T21:11:04.958+0530] {dag.py:3954} INFO - Setting next_dagrun for dataset_consumes_1 to None, run_after=None
[2026-03-10T21:11:04.958+0530] {logging_mixin.py:188} INFO - [2026-03-10T21:11:04.958+0530] {dag.py:3954} INFO - Setting next_dagrun for dataset_consumes_1_and_2 to None, run_after=None
[2026-03-10T21:11:04.958+0530] {logging_mixin.py:188} INFO - [2026-03-10T21:11:04.958+0530] {dag.py:3954} INFO - Setting next_dagrun for dataset_consumes_1_never_scheduled to None, run_after=None
[2026-03-10T21:11:04.959+0530] {logging_mixin.py:188} INFO - [2026-03-10T21:11:04.959+0530] {dag.py:3954} INFO - Setting next_dagrun for dataset_consumes_unknown_never_scheduled to None, run_after=None
[2026-03-10T21:11:04.960+0530] {logging_mixin.py:188} INFO - [2026-03-10T21:11:04.960+0530] {dag.py:3954} INFO - Setting next_dagrun for dataset_produces_1 to 2026-03-09 00:00:00+00:00, run_after=2026-03-10 00:00:00+00:00
[2026-03-10T21:11:04.960+0530] {logging_mixin.py:188} INFO - [2026-03-10T21:11:04.960+0530] {dag.py:3954} INFO - Setting next_dagrun for dataset_produces_2 to None, run_after=None
[2026-03-10T21:11:04.972+0530] {processor.py:183} INFO - Processing /Users/aswin/Documents/data-engineering-practice/ETL_Airflow_DBT/airflow/airflow_env/lib/python3.11/site-packages/airflow/example_dags/example_datasets.py took 0.111 seconds
[2026-03-10T23:56:38.754+0530] {processor.py:161} INFO - Started process (PID=30834) to work on /Users/aswin/Documents/data-engineering-practice/ETL_Airflow_DBT/airflow/airflow_env/lib/python3.11/site-packages/airflow/example_dags/example_datasets.py
[2026-03-10T23:56:38.755+0530] {processor.py:830} INFO - Processing file /Users/aswin/Documents/data-engineering-practice/ETL_Airflow_DBT/airflow/airflow_env/lib/python3.11/site-packages/airflow/example_dags/example_datasets.py for tasks to queue
[2026-03-10T23:56:38.755+0530] {logging_mixin.py:188} INFO - [2026-03-10T23:56:38.755+0530] {dagbag.py:540} INFO - Filling up the DagBag from /Users/aswin/Documents/data-engineering-practice/ETL_Airflow_DBT/airflow/airflow_env/lib/python3.11/site-packages/airflow/example_dags/example_datasets.py
[2026-03-10T23:56:38.773+0530] {processor.py:840} INFO - DAG(s) 'conditional_dataset_and_time_based_timetable', 'dataset_produces_2', 'dataset_consumes_1', 'dataset_consumes_unknown_never_scheduled', 'consume_1_or_both_2_and_3_with_dataset_expressions', 'dataset_consumes_1_and_2', 'dataset_consumes_1_never_scheduled', 'consume_1_or_2_with_dataset_expressions', 'dataset_produces_1', 'consume_1_and_2_with_dataset_expressions' retrieved from /Users/aswin/Documents/data-engineering-practice/ETL_Airflow_DBT/airflow/airflow_env/lib/python3.11/site-packages/airflow/example_dags/example_datasets.py
[2026-03-10T23:56:38.811+0530] {logging_mixin.py:188} INFO - [2026-03-10T23:56:38.811+0530] {dag.py:3096} INFO - Sync 10 DAGs
[2026-03-10T23:56:38.818+0530] {logging_mixin.py:188} INFO - [2026-03-10T23:56:38.817+0530] {dag.py:3954} INFO - Setting next_dagrun for conditional_dataset_and_time_based_timetable to 2026-03-04 01:00:00+00:00, run_after=2026-03-04 01:00:00+00:00
[2026-03-10T23:56:38.818+0530] {logging_mixin.py:188} INFO - [2026-03-10T23:56:38.818+0530] {dag.py:3954} INFO - Setting next_dagrun for consume_1_and_2_with_dataset_expressions to None, run_after=None
[2026-03-10T23:56:38.819+0530] {logging_mixin.py:188} INFO - [2026-03-10T23:56:38.819+0530] {dag.py:3954} INFO - Setting next_dagrun for consume_1_or_2_with_dataset_expressions to None, run_after=None
[2026-03-10T23:56:38.819+0530] {logging_mixin.py:188} INFO - [2026-03-10T23:56:38.819+0530] {dag.py:3954} INFO - Setting next_dagrun for consume_1_or_both_2_and_3_with_dataset_expressions to None, run_after=None
[2026-03-10T23:56:38.819+0530] {logging_mixin.py:188} INFO - [2026-03-10T23:56:38.819+0530] {dag.py:3954} INFO - Setting next_dagrun for dataset_consumes_1 to None, run_after=None
[2026-03-10T23:56:38.819+0530] {logging_mixin.py:188} INFO - [2026-03-10T23:56:38.819+0530] {dag.py:3954} INFO - Setting next_dagrun for dataset_consumes_1_and_2 to None, run_after=None
[2026-03-10T23:56:38.820+0530] {logging_mixin.py:188} INFO - [2026-03-10T23:56:38.820+0530] {dag.py:3954} INFO - Setting next_dagrun for dataset_consumes_1_never_scheduled to None, run_after=None
[2026-03-10T23:56:38.820+0530] {logging_mixin.py:188} INFO - [2026-03-10T23:56:38.820+0530] {dag.py:3954} INFO - Setting next_dagrun for dataset_consumes_unknown_never_scheduled to None, run_after=None
[2026-03-10T23:56:38.820+0530] {logging_mixin.py:188} INFO - [2026-03-10T23:56:38.820+0530] {dag.py:3954} INFO - Setting next_dagrun for dataset_produces_1 to 2026-03-09 00:00:00+00:00, run_after=2026-03-10 00:00:00+00:00
[2026-03-10T23:56:38.821+0530] {logging_mixin.py:188} INFO - [2026-03-10T23:56:38.821+0530] {dag.py:3954} INFO - Setting next_dagrun for dataset_produces_2 to None, run_after=None
[2026-03-10T23:56:38.829+0530] {processor.py:183} INFO - Processing /Users/aswin/Documents/data-engineering-practice/ETL_Airflow_DBT/airflow/airflow_env/lib/python3.11/site-packages/airflow/example_dags/example_datasets.py took 0.076 seconds
[2026-03-10T23:58:50.455+0530] {processor.py:161} INFO - Started process (PID=30915) to work on /Users/aswin/Documents/data-engineering-practice/ETL_Airflow_DBT/airflow/airflow_env/lib/python3.11/site-packages/airflow/example_dags/example_datasets.py
[2026-03-10T23:58:50.456+0530] {processor.py:830} INFO - Processing file /Users/aswin/Documents/data-engineering-practice/ETL_Airflow_DBT/airflow/airflow_env/lib/python3.11/site-packages/airflow/example_dags/example_datasets.py for tasks to queue
[2026-03-10T23:58:50.456+0530] {logging_mixin.py:188} INFO - [2026-03-10T23:58:50.456+0530] {dagbag.py:540} INFO - Filling up the DagBag from /Users/aswin/Documents/data-engineering-practice/ETL_Airflow_DBT/airflow/airflow_env/lib/python3.11/site-packages/airflow/example_dags/example_datasets.py
[2026-03-10T23:58:50.474+0530] {processor.py:840} INFO - DAG(s) 'consume_1_and_2_with_dataset_expressions', 'dataset_produces_1', 'consume_1_or_both_2_and_3_with_dataset_expressions', 'dataset_consumes_1_never_scheduled', 'dataset_consumes_unknown_never_scheduled', 'dataset_consumes_1_and_2', 'conditional_dataset_and_time_based_timetable', 'consume_1_or_2_with_dataset_expressions', 'dataset_produces_2', 'dataset_consumes_1' retrieved from /Users/aswin/Documents/data-engineering-practice/ETL_Airflow_DBT/airflow/airflow_env/lib/python3.11/site-packages/airflow/example_dags/example_datasets.py
[2026-03-10T23:58:50.509+0530] {logging_mixin.py:188} INFO - [2026-03-10T23:58:50.509+0530] {dag.py:3096} INFO - Sync 10 DAGs
[2026-03-10T23:58:50.515+0530] {logging_mixin.py:188} INFO - [2026-03-10T23:58:50.515+0530] {dag.py:3954} INFO - Setting next_dagrun for conditional_dataset_and_time_based_timetable to 2026-03-04 01:00:00+00:00, run_after=2026-03-04 01:00:00+00:00
[2026-03-10T23:58:50.516+0530] {logging_mixin.py:188} INFO - [2026-03-10T23:58:50.516+0530] {dag.py:3954} INFO - Setting next_dagrun for consume_1_and_2_with_dataset_expressions to None, run_after=None
[2026-03-10T23:58:50.516+0530] {logging_mixin.py:188} INFO - [2026-03-10T23:58:50.516+0530] {dag.py:3954} INFO - Setting next_dagrun for consume_1_or_2_with_dataset_expressions to None, run_after=None
[2026-03-10T23:58:50.516+0530] {logging_mixin.py:188} INFO - [2026-03-10T23:58:50.516+0530] {dag.py:3954} INFO - Setting next_dagrun for consume_1_or_both_2_and_3_with_dataset_expressions to None, run_after=None
[2026-03-10T23:58:50.517+0530] {logging_mixin.py:188} INFO - [2026-03-10T23:58:50.516+0530] {dag.py:3954} INFO - Setting next_dagrun for dataset_consumes_1 to None, run_after=None
[2026-03-10T23:58:50.517+0530] {logging_mixin.py:188} INFO - [2026-03-10T23:58:50.517+0530] {dag.py:3954} INFO - Setting next_dagrun for dataset_consumes_1_and_2 to None, run_after=None
[2026-03-10T23:58:50.517+0530] {logging_mixin.py:188} INFO - [2026-03-10T23:58:50.517+0530] {dag.py:3954} INFO - Setting next_dagrun for dataset_consumes_1_never_scheduled to None, run_after=None
[2026-03-10T23:58:50.517+0530] {logging_mixin.py:188} INFO - [2026-03-10T23:58:50.517+0530] {dag.py:3954} INFO - Setting next_dagrun for dataset_consumes_unknown_never_scheduled to None, run_after=None
[2026-03-10T23:58:50.518+0530] {logging_mixin.py:188} INFO - [2026-03-10T23:58:50.518+0530] {dag.py:3954} INFO - Setting next_dagrun for dataset_produces_1 to 2026-03-09 00:00:00+00:00, run_after=2026-03-10 00:00:00+00:00
[2026-03-10T23:58:50.518+0530] {logging_mixin.py:188} INFO - [2026-03-10T23:58:50.518+0530] {dag.py:3954} INFO - Setting next_dagrun for dataset_produces_2 to None, run_after=None
[2026-03-10T23:58:50.526+0530] {processor.py:183} INFO - Processing /Users/aswin/Documents/data-engineering-practice/ETL_Airflow_DBT/airflow/airflow_env/lib/python3.11/site-packages/airflow/example_dags/example_datasets.py took 0.072 seconds
[2026-03-11T00:01:17.385+0530] {processor.py:161} INFO - Started process (PID=31031) to work on /Users/aswin/Documents/data-engineering-practice/ETL_Airflow_DBT/airflow/airflow_env/lib/python3.11/site-packages/airflow/example_dags/example_datasets.py
[2026-03-11T00:01:17.387+0530] {processor.py:830} INFO - Processing file /Users/aswin/Documents/data-engineering-practice/ETL_Airflow_DBT/airflow/airflow_env/lib/python3.11/site-packages/airflow/example_dags/example_datasets.py for tasks to queue
[2026-03-11T00:01:17.387+0530] {logging_mixin.py:188} INFO - [2026-03-11T00:01:17.387+0530] {dagbag.py:540} INFO - Filling up the DagBag from /Users/aswin/Documents/data-engineering-practice/ETL_Airflow_DBT/airflow/airflow_env/lib/python3.11/site-packages/airflow/example_dags/example_datasets.py
[2026-03-11T00:01:17.404+0530] {processor.py:840} INFO - DAG(s) 'dataset_consumes_1_and_2', 'consume_1_and_2_with_dataset_expressions', 'dataset_consumes_1', 'dataset_consumes_unknown_never_scheduled', 'consume_1_or_both_2_and_3_with_dataset_expressions', 'dataset_produces_1', 'dataset_consumes_1_never_scheduled', 'consume_1_or_2_with_dataset_expressions', 'dataset_produces_2', 'conditional_dataset_and_time_based_timetable' retrieved from /Users/aswin/Documents/data-engineering-practice/ETL_Airflow_DBT/airflow/airflow_env/lib/python3.11/site-packages/airflow/example_dags/example_datasets.py
[2026-03-11T00:01:17.439+0530] {logging_mixin.py:188} INFO - [2026-03-11T00:01:17.439+0530] {dag.py:3096} INFO - Sync 10 DAGs
[2026-03-11T00:01:17.445+0530] {logging_mixin.py:188} INFO - [2026-03-11T00:01:17.445+0530] {dag.py:3954} INFO - Setting next_dagrun for conditional_dataset_and_time_based_timetable to 2026-03-04 01:00:00+00:00, run_after=2026-03-04 01:00:00+00:00
[2026-03-11T00:01:17.446+0530] {logging_mixin.py:188} INFO - [2026-03-11T00:01:17.446+0530] {dag.py:3954} INFO - Setting next_dagrun for consume_1_and_2_with_dataset_expressions to None, run_after=None
[2026-03-11T00:01:17.446+0530] {logging_mixin.py:188} INFO - [2026-03-11T00:01:17.446+0530] {dag.py:3954} INFO - Setting next_dagrun for consume_1_or_2_with_dataset_expressions to None, run_after=None
[2026-03-11T00:01:17.446+0530] {logging_mixin.py:188} INFO - [2026-03-11T00:01:17.446+0530] {dag.py:3954} INFO - Setting next_dagrun for consume_1_or_both_2_and_3_with_dataset_expressions to None, run_after=None
[2026-03-11T00:01:17.447+0530] {logging_mixin.py:188} INFO - [2026-03-11T00:01:17.447+0530] {dag.py:3954} INFO - Setting next_dagrun for dataset_consumes_1 to None, run_after=None
[2026-03-11T00:01:17.447+0530] {logging_mixin.py:188} INFO - [2026-03-11T00:01:17.447+0530] {dag.py:3954} INFO - Setting next_dagrun for dataset_consumes_1_and_2 to None, run_after=None
[2026-03-11T00:01:17.447+0530] {logging_mixin.py:188} INFO - [2026-03-11T00:01:17.447+0530] {dag.py:3954} INFO - Setting next_dagrun for dataset_consumes_1_never_scheduled to None, run_after=None
[2026-03-11T00:01:17.447+0530] {logging_mixin.py:188} INFO - [2026-03-11T00:01:17.447+0530] {dag.py:3954} INFO - Setting next_dagrun for dataset_consumes_unknown_never_scheduled to None, run_after=None
[2026-03-11T00:01:17.448+0530] {logging_mixin.py:188} INFO - [2026-03-11T00:01:17.448+0530] {dag.py:3954} INFO - Setting next_dagrun for dataset_produces_1 to 2026-03-09 00:00:00+00:00, run_after=2026-03-10 00:00:00+00:00
[2026-03-11T00:01:17.448+0530] {logging_mixin.py:188} INFO - [2026-03-11T00:01:17.448+0530] {dag.py:3954} INFO - Setting next_dagrun for dataset_produces_2 to None, run_after=None
[2026-03-11T00:01:17.456+0530] {processor.py:183} INFO - Processing /Users/aswin/Documents/data-engineering-practice/ETL_Airflow_DBT/airflow/airflow_env/lib/python3.11/site-packages/airflow/example_dags/example_datasets.py took 0.072 seconds
[2026-03-11T00:05:36.757+0530] {processor.py:161} INFO - Started process (PID=31121) to work on /Users/aswin/Documents/data-engineering-practice/ETL_Airflow_DBT/airflow/airflow_env/lib/python3.11/site-packages/airflow/example_dags/example_datasets.py
[2026-03-11T00:05:36.757+0530] {processor.py:830} INFO - Processing file /Users/aswin/Documents/data-engineering-practice/ETL_Airflow_DBT/airflow/airflow_env/lib/python3.11/site-packages/airflow/example_dags/example_datasets.py for tasks to queue
[2026-03-11T00:05:36.757+0530] {logging_mixin.py:188} INFO - [2026-03-11T00:05:36.757+0530] {dagbag.py:540} INFO - Filling up the DagBag from /Users/aswin/Documents/data-engineering-practice/ETL_Airflow_DBT/airflow/airflow_env/lib/python3.11/site-packages/airflow/example_dags/example_datasets.py
[2026-03-11T00:05:36.776+0530] {processor.py:840} INFO - DAG(s) 'consume_1_or_both_2_and_3_with_dataset_expressions', 'dataset_consumes_1_never_scheduled', 'consume_1_and_2_with_dataset_expressions', 'conditional_dataset_and_time_based_timetable', 'dataset_consumes_1_and_2', 'dataset_produces_1', 'consume_1_or_2_with_dataset_expressions', 'dataset_consumes_unknown_never_scheduled', 'dataset_consumes_1', 'dataset_produces_2' retrieved from /Users/aswin/Documents/data-engineering-practice/ETL_Airflow_DBT/airflow/airflow_env/lib/python3.11/site-packages/airflow/example_dags/example_datasets.py
[2026-03-11T00:05:36.811+0530] {logging_mixin.py:188} INFO - [2026-03-11T00:05:36.811+0530] {dag.py:3096} INFO - Sync 10 DAGs
[2026-03-11T00:05:36.817+0530] {logging_mixin.py:188} INFO - [2026-03-11T00:05:36.817+0530] {dag.py:3954} INFO - Setting next_dagrun for conditional_dataset_and_time_based_timetable to 2026-03-04 01:00:00+00:00, run_after=2026-03-04 01:00:00+00:00
[2026-03-11T00:05:36.818+0530] {logging_mixin.py:188} INFO - [2026-03-11T00:05:36.818+0530] {dag.py:3954} INFO - Setting next_dagrun for consume_1_and_2_with_dataset_expressions to None, run_after=None
[2026-03-11T00:05:36.818+0530] {logging_mixin.py:188} INFO - [2026-03-11T00:05:36.818+0530] {dag.py:3954} INFO - Setting next_dagrun for consume_1_or_2_with_dataset_expressions to None, run_after=None
[2026-03-11T00:05:36.818+0530] {logging_mixin.py:188} INFO - [2026-03-11T00:05:36.818+0530] {dag.py:3954} INFO - Setting next_dagrun for consume_1_or_both_2_and_3_with_dataset_expressions to None, run_after=None
[2026-03-11T00:05:36.819+0530] {logging_mixin.py:188} INFO - [2026-03-11T00:05:36.819+0530] {dag.py:3954} INFO - Setting next_dagrun for dataset_consumes_1 to None, run_after=None
[2026-03-11T00:05:36.819+0530] {logging_mixin.py:188} INFO - [2026-03-11T00:05:36.819+0530] {dag.py:3954} INFO - Setting next_dagrun for dataset_consumes_1_and_2 to None, run_after=None
[2026-03-11T00:05:36.819+0530] {logging_mixin.py:188} INFO - [2026-03-11T00:05:36.819+0530] {dag.py:3954} INFO - Setting next_dagrun for dataset_consumes_1_never_scheduled to None, run_after=None
[2026-03-11T00:05:36.819+0530] {logging_mixin.py:188} INFO - [2026-03-11T00:05:36.819+0530] {dag.py:3954} INFO - Setting next_dagrun for dataset_consumes_unknown_never_scheduled to None, run_after=None
[2026-03-11T00:05:36.820+0530] {logging_mixin.py:188} INFO - [2026-03-11T00:05:36.820+0530] {dag.py:3954} INFO - Setting next_dagrun for dataset_produces_1 to 2026-03-09 00:00:00+00:00, run_after=2026-03-10 00:00:00+00:00
[2026-03-11T00:05:36.820+0530] {logging_mixin.py:188} INFO - [2026-03-11T00:05:36.820+0530] {dag.py:3954} INFO - Setting next_dagrun for dataset_produces_2 to None, run_after=None
[2026-03-11T00:05:36.828+0530] {processor.py:183} INFO - Processing /Users/aswin/Documents/data-engineering-practice/ETL_Airflow_DBT/airflow/airflow_env/lib/python3.11/site-packages/airflow/example_dags/example_datasets.py took 0.072 seconds
[2026-03-11T00:07:40.036+0530] {processor.py:161} INFO - Started process (PID=31200) to work on /Users/aswin/Documents/data-engineering-practice/ETL_Airflow_DBT/airflow/airflow_env/lib/python3.11/site-packages/airflow/example_dags/example_datasets.py
[2026-03-11T00:07:40.037+0530] {processor.py:830} INFO - Processing file /Users/aswin/Documents/data-engineering-practice/ETL_Airflow_DBT/airflow/airflow_env/lib/python3.11/site-packages/airflow/example_dags/example_datasets.py for tasks to queue
[2026-03-11T00:07:40.038+0530] {logging_mixin.py:188} INFO - [2026-03-11T00:07:40.038+0530] {dagbag.py:540} INFO - Filling up the DagBag from /Users/aswin/Documents/data-engineering-practice/ETL_Airflow_DBT/airflow/airflow_env/lib/python3.11/site-packages/airflow/example_dags/example_datasets.py
[2026-03-11T00:07:40.055+0530] {processor.py:840} INFO - DAG(s) 'consume_1_or_2_with_dataset_expressions', 'consume_1_or_both_2_and_3_with_dataset_expressions', 'dataset_consumes_1_never_scheduled', 'dataset_consumes_unknown_never_scheduled', 'dataset_produces_2', 'conditional_dataset_and_time_based_timetable', 'dataset_consumes_1_and_2', 'consume_1_and_2_with_dataset_expressions', 'dataset_produces_1', 'dataset_consumes_1' retrieved from /Users/aswin/Documents/data-engineering-practice/ETL_Airflow_DBT/airflow/airflow_env/lib/python3.11/site-packages/airflow/example_dags/example_datasets.py
[2026-03-11T00:07:40.090+0530] {logging_mixin.py:188} INFO - [2026-03-11T00:07:40.090+0530] {dag.py:3096} INFO - Sync 10 DAGs
[2026-03-11T00:07:40.096+0530] {logging_mixin.py:188} INFO - [2026-03-11T00:07:40.096+0530] {dag.py:3954} INFO - Setting next_dagrun for conditional_dataset_and_time_based_timetable to 2026-03-04 01:00:00+00:00, run_after=2026-03-04 01:00:00+00:00
[2026-03-11T00:07:40.097+0530] {logging_mixin.py:188} INFO - [2026-03-11T00:07:40.097+0530] {dag.py:3954} INFO - Setting next_dagrun for consume_1_and_2_with_dataset_expressions to None, run_after=None
[2026-03-11T00:07:40.097+0530] {logging_mixin.py:188} INFO - [2026-03-11T00:07:40.097+0530] {dag.py:3954} INFO - Setting next_dagrun for consume_1_or_2_with_dataset_expressions to None, run_after=None
[2026-03-11T00:07:40.097+0530] {logging_mixin.py:188} INFO - [2026-03-11T00:07:40.097+0530] {dag.py:3954} INFO - Setting next_dagrun for consume_1_or_both_2_and_3_with_dataset_expressions to None, run_after=None
[2026-03-11T00:07:40.098+0530] {logging_mixin.py:188} INFO - [2026-03-11T00:07:40.098+0530] {dag.py:3954} INFO - Setting next_dagrun for dataset_consumes_1 to None, run_after=None
[2026-03-11T00:07:40.098+0530] {logging_mixin.py:188} INFO - [2026-03-11T00:07:40.098+0530] {dag.py:3954} INFO - Setting next_dagrun for dataset_consumes_1_and_2 to None, run_after=None
[2026-03-11T00:07:40.098+0530] {logging_mixin.py:188} INFO - [2026-03-11T00:07:40.098+0530] {dag.py:3954} INFO - Setting next_dagrun for dataset_consumes_1_never_scheduled to None, run_after=None
[2026-03-11T00:07:40.098+0530] {logging_mixin.py:188} INFO - [2026-03-11T00:07:40.098+0530] {dag.py:3954} INFO - Setting next_dagrun for dataset_consumes_unknown_never_scheduled to None, run_after=None
[2026-03-11T00:07:40.099+0530] {logging_mixin.py:188} INFO - [2026-03-11T00:07:40.099+0530] {dag.py:3954} INFO - Setting next_dagrun for dataset_produces_1 to 2026-03-09 00:00:00+00:00, run_after=2026-03-10 00:00:00+00:00
[2026-03-11T00:07:40.099+0530] {logging_mixin.py:188} INFO - [2026-03-11T00:07:40.099+0530] {dag.py:3954} INFO - Setting next_dagrun for dataset_produces_2 to None, run_after=None
[2026-03-11T00:07:40.107+0530] {processor.py:183} INFO - Processing /Users/aswin/Documents/data-engineering-practice/ETL_Airflow_DBT/airflow/airflow_env/lib/python3.11/site-packages/airflow/example_dags/example_datasets.py took 0.072 seconds
[2026-03-11T00:09:57.442+0530] {processor.py:161} INFO - Started process (PID=31287) to work on /Users/aswin/Documents/data-engineering-practice/ETL_Airflow_DBT/airflow/airflow_env/lib/python3.11/site-packages/airflow/example_dags/example_datasets.py
[2026-03-11T00:09:57.443+0530] {processor.py:830} INFO - Processing file /Users/aswin/Documents/data-engineering-practice/ETL_Airflow_DBT/airflow/airflow_env/lib/python3.11/site-packages/airflow/example_dags/example_datasets.py for tasks to queue
[2026-03-11T00:09:57.443+0530] {logging_mixin.py:188} INFO - [2026-03-11T00:09:57.443+0530] {dagbag.py:540} INFO - Filling up the DagBag from /Users/aswin/Documents/data-engineering-practice/ETL_Airflow_DBT/airflow/airflow_env/lib/python3.11/site-packages/airflow/example_dags/example_datasets.py
[2026-03-11T00:09:57.465+0530] {processor.py:840} INFO - DAG(s) 'conditional_dataset_and_time_based_timetable', 'dataset_produces_2', 'dataset_produces_1', 'consume_1_or_2_with_dataset_expressions', 'consume_1_and_2_with_dataset_expressions', 'consume_1_or_both_2_and_3_with_dataset_expressions', 'dataset_consumes_1', 'dataset_consumes_1_and_2', 'dataset_consumes_1_never_scheduled', 'dataset_consumes_unknown_never_scheduled' retrieved from /Users/aswin/Documents/data-engineering-practice/ETL_Airflow_DBT/airflow/airflow_env/lib/python3.11/site-packages/airflow/example_dags/example_datasets.py
[2026-03-11T00:09:57.500+0530] {logging_mixin.py:188} INFO - [2026-03-11T00:09:57.500+0530] {dag.py:3096} INFO - Sync 10 DAGs
[2026-03-11T00:09:57.506+0530] {logging_mixin.py:188} INFO - [2026-03-11T00:09:57.506+0530] {dag.py:3954} INFO - Setting next_dagrun for conditional_dataset_and_time_based_timetable to 2026-03-04 01:00:00+00:00, run_after=2026-03-04 01:00:00+00:00
[2026-03-11T00:09:57.507+0530] {logging_mixin.py:188} INFO - [2026-03-11T00:09:57.507+0530] {dag.py:3954} INFO - Setting next_dagrun for consume_1_and_2_with_dataset_expressions to None, run_after=None
[2026-03-11T00:09:57.507+0530] {logging_mixin.py:188} INFO - [2026-03-11T00:09:57.507+0530] {dag.py:3954} INFO - Setting next_dagrun for consume_1_or_2_with_dataset_expressions to None, run_after=None
[2026-03-11T00:09:57.507+0530] {logging_mixin.py:188} INFO - [2026-03-11T00:09:57.507+0530] {dag.py:3954} INFO - Setting next_dagrun for consume_1_or_both_2_and_3_with_dataset_expressions to None, run_after=None
[2026-03-11T00:09:57.507+0530] {logging_mixin.py:188} INFO - [2026-03-11T00:09:57.507+0530] {dag.py:3954} INFO - Setting next_dagrun for dataset_consumes_1 to None, run_after=None
[2026-03-11T00:09:57.508+0530] {logging_mixin.py:188} INFO - [2026-03-11T00:09:57.508+0530] {dag.py:3954} INFO - Setting next_dagrun for dataset_consumes_1_and_2 to None, run_after=None
[2026-03-11T00:09:57.508+0530] {logging_mixin.py:188} INFO - [2026-03-11T00:09:57.508+0530] {dag.py:3954} INFO - Setting next_dagrun for dataset_consumes_1_never_scheduled to None, run_after=None
[2026-03-11T00:09:57.508+0530] {logging_mixin.py:188} INFO - [2026-03-11T00:09:57.508+0530] {dag.py:3954} INFO - Setting next_dagrun for dataset_consumes_unknown_never_scheduled to None, run_after=None
[2026-03-11T00:09:57.509+0530] {logging_mixin.py:188} INFO - [2026-03-11T00:09:57.509+0530] {dag.py:3954} INFO - Setting next_dagrun for dataset_produces_1 to 2026-03-09 00:00:00+00:00, run_after=2026-03-10 00:00:00+00:00
[2026-03-11T00:09:57.509+0530] {logging_mixin.py:188} INFO - [2026-03-11T00:09:57.509+0530] {dag.py:3954} INFO - Setting next_dagrun for dataset_produces_2 to None, run_after=None
[2026-03-11T00:09:57.517+0530] {processor.py:183} INFO - Processing /Users/aswin/Documents/data-engineering-practice/ETL_Airflow_DBT/airflow/airflow_env/lib/python3.11/site-packages/airflow/example_dags/example_datasets.py took 0.076 seconds
[2026-03-11T00:12:06.302+0530] {processor.py:161} INFO - Started process (PID=31368) to work on /Users/aswin/Documents/data-engineering-practice/ETL_Airflow_DBT/airflow/airflow_env/lib/python3.11/site-packages/airflow/example_dags/example_datasets.py
[2026-03-11T00:12:06.303+0530] {processor.py:830} INFO - Processing file /Users/aswin/Documents/data-engineering-practice/ETL_Airflow_DBT/airflow/airflow_env/lib/python3.11/site-packages/airflow/example_dags/example_datasets.py for tasks to queue
[2026-03-11T00:12:06.303+0530] {logging_mixin.py:188} INFO - [2026-03-11T00:12:06.303+0530] {dagbag.py:540} INFO - Filling up the DagBag from /Users/aswin/Documents/data-engineering-practice/ETL_Airflow_DBT/airflow/airflow_env/lib/python3.11/site-packages/airflow/example_dags/example_datasets.py
[2026-03-11T00:12:06.325+0530] {processor.py:840} INFO - DAG(s) 'dataset_consumes_1_and_2', 'consume_1_and_2_with_dataset_expressions', 'consume_1_or_2_with_dataset_expressions', 'dataset_produces_1', 'dataset_consumes_1_never_scheduled', 'consume_1_or_both_2_and_3_with_dataset_expressions', 'dataset_produces_2', 'dataset_consumes_unknown_never_scheduled', 'conditional_dataset_and_time_based_timetable', 'dataset_consumes_1' retrieved from /Users/aswin/Documents/data-engineering-practice/ETL_Airflow_DBT/airflow/airflow_env/lib/python3.11/site-packages/airflow/example_dags/example_datasets.py
[2026-03-11T00:12:06.361+0530] {logging_mixin.py:188} INFO - [2026-03-11T00:12:06.361+0530] {dag.py:3096} INFO - Sync 10 DAGs
[2026-03-11T00:12:06.367+0530] {logging_mixin.py:188} INFO - [2026-03-11T00:12:06.367+0530] {dag.py:3954} INFO - Setting next_dagrun for conditional_dataset_and_time_based_timetable to 2026-03-04 01:00:00+00:00, run_after=2026-03-04 01:00:00+00:00
[2026-03-11T00:12:06.368+0530] {logging_mixin.py:188} INFO - [2026-03-11T00:12:06.368+0530] {dag.py:3954} INFO - Setting next_dagrun for consume_1_and_2_with_dataset_expressions to None, run_after=None
[2026-03-11T00:12:06.368+0530] {logging_mixin.py:188} INFO - [2026-03-11T00:12:06.368+0530] {dag.py:3954} INFO - Setting next_dagrun for consume_1_or_2_with_dataset_expressions to None, run_after=None
[2026-03-11T00:12:06.369+0530] {logging_mixin.py:188} INFO - [2026-03-11T00:12:06.369+0530] {dag.py:3954} INFO - Setting next_dagrun for consume_1_or_both_2_and_3_with_dataset_expressions to None, run_after=None
[2026-03-11T00:12:06.369+0530] {logging_mixin.py:188} INFO - [2026-03-11T00:12:06.369+0530] {dag.py:3954} INFO - Setting next_dagrun for dataset_consumes_1 to None, run_after=None
[2026-03-11T00:12:06.369+0530] {logging_mixin.py:188} INFO - [2026-03-11T00:12:06.369+0530] {dag.py:3954} INFO - Setting next_dagrun for dataset_consumes_1_and_2 to None, run_after=None
[2026-03-11T00:12:06.369+0530] {logging_mixin.py:188} INFO - [2026-03-11T00:12:06.369+0530] {dag.py:3954} INFO - Setting next_dagrun for dataset_consumes_1_never_scheduled to None, run_after=None
[2026-03-11T00:12:06.370+0530] {logging_mixin.py:188} INFO - [2026-03-11T00:12:06.370+0530] {dag.py:3954} INFO - Setting next_dagrun for dataset_consumes_unknown_never_scheduled to None, run_after=None
[2026-03-11T00:12:06.370+0530] {logging_mixin.py:188} INFO - [2026-03-11T00:12:06.370+0530] {dag.py:3954} INFO - Setting next_dagrun for dataset_produces_1 to 2026-03-09 00:00:00+00:00, run_after=2026-03-10 00:00:00+00:00
[2026-03-11T00:12:06.370+0530] {logging_mixin.py:188} INFO - [2026-03-11T00:12:06.370+0530] {dag.py:3954} INFO - Setting next_dagrun for dataset_produces_2 to None, run_after=None
[2026-03-11T00:12:06.379+0530] {processor.py:183} INFO - Processing /Users/aswin/Documents/data-engineering-practice/ETL_Airflow_DBT/airflow/airflow_env/lib/python3.11/site-packages/airflow/example_dags/example_datasets.py took 0.078 seconds
[2026-03-11T00:14:22.131+0530] {processor.py:161} INFO - Started process (PID=31461) to work on /Users/aswin/Documents/data-engineering-practice/ETL_Airflow_DBT/airflow/airflow_env/lib/python3.11/site-packages/airflow/example_dags/example_datasets.py
[2026-03-11T00:14:22.132+0530] {processor.py:830} INFO - Processing file /Users/aswin/Documents/data-engineering-practice/ETL_Airflow_DBT/airflow/airflow_env/lib/python3.11/site-packages/airflow/example_dags/example_datasets.py for tasks to queue
[2026-03-11T00:14:22.132+0530] {logging_mixin.py:188} INFO - [2026-03-11T00:14:22.132+0530] {dagbag.py:540} INFO - Filling up the DagBag from /Users/aswin/Documents/data-engineering-practice/ETL_Airflow_DBT/airflow/airflow_env/lib/python3.11/site-packages/airflow/example_dags/example_datasets.py
[2026-03-11T00:14:22.154+0530] {processor.py:840} INFO - DAG(s) 'dataset_consumes_1_and_2', 'dataset_produces_2', 'consume_1_or_both_2_and_3_with_dataset_expressions', 'dataset_consumes_1', 'dataset_consumes_unknown_never_scheduled', 'dataset_consumes_1_never_scheduled', 'dataset_produces_1', 'conditional_dataset_and_time_based_timetable', 'consume_1_and_2_with_dataset_expressions', 'consume_1_or_2_with_dataset_expressions' retrieved from /Users/aswin/Documents/data-engineering-practice/ETL_Airflow_DBT/airflow/airflow_env/lib/python3.11/site-packages/airflow/example_dags/example_datasets.py
[2026-03-11T00:14:22.189+0530] {logging_mixin.py:188} INFO - [2026-03-11T00:14:22.189+0530] {dag.py:3096} INFO - Sync 10 DAGs
[2026-03-11T00:14:22.195+0530] {logging_mixin.py:188} INFO - [2026-03-11T00:14:22.195+0530] {dag.py:3954} INFO - Setting next_dagrun for conditional_dataset_and_time_based_timetable to 2026-03-04 01:00:00+00:00, run_after=2026-03-04 01:00:00+00:00
[2026-03-11T00:14:22.196+0530] {logging_mixin.py:188} INFO - [2026-03-11T00:14:22.196+0530] {dag.py:3954} INFO - Setting next_dagrun for consume_1_and_2_with_dataset_expressions to None, run_after=None
[2026-03-11T00:14:22.196+0530] {logging_mixin.py:188} INFO - [2026-03-11T00:14:22.196+0530] {dag.py:3954} INFO - Setting next_dagrun for consume_1_or_2_with_dataset_expressions to None, run_after=None
[2026-03-11T00:14:22.197+0530] {logging_mixin.py:188} INFO - [2026-03-11T00:14:22.197+0530] {dag.py:3954} INFO - Setting next_dagrun for consume_1_or_both_2_and_3_with_dataset_expressions to None, run_after=None
[2026-03-11T00:14:22.197+0530] {logging_mixin.py:188} INFO - [2026-03-11T00:14:22.197+0530] {dag.py:3954} INFO - Setting next_dagrun for dataset_consumes_1 to None, run_after=None
[2026-03-11T00:14:22.197+0530] {logging_mixin.py:188} INFO - [2026-03-11T00:14:22.197+0530] {dag.py:3954} INFO - Setting next_dagrun for dataset_consumes_1_and_2 to None, run_after=None
[2026-03-11T00:14:22.197+0530] {logging_mixin.py:188} INFO - [2026-03-11T00:14:22.197+0530] {dag.py:3954} INFO - Setting next_dagrun for dataset_consumes_1_never_scheduled to None, run_after=None
[2026-03-11T00:14:22.198+0530] {logging_mixin.py:188} INFO - [2026-03-11T00:14:22.197+0530] {dag.py:3954} INFO - Setting next_dagrun for dataset_consumes_unknown_never_scheduled to None, run_after=None
[2026-03-11T00:14:22.198+0530] {logging_mixin.py:188} INFO - [2026-03-11T00:14:22.198+0530] {dag.py:3954} INFO - Setting next_dagrun for dataset_produces_1 to 2026-03-09 00:00:00+00:00, run_after=2026-03-10 00:00:00+00:00
[2026-03-11T00:14:22.198+0530] {logging_mixin.py:188} INFO - [2026-03-11T00:14:22.198+0530] {dag.py:3954} INFO - Setting next_dagrun for dataset_produces_2 to None, run_after=None
[2026-03-11T00:14:22.207+0530] {processor.py:183} INFO - Processing /Users/aswin/Documents/data-engineering-practice/ETL_Airflow_DBT/airflow/airflow_env/lib/python3.11/site-packages/airflow/example_dags/example_datasets.py took 0.076 seconds
[2026-03-11T00:16:32.253+0530] {processor.py:161} INFO - Started process (PID=31550) to work on /Users/aswin/Documents/data-engineering-practice/ETL_Airflow_DBT/airflow/airflow_env/lib/python3.11/site-packages/airflow/example_dags/example_datasets.py
[2026-03-11T00:16:32.254+0530] {processor.py:830} INFO - Processing file /Users/aswin/Documents/data-engineering-practice/ETL_Airflow_DBT/airflow/airflow_env/lib/python3.11/site-packages/airflow/example_dags/example_datasets.py for tasks to queue
[2026-03-11T00:16:32.254+0530] {logging_mixin.py:188} INFO - [2026-03-11T00:16:32.254+0530] {dagbag.py:540} INFO - Filling up the DagBag from /Users/aswin/Documents/data-engineering-practice/ETL_Airflow_DBT/airflow/airflow_env/lib/python3.11/site-packages/airflow/example_dags/example_datasets.py
[2026-03-11T00:16:32.276+0530] {processor.py:840} INFO - DAG(s) 'dataset_consumes_1', 'dataset_produces_2', 'consume_1_or_2_with_dataset_expressions', 'dataset_consumes_unknown_never_scheduled', 'dataset_produces_1', 'dataset_consumes_1_and_2', 'consume_1_or_both_2_and_3_with_dataset_expressions', 'consume_1_and_2_with_dataset_expressions', 'conditional_dataset_and_time_based_timetable', 'dataset_consumes_1_never_scheduled' retrieved from /Users/aswin/Documents/data-engineering-practice/ETL_Airflow_DBT/airflow/airflow_env/lib/python3.11/site-packages/airflow/example_dags/example_datasets.py
[2026-03-11T00:16:32.310+0530] {logging_mixin.py:188} INFO - [2026-03-11T00:16:32.310+0530] {dag.py:3096} INFO - Sync 10 DAGs
[2026-03-11T00:16:32.318+0530] {logging_mixin.py:188} INFO - [2026-03-11T00:16:32.318+0530] {dag.py:3954} INFO - Setting next_dagrun for conditional_dataset_and_time_based_timetable to 2026-03-04 01:00:00+00:00, run_after=2026-03-04 01:00:00+00:00
[2026-03-11T00:16:32.319+0530] {logging_mixin.py:188} INFO - [2026-03-11T00:16:32.319+0530] {dag.py:3954} INFO - Setting next_dagrun for consume_1_and_2_with_dataset_expressions to None, run_after=None
[2026-03-11T00:16:32.320+0530] {logging_mixin.py:188} INFO - [2026-03-11T00:16:32.319+0530] {dag.py:3954} INFO - Setting next_dagrun for consume_1_or_2_with_dataset_expressions to None, run_after=None
[2026-03-11T00:16:32.320+0530] {logging_mixin.py:188} INFO - [2026-03-11T00:16:32.320+0530] {dag.py:3954} INFO - Setting next_dagrun for consume_1_or_both_2_and_3_with_dataset_expressions to None, run_after=None
[2026-03-11T00:16:32.320+0530] {logging_mixin.py:188} INFO - [2026-03-11T00:16:32.320+0530] {dag.py:3954} INFO - Setting next_dagrun for dataset_consumes_1 to None, run_after=None
[2026-03-11T00:16:32.321+0530] {logging_mixin.py:188} INFO - [2026-03-11T00:16:32.321+0530] {dag.py:3954} INFO - Setting next_dagrun for dataset_consumes_1_and_2 to None, run_after=None
[2026-03-11T00:16:32.321+0530] {logging_mixin.py:188} INFO - [2026-03-11T00:16:32.321+0530] {dag.py:3954} INFO - Setting next_dagrun for dataset_consumes_1_never_scheduled to None, run_after=None
[2026-03-11T00:16:32.321+0530] {logging_mixin.py:188} INFO - [2026-03-11T00:16:32.321+0530] {dag.py:3954} INFO - Setting next_dagrun for dataset_consumes_unknown_never_scheduled to None, run_after=None
[2026-03-11T00:16:32.322+0530] {logging_mixin.py:188} INFO - [2026-03-11T00:16:32.322+0530] {dag.py:3954} INFO - Setting next_dagrun for dataset_produces_1 to 2026-03-09 00:00:00+00:00, run_after=2026-03-10 00:00:00+00:00
[2026-03-11T00:16:32.322+0530] {logging_mixin.py:188} INFO - [2026-03-11T00:16:32.322+0530] {dag.py:3954} INFO - Setting next_dagrun for dataset_produces_2 to None, run_after=None
[2026-03-11T00:16:32.331+0530] {processor.py:183} INFO - Processing /Users/aswin/Documents/data-engineering-practice/ETL_Airflow_DBT/airflow/airflow_env/lib/python3.11/site-packages/airflow/example_dags/example_datasets.py took 0.079 seconds
[2026-03-11T00:18:57.246+0530] {processor.py:161} INFO - Started process (PID=31632) to work on /Users/aswin/Documents/data-engineering-practice/ETL_Airflow_DBT/airflow/airflow_env/lib/python3.11/site-packages/airflow/example_dags/example_datasets.py
[2026-03-11T00:18:57.247+0530] {processor.py:830} INFO - Processing file /Users/aswin/Documents/data-engineering-practice/ETL_Airflow_DBT/airflow/airflow_env/lib/python3.11/site-packages/airflow/example_dags/example_datasets.py for tasks to queue
[2026-03-11T00:18:57.247+0530] {logging_mixin.py:188} INFO - [2026-03-11T00:18:57.247+0530] {dagbag.py:540} INFO - Filling up the DagBag from /Users/aswin/Documents/data-engineering-practice/ETL_Airflow_DBT/airflow/airflow_env/lib/python3.11/site-packages/airflow/example_dags/example_datasets.py
[2026-03-11T00:18:57.268+0530] {processor.py:840} INFO - DAG(s) 'consume_1_or_both_2_and_3_with_dataset_expressions', 'consume_1_or_2_with_dataset_expressions', 'dataset_produces_2', 'dataset_produces_1', 'conditional_dataset_and_time_based_timetable', 'dataset_consumes_1_and_2', 'dataset_consumes_1_never_scheduled', 'dataset_consumes_unknown_never_scheduled', 'consume_1_and_2_with_dataset_expressions', 'dataset_consumes_1' retrieved from /Users/aswin/Documents/data-engineering-practice/ETL_Airflow_DBT/airflow/airflow_env/lib/python3.11/site-packages/airflow/example_dags/example_datasets.py
[2026-03-11T00:18:57.303+0530] {logging_mixin.py:188} INFO - [2026-03-11T00:18:57.303+0530] {dag.py:3096} INFO - Sync 10 DAGs
[2026-03-11T00:18:57.309+0530] {logging_mixin.py:188} INFO - [2026-03-11T00:18:57.309+0530] {dag.py:3954} INFO - Setting next_dagrun for conditional_dataset_and_time_based_timetable to 2026-03-04 01:00:00+00:00, run_after=2026-03-04 01:00:00+00:00
[2026-03-11T00:18:57.310+0530] {logging_mixin.py:188} INFO - [2026-03-11T00:18:57.310+0530] {dag.py:3954} INFO - Setting next_dagrun for consume_1_and_2_with_dataset_expressions to None, run_after=None
[2026-03-11T00:18:57.311+0530] {logging_mixin.py:188} INFO - [2026-03-11T00:18:57.311+0530] {dag.py:3954} INFO - Setting next_dagrun for consume_1_or_2_with_dataset_expressions to None, run_after=None
[2026-03-11T00:18:57.311+0530] {logging_mixin.py:188} INFO - [2026-03-11T00:18:57.311+0530] {dag.py:3954} INFO - Setting next_dagrun for consume_1_or_both_2_and_3_with_dataset_expressions to None, run_after=None
[2026-03-11T00:18:57.311+0530] {logging_mixin.py:188} INFO - [2026-03-11T00:18:57.311+0530] {dag.py:3954} INFO - Setting next_dagrun for dataset_consumes_1 to None, run_after=None
[2026-03-11T00:18:57.311+0530] {logging_mixin.py:188} INFO - [2026-03-11T00:18:57.311+0530] {dag.py:3954} INFO - Setting next_dagrun for dataset_consumes_1_and_2 to None, run_after=None
[2026-03-11T00:18:57.312+0530] {logging_mixin.py:188} INFO - [2026-03-11T00:18:57.312+0530] {dag.py:3954} INFO - Setting next_dagrun for dataset_consumes_1_never_scheduled to None, run_after=None
[2026-03-11T00:18:57.312+0530] {logging_mixin.py:188} INFO - [2026-03-11T00:18:57.312+0530] {dag.py:3954} INFO - Setting next_dagrun for dataset_consumes_unknown_never_scheduled to None, run_after=None
[2026-03-11T00:18:57.312+0530] {logging_mixin.py:188} INFO - [2026-03-11T00:18:57.312+0530] {dag.py:3954} INFO - Setting next_dagrun for dataset_produces_1 to 2026-03-09 00:00:00+00:00, run_after=2026-03-10 00:00:00+00:00
[2026-03-11T00:18:57.313+0530] {logging_mixin.py:188} INFO - [2026-03-11T00:18:57.313+0530] {dag.py:3954} INFO - Setting next_dagrun for dataset_produces_2 to None, run_after=None
[2026-03-11T00:18:57.321+0530] {processor.py:183} INFO - Processing /Users/aswin/Documents/data-engineering-practice/ETL_Airflow_DBT/airflow/airflow_env/lib/python3.11/site-packages/airflow/example_dags/example_datasets.py took 0.076 seconds
[2026-03-11T00:21:25.220+0530] {processor.py:161} INFO - Started process (PID=31700) to work on /Users/aswin/Documents/data-engineering-practice/ETL_Airflow_DBT/airflow/airflow_env/lib/python3.11/site-packages/airflow/example_dags/example_datasets.py
[2026-03-11T00:21:25.221+0530] {processor.py:830} INFO - Processing file /Users/aswin/Documents/data-engineering-practice/ETL_Airflow_DBT/airflow/airflow_env/lib/python3.11/site-packages/airflow/example_dags/example_datasets.py for tasks to queue
[2026-03-11T00:21:25.221+0530] {logging_mixin.py:188} INFO - [2026-03-11T00:21:25.221+0530] {dagbag.py:540} INFO - Filling up the DagBag from /Users/aswin/Documents/data-engineering-practice/ETL_Airflow_DBT/airflow/airflow_env/lib/python3.11/site-packages/airflow/example_dags/example_datasets.py
[2026-03-11T00:21:25.238+0530] {processor.py:840} INFO - DAG(s) 'consume_1_or_2_with_dataset_expressions', 'dataset_produces_1', 'consume_1_and_2_with_dataset_expressions', 'dataset_consumes_1', 'dataset_produces_2', 'conditional_dataset_and_time_based_timetable', 'consume_1_or_both_2_and_3_with_dataset_expressions', 'dataset_consumes_unknown_never_scheduled', 'dataset_consumes_1_and_2', 'dataset_consumes_1_never_scheduled' retrieved from /Users/aswin/Documents/data-engineering-practice/ETL_Airflow_DBT/airflow/airflow_env/lib/python3.11/site-packages/airflow/example_dags/example_datasets.py
[2026-03-11T00:21:25.273+0530] {logging_mixin.py:188} INFO - [2026-03-11T00:21:25.273+0530] {dag.py:3096} INFO - Sync 10 DAGs
[2026-03-11T00:21:25.279+0530] {logging_mixin.py:188} INFO - [2026-03-11T00:21:25.279+0530] {dag.py:3954} INFO - Setting next_dagrun for conditional_dataset_and_time_based_timetable to 2026-03-04 01:00:00+00:00, run_after=2026-03-04 01:00:00+00:00
[2026-03-11T00:21:25.280+0530] {logging_mixin.py:188} INFO - [2026-03-11T00:21:25.280+0530] {dag.py:3954} INFO - Setting next_dagrun for consume_1_and_2_with_dataset_expressions to None, run_after=None
[2026-03-11T00:21:25.280+0530] {logging_mixin.py:188} INFO - [2026-03-11T00:21:25.280+0530] {dag.py:3954} INFO - Setting next_dagrun for consume_1_or_2_with_dataset_expressions to None, run_after=None
[2026-03-11T00:21:25.281+0530] {logging_mixin.py:188} INFO - [2026-03-11T00:21:25.281+0530] {dag.py:3954} INFO - Setting next_dagrun for consume_1_or_both_2_and_3_with_dataset_expressions to None, run_after=None
[2026-03-11T00:21:25.281+0530] {logging_mixin.py:188} INFO - [2026-03-11T00:21:25.281+0530] {dag.py:3954} INFO - Setting next_dagrun for dataset_consumes_1 to None, run_after=None
[2026-03-11T00:21:25.281+0530] {logging_mixin.py:188} INFO - [2026-03-11T00:21:25.281+0530] {dag.py:3954} INFO - Setting next_dagrun for dataset_consumes_1_and_2 to None, run_after=None
[2026-03-11T00:21:25.281+0530] {logging_mixin.py:188} INFO - [2026-03-11T00:21:25.281+0530] {dag.py:3954} INFO - Setting next_dagrun for dataset_consumes_1_never_scheduled to None, run_after=None
[2026-03-11T00:21:25.282+0530] {logging_mixin.py:188} INFO - [2026-03-11T00:21:25.282+0530] {dag.py:3954} INFO - Setting next_dagrun for dataset_consumes_unknown_never_scheduled to None, run_after=None
[2026-03-11T00:21:25.282+0530] {logging_mixin.py:188} INFO - [2026-03-11T00:21:25.282+0530] {dag.py:3954} INFO - Setting next_dagrun for dataset_produces_1 to 2026-03-09 00:00:00+00:00, run_after=2026-03-10 00:00:00+00:00
[2026-03-11T00:21:25.282+0530] {logging_mixin.py:188} INFO - [2026-03-11T00:21:25.282+0530] {dag.py:3954} INFO - Setting next_dagrun for dataset_produces_2 to None, run_after=None
[2026-03-11T00:21:25.290+0530] {processor.py:183} INFO - Processing /Users/aswin/Documents/data-engineering-practice/ETL_Airflow_DBT/airflow/airflow_env/lib/python3.11/site-packages/airflow/example_dags/example_datasets.py took 0.072 seconds
[2026-03-11T04:01:05.906+0530] {processor.py:161} INFO - Started process (PID=31993) to work on /Users/aswin/Documents/data-engineering-practice/ETL_Airflow_DBT/airflow/airflow_env/lib/python3.11/site-packages/airflow/example_dags/example_datasets.py
[2026-03-11T04:01:05.907+0530] {processor.py:830} INFO - Processing file /Users/aswin/Documents/data-engineering-practice/ETL_Airflow_DBT/airflow/airflow_env/lib/python3.11/site-packages/airflow/example_dags/example_datasets.py for tasks to queue
[2026-03-11T04:01:05.907+0530] {logging_mixin.py:188} INFO - [2026-03-11T04:01:05.907+0530] {dagbag.py:540} INFO - Filling up the DagBag from /Users/aswin/Documents/data-engineering-practice/ETL_Airflow_DBT/airflow/airflow_env/lib/python3.11/site-packages/airflow/example_dags/example_datasets.py
[2026-03-11T04:01:05.929+0530] {processor.py:840} INFO - DAG(s) 'dataset_consumes_1_never_scheduled', 'consume_1_or_both_2_and_3_with_dataset_expressions', 'dataset_consumes_1', 'consume_1_or_2_with_dataset_expressions', 'dataset_produces_1', 'conditional_dataset_and_time_based_timetable', 'dataset_consumes_unknown_never_scheduled', 'dataset_consumes_1_and_2', 'dataset_produces_2', 'consume_1_and_2_with_dataset_expressions' retrieved from /Users/aswin/Documents/data-engineering-practice/ETL_Airflow_DBT/airflow/airflow_env/lib/python3.11/site-packages/airflow/example_dags/example_datasets.py
[2026-03-11T04:01:05.964+0530] {logging_mixin.py:188} INFO - [2026-03-11T04:01:05.964+0530] {dag.py:3096} INFO - Sync 10 DAGs
[2026-03-11T04:01:05.970+0530] {logging_mixin.py:188} INFO - [2026-03-11T04:01:05.970+0530] {dag.py:3954} INFO - Setting next_dagrun for conditional_dataset_and_time_based_timetable to 2026-03-04 01:00:00+00:00, run_after=2026-03-04 01:00:00+00:00
[2026-03-11T04:01:05.971+0530] {logging_mixin.py:188} INFO - [2026-03-11T04:01:05.971+0530] {dag.py:3954} INFO - Setting next_dagrun for consume_1_and_2_with_dataset_expressions to None, run_after=None
[2026-03-11T04:01:05.972+0530] {logging_mixin.py:188} INFO - [2026-03-11T04:01:05.971+0530] {dag.py:3954} INFO - Setting next_dagrun for consume_1_or_2_with_dataset_expressions to None, run_after=None
[2026-03-11T04:01:05.972+0530] {logging_mixin.py:188} INFO - [2026-03-11T04:01:05.972+0530] {dag.py:3954} INFO - Setting next_dagrun for consume_1_or_both_2_and_3_with_dataset_expressions to None, run_after=None
[2026-03-11T04:01:05.972+0530] {logging_mixin.py:188} INFO - [2026-03-11T04:01:05.972+0530] {dag.py:3954} INFO - Setting next_dagrun for dataset_consumes_1 to None, run_after=None
[2026-03-11T04:01:05.972+0530] {logging_mixin.py:188} INFO - [2026-03-11T04:01:05.972+0530] {dag.py:3954} INFO - Setting next_dagrun for dataset_consumes_1_and_2 to None, run_after=None
[2026-03-11T04:01:05.972+0530] {logging_mixin.py:188} INFO - [2026-03-11T04:01:05.972+0530] {dag.py:3954} INFO - Setting next_dagrun for dataset_consumes_1_never_scheduled to None, run_after=None
[2026-03-11T04:01:05.973+0530] {logging_mixin.py:188} INFO - [2026-03-11T04:01:05.973+0530] {dag.py:3954} INFO - Setting next_dagrun for dataset_consumes_unknown_never_scheduled to None, run_after=None
[2026-03-11T04:01:05.973+0530] {logging_mixin.py:188} INFO - [2026-03-11T04:01:05.973+0530] {dag.py:3954} INFO - Setting next_dagrun for dataset_produces_1 to 2026-03-09 00:00:00+00:00, run_after=2026-03-10 00:00:00+00:00
[2026-03-11T04:01:05.974+0530] {logging_mixin.py:188} INFO - [2026-03-11T04:01:05.973+0530] {dag.py:3954} INFO - Setting next_dagrun for dataset_produces_2 to None, run_after=None
[2026-03-11T04:01:05.981+0530] {processor.py:183} INFO - Processing /Users/aswin/Documents/data-engineering-practice/ETL_Airflow_DBT/airflow/airflow_env/lib/python3.11/site-packages/airflow/example_dags/example_datasets.py took 0.076 seconds
[2026-03-11T04:48:28.410+0530] {processor.py:161} INFO - Started process (PID=32224) to work on /Users/aswin/Documents/data-engineering-practice/ETL_Airflow_DBT/airflow/airflow_env/lib/python3.11/site-packages/airflow/example_dags/example_datasets.py
[2026-03-11T04:48:28.411+0530] {processor.py:830} INFO - Processing file /Users/aswin/Documents/data-engineering-practice/ETL_Airflow_DBT/airflow/airflow_env/lib/python3.11/site-packages/airflow/example_dags/example_datasets.py for tasks to queue
[2026-03-11T04:48:28.412+0530] {logging_mixin.py:188} INFO - [2026-03-11T04:48:28.412+0530] {dagbag.py:540} INFO - Filling up the DagBag from /Users/aswin/Documents/data-engineering-practice/ETL_Airflow_DBT/airflow/airflow_env/lib/python3.11/site-packages/airflow/example_dags/example_datasets.py
[2026-03-11T04:48:28.430+0530] {processor.py:840} INFO - DAG(s) 'dataset_consumes_1_and_2', 'consume_1_and_2_with_dataset_expressions', 'dataset_produces_2', 'dataset_consumes_1_never_scheduled', 'dataset_produces_1', 'consume_1_or_both_2_and_3_with_dataset_expressions', 'dataset_consumes_1', 'conditional_dataset_and_time_based_timetable', 'consume_1_or_2_with_dataset_expressions', 'dataset_consumes_unknown_never_scheduled' retrieved from /Users/aswin/Documents/data-engineering-practice/ETL_Airflow_DBT/airflow/airflow_env/lib/python3.11/site-packages/airflow/example_dags/example_datasets.py
[2026-03-11T04:48:28.465+0530] {logging_mixin.py:188} INFO - [2026-03-11T04:48:28.465+0530] {dag.py:3096} INFO - Sync 10 DAGs
[2026-03-11T04:48:28.471+0530] {logging_mixin.py:188} INFO - [2026-03-11T04:48:28.471+0530] {dag.py:3954} INFO - Setting next_dagrun for conditional_dataset_and_time_based_timetable to 2026-03-04 01:00:00+00:00, run_after=2026-03-04 01:00:00+00:00
[2026-03-11T04:48:28.472+0530] {logging_mixin.py:188} INFO - [2026-03-11T04:48:28.472+0530] {dag.py:3954} INFO - Setting next_dagrun for consume_1_and_2_with_dataset_expressions to None, run_after=None
[2026-03-11T04:48:28.473+0530] {logging_mixin.py:188} INFO - [2026-03-11T04:48:28.473+0530] {dag.py:3954} INFO - Setting next_dagrun for consume_1_or_2_with_dataset_expressions to None, run_after=None
[2026-03-11T04:48:28.473+0530] {logging_mixin.py:188} INFO - [2026-03-11T04:48:28.473+0530] {dag.py:3954} INFO - Setting next_dagrun for consume_1_or_both_2_and_3_with_dataset_expressions to None, run_after=None
[2026-03-11T04:48:28.473+0530] {logging_mixin.py:188} INFO - [2026-03-11T04:48:28.473+0530] {dag.py:3954} INFO - Setting next_dagrun for dataset_consumes_1 to None, run_after=None
[2026-03-11T04:48:28.473+0530] {logging_mixin.py:188} INFO - [2026-03-11T04:48:28.473+0530] {dag.py:3954} INFO - Setting next_dagrun for dataset_consumes_1_and_2 to None, run_after=None
[2026-03-11T04:48:28.474+0530] {logging_mixin.py:188} INFO - [2026-03-11T04:48:28.474+0530] {dag.py:3954} INFO - Setting next_dagrun for dataset_consumes_1_never_scheduled to None, run_after=None
[2026-03-11T04:48:28.474+0530] {logging_mixin.py:188} INFO - [2026-03-11T04:48:28.474+0530] {dag.py:3954} INFO - Setting next_dagrun for dataset_consumes_unknown_never_scheduled to None, run_after=None
[2026-03-11T04:48:28.474+0530] {logging_mixin.py:188} INFO - [2026-03-11T04:48:28.474+0530] {dag.py:3954} INFO - Setting next_dagrun for dataset_produces_1 to 2026-03-09 00:00:00+00:00, run_after=2026-03-10 00:00:00+00:00
[2026-03-11T04:48:28.475+0530] {logging_mixin.py:188} INFO - [2026-03-11T04:48:28.475+0530] {dag.py:3954} INFO - Setting next_dagrun for dataset_produces_2 to None, run_after=None
[2026-03-11T04:48:28.483+0530] {processor.py:183} INFO - Processing /Users/aswin/Documents/data-engineering-practice/ETL_Airflow_DBT/airflow/airflow_env/lib/python3.11/site-packages/airflow/example_dags/example_datasets.py took 0.073 seconds
[2026-03-11T04:49:59.126+0530] {processor.py:161} INFO - Started process (PID=32371) to work on /Users/aswin/Documents/data-engineering-practice/ETL_Airflow_DBT/airflow/airflow_env/lib/python3.11/site-packages/airflow/example_dags/example_datasets.py
[2026-03-11T04:49:59.127+0530] {processor.py:830} INFO - Processing file /Users/aswin/Documents/data-engineering-practice/ETL_Airflow_DBT/airflow/airflow_env/lib/python3.11/site-packages/airflow/example_dags/example_datasets.py for tasks to queue
[2026-03-11T04:49:59.127+0530] {logging_mixin.py:188} INFO - [2026-03-11T04:49:59.127+0530] {dagbag.py:540} INFO - Filling up the DagBag from /Users/aswin/Documents/data-engineering-practice/ETL_Airflow_DBT/airflow/airflow_env/lib/python3.11/site-packages/airflow/example_dags/example_datasets.py
[2026-03-11T04:49:59.146+0530] {processor.py:840} INFO - DAG(s) 'consume_1_or_2_with_dataset_expressions', 'dataset_consumes_1', 'dataset_produces_1', 'dataset_consumes_1_never_scheduled', 'consume_1_or_both_2_and_3_with_dataset_expressions', 'dataset_consumes_unknown_never_scheduled', 'dataset_consumes_1_and_2', 'conditional_dataset_and_time_based_timetable', 'consume_1_and_2_with_dataset_expressions', 'dataset_produces_2' retrieved from /Users/aswin/Documents/data-engineering-practice/ETL_Airflow_DBT/airflow/airflow_env/lib/python3.11/site-packages/airflow/example_dags/example_datasets.py
[2026-03-11T04:49:59.182+0530] {logging_mixin.py:188} INFO - [2026-03-11T04:49:59.182+0530] {dag.py:3096} INFO - Sync 10 DAGs
[2026-03-11T04:49:59.188+0530] {logging_mixin.py:188} INFO - [2026-03-11T04:49:59.188+0530] {dag.py:3954} INFO - Setting next_dagrun for conditional_dataset_and_time_based_timetable to 2026-03-04 01:00:00+00:00, run_after=2026-03-04 01:00:00+00:00
[2026-03-11T04:49:59.189+0530] {logging_mixin.py:188} INFO - [2026-03-11T04:49:59.189+0530] {dag.py:3954} INFO - Setting next_dagrun for consume_1_and_2_with_dataset_expressions to None, run_after=None
[2026-03-11T04:49:59.189+0530] {logging_mixin.py:188} INFO - [2026-03-11T04:49:59.189+0530] {dag.py:3954} INFO - Setting next_dagrun for consume_1_or_2_with_dataset_expressions to None, run_after=None
[2026-03-11T04:49:59.189+0530] {logging_mixin.py:188} INFO - [2026-03-11T04:49:59.189+0530] {dag.py:3954} INFO - Setting next_dagrun for consume_1_or_both_2_and_3_with_dataset_expressions to None, run_after=None
[2026-03-11T04:49:59.190+0530] {logging_mixin.py:188} INFO - [2026-03-11T04:49:59.190+0530] {dag.py:3954} INFO - Setting next_dagrun for dataset_consumes_1 to None, run_after=None
[2026-03-11T04:49:59.190+0530] {logging_mixin.py:188} INFO - [2026-03-11T04:49:59.190+0530] {dag.py:3954} INFO - Setting next_dagrun for dataset_consumes_1_and_2 to None, run_after=None
[2026-03-11T04:49:59.190+0530] {logging_mixin.py:188} INFO - [2026-03-11T04:49:59.190+0530] {dag.py:3954} INFO - Setting next_dagrun for dataset_consumes_1_never_scheduled to None, run_after=None
[2026-03-11T04:49:59.190+0530] {logging_mixin.py:188} INFO - [2026-03-11T04:49:59.190+0530] {dag.py:3954} INFO - Setting next_dagrun for dataset_consumes_unknown_never_scheduled to None, run_after=None
[2026-03-11T04:49:59.191+0530] {logging_mixin.py:188} INFO - [2026-03-11T04:49:59.191+0530] {dag.py:3954} INFO - Setting next_dagrun for dataset_produces_1 to 2026-03-09 00:00:00+00:00, run_after=2026-03-10 00:00:00+00:00
[2026-03-11T04:49:59.191+0530] {logging_mixin.py:188} INFO - [2026-03-11T04:49:59.191+0530] {dag.py:3954} INFO - Setting next_dagrun for dataset_produces_2 to None, run_after=None
[2026-03-11T04:49:59.199+0530] {processor.py:183} INFO - Processing /Users/aswin/Documents/data-engineering-practice/ETL_Airflow_DBT/airflow/airflow_env/lib/python3.11/site-packages/airflow/example_dags/example_datasets.py took 0.074 seconds
[2026-03-11T04:51:32.589+0530] {processor.py:161} INFO - Started process (PID=32535) to work on /Users/aswin/Documents/data-engineering-practice/ETL_Airflow_DBT/airflow/airflow_env/lib/python3.11/site-packages/airflow/example_dags/example_datasets.py
[2026-03-11T04:51:32.590+0530] {processor.py:830} INFO - Processing file /Users/aswin/Documents/data-engineering-practice/ETL_Airflow_DBT/airflow/airflow_env/lib/python3.11/site-packages/airflow/example_dags/example_datasets.py for tasks to queue
[2026-03-11T04:51:32.591+0530] {logging_mixin.py:188} INFO - [2026-03-11T04:51:32.590+0530] {dagbag.py:540} INFO - Filling up the DagBag from /Users/aswin/Documents/data-engineering-practice/ETL_Airflow_DBT/airflow/airflow_env/lib/python3.11/site-packages/airflow/example_dags/example_datasets.py
[2026-03-11T04:51:32.609+0530] {processor.py:840} INFO - DAG(s) 'dataset_produces_2', 'dataset_produces_1', 'dataset_consumes_1', 'dataset_consumes_1_and_2', 'dataset_consumes_unknown_never_scheduled', 'consume_1_and_2_with_dataset_expressions', 'dataset_consumes_1_never_scheduled', 'consume_1_or_2_with_dataset_expressions', 'consume_1_or_both_2_and_3_with_dataset_expressions', 'conditional_dataset_and_time_based_timetable' retrieved from /Users/aswin/Documents/data-engineering-practice/ETL_Airflow_DBT/airflow/airflow_env/lib/python3.11/site-packages/airflow/example_dags/example_datasets.py
[2026-03-11T04:51:32.644+0530] {logging_mixin.py:188} INFO - [2026-03-11T04:51:32.644+0530] {dag.py:3096} INFO - Sync 10 DAGs
[2026-03-11T04:51:32.650+0530] {logging_mixin.py:188} INFO - [2026-03-11T04:51:32.650+0530] {dag.py:3954} INFO - Setting next_dagrun for conditional_dataset_and_time_based_timetable to 2026-03-04 01:00:00+00:00, run_after=2026-03-04 01:00:00+00:00
[2026-03-11T04:51:32.651+0530] {logging_mixin.py:188} INFO - [2026-03-11T04:51:32.651+0530] {dag.py:3954} INFO - Setting next_dagrun for consume_1_and_2_with_dataset_expressions to None, run_after=None
[2026-03-11T04:51:32.652+0530] {logging_mixin.py:188} INFO - [2026-03-11T04:51:32.652+0530] {dag.py:3954} INFO - Setting next_dagrun for consume_1_or_2_with_dataset_expressions to None, run_after=None
[2026-03-11T04:51:32.652+0530] {logging_mixin.py:188} INFO - [2026-03-11T04:51:32.652+0530] {dag.py:3954} INFO - Setting next_dagrun for consume_1_or_both_2_and_3_with_dataset_expressions to None, run_after=None
[2026-03-11T04:51:32.652+0530] {logging_mixin.py:188} INFO - [2026-03-11T04:51:32.652+0530] {dag.py:3954} INFO - Setting next_dagrun for dataset_consumes_1 to None, run_after=None
[2026-03-11T04:51:32.652+0530] {logging_mixin.py:188} INFO - [2026-03-11T04:51:32.652+0530] {dag.py:3954} INFO - Setting next_dagrun for dataset_consumes_1_and_2 to None, run_after=None
[2026-03-11T04:51:32.653+0530] {logging_mixin.py:188} INFO - [2026-03-11T04:51:32.652+0530] {dag.py:3954} INFO - Setting next_dagrun for dataset_consumes_1_never_scheduled to None, run_after=None
[2026-03-11T04:51:32.653+0530] {logging_mixin.py:188} INFO - [2026-03-11T04:51:32.653+0530] {dag.py:3954} INFO - Setting next_dagrun for dataset_consumes_unknown_never_scheduled to None, run_after=None
[2026-03-11T04:51:32.653+0530] {logging_mixin.py:188} INFO - [2026-03-11T04:51:32.653+0530] {dag.py:3954} INFO - Setting next_dagrun for dataset_produces_1 to 2026-03-09 00:00:00+00:00, run_after=2026-03-10 00:00:00+00:00
[2026-03-11T04:51:32.654+0530] {logging_mixin.py:188} INFO - [2026-03-11T04:51:32.654+0530] {dag.py:3954} INFO - Setting next_dagrun for dataset_produces_2 to None, run_after=None
[2026-03-11T04:51:32.662+0530] {processor.py:183} INFO - Processing /Users/aswin/Documents/data-engineering-practice/ETL_Airflow_DBT/airflow/airflow_env/lib/python3.11/site-packages/airflow/example_dags/example_datasets.py took 0.073 seconds
[2026-03-11T04:53:03.313+0530] {processor.py:161} INFO - Started process (PID=32691) to work on /Users/aswin/Documents/data-engineering-practice/ETL_Airflow_DBT/airflow/airflow_env/lib/python3.11/site-packages/airflow/example_dags/example_datasets.py
[2026-03-11T04:53:03.314+0530] {processor.py:830} INFO - Processing file /Users/aswin/Documents/data-engineering-practice/ETL_Airflow_DBT/airflow/airflow_env/lib/python3.11/site-packages/airflow/example_dags/example_datasets.py for tasks to queue
[2026-03-11T04:53:03.314+0530] {logging_mixin.py:188} INFO - [2026-03-11T04:53:03.314+0530] {dagbag.py:540} INFO - Filling up the DagBag from /Users/aswin/Documents/data-engineering-practice/ETL_Airflow_DBT/airflow/airflow_env/lib/python3.11/site-packages/airflow/example_dags/example_datasets.py
[2026-03-11T04:53:03.331+0530] {processor.py:840} INFO - DAG(s) 'dataset_consumes_1_never_scheduled', 'dataset_consumes_1', 'dataset_consumes_1_and_2', 'consume_1_and_2_with_dataset_expressions', 'consume_1_or_both_2_and_3_with_dataset_expressions', 'dataset_produces_2', 'dataset_consumes_unknown_never_scheduled', 'conditional_dataset_and_time_based_timetable', 'consume_1_or_2_with_dataset_expressions', 'dataset_produces_1' retrieved from /Users/aswin/Documents/data-engineering-practice/ETL_Airflow_DBT/airflow/airflow_env/lib/python3.11/site-packages/airflow/example_dags/example_datasets.py
[2026-03-11T04:53:03.367+0530] {logging_mixin.py:188} INFO - [2026-03-11T04:53:03.367+0530] {dag.py:3096} INFO - Sync 10 DAGs
[2026-03-11T04:53:03.373+0530] {logging_mixin.py:188} INFO - [2026-03-11T04:53:03.373+0530] {dag.py:3954} INFO - Setting next_dagrun for conditional_dataset_and_time_based_timetable to 2026-03-04 01:00:00+00:00, run_after=2026-03-04 01:00:00+00:00
[2026-03-11T04:53:03.374+0530] {logging_mixin.py:188} INFO - [2026-03-11T04:53:03.374+0530] {dag.py:3954} INFO - Setting next_dagrun for consume_1_and_2_with_dataset_expressions to None, run_after=None
[2026-03-11T04:53:03.374+0530] {logging_mixin.py:188} INFO - [2026-03-11T04:53:03.374+0530] {dag.py:3954} INFO - Setting next_dagrun for consume_1_or_2_with_dataset_expressions to None, run_after=None
[2026-03-11T04:53:03.374+0530] {logging_mixin.py:188} INFO - [2026-03-11T04:53:03.374+0530] {dag.py:3954} INFO - Setting next_dagrun for consume_1_or_both_2_and_3_with_dataset_expressions to None, run_after=None
[2026-03-11T04:53:03.375+0530] {logging_mixin.py:188} INFO - [2026-03-11T04:53:03.375+0530] {dag.py:3954} INFO - Setting next_dagrun for dataset_consumes_1 to None, run_after=None
[2026-03-11T04:53:03.375+0530] {logging_mixin.py:188} INFO - [2026-03-11T04:53:03.375+0530] {dag.py:3954} INFO - Setting next_dagrun for dataset_consumes_1_and_2 to None, run_after=None
[2026-03-11T04:53:03.375+0530] {logging_mixin.py:188} INFO - [2026-03-11T04:53:03.375+0530] {dag.py:3954} INFO - Setting next_dagrun for dataset_consumes_1_never_scheduled to None, run_after=None
[2026-03-11T04:53:03.375+0530] {logging_mixin.py:188} INFO - [2026-03-11T04:53:03.375+0530] {dag.py:3954} INFO - Setting next_dagrun for dataset_consumes_unknown_never_scheduled to None, run_after=None
[2026-03-11T04:53:03.376+0530] {logging_mixin.py:188} INFO - [2026-03-11T04:53:03.376+0530] {dag.py:3954} INFO - Setting next_dagrun for dataset_produces_1 to 2026-03-09 00:00:00+00:00, run_after=2026-03-10 00:00:00+00:00
[2026-03-11T04:53:03.376+0530] {logging_mixin.py:188} INFO - [2026-03-11T04:53:03.376+0530] {dag.py:3954} INFO - Setting next_dagrun for dataset_produces_2 to None, run_after=None
[2026-03-11T04:53:03.384+0530] {processor.py:183} INFO - Processing /Users/aswin/Documents/data-engineering-practice/ETL_Airflow_DBT/airflow/airflow_env/lib/python3.11/site-packages/airflow/example_dags/example_datasets.py took 0.072 seconds
[2026-03-11T04:54:37.511+0530] {processor.py:161} INFO - Started process (PID=32839) to work on /Users/aswin/Documents/data-engineering-practice/ETL_Airflow_DBT/airflow/airflow_env/lib/python3.11/site-packages/airflow/example_dags/example_datasets.py
[2026-03-11T04:54:37.512+0530] {processor.py:830} INFO - Processing file /Users/aswin/Documents/data-engineering-practice/ETL_Airflow_DBT/airflow/airflow_env/lib/python3.11/site-packages/airflow/example_dags/example_datasets.py for tasks to queue
[2026-03-11T04:54:37.512+0530] {logging_mixin.py:188} INFO - [2026-03-11T04:54:37.512+0530] {dagbag.py:540} INFO - Filling up the DagBag from /Users/aswin/Documents/data-engineering-practice/ETL_Airflow_DBT/airflow/airflow_env/lib/python3.11/site-packages/airflow/example_dags/example_datasets.py
[2026-03-11T04:54:37.530+0530] {processor.py:840} INFO - DAG(s) 'dataset_consumes_1_and_2', 'consume_1_or_2_with_dataset_expressions', 'dataset_consumes_1_never_scheduled', 'dataset_consumes_unknown_never_scheduled', 'consume_1_and_2_with_dataset_expressions', 'conditional_dataset_and_time_based_timetable', 'consume_1_or_both_2_and_3_with_dataset_expressions', 'dataset_produces_1', 'dataset_produces_2', 'dataset_consumes_1' retrieved from /Users/aswin/Documents/data-engineering-practice/ETL_Airflow_DBT/airflow/airflow_env/lib/python3.11/site-packages/airflow/example_dags/example_datasets.py
[2026-03-11T04:54:37.565+0530] {logging_mixin.py:188} INFO - [2026-03-11T04:54:37.565+0530] {dag.py:3096} INFO - Sync 10 DAGs
[2026-03-11T04:54:37.571+0530] {logging_mixin.py:188} INFO - [2026-03-11T04:54:37.571+0530] {dag.py:3954} INFO - Setting next_dagrun for conditional_dataset_and_time_based_timetable to 2026-03-04 01:00:00+00:00, run_after=2026-03-04 01:00:00+00:00
[2026-03-11T04:54:37.572+0530] {logging_mixin.py:188} INFO - [2026-03-11T04:54:37.572+0530] {dag.py:3954} INFO - Setting next_dagrun for consume_1_and_2_with_dataset_expressions to None, run_after=None
[2026-03-11T04:54:37.573+0530] {logging_mixin.py:188} INFO - [2026-03-11T04:54:37.573+0530] {dag.py:3954} INFO - Setting next_dagrun for consume_1_or_2_with_dataset_expressions to None, run_after=None
[2026-03-11T04:54:37.573+0530] {logging_mixin.py:188} INFO - [2026-03-11T04:54:37.573+0530] {dag.py:3954} INFO - Setting next_dagrun for consume_1_or_both_2_and_3_with_dataset_expressions to None, run_after=None
[2026-03-11T04:54:37.573+0530] {logging_mixin.py:188} INFO - [2026-03-11T04:54:37.573+0530] {dag.py:3954} INFO - Setting next_dagrun for dataset_consumes_1 to None, run_after=None
[2026-03-11T04:54:37.573+0530] {logging_mixin.py:188} INFO - [2026-03-11T04:54:37.573+0530] {dag.py:3954} INFO - Setting next_dagrun for dataset_consumes_1_and_2 to None, run_after=None
[2026-03-11T04:54:37.573+0530] {logging_mixin.py:188} INFO - [2026-03-11T04:54:37.573+0530] {dag.py:3954} INFO - Setting next_dagrun for dataset_consumes_1_never_scheduled to None, run_after=None
[2026-03-11T04:54:37.574+0530] {logging_mixin.py:188} INFO - [2026-03-11T04:54:37.574+0530] {dag.py:3954} INFO - Setting next_dagrun for dataset_consumes_unknown_never_scheduled to None, run_after=None
[2026-03-11T04:54:37.574+0530] {logging_mixin.py:188} INFO - [2026-03-11T04:54:37.574+0530] {dag.py:3954} INFO - Setting next_dagrun for dataset_produces_1 to 2026-03-09 00:00:00+00:00, run_after=2026-03-10 00:00:00+00:00
[2026-03-11T04:54:37.575+0530] {logging_mixin.py:188} INFO - [2026-03-11T04:54:37.574+0530] {dag.py:3954} INFO - Setting next_dagrun for dataset_produces_2 to None, run_after=None
[2026-03-11T04:54:37.582+0530] {processor.py:183} INFO - Processing /Users/aswin/Documents/data-engineering-practice/ETL_Airflow_DBT/airflow/airflow_env/lib/python3.11/site-packages/airflow/example_dags/example_datasets.py took 0.073 seconds
[2026-03-11T04:56:07.901+0530] {processor.py:161} INFO - Started process (PID=32926) to work on /Users/aswin/Documents/data-engineering-practice/ETL_Airflow_DBT/airflow/airflow_env/lib/python3.11/site-packages/airflow/example_dags/example_datasets.py
[2026-03-11T04:56:07.901+0530] {processor.py:830} INFO - Processing file /Users/aswin/Documents/data-engineering-practice/ETL_Airflow_DBT/airflow/airflow_env/lib/python3.11/site-packages/airflow/example_dags/example_datasets.py for tasks to queue
[2026-03-11T04:56:07.901+0530] {logging_mixin.py:188} INFO - [2026-03-11T04:56:07.901+0530] {dagbag.py:540} INFO - Filling up the DagBag from /Users/aswin/Documents/data-engineering-practice/ETL_Airflow_DBT/airflow/airflow_env/lib/python3.11/site-packages/airflow/example_dags/example_datasets.py
[2026-03-11T04:56:07.919+0530] {processor.py:840} INFO - DAG(s) 'consume_1_or_2_with_dataset_expressions', 'dataset_consumes_1_and_2', 'consume_1_or_both_2_and_3_with_dataset_expressions', 'dataset_consumes_unknown_never_scheduled', 'dataset_consumes_1', 'dataset_consumes_1_never_scheduled', 'dataset_produces_1', 'conditional_dataset_and_time_based_timetable', 'consume_1_and_2_with_dataset_expressions', 'dataset_produces_2' retrieved from /Users/aswin/Documents/data-engineering-practice/ETL_Airflow_DBT/airflow/airflow_env/lib/python3.11/site-packages/airflow/example_dags/example_datasets.py
[2026-03-11T04:56:07.954+0530] {logging_mixin.py:188} INFO - [2026-03-11T04:56:07.954+0530] {dag.py:3096} INFO - Sync 10 DAGs
[2026-03-11T04:56:07.960+0530] {logging_mixin.py:188} INFO - [2026-03-11T04:56:07.960+0530] {dag.py:3954} INFO - Setting next_dagrun for conditional_dataset_and_time_based_timetable to 2026-03-04 01:00:00+00:00, run_after=2026-03-04 01:00:00+00:00
[2026-03-11T04:56:07.961+0530] {logging_mixin.py:188} INFO - [2026-03-11T04:56:07.961+0530] {dag.py:3954} INFO - Setting next_dagrun for consume_1_and_2_with_dataset_expressions to None, run_after=None
[2026-03-11T04:56:07.962+0530] {logging_mixin.py:188} INFO - [2026-03-11T04:56:07.962+0530] {dag.py:3954} INFO - Setting next_dagrun for consume_1_or_2_with_dataset_expressions to None, run_after=None
[2026-03-11T04:56:07.962+0530] {logging_mixin.py:188} INFO - [2026-03-11T04:56:07.962+0530] {dag.py:3954} INFO - Setting next_dagrun for consume_1_or_both_2_and_3_with_dataset_expressions to None, run_after=None
[2026-03-11T04:56:07.962+0530] {logging_mixin.py:188} INFO - [2026-03-11T04:56:07.962+0530] {dag.py:3954} INFO - Setting next_dagrun for dataset_consumes_1 to None, run_after=None
[2026-03-11T04:56:07.962+0530] {logging_mixin.py:188} INFO - [2026-03-11T04:56:07.962+0530] {dag.py:3954} INFO - Setting next_dagrun for dataset_consumes_1_and_2 to None, run_after=None
[2026-03-11T04:56:07.963+0530] {logging_mixin.py:188} INFO - [2026-03-11T04:56:07.963+0530] {dag.py:3954} INFO - Setting next_dagrun for dataset_consumes_1_never_scheduled to None, run_after=None
[2026-03-11T04:56:07.963+0530] {logging_mixin.py:188} INFO - [2026-03-11T04:56:07.963+0530] {dag.py:3954} INFO - Setting next_dagrun for dataset_consumes_unknown_never_scheduled to None, run_after=None
[2026-03-11T04:56:07.963+0530] {logging_mixin.py:188} INFO - [2026-03-11T04:56:07.963+0530] {dag.py:3954} INFO - Setting next_dagrun for dataset_produces_1 to 2026-03-09 00:00:00+00:00, run_after=2026-03-10 00:00:00+00:00
[2026-03-11T04:56:07.964+0530] {logging_mixin.py:188} INFO - [2026-03-11T04:56:07.964+0530] {dag.py:3954} INFO - Setting next_dagrun for dataset_produces_2 to None, run_after=None
[2026-03-11T04:56:07.972+0530] {processor.py:183} INFO - Processing /Users/aswin/Documents/data-engineering-practice/ETL_Airflow_DBT/airflow/airflow_env/lib/python3.11/site-packages/airflow/example_dags/example_datasets.py took 0.072 seconds
[2026-03-11T04:57:36.222+0530] {processor.py:161} INFO - Started process (PID=32995) to work on /Users/aswin/Documents/data-engineering-practice/ETL_Airflow_DBT/airflow/airflow_env/lib/python3.11/site-packages/airflow/example_dags/example_datasets.py
[2026-03-11T04:57:36.223+0530] {processor.py:830} INFO - Processing file /Users/aswin/Documents/data-engineering-practice/ETL_Airflow_DBT/airflow/airflow_env/lib/python3.11/site-packages/airflow/example_dags/example_datasets.py for tasks to queue
[2026-03-11T04:57:36.224+0530] {logging_mixin.py:188} INFO - [2026-03-11T04:57:36.223+0530] {dagbag.py:540} INFO - Filling up the DagBag from /Users/aswin/Documents/data-engineering-practice/ETL_Airflow_DBT/airflow/airflow_env/lib/python3.11/site-packages/airflow/example_dags/example_datasets.py
[2026-03-11T04:57:36.241+0530] {processor.py:840} INFO - DAG(s) 'dataset_consumes_1', 'dataset_consumes_unknown_never_scheduled', 'consume_1_or_2_with_dataset_expressions', 'dataset_consumes_1_never_scheduled', 'dataset_produces_2', 'consume_1_and_2_with_dataset_expressions', 'conditional_dataset_and_time_based_timetable', 'dataset_produces_1', 'consume_1_or_both_2_and_3_with_dataset_expressions', 'dataset_consumes_1_and_2' retrieved from /Users/aswin/Documents/data-engineering-practice/ETL_Airflow_DBT/airflow/airflow_env/lib/python3.11/site-packages/airflow/example_dags/example_datasets.py
[2026-03-11T04:57:36.276+0530] {logging_mixin.py:188} INFO - [2026-03-11T04:57:36.276+0530] {dag.py:3096} INFO - Sync 10 DAGs
[2026-03-11T04:57:36.282+0530] {logging_mixin.py:188} INFO - [2026-03-11T04:57:36.282+0530] {dag.py:3954} INFO - Setting next_dagrun for conditional_dataset_and_time_based_timetable to 2026-03-04 01:00:00+00:00, run_after=2026-03-04 01:00:00+00:00
[2026-03-11T04:57:36.283+0530] {logging_mixin.py:188} INFO - [2026-03-11T04:57:36.283+0530] {dag.py:3954} INFO - Setting next_dagrun for consume_1_and_2_with_dataset_expressions to None, run_after=None
[2026-03-11T04:57:36.283+0530] {logging_mixin.py:188} INFO - [2026-03-11T04:57:36.283+0530] {dag.py:3954} INFO - Setting next_dagrun for consume_1_or_2_with_dataset_expressions to None, run_after=None
[2026-03-11T04:57:36.284+0530] {logging_mixin.py:188} INFO - [2026-03-11T04:57:36.283+0530] {dag.py:3954} INFO - Setting next_dagrun for consume_1_or_both_2_and_3_with_dataset_expressions to None, run_after=None
[2026-03-11T04:57:36.284+0530] {logging_mixin.py:188} INFO - [2026-03-11T04:57:36.284+0530] {dag.py:3954} INFO - Setting next_dagrun for dataset_consumes_1 to None, run_after=None
[2026-03-11T04:57:36.284+0530] {logging_mixin.py:188} INFO - [2026-03-11T04:57:36.284+0530] {dag.py:3954} INFO - Setting next_dagrun for dataset_consumes_1_and_2 to None, run_after=None
[2026-03-11T04:57:36.284+0530] {logging_mixin.py:188} INFO - [2026-03-11T04:57:36.284+0530] {dag.py:3954} INFO - Setting next_dagrun for dataset_consumes_1_never_scheduled to None, run_after=None
[2026-03-11T04:57:36.284+0530] {logging_mixin.py:188} INFO - [2026-03-11T04:57:36.284+0530] {dag.py:3954} INFO - Setting next_dagrun for dataset_consumes_unknown_never_scheduled to None, run_after=None
[2026-03-11T04:57:36.285+0530] {logging_mixin.py:188} INFO - [2026-03-11T04:57:36.285+0530] {dag.py:3954} INFO - Setting next_dagrun for dataset_produces_1 to 2026-03-09 00:00:00+00:00, run_after=2026-03-10 00:00:00+00:00
[2026-03-11T04:57:36.285+0530] {logging_mixin.py:188} INFO - [2026-03-11T04:57:36.285+0530] {dag.py:3954} INFO - Setting next_dagrun for dataset_produces_2 to None, run_after=None
[2026-03-11T04:57:36.293+0530] {processor.py:183} INFO - Processing /Users/aswin/Documents/data-engineering-practice/ETL_Airflow_DBT/airflow/airflow_env/lib/python3.11/site-packages/airflow/example_dags/example_datasets.py took 0.072 seconds
[2026-03-11T04:59:08.873+0530] {processor.py:161} INFO - Started process (PID=33072) to work on /Users/aswin/Documents/data-engineering-practice/ETL_Airflow_DBT/airflow/airflow_env/lib/python3.11/site-packages/airflow/example_dags/example_datasets.py
[2026-03-11T04:59:08.874+0530] {processor.py:830} INFO - Processing file /Users/aswin/Documents/data-engineering-practice/ETL_Airflow_DBT/airflow/airflow_env/lib/python3.11/site-packages/airflow/example_dags/example_datasets.py for tasks to queue
[2026-03-11T04:59:08.874+0530] {logging_mixin.py:188} INFO - [2026-03-11T04:59:08.874+0530] {dagbag.py:540} INFO - Filling up the DagBag from /Users/aswin/Documents/data-engineering-practice/ETL_Airflow_DBT/airflow/airflow_env/lib/python3.11/site-packages/airflow/example_dags/example_datasets.py
[2026-03-11T04:59:08.892+0530] {processor.py:840} INFO - DAG(s) 'consume_1_or_both_2_and_3_with_dataset_expressions', 'dataset_consumes_1_and_2', 'consume_1_and_2_with_dataset_expressions', 'consume_1_or_2_with_dataset_expressions', 'dataset_consumes_unknown_never_scheduled', 'dataset_consumes_1', 'dataset_produces_2', 'conditional_dataset_and_time_based_timetable', 'dataset_produces_1', 'dataset_consumes_1_never_scheduled' retrieved from /Users/aswin/Documents/data-engineering-practice/ETL_Airflow_DBT/airflow/airflow_env/lib/python3.11/site-packages/airflow/example_dags/example_datasets.py
[2026-03-11T04:59:08.927+0530] {logging_mixin.py:188} INFO - [2026-03-11T04:59:08.927+0530] {dag.py:3096} INFO - Sync 10 DAGs
[2026-03-11T04:59:08.933+0530] {logging_mixin.py:188} INFO - [2026-03-11T04:59:08.933+0530] {dag.py:3954} INFO - Setting next_dagrun for conditional_dataset_and_time_based_timetable to 2026-03-04 01:00:00+00:00, run_after=2026-03-04 01:00:00+00:00
[2026-03-11T04:59:08.934+0530] {logging_mixin.py:188} INFO - [2026-03-11T04:59:08.934+0530] {dag.py:3954} INFO - Setting next_dagrun for consume_1_and_2_with_dataset_expressions to None, run_after=None
[2026-03-11T04:59:08.935+0530] {logging_mixin.py:188} INFO - [2026-03-11T04:59:08.934+0530] {dag.py:3954} INFO - Setting next_dagrun for consume_1_or_2_with_dataset_expressions to None, run_after=None
[2026-03-11T04:59:08.935+0530] {logging_mixin.py:188} INFO - [2026-03-11T04:59:08.935+0530] {dag.py:3954} INFO - Setting next_dagrun for consume_1_or_both_2_and_3_with_dataset_expressions to None, run_after=None
[2026-03-11T04:59:08.935+0530] {logging_mixin.py:188} INFO - [2026-03-11T04:59:08.935+0530] {dag.py:3954} INFO - Setting next_dagrun for dataset_consumes_1 to None, run_after=None
[2026-03-11T04:59:08.935+0530] {logging_mixin.py:188} INFO - [2026-03-11T04:59:08.935+0530] {dag.py:3954} INFO - Setting next_dagrun for dataset_consumes_1_and_2 to None, run_after=None
[2026-03-11T04:59:08.935+0530] {logging_mixin.py:188} INFO - [2026-03-11T04:59:08.935+0530] {dag.py:3954} INFO - Setting next_dagrun for dataset_consumes_1_never_scheduled to None, run_after=None
[2026-03-11T04:59:08.936+0530] {logging_mixin.py:188} INFO - [2026-03-11T04:59:08.936+0530] {dag.py:3954} INFO - Setting next_dagrun for dataset_consumes_unknown_never_scheduled to None, run_after=None
[2026-03-11T04:59:08.936+0530] {logging_mixin.py:188} INFO - [2026-03-11T04:59:08.936+0530] {dag.py:3954} INFO - Setting next_dagrun for dataset_produces_1 to 2026-03-09 00:00:00+00:00, run_after=2026-03-10 00:00:00+00:00
[2026-03-11T04:59:08.936+0530] {logging_mixin.py:188} INFO - [2026-03-11T04:59:08.936+0530] {dag.py:3954} INFO - Setting next_dagrun for dataset_produces_2 to None, run_after=None
[2026-03-11T04:59:08.944+0530] {processor.py:183} INFO - Processing /Users/aswin/Documents/data-engineering-practice/ETL_Airflow_DBT/airflow/airflow_env/lib/python3.11/site-packages/airflow/example_dags/example_datasets.py took 0.072 seconds
[2026-03-11T05:00:38.236+0530] {processor.py:161} INFO - Started process (PID=33142) to work on /Users/aswin/Documents/data-engineering-practice/ETL_Airflow_DBT/airflow/airflow_env/lib/python3.11/site-packages/airflow/example_dags/example_datasets.py
[2026-03-11T05:00:38.237+0530] {processor.py:830} INFO - Processing file /Users/aswin/Documents/data-engineering-practice/ETL_Airflow_DBT/airflow/airflow_env/lib/python3.11/site-packages/airflow/example_dags/example_datasets.py for tasks to queue
[2026-03-11T05:00:38.238+0530] {logging_mixin.py:188} INFO - [2026-03-11T05:00:38.238+0530] {dagbag.py:540} INFO - Filling up the DagBag from /Users/aswin/Documents/data-engineering-practice/ETL_Airflow_DBT/airflow/airflow_env/lib/python3.11/site-packages/airflow/example_dags/example_datasets.py
[2026-03-11T05:00:38.255+0530] {processor.py:840} INFO - DAG(s) 'dataset_produces_1', 'dataset_consumes_1_and_2', 'dataset_produces_2', 'dataset_consumes_unknown_never_scheduled', 'consume_1_or_both_2_and_3_with_dataset_expressions', 'conditional_dataset_and_time_based_timetable', 'consume_1_or_2_with_dataset_expressions', 'dataset_consumes_1_never_scheduled', 'dataset_consumes_1', 'consume_1_and_2_with_dataset_expressions' retrieved from /Users/aswin/Documents/data-engineering-practice/ETL_Airflow_DBT/airflow/airflow_env/lib/python3.11/site-packages/airflow/example_dags/example_datasets.py
[2026-03-11T05:00:38.290+0530] {logging_mixin.py:188} INFO - [2026-03-11T05:00:38.290+0530] {dag.py:3096} INFO - Sync 10 DAGs
[2026-03-11T05:00:38.297+0530] {logging_mixin.py:188} INFO - [2026-03-11T05:00:38.297+0530] {dag.py:3954} INFO - Setting next_dagrun for conditional_dataset_and_time_based_timetable to 2026-03-04 01:00:00+00:00, run_after=2026-03-04 01:00:00+00:00
[2026-03-11T05:00:38.298+0530] {logging_mixin.py:188} INFO - [2026-03-11T05:00:38.298+0530] {dag.py:3954} INFO - Setting next_dagrun for consume_1_and_2_with_dataset_expressions to None, run_after=None
[2026-03-11T05:00:38.298+0530] {logging_mixin.py:188} INFO - [2026-03-11T05:00:38.298+0530] {dag.py:3954} INFO - Setting next_dagrun for consume_1_or_2_with_dataset_expressions to None, run_after=None
[2026-03-11T05:00:38.298+0530] {logging_mixin.py:188} INFO - [2026-03-11T05:00:38.298+0530] {dag.py:3954} INFO - Setting next_dagrun for consume_1_or_both_2_and_3_with_dataset_expressions to None, run_after=None
[2026-03-11T05:00:38.298+0530] {logging_mixin.py:188} INFO - [2026-03-11T05:00:38.298+0530] {dag.py:3954} INFO - Setting next_dagrun for dataset_consumes_1 to None, run_after=None
[2026-03-11T05:00:38.299+0530] {logging_mixin.py:188} INFO - [2026-03-11T05:00:38.299+0530] {dag.py:3954} INFO - Setting next_dagrun for dataset_consumes_1_and_2 to None, run_after=None
[2026-03-11T05:00:38.299+0530] {logging_mixin.py:188} INFO - [2026-03-11T05:00:38.299+0530] {dag.py:3954} INFO - Setting next_dagrun for dataset_consumes_1_never_scheduled to None, run_after=None
[2026-03-11T05:00:38.299+0530] {logging_mixin.py:188} INFO - [2026-03-11T05:00:38.299+0530] {dag.py:3954} INFO - Setting next_dagrun for dataset_consumes_unknown_never_scheduled to None, run_after=None
[2026-03-11T05:00:38.300+0530] {logging_mixin.py:188} INFO - [2026-03-11T05:00:38.300+0530] {dag.py:3954} INFO - Setting next_dagrun for dataset_produces_1 to 2026-03-09 00:00:00+00:00, run_after=2026-03-10 00:00:00+00:00
[2026-03-11T05:00:38.300+0530] {logging_mixin.py:188} INFO - [2026-03-11T05:00:38.300+0530] {dag.py:3954} INFO - Setting next_dagrun for dataset_produces_2 to None, run_after=None
[2026-03-11T05:00:38.308+0530] {processor.py:183} INFO - Processing /Users/aswin/Documents/data-engineering-practice/ETL_Airflow_DBT/airflow/airflow_env/lib/python3.11/site-packages/airflow/example_dags/example_datasets.py took 0.073 seconds
[2026-03-11T05:02:09.930+0530] {processor.py:161} INFO - Started process (PID=33226) to work on /Users/aswin/Documents/data-engineering-practice/ETL_Airflow_DBT/airflow/airflow_env/lib/python3.11/site-packages/airflow/example_dags/example_datasets.py
[2026-03-11T05:02:09.930+0530] {processor.py:830} INFO - Processing file /Users/aswin/Documents/data-engineering-practice/ETL_Airflow_DBT/airflow/airflow_env/lib/python3.11/site-packages/airflow/example_dags/example_datasets.py for tasks to queue
[2026-03-11T05:02:09.931+0530] {logging_mixin.py:188} INFO - [2026-03-11T05:02:09.931+0530] {dagbag.py:540} INFO - Filling up the DagBag from /Users/aswin/Documents/data-engineering-practice/ETL_Airflow_DBT/airflow/airflow_env/lib/python3.11/site-packages/airflow/example_dags/example_datasets.py
[2026-03-11T05:02:09.948+0530] {processor.py:840} INFO - DAG(s) 'dataset_consumes_unknown_never_scheduled', 'conditional_dataset_and_time_based_timetable', 'consume_1_or_2_with_dataset_expressions', 'dataset_consumes_1_never_scheduled', 'dataset_produces_2', 'dataset_consumes_1_and_2', 'consume_1_and_2_with_dataset_expressions', 'dataset_produces_1', 'consume_1_or_both_2_and_3_with_dataset_expressions', 'dataset_consumes_1' retrieved from /Users/aswin/Documents/data-engineering-practice/ETL_Airflow_DBT/airflow/airflow_env/lib/python3.11/site-packages/airflow/example_dags/example_datasets.py
[2026-03-11T05:02:09.983+0530] {logging_mixin.py:188} INFO - [2026-03-11T05:02:09.983+0530] {dag.py:3096} INFO - Sync 10 DAGs
[2026-03-11T05:02:09.990+0530] {logging_mixin.py:188} INFO - [2026-03-11T05:02:09.990+0530] {dag.py:3954} INFO - Setting next_dagrun for conditional_dataset_and_time_based_timetable to 2026-03-04 01:00:00+00:00, run_after=2026-03-04 01:00:00+00:00
[2026-03-11T05:02:09.991+0530] {logging_mixin.py:188} INFO - [2026-03-11T05:02:09.991+0530] {dag.py:3954} INFO - Setting next_dagrun for consume_1_and_2_with_dataset_expressions to None, run_after=None
[2026-03-11T05:02:09.991+0530] {logging_mixin.py:188} INFO - [2026-03-11T05:02:09.991+0530] {dag.py:3954} INFO - Setting next_dagrun for consume_1_or_2_with_dataset_expressions to None, run_after=None
[2026-03-11T05:02:09.991+0530] {logging_mixin.py:188} INFO - [2026-03-11T05:02:09.991+0530] {dag.py:3954} INFO - Setting next_dagrun for consume_1_or_both_2_and_3_with_dataset_expressions to None, run_after=None
[2026-03-11T05:02:09.991+0530] {logging_mixin.py:188} INFO - [2026-03-11T05:02:09.991+0530] {dag.py:3954} INFO - Setting next_dagrun for dataset_consumes_1 to None, run_after=None
[2026-03-11T05:02:09.992+0530] {logging_mixin.py:188} INFO - [2026-03-11T05:02:09.992+0530] {dag.py:3954} INFO - Setting next_dagrun for dataset_consumes_1_and_2 to None, run_after=None
[2026-03-11T05:02:09.992+0530] {logging_mixin.py:188} INFO - [2026-03-11T05:02:09.992+0530] {dag.py:3954} INFO - Setting next_dagrun for dataset_consumes_1_never_scheduled to None, run_after=None
[2026-03-11T05:02:09.992+0530] {logging_mixin.py:188} INFO - [2026-03-11T05:02:09.992+0530] {dag.py:3954} INFO - Setting next_dagrun for dataset_consumes_unknown_never_scheduled to None, run_after=None
[2026-03-11T05:02:09.993+0530] {logging_mixin.py:188} INFO - [2026-03-11T05:02:09.993+0530] {dag.py:3954} INFO - Setting next_dagrun for dataset_produces_1 to 2026-03-09 00:00:00+00:00, run_after=2026-03-10 00:00:00+00:00
[2026-03-11T05:02:09.993+0530] {logging_mixin.py:188} INFO - [2026-03-11T05:02:09.993+0530] {dag.py:3954} INFO - Setting next_dagrun for dataset_produces_2 to None, run_after=None
[2026-03-11T05:02:10.001+0530] {processor.py:183} INFO - Processing /Users/aswin/Documents/data-engineering-practice/ETL_Airflow_DBT/airflow/airflow_env/lib/python3.11/site-packages/airflow/example_dags/example_datasets.py took 0.072 seconds
[2026-03-11T05:03:39.061+0530] {processor.py:161} INFO - Started process (PID=33293) to work on /Users/aswin/Documents/data-engineering-practice/ETL_Airflow_DBT/airflow/airflow_env/lib/python3.11/site-packages/airflow/example_dags/example_datasets.py
[2026-03-11T05:03:39.062+0530] {processor.py:830} INFO - Processing file /Users/aswin/Documents/data-engineering-practice/ETL_Airflow_DBT/airflow/airflow_env/lib/python3.11/site-packages/airflow/example_dags/example_datasets.py for tasks to queue
[2026-03-11T05:03:39.062+0530] {logging_mixin.py:188} INFO - [2026-03-11T05:03:39.062+0530] {dagbag.py:540} INFO - Filling up the DagBag from /Users/aswin/Documents/data-engineering-practice/ETL_Airflow_DBT/airflow/airflow_env/lib/python3.11/site-packages/airflow/example_dags/example_datasets.py
[2026-03-11T05:03:39.079+0530] {processor.py:840} INFO - DAG(s) 'consume_1_or_2_with_dataset_expressions', 'dataset_consumes_unknown_never_scheduled', 'dataset_consumes_1_never_scheduled', 'dataset_produces_2', 'conditional_dataset_and_time_based_timetable', 'dataset_consumes_1', 'dataset_produces_1', 'consume_1_or_both_2_and_3_with_dataset_expressions', 'consume_1_and_2_with_dataset_expressions', 'dataset_consumes_1_and_2' retrieved from /Users/aswin/Documents/data-engineering-practice/ETL_Airflow_DBT/airflow/airflow_env/lib/python3.11/site-packages/airflow/example_dags/example_datasets.py
[2026-03-11T05:03:39.115+0530] {logging_mixin.py:188} INFO - [2026-03-11T05:03:39.115+0530] {dag.py:3096} INFO - Sync 10 DAGs
[2026-03-11T05:03:39.121+0530] {logging_mixin.py:188} INFO - [2026-03-11T05:03:39.121+0530] {dag.py:3954} INFO - Setting next_dagrun for conditional_dataset_and_time_based_timetable to 2026-03-04 01:00:00+00:00, run_after=2026-03-04 01:00:00+00:00
[2026-03-11T05:03:39.122+0530] {logging_mixin.py:188} INFO - [2026-03-11T05:03:39.122+0530] {dag.py:3954} INFO - Setting next_dagrun for consume_1_and_2_with_dataset_expressions to None, run_after=None
[2026-03-11T05:03:39.122+0530] {logging_mixin.py:188} INFO - [2026-03-11T05:03:39.122+0530] {dag.py:3954} INFO - Setting next_dagrun for consume_1_or_2_with_dataset_expressions to None, run_after=None
[2026-03-11T05:03:39.122+0530] {logging_mixin.py:188} INFO - [2026-03-11T05:03:39.122+0530] {dag.py:3954} INFO - Setting next_dagrun for consume_1_or_both_2_and_3_with_dataset_expressions to None, run_after=None
[2026-03-11T05:03:39.123+0530] {logging_mixin.py:188} INFO - [2026-03-11T05:03:39.123+0530] {dag.py:3954} INFO - Setting next_dagrun for dataset_consumes_1 to None, run_after=None
[2026-03-11T05:03:39.123+0530] {logging_mixin.py:188} INFO - [2026-03-11T05:03:39.123+0530] {dag.py:3954} INFO - Setting next_dagrun for dataset_consumes_1_and_2 to None, run_after=None
[2026-03-11T05:03:39.123+0530] {logging_mixin.py:188} INFO - [2026-03-11T05:03:39.123+0530] {dag.py:3954} INFO - Setting next_dagrun for dataset_consumes_1_never_scheduled to None, run_after=None
[2026-03-11T05:03:39.123+0530] {logging_mixin.py:188} INFO - [2026-03-11T05:03:39.123+0530] {dag.py:3954} INFO - Setting next_dagrun for dataset_consumes_unknown_never_scheduled to None, run_after=None
[2026-03-11T05:03:39.124+0530] {logging_mixin.py:188} INFO - [2026-03-11T05:03:39.124+0530] {dag.py:3954} INFO - Setting next_dagrun for dataset_produces_1 to 2026-03-09 00:00:00+00:00, run_after=2026-03-10 00:00:00+00:00
[2026-03-11T05:03:39.124+0530] {logging_mixin.py:188} INFO - [2026-03-11T05:03:39.124+0530] {dag.py:3954} INFO - Setting next_dagrun for dataset_produces_2 to None, run_after=None
[2026-03-11T05:03:39.132+0530] {processor.py:183} INFO - Processing /Users/aswin/Documents/data-engineering-practice/ETL_Airflow_DBT/airflow/airflow_env/lib/python3.11/site-packages/airflow/example_dags/example_datasets.py took 0.072 seconds
[2026-03-11T05:05:07.958+0530] {processor.py:161} INFO - Started process (PID=33364) to work on /Users/aswin/Documents/data-engineering-practice/ETL_Airflow_DBT/airflow/airflow_env/lib/python3.11/site-packages/airflow/example_dags/example_datasets.py
[2026-03-11T05:05:07.959+0530] {processor.py:830} INFO - Processing file /Users/aswin/Documents/data-engineering-practice/ETL_Airflow_DBT/airflow/airflow_env/lib/python3.11/site-packages/airflow/example_dags/example_datasets.py for tasks to queue
[2026-03-11T05:05:07.959+0530] {logging_mixin.py:188} INFO - [2026-03-11T05:05:07.959+0530] {dagbag.py:540} INFO - Filling up the DagBag from /Users/aswin/Documents/data-engineering-practice/ETL_Airflow_DBT/airflow/airflow_env/lib/python3.11/site-packages/airflow/example_dags/example_datasets.py
[2026-03-11T05:05:07.976+0530] {processor.py:840} INFO - DAG(s) 'dataset_produces_2', 'dataset_consumes_unknown_never_scheduled', 'consume_1_or_both_2_and_3_with_dataset_expressions', 'dataset_consumes_1_never_scheduled', 'dataset_consumes_1', 'conditional_dataset_and_time_based_timetable', 'dataset_consumes_1_and_2', 'dataset_produces_1', 'consume_1_and_2_with_dataset_expressions', 'consume_1_or_2_with_dataset_expressions' retrieved from /Users/aswin/Documents/data-engineering-practice/ETL_Airflow_DBT/airflow/airflow_env/lib/python3.11/site-packages/airflow/example_dags/example_datasets.py
[2026-03-11T05:05:08.012+0530] {logging_mixin.py:188} INFO - [2026-03-11T05:05:08.012+0530] {dag.py:3096} INFO - Sync 10 DAGs
[2026-03-11T05:05:08.018+0530] {logging_mixin.py:188} INFO - [2026-03-11T05:05:08.018+0530] {dag.py:3954} INFO - Setting next_dagrun for conditional_dataset_and_time_based_timetable to 2026-03-04 01:00:00+00:00, run_after=2026-03-04 01:00:00+00:00
[2026-03-11T05:05:08.019+0530] {logging_mixin.py:188} INFO - [2026-03-11T05:05:08.019+0530] {dag.py:3954} INFO - Setting next_dagrun for consume_1_and_2_with_dataset_expressions to None, run_after=None
[2026-03-11T05:05:08.019+0530] {logging_mixin.py:188} INFO - [2026-03-11T05:05:08.019+0530] {dag.py:3954} INFO - Setting next_dagrun for consume_1_or_2_with_dataset_expressions to None, run_after=None
[2026-03-11T05:05:08.019+0530] {logging_mixin.py:188} INFO - [2026-03-11T05:05:08.019+0530] {dag.py:3954} INFO - Setting next_dagrun for consume_1_or_both_2_and_3_with_dataset_expressions to None, run_after=None
[2026-03-11T05:05:08.020+0530] {logging_mixin.py:188} INFO - [2026-03-11T05:05:08.019+0530] {dag.py:3954} INFO - Setting next_dagrun for dataset_consumes_1 to None, run_after=None
[2026-03-11T05:05:08.020+0530] {logging_mixin.py:188} INFO - [2026-03-11T05:05:08.020+0530] {dag.py:3954} INFO - Setting next_dagrun for dataset_consumes_1_and_2 to None, run_after=None
[2026-03-11T05:05:08.020+0530] {logging_mixin.py:188} INFO - [2026-03-11T05:05:08.020+0530] {dag.py:3954} INFO - Setting next_dagrun for dataset_consumes_1_never_scheduled to None, run_after=None
[2026-03-11T05:05:08.020+0530] {logging_mixin.py:188} INFO - [2026-03-11T05:05:08.020+0530] {dag.py:3954} INFO - Setting next_dagrun for dataset_consumes_unknown_never_scheduled to None, run_after=None
[2026-03-11T05:05:08.021+0530] {logging_mixin.py:188} INFO - [2026-03-11T05:05:08.021+0530] {dag.py:3954} INFO - Setting next_dagrun for dataset_produces_1 to 2026-03-09 00:00:00+00:00, run_after=2026-03-10 00:00:00+00:00
[2026-03-11T05:05:08.021+0530] {logging_mixin.py:188} INFO - [2026-03-11T05:05:08.021+0530] {dag.py:3954} INFO - Setting next_dagrun for dataset_produces_2 to None, run_after=None
[2026-03-11T05:05:08.029+0530] {processor.py:183} INFO - Processing /Users/aswin/Documents/data-engineering-practice/ETL_Airflow_DBT/airflow/airflow_env/lib/python3.11/site-packages/airflow/example_dags/example_datasets.py took 0.072 seconds
[2026-03-11T05:06:37.741+0530] {processor.py:161} INFO - Started process (PID=33441) to work on /Users/aswin/Documents/data-engineering-practice/ETL_Airflow_DBT/airflow/airflow_env/lib/python3.11/site-packages/airflow/example_dags/example_datasets.py
[2026-03-11T05:06:37.742+0530] {processor.py:830} INFO - Processing file /Users/aswin/Documents/data-engineering-practice/ETL_Airflow_DBT/airflow/airflow_env/lib/python3.11/site-packages/airflow/example_dags/example_datasets.py for tasks to queue
[2026-03-11T05:06:37.742+0530] {logging_mixin.py:188} INFO - [2026-03-11T05:06:37.742+0530] {dagbag.py:540} INFO - Filling up the DagBag from /Users/aswin/Documents/data-engineering-practice/ETL_Airflow_DBT/airflow/airflow_env/lib/python3.11/site-packages/airflow/example_dags/example_datasets.py
[2026-03-11T05:06:37.760+0530] {processor.py:840} INFO - DAG(s) 'dataset_consumes_1_and_2', 'dataset_produces_2', 'dataset_consumes_1_never_scheduled', 'consume_1_and_2_with_dataset_expressions', 'consume_1_or_2_with_dataset_expressions', 'conditional_dataset_and_time_based_timetable', 'dataset_consumes_unknown_never_scheduled', 'dataset_produces_1', 'dataset_consumes_1', 'consume_1_or_both_2_and_3_with_dataset_expressions' retrieved from /Users/aswin/Documents/data-engineering-practice/ETL_Airflow_DBT/airflow/airflow_env/lib/python3.11/site-packages/airflow/example_dags/example_datasets.py
[2026-03-11T05:06:37.795+0530] {logging_mixin.py:188} INFO - [2026-03-11T05:06:37.795+0530] {dag.py:3096} INFO - Sync 10 DAGs
[2026-03-11T05:06:37.801+0530] {logging_mixin.py:188} INFO - [2026-03-11T05:06:37.801+0530] {dag.py:3954} INFO - Setting next_dagrun for conditional_dataset_and_time_based_timetable to 2026-03-04 01:00:00+00:00, run_after=2026-03-04 01:00:00+00:00
[2026-03-11T05:06:37.802+0530] {logging_mixin.py:188} INFO - [2026-03-11T05:06:37.802+0530] {dag.py:3954} INFO - Setting next_dagrun for consume_1_and_2_with_dataset_expressions to None, run_after=None
[2026-03-11T05:06:37.802+0530] {logging_mixin.py:188} INFO - [2026-03-11T05:06:37.802+0530] {dag.py:3954} INFO - Setting next_dagrun for consume_1_or_2_with_dataset_expressions to None, run_after=None
[2026-03-11T05:06:37.803+0530] {logging_mixin.py:188} INFO - [2026-03-11T05:06:37.803+0530] {dag.py:3954} INFO - Setting next_dagrun for consume_1_or_both_2_and_3_with_dataset_expressions to None, run_after=None
[2026-03-11T05:06:37.803+0530] {logging_mixin.py:188} INFO - [2026-03-11T05:06:37.803+0530] {dag.py:3954} INFO - Setting next_dagrun for dataset_consumes_1 to None, run_after=None
[2026-03-11T05:06:37.803+0530] {logging_mixin.py:188} INFO - [2026-03-11T05:06:37.803+0530] {dag.py:3954} INFO - Setting next_dagrun for dataset_consumes_1_and_2 to None, run_after=None
[2026-03-11T05:06:37.803+0530] {logging_mixin.py:188} INFO - [2026-03-11T05:06:37.803+0530] {dag.py:3954} INFO - Setting next_dagrun for dataset_consumes_1_never_scheduled to None, run_after=None
[2026-03-11T05:06:37.804+0530] {logging_mixin.py:188} INFO - [2026-03-11T05:06:37.804+0530] {dag.py:3954} INFO - Setting next_dagrun for dataset_consumes_unknown_never_scheduled to None, run_after=None
[2026-03-11T05:06:37.804+0530] {logging_mixin.py:188} INFO - [2026-03-11T05:06:37.804+0530] {dag.py:3954} INFO - Setting next_dagrun for dataset_produces_1 to 2026-03-09 00:00:00+00:00, run_after=2026-03-10 00:00:00+00:00
[2026-03-11T05:06:37.805+0530] {logging_mixin.py:188} INFO - [2026-03-11T05:06:37.804+0530] {dag.py:3954} INFO - Setting next_dagrun for dataset_produces_2 to None, run_after=None
[2026-03-11T05:06:37.813+0530] {processor.py:183} INFO - Processing /Users/aswin/Documents/data-engineering-practice/ETL_Airflow_DBT/airflow/airflow_env/lib/python3.11/site-packages/airflow/example_dags/example_datasets.py took 0.073 seconds
[2026-03-11T05:08:06.250+0530] {processor.py:161} INFO - Started process (PID=33512) to work on /Users/aswin/Documents/data-engineering-practice/ETL_Airflow_DBT/airflow/airflow_env/lib/python3.11/site-packages/airflow/example_dags/example_datasets.py
[2026-03-11T05:08:06.250+0530] {processor.py:830} INFO - Processing file /Users/aswin/Documents/data-engineering-practice/ETL_Airflow_DBT/airflow/airflow_env/lib/python3.11/site-packages/airflow/example_dags/example_datasets.py for tasks to queue
[2026-03-11T05:08:06.250+0530] {logging_mixin.py:188} INFO - [2026-03-11T05:08:06.250+0530] {dagbag.py:540} INFO - Filling up the DagBag from /Users/aswin/Documents/data-engineering-practice/ETL_Airflow_DBT/airflow/airflow_env/lib/python3.11/site-packages/airflow/example_dags/example_datasets.py
[2026-03-11T05:08:06.263+0530] {processor.py:840} INFO - DAG(s) 'dataset_consumes_unknown_never_scheduled', 'dataset_consumes_1_never_scheduled', 'dataset_produces_2', 'consume_1_or_both_2_and_3_with_dataset_expressions', 'consume_1_or_2_with_dataset_expressions', 'conditional_dataset_and_time_based_timetable', 'dataset_consumes_1', 'dataset_consumes_1_and_2', 'dataset_produces_1', 'consume_1_and_2_with_dataset_expressions' retrieved from /Users/aswin/Documents/data-engineering-practice/ETL_Airflow_DBT/airflow/airflow_env/lib/python3.11/site-packages/airflow/example_dags/example_datasets.py
[2026-03-11T05:08:06.298+0530] {logging_mixin.py:188} INFO - [2026-03-11T05:08:06.298+0530] {dag.py:3096} INFO - Sync 10 DAGs
[2026-03-11T05:08:06.304+0530] {logging_mixin.py:188} INFO - [2026-03-11T05:08:06.304+0530] {dag.py:3954} INFO - Setting next_dagrun for conditional_dataset_and_time_based_timetable to 2026-03-04 01:00:00+00:00, run_after=2026-03-04 01:00:00+00:00
[2026-03-11T05:08:06.305+0530] {logging_mixin.py:188} INFO - [2026-03-11T05:08:06.305+0530] {dag.py:3954} INFO - Setting next_dagrun for consume_1_and_2_with_dataset_expressions to None, run_after=None
[2026-03-11T05:08:06.306+0530] {logging_mixin.py:188} INFO - [2026-03-11T05:08:06.306+0530] {dag.py:3954} INFO - Setting next_dagrun for consume_1_or_2_with_dataset_expressions to None, run_after=None
[2026-03-11T05:08:06.306+0530] {logging_mixin.py:188} INFO - [2026-03-11T05:08:06.306+0530] {dag.py:3954} INFO - Setting next_dagrun for consume_1_or_both_2_and_3_with_dataset_expressions to None, run_after=None
[2026-03-11T05:08:06.306+0530] {logging_mixin.py:188} INFO - [2026-03-11T05:08:06.306+0530] {dag.py:3954} INFO - Setting next_dagrun for dataset_consumes_1 to None, run_after=None
[2026-03-11T05:08:06.306+0530] {logging_mixin.py:188} INFO - [2026-03-11T05:08:06.306+0530] {dag.py:3954} INFO - Setting next_dagrun for dataset_consumes_1_and_2 to None, run_after=None
[2026-03-11T05:08:06.307+0530] {logging_mixin.py:188} INFO - [2026-03-11T05:08:06.307+0530] {dag.py:3954} INFO - Setting next_dagrun for dataset_consumes_1_never_scheduled to None, run_after=None
[2026-03-11T05:08:06.307+0530] {logging_mixin.py:188} INFO - [2026-03-11T05:08:06.307+0530] {dag.py:3954} INFO - Setting next_dagrun for dataset_consumes_unknown_never_scheduled to None, run_after=None
[2026-03-11T05:08:06.307+0530] {logging_mixin.py:188} INFO - [2026-03-11T05:08:06.307+0530] {dag.py:3954} INFO - Setting next_dagrun for dataset_produces_1 to 2026-03-09 00:00:00+00:00, run_after=2026-03-10 00:00:00+00:00
[2026-03-11T05:08:06.308+0530] {logging_mixin.py:188} INFO - [2026-03-11T05:08:06.308+0530] {dag.py:3954} INFO - Setting next_dagrun for dataset_produces_2 to None, run_after=None
[2026-03-11T05:08:06.316+0530] {processor.py:183} INFO - Processing /Users/aswin/Documents/data-engineering-practice/ETL_Airflow_DBT/airflow/airflow_env/lib/python3.11/site-packages/airflow/example_dags/example_datasets.py took 0.067 seconds
[2026-03-11T05:12:38.364+0530] {processor.py:161} INFO - Started process (PID=33642) to work on /Users/aswin/Documents/data-engineering-practice/ETL_Airflow_DBT/airflow/airflow_env/lib/python3.11/site-packages/airflow/example_dags/example_datasets.py
[2026-03-11T05:12:38.365+0530] {processor.py:830} INFO - Processing file /Users/aswin/Documents/data-engineering-practice/ETL_Airflow_DBT/airflow/airflow_env/lib/python3.11/site-packages/airflow/example_dags/example_datasets.py for tasks to queue
[2026-03-11T05:12:38.365+0530] {logging_mixin.py:188} INFO - [2026-03-11T05:12:38.365+0530] {dagbag.py:540} INFO - Filling up the DagBag from /Users/aswin/Documents/data-engineering-practice/ETL_Airflow_DBT/airflow/airflow_env/lib/python3.11/site-packages/airflow/example_dags/example_datasets.py
[2026-03-11T05:12:38.383+0530] {processor.py:840} INFO - DAG(s) 'consume_1_or_both_2_and_3_with_dataset_expressions', 'dataset_consumes_1_and_2', 'consume_1_or_2_with_dataset_expressions', 'dataset_consumes_1_never_scheduled', 'dataset_consumes_unknown_never_scheduled', 'dataset_produces_2', 'dataset_consumes_1', 'consume_1_and_2_with_dataset_expressions', 'dataset_produces_1', 'conditional_dataset_and_time_based_timetable' retrieved from /Users/aswin/Documents/data-engineering-practice/ETL_Airflow_DBT/airflow/airflow_env/lib/python3.11/site-packages/airflow/example_dags/example_datasets.py
[2026-03-11T05:12:38.418+0530] {logging_mixin.py:188} INFO - [2026-03-11T05:12:38.418+0530] {dag.py:3096} INFO - Sync 10 DAGs
[2026-03-11T05:12:38.425+0530] {logging_mixin.py:188} INFO - [2026-03-11T05:12:38.425+0530] {dag.py:3954} INFO - Setting next_dagrun for conditional_dataset_and_time_based_timetable to 2026-03-04 01:00:00+00:00, run_after=2026-03-04 01:00:00+00:00
[2026-03-11T05:12:38.426+0530] {logging_mixin.py:188} INFO - [2026-03-11T05:12:38.425+0530] {dag.py:3954} INFO - Setting next_dagrun for consume_1_and_2_with_dataset_expressions to None, run_after=None
[2026-03-11T05:12:38.426+0530] {logging_mixin.py:188} INFO - [2026-03-11T05:12:38.426+0530] {dag.py:3954} INFO - Setting next_dagrun for consume_1_or_2_with_dataset_expressions to None, run_after=None
[2026-03-11T05:12:38.426+0530] {logging_mixin.py:188} INFO - [2026-03-11T05:12:38.426+0530] {dag.py:3954} INFO - Setting next_dagrun for consume_1_or_both_2_and_3_with_dataset_expressions to None, run_after=None
[2026-03-11T05:12:38.426+0530] {logging_mixin.py:188} INFO - [2026-03-11T05:12:38.426+0530] {dag.py:3954} INFO - Setting next_dagrun for dataset_consumes_1 to None, run_after=None
[2026-03-11T05:12:38.426+0530] {logging_mixin.py:188} INFO - [2026-03-11T05:12:38.426+0530] {dag.py:3954} INFO - Setting next_dagrun for dataset_consumes_1_and_2 to None, run_after=None
[2026-03-11T05:12:38.427+0530] {logging_mixin.py:188} INFO - [2026-03-11T05:12:38.427+0530] {dag.py:3954} INFO - Setting next_dagrun for dataset_consumes_1_never_scheduled to None, run_after=None
[2026-03-11T05:12:38.427+0530] {logging_mixin.py:188} INFO - [2026-03-11T05:12:38.427+0530] {dag.py:3954} INFO - Setting next_dagrun for dataset_consumes_unknown_never_scheduled to None, run_after=None
[2026-03-11T05:12:38.428+0530] {logging_mixin.py:188} INFO - [2026-03-11T05:12:38.428+0530] {dag.py:3954} INFO - Setting next_dagrun for dataset_produces_1 to 2026-03-09 00:00:00+00:00, run_after=2026-03-10 00:00:00+00:00
[2026-03-11T05:12:38.428+0530] {logging_mixin.py:188} INFO - [2026-03-11T05:12:38.428+0530] {dag.py:3954} INFO - Setting next_dagrun for dataset_produces_2 to None, run_after=None
[2026-03-11T05:12:38.436+0530] {processor.py:183} INFO - Processing /Users/aswin/Documents/data-engineering-practice/ETL_Airflow_DBT/airflow/airflow_env/lib/python3.11/site-packages/airflow/example_dags/example_datasets.py took 0.073 seconds
[2026-03-11T05:14:17.230+0530] {processor.py:161} INFO - Started process (PID=33732) to work on /Users/aswin/Documents/data-engineering-practice/ETL_Airflow_DBT/airflow/airflow_env/lib/python3.11/site-packages/airflow/example_dags/example_datasets.py
[2026-03-11T05:14:17.231+0530] {processor.py:830} INFO - Processing file /Users/aswin/Documents/data-engineering-practice/ETL_Airflow_DBT/airflow/airflow_env/lib/python3.11/site-packages/airflow/example_dags/example_datasets.py for tasks to queue
[2026-03-11T05:14:17.231+0530] {logging_mixin.py:188} INFO - [2026-03-11T05:14:17.231+0530] {dagbag.py:540} INFO - Filling up the DagBag from /Users/aswin/Documents/data-engineering-practice/ETL_Airflow_DBT/airflow/airflow_env/lib/python3.11/site-packages/airflow/example_dags/example_datasets.py
[2026-03-11T05:14:17.254+0530] {processor.py:840} INFO - DAG(s) 'consume_1_or_both_2_and_3_with_dataset_expressions', 'consume_1_and_2_with_dataset_expressions', 'dataset_produces_2', 'dataset_produces_1', 'dataset_consumes_1_never_scheduled', 'conditional_dataset_and_time_based_timetable', 'consume_1_or_2_with_dataset_expressions', 'dataset_consumes_unknown_never_scheduled', 'dataset_consumes_1_and_2', 'dataset_consumes_1' retrieved from /Users/aswin/Documents/data-engineering-practice/ETL_Airflow_DBT/airflow/airflow_env/lib/python3.11/site-packages/airflow/example_dags/example_datasets.py
[2026-03-11T05:14:17.293+0530] {logging_mixin.py:188} INFO - [2026-03-11T05:14:17.293+0530] {dag.py:3096} INFO - Sync 10 DAGs
[2026-03-11T05:14:17.300+0530] {logging_mixin.py:188} INFO - [2026-03-11T05:14:17.300+0530] {dag.py:3954} INFO - Setting next_dagrun for conditional_dataset_and_time_based_timetable to 2026-03-04 01:00:00+00:00, run_after=2026-03-04 01:00:00+00:00
[2026-03-11T05:14:17.301+0530] {logging_mixin.py:188} INFO - [2026-03-11T05:14:17.301+0530] {dag.py:3954} INFO - Setting next_dagrun for consume_1_and_2_with_dataset_expressions to None, run_after=None
[2026-03-11T05:14:17.301+0530] {logging_mixin.py:188} INFO - [2026-03-11T05:14:17.301+0530] {dag.py:3954} INFO - Setting next_dagrun for consume_1_or_2_with_dataset_expressions to None, run_after=None
[2026-03-11T05:14:17.301+0530] {logging_mixin.py:188} INFO - [2026-03-11T05:14:17.301+0530] {dag.py:3954} INFO - Setting next_dagrun for consume_1_or_both_2_and_3_with_dataset_expressions to None, run_after=None
[2026-03-11T05:14:17.302+0530] {logging_mixin.py:188} INFO - [2026-03-11T05:14:17.302+0530] {dag.py:3954} INFO - Setting next_dagrun for dataset_consumes_1 to None, run_after=None
[2026-03-11T05:14:17.302+0530] {logging_mixin.py:188} INFO - [2026-03-11T05:14:17.302+0530] {dag.py:3954} INFO - Setting next_dagrun for dataset_consumes_1_and_2 to None, run_after=None
[2026-03-11T05:14:17.302+0530] {logging_mixin.py:188} INFO - [2026-03-11T05:14:17.302+0530] {dag.py:3954} INFO - Setting next_dagrun for dataset_consumes_1_never_scheduled to None, run_after=None
[2026-03-11T05:14:17.302+0530] {logging_mixin.py:188} INFO - [2026-03-11T05:14:17.302+0530] {dag.py:3954} INFO - Setting next_dagrun for dataset_consumes_unknown_never_scheduled to None, run_after=None
[2026-03-11T05:14:17.303+0530] {logging_mixin.py:188} INFO - [2026-03-11T05:14:17.303+0530] {dag.py:3954} INFO - Setting next_dagrun for dataset_produces_1 to 2026-03-09 00:00:00+00:00, run_after=2026-03-10 00:00:00+00:00
[2026-03-11T05:14:17.303+0530] {logging_mixin.py:188} INFO - [2026-03-11T05:14:17.303+0530] {dag.py:3954} INFO - Setting next_dagrun for dataset_produces_2 to None, run_after=None
[2026-03-11T05:14:17.312+0530] {processor.py:183} INFO - Processing /Users/aswin/Documents/data-engineering-practice/ETL_Airflow_DBT/airflow/airflow_env/lib/python3.11/site-packages/airflow/example_dags/example_datasets.py took 0.083 seconds
[2026-03-11T05:15:58.892+0530] {processor.py:161} INFO - Started process (PID=33809) to work on /Users/aswin/Documents/data-engineering-practice/ETL_Airflow_DBT/airflow/airflow_env/lib/python3.11/site-packages/airflow/example_dags/example_datasets.py
[2026-03-11T05:15:58.893+0530] {processor.py:830} INFO - Processing file /Users/aswin/Documents/data-engineering-practice/ETL_Airflow_DBT/airflow/airflow_env/lib/python3.11/site-packages/airflow/example_dags/example_datasets.py for tasks to queue
[2026-03-11T05:15:58.893+0530] {logging_mixin.py:188} INFO - [2026-03-11T05:15:58.893+0530] {dagbag.py:540} INFO - Filling up the DagBag from /Users/aswin/Documents/data-engineering-practice/ETL_Airflow_DBT/airflow/airflow_env/lib/python3.11/site-packages/airflow/example_dags/example_datasets.py
[2026-03-11T05:15:58.914+0530] {processor.py:840} INFO - DAG(s) 'consume_1_or_both_2_and_3_with_dataset_expressions', 'consume_1_or_2_with_dataset_expressions', 'consume_1_and_2_with_dataset_expressions', 'dataset_consumes_1', 'dataset_consumes_unknown_never_scheduled', 'dataset_produces_2', 'conditional_dataset_and_time_based_timetable', 'dataset_consumes_1_and_2', 'dataset_produces_1', 'dataset_consumes_1_never_scheduled' retrieved from /Users/aswin/Documents/data-engineering-practice/ETL_Airflow_DBT/airflow/airflow_env/lib/python3.11/site-packages/airflow/example_dags/example_datasets.py
[2026-03-11T05:15:58.949+0530] {logging_mixin.py:188} INFO - [2026-03-11T05:15:58.949+0530] {dag.py:3096} INFO - Sync 10 DAGs
[2026-03-11T05:15:58.956+0530] {logging_mixin.py:188} INFO - [2026-03-11T05:15:58.956+0530] {dag.py:3954} INFO - Setting next_dagrun for conditional_dataset_and_time_based_timetable to 2026-03-04 01:00:00+00:00, run_after=2026-03-04 01:00:00+00:00
[2026-03-11T05:15:58.957+0530] {logging_mixin.py:188} INFO - [2026-03-11T05:15:58.957+0530] {dag.py:3954} INFO - Setting next_dagrun for consume_1_and_2_with_dataset_expressions to None, run_after=None
[2026-03-11T05:15:58.957+0530] {logging_mixin.py:188} INFO - [2026-03-11T05:15:58.957+0530] {dag.py:3954} INFO - Setting next_dagrun for consume_1_or_2_with_dataset_expressions to None, run_after=None
[2026-03-11T05:15:58.957+0530] {logging_mixin.py:188} INFO - [2026-03-11T05:15:58.957+0530] {dag.py:3954} INFO - Setting next_dagrun for consume_1_or_both_2_and_3_with_dataset_expressions to None, run_after=None
[2026-03-11T05:15:58.957+0530] {logging_mixin.py:188} INFO - [2026-03-11T05:15:58.957+0530] {dag.py:3954} INFO - Setting next_dagrun for dataset_consumes_1 to None, run_after=None
[2026-03-11T05:15:58.958+0530] {logging_mixin.py:188} INFO - [2026-03-11T05:15:58.958+0530] {dag.py:3954} INFO - Setting next_dagrun for dataset_consumes_1_and_2 to None, run_after=None
[2026-03-11T05:15:58.958+0530] {logging_mixin.py:188} INFO - [2026-03-11T05:15:58.958+0530] {dag.py:3954} INFO - Setting next_dagrun for dataset_consumes_1_never_scheduled to None, run_after=None
[2026-03-11T05:15:58.958+0530] {logging_mixin.py:188} INFO - [2026-03-11T05:15:58.958+0530] {dag.py:3954} INFO - Setting next_dagrun for dataset_consumes_unknown_never_scheduled to None, run_after=None
[2026-03-11T05:15:58.959+0530] {logging_mixin.py:188} INFO - [2026-03-11T05:15:58.959+0530] {dag.py:3954} INFO - Setting next_dagrun for dataset_produces_1 to 2026-03-09 00:00:00+00:00, run_after=2026-03-10 00:00:00+00:00
[2026-03-11T05:15:58.959+0530] {logging_mixin.py:188} INFO - [2026-03-11T05:15:58.959+0530] {dag.py:3954} INFO - Setting next_dagrun for dataset_produces_2 to None, run_after=None
[2026-03-11T05:15:58.967+0530] {processor.py:183} INFO - Processing /Users/aswin/Documents/data-engineering-practice/ETL_Airflow_DBT/airflow/airflow_env/lib/python3.11/site-packages/airflow/example_dags/example_datasets.py took 0.076 seconds
[2026-03-11T05:18:10.459+0530] {processor.py:161} INFO - Started process (PID=33916) to work on /Users/aswin/Documents/data-engineering-practice/ETL_Airflow_DBT/airflow/airflow_env/lib/python3.11/site-packages/airflow/example_dags/example_datasets.py
[2026-03-11T05:18:10.459+0530] {processor.py:830} INFO - Processing file /Users/aswin/Documents/data-engineering-practice/ETL_Airflow_DBT/airflow/airflow_env/lib/python3.11/site-packages/airflow/example_dags/example_datasets.py for tasks to queue
[2026-03-11T05:18:10.460+0530] {logging_mixin.py:188} INFO - [2026-03-11T05:18:10.460+0530] {dagbag.py:540} INFO - Filling up the DagBag from /Users/aswin/Documents/data-engineering-practice/ETL_Airflow_DBT/airflow/airflow_env/lib/python3.11/site-packages/airflow/example_dags/example_datasets.py
[2026-03-11T05:18:10.481+0530] {processor.py:840} INFO - DAG(s) 'dataset_produces_2', 'consume_1_and_2_with_dataset_expressions', 'dataset_consumes_1_and_2', 'dataset_consumes_1', 'dataset_produces_1', 'dataset_consumes_unknown_never_scheduled', 'dataset_consumes_1_never_scheduled', 'consume_1_or_both_2_and_3_with_dataset_expressions', 'consume_1_or_2_with_dataset_expressions', 'conditional_dataset_and_time_based_timetable' retrieved from /Users/aswin/Documents/data-engineering-practice/ETL_Airflow_DBT/airflow/airflow_env/lib/python3.11/site-packages/airflow/example_dags/example_datasets.py
[2026-03-11T05:18:10.516+0530] {logging_mixin.py:188} INFO - [2026-03-11T05:18:10.516+0530] {dag.py:3096} INFO - Sync 10 DAGs
[2026-03-11T05:18:10.522+0530] {logging_mixin.py:188} INFO - [2026-03-11T05:18:10.522+0530] {dag.py:3954} INFO - Setting next_dagrun for conditional_dataset_and_time_based_timetable to 2026-03-04 01:00:00+00:00, run_after=2026-03-04 01:00:00+00:00
[2026-03-11T05:18:10.523+0530] {logging_mixin.py:188} INFO - [2026-03-11T05:18:10.523+0530] {dag.py:3954} INFO - Setting next_dagrun for consume_1_and_2_with_dataset_expressions to None, run_after=None
[2026-03-11T05:18:10.523+0530] {logging_mixin.py:188} INFO - [2026-03-11T05:18:10.523+0530] {dag.py:3954} INFO - Setting next_dagrun for consume_1_or_2_with_dataset_expressions to None, run_after=None
[2026-03-11T05:18:10.523+0530] {logging_mixin.py:188} INFO - [2026-03-11T05:18:10.523+0530] {dag.py:3954} INFO - Setting next_dagrun for consume_1_or_both_2_and_3_with_dataset_expressions to None, run_after=None
[2026-03-11T05:18:10.524+0530] {logging_mixin.py:188} INFO - [2026-03-11T05:18:10.523+0530] {dag.py:3954} INFO - Setting next_dagrun for dataset_consumes_1 to None, run_after=None
[2026-03-11T05:18:10.524+0530] {logging_mixin.py:188} INFO - [2026-03-11T05:18:10.524+0530] {dag.py:3954} INFO - Setting next_dagrun for dataset_consumes_1_and_2 to None, run_after=None
[2026-03-11T05:18:10.524+0530] {logging_mixin.py:188} INFO - [2026-03-11T05:18:10.524+0530] {dag.py:3954} INFO - Setting next_dagrun for dataset_consumes_1_never_scheduled to None, run_after=None
[2026-03-11T05:18:10.524+0530] {logging_mixin.py:188} INFO - [2026-03-11T05:18:10.524+0530] {dag.py:3954} INFO - Setting next_dagrun for dataset_consumes_unknown_never_scheduled to None, run_after=None
[2026-03-11T05:18:10.525+0530] {logging_mixin.py:188} INFO - [2026-03-11T05:18:10.525+0530] {dag.py:3954} INFO - Setting next_dagrun for dataset_produces_1 to 2026-03-09 00:00:00+00:00, run_after=2026-03-10 00:00:00+00:00
[2026-03-11T05:18:10.525+0530] {logging_mixin.py:188} INFO - [2026-03-11T05:18:10.525+0530] {dag.py:3954} INFO - Setting next_dagrun for dataset_produces_2 to None, run_after=None
[2026-03-11T05:18:10.533+0530] {processor.py:183} INFO - Processing /Users/aswin/Documents/data-engineering-practice/ETL_Airflow_DBT/airflow/airflow_env/lib/python3.11/site-packages/airflow/example_dags/example_datasets.py took 0.075 seconds
[2026-03-11T05:19:42.218+0530] {processor.py:161} INFO - Started process (PID=34023) to work on /Users/aswin/Documents/data-engineering-practice/ETL_Airflow_DBT/airflow/airflow_env/lib/python3.11/site-packages/airflow/example_dags/example_datasets.py
[2026-03-11T05:19:42.219+0530] {processor.py:830} INFO - Processing file /Users/aswin/Documents/data-engineering-practice/ETL_Airflow_DBT/airflow/airflow_env/lib/python3.11/site-packages/airflow/example_dags/example_datasets.py for tasks to queue
[2026-03-11T05:19:42.220+0530] {logging_mixin.py:188} INFO - [2026-03-11T05:19:42.220+0530] {dagbag.py:540} INFO - Filling up the DagBag from /Users/aswin/Documents/data-engineering-practice/ETL_Airflow_DBT/airflow/airflow_env/lib/python3.11/site-packages/airflow/example_dags/example_datasets.py
[2026-03-11T05:19:42.238+0530] {processor.py:840} INFO - DAG(s) 'conditional_dataset_and_time_based_timetable', 'dataset_consumes_1_and_2', 'consume_1_and_2_with_dataset_expressions', 'dataset_consumes_1', 'dataset_consumes_unknown_never_scheduled', 'dataset_produces_2', 'dataset_produces_1', 'consume_1_or_both_2_and_3_with_dataset_expressions', 'dataset_consumes_1_never_scheduled', 'consume_1_or_2_with_dataset_expressions' retrieved from /Users/aswin/Documents/data-engineering-practice/ETL_Airflow_DBT/airflow/airflow_env/lib/python3.11/site-packages/airflow/example_dags/example_datasets.py
[2026-03-11T05:19:42.277+0530] {logging_mixin.py:188} INFO - [2026-03-11T05:19:42.276+0530] {dag.py:3096} INFO - Sync 10 DAGs
[2026-03-11T05:19:42.283+0530] {logging_mixin.py:188} INFO - [2026-03-11T05:19:42.283+0530] {dag.py:3954} INFO - Setting next_dagrun for conditional_dataset_and_time_based_timetable to 2026-03-04 01:00:00+00:00, run_after=2026-03-04 01:00:00+00:00
[2026-03-11T05:19:42.285+0530] {logging_mixin.py:188} INFO - [2026-03-11T05:19:42.284+0530] {dag.py:3954} INFO - Setting next_dagrun for consume_1_and_2_with_dataset_expressions to None, run_after=None
[2026-03-11T05:19:42.285+0530] {logging_mixin.py:188} INFO - [2026-03-11T05:19:42.285+0530] {dag.py:3954} INFO - Setting next_dagrun for consume_1_or_2_with_dataset_expressions to None, run_after=None
[2026-03-11T05:19:42.285+0530] {logging_mixin.py:188} INFO - [2026-03-11T05:19:42.285+0530] {dag.py:3954} INFO - Setting next_dagrun for consume_1_or_both_2_and_3_with_dataset_expressions to None, run_after=None
[2026-03-11T05:19:42.285+0530] {logging_mixin.py:188} INFO - [2026-03-11T05:19:42.285+0530] {dag.py:3954} INFO - Setting next_dagrun for dataset_consumes_1 to None, run_after=None
[2026-03-11T05:19:42.286+0530] {logging_mixin.py:188} INFO - [2026-03-11T05:19:42.286+0530] {dag.py:3954} INFO - Setting next_dagrun for dataset_consumes_1_and_2 to None, run_after=None
[2026-03-11T05:19:42.286+0530] {logging_mixin.py:188} INFO - [2026-03-11T05:19:42.286+0530] {dag.py:3954} INFO - Setting next_dagrun for dataset_consumes_1_never_scheduled to None, run_after=None
[2026-03-11T05:19:42.286+0530] {logging_mixin.py:188} INFO - [2026-03-11T05:19:42.286+0530] {dag.py:3954} INFO - Setting next_dagrun for dataset_consumes_unknown_never_scheduled to None, run_after=None
[2026-03-11T05:19:42.287+0530] {logging_mixin.py:188} INFO - [2026-03-11T05:19:42.287+0530] {dag.py:3954} INFO - Setting next_dagrun for dataset_produces_1 to 2026-03-09 00:00:00+00:00, run_after=2026-03-10 00:00:00+00:00
[2026-03-11T05:19:42.287+0530] {logging_mixin.py:188} INFO - [2026-03-11T05:19:42.287+0530] {dag.py:3954} INFO - Setting next_dagrun for dataset_produces_2 to None, run_after=None
[2026-03-11T05:19:42.296+0530] {processor.py:183} INFO - Processing /Users/aswin/Documents/data-engineering-practice/ETL_Airflow_DBT/airflow/airflow_env/lib/python3.11/site-packages/airflow/example_dags/example_datasets.py took 0.079 seconds
[2026-03-11T05:21:18.609+0530] {processor.py:161} INFO - Started process (PID=34183) to work on /Users/aswin/Documents/data-engineering-practice/ETL_Airflow_DBT/airflow/airflow_env/lib/python3.11/site-packages/airflow/example_dags/example_datasets.py
[2026-03-11T05:21:18.611+0530] {processor.py:830} INFO - Processing file /Users/aswin/Documents/data-engineering-practice/ETL_Airflow_DBT/airflow/airflow_env/lib/python3.11/site-packages/airflow/example_dags/example_datasets.py for tasks to queue
[2026-03-11T05:21:18.611+0530] {logging_mixin.py:188} INFO - [2026-03-11T05:21:18.611+0530] {dagbag.py:540} INFO - Filling up the DagBag from /Users/aswin/Documents/data-engineering-practice/ETL_Airflow_DBT/airflow/airflow_env/lib/python3.11/site-packages/airflow/example_dags/example_datasets.py
[2026-03-11T05:21:18.629+0530] {processor.py:840} INFO - DAG(s) 'consume_1_and_2_with_dataset_expressions', 'dataset_consumes_1_and_2', 'dataset_consumes_1', 'dataset_consumes_unknown_never_scheduled', 'consume_1_or_2_with_dataset_expressions', 'consume_1_or_both_2_and_3_with_dataset_expressions', 'dataset_consumes_1_never_scheduled', 'dataset_produces_2', 'conditional_dataset_and_time_based_timetable', 'dataset_produces_1' retrieved from /Users/aswin/Documents/data-engineering-practice/ETL_Airflow_DBT/airflow/airflow_env/lib/python3.11/site-packages/airflow/example_dags/example_datasets.py
[2026-03-11T05:21:18.666+0530] {logging_mixin.py:188} INFO - [2026-03-11T05:21:18.666+0530] {dag.py:3096} INFO - Sync 10 DAGs
[2026-03-11T05:21:18.673+0530] {logging_mixin.py:188} INFO - [2026-03-11T05:21:18.673+0530] {dag.py:3954} INFO - Setting next_dagrun for conditional_dataset_and_time_based_timetable to 2026-03-04 01:00:00+00:00, run_after=2026-03-04 01:00:00+00:00
[2026-03-11T05:21:18.674+0530] {logging_mixin.py:188} INFO - [2026-03-11T05:21:18.674+0530] {dag.py:3954} INFO - Setting next_dagrun for consume_1_and_2_with_dataset_expressions to None, run_after=None
[2026-03-11T05:21:18.674+0530] {logging_mixin.py:188} INFO - [2026-03-11T05:21:18.674+0530] {dag.py:3954} INFO - Setting next_dagrun for consume_1_or_2_with_dataset_expressions to None, run_after=None
[2026-03-11T05:21:18.674+0530] {logging_mixin.py:188} INFO - [2026-03-11T05:21:18.674+0530] {dag.py:3954} INFO - Setting next_dagrun for consume_1_or_both_2_and_3_with_dataset_expressions to None, run_after=None
[2026-03-11T05:21:18.675+0530] {logging_mixin.py:188} INFO - [2026-03-11T05:21:18.674+0530] {dag.py:3954} INFO - Setting next_dagrun for dataset_consumes_1 to None, run_after=None
[2026-03-11T05:21:18.675+0530] {logging_mixin.py:188} INFO - [2026-03-11T05:21:18.675+0530] {dag.py:3954} INFO - Setting next_dagrun for dataset_consumes_1_and_2 to None, run_after=None
[2026-03-11T05:21:18.675+0530] {logging_mixin.py:188} INFO - [2026-03-11T05:21:18.675+0530] {dag.py:3954} INFO - Setting next_dagrun for dataset_consumes_1_never_scheduled to None, run_after=None
[2026-03-11T05:21:18.675+0530] {logging_mixin.py:188} INFO - [2026-03-11T05:21:18.675+0530] {dag.py:3954} INFO - Setting next_dagrun for dataset_consumes_unknown_never_scheduled to None, run_after=None
[2026-03-11T05:21:18.676+0530] {logging_mixin.py:188} INFO - [2026-03-11T05:21:18.676+0530] {dag.py:3954} INFO - Setting next_dagrun for dataset_produces_1 to 2026-03-09 00:00:00+00:00, run_after=2026-03-10 00:00:00+00:00
[2026-03-11T05:21:18.676+0530] {logging_mixin.py:188} INFO - [2026-03-11T05:21:18.676+0530] {dag.py:3954} INFO - Setting next_dagrun for dataset_produces_2 to None, run_after=None
[2026-03-11T05:21:18.684+0530] {processor.py:183} INFO - Processing /Users/aswin/Documents/data-engineering-practice/ETL_Airflow_DBT/airflow/airflow_env/lib/python3.11/site-packages/airflow/example_dags/example_datasets.py took 0.076 seconds
[2026-03-11T05:22:51.609+0530] {processor.py:161} INFO - Started process (PID=34343) to work on /Users/aswin/Documents/data-engineering-practice/ETL_Airflow_DBT/airflow/airflow_env/lib/python3.11/site-packages/airflow/example_dags/example_datasets.py
[2026-03-11T05:22:51.611+0530] {processor.py:830} INFO - Processing file /Users/aswin/Documents/data-engineering-practice/ETL_Airflow_DBT/airflow/airflow_env/lib/python3.11/site-packages/airflow/example_dags/example_datasets.py for tasks to queue
[2026-03-11T05:22:51.611+0530] {logging_mixin.py:188} INFO - [2026-03-11T05:22:51.611+0530] {dagbag.py:540} INFO - Filling up the DagBag from /Users/aswin/Documents/data-engineering-practice/ETL_Airflow_DBT/airflow/airflow_env/lib/python3.11/site-packages/airflow/example_dags/example_datasets.py
[2026-03-11T05:22:51.629+0530] {processor.py:840} INFO - DAG(s) 'consume_1_and_2_with_dataset_expressions', 'dataset_consumes_1', 'conditional_dataset_and_time_based_timetable', 'consume_1_or_both_2_and_3_with_dataset_expressions', 'dataset_produces_2', 'consume_1_or_2_with_dataset_expressions', 'dataset_consumes_1_never_scheduled', 'dataset_consumes_unknown_never_scheduled', 'dataset_produces_1', 'dataset_consumes_1_and_2' retrieved from /Users/aswin/Documents/data-engineering-practice/ETL_Airflow_DBT/airflow/airflow_env/lib/python3.11/site-packages/airflow/example_dags/example_datasets.py
[2026-03-11T05:22:51.664+0530] {logging_mixin.py:188} INFO - [2026-03-11T05:22:51.664+0530] {dag.py:3096} INFO - Sync 10 DAGs
[2026-03-11T05:22:51.670+0530] {logging_mixin.py:188} INFO - [2026-03-11T05:22:51.670+0530] {dag.py:3954} INFO - Setting next_dagrun for conditional_dataset_and_time_based_timetable to 2026-03-04 01:00:00+00:00, run_after=2026-03-04 01:00:00+00:00
[2026-03-11T05:22:51.671+0530] {logging_mixin.py:188} INFO - [2026-03-11T05:22:51.671+0530] {dag.py:3954} INFO - Setting next_dagrun for consume_1_and_2_with_dataset_expressions to None, run_after=None
[2026-03-11T05:22:51.671+0530] {logging_mixin.py:188} INFO - [2026-03-11T05:22:51.671+0530] {dag.py:3954} INFO - Setting next_dagrun for consume_1_or_2_with_dataset_expressions to None, run_after=None
[2026-03-11T05:22:51.671+0530] {logging_mixin.py:188} INFO - [2026-03-11T05:22:51.671+0530] {dag.py:3954} INFO - Setting next_dagrun for consume_1_or_both_2_and_3_with_dataset_expressions to None, run_after=None
[2026-03-11T05:22:51.672+0530] {logging_mixin.py:188} INFO - [2026-03-11T05:22:51.672+0530] {dag.py:3954} INFO - Setting next_dagrun for dataset_consumes_1 to None, run_after=None
[2026-03-11T05:22:51.672+0530] {logging_mixin.py:188} INFO - [2026-03-11T05:22:51.672+0530] {dag.py:3954} INFO - Setting next_dagrun for dataset_consumes_1_and_2 to None, run_after=None
[2026-03-11T05:22:51.672+0530] {logging_mixin.py:188} INFO - [2026-03-11T05:22:51.672+0530] {dag.py:3954} INFO - Setting next_dagrun for dataset_consumes_1_never_scheduled to None, run_after=None
[2026-03-11T05:22:51.672+0530] {logging_mixin.py:188} INFO - [2026-03-11T05:22:51.672+0530] {dag.py:3954} INFO - Setting next_dagrun for dataset_consumes_unknown_never_scheduled to None, run_after=None
[2026-03-11T05:22:51.673+0530] {logging_mixin.py:188} INFO - [2026-03-11T05:22:51.673+0530] {dag.py:3954} INFO - Setting next_dagrun for dataset_produces_1 to 2026-03-09 00:00:00+00:00, run_after=2026-03-10 00:00:00+00:00
[2026-03-11T05:22:51.673+0530] {logging_mixin.py:188} INFO - [2026-03-11T05:22:51.673+0530] {dag.py:3954} INFO - Setting next_dagrun for dataset_produces_2 to None, run_after=None
[2026-03-11T05:22:51.681+0530] {processor.py:183} INFO - Processing /Users/aswin/Documents/data-engineering-practice/ETL_Airflow_DBT/airflow/airflow_env/lib/python3.11/site-packages/airflow/example_dags/example_datasets.py took 0.073 seconds
[2026-03-11T05:24:31.021+0530] {processor.py:161} INFO - Started process (PID=34527) to work on /Users/aswin/Documents/data-engineering-practice/ETL_Airflow_DBT/airflow/airflow_env/lib/python3.11/site-packages/airflow/example_dags/example_datasets.py
[2026-03-11T05:24:31.022+0530] {processor.py:830} INFO - Processing file /Users/aswin/Documents/data-engineering-practice/ETL_Airflow_DBT/airflow/airflow_env/lib/python3.11/site-packages/airflow/example_dags/example_datasets.py for tasks to queue
[2026-03-11T05:24:31.022+0530] {logging_mixin.py:188} INFO - [2026-03-11T05:24:31.022+0530] {dagbag.py:540} INFO - Filling up the DagBag from /Users/aswin/Documents/data-engineering-practice/ETL_Airflow_DBT/airflow/airflow_env/lib/python3.11/site-packages/airflow/example_dags/example_datasets.py
[2026-03-11T05:24:31.040+0530] {processor.py:840} INFO - DAG(s) 'dataset_produces_2', 'conditional_dataset_and_time_based_timetable', 'dataset_consumes_1_and_2', 'consume_1_or_2_with_dataset_expressions', 'dataset_consumes_unknown_never_scheduled', 'dataset_produces_1', 'dataset_consumes_1_never_scheduled', 'consume_1_or_both_2_and_3_with_dataset_expressions', 'dataset_consumes_1', 'consume_1_and_2_with_dataset_expressions' retrieved from /Users/aswin/Documents/data-engineering-practice/ETL_Airflow_DBT/airflow/airflow_env/lib/python3.11/site-packages/airflow/example_dags/example_datasets.py
[2026-03-11T05:24:31.078+0530] {logging_mixin.py:188} INFO - [2026-03-11T05:24:31.077+0530] {dag.py:3096} INFO - Sync 10 DAGs
[2026-03-11T05:24:31.084+0530] {logging_mixin.py:188} INFO - [2026-03-11T05:24:31.084+0530] {dag.py:3954} INFO - Setting next_dagrun for conditional_dataset_and_time_based_timetable to 2026-03-04 01:00:00+00:00, run_after=2026-03-04 01:00:00+00:00
[2026-03-11T05:24:31.085+0530] {logging_mixin.py:188} INFO - [2026-03-11T05:24:31.085+0530] {dag.py:3954} INFO - Setting next_dagrun for consume_1_and_2_with_dataset_expressions to None, run_after=None
[2026-03-11T05:24:31.086+0530] {logging_mixin.py:188} INFO - [2026-03-11T05:24:31.086+0530] {dag.py:3954} INFO - Setting next_dagrun for consume_1_or_2_with_dataset_expressions to None, run_after=None
[2026-03-11T05:24:31.086+0530] {logging_mixin.py:188} INFO - [2026-03-11T05:24:31.086+0530] {dag.py:3954} INFO - Setting next_dagrun for consume_1_or_both_2_and_3_with_dataset_expressions to None, run_after=None
[2026-03-11T05:24:31.086+0530] {logging_mixin.py:188} INFO - [2026-03-11T05:24:31.086+0530] {dag.py:3954} INFO - Setting next_dagrun for dataset_consumes_1 to None, run_after=None
[2026-03-11T05:24:31.086+0530] {logging_mixin.py:188} INFO - [2026-03-11T05:24:31.086+0530] {dag.py:3954} INFO - Setting next_dagrun for dataset_consumes_1_and_2 to None, run_after=None
[2026-03-11T05:24:31.087+0530] {logging_mixin.py:188} INFO - [2026-03-11T05:24:31.087+0530] {dag.py:3954} INFO - Setting next_dagrun for dataset_consumes_1_never_scheduled to None, run_after=None
[2026-03-11T05:24:31.087+0530] {logging_mixin.py:188} INFO - [2026-03-11T05:24:31.087+0530] {dag.py:3954} INFO - Setting next_dagrun for dataset_consumes_unknown_never_scheduled to None, run_after=None
[2026-03-11T05:24:31.087+0530] {logging_mixin.py:188} INFO - [2026-03-11T05:24:31.087+0530] {dag.py:3954} INFO - Setting next_dagrun for dataset_produces_1 to 2026-03-09 00:00:00+00:00, run_after=2026-03-10 00:00:00+00:00
[2026-03-11T05:24:31.088+0530] {logging_mixin.py:188} INFO - [2026-03-11T05:24:31.088+0530] {dag.py:3954} INFO - Setting next_dagrun for dataset_produces_2 to None, run_after=None
[2026-03-11T05:24:31.097+0530] {processor.py:183} INFO - Processing /Users/aswin/Documents/data-engineering-practice/ETL_Airflow_DBT/airflow/airflow_env/lib/python3.11/site-packages/airflow/example_dags/example_datasets.py took 0.077 seconds
[2026-03-11T05:26:12.172+0530] {processor.py:161} INFO - Started process (PID=34701) to work on /Users/aswin/Documents/data-engineering-practice/ETL_Airflow_DBT/airflow/airflow_env/lib/python3.11/site-packages/airflow/example_dags/example_datasets.py
[2026-03-11T05:26:12.173+0530] {processor.py:830} INFO - Processing file /Users/aswin/Documents/data-engineering-practice/ETL_Airflow_DBT/airflow/airflow_env/lib/python3.11/site-packages/airflow/example_dags/example_datasets.py for tasks to queue
[2026-03-11T05:26:12.173+0530] {logging_mixin.py:188} INFO - [2026-03-11T05:26:12.173+0530] {dagbag.py:540} INFO - Filling up the DagBag from /Users/aswin/Documents/data-engineering-practice/ETL_Airflow_DBT/airflow/airflow_env/lib/python3.11/site-packages/airflow/example_dags/example_datasets.py
[2026-03-11T05:26:12.191+0530] {processor.py:840} INFO - DAG(s) 'dataset_produces_1', 'dataset_consumes_1_never_scheduled', 'dataset_produces_2', 'consume_1_or_2_with_dataset_expressions', 'consume_1_or_both_2_and_3_with_dataset_expressions', 'consume_1_and_2_with_dataset_expressions', 'dataset_consumes_unknown_never_scheduled', 'dataset_consumes_1', 'dataset_consumes_1_and_2', 'conditional_dataset_and_time_based_timetable' retrieved from /Users/aswin/Documents/data-engineering-practice/ETL_Airflow_DBT/airflow/airflow_env/lib/python3.11/site-packages/airflow/example_dags/example_datasets.py
[2026-03-11T05:26:12.227+0530] {logging_mixin.py:188} INFO - [2026-03-11T05:26:12.227+0530] {dag.py:3096} INFO - Sync 10 DAGs
[2026-03-11T05:26:12.233+0530] {logging_mixin.py:188} INFO - [2026-03-11T05:26:12.233+0530] {dag.py:3954} INFO - Setting next_dagrun for conditional_dataset_and_time_based_timetable to 2026-03-04 01:00:00+00:00, run_after=2026-03-04 01:00:00+00:00
[2026-03-11T05:26:12.234+0530] {logging_mixin.py:188} INFO - [2026-03-11T05:26:12.234+0530] {dag.py:3954} INFO - Setting next_dagrun for consume_1_and_2_with_dataset_expressions to None, run_after=None
[2026-03-11T05:26:12.234+0530] {logging_mixin.py:188} INFO - [2026-03-11T05:26:12.234+0530] {dag.py:3954} INFO - Setting next_dagrun for consume_1_or_2_with_dataset_expressions to None, run_after=None
[2026-03-11T05:26:12.234+0530] {logging_mixin.py:188} INFO - [2026-03-11T05:26:12.234+0530] {dag.py:3954} INFO - Setting next_dagrun for consume_1_or_both_2_and_3_with_dataset_expressions to None, run_after=None
[2026-03-11T05:26:12.235+0530] {logging_mixin.py:188} INFO - [2026-03-11T05:26:12.235+0530] {dag.py:3954} INFO - Setting next_dagrun for dataset_consumes_1 to None, run_after=None
[2026-03-11T05:26:12.235+0530] {logging_mixin.py:188} INFO - [2026-03-11T05:26:12.235+0530] {dag.py:3954} INFO - Setting next_dagrun for dataset_consumes_1_and_2 to None, run_after=None
[2026-03-11T05:26:12.235+0530] {logging_mixin.py:188} INFO - [2026-03-11T05:26:12.235+0530] {dag.py:3954} INFO - Setting next_dagrun for dataset_consumes_1_never_scheduled to None, run_after=None
[2026-03-11T05:26:12.235+0530] {logging_mixin.py:188} INFO - [2026-03-11T05:26:12.235+0530] {dag.py:3954} INFO - Setting next_dagrun for dataset_consumes_unknown_never_scheduled to None, run_after=None
[2026-03-11T05:26:12.236+0530] {logging_mixin.py:188} INFO - [2026-03-11T05:26:12.236+0530] {dag.py:3954} INFO - Setting next_dagrun for dataset_produces_1 to 2026-03-09 00:00:00+00:00, run_after=2026-03-10 00:00:00+00:00
[2026-03-11T05:26:12.236+0530] {logging_mixin.py:188} INFO - [2026-03-11T05:26:12.236+0530] {dag.py:3954} INFO - Setting next_dagrun for dataset_produces_2 to None, run_after=None
[2026-03-11T05:26:12.244+0530] {processor.py:183} INFO - Processing /Users/aswin/Documents/data-engineering-practice/ETL_Airflow_DBT/airflow/airflow_env/lib/python3.11/site-packages/airflow/example_dags/example_datasets.py took 0.073 seconds
[2026-03-11T05:27:45.612+0530] {processor.py:161} INFO - Started process (PID=34837) to work on /Users/aswin/Documents/data-engineering-practice/ETL_Airflow_DBT/airflow/airflow_env/lib/python3.11/site-packages/airflow/example_dags/example_datasets.py
[2026-03-11T05:27:45.612+0530] {processor.py:830} INFO - Processing file /Users/aswin/Documents/data-engineering-practice/ETL_Airflow_DBT/airflow/airflow_env/lib/python3.11/site-packages/airflow/example_dags/example_datasets.py for tasks to queue
[2026-03-11T05:27:45.613+0530] {logging_mixin.py:188} INFO - [2026-03-11T05:27:45.613+0530] {dagbag.py:540} INFO - Filling up the DagBag from /Users/aswin/Documents/data-engineering-practice/ETL_Airflow_DBT/airflow/airflow_env/lib/python3.11/site-packages/airflow/example_dags/example_datasets.py
[2026-03-11T05:27:45.635+0530] {processor.py:840} INFO - DAG(s) 'dataset_produces_1', 'dataset_produces_2', 'consume_1_or_both_2_and_3_with_dataset_expressions', 'conditional_dataset_and_time_based_timetable', 'dataset_consumes_1', 'consume_1_and_2_with_dataset_expressions', 'dataset_consumes_1_and_2', 'dataset_consumes_unknown_never_scheduled', 'dataset_consumes_1_never_scheduled', 'consume_1_or_2_with_dataset_expressions' retrieved from /Users/aswin/Documents/data-engineering-practice/ETL_Airflow_DBT/airflow/airflow_env/lib/python3.11/site-packages/airflow/example_dags/example_datasets.py
[2026-03-11T05:27:45.672+0530] {logging_mixin.py:188} INFO - [2026-03-11T05:27:45.672+0530] {dag.py:3096} INFO - Sync 10 DAGs
[2026-03-11T05:27:45.679+0530] {logging_mixin.py:188} INFO - [2026-03-11T05:27:45.679+0530] {dag.py:3954} INFO - Setting next_dagrun for conditional_dataset_and_time_based_timetable to 2026-03-04 01:00:00+00:00, run_after=2026-03-04 01:00:00+00:00
[2026-03-11T05:27:45.680+0530] {logging_mixin.py:188} INFO - [2026-03-11T05:27:45.680+0530] {dag.py:3954} INFO - Setting next_dagrun for consume_1_and_2_with_dataset_expressions to None, run_after=None
[2026-03-11T05:27:45.680+0530] {logging_mixin.py:188} INFO - [2026-03-11T05:27:45.680+0530] {dag.py:3954} INFO - Setting next_dagrun for consume_1_or_2_with_dataset_expressions to None, run_after=None
[2026-03-11T05:27:45.680+0530] {logging_mixin.py:188} INFO - [2026-03-11T05:27:45.680+0530] {dag.py:3954} INFO - Setting next_dagrun for consume_1_or_both_2_and_3_with_dataset_expressions to None, run_after=None
[2026-03-11T05:27:45.680+0530] {logging_mixin.py:188} INFO - [2026-03-11T05:27:45.680+0530] {dag.py:3954} INFO - Setting next_dagrun for dataset_consumes_1 to None, run_after=None
[2026-03-11T05:27:45.681+0530] {logging_mixin.py:188} INFO - [2026-03-11T05:27:45.681+0530] {dag.py:3954} INFO - Setting next_dagrun for dataset_consumes_1_and_2 to None, run_after=None
[2026-03-11T05:27:45.681+0530] {logging_mixin.py:188} INFO - [2026-03-11T05:27:45.681+0530] {dag.py:3954} INFO - Setting next_dagrun for dataset_consumes_1_never_scheduled to None, run_after=None
[2026-03-11T05:27:45.681+0530] {logging_mixin.py:188} INFO - [2026-03-11T05:27:45.681+0530] {dag.py:3954} INFO - Setting next_dagrun for dataset_consumes_unknown_never_scheduled to None, run_after=None
[2026-03-11T05:27:45.682+0530] {logging_mixin.py:188} INFO - [2026-03-11T05:27:45.682+0530] {dag.py:3954} INFO - Setting next_dagrun for dataset_produces_1 to 2026-03-09 00:00:00+00:00, run_after=2026-03-10 00:00:00+00:00
[2026-03-11T05:27:45.682+0530] {logging_mixin.py:188} INFO - [2026-03-11T05:27:45.682+0530] {dag.py:3954} INFO - Setting next_dagrun for dataset_produces_2 to None, run_after=None
[2026-03-11T05:27:45.690+0530] {processor.py:183} INFO - Processing /Users/aswin/Documents/data-engineering-practice/ETL_Airflow_DBT/airflow/airflow_env/lib/python3.11/site-packages/airflow/example_dags/example_datasets.py took 0.080 seconds
[2026-03-11T05:29:21.009+0530] {processor.py:161} INFO - Started process (PID=35007) to work on /Users/aswin/Documents/data-engineering-practice/ETL_Airflow_DBT/airflow/airflow_env/lib/python3.11/site-packages/airflow/example_dags/example_datasets.py
[2026-03-11T05:29:21.010+0530] {processor.py:830} INFO - Processing file /Users/aswin/Documents/data-engineering-practice/ETL_Airflow_DBT/airflow/airflow_env/lib/python3.11/site-packages/airflow/example_dags/example_datasets.py for tasks to queue
[2026-03-11T05:29:21.010+0530] {logging_mixin.py:188} INFO - [2026-03-11T05:29:21.010+0530] {dagbag.py:540} INFO - Filling up the DagBag from /Users/aswin/Documents/data-engineering-practice/ETL_Airflow_DBT/airflow/airflow_env/lib/python3.11/site-packages/airflow/example_dags/example_datasets.py
[2026-03-11T05:29:21.028+0530] {processor.py:840} INFO - DAG(s) 'consume_1_and_2_with_dataset_expressions', 'consume_1_or_both_2_and_3_with_dataset_expressions', 'dataset_consumes_1', 'dataset_produces_2', 'dataset_consumes_1_and_2', 'dataset_consumes_1_never_scheduled', 'dataset_produces_1', 'consume_1_or_2_with_dataset_expressions', 'dataset_consumes_unknown_never_scheduled', 'conditional_dataset_and_time_based_timetable' retrieved from /Users/aswin/Documents/data-engineering-practice/ETL_Airflow_DBT/airflow/airflow_env/lib/python3.11/site-packages/airflow/example_dags/example_datasets.py
[2026-03-11T05:29:21.064+0530] {logging_mixin.py:188} INFO - [2026-03-11T05:29:21.064+0530] {dag.py:3096} INFO - Sync 10 DAGs
[2026-03-11T05:29:21.070+0530] {logging_mixin.py:188} INFO - [2026-03-11T05:29:21.070+0530] {dag.py:3954} INFO - Setting next_dagrun for conditional_dataset_and_time_based_timetable to 2026-03-04 01:00:00+00:00, run_after=2026-03-04 01:00:00+00:00
[2026-03-11T05:29:21.071+0530] {logging_mixin.py:188} INFO - [2026-03-11T05:29:21.071+0530] {dag.py:3954} INFO - Setting next_dagrun for consume_1_and_2_with_dataset_expressions to None, run_after=None
[2026-03-11T05:29:21.071+0530] {logging_mixin.py:188} INFO - [2026-03-11T05:29:21.071+0530] {dag.py:3954} INFO - Setting next_dagrun for consume_1_or_2_with_dataset_expressions to None, run_after=None
[2026-03-11T05:29:21.072+0530] {logging_mixin.py:188} INFO - [2026-03-11T05:29:21.072+0530] {dag.py:3954} INFO - Setting next_dagrun for consume_1_or_both_2_and_3_with_dataset_expressions to None, run_after=None
[2026-03-11T05:29:21.072+0530] {logging_mixin.py:188} INFO - [2026-03-11T05:29:21.072+0530] {dag.py:3954} INFO - Setting next_dagrun for dataset_consumes_1 to None, run_after=None
[2026-03-11T05:29:21.072+0530] {logging_mixin.py:188} INFO - [2026-03-11T05:29:21.072+0530] {dag.py:3954} INFO - Setting next_dagrun for dataset_consumes_1_and_2 to None, run_after=None
[2026-03-11T05:29:21.072+0530] {logging_mixin.py:188} INFO - [2026-03-11T05:29:21.072+0530] {dag.py:3954} INFO - Setting next_dagrun for dataset_consumes_1_never_scheduled to None, run_after=None
[2026-03-11T05:29:21.073+0530] {logging_mixin.py:188} INFO - [2026-03-11T05:29:21.073+0530] {dag.py:3954} INFO - Setting next_dagrun for dataset_consumes_unknown_never_scheduled to None, run_after=None
[2026-03-11T05:29:21.073+0530] {logging_mixin.py:188} INFO - [2026-03-11T05:29:21.073+0530] {dag.py:3954} INFO - Setting next_dagrun for dataset_produces_1 to 2026-03-09 00:00:00+00:00, run_after=2026-03-10 00:00:00+00:00
[2026-03-11T05:29:21.073+0530] {logging_mixin.py:188} INFO - [2026-03-11T05:29:21.073+0530] {dag.py:3954} INFO - Setting next_dagrun for dataset_produces_2 to None, run_after=None
[2026-03-11T05:29:21.082+0530] {processor.py:183} INFO - Processing /Users/aswin/Documents/data-engineering-practice/ETL_Airflow_DBT/airflow/airflow_env/lib/python3.11/site-packages/airflow/example_dags/example_datasets.py took 0.074 seconds
