[2026-04-01T05:30:09.623+0530] {processor.py:161} INFO - Started process (PID=73330) to work on /Users/aswin/Documents/data-engineering-practice/ETL_Airflow_DBT/airflow/airflow_env/lib/python3.11/site-packages/airflow/example_dags/example_skip_dag.py
[2026-04-01T05:30:09.624+0530] {processor.py:830} INFO - Processing file /Users/aswin/Documents/data-engineering-practice/ETL_Airflow_DBT/airflow/airflow_env/lib/python3.11/site-packages/airflow/example_dags/example_skip_dag.py for tasks to queue
[2026-04-01T05:30:09.624+0530] {logging_mixin.py:188} INFO - [2026-04-01T05:30:09.624+0530] {dagbag.py:540} INFO - Filling up the DagBag from /Users/aswin/Documents/data-engineering-practice/ETL_Airflow_DBT/airflow/airflow_env/lib/python3.11/site-packages/airflow/example_dags/example_skip_dag.py
[2026-04-01T05:30:09.627+0530] {processor.py:840} INFO - DAG(s) 'example_skip_dag' retrieved from /Users/aswin/Documents/data-engineering-practice/ETL_Airflow_DBT/airflow/airflow_env/lib/python3.11/site-packages/airflow/example_dags/example_skip_dag.py
[2026-04-01T05:30:09.657+0530] {logging_mixin.py:188} INFO - [2026-04-01T05:30:09.657+0530] {dag.py:3096} INFO - Sync 1 DAGs
[2026-04-01T05:30:09.663+0530] {logging_mixin.py:188} INFO - [2026-04-01T05:30:09.662+0530] {dag.py:3954} INFO - Setting next_dagrun for example_skip_dag to 2026-03-31 00:00:00+00:00, run_after=2026-04-01 00:00:00+00:00
[2026-04-01T05:30:09.669+0530] {processor.py:183} INFO - Processing /Users/aswin/Documents/data-engineering-practice/ETL_Airflow_DBT/airflow/airflow_env/lib/python3.11/site-packages/airflow/example_dags/example_skip_dag.py took 0.046 seconds
[2026-04-01T05:32:18.114+0530] {processor.py:161} INFO - Started process (PID=73418) to work on /Users/aswin/Documents/data-engineering-practice/ETL_Airflow_DBT/airflow/airflow_env/lib/python3.11/site-packages/airflow/example_dags/example_skip_dag.py
[2026-04-01T05:32:18.115+0530] {processor.py:830} INFO - Processing file /Users/aswin/Documents/data-engineering-practice/ETL_Airflow_DBT/airflow/airflow_env/lib/python3.11/site-packages/airflow/example_dags/example_skip_dag.py for tasks to queue
[2026-04-01T05:32:18.115+0530] {logging_mixin.py:188} INFO - [2026-04-01T05:32:18.115+0530] {dagbag.py:540} INFO - Filling up the DagBag from /Users/aswin/Documents/data-engineering-practice/ETL_Airflow_DBT/airflow/airflow_env/lib/python3.11/site-packages/airflow/example_dags/example_skip_dag.py
[2026-04-01T05:32:18.118+0530] {processor.py:840} INFO - DAG(s) 'example_skip_dag' retrieved from /Users/aswin/Documents/data-engineering-practice/ETL_Airflow_DBT/airflow/airflow_env/lib/python3.11/site-packages/airflow/example_dags/example_skip_dag.py
[2026-04-01T05:32:18.150+0530] {logging_mixin.py:188} INFO - [2026-04-01T05:32:18.150+0530] {dag.py:3096} INFO - Sync 1 DAGs
[2026-04-01T05:32:18.155+0530] {logging_mixin.py:188} INFO - [2026-04-01T05:32:18.155+0530] {dag.py:3954} INFO - Setting next_dagrun for example_skip_dag to 2026-03-31 00:00:00+00:00, run_after=2026-04-01 00:00:00+00:00
[2026-04-01T05:32:18.161+0530] {processor.py:183} INFO - Processing /Users/aswin/Documents/data-engineering-practice/ETL_Airflow_DBT/airflow/airflow_env/lib/python3.11/site-packages/airflow/example_dags/example_skip_dag.py took 0.048 seconds
[2026-04-01T05:33:19.314+0530] {processor.py:161} INFO - Started process (PID=73461) to work on /Users/aswin/Documents/data-engineering-practice/ETL_Airflow_DBT/airflow/airflow_env/lib/python3.11/site-packages/airflow/example_dags/example_skip_dag.py
[2026-04-01T05:33:19.315+0530] {processor.py:830} INFO - Processing file /Users/aswin/Documents/data-engineering-practice/ETL_Airflow_DBT/airflow/airflow_env/lib/python3.11/site-packages/airflow/example_dags/example_skip_dag.py for tasks to queue
[2026-04-01T05:33:19.315+0530] {logging_mixin.py:188} INFO - [2026-04-01T05:33:19.315+0530] {dagbag.py:540} INFO - Filling up the DagBag from /Users/aswin/Documents/data-engineering-practice/ETL_Airflow_DBT/airflow/airflow_env/lib/python3.11/site-packages/airflow/example_dags/example_skip_dag.py
[2026-04-01T05:33:19.318+0530] {processor.py:840} INFO - DAG(s) 'example_skip_dag' retrieved from /Users/aswin/Documents/data-engineering-practice/ETL_Airflow_DBT/airflow/airflow_env/lib/python3.11/site-packages/airflow/example_dags/example_skip_dag.py
[2026-04-01T05:33:19.351+0530] {logging_mixin.py:188} INFO - [2026-04-01T05:33:19.351+0530] {dag.py:3096} INFO - Sync 1 DAGs
[2026-04-01T05:33:19.357+0530] {logging_mixin.py:188} INFO - [2026-04-01T05:33:19.357+0530] {dag.py:3954} INFO - Setting next_dagrun for example_skip_dag to 2026-03-31 00:00:00+00:00, run_after=2026-04-01 00:00:00+00:00
[2026-04-01T05:33:19.363+0530] {processor.py:183} INFO - Processing /Users/aswin/Documents/data-engineering-practice/ETL_Airflow_DBT/airflow/airflow_env/lib/python3.11/site-packages/airflow/example_dags/example_skip_dag.py took 0.049 seconds
[2026-04-01T05:35:12.981+0530] {processor.py:161} INFO - Started process (PID=73573) to work on /Users/aswin/Documents/data-engineering-practice/ETL_Airflow_DBT/airflow/airflow_env/lib/python3.11/site-packages/airflow/example_dags/example_skip_dag.py
[2026-04-01T05:35:12.982+0530] {processor.py:830} INFO - Processing file /Users/aswin/Documents/data-engineering-practice/ETL_Airflow_DBT/airflow/airflow_env/lib/python3.11/site-packages/airflow/example_dags/example_skip_dag.py for tasks to queue
[2026-04-01T05:35:12.982+0530] {logging_mixin.py:188} INFO - [2026-04-01T05:35:12.982+0530] {dagbag.py:540} INFO - Filling up the DagBag from /Users/aswin/Documents/data-engineering-practice/ETL_Airflow_DBT/airflow/airflow_env/lib/python3.11/site-packages/airflow/example_dags/example_skip_dag.py
[2026-04-01T05:35:12.985+0530] {processor.py:840} INFO - DAG(s) 'example_skip_dag' retrieved from /Users/aswin/Documents/data-engineering-practice/ETL_Airflow_DBT/airflow/airflow_env/lib/python3.11/site-packages/airflow/example_dags/example_skip_dag.py
[2026-04-01T05:35:13.015+0530] {logging_mixin.py:188} INFO - [2026-04-01T05:35:13.015+0530] {dag.py:3096} INFO - Sync 1 DAGs
[2026-04-01T05:35:13.020+0530] {logging_mixin.py:188} INFO - [2026-04-01T05:35:13.020+0530] {dag.py:3954} INFO - Setting next_dagrun for example_skip_dag to 2026-03-31 00:00:00+00:00, run_after=2026-04-01 00:00:00+00:00
[2026-04-01T05:35:13.026+0530] {processor.py:183} INFO - Processing /Users/aswin/Documents/data-engineering-practice/ETL_Airflow_DBT/airflow/airflow_env/lib/python3.11/site-packages/airflow/example_dags/example_skip_dag.py took 0.046 seconds
[2026-04-01T05:54:26.543+0530] {processor.py:161} INFO - Started process (PID=74128) to work on /Users/aswin/Documents/data-engineering-practice/ETL_Airflow_DBT/airflow/airflow_env/lib/python3.11/site-packages/airflow/example_dags/example_skip_dag.py
[2026-04-01T05:54:26.544+0530] {processor.py:830} INFO - Processing file /Users/aswin/Documents/data-engineering-practice/ETL_Airflow_DBT/airflow/airflow_env/lib/python3.11/site-packages/airflow/example_dags/example_skip_dag.py for tasks to queue
[2026-04-01T05:54:26.544+0530] {logging_mixin.py:188} INFO - [2026-04-01T05:54:26.544+0530] {dagbag.py:540} INFO - Filling up the DagBag from /Users/aswin/Documents/data-engineering-practice/ETL_Airflow_DBT/airflow/airflow_env/lib/python3.11/site-packages/airflow/example_dags/example_skip_dag.py
[2026-04-01T05:54:26.547+0530] {processor.py:840} INFO - DAG(s) 'example_skip_dag' retrieved from /Users/aswin/Documents/data-engineering-practice/ETL_Airflow_DBT/airflow/airflow_env/lib/python3.11/site-packages/airflow/example_dags/example_skip_dag.py
[2026-04-01T05:54:26.629+0530] {logging_mixin.py:188} INFO - [2026-04-01T05:54:26.628+0530] {override.py:1829} INFO - Created Permission View: can edit on DAG:example_skip_dag
[2026-04-01T05:54:26.632+0530] {logging_mixin.py:188} INFO - [2026-04-01T05:54:26.632+0530] {override.py:1829} INFO - Created Permission View: can read on DAG:example_skip_dag
[2026-04-01T05:54:26.635+0530] {logging_mixin.py:188} INFO - [2026-04-01T05:54:26.635+0530] {override.py:1829} INFO - Created Permission View: can delete on DAG:example_skip_dag
[2026-04-01T05:54:26.635+0530] {logging_mixin.py:188} INFO - [2026-04-01T05:54:26.635+0530] {dag.py:3096} INFO - Sync 1 DAGs
[2026-04-01T05:54:26.640+0530] {logging_mixin.py:188} INFO - [2026-04-01T05:54:26.640+0530] {dag.py:3118} INFO - Creating ORM DAG for example_skip_dag
[2026-04-01T05:54:26.644+0530] {logging_mixin.py:188} INFO - [2026-04-01T05:54:26.644+0530] {dag.py:3954} INFO - Setting next_dagrun for example_skip_dag to 2026-03-31 00:00:00+00:00, run_after=2026-04-01 00:00:00+00:00
[2026-04-01T05:54:26.651+0530] {processor.py:183} INFO - Processing /Users/aswin/Documents/data-engineering-practice/ETL_Airflow_DBT/airflow/airflow_env/lib/python3.11/site-packages/airflow/example_dags/example_skip_dag.py took 0.109 seconds
[2026-04-01T05:54:57.829+0530] {processor.py:161} INFO - Started process (PID=74836) to work on /Users/aswin/Documents/data-engineering-practice/ETL_Airflow_DBT/airflow/airflow_env/lib/python3.11/site-packages/airflow/example_dags/example_skip_dag.py
[2026-04-01T05:54:57.831+0530] {processor.py:830} INFO - Processing file /Users/aswin/Documents/data-engineering-practice/ETL_Airflow_DBT/airflow/airflow_env/lib/python3.11/site-packages/airflow/example_dags/example_skip_dag.py for tasks to queue
[2026-04-01T05:54:57.831+0530] {logging_mixin.py:188} INFO - [2026-04-01T05:54:57.831+0530] {dagbag.py:540} INFO - Filling up the DagBag from /Users/aswin/Documents/data-engineering-practice/ETL_Airflow_DBT/airflow/airflow_env/lib/python3.11/site-packages/airflow/example_dags/example_skip_dag.py
[2026-04-01T05:54:57.834+0530] {processor.py:840} INFO - DAG(s) 'example_skip_dag' retrieved from /Users/aswin/Documents/data-engineering-practice/ETL_Airflow_DBT/airflow/airflow_env/lib/python3.11/site-packages/airflow/example_dags/example_skip_dag.py
[2026-04-01T05:54:57.887+0530] {logging_mixin.py:188} INFO - [2026-04-01T05:54:57.887+0530] {dag.py:3096} INFO - Sync 1 DAGs
[2026-04-01T05:54:57.896+0530] {logging_mixin.py:188} INFO - [2026-04-01T05:54:57.896+0530] {dag.py:3954} INFO - Setting next_dagrun for example_skip_dag to 2026-03-31 00:00:00+00:00, run_after=2026-04-01 00:00:00+00:00
[2026-04-01T05:54:57.905+0530] {processor.py:183} INFO - Processing /Users/aswin/Documents/data-engineering-practice/ETL_Airflow_DBT/airflow/airflow_env/lib/python3.11/site-packages/airflow/example_dags/example_skip_dag.py took 0.077 seconds
[2026-04-01T05:55:28.913+0530] {processor.py:161} INFO - Started process (PID=75561) to work on /Users/aswin/Documents/data-engineering-practice/ETL_Airflow_DBT/airflow/airflow_env/lib/python3.11/site-packages/airflow/example_dags/example_skip_dag.py
[2026-04-01T05:55:28.913+0530] {processor.py:830} INFO - Processing file /Users/aswin/Documents/data-engineering-practice/ETL_Airflow_DBT/airflow/airflow_env/lib/python3.11/site-packages/airflow/example_dags/example_skip_dag.py for tasks to queue
[2026-04-01T05:55:28.914+0530] {logging_mixin.py:188} INFO - [2026-04-01T05:55:28.913+0530] {dagbag.py:540} INFO - Filling up the DagBag from /Users/aswin/Documents/data-engineering-practice/ETL_Airflow_DBT/airflow/airflow_env/lib/python3.11/site-packages/airflow/example_dags/example_skip_dag.py
[2026-04-01T05:55:28.917+0530] {processor.py:840} INFO - DAG(s) 'example_skip_dag' retrieved from /Users/aswin/Documents/data-engineering-practice/ETL_Airflow_DBT/airflow/airflow_env/lib/python3.11/site-packages/airflow/example_dags/example_skip_dag.py
[2026-04-01T05:55:28.969+0530] {logging_mixin.py:188} INFO - [2026-04-01T05:55:28.969+0530] {dag.py:3096} INFO - Sync 1 DAGs
[2026-04-01T05:55:28.979+0530] {logging_mixin.py:188} INFO - [2026-04-01T05:55:28.979+0530] {dag.py:3954} INFO - Setting next_dagrun for example_skip_dag to 2026-03-31 00:00:00+00:00, run_after=2026-04-01 00:00:00+00:00
[2026-04-01T05:55:28.987+0530] {processor.py:183} INFO - Processing /Users/aswin/Documents/data-engineering-practice/ETL_Airflow_DBT/airflow/airflow_env/lib/python3.11/site-packages/airflow/example_dags/example_skip_dag.py took 0.075 seconds
[2026-04-01T05:56:00.285+0530] {processor.py:161} INFO - Started process (PID=76266) to work on /Users/aswin/Documents/data-engineering-practice/ETL_Airflow_DBT/airflow/airflow_env/lib/python3.11/site-packages/airflow/example_dags/example_skip_dag.py
[2026-04-01T05:56:00.285+0530] {processor.py:830} INFO - Processing file /Users/aswin/Documents/data-engineering-practice/ETL_Airflow_DBT/airflow/airflow_env/lib/python3.11/site-packages/airflow/example_dags/example_skip_dag.py for tasks to queue
[2026-04-01T05:56:00.285+0530] {logging_mixin.py:188} INFO - [2026-04-01T05:56:00.285+0530] {dagbag.py:540} INFO - Filling up the DagBag from /Users/aswin/Documents/data-engineering-practice/ETL_Airflow_DBT/airflow/airflow_env/lib/python3.11/site-packages/airflow/example_dags/example_skip_dag.py
[2026-04-01T05:56:00.288+0530] {processor.py:840} INFO - DAG(s) 'example_skip_dag' retrieved from /Users/aswin/Documents/data-engineering-practice/ETL_Airflow_DBT/airflow/airflow_env/lib/python3.11/site-packages/airflow/example_dags/example_skip_dag.py
[2026-04-01T05:56:00.344+0530] {logging_mixin.py:188} INFO - [2026-04-01T05:56:00.343+0530] {dag.py:3096} INFO - Sync 1 DAGs
[2026-04-01T05:56:00.354+0530] {logging_mixin.py:188} INFO - [2026-04-01T05:56:00.353+0530] {dag.py:3954} INFO - Setting next_dagrun for example_skip_dag to 2026-03-31 00:00:00+00:00, run_after=2026-04-01 00:00:00+00:00
[2026-04-01T05:56:00.361+0530] {processor.py:183} INFO - Processing /Users/aswin/Documents/data-engineering-practice/ETL_Airflow_DBT/airflow/airflow_env/lib/python3.11/site-packages/airflow/example_dags/example_skip_dag.py took 0.078 seconds
[2026-04-01T05:56:32.012+0530] {processor.py:161} INFO - Started process (PID=76418) to work on /Users/aswin/Documents/data-engineering-practice/ETL_Airflow_DBT/airflow/airflow_env/lib/python3.11/site-packages/airflow/example_dags/example_skip_dag.py
[2026-04-01T05:56:32.014+0530] {processor.py:830} INFO - Processing file /Users/aswin/Documents/data-engineering-practice/ETL_Airflow_DBT/airflow/airflow_env/lib/python3.11/site-packages/airflow/example_dags/example_skip_dag.py for tasks to queue
[2026-04-01T05:56:32.014+0530] {logging_mixin.py:188} INFO - [2026-04-01T05:56:32.014+0530] {dagbag.py:540} INFO - Filling up the DagBag from /Users/aswin/Documents/data-engineering-practice/ETL_Airflow_DBT/airflow/airflow_env/lib/python3.11/site-packages/airflow/example_dags/example_skip_dag.py
[2026-04-01T05:56:32.017+0530] {processor.py:840} INFO - DAG(s) 'example_skip_dag' retrieved from /Users/aswin/Documents/data-engineering-practice/ETL_Airflow_DBT/airflow/airflow_env/lib/python3.11/site-packages/airflow/example_dags/example_skip_dag.py
[2026-04-01T05:56:32.079+0530] {logging_mixin.py:188} INFO - [2026-04-01T05:56:32.078+0530] {dag.py:3096} INFO - Sync 1 DAGs
[2026-04-01T05:56:32.092+0530] {logging_mixin.py:188} INFO - [2026-04-01T05:56:32.092+0530] {dag.py:3954} INFO - Setting next_dagrun for example_skip_dag to 2026-03-31 00:00:00+00:00, run_after=2026-04-01 00:00:00+00:00
[2026-04-01T05:56:32.104+0530] {processor.py:183} INFO - Processing /Users/aswin/Documents/data-engineering-practice/ETL_Airflow_DBT/airflow/airflow_env/lib/python3.11/site-packages/airflow/example_dags/example_skip_dag.py took 0.092 seconds
[2026-04-01T05:57:02.916+0530] {processor.py:161} INFO - Started process (PID=76534) to work on /Users/aswin/Documents/data-engineering-practice/ETL_Airflow_DBT/airflow/airflow_env/lib/python3.11/site-packages/airflow/example_dags/example_skip_dag.py
[2026-04-01T05:57:02.917+0530] {processor.py:830} INFO - Processing file /Users/aswin/Documents/data-engineering-practice/ETL_Airflow_DBT/airflow/airflow_env/lib/python3.11/site-packages/airflow/example_dags/example_skip_dag.py for tasks to queue
[2026-04-01T05:57:02.917+0530] {logging_mixin.py:188} INFO - [2026-04-01T05:57:02.917+0530] {dagbag.py:540} INFO - Filling up the DagBag from /Users/aswin/Documents/data-engineering-practice/ETL_Airflow_DBT/airflow/airflow_env/lib/python3.11/site-packages/airflow/example_dags/example_skip_dag.py
[2026-04-01T05:57:02.920+0530] {processor.py:840} INFO - DAG(s) 'example_skip_dag' retrieved from /Users/aswin/Documents/data-engineering-practice/ETL_Airflow_DBT/airflow/airflow_env/lib/python3.11/site-packages/airflow/example_dags/example_skip_dag.py
[2026-04-01T05:57:02.973+0530] {logging_mixin.py:188} INFO - [2026-04-01T05:57:02.973+0530] {dag.py:3096} INFO - Sync 1 DAGs
[2026-04-01T05:57:02.987+0530] {logging_mixin.py:188} INFO - [2026-04-01T05:57:02.987+0530] {dag.py:3954} INFO - Setting next_dagrun for example_skip_dag to 2026-03-31 00:00:00+00:00, run_after=2026-04-01 00:00:00+00:00
[2026-04-01T05:57:02.995+0530] {processor.py:183} INFO - Processing /Users/aswin/Documents/data-engineering-practice/ETL_Airflow_DBT/airflow/airflow_env/lib/python3.11/site-packages/airflow/example_dags/example_skip_dag.py took 0.081 seconds
[2026-04-01T05:57:34.464+0530] {processor.py:161} INFO - Started process (PID=76660) to work on /Users/aswin/Documents/data-engineering-practice/ETL_Airflow_DBT/airflow/airflow_env/lib/python3.11/site-packages/airflow/example_dags/example_skip_dag.py
[2026-04-01T05:57:34.464+0530] {processor.py:830} INFO - Processing file /Users/aswin/Documents/data-engineering-practice/ETL_Airflow_DBT/airflow/airflow_env/lib/python3.11/site-packages/airflow/example_dags/example_skip_dag.py for tasks to queue
[2026-04-01T05:57:34.464+0530] {logging_mixin.py:188} INFO - [2026-04-01T05:57:34.464+0530] {dagbag.py:540} INFO - Filling up the DagBag from /Users/aswin/Documents/data-engineering-practice/ETL_Airflow_DBT/airflow/airflow_env/lib/python3.11/site-packages/airflow/example_dags/example_skip_dag.py
[2026-04-01T05:57:34.468+0530] {processor.py:840} INFO - DAG(s) 'example_skip_dag' retrieved from /Users/aswin/Documents/data-engineering-practice/ETL_Airflow_DBT/airflow/airflow_env/lib/python3.11/site-packages/airflow/example_dags/example_skip_dag.py
[2026-04-01T05:57:34.528+0530] {logging_mixin.py:188} INFO - [2026-04-01T05:57:34.528+0530] {dag.py:3096} INFO - Sync 1 DAGs
[2026-04-01T05:57:34.540+0530] {logging_mixin.py:188} INFO - [2026-04-01T05:57:34.540+0530] {dag.py:3954} INFO - Setting next_dagrun for example_skip_dag to 2026-03-31 00:00:00+00:00, run_after=2026-04-01 00:00:00+00:00
[2026-04-01T05:57:34.552+0530] {processor.py:183} INFO - Processing /Users/aswin/Documents/data-engineering-practice/ETL_Airflow_DBT/airflow/airflow_env/lib/python3.11/site-packages/airflow/example_dags/example_skip_dag.py took 0.089 seconds
[2026-04-01T05:58:05.998+0530] {processor.py:161} INFO - Started process (PID=76791) to work on /Users/aswin/Documents/data-engineering-practice/ETL_Airflow_DBT/airflow/airflow_env/lib/python3.11/site-packages/airflow/example_dags/example_skip_dag.py
[2026-04-01T05:58:05.999+0530] {processor.py:830} INFO - Processing file /Users/aswin/Documents/data-engineering-practice/ETL_Airflow_DBT/airflow/airflow_env/lib/python3.11/site-packages/airflow/example_dags/example_skip_dag.py for tasks to queue
[2026-04-01T05:58:05.999+0530] {logging_mixin.py:188} INFO - [2026-04-01T05:58:05.999+0530] {dagbag.py:540} INFO - Filling up the DagBag from /Users/aswin/Documents/data-engineering-practice/ETL_Airflow_DBT/airflow/airflow_env/lib/python3.11/site-packages/airflow/example_dags/example_skip_dag.py
[2026-04-01T05:58:06.002+0530] {processor.py:840} INFO - DAG(s) 'example_skip_dag' retrieved from /Users/aswin/Documents/data-engineering-practice/ETL_Airflow_DBT/airflow/airflow_env/lib/python3.11/site-packages/airflow/example_dags/example_skip_dag.py
[2026-04-01T05:58:06.058+0530] {logging_mixin.py:188} INFO - [2026-04-01T05:58:06.057+0530] {dag.py:3096} INFO - Sync 1 DAGs
[2026-04-01T05:58:06.073+0530] {logging_mixin.py:188} INFO - [2026-04-01T05:58:06.073+0530] {dag.py:3954} INFO - Setting next_dagrun for example_skip_dag to 2026-03-31 00:00:00+00:00, run_after=2026-04-01 00:00:00+00:00
[2026-04-01T05:58:06.084+0530] {processor.py:183} INFO - Processing /Users/aswin/Documents/data-engineering-practice/ETL_Airflow_DBT/airflow/airflow_env/lib/python3.11/site-packages/airflow/example_dags/example_skip_dag.py took 0.087 seconds
[2026-04-01T06:15:46.322+0530] {processor.py:161} INFO - Started process (PID=77253) to work on /Users/aswin/Documents/data-engineering-practice/ETL_Airflow_DBT/airflow/airflow_env/lib/python3.11/site-packages/airflow/example_dags/example_skip_dag.py
[2026-04-01T06:15:46.323+0530] {processor.py:830} INFO - Processing file /Users/aswin/Documents/data-engineering-practice/ETL_Airflow_DBT/airflow/airflow_env/lib/python3.11/site-packages/airflow/example_dags/example_skip_dag.py for tasks to queue
[2026-04-01T06:15:46.323+0530] {logging_mixin.py:188} INFO - [2026-04-01T06:15:46.323+0530] {dagbag.py:540} INFO - Filling up the DagBag from /Users/aswin/Documents/data-engineering-practice/ETL_Airflow_DBT/airflow/airflow_env/lib/python3.11/site-packages/airflow/example_dags/example_skip_dag.py
[2026-04-01T06:15:46.326+0530] {processor.py:840} INFO - DAG(s) 'example_skip_dag' retrieved from /Users/aswin/Documents/data-engineering-practice/ETL_Airflow_DBT/airflow/airflow_env/lib/python3.11/site-packages/airflow/example_dags/example_skip_dag.py
[2026-04-01T06:15:46.383+0530] {logging_mixin.py:188} INFO - [2026-04-01T06:15:46.382+0530] {dag.py:3096} INFO - Sync 1 DAGs
[2026-04-01T06:15:46.393+0530] {logging_mixin.py:188} INFO - [2026-04-01T06:15:46.393+0530] {dag.py:3954} INFO - Setting next_dagrun for example_skip_dag to 2026-03-31 00:00:00+00:00, run_after=2026-04-01 00:00:00+00:00
[2026-04-01T06:15:46.401+0530] {processor.py:183} INFO - Processing /Users/aswin/Documents/data-engineering-practice/ETL_Airflow_DBT/airflow/airflow_env/lib/python3.11/site-packages/airflow/example_dags/example_skip_dag.py took 0.080 seconds
[2026-04-01T06:16:17.455+0530] {processor.py:161} INFO - Started process (PID=77967) to work on /Users/aswin/Documents/data-engineering-practice/ETL_Airflow_DBT/airflow/airflow_env/lib/python3.11/site-packages/airflow/example_dags/example_skip_dag.py
[2026-04-01T06:16:17.457+0530] {processor.py:830} INFO - Processing file /Users/aswin/Documents/data-engineering-practice/ETL_Airflow_DBT/airflow/airflow_env/lib/python3.11/site-packages/airflow/example_dags/example_skip_dag.py for tasks to queue
[2026-04-01T06:16:17.457+0530] {logging_mixin.py:188} INFO - [2026-04-01T06:16:17.457+0530] {dagbag.py:540} INFO - Filling up the DagBag from /Users/aswin/Documents/data-engineering-practice/ETL_Airflow_DBT/airflow/airflow_env/lib/python3.11/site-packages/airflow/example_dags/example_skip_dag.py
[2026-04-01T06:16:17.460+0530] {processor.py:840} INFO - DAG(s) 'example_skip_dag' retrieved from /Users/aswin/Documents/data-engineering-practice/ETL_Airflow_DBT/airflow/airflow_env/lib/python3.11/site-packages/airflow/example_dags/example_skip_dag.py
[2026-04-01T06:16:17.516+0530] {logging_mixin.py:188} INFO - [2026-04-01T06:16:17.516+0530] {dag.py:3096} INFO - Sync 1 DAGs
[2026-04-01T06:16:17.527+0530] {logging_mixin.py:188} INFO - [2026-04-01T06:16:17.527+0530] {dag.py:3954} INFO - Setting next_dagrun for example_skip_dag to 2026-03-31 00:00:00+00:00, run_after=2026-04-01 00:00:00+00:00
[2026-04-01T06:16:17.536+0530] {processor.py:183} INFO - Processing /Users/aswin/Documents/data-engineering-practice/ETL_Airflow_DBT/airflow/airflow_env/lib/python3.11/site-packages/airflow/example_dags/example_skip_dag.py took 0.082 seconds
[2026-04-01T06:16:48.448+0530] {processor.py:161} INFO - Started process (PID=78339) to work on /Users/aswin/Documents/data-engineering-practice/ETL_Airflow_DBT/airflow/airflow_env/lib/python3.11/site-packages/airflow/example_dags/example_skip_dag.py
[2026-04-01T06:16:48.449+0530] {processor.py:830} INFO - Processing file /Users/aswin/Documents/data-engineering-practice/ETL_Airflow_DBT/airflow/airflow_env/lib/python3.11/site-packages/airflow/example_dags/example_skip_dag.py for tasks to queue
[2026-04-01T06:16:48.449+0530] {logging_mixin.py:188} INFO - [2026-04-01T06:16:48.449+0530] {dagbag.py:540} INFO - Filling up the DagBag from /Users/aswin/Documents/data-engineering-practice/ETL_Airflow_DBT/airflow/airflow_env/lib/python3.11/site-packages/airflow/example_dags/example_skip_dag.py
[2026-04-01T06:16:48.452+0530] {processor.py:840} INFO - DAG(s) 'example_skip_dag' retrieved from /Users/aswin/Documents/data-engineering-practice/ETL_Airflow_DBT/airflow/airflow_env/lib/python3.11/site-packages/airflow/example_dags/example_skip_dag.py
[2026-04-01T06:16:48.509+0530] {logging_mixin.py:188} INFO - [2026-04-01T06:16:48.508+0530] {dag.py:3096} INFO - Sync 1 DAGs
[2026-04-01T06:16:48.522+0530] {logging_mixin.py:188} INFO - [2026-04-01T06:16:48.522+0530] {dag.py:3954} INFO - Setting next_dagrun for example_skip_dag to 2026-03-31 00:00:00+00:00, run_after=2026-04-01 00:00:00+00:00
[2026-04-01T06:16:48.532+0530] {processor.py:183} INFO - Processing /Users/aswin/Documents/data-engineering-practice/ETL_Airflow_DBT/airflow/airflow_env/lib/python3.11/site-packages/airflow/example_dags/example_skip_dag.py took 0.086 seconds
[2026-04-01T06:17:19.487+0530] {processor.py:161} INFO - Started process (PID=78464) to work on /Users/aswin/Documents/data-engineering-practice/ETL_Airflow_DBT/airflow/airflow_env/lib/python3.11/site-packages/airflow/example_dags/example_skip_dag.py
[2026-04-01T06:17:19.488+0530] {processor.py:830} INFO - Processing file /Users/aswin/Documents/data-engineering-practice/ETL_Airflow_DBT/airflow/airflow_env/lib/python3.11/site-packages/airflow/example_dags/example_skip_dag.py for tasks to queue
[2026-04-01T06:17:19.488+0530] {logging_mixin.py:188} INFO - [2026-04-01T06:17:19.488+0530] {dagbag.py:540} INFO - Filling up the DagBag from /Users/aswin/Documents/data-engineering-practice/ETL_Airflow_DBT/airflow/airflow_env/lib/python3.11/site-packages/airflow/example_dags/example_skip_dag.py
[2026-04-01T06:17:19.491+0530] {processor.py:840} INFO - DAG(s) 'example_skip_dag' retrieved from /Users/aswin/Documents/data-engineering-practice/ETL_Airflow_DBT/airflow/airflow_env/lib/python3.11/site-packages/airflow/example_dags/example_skip_dag.py
[2026-04-01T06:17:19.547+0530] {logging_mixin.py:188} INFO - [2026-04-01T06:17:19.547+0530] {dag.py:3096} INFO - Sync 1 DAGs
[2026-04-01T06:17:19.557+0530] {logging_mixin.py:188} INFO - [2026-04-01T06:17:19.557+0530] {dag.py:3954} INFO - Setting next_dagrun for example_skip_dag to 2026-03-31 00:00:00+00:00, run_after=2026-04-01 00:00:00+00:00
[2026-04-01T06:17:19.565+0530] {processor.py:183} INFO - Processing /Users/aswin/Documents/data-engineering-practice/ETL_Airflow_DBT/airflow/airflow_env/lib/python3.11/site-packages/airflow/example_dags/example_skip_dag.py took 0.080 seconds
[2026-04-01T06:17:50.408+0530] {processor.py:161} INFO - Started process (PID=78576) to work on /Users/aswin/Documents/data-engineering-practice/ETL_Airflow_DBT/airflow/airflow_env/lib/python3.11/site-packages/airflow/example_dags/example_skip_dag.py
[2026-04-01T06:17:50.409+0530] {processor.py:830} INFO - Processing file /Users/aswin/Documents/data-engineering-practice/ETL_Airflow_DBT/airflow/airflow_env/lib/python3.11/site-packages/airflow/example_dags/example_skip_dag.py for tasks to queue
[2026-04-01T06:17:50.409+0530] {logging_mixin.py:188} INFO - [2026-04-01T06:17:50.409+0530] {dagbag.py:540} INFO - Filling up the DagBag from /Users/aswin/Documents/data-engineering-practice/ETL_Airflow_DBT/airflow/airflow_env/lib/python3.11/site-packages/airflow/example_dags/example_skip_dag.py
[2026-04-01T06:17:50.412+0530] {processor.py:840} INFO - DAG(s) 'example_skip_dag' retrieved from /Users/aswin/Documents/data-engineering-practice/ETL_Airflow_DBT/airflow/airflow_env/lib/python3.11/site-packages/airflow/example_dags/example_skip_dag.py
[2026-04-01T06:17:50.465+0530] {logging_mixin.py:188} INFO - [2026-04-01T06:17:50.465+0530] {dag.py:3096} INFO - Sync 1 DAGs
[2026-04-01T06:17:50.478+0530] {logging_mixin.py:188} INFO - [2026-04-01T06:17:50.478+0530] {dag.py:3954} INFO - Setting next_dagrun for example_skip_dag to 2026-03-31 00:00:00+00:00, run_after=2026-04-01 00:00:00+00:00
[2026-04-01T06:17:50.488+0530] {processor.py:183} INFO - Processing /Users/aswin/Documents/data-engineering-practice/ETL_Airflow_DBT/airflow/airflow_env/lib/python3.11/site-packages/airflow/example_dags/example_skip_dag.py took 0.081 seconds
[2026-04-01T06:23:30.788+0530] {processor.py:161} INFO - Started process (PID=78793) to work on /Users/aswin/Documents/data-engineering-practice/ETL_Airflow_DBT/airflow/airflow_env/lib/python3.11/site-packages/airflow/example_dags/example_skip_dag.py
[2026-04-01T06:23:30.788+0530] {processor.py:830} INFO - Processing file /Users/aswin/Documents/data-engineering-practice/ETL_Airflow_DBT/airflow/airflow_env/lib/python3.11/site-packages/airflow/example_dags/example_skip_dag.py for tasks to queue
[2026-04-01T06:23:30.789+0530] {logging_mixin.py:188} INFO - [2026-04-01T06:23:30.788+0530] {dagbag.py:540} INFO - Filling up the DagBag from /Users/aswin/Documents/data-engineering-practice/ETL_Airflow_DBT/airflow/airflow_env/lib/python3.11/site-packages/airflow/example_dags/example_skip_dag.py
[2026-04-01T06:23:30.791+0530] {processor.py:840} INFO - DAG(s) 'example_skip_dag' retrieved from /Users/aswin/Documents/data-engineering-practice/ETL_Airflow_DBT/airflow/airflow_env/lib/python3.11/site-packages/airflow/example_dags/example_skip_dag.py
[2026-04-01T06:23:30.845+0530] {logging_mixin.py:188} INFO - [2026-04-01T06:23:30.844+0530] {dag.py:3096} INFO - Sync 1 DAGs
[2026-04-01T06:23:30.854+0530] {logging_mixin.py:188} INFO - [2026-04-01T06:23:30.854+0530] {dag.py:3954} INFO - Setting next_dagrun for example_skip_dag to 2026-03-31 00:00:00+00:00, run_after=2026-04-01 00:00:00+00:00
[2026-04-01T06:23:30.870+0530] {processor.py:183} INFO - Processing /Users/aswin/Documents/data-engineering-practice/ETL_Airflow_DBT/airflow/airflow_env/lib/python3.11/site-packages/airflow/example_dags/example_skip_dag.py took 0.083 seconds
[2026-04-01T06:24:02.216+0530] {processor.py:161} INFO - Started process (PID=78921) to work on /Users/aswin/Documents/data-engineering-practice/ETL_Airflow_DBT/airflow/airflow_env/lib/python3.11/site-packages/airflow/example_dags/example_skip_dag.py
[2026-04-01T06:24:02.217+0530] {processor.py:830} INFO - Processing file /Users/aswin/Documents/data-engineering-practice/ETL_Airflow_DBT/airflow/airflow_env/lib/python3.11/site-packages/airflow/example_dags/example_skip_dag.py for tasks to queue
[2026-04-01T06:24:02.217+0530] {logging_mixin.py:188} INFO - [2026-04-01T06:24:02.217+0530] {dagbag.py:540} INFO - Filling up the DagBag from /Users/aswin/Documents/data-engineering-practice/ETL_Airflow_DBT/airflow/airflow_env/lib/python3.11/site-packages/airflow/example_dags/example_skip_dag.py
[2026-04-01T06:24:02.220+0530] {processor.py:840} INFO - DAG(s) 'example_skip_dag' retrieved from /Users/aswin/Documents/data-engineering-practice/ETL_Airflow_DBT/airflow/airflow_env/lib/python3.11/site-packages/airflow/example_dags/example_skip_dag.py
[2026-04-01T06:24:02.277+0530] {logging_mixin.py:188} INFO - [2026-04-01T06:24:02.277+0530] {dag.py:3096} INFO - Sync 1 DAGs
[2026-04-01T06:24:02.286+0530] {logging_mixin.py:188} INFO - [2026-04-01T06:24:02.286+0530] {dag.py:3954} INFO - Setting next_dagrun for example_skip_dag to 2026-03-31 00:00:00+00:00, run_after=2026-04-01 00:00:00+00:00
[2026-04-01T06:24:02.294+0530] {processor.py:183} INFO - Processing /Users/aswin/Documents/data-engineering-practice/ETL_Airflow_DBT/airflow/airflow_env/lib/python3.11/site-packages/airflow/example_dags/example_skip_dag.py took 0.080 seconds
[2026-04-01T06:24:33.056+0530] {processor.py:161} INFO - Started process (PID=79047) to work on /Users/aswin/Documents/data-engineering-practice/ETL_Airflow_DBT/airflow/airflow_env/lib/python3.11/site-packages/airflow/example_dags/example_skip_dag.py
[2026-04-01T06:24:33.057+0530] {processor.py:830} INFO - Processing file /Users/aswin/Documents/data-engineering-practice/ETL_Airflow_DBT/airflow/airflow_env/lib/python3.11/site-packages/airflow/example_dags/example_skip_dag.py for tasks to queue
[2026-04-01T06:24:33.057+0530] {logging_mixin.py:188} INFO - [2026-04-01T06:24:33.057+0530] {dagbag.py:540} INFO - Filling up the DagBag from /Users/aswin/Documents/data-engineering-practice/ETL_Airflow_DBT/airflow/airflow_env/lib/python3.11/site-packages/airflow/example_dags/example_skip_dag.py
[2026-04-01T06:24:33.060+0530] {processor.py:840} INFO - DAG(s) 'example_skip_dag' retrieved from /Users/aswin/Documents/data-engineering-practice/ETL_Airflow_DBT/airflow/airflow_env/lib/python3.11/site-packages/airflow/example_dags/example_skip_dag.py
[2026-04-01T06:24:33.114+0530] {logging_mixin.py:188} INFO - [2026-04-01T06:24:33.114+0530] {dag.py:3096} INFO - Sync 1 DAGs
[2026-04-01T06:24:33.124+0530] {logging_mixin.py:188} INFO - [2026-04-01T06:24:33.124+0530] {dag.py:3954} INFO - Setting next_dagrun for example_skip_dag to 2026-03-31 00:00:00+00:00, run_after=2026-04-01 00:00:00+00:00
[2026-04-01T06:24:33.133+0530] {processor.py:183} INFO - Processing /Users/aswin/Documents/data-engineering-practice/ETL_Airflow_DBT/airflow/airflow_env/lib/python3.11/site-packages/airflow/example_dags/example_skip_dag.py took 0.078 seconds
[2026-04-01T06:25:04.360+0530] {processor.py:161} INFO - Started process (PID=79161) to work on /Users/aswin/Documents/data-engineering-practice/ETL_Airflow_DBT/airflow/airflow_env/lib/python3.11/site-packages/airflow/example_dags/example_skip_dag.py
[2026-04-01T06:25:04.360+0530] {processor.py:830} INFO - Processing file /Users/aswin/Documents/data-engineering-practice/ETL_Airflow_DBT/airflow/airflow_env/lib/python3.11/site-packages/airflow/example_dags/example_skip_dag.py for tasks to queue
[2026-04-01T06:25:04.361+0530] {logging_mixin.py:188} INFO - [2026-04-01T06:25:04.361+0530] {dagbag.py:540} INFO - Filling up the DagBag from /Users/aswin/Documents/data-engineering-practice/ETL_Airflow_DBT/airflow/airflow_env/lib/python3.11/site-packages/airflow/example_dags/example_skip_dag.py
[2026-04-01T06:25:04.364+0530] {processor.py:840} INFO - DAG(s) 'example_skip_dag' retrieved from /Users/aswin/Documents/data-engineering-practice/ETL_Airflow_DBT/airflow/airflow_env/lib/python3.11/site-packages/airflow/example_dags/example_skip_dag.py
[2026-04-01T06:25:04.417+0530] {logging_mixin.py:188} INFO - [2026-04-01T06:25:04.416+0530] {dag.py:3096} INFO - Sync 1 DAGs
[2026-04-01T06:25:04.427+0530] {logging_mixin.py:188} INFO - [2026-04-01T06:25:04.426+0530] {dag.py:3954} INFO - Setting next_dagrun for example_skip_dag to 2026-03-31 00:00:00+00:00, run_after=2026-04-01 00:00:00+00:00
[2026-04-01T06:25:04.435+0530] {processor.py:183} INFO - Processing /Users/aswin/Documents/data-engineering-practice/ETL_Airflow_DBT/airflow/airflow_env/lib/python3.11/site-packages/airflow/example_dags/example_skip_dag.py took 0.076 seconds
[2026-04-01T06:25:35.322+0530] {processor.py:161} INFO - Started process (PID=79273) to work on /Users/aswin/Documents/data-engineering-practice/ETL_Airflow_DBT/airflow/airflow_env/lib/python3.11/site-packages/airflow/example_dags/example_skip_dag.py
[2026-04-01T06:25:35.323+0530] {processor.py:830} INFO - Processing file /Users/aswin/Documents/data-engineering-practice/ETL_Airflow_DBT/airflow/airflow_env/lib/python3.11/site-packages/airflow/example_dags/example_skip_dag.py for tasks to queue
[2026-04-01T06:25:35.323+0530] {logging_mixin.py:188} INFO - [2026-04-01T06:25:35.323+0530] {dagbag.py:540} INFO - Filling up the DagBag from /Users/aswin/Documents/data-engineering-practice/ETL_Airflow_DBT/airflow/airflow_env/lib/python3.11/site-packages/airflow/example_dags/example_skip_dag.py
[2026-04-01T06:25:35.326+0530] {processor.py:840} INFO - DAG(s) 'example_skip_dag' retrieved from /Users/aswin/Documents/data-engineering-practice/ETL_Airflow_DBT/airflow/airflow_env/lib/python3.11/site-packages/airflow/example_dags/example_skip_dag.py
[2026-04-01T06:25:35.378+0530] {logging_mixin.py:188} INFO - [2026-04-01T06:25:35.377+0530] {dag.py:3096} INFO - Sync 1 DAGs
[2026-04-01T06:25:35.387+0530] {logging_mixin.py:188} INFO - [2026-04-01T06:25:35.387+0530] {dag.py:3954} INFO - Setting next_dagrun for example_skip_dag to 2026-03-31 00:00:00+00:00, run_after=2026-04-01 00:00:00+00:00
[2026-04-01T06:25:35.396+0530] {processor.py:183} INFO - Processing /Users/aswin/Documents/data-engineering-practice/ETL_Airflow_DBT/airflow/airflow_env/lib/python3.11/site-packages/airflow/example_dags/example_skip_dag.py took 0.074 seconds
[2026-04-01T06:26:07.550+0530] {processor.py:161} INFO - Started process (PID=79390) to work on /Users/aswin/Documents/data-engineering-practice/ETL_Airflow_DBT/airflow/airflow_env/lib/python3.11/site-packages/airflow/example_dags/example_skip_dag.py
[2026-04-01T06:26:07.551+0530] {processor.py:830} INFO - Processing file /Users/aswin/Documents/data-engineering-practice/ETL_Airflow_DBT/airflow/airflow_env/lib/python3.11/site-packages/airflow/example_dags/example_skip_dag.py for tasks to queue
[2026-04-01T06:26:07.551+0530] {logging_mixin.py:188} INFO - [2026-04-01T06:26:07.551+0530] {dagbag.py:540} INFO - Filling up the DagBag from /Users/aswin/Documents/data-engineering-practice/ETL_Airflow_DBT/airflow/airflow_env/lib/python3.11/site-packages/airflow/example_dags/example_skip_dag.py
[2026-04-01T06:26:07.555+0530] {processor.py:840} INFO - DAG(s) 'example_skip_dag' retrieved from /Users/aswin/Documents/data-engineering-practice/ETL_Airflow_DBT/airflow/airflow_env/lib/python3.11/site-packages/airflow/example_dags/example_skip_dag.py
[2026-04-01T06:26:07.612+0530] {logging_mixin.py:188} INFO - [2026-04-01T06:26:07.611+0530] {dag.py:3096} INFO - Sync 1 DAGs
[2026-04-01T06:26:07.622+0530] {logging_mixin.py:188} INFO - [2026-04-01T06:26:07.622+0530] {dag.py:3954} INFO - Setting next_dagrun for example_skip_dag to 2026-03-31 00:00:00+00:00, run_after=2026-04-01 00:00:00+00:00
[2026-04-01T06:26:07.630+0530] {processor.py:183} INFO - Processing /Users/aswin/Documents/data-engineering-practice/ETL_Airflow_DBT/airflow/airflow_env/lib/python3.11/site-packages/airflow/example_dags/example_skip_dag.py took 0.082 seconds
[2026-04-01T06:26:38.528+0530] {processor.py:161} INFO - Started process (PID=79502) to work on /Users/aswin/Documents/data-engineering-practice/ETL_Airflow_DBT/airflow/airflow_env/lib/python3.11/site-packages/airflow/example_dags/example_skip_dag.py
[2026-04-01T06:26:38.529+0530] {processor.py:830} INFO - Processing file /Users/aswin/Documents/data-engineering-practice/ETL_Airflow_DBT/airflow/airflow_env/lib/python3.11/site-packages/airflow/example_dags/example_skip_dag.py for tasks to queue
[2026-04-01T06:26:38.529+0530] {logging_mixin.py:188} INFO - [2026-04-01T06:26:38.529+0530] {dagbag.py:540} INFO - Filling up the DagBag from /Users/aswin/Documents/data-engineering-practice/ETL_Airflow_DBT/airflow/airflow_env/lib/python3.11/site-packages/airflow/example_dags/example_skip_dag.py
[2026-04-01T06:26:38.532+0530] {processor.py:840} INFO - DAG(s) 'example_skip_dag' retrieved from /Users/aswin/Documents/data-engineering-practice/ETL_Airflow_DBT/airflow/airflow_env/lib/python3.11/site-packages/airflow/example_dags/example_skip_dag.py
[2026-04-01T06:26:38.589+0530] {logging_mixin.py:188} INFO - [2026-04-01T06:26:38.588+0530] {dag.py:3096} INFO - Sync 1 DAGs
[2026-04-01T06:26:38.600+0530] {logging_mixin.py:188} INFO - [2026-04-01T06:26:38.600+0530] {dag.py:3954} INFO - Setting next_dagrun for example_skip_dag to 2026-03-31 00:00:00+00:00, run_after=2026-04-01 00:00:00+00:00
[2026-04-01T06:26:38.609+0530] {processor.py:183} INFO - Processing /Users/aswin/Documents/data-engineering-practice/ETL_Airflow_DBT/airflow/airflow_env/lib/python3.11/site-packages/airflow/example_dags/example_skip_dag.py took 0.082 seconds
[2026-04-01T06:27:09.567+0530] {processor.py:161} INFO - Started process (PID=79614) to work on /Users/aswin/Documents/data-engineering-practice/ETL_Airflow_DBT/airflow/airflow_env/lib/python3.11/site-packages/airflow/example_dags/example_skip_dag.py
[2026-04-01T06:27:09.568+0530] {processor.py:830} INFO - Processing file /Users/aswin/Documents/data-engineering-practice/ETL_Airflow_DBT/airflow/airflow_env/lib/python3.11/site-packages/airflow/example_dags/example_skip_dag.py for tasks to queue
[2026-04-01T06:27:09.568+0530] {logging_mixin.py:188} INFO - [2026-04-01T06:27:09.568+0530] {dagbag.py:540} INFO - Filling up the DagBag from /Users/aswin/Documents/data-engineering-practice/ETL_Airflow_DBT/airflow/airflow_env/lib/python3.11/site-packages/airflow/example_dags/example_skip_dag.py
[2026-04-01T06:27:09.571+0530] {processor.py:840} INFO - DAG(s) 'example_skip_dag' retrieved from /Users/aswin/Documents/data-engineering-practice/ETL_Airflow_DBT/airflow/airflow_env/lib/python3.11/site-packages/airflow/example_dags/example_skip_dag.py
[2026-04-01T06:27:09.627+0530] {logging_mixin.py:188} INFO - [2026-04-01T06:27:09.627+0530] {dag.py:3096} INFO - Sync 1 DAGs
[2026-04-01T06:27:09.641+0530] {logging_mixin.py:188} INFO - [2026-04-01T06:27:09.641+0530] {dag.py:3954} INFO - Setting next_dagrun for example_skip_dag to 2026-03-31 00:00:00+00:00, run_after=2026-04-01 00:00:00+00:00
[2026-04-01T06:27:09.652+0530] {processor.py:183} INFO - Processing /Users/aswin/Documents/data-engineering-practice/ETL_Airflow_DBT/airflow/airflow_env/lib/python3.11/site-packages/airflow/example_dags/example_skip_dag.py took 0.086 seconds
[2026-04-01T06:27:40.854+0530] {processor.py:161} INFO - Started process (PID=79730) to work on /Users/aswin/Documents/data-engineering-practice/ETL_Airflow_DBT/airflow/airflow_env/lib/python3.11/site-packages/airflow/example_dags/example_skip_dag.py
[2026-04-01T06:27:40.855+0530] {processor.py:830} INFO - Processing file /Users/aswin/Documents/data-engineering-practice/ETL_Airflow_DBT/airflow/airflow_env/lib/python3.11/site-packages/airflow/example_dags/example_skip_dag.py for tasks to queue
[2026-04-01T06:27:40.855+0530] {logging_mixin.py:188} INFO - [2026-04-01T06:27:40.855+0530] {dagbag.py:540} INFO - Filling up the DagBag from /Users/aswin/Documents/data-engineering-practice/ETL_Airflow_DBT/airflow/airflow_env/lib/python3.11/site-packages/airflow/example_dags/example_skip_dag.py
[2026-04-01T06:27:40.858+0530] {processor.py:840} INFO - DAG(s) 'example_skip_dag' retrieved from /Users/aswin/Documents/data-engineering-practice/ETL_Airflow_DBT/airflow/airflow_env/lib/python3.11/site-packages/airflow/example_dags/example_skip_dag.py
[2026-04-01T06:27:40.911+0530] {logging_mixin.py:188} INFO - [2026-04-01T06:27:40.911+0530] {dag.py:3096} INFO - Sync 1 DAGs
[2026-04-01T06:27:40.921+0530] {logging_mixin.py:188} INFO - [2026-04-01T06:27:40.921+0530] {dag.py:3954} INFO - Setting next_dagrun for example_skip_dag to 2026-03-31 00:00:00+00:00, run_after=2026-04-01 00:00:00+00:00
[2026-04-01T06:27:40.929+0530] {processor.py:183} INFO - Processing /Users/aswin/Documents/data-engineering-practice/ETL_Airflow_DBT/airflow/airflow_env/lib/python3.11/site-packages/airflow/example_dags/example_skip_dag.py took 0.076 seconds
[2026-04-01T07:35:30.580+0530] {processor.py:161} INFO - Started process (PID=80506) to work on /Users/aswin/Documents/data-engineering-practice/ETL_Airflow_DBT/airflow/airflow_env/lib/python3.11/site-packages/airflow/example_dags/example_skip_dag.py
[2026-04-01T07:35:30.581+0530] {processor.py:830} INFO - Processing file /Users/aswin/Documents/data-engineering-practice/ETL_Airflow_DBT/airflow/airflow_env/lib/python3.11/site-packages/airflow/example_dags/example_skip_dag.py for tasks to queue
[2026-04-01T07:35:30.582+0530] {logging_mixin.py:188} INFO - [2026-04-01T07:35:30.582+0530] {dagbag.py:540} INFO - Filling up the DagBag from /Users/aswin/Documents/data-engineering-practice/ETL_Airflow_DBT/airflow/airflow_env/lib/python3.11/site-packages/airflow/example_dags/example_skip_dag.py
[2026-04-01T07:35:30.585+0530] {processor.py:840} INFO - DAG(s) 'example_skip_dag' retrieved from /Users/aswin/Documents/data-engineering-practice/ETL_Airflow_DBT/airflow/airflow_env/lib/python3.11/site-packages/airflow/example_dags/example_skip_dag.py
[2026-04-01T07:35:30.640+0530] {logging_mixin.py:188} INFO - [2026-04-01T07:35:30.640+0530] {dag.py:3096} INFO - Sync 1 DAGs
[2026-04-01T07:35:30.654+0530] {logging_mixin.py:188} INFO - [2026-04-01T07:35:30.654+0530] {dag.py:3954} INFO - Setting next_dagrun for example_skip_dag to 2026-03-31 00:00:00+00:00, run_after=2026-04-01 00:00:00+00:00
[2026-04-01T07:35:30.661+0530] {processor.py:183} INFO - Processing /Users/aswin/Documents/data-engineering-practice/ETL_Airflow_DBT/airflow/airflow_env/lib/python3.11/site-packages/airflow/example_dags/example_skip_dag.py took 0.082 seconds
[2026-04-01T07:36:01.686+0530] {processor.py:161} INFO - Started process (PID=80657) to work on /Users/aswin/Documents/data-engineering-practice/ETL_Airflow_DBT/airflow/airflow_env/lib/python3.11/site-packages/airflow/example_dags/example_skip_dag.py
[2026-04-01T07:36:01.687+0530] {processor.py:830} INFO - Processing file /Users/aswin/Documents/data-engineering-practice/ETL_Airflow_DBT/airflow/airflow_env/lib/python3.11/site-packages/airflow/example_dags/example_skip_dag.py for tasks to queue
[2026-04-01T07:36:01.687+0530] {logging_mixin.py:188} INFO - [2026-04-01T07:36:01.687+0530] {dagbag.py:540} INFO - Filling up the DagBag from /Users/aswin/Documents/data-engineering-practice/ETL_Airflow_DBT/airflow/airflow_env/lib/python3.11/site-packages/airflow/example_dags/example_skip_dag.py
[2026-04-01T07:36:01.691+0530] {processor.py:840} INFO - DAG(s) 'example_skip_dag' retrieved from /Users/aswin/Documents/data-engineering-practice/ETL_Airflow_DBT/airflow/airflow_env/lib/python3.11/site-packages/airflow/example_dags/example_skip_dag.py
[2026-04-01T07:36:01.744+0530] {logging_mixin.py:188} INFO - [2026-04-01T07:36:01.744+0530] {dag.py:3096} INFO - Sync 1 DAGs
[2026-04-01T07:36:01.754+0530] {logging_mixin.py:188} INFO - [2026-04-01T07:36:01.754+0530] {dag.py:3954} INFO - Setting next_dagrun for example_skip_dag to 2026-03-31 00:00:00+00:00, run_after=2026-04-01 00:00:00+00:00
[2026-04-01T07:36:01.763+0530] {processor.py:183} INFO - Processing /Users/aswin/Documents/data-engineering-practice/ETL_Airflow_DBT/airflow/airflow_env/lib/python3.11/site-packages/airflow/example_dags/example_skip_dag.py took 0.078 seconds
[2026-04-01T07:36:32.734+0530] {processor.py:161} INFO - Started process (PID=80796) to work on /Users/aswin/Documents/data-engineering-practice/ETL_Airflow_DBT/airflow/airflow_env/lib/python3.11/site-packages/airflow/example_dags/example_skip_dag.py
[2026-04-01T07:36:32.735+0530] {processor.py:830} INFO - Processing file /Users/aswin/Documents/data-engineering-practice/ETL_Airflow_DBT/airflow/airflow_env/lib/python3.11/site-packages/airflow/example_dags/example_skip_dag.py for tasks to queue
[2026-04-01T07:36:32.736+0530] {logging_mixin.py:188} INFO - [2026-04-01T07:36:32.736+0530] {dagbag.py:540} INFO - Filling up the DagBag from /Users/aswin/Documents/data-engineering-practice/ETL_Airflow_DBT/airflow/airflow_env/lib/python3.11/site-packages/airflow/example_dags/example_skip_dag.py
[2026-04-01T07:36:32.739+0530] {processor.py:840} INFO - DAG(s) 'example_skip_dag' retrieved from /Users/aswin/Documents/data-engineering-practice/ETL_Airflow_DBT/airflow/airflow_env/lib/python3.11/site-packages/airflow/example_dags/example_skip_dag.py
[2026-04-01T07:36:32.791+0530] {logging_mixin.py:188} INFO - [2026-04-01T07:36:32.790+0530] {dag.py:3096} INFO - Sync 1 DAGs
[2026-04-01T07:36:32.801+0530] {logging_mixin.py:188} INFO - [2026-04-01T07:36:32.801+0530] {dag.py:3954} INFO - Setting next_dagrun for example_skip_dag to 2026-03-31 00:00:00+00:00, run_after=2026-04-01 00:00:00+00:00
[2026-04-01T07:36:32.809+0530] {processor.py:183} INFO - Processing /Users/aswin/Documents/data-engineering-practice/ETL_Airflow_DBT/airflow/airflow_env/lib/python3.11/site-packages/airflow/example_dags/example_skip_dag.py took 0.076 seconds
[2026-04-01T07:37:03.778+0530] {processor.py:161} INFO - Started process (PID=80921) to work on /Users/aswin/Documents/data-engineering-practice/ETL_Airflow_DBT/airflow/airflow_env/lib/python3.11/site-packages/airflow/example_dags/example_skip_dag.py
[2026-04-01T07:37:03.779+0530] {processor.py:830} INFO - Processing file /Users/aswin/Documents/data-engineering-practice/ETL_Airflow_DBT/airflow/airflow_env/lib/python3.11/site-packages/airflow/example_dags/example_skip_dag.py for tasks to queue
[2026-04-01T07:37:03.779+0530] {logging_mixin.py:188} INFO - [2026-04-01T07:37:03.779+0530] {dagbag.py:540} INFO - Filling up the DagBag from /Users/aswin/Documents/data-engineering-practice/ETL_Airflow_DBT/airflow/airflow_env/lib/python3.11/site-packages/airflow/example_dags/example_skip_dag.py
[2026-04-01T07:37:03.782+0530] {processor.py:840} INFO - DAG(s) 'example_skip_dag' retrieved from /Users/aswin/Documents/data-engineering-practice/ETL_Airflow_DBT/airflow/airflow_env/lib/python3.11/site-packages/airflow/example_dags/example_skip_dag.py
[2026-04-01T07:37:03.836+0530] {logging_mixin.py:188} INFO - [2026-04-01T07:37:03.835+0530] {dag.py:3096} INFO - Sync 1 DAGs
[2026-04-01T07:37:03.846+0530] {logging_mixin.py:188} INFO - [2026-04-01T07:37:03.846+0530] {dag.py:3954} INFO - Setting next_dagrun for example_skip_dag to 2026-03-31 00:00:00+00:00, run_after=2026-04-01 00:00:00+00:00
[2026-04-01T07:37:03.854+0530] {processor.py:183} INFO - Processing /Users/aswin/Documents/data-engineering-practice/ETL_Airflow_DBT/airflow/airflow_env/lib/python3.11/site-packages/airflow/example_dags/example_skip_dag.py took 0.078 seconds
[2026-04-01T07:37:34.829+0530] {processor.py:161} INFO - Started process (PID=81048) to work on /Users/aswin/Documents/data-engineering-practice/ETL_Airflow_DBT/airflow/airflow_env/lib/python3.11/site-packages/airflow/example_dags/example_skip_dag.py
[2026-04-01T07:37:34.830+0530] {processor.py:830} INFO - Processing file /Users/aswin/Documents/data-engineering-practice/ETL_Airflow_DBT/airflow/airflow_env/lib/python3.11/site-packages/airflow/example_dags/example_skip_dag.py for tasks to queue
[2026-04-01T07:37:34.830+0530] {logging_mixin.py:188} INFO - [2026-04-01T07:37:34.830+0530] {dagbag.py:540} INFO - Filling up the DagBag from /Users/aswin/Documents/data-engineering-practice/ETL_Airflow_DBT/airflow/airflow_env/lib/python3.11/site-packages/airflow/example_dags/example_skip_dag.py
[2026-04-01T07:37:34.833+0530] {processor.py:840} INFO - DAG(s) 'example_skip_dag' retrieved from /Users/aswin/Documents/data-engineering-practice/ETL_Airflow_DBT/airflow/airflow_env/lib/python3.11/site-packages/airflow/example_dags/example_skip_dag.py
[2026-04-01T07:37:34.885+0530] {logging_mixin.py:188} INFO - [2026-04-01T07:37:34.885+0530] {dag.py:3096} INFO - Sync 1 DAGs
[2026-04-01T07:37:34.896+0530] {logging_mixin.py:188} INFO - [2026-04-01T07:37:34.896+0530] {dag.py:3954} INFO - Setting next_dagrun for example_skip_dag to 2026-03-31 00:00:00+00:00, run_after=2026-04-01 00:00:00+00:00
[2026-04-01T07:37:34.904+0530] {processor.py:183} INFO - Processing /Users/aswin/Documents/data-engineering-practice/ETL_Airflow_DBT/airflow/airflow_env/lib/python3.11/site-packages/airflow/example_dags/example_skip_dag.py took 0.077 seconds
[2026-04-01T07:38:06.117+0530] {processor.py:161} INFO - Started process (PID=81173) to work on /Users/aswin/Documents/data-engineering-practice/ETL_Airflow_DBT/airflow/airflow_env/lib/python3.11/site-packages/airflow/example_dags/example_skip_dag.py
[2026-04-01T07:38:06.118+0530] {processor.py:830} INFO - Processing file /Users/aswin/Documents/data-engineering-practice/ETL_Airflow_DBT/airflow/airflow_env/lib/python3.11/site-packages/airflow/example_dags/example_skip_dag.py for tasks to queue
[2026-04-01T07:38:06.119+0530] {logging_mixin.py:188} INFO - [2026-04-01T07:38:06.119+0530] {dagbag.py:540} INFO - Filling up the DagBag from /Users/aswin/Documents/data-engineering-practice/ETL_Airflow_DBT/airflow/airflow_env/lib/python3.11/site-packages/airflow/example_dags/example_skip_dag.py
[2026-04-01T07:38:06.122+0530] {processor.py:840} INFO - DAG(s) 'example_skip_dag' retrieved from /Users/aswin/Documents/data-engineering-practice/ETL_Airflow_DBT/airflow/airflow_env/lib/python3.11/site-packages/airflow/example_dags/example_skip_dag.py
[2026-04-01T07:38:06.174+0530] {logging_mixin.py:188} INFO - [2026-04-01T07:38:06.174+0530] {dag.py:3096} INFO - Sync 1 DAGs
[2026-04-01T07:38:06.187+0530] {logging_mixin.py:188} INFO - [2026-04-01T07:38:06.187+0530] {dag.py:3954} INFO - Setting next_dagrun for example_skip_dag to 2026-03-31 00:00:00+00:00, run_after=2026-04-01 00:00:00+00:00
[2026-04-01T07:38:06.195+0530] {processor.py:183} INFO - Processing /Users/aswin/Documents/data-engineering-practice/ETL_Airflow_DBT/airflow/airflow_env/lib/python3.11/site-packages/airflow/example_dags/example_skip_dag.py took 0.079 seconds
[2026-04-01T07:38:37.149+0530] {processor.py:161} INFO - Started process (PID=81297) to work on /Users/aswin/Documents/data-engineering-practice/ETL_Airflow_DBT/airflow/airflow_env/lib/python3.11/site-packages/airflow/example_dags/example_skip_dag.py
[2026-04-01T07:38:37.150+0530] {processor.py:830} INFO - Processing file /Users/aswin/Documents/data-engineering-practice/ETL_Airflow_DBT/airflow/airflow_env/lib/python3.11/site-packages/airflow/example_dags/example_skip_dag.py for tasks to queue
[2026-04-01T07:38:37.150+0530] {logging_mixin.py:188} INFO - [2026-04-01T07:38:37.150+0530] {dagbag.py:540} INFO - Filling up the DagBag from /Users/aswin/Documents/data-engineering-practice/ETL_Airflow_DBT/airflow/airflow_env/lib/python3.11/site-packages/airflow/example_dags/example_skip_dag.py
[2026-04-01T07:38:37.153+0530] {processor.py:840} INFO - DAG(s) 'example_skip_dag' retrieved from /Users/aswin/Documents/data-engineering-practice/ETL_Airflow_DBT/airflow/airflow_env/lib/python3.11/site-packages/airflow/example_dags/example_skip_dag.py
[2026-04-01T07:38:37.205+0530] {logging_mixin.py:188} INFO - [2026-04-01T07:38:37.205+0530] {dag.py:3096} INFO - Sync 1 DAGs
[2026-04-01T07:38:37.216+0530] {logging_mixin.py:188} INFO - [2026-04-01T07:38:37.216+0530] {dag.py:3954} INFO - Setting next_dagrun for example_skip_dag to 2026-03-31 00:00:00+00:00, run_after=2026-04-01 00:00:00+00:00
[2026-04-01T07:38:37.225+0530] {processor.py:183} INFO - Processing /Users/aswin/Documents/data-engineering-practice/ETL_Airflow_DBT/airflow/airflow_env/lib/python3.11/site-packages/airflow/example_dags/example_skip_dag.py took 0.077 seconds
[2026-04-01T07:39:08.378+0530] {processor.py:161} INFO - Started process (PID=81426) to work on /Users/aswin/Documents/data-engineering-practice/ETL_Airflow_DBT/airflow/airflow_env/lib/python3.11/site-packages/airflow/example_dags/example_skip_dag.py
[2026-04-01T07:39:08.379+0530] {processor.py:830} INFO - Processing file /Users/aswin/Documents/data-engineering-practice/ETL_Airflow_DBT/airflow/airflow_env/lib/python3.11/site-packages/airflow/example_dags/example_skip_dag.py for tasks to queue
[2026-04-01T07:39:08.379+0530] {logging_mixin.py:188} INFO - [2026-04-01T07:39:08.379+0530] {dagbag.py:540} INFO - Filling up the DagBag from /Users/aswin/Documents/data-engineering-practice/ETL_Airflow_DBT/airflow/airflow_env/lib/python3.11/site-packages/airflow/example_dags/example_skip_dag.py
[2026-04-01T07:39:08.382+0530] {processor.py:840} INFO - DAG(s) 'example_skip_dag' retrieved from /Users/aswin/Documents/data-engineering-practice/ETL_Airflow_DBT/airflow/airflow_env/lib/python3.11/site-packages/airflow/example_dags/example_skip_dag.py
[2026-04-01T07:39:08.443+0530] {logging_mixin.py:188} INFO - [2026-04-01T07:39:08.443+0530] {dag.py:3096} INFO - Sync 1 DAGs
[2026-04-01T07:39:08.455+0530] {logging_mixin.py:188} INFO - [2026-04-01T07:39:08.454+0530] {dag.py:3954} INFO - Setting next_dagrun for example_skip_dag to 2026-03-31 00:00:00+00:00, run_after=2026-04-01 00:00:00+00:00
[2026-04-01T07:39:08.463+0530] {processor.py:183} INFO - Processing /Users/aswin/Documents/data-engineering-practice/ETL_Airflow_DBT/airflow/airflow_env/lib/python3.11/site-packages/airflow/example_dags/example_skip_dag.py took 0.085 seconds
[2026-04-01T07:39:39.641+0530] {processor.py:161} INFO - Started process (PID=81550) to work on /Users/aswin/Documents/data-engineering-practice/ETL_Airflow_DBT/airflow/airflow_env/lib/python3.11/site-packages/airflow/example_dags/example_skip_dag.py
[2026-04-01T07:39:39.642+0530] {processor.py:830} INFO - Processing file /Users/aswin/Documents/data-engineering-practice/ETL_Airflow_DBT/airflow/airflow_env/lib/python3.11/site-packages/airflow/example_dags/example_skip_dag.py for tasks to queue
[2026-04-01T07:39:39.642+0530] {logging_mixin.py:188} INFO - [2026-04-01T07:39:39.642+0530] {dagbag.py:540} INFO - Filling up the DagBag from /Users/aswin/Documents/data-engineering-practice/ETL_Airflow_DBT/airflow/airflow_env/lib/python3.11/site-packages/airflow/example_dags/example_skip_dag.py
[2026-04-01T07:39:39.645+0530] {processor.py:840} INFO - DAG(s) 'example_skip_dag' retrieved from /Users/aswin/Documents/data-engineering-practice/ETL_Airflow_DBT/airflow/airflow_env/lib/python3.11/site-packages/airflow/example_dags/example_skip_dag.py
[2026-04-01T07:39:39.698+0530] {logging_mixin.py:188} INFO - [2026-04-01T07:39:39.698+0530] {dag.py:3096} INFO - Sync 1 DAGs
[2026-04-01T07:39:39.709+0530] {logging_mixin.py:188} INFO - [2026-04-01T07:39:39.709+0530] {dag.py:3954} INFO - Setting next_dagrun for example_skip_dag to 2026-03-31 00:00:00+00:00, run_after=2026-04-01 00:00:00+00:00
[2026-04-01T07:39:39.718+0530] {processor.py:183} INFO - Processing /Users/aswin/Documents/data-engineering-practice/ETL_Airflow_DBT/airflow/airflow_env/lib/python3.11/site-packages/airflow/example_dags/example_skip_dag.py took 0.078 seconds
[2026-04-01T07:40:10.797+0530] {processor.py:161} INFO - Started process (PID=81676) to work on /Users/aswin/Documents/data-engineering-practice/ETL_Airflow_DBT/airflow/airflow_env/lib/python3.11/site-packages/airflow/example_dags/example_skip_dag.py
[2026-04-01T07:40:10.798+0530] {processor.py:830} INFO - Processing file /Users/aswin/Documents/data-engineering-practice/ETL_Airflow_DBT/airflow/airflow_env/lib/python3.11/site-packages/airflow/example_dags/example_skip_dag.py for tasks to queue
[2026-04-01T07:40:10.798+0530] {logging_mixin.py:188} INFO - [2026-04-01T07:40:10.798+0530] {dagbag.py:540} INFO - Filling up the DagBag from /Users/aswin/Documents/data-engineering-practice/ETL_Airflow_DBT/airflow/airflow_env/lib/python3.11/site-packages/airflow/example_dags/example_skip_dag.py
[2026-04-01T07:40:10.801+0530] {processor.py:840} INFO - DAG(s) 'example_skip_dag' retrieved from /Users/aswin/Documents/data-engineering-practice/ETL_Airflow_DBT/airflow/airflow_env/lib/python3.11/site-packages/airflow/example_dags/example_skip_dag.py
[2026-04-01T07:40:10.852+0530] {logging_mixin.py:188} INFO - [2026-04-01T07:40:10.852+0530] {dag.py:3096} INFO - Sync 1 DAGs
[2026-04-01T07:40:10.863+0530] {logging_mixin.py:188} INFO - [2026-04-01T07:40:10.863+0530] {dag.py:3954} INFO - Setting next_dagrun for example_skip_dag to 2026-03-31 00:00:00+00:00, run_after=2026-04-01 00:00:00+00:00
[2026-04-01T07:40:10.872+0530] {processor.py:183} INFO - Processing /Users/aswin/Documents/data-engineering-practice/ETL_Airflow_DBT/airflow/airflow_env/lib/python3.11/site-packages/airflow/example_dags/example_skip_dag.py took 0.077 seconds
[2026-04-01T07:40:42.051+0530] {processor.py:161} INFO - Started process (PID=81802) to work on /Users/aswin/Documents/data-engineering-practice/ETL_Airflow_DBT/airflow/airflow_env/lib/python3.11/site-packages/airflow/example_dags/example_skip_dag.py
[2026-04-01T07:40:42.053+0530] {processor.py:830} INFO - Processing file /Users/aswin/Documents/data-engineering-practice/ETL_Airflow_DBT/airflow/airflow_env/lib/python3.11/site-packages/airflow/example_dags/example_skip_dag.py for tasks to queue
[2026-04-01T07:40:42.053+0530] {logging_mixin.py:188} INFO - [2026-04-01T07:40:42.053+0530] {dagbag.py:540} INFO - Filling up the DagBag from /Users/aswin/Documents/data-engineering-practice/ETL_Airflow_DBT/airflow/airflow_env/lib/python3.11/site-packages/airflow/example_dags/example_skip_dag.py
[2026-04-01T07:40:42.056+0530] {processor.py:840} INFO - DAG(s) 'example_skip_dag' retrieved from /Users/aswin/Documents/data-engineering-practice/ETL_Airflow_DBT/airflow/airflow_env/lib/python3.11/site-packages/airflow/example_dags/example_skip_dag.py
[2026-04-01T07:40:42.109+0530] {logging_mixin.py:188} INFO - [2026-04-01T07:40:42.109+0530] {dag.py:3096} INFO - Sync 1 DAGs
[2026-04-01T07:40:42.121+0530] {logging_mixin.py:188} INFO - [2026-04-01T07:40:42.121+0530] {dag.py:3954} INFO - Setting next_dagrun for example_skip_dag to 2026-03-31 00:00:00+00:00, run_after=2026-04-01 00:00:00+00:00
[2026-04-01T07:40:42.130+0530] {processor.py:183} INFO - Processing /Users/aswin/Documents/data-engineering-practice/ETL_Airflow_DBT/airflow/airflow_env/lib/python3.11/site-packages/airflow/example_dags/example_skip_dag.py took 0.080 seconds
[2026-04-01T07:41:13.224+0530] {processor.py:161} INFO - Started process (PID=81927) to work on /Users/aswin/Documents/data-engineering-practice/ETL_Airflow_DBT/airflow/airflow_env/lib/python3.11/site-packages/airflow/example_dags/example_skip_dag.py
[2026-04-01T07:41:13.224+0530] {processor.py:830} INFO - Processing file /Users/aswin/Documents/data-engineering-practice/ETL_Airflow_DBT/airflow/airflow_env/lib/python3.11/site-packages/airflow/example_dags/example_skip_dag.py for tasks to queue
[2026-04-01T07:41:13.225+0530] {logging_mixin.py:188} INFO - [2026-04-01T07:41:13.224+0530] {dagbag.py:540} INFO - Filling up the DagBag from /Users/aswin/Documents/data-engineering-practice/ETL_Airflow_DBT/airflow/airflow_env/lib/python3.11/site-packages/airflow/example_dags/example_skip_dag.py
[2026-04-01T07:41:13.228+0530] {processor.py:840} INFO - DAG(s) 'example_skip_dag' retrieved from /Users/aswin/Documents/data-engineering-practice/ETL_Airflow_DBT/airflow/airflow_env/lib/python3.11/site-packages/airflow/example_dags/example_skip_dag.py
[2026-04-01T07:41:13.281+0530] {logging_mixin.py:188} INFO - [2026-04-01T07:41:13.281+0530] {dag.py:3096} INFO - Sync 1 DAGs
[2026-04-01T07:41:13.293+0530] {logging_mixin.py:188} INFO - [2026-04-01T07:41:13.293+0530] {dag.py:3954} INFO - Setting next_dagrun for example_skip_dag to 2026-03-31 00:00:00+00:00, run_after=2026-04-01 00:00:00+00:00
[2026-04-01T07:41:13.302+0530] {processor.py:183} INFO - Processing /Users/aswin/Documents/data-engineering-practice/ETL_Airflow_DBT/airflow/airflow_env/lib/python3.11/site-packages/airflow/example_dags/example_skip_dag.py took 0.079 seconds
[2026-04-01T07:41:44.395+0530] {processor.py:161} INFO - Started process (PID=82053) to work on /Users/aswin/Documents/data-engineering-practice/ETL_Airflow_DBT/airflow/airflow_env/lib/python3.11/site-packages/airflow/example_dags/example_skip_dag.py
[2026-04-01T07:41:44.396+0530] {processor.py:830} INFO - Processing file /Users/aswin/Documents/data-engineering-practice/ETL_Airflow_DBT/airflow/airflow_env/lib/python3.11/site-packages/airflow/example_dags/example_skip_dag.py for tasks to queue
[2026-04-01T07:41:44.397+0530] {logging_mixin.py:188} INFO - [2026-04-01T07:41:44.397+0530] {dagbag.py:540} INFO - Filling up the DagBag from /Users/aswin/Documents/data-engineering-practice/ETL_Airflow_DBT/airflow/airflow_env/lib/python3.11/site-packages/airflow/example_dags/example_skip_dag.py
[2026-04-01T07:41:44.400+0530] {processor.py:840} INFO - DAG(s) 'example_skip_dag' retrieved from /Users/aswin/Documents/data-engineering-practice/ETL_Airflow_DBT/airflow/airflow_env/lib/python3.11/site-packages/airflow/example_dags/example_skip_dag.py
[2026-04-01T07:41:44.454+0530] {logging_mixin.py:188} INFO - [2026-04-01T07:41:44.454+0530] {dag.py:3096} INFO - Sync 1 DAGs
[2026-04-01T07:41:44.467+0530] {logging_mixin.py:188} INFO - [2026-04-01T07:41:44.467+0530] {dag.py:3954} INFO - Setting next_dagrun for example_skip_dag to 2026-03-31 00:00:00+00:00, run_after=2026-04-01 00:00:00+00:00
[2026-04-01T07:41:44.477+0530] {processor.py:183} INFO - Processing /Users/aswin/Documents/data-engineering-practice/ETL_Airflow_DBT/airflow/airflow_env/lib/python3.11/site-packages/airflow/example_dags/example_skip_dag.py took 0.083 seconds
[2026-04-01T07:42:15.495+0530] {processor.py:161} INFO - Started process (PID=82180) to work on /Users/aswin/Documents/data-engineering-practice/ETL_Airflow_DBT/airflow/airflow_env/lib/python3.11/site-packages/airflow/example_dags/example_skip_dag.py
[2026-04-01T07:42:15.496+0530] {processor.py:830} INFO - Processing file /Users/aswin/Documents/data-engineering-practice/ETL_Airflow_DBT/airflow/airflow_env/lib/python3.11/site-packages/airflow/example_dags/example_skip_dag.py for tasks to queue
[2026-04-01T07:42:15.496+0530] {logging_mixin.py:188} INFO - [2026-04-01T07:42:15.496+0530] {dagbag.py:540} INFO - Filling up the DagBag from /Users/aswin/Documents/data-engineering-practice/ETL_Airflow_DBT/airflow/airflow_env/lib/python3.11/site-packages/airflow/example_dags/example_skip_dag.py
[2026-04-01T07:42:15.499+0530] {processor.py:840} INFO - DAG(s) 'example_skip_dag' retrieved from /Users/aswin/Documents/data-engineering-practice/ETL_Airflow_DBT/airflow/airflow_env/lib/python3.11/site-packages/airflow/example_dags/example_skip_dag.py
[2026-04-01T07:42:15.551+0530] {logging_mixin.py:188} INFO - [2026-04-01T07:42:15.551+0530] {dag.py:3096} INFO - Sync 1 DAGs
[2026-04-01T07:42:15.563+0530] {logging_mixin.py:188} INFO - [2026-04-01T07:42:15.563+0530] {dag.py:3954} INFO - Setting next_dagrun for example_skip_dag to 2026-03-31 00:00:00+00:00, run_after=2026-04-01 00:00:00+00:00
[2026-04-01T07:42:15.572+0530] {processor.py:183} INFO - Processing /Users/aswin/Documents/data-engineering-practice/ETL_Airflow_DBT/airflow/airflow_env/lib/python3.11/site-packages/airflow/example_dags/example_skip_dag.py took 0.078 seconds
[2026-04-01T07:42:46.789+0530] {processor.py:161} INFO - Started process (PID=82348) to work on /Users/aswin/Documents/data-engineering-practice/ETL_Airflow_DBT/airflow/airflow_env/lib/python3.11/site-packages/airflow/example_dags/example_skip_dag.py
[2026-04-01T07:42:46.790+0530] {processor.py:830} INFO - Processing file /Users/aswin/Documents/data-engineering-practice/ETL_Airflow_DBT/airflow/airflow_env/lib/python3.11/site-packages/airflow/example_dags/example_skip_dag.py for tasks to queue
[2026-04-01T07:42:46.790+0530] {logging_mixin.py:188} INFO - [2026-04-01T07:42:46.790+0530] {dagbag.py:540} INFO - Filling up the DagBag from /Users/aswin/Documents/data-engineering-practice/ETL_Airflow_DBT/airflow/airflow_env/lib/python3.11/site-packages/airflow/example_dags/example_skip_dag.py
[2026-04-01T07:42:46.793+0530] {processor.py:840} INFO - DAG(s) 'example_skip_dag' retrieved from /Users/aswin/Documents/data-engineering-practice/ETL_Airflow_DBT/airflow/airflow_env/lib/python3.11/site-packages/airflow/example_dags/example_skip_dag.py
[2026-04-01T07:42:46.848+0530] {logging_mixin.py:188} INFO - [2026-04-01T07:42:46.847+0530] {dag.py:3096} INFO - Sync 1 DAGs
[2026-04-01T07:42:46.860+0530] {logging_mixin.py:188} INFO - [2026-04-01T07:42:46.860+0530] {dag.py:3954} INFO - Setting next_dagrun for example_skip_dag to 2026-03-31 00:00:00+00:00, run_after=2026-04-01 00:00:00+00:00
[2026-04-01T07:42:46.870+0530] {processor.py:183} INFO - Processing /Users/aswin/Documents/data-engineering-practice/ETL_Airflow_DBT/airflow/airflow_env/lib/python3.11/site-packages/airflow/example_dags/example_skip_dag.py took 0.083 seconds
[2026-04-01T07:43:17.953+0530] {processor.py:161} INFO - Started process (PID=82484) to work on /Users/aswin/Documents/data-engineering-practice/ETL_Airflow_DBT/airflow/airflow_env/lib/python3.11/site-packages/airflow/example_dags/example_skip_dag.py
[2026-04-01T07:43:17.954+0530] {processor.py:830} INFO - Processing file /Users/aswin/Documents/data-engineering-practice/ETL_Airflow_DBT/airflow/airflow_env/lib/python3.11/site-packages/airflow/example_dags/example_skip_dag.py for tasks to queue
[2026-04-01T07:43:17.954+0530] {logging_mixin.py:188} INFO - [2026-04-01T07:43:17.954+0530] {dagbag.py:540} INFO - Filling up the DagBag from /Users/aswin/Documents/data-engineering-practice/ETL_Airflow_DBT/airflow/airflow_env/lib/python3.11/site-packages/airflow/example_dags/example_skip_dag.py
[2026-04-01T07:43:17.957+0530] {processor.py:840} INFO - DAG(s) 'example_skip_dag' retrieved from /Users/aswin/Documents/data-engineering-practice/ETL_Airflow_DBT/airflow/airflow_env/lib/python3.11/site-packages/airflow/example_dags/example_skip_dag.py
[2026-04-01T07:43:18.010+0530] {logging_mixin.py:188} INFO - [2026-04-01T07:43:18.009+0530] {dag.py:3096} INFO - Sync 1 DAGs
[2026-04-01T07:43:18.023+0530] {logging_mixin.py:188} INFO - [2026-04-01T07:43:18.023+0530] {dag.py:3954} INFO - Setting next_dagrun for example_skip_dag to 2026-03-31 00:00:00+00:00, run_after=2026-04-01 00:00:00+00:00
[2026-04-01T07:43:18.034+0530] {processor.py:183} INFO - Processing /Users/aswin/Documents/data-engineering-practice/ETL_Airflow_DBT/airflow/airflow_env/lib/python3.11/site-packages/airflow/example_dags/example_skip_dag.py took 0.082 seconds
[2026-04-01T07:43:49.093+0530] {processor.py:161} INFO - Started process (PID=82608) to work on /Users/aswin/Documents/data-engineering-practice/ETL_Airflow_DBT/airflow/airflow_env/lib/python3.11/site-packages/airflow/example_dags/example_skip_dag.py
[2026-04-01T07:43:49.093+0530] {processor.py:830} INFO - Processing file /Users/aswin/Documents/data-engineering-practice/ETL_Airflow_DBT/airflow/airflow_env/lib/python3.11/site-packages/airflow/example_dags/example_skip_dag.py for tasks to queue
[2026-04-01T07:43:49.093+0530] {logging_mixin.py:188} INFO - [2026-04-01T07:43:49.093+0530] {dagbag.py:540} INFO - Filling up the DagBag from /Users/aswin/Documents/data-engineering-practice/ETL_Airflow_DBT/airflow/airflow_env/lib/python3.11/site-packages/airflow/example_dags/example_skip_dag.py
[2026-04-01T07:43:49.096+0530] {processor.py:840} INFO - DAG(s) 'example_skip_dag' retrieved from /Users/aswin/Documents/data-engineering-practice/ETL_Airflow_DBT/airflow/airflow_env/lib/python3.11/site-packages/airflow/example_dags/example_skip_dag.py
[2026-04-01T07:43:49.149+0530] {logging_mixin.py:188} INFO - [2026-04-01T07:43:49.148+0530] {dag.py:3096} INFO - Sync 1 DAGs
[2026-04-01T07:43:49.159+0530] {logging_mixin.py:188} INFO - [2026-04-01T07:43:49.159+0530] {dag.py:3954} INFO - Setting next_dagrun for example_skip_dag to 2026-03-31 00:00:00+00:00, run_after=2026-04-01 00:00:00+00:00
[2026-04-01T07:43:49.171+0530] {processor.py:183} INFO - Processing /Users/aswin/Documents/data-engineering-practice/ETL_Airflow_DBT/airflow/airflow_env/lib/python3.11/site-packages/airflow/example_dags/example_skip_dag.py took 0.080 seconds
[2026-04-01T07:44:20.162+0530] {processor.py:161} INFO - Started process (PID=82749) to work on /Users/aswin/Documents/data-engineering-practice/ETL_Airflow_DBT/airflow/airflow_env/lib/python3.11/site-packages/airflow/example_dags/example_skip_dag.py
[2026-04-01T07:44:20.162+0530] {processor.py:830} INFO - Processing file /Users/aswin/Documents/data-engineering-practice/ETL_Airflow_DBT/airflow/airflow_env/lib/python3.11/site-packages/airflow/example_dags/example_skip_dag.py for tasks to queue
[2026-04-01T07:44:20.163+0530] {logging_mixin.py:188} INFO - [2026-04-01T07:44:20.162+0530] {dagbag.py:540} INFO - Filling up the DagBag from /Users/aswin/Documents/data-engineering-practice/ETL_Airflow_DBT/airflow/airflow_env/lib/python3.11/site-packages/airflow/example_dags/example_skip_dag.py
[2026-04-01T07:44:20.166+0530] {processor.py:840} INFO - DAG(s) 'example_skip_dag' retrieved from /Users/aswin/Documents/data-engineering-practice/ETL_Airflow_DBT/airflow/airflow_env/lib/python3.11/site-packages/airflow/example_dags/example_skip_dag.py
[2026-04-01T07:44:20.219+0530] {logging_mixin.py:188} INFO - [2026-04-01T07:44:20.219+0530] {dag.py:3096} INFO - Sync 1 DAGs
[2026-04-01T07:44:20.230+0530] {logging_mixin.py:188} INFO - [2026-04-01T07:44:20.230+0530] {dag.py:3954} INFO - Setting next_dagrun for example_skip_dag to 2026-03-31 00:00:00+00:00, run_after=2026-04-01 00:00:00+00:00
[2026-04-01T07:44:20.242+0530] {processor.py:183} INFO - Processing /Users/aswin/Documents/data-engineering-practice/ETL_Airflow_DBT/airflow/airflow_env/lib/python3.11/site-packages/airflow/example_dags/example_skip_dag.py took 0.081 seconds
[2026-04-01T07:44:51.518+0530] {processor.py:161} INFO - Started process (PID=82876) to work on /Users/aswin/Documents/data-engineering-practice/ETL_Airflow_DBT/airflow/airflow_env/lib/python3.11/site-packages/airflow/example_dags/example_skip_dag.py
[2026-04-01T07:44:51.519+0530] {processor.py:830} INFO - Processing file /Users/aswin/Documents/data-engineering-practice/ETL_Airflow_DBT/airflow/airflow_env/lib/python3.11/site-packages/airflow/example_dags/example_skip_dag.py for tasks to queue
[2026-04-01T07:44:51.519+0530] {logging_mixin.py:188} INFO - [2026-04-01T07:44:51.519+0530] {dagbag.py:540} INFO - Filling up the DagBag from /Users/aswin/Documents/data-engineering-practice/ETL_Airflow_DBT/airflow/airflow_env/lib/python3.11/site-packages/airflow/example_dags/example_skip_dag.py
[2026-04-01T07:44:51.522+0530] {processor.py:840} INFO - DAG(s) 'example_skip_dag' retrieved from /Users/aswin/Documents/data-engineering-practice/ETL_Airflow_DBT/airflow/airflow_env/lib/python3.11/site-packages/airflow/example_dags/example_skip_dag.py
[2026-04-01T07:44:51.573+0530] {logging_mixin.py:188} INFO - [2026-04-01T07:44:51.573+0530] {dag.py:3096} INFO - Sync 1 DAGs
[2026-04-01T07:44:51.582+0530] {logging_mixin.py:188} INFO - [2026-04-01T07:44:51.582+0530] {dag.py:3954} INFO - Setting next_dagrun for example_skip_dag to 2026-03-31 00:00:00+00:00, run_after=2026-04-01 00:00:00+00:00
[2026-04-01T07:44:51.589+0530] {processor.py:183} INFO - Processing /Users/aswin/Documents/data-engineering-practice/ETL_Airflow_DBT/airflow/airflow_env/lib/python3.11/site-packages/airflow/example_dags/example_skip_dag.py took 0.072 seconds
[2026-04-01T07:45:22.547+0530] {processor.py:161} INFO - Started process (PID=83003) to work on /Users/aswin/Documents/data-engineering-practice/ETL_Airflow_DBT/airflow/airflow_env/lib/python3.11/site-packages/airflow/example_dags/example_skip_dag.py
[2026-04-01T07:45:22.548+0530] {processor.py:830} INFO - Processing file /Users/aswin/Documents/data-engineering-practice/ETL_Airflow_DBT/airflow/airflow_env/lib/python3.11/site-packages/airflow/example_dags/example_skip_dag.py for tasks to queue
[2026-04-01T07:45:22.548+0530] {logging_mixin.py:188} INFO - [2026-04-01T07:45:22.548+0530] {dagbag.py:540} INFO - Filling up the DagBag from /Users/aswin/Documents/data-engineering-practice/ETL_Airflow_DBT/airflow/airflow_env/lib/python3.11/site-packages/airflow/example_dags/example_skip_dag.py
[2026-04-01T07:45:22.552+0530] {processor.py:840} INFO - DAG(s) 'example_skip_dag' retrieved from /Users/aswin/Documents/data-engineering-practice/ETL_Airflow_DBT/airflow/airflow_env/lib/python3.11/site-packages/airflow/example_dags/example_skip_dag.py
[2026-04-01T07:45:22.603+0530] {logging_mixin.py:188} INFO - [2026-04-01T07:45:22.603+0530] {dag.py:3096} INFO - Sync 1 DAGs
[2026-04-01T07:45:22.613+0530] {logging_mixin.py:188} INFO - [2026-04-01T07:45:22.612+0530] {dag.py:3954} INFO - Setting next_dagrun for example_skip_dag to 2026-03-31 00:00:00+00:00, run_after=2026-04-01 00:00:00+00:00
[2026-04-01T07:45:22.621+0530] {processor.py:183} INFO - Processing /Users/aswin/Documents/data-engineering-practice/ETL_Airflow_DBT/airflow/airflow_env/lib/python3.11/site-packages/airflow/example_dags/example_skip_dag.py took 0.075 seconds
[2026-04-01T07:45:54.133+0530] {processor.py:161} INFO - Started process (PID=83140) to work on /Users/aswin/Documents/data-engineering-practice/ETL_Airflow_DBT/airflow/airflow_env/lib/python3.11/site-packages/airflow/example_dags/example_skip_dag.py
[2026-04-01T07:45:54.135+0530] {processor.py:830} INFO - Processing file /Users/aswin/Documents/data-engineering-practice/ETL_Airflow_DBT/airflow/airflow_env/lib/python3.11/site-packages/airflow/example_dags/example_skip_dag.py for tasks to queue
[2026-04-01T07:45:54.135+0530] {logging_mixin.py:188} INFO - [2026-04-01T07:45:54.135+0530] {dagbag.py:540} INFO - Filling up the DagBag from /Users/aswin/Documents/data-engineering-practice/ETL_Airflow_DBT/airflow/airflow_env/lib/python3.11/site-packages/airflow/example_dags/example_skip_dag.py
[2026-04-01T07:45:54.138+0530] {processor.py:840} INFO - DAG(s) 'example_skip_dag' retrieved from /Users/aswin/Documents/data-engineering-practice/ETL_Airflow_DBT/airflow/airflow_env/lib/python3.11/site-packages/airflow/example_dags/example_skip_dag.py
[2026-04-01T07:45:54.190+0530] {logging_mixin.py:188} INFO - [2026-04-01T07:45:54.190+0530] {dag.py:3096} INFO - Sync 1 DAGs
[2026-04-01T07:45:54.201+0530] {logging_mixin.py:188} INFO - [2026-04-01T07:45:54.201+0530] {dag.py:3954} INFO - Setting next_dagrun for example_skip_dag to 2026-03-31 00:00:00+00:00, run_after=2026-04-01 00:00:00+00:00
[2026-04-01T07:45:54.208+0530] {processor.py:183} INFO - Processing /Users/aswin/Documents/data-engineering-practice/ETL_Airflow_DBT/airflow/airflow_env/lib/python3.11/site-packages/airflow/example_dags/example_skip_dag.py took 0.076 seconds
[2026-04-01T07:46:25.693+0530] {processor.py:161} INFO - Started process (PID=83268) to work on /Users/aswin/Documents/data-engineering-practice/ETL_Airflow_DBT/airflow/airflow_env/lib/python3.11/site-packages/airflow/example_dags/example_skip_dag.py
[2026-04-01T07:46:25.694+0530] {processor.py:830} INFO - Processing file /Users/aswin/Documents/data-engineering-practice/ETL_Airflow_DBT/airflow/airflow_env/lib/python3.11/site-packages/airflow/example_dags/example_skip_dag.py for tasks to queue
[2026-04-01T07:46:25.694+0530] {logging_mixin.py:188} INFO - [2026-04-01T07:46:25.694+0530] {dagbag.py:540} INFO - Filling up the DagBag from /Users/aswin/Documents/data-engineering-practice/ETL_Airflow_DBT/airflow/airflow_env/lib/python3.11/site-packages/airflow/example_dags/example_skip_dag.py
[2026-04-01T07:46:25.697+0530] {processor.py:840} INFO - DAG(s) 'example_skip_dag' retrieved from /Users/aswin/Documents/data-engineering-practice/ETL_Airflow_DBT/airflow/airflow_env/lib/python3.11/site-packages/airflow/example_dags/example_skip_dag.py
[2026-04-01T07:46:25.750+0530] {logging_mixin.py:188} INFO - [2026-04-01T07:46:25.750+0530] {dag.py:3096} INFO - Sync 1 DAGs
[2026-04-01T07:46:25.760+0530] {logging_mixin.py:188} INFO - [2026-04-01T07:46:25.760+0530] {dag.py:3954} INFO - Setting next_dagrun for example_skip_dag to 2026-03-31 00:00:00+00:00, run_after=2026-04-01 00:00:00+00:00
[2026-04-01T07:46:25.768+0530] {processor.py:183} INFO - Processing /Users/aswin/Documents/data-engineering-practice/ETL_Airflow_DBT/airflow/airflow_env/lib/python3.11/site-packages/airflow/example_dags/example_skip_dag.py took 0.076 seconds
[2026-04-01T07:46:56.755+0530] {processor.py:161} INFO - Started process (PID=83394) to work on /Users/aswin/Documents/data-engineering-practice/ETL_Airflow_DBT/airflow/airflow_env/lib/python3.11/site-packages/airflow/example_dags/example_skip_dag.py
[2026-04-01T07:46:56.755+0530] {processor.py:830} INFO - Processing file /Users/aswin/Documents/data-engineering-practice/ETL_Airflow_DBT/airflow/airflow_env/lib/python3.11/site-packages/airflow/example_dags/example_skip_dag.py for tasks to queue
[2026-04-01T07:46:56.756+0530] {logging_mixin.py:188} INFO - [2026-04-01T07:46:56.756+0530] {dagbag.py:540} INFO - Filling up the DagBag from /Users/aswin/Documents/data-engineering-practice/ETL_Airflow_DBT/airflow/airflow_env/lib/python3.11/site-packages/airflow/example_dags/example_skip_dag.py
[2026-04-01T07:46:56.759+0530] {processor.py:840} INFO - DAG(s) 'example_skip_dag' retrieved from /Users/aswin/Documents/data-engineering-practice/ETL_Airflow_DBT/airflow/airflow_env/lib/python3.11/site-packages/airflow/example_dags/example_skip_dag.py
[2026-04-01T07:46:56.814+0530] {logging_mixin.py:188} INFO - [2026-04-01T07:46:56.813+0530] {dag.py:3096} INFO - Sync 1 DAGs
[2026-04-01T07:46:56.824+0530] {logging_mixin.py:188} INFO - [2026-04-01T07:46:56.824+0530] {dag.py:3954} INFO - Setting next_dagrun for example_skip_dag to 2026-03-31 00:00:00+00:00, run_after=2026-04-01 00:00:00+00:00
[2026-04-01T07:46:56.833+0530] {processor.py:183} INFO - Processing /Users/aswin/Documents/data-engineering-practice/ETL_Airflow_DBT/airflow/airflow_env/lib/python3.11/site-packages/airflow/example_dags/example_skip_dag.py took 0.080 seconds
[2026-04-01T07:47:28.035+0530] {processor.py:161} INFO - Started process (PID=83548) to work on /Users/aswin/Documents/data-engineering-practice/ETL_Airflow_DBT/airflow/airflow_env/lib/python3.11/site-packages/airflow/example_dags/example_skip_dag.py
[2026-04-01T07:47:28.037+0530] {processor.py:830} INFO - Processing file /Users/aswin/Documents/data-engineering-practice/ETL_Airflow_DBT/airflow/airflow_env/lib/python3.11/site-packages/airflow/example_dags/example_skip_dag.py for tasks to queue
[2026-04-01T07:47:28.037+0530] {logging_mixin.py:188} INFO - [2026-04-01T07:47:28.037+0530] {dagbag.py:540} INFO - Filling up the DagBag from /Users/aswin/Documents/data-engineering-practice/ETL_Airflow_DBT/airflow/airflow_env/lib/python3.11/site-packages/airflow/example_dags/example_skip_dag.py
[2026-04-01T07:47:28.040+0530] {processor.py:840} INFO - DAG(s) 'example_skip_dag' retrieved from /Users/aswin/Documents/data-engineering-practice/ETL_Airflow_DBT/airflow/airflow_env/lib/python3.11/site-packages/airflow/example_dags/example_skip_dag.py
[2026-04-01T07:47:28.092+0530] {logging_mixin.py:188} INFO - [2026-04-01T07:47:28.091+0530] {dag.py:3096} INFO - Sync 1 DAGs
[2026-04-01T07:47:28.103+0530] {logging_mixin.py:188} INFO - [2026-04-01T07:47:28.103+0530] {dag.py:3954} INFO - Setting next_dagrun for example_skip_dag to 2026-03-31 00:00:00+00:00, run_after=2026-04-01 00:00:00+00:00
[2026-04-01T07:47:28.111+0530] {processor.py:183} INFO - Processing /Users/aswin/Documents/data-engineering-practice/ETL_Airflow_DBT/airflow/airflow_env/lib/python3.11/site-packages/airflow/example_dags/example_skip_dag.py took 0.076 seconds
[2026-04-01T07:47:59.098+0530] {processor.py:161} INFO - Started process (PID=83684) to work on /Users/aswin/Documents/data-engineering-practice/ETL_Airflow_DBT/airflow/airflow_env/lib/python3.11/site-packages/airflow/example_dags/example_skip_dag.py
[2026-04-01T07:47:59.099+0530] {processor.py:830} INFO - Processing file /Users/aswin/Documents/data-engineering-practice/ETL_Airflow_DBT/airflow/airflow_env/lib/python3.11/site-packages/airflow/example_dags/example_skip_dag.py for tasks to queue
[2026-04-01T07:47:59.099+0530] {logging_mixin.py:188} INFO - [2026-04-01T07:47:59.099+0530] {dagbag.py:540} INFO - Filling up the DagBag from /Users/aswin/Documents/data-engineering-practice/ETL_Airflow_DBT/airflow/airflow_env/lib/python3.11/site-packages/airflow/example_dags/example_skip_dag.py
[2026-04-01T07:47:59.103+0530] {processor.py:840} INFO - DAG(s) 'example_skip_dag' retrieved from /Users/aswin/Documents/data-engineering-practice/ETL_Airflow_DBT/airflow/airflow_env/lib/python3.11/site-packages/airflow/example_dags/example_skip_dag.py
[2026-04-01T07:47:59.165+0530] {logging_mixin.py:188} INFO - [2026-04-01T07:47:59.164+0530] {dag.py:3096} INFO - Sync 1 DAGs
[2026-04-01T07:47:59.176+0530] {logging_mixin.py:188} INFO - [2026-04-01T07:47:59.176+0530] {dag.py:3954} INFO - Setting next_dagrun for example_skip_dag to 2026-03-31 00:00:00+00:00, run_after=2026-04-01 00:00:00+00:00
[2026-04-01T07:47:59.183+0530] {processor.py:183} INFO - Processing /Users/aswin/Documents/data-engineering-practice/ETL_Airflow_DBT/airflow/airflow_env/lib/python3.11/site-packages/airflow/example_dags/example_skip_dag.py took 0.087 seconds
[2026-04-01T07:48:30.187+0530] {processor.py:161} INFO - Started process (PID=83809) to work on /Users/aswin/Documents/data-engineering-practice/ETL_Airflow_DBT/airflow/airflow_env/lib/python3.11/site-packages/airflow/example_dags/example_skip_dag.py
[2026-04-01T07:48:30.188+0530] {processor.py:830} INFO - Processing file /Users/aswin/Documents/data-engineering-practice/ETL_Airflow_DBT/airflow/airflow_env/lib/python3.11/site-packages/airflow/example_dags/example_skip_dag.py for tasks to queue
[2026-04-01T07:48:30.188+0530] {logging_mixin.py:188} INFO - [2026-04-01T07:48:30.188+0530] {dagbag.py:540} INFO - Filling up the DagBag from /Users/aswin/Documents/data-engineering-practice/ETL_Airflow_DBT/airflow/airflow_env/lib/python3.11/site-packages/airflow/example_dags/example_skip_dag.py
[2026-04-01T07:48:30.192+0530] {processor.py:840} INFO - DAG(s) 'example_skip_dag' retrieved from /Users/aswin/Documents/data-engineering-practice/ETL_Airflow_DBT/airflow/airflow_env/lib/python3.11/site-packages/airflow/example_dags/example_skip_dag.py
[2026-04-01T07:48:30.245+0530] {logging_mixin.py:188} INFO - [2026-04-01T07:48:30.245+0530] {dag.py:3096} INFO - Sync 1 DAGs
[2026-04-01T07:48:30.255+0530] {logging_mixin.py:188} INFO - [2026-04-01T07:48:30.255+0530] {dag.py:3954} INFO - Setting next_dagrun for example_skip_dag to 2026-03-31 00:00:00+00:00, run_after=2026-04-01 00:00:00+00:00
[2026-04-01T07:48:30.263+0530] {processor.py:183} INFO - Processing /Users/aswin/Documents/data-engineering-practice/ETL_Airflow_DBT/airflow/airflow_env/lib/python3.11/site-packages/airflow/example_dags/example_skip_dag.py took 0.077 seconds
[2026-04-01T07:49:01.327+0530] {processor.py:161} INFO - Started process (PID=83936) to work on /Users/aswin/Documents/data-engineering-practice/ETL_Airflow_DBT/airflow/airflow_env/lib/python3.11/site-packages/airflow/example_dags/example_skip_dag.py
[2026-04-01T07:49:01.329+0530] {processor.py:830} INFO - Processing file /Users/aswin/Documents/data-engineering-practice/ETL_Airflow_DBT/airflow/airflow_env/lib/python3.11/site-packages/airflow/example_dags/example_skip_dag.py for tasks to queue
[2026-04-01T07:49:01.329+0530] {logging_mixin.py:188} INFO - [2026-04-01T07:49:01.329+0530] {dagbag.py:540} INFO - Filling up the DagBag from /Users/aswin/Documents/data-engineering-practice/ETL_Airflow_DBT/airflow/airflow_env/lib/python3.11/site-packages/airflow/example_dags/example_skip_dag.py
[2026-04-01T07:49:01.334+0530] {processor.py:840} INFO - DAG(s) 'example_skip_dag' retrieved from /Users/aswin/Documents/data-engineering-practice/ETL_Airflow_DBT/airflow/airflow_env/lib/python3.11/site-packages/airflow/example_dags/example_skip_dag.py
[2026-04-01T07:49:01.401+0530] {logging_mixin.py:188} INFO - [2026-04-01T07:49:01.401+0530] {dag.py:3096} INFO - Sync 1 DAGs
[2026-04-01T07:49:01.411+0530] {logging_mixin.py:188} INFO - [2026-04-01T07:49:01.411+0530] {dag.py:3954} INFO - Setting next_dagrun for example_skip_dag to 2026-03-31 00:00:00+00:00, run_after=2026-04-01 00:00:00+00:00
[2026-04-01T07:49:01.419+0530] {processor.py:183} INFO - Processing /Users/aswin/Documents/data-engineering-practice/ETL_Airflow_DBT/airflow/airflow_env/lib/python3.11/site-packages/airflow/example_dags/example_skip_dag.py took 0.092 seconds
[2026-04-01T07:49:32.100+0530] {processor.py:161} INFO - Started process (PID=84065) to work on /Users/aswin/Documents/data-engineering-practice/ETL_Airflow_DBT/airflow/airflow_env/lib/python3.11/site-packages/airflow/example_dags/example_skip_dag.py
[2026-04-01T07:49:32.101+0530] {processor.py:830} INFO - Processing file /Users/aswin/Documents/data-engineering-practice/ETL_Airflow_DBT/airflow/airflow_env/lib/python3.11/site-packages/airflow/example_dags/example_skip_dag.py for tasks to queue
[2026-04-01T07:49:32.102+0530] {logging_mixin.py:188} INFO - [2026-04-01T07:49:32.102+0530] {dagbag.py:540} INFO - Filling up the DagBag from /Users/aswin/Documents/data-engineering-practice/ETL_Airflow_DBT/airflow/airflow_env/lib/python3.11/site-packages/airflow/example_dags/example_skip_dag.py
[2026-04-01T07:49:32.105+0530] {processor.py:840} INFO - DAG(s) 'example_skip_dag' retrieved from /Users/aswin/Documents/data-engineering-practice/ETL_Airflow_DBT/airflow/airflow_env/lib/python3.11/site-packages/airflow/example_dags/example_skip_dag.py
[2026-04-01T07:49:32.156+0530] {logging_mixin.py:188} INFO - [2026-04-01T07:49:32.156+0530] {dag.py:3096} INFO - Sync 1 DAGs
[2026-04-01T07:49:32.166+0530] {logging_mixin.py:188} INFO - [2026-04-01T07:49:32.166+0530] {dag.py:3954} INFO - Setting next_dagrun for example_skip_dag to 2026-03-31 00:00:00+00:00, run_after=2026-04-01 00:00:00+00:00
[2026-04-01T07:49:32.174+0530] {processor.py:183} INFO - Processing /Users/aswin/Documents/data-engineering-practice/ETL_Airflow_DBT/airflow/airflow_env/lib/python3.11/site-packages/airflow/example_dags/example_skip_dag.py took 0.074 seconds
[2026-04-01T07:50:03.319+0530] {processor.py:161} INFO - Started process (PID=84190) to work on /Users/aswin/Documents/data-engineering-practice/ETL_Airflow_DBT/airflow/airflow_env/lib/python3.11/site-packages/airflow/example_dags/example_skip_dag.py
[2026-04-01T07:50:03.321+0530] {processor.py:830} INFO - Processing file /Users/aswin/Documents/data-engineering-practice/ETL_Airflow_DBT/airflow/airflow_env/lib/python3.11/site-packages/airflow/example_dags/example_skip_dag.py for tasks to queue
[2026-04-01T07:50:03.321+0530] {logging_mixin.py:188} INFO - [2026-04-01T07:50:03.321+0530] {dagbag.py:540} INFO - Filling up the DagBag from /Users/aswin/Documents/data-engineering-practice/ETL_Airflow_DBT/airflow/airflow_env/lib/python3.11/site-packages/airflow/example_dags/example_skip_dag.py
[2026-04-01T07:50:03.324+0530] {processor.py:840} INFO - DAG(s) 'example_skip_dag' retrieved from /Users/aswin/Documents/data-engineering-practice/ETL_Airflow_DBT/airflow/airflow_env/lib/python3.11/site-packages/airflow/example_dags/example_skip_dag.py
[2026-04-01T07:50:03.376+0530] {logging_mixin.py:188} INFO - [2026-04-01T07:50:03.375+0530] {dag.py:3096} INFO - Sync 1 DAGs
[2026-04-01T07:50:03.386+0530] {logging_mixin.py:188} INFO - [2026-04-01T07:50:03.385+0530] {dag.py:3954} INFO - Setting next_dagrun for example_skip_dag to 2026-03-31 00:00:00+00:00, run_after=2026-04-01 00:00:00+00:00
[2026-04-01T07:50:03.393+0530] {processor.py:183} INFO - Processing /Users/aswin/Documents/data-engineering-practice/ETL_Airflow_DBT/airflow/airflow_env/lib/python3.11/site-packages/airflow/example_dags/example_skip_dag.py took 0.074 seconds
[2026-04-01T07:50:34.872+0530] {processor.py:161} INFO - Started process (PID=84323) to work on /Users/aswin/Documents/data-engineering-practice/ETL_Airflow_DBT/airflow/airflow_env/lib/python3.11/site-packages/airflow/example_dags/example_skip_dag.py
[2026-04-01T07:50:34.873+0530] {processor.py:830} INFO - Processing file /Users/aswin/Documents/data-engineering-practice/ETL_Airflow_DBT/airflow/airflow_env/lib/python3.11/site-packages/airflow/example_dags/example_skip_dag.py for tasks to queue
[2026-04-01T07:50:34.873+0530] {logging_mixin.py:188} INFO - [2026-04-01T07:50:34.873+0530] {dagbag.py:540} INFO - Filling up the DagBag from /Users/aswin/Documents/data-engineering-practice/ETL_Airflow_DBT/airflow/airflow_env/lib/python3.11/site-packages/airflow/example_dags/example_skip_dag.py
[2026-04-01T07:50:34.877+0530] {processor.py:840} INFO - DAG(s) 'example_skip_dag' retrieved from /Users/aswin/Documents/data-engineering-practice/ETL_Airflow_DBT/airflow/airflow_env/lib/python3.11/site-packages/airflow/example_dags/example_skip_dag.py
[2026-04-01T07:50:34.931+0530] {logging_mixin.py:188} INFO - [2026-04-01T07:50:34.931+0530] {dag.py:3096} INFO - Sync 1 DAGs
[2026-04-01T07:50:34.941+0530] {logging_mixin.py:188} INFO - [2026-04-01T07:50:34.941+0530] {dag.py:3954} INFO - Setting next_dagrun for example_skip_dag to 2026-03-31 00:00:00+00:00, run_after=2026-04-01 00:00:00+00:00
[2026-04-01T07:50:34.949+0530] {processor.py:183} INFO - Processing /Users/aswin/Documents/data-engineering-practice/ETL_Airflow_DBT/airflow/airflow_env/lib/python3.11/site-packages/airflow/example_dags/example_skip_dag.py took 0.078 seconds
[2026-04-01T07:51:05.889+0530] {processor.py:161} INFO - Started process (PID=84448) to work on /Users/aswin/Documents/data-engineering-practice/ETL_Airflow_DBT/airflow/airflow_env/lib/python3.11/site-packages/airflow/example_dags/example_skip_dag.py
[2026-04-01T07:51:05.889+0530] {processor.py:830} INFO - Processing file /Users/aswin/Documents/data-engineering-practice/ETL_Airflow_DBT/airflow/airflow_env/lib/python3.11/site-packages/airflow/example_dags/example_skip_dag.py for tasks to queue
[2026-04-01T07:51:05.889+0530] {logging_mixin.py:188} INFO - [2026-04-01T07:51:05.889+0530] {dagbag.py:540} INFO - Filling up the DagBag from /Users/aswin/Documents/data-engineering-practice/ETL_Airflow_DBT/airflow/airflow_env/lib/python3.11/site-packages/airflow/example_dags/example_skip_dag.py
[2026-04-01T07:51:05.893+0530] {processor.py:840} INFO - DAG(s) 'example_skip_dag' retrieved from /Users/aswin/Documents/data-engineering-practice/ETL_Airflow_DBT/airflow/airflow_env/lib/python3.11/site-packages/airflow/example_dags/example_skip_dag.py
[2026-04-01T07:51:05.945+0530] {logging_mixin.py:188} INFO - [2026-04-01T07:51:05.945+0530] {dag.py:3096} INFO - Sync 1 DAGs
[2026-04-01T07:51:05.955+0530] {logging_mixin.py:188} INFO - [2026-04-01T07:51:05.955+0530] {dag.py:3954} INFO - Setting next_dagrun for example_skip_dag to 2026-03-31 00:00:00+00:00, run_after=2026-04-01 00:00:00+00:00
[2026-04-01T07:51:05.963+0530] {processor.py:183} INFO - Processing /Users/aswin/Documents/data-engineering-practice/ETL_Airflow_DBT/airflow/airflow_env/lib/python3.11/site-packages/airflow/example_dags/example_skip_dag.py took 0.075 seconds
[2026-04-01T07:51:36.841+0530] {processor.py:161} INFO - Started process (PID=84572) to work on /Users/aswin/Documents/data-engineering-practice/ETL_Airflow_DBT/airflow/airflow_env/lib/python3.11/site-packages/airflow/example_dags/example_skip_dag.py
[2026-04-01T07:51:36.842+0530] {processor.py:830} INFO - Processing file /Users/aswin/Documents/data-engineering-practice/ETL_Airflow_DBT/airflow/airflow_env/lib/python3.11/site-packages/airflow/example_dags/example_skip_dag.py for tasks to queue
[2026-04-01T07:51:36.843+0530] {logging_mixin.py:188} INFO - [2026-04-01T07:51:36.843+0530] {dagbag.py:540} INFO - Filling up the DagBag from /Users/aswin/Documents/data-engineering-practice/ETL_Airflow_DBT/airflow/airflow_env/lib/python3.11/site-packages/airflow/example_dags/example_skip_dag.py
[2026-04-01T07:51:36.846+0530] {processor.py:840} INFO - DAG(s) 'example_skip_dag' retrieved from /Users/aswin/Documents/data-engineering-practice/ETL_Airflow_DBT/airflow/airflow_env/lib/python3.11/site-packages/airflow/example_dags/example_skip_dag.py
[2026-04-01T07:51:36.901+0530] {logging_mixin.py:188} INFO - [2026-04-01T07:51:36.901+0530] {dag.py:3096} INFO - Sync 1 DAGs
[2026-04-01T07:51:36.912+0530] {logging_mixin.py:188} INFO - [2026-04-01T07:51:36.912+0530] {dag.py:3954} INFO - Setting next_dagrun for example_skip_dag to 2026-03-31 00:00:00+00:00, run_after=2026-04-01 00:00:00+00:00
[2026-04-01T07:51:36.919+0530] {processor.py:183} INFO - Processing /Users/aswin/Documents/data-engineering-practice/ETL_Airflow_DBT/airflow/airflow_env/lib/python3.11/site-packages/airflow/example_dags/example_skip_dag.py took 0.079 seconds
[2026-04-01T07:52:07.859+0530] {processor.py:161} INFO - Started process (PID=84698) to work on /Users/aswin/Documents/data-engineering-practice/ETL_Airflow_DBT/airflow/airflow_env/lib/python3.11/site-packages/airflow/example_dags/example_skip_dag.py
[2026-04-01T07:52:07.861+0530] {processor.py:830} INFO - Processing file /Users/aswin/Documents/data-engineering-practice/ETL_Airflow_DBT/airflow/airflow_env/lib/python3.11/site-packages/airflow/example_dags/example_skip_dag.py for tasks to queue
[2026-04-01T07:52:07.861+0530] {logging_mixin.py:188} INFO - [2026-04-01T07:52:07.861+0530] {dagbag.py:540} INFO - Filling up the DagBag from /Users/aswin/Documents/data-engineering-practice/ETL_Airflow_DBT/airflow/airflow_env/lib/python3.11/site-packages/airflow/example_dags/example_skip_dag.py
[2026-04-01T07:52:07.864+0530] {processor.py:840} INFO - DAG(s) 'example_skip_dag' retrieved from /Users/aswin/Documents/data-engineering-practice/ETL_Airflow_DBT/airflow/airflow_env/lib/python3.11/site-packages/airflow/example_dags/example_skip_dag.py
[2026-04-01T07:52:07.921+0530] {logging_mixin.py:188} INFO - [2026-04-01T07:52:07.921+0530] {dag.py:3096} INFO - Sync 1 DAGs
[2026-04-01T07:52:07.931+0530] {logging_mixin.py:188} INFO - [2026-04-01T07:52:07.930+0530] {dag.py:3954} INFO - Setting next_dagrun for example_skip_dag to 2026-03-31 00:00:00+00:00, run_after=2026-04-01 00:00:00+00:00
[2026-04-01T07:52:07.939+0530] {processor.py:183} INFO - Processing /Users/aswin/Documents/data-engineering-practice/ETL_Airflow_DBT/airflow/airflow_env/lib/python3.11/site-packages/airflow/example_dags/example_skip_dag.py took 0.081 seconds
[2026-04-01T07:52:39.080+0530] {processor.py:161} INFO - Started process (PID=84839) to work on /Users/aswin/Documents/data-engineering-practice/ETL_Airflow_DBT/airflow/airflow_env/lib/python3.11/site-packages/airflow/example_dags/example_skip_dag.py
[2026-04-01T07:52:39.081+0530] {processor.py:830} INFO - Processing file /Users/aswin/Documents/data-engineering-practice/ETL_Airflow_DBT/airflow/airflow_env/lib/python3.11/site-packages/airflow/example_dags/example_skip_dag.py for tasks to queue
[2026-04-01T07:52:39.082+0530] {logging_mixin.py:188} INFO - [2026-04-01T07:52:39.082+0530] {dagbag.py:540} INFO - Filling up the DagBag from /Users/aswin/Documents/data-engineering-practice/ETL_Airflow_DBT/airflow/airflow_env/lib/python3.11/site-packages/airflow/example_dags/example_skip_dag.py
[2026-04-01T07:52:39.085+0530] {processor.py:840} INFO - DAG(s) 'example_skip_dag' retrieved from /Users/aswin/Documents/data-engineering-practice/ETL_Airflow_DBT/airflow/airflow_env/lib/python3.11/site-packages/airflow/example_dags/example_skip_dag.py
[2026-04-01T07:52:39.138+0530] {logging_mixin.py:188} INFO - [2026-04-01T07:52:39.138+0530] {dag.py:3096} INFO - Sync 1 DAGs
[2026-04-01T07:52:39.150+0530] {logging_mixin.py:188} INFO - [2026-04-01T07:52:39.150+0530] {dag.py:3954} INFO - Setting next_dagrun for example_skip_dag to 2026-03-31 00:00:00+00:00, run_after=2026-04-01 00:00:00+00:00
[2026-04-01T07:52:39.157+0530] {processor.py:183} INFO - Processing /Users/aswin/Documents/data-engineering-practice/ETL_Airflow_DBT/airflow/airflow_env/lib/python3.11/site-packages/airflow/example_dags/example_skip_dag.py took 0.078 seconds
[2026-04-01T07:53:10.320+0530] {processor.py:161} INFO - Started process (PID=84979) to work on /Users/aswin/Documents/data-engineering-practice/ETL_Airflow_DBT/airflow/airflow_env/lib/python3.11/site-packages/airflow/example_dags/example_skip_dag.py
[2026-04-01T07:53:10.321+0530] {processor.py:830} INFO - Processing file /Users/aswin/Documents/data-engineering-practice/ETL_Airflow_DBT/airflow/airflow_env/lib/python3.11/site-packages/airflow/example_dags/example_skip_dag.py for tasks to queue
[2026-04-01T07:53:10.321+0530] {logging_mixin.py:188} INFO - [2026-04-01T07:53:10.321+0530] {dagbag.py:540} INFO - Filling up the DagBag from /Users/aswin/Documents/data-engineering-practice/ETL_Airflow_DBT/airflow/airflow_env/lib/python3.11/site-packages/airflow/example_dags/example_skip_dag.py
[2026-04-01T07:53:10.324+0530] {processor.py:840} INFO - DAG(s) 'example_skip_dag' retrieved from /Users/aswin/Documents/data-engineering-practice/ETL_Airflow_DBT/airflow/airflow_env/lib/python3.11/site-packages/airflow/example_dags/example_skip_dag.py
[2026-04-01T07:53:10.377+0530] {logging_mixin.py:188} INFO - [2026-04-01T07:53:10.376+0530] {dag.py:3096} INFO - Sync 1 DAGs
[2026-04-01T07:53:10.386+0530] {logging_mixin.py:188} INFO - [2026-04-01T07:53:10.385+0530] {dag.py:3954} INFO - Setting next_dagrun for example_skip_dag to 2026-03-31 00:00:00+00:00, run_after=2026-04-01 00:00:00+00:00
[2026-04-01T07:53:10.394+0530] {processor.py:183} INFO - Processing /Users/aswin/Documents/data-engineering-practice/ETL_Airflow_DBT/airflow/airflow_env/lib/python3.11/site-packages/airflow/example_dags/example_skip_dag.py took 0.075 seconds
[2026-04-01T07:53:41.871+0530] {processor.py:161} INFO - Started process (PID=85107) to work on /Users/aswin/Documents/data-engineering-practice/ETL_Airflow_DBT/airflow/airflow_env/lib/python3.11/site-packages/airflow/example_dags/example_skip_dag.py
[2026-04-01T07:53:41.872+0530] {processor.py:830} INFO - Processing file /Users/aswin/Documents/data-engineering-practice/ETL_Airflow_DBT/airflow/airflow_env/lib/python3.11/site-packages/airflow/example_dags/example_skip_dag.py for tasks to queue
[2026-04-01T07:53:41.872+0530] {logging_mixin.py:188} INFO - [2026-04-01T07:53:41.872+0530] {dagbag.py:540} INFO - Filling up the DagBag from /Users/aswin/Documents/data-engineering-practice/ETL_Airflow_DBT/airflow/airflow_env/lib/python3.11/site-packages/airflow/example_dags/example_skip_dag.py
[2026-04-01T07:53:41.875+0530] {processor.py:840} INFO - DAG(s) 'example_skip_dag' retrieved from /Users/aswin/Documents/data-engineering-practice/ETL_Airflow_DBT/airflow/airflow_env/lib/python3.11/site-packages/airflow/example_dags/example_skip_dag.py
[2026-04-01T07:53:41.929+0530] {logging_mixin.py:188} INFO - [2026-04-01T07:53:41.929+0530] {dag.py:3096} INFO - Sync 1 DAGs
[2026-04-01T07:53:41.939+0530] {logging_mixin.py:188} INFO - [2026-04-01T07:53:41.939+0530] {dag.py:3954} INFO - Setting next_dagrun for example_skip_dag to 2026-03-31 00:00:00+00:00, run_after=2026-04-01 00:00:00+00:00
[2026-04-01T07:53:41.947+0530] {processor.py:183} INFO - Processing /Users/aswin/Documents/data-engineering-practice/ETL_Airflow_DBT/airflow/airflow_env/lib/python3.11/site-packages/airflow/example_dags/example_skip_dag.py took 0.077 seconds
[2026-04-01T07:54:13.260+0530] {processor.py:161} INFO - Started process (PID=85239) to work on /Users/aswin/Documents/data-engineering-practice/ETL_Airflow_DBT/airflow/airflow_env/lib/python3.11/site-packages/airflow/example_dags/example_skip_dag.py
[2026-04-01T07:54:13.260+0530] {processor.py:830} INFO - Processing file /Users/aswin/Documents/data-engineering-practice/ETL_Airflow_DBT/airflow/airflow_env/lib/python3.11/site-packages/airflow/example_dags/example_skip_dag.py for tasks to queue
[2026-04-01T07:54:13.261+0530] {logging_mixin.py:188} INFO - [2026-04-01T07:54:13.260+0530] {dagbag.py:540} INFO - Filling up the DagBag from /Users/aswin/Documents/data-engineering-practice/ETL_Airflow_DBT/airflow/airflow_env/lib/python3.11/site-packages/airflow/example_dags/example_skip_dag.py
[2026-04-01T07:54:13.264+0530] {processor.py:840} INFO - DAG(s) 'example_skip_dag' retrieved from /Users/aswin/Documents/data-engineering-practice/ETL_Airflow_DBT/airflow/airflow_env/lib/python3.11/site-packages/airflow/example_dags/example_skip_dag.py
[2026-04-01T07:54:13.319+0530] {logging_mixin.py:188} INFO - [2026-04-01T07:54:13.318+0530] {dag.py:3096} INFO - Sync 1 DAGs
[2026-04-01T07:54:13.328+0530] {logging_mixin.py:188} INFO - [2026-04-01T07:54:13.328+0530] {dag.py:3954} INFO - Setting next_dagrun for example_skip_dag to 2026-03-31 00:00:00+00:00, run_after=2026-04-01 00:00:00+00:00
[2026-04-01T07:54:13.336+0530] {processor.py:183} INFO - Processing /Users/aswin/Documents/data-engineering-practice/ETL_Airflow_DBT/airflow/airflow_env/lib/python3.11/site-packages/airflow/example_dags/example_skip_dag.py took 0.077 seconds
[2026-04-01T07:54:44.364+0530] {processor.py:161} INFO - Started process (PID=85367) to work on /Users/aswin/Documents/data-engineering-practice/ETL_Airflow_DBT/airflow/airflow_env/lib/python3.11/site-packages/airflow/example_dags/example_skip_dag.py
[2026-04-01T07:54:44.366+0530] {processor.py:830} INFO - Processing file /Users/aswin/Documents/data-engineering-practice/ETL_Airflow_DBT/airflow/airflow_env/lib/python3.11/site-packages/airflow/example_dags/example_skip_dag.py for tasks to queue
[2026-04-01T07:54:44.366+0530] {logging_mixin.py:188} INFO - [2026-04-01T07:54:44.366+0530] {dagbag.py:540} INFO - Filling up the DagBag from /Users/aswin/Documents/data-engineering-practice/ETL_Airflow_DBT/airflow/airflow_env/lib/python3.11/site-packages/airflow/example_dags/example_skip_dag.py
[2026-04-01T07:54:44.369+0530] {processor.py:840} INFO - DAG(s) 'example_skip_dag' retrieved from /Users/aswin/Documents/data-engineering-practice/ETL_Airflow_DBT/airflow/airflow_env/lib/python3.11/site-packages/airflow/example_dags/example_skip_dag.py
[2026-04-01T07:54:44.422+0530] {logging_mixin.py:188} INFO - [2026-04-01T07:54:44.422+0530] {dag.py:3096} INFO - Sync 1 DAGs
[2026-04-01T07:54:44.432+0530] {logging_mixin.py:188} INFO - [2026-04-01T07:54:44.432+0530] {dag.py:3954} INFO - Setting next_dagrun for example_skip_dag to 2026-03-31 00:00:00+00:00, run_after=2026-04-01 00:00:00+00:00
[2026-04-01T07:54:44.439+0530] {processor.py:183} INFO - Processing /Users/aswin/Documents/data-engineering-practice/ETL_Airflow_DBT/airflow/airflow_env/lib/python3.11/site-packages/airflow/example_dags/example_skip_dag.py took 0.076 seconds
[2026-04-01T07:55:15.632+0530] {processor.py:161} INFO - Started process (PID=85494) to work on /Users/aswin/Documents/data-engineering-practice/ETL_Airflow_DBT/airflow/airflow_env/lib/python3.11/site-packages/airflow/example_dags/example_skip_dag.py
[2026-04-01T07:55:15.633+0530] {processor.py:830} INFO - Processing file /Users/aswin/Documents/data-engineering-practice/ETL_Airflow_DBT/airflow/airflow_env/lib/python3.11/site-packages/airflow/example_dags/example_skip_dag.py for tasks to queue
[2026-04-01T07:55:15.634+0530] {logging_mixin.py:188} INFO - [2026-04-01T07:55:15.634+0530] {dagbag.py:540} INFO - Filling up the DagBag from /Users/aswin/Documents/data-engineering-practice/ETL_Airflow_DBT/airflow/airflow_env/lib/python3.11/site-packages/airflow/example_dags/example_skip_dag.py
[2026-04-01T07:55:15.637+0530] {processor.py:840} INFO - DAG(s) 'example_skip_dag' retrieved from /Users/aswin/Documents/data-engineering-practice/ETL_Airflow_DBT/airflow/airflow_env/lib/python3.11/site-packages/airflow/example_dags/example_skip_dag.py
[2026-04-01T07:55:15.688+0530] {logging_mixin.py:188} INFO - [2026-04-01T07:55:15.688+0530] {dag.py:3096} INFO - Sync 1 DAGs
[2026-04-01T07:55:15.698+0530] {logging_mixin.py:188} INFO - [2026-04-01T07:55:15.698+0530] {dag.py:3954} INFO - Setting next_dagrun for example_skip_dag to 2026-03-31 00:00:00+00:00, run_after=2026-04-01 00:00:00+00:00
[2026-04-01T07:55:15.706+0530] {processor.py:183} INFO - Processing /Users/aswin/Documents/data-engineering-practice/ETL_Airflow_DBT/airflow/airflow_env/lib/python3.11/site-packages/airflow/example_dags/example_skip_dag.py took 0.075 seconds
[2026-04-01T07:55:46.643+0530] {processor.py:161} INFO - Started process (PID=85623) to work on /Users/aswin/Documents/data-engineering-practice/ETL_Airflow_DBT/airflow/airflow_env/lib/python3.11/site-packages/airflow/example_dags/example_skip_dag.py
[2026-04-01T07:55:46.644+0530] {processor.py:830} INFO - Processing file /Users/aswin/Documents/data-engineering-practice/ETL_Airflow_DBT/airflow/airflow_env/lib/python3.11/site-packages/airflow/example_dags/example_skip_dag.py for tasks to queue
[2026-04-01T07:55:46.644+0530] {logging_mixin.py:188} INFO - [2026-04-01T07:55:46.644+0530] {dagbag.py:540} INFO - Filling up the DagBag from /Users/aswin/Documents/data-engineering-practice/ETL_Airflow_DBT/airflow/airflow_env/lib/python3.11/site-packages/airflow/example_dags/example_skip_dag.py
[2026-04-01T07:55:46.647+0530] {processor.py:840} INFO - DAG(s) 'example_skip_dag' retrieved from /Users/aswin/Documents/data-engineering-practice/ETL_Airflow_DBT/airflow/airflow_env/lib/python3.11/site-packages/airflow/example_dags/example_skip_dag.py
[2026-04-01T07:55:46.697+0530] {logging_mixin.py:188} INFO - [2026-04-01T07:55:46.696+0530] {dag.py:3096} INFO - Sync 1 DAGs
[2026-04-01T07:55:46.706+0530] {logging_mixin.py:188} INFO - [2026-04-01T07:55:46.705+0530] {dag.py:3954} INFO - Setting next_dagrun for example_skip_dag to 2026-03-31 00:00:00+00:00, run_after=2026-04-01 00:00:00+00:00
[2026-04-01T07:55:46.713+0530] {processor.py:183} INFO - Processing /Users/aswin/Documents/data-engineering-practice/ETL_Airflow_DBT/airflow/airflow_env/lib/python3.11/site-packages/airflow/example_dags/example_skip_dag.py took 0.071 seconds
[2026-04-01T07:56:17.873+0530] {processor.py:161} INFO - Started process (PID=85749) to work on /Users/aswin/Documents/data-engineering-practice/ETL_Airflow_DBT/airflow/airflow_env/lib/python3.11/site-packages/airflow/example_dags/example_skip_dag.py
[2026-04-01T07:56:17.873+0530] {processor.py:830} INFO - Processing file /Users/aswin/Documents/data-engineering-practice/ETL_Airflow_DBT/airflow/airflow_env/lib/python3.11/site-packages/airflow/example_dags/example_skip_dag.py for tasks to queue
[2026-04-01T07:56:17.873+0530] {logging_mixin.py:188} INFO - [2026-04-01T07:56:17.873+0530] {dagbag.py:540} INFO - Filling up the DagBag from /Users/aswin/Documents/data-engineering-practice/ETL_Airflow_DBT/airflow/airflow_env/lib/python3.11/site-packages/airflow/example_dags/example_skip_dag.py
[2026-04-01T07:56:17.876+0530] {processor.py:840} INFO - DAG(s) 'example_skip_dag' retrieved from /Users/aswin/Documents/data-engineering-practice/ETL_Airflow_DBT/airflow/airflow_env/lib/python3.11/site-packages/airflow/example_dags/example_skip_dag.py
[2026-04-01T07:56:17.928+0530] {logging_mixin.py:188} INFO - [2026-04-01T07:56:17.928+0530] {dag.py:3096} INFO - Sync 1 DAGs
[2026-04-01T07:56:17.937+0530] {logging_mixin.py:188} INFO - [2026-04-01T07:56:17.937+0530] {dag.py:3954} INFO - Setting next_dagrun for example_skip_dag to 2026-03-31 00:00:00+00:00, run_after=2026-04-01 00:00:00+00:00
[2026-04-01T07:56:17.947+0530] {processor.py:183} INFO - Processing /Users/aswin/Documents/data-engineering-practice/ETL_Airflow_DBT/airflow/airflow_env/lib/python3.11/site-packages/airflow/example_dags/example_skip_dag.py took 0.076 seconds
[2026-04-01T07:56:49.537+0530] {processor.py:161} INFO - Started process (PID=85879) to work on /Users/aswin/Documents/data-engineering-practice/ETL_Airflow_DBT/airflow/airflow_env/lib/python3.11/site-packages/airflow/example_dags/example_skip_dag.py
[2026-04-01T07:56:49.538+0530] {processor.py:830} INFO - Processing file /Users/aswin/Documents/data-engineering-practice/ETL_Airflow_DBT/airflow/airflow_env/lib/python3.11/site-packages/airflow/example_dags/example_skip_dag.py for tasks to queue
[2026-04-01T07:56:49.538+0530] {logging_mixin.py:188} INFO - [2026-04-01T07:56:49.538+0530] {dagbag.py:540} INFO - Filling up the DagBag from /Users/aswin/Documents/data-engineering-practice/ETL_Airflow_DBT/airflow/airflow_env/lib/python3.11/site-packages/airflow/example_dags/example_skip_dag.py
[2026-04-01T07:56:49.542+0530] {processor.py:840} INFO - DAG(s) 'example_skip_dag' retrieved from /Users/aswin/Documents/data-engineering-practice/ETL_Airflow_DBT/airflow/airflow_env/lib/python3.11/site-packages/airflow/example_dags/example_skip_dag.py
[2026-04-01T07:56:49.602+0530] {logging_mixin.py:188} INFO - [2026-04-01T07:56:49.601+0530] {dag.py:3096} INFO - Sync 1 DAGs
[2026-04-01T07:56:49.612+0530] {logging_mixin.py:188} INFO - [2026-04-01T07:56:49.612+0530] {dag.py:3954} INFO - Setting next_dagrun for example_skip_dag to 2026-03-31 00:00:00+00:00, run_after=2026-04-01 00:00:00+00:00
[2026-04-01T07:56:49.620+0530] {processor.py:183} INFO - Processing /Users/aswin/Documents/data-engineering-practice/ETL_Airflow_DBT/airflow/airflow_env/lib/python3.11/site-packages/airflow/example_dags/example_skip_dag.py took 0.084 seconds
[2026-04-01T07:57:21.135+0530] {processor.py:161} INFO - Started process (PID=86009) to work on /Users/aswin/Documents/data-engineering-practice/ETL_Airflow_DBT/airflow/airflow_env/lib/python3.11/site-packages/airflow/example_dags/example_skip_dag.py
[2026-04-01T07:57:21.136+0530] {processor.py:830} INFO - Processing file /Users/aswin/Documents/data-engineering-practice/ETL_Airflow_DBT/airflow/airflow_env/lib/python3.11/site-packages/airflow/example_dags/example_skip_dag.py for tasks to queue
[2026-04-01T07:57:21.136+0530] {logging_mixin.py:188} INFO - [2026-04-01T07:57:21.136+0530] {dagbag.py:540} INFO - Filling up the DagBag from /Users/aswin/Documents/data-engineering-practice/ETL_Airflow_DBT/airflow/airflow_env/lib/python3.11/site-packages/airflow/example_dags/example_skip_dag.py
[2026-04-01T07:57:21.139+0530] {processor.py:840} INFO - DAG(s) 'example_skip_dag' retrieved from /Users/aswin/Documents/data-engineering-practice/ETL_Airflow_DBT/airflow/airflow_env/lib/python3.11/site-packages/airflow/example_dags/example_skip_dag.py
[2026-04-01T07:57:21.193+0530] {logging_mixin.py:188} INFO - [2026-04-01T07:57:21.193+0530] {dag.py:3096} INFO - Sync 1 DAGs
[2026-04-01T07:57:21.204+0530] {logging_mixin.py:188} INFO - [2026-04-01T07:57:21.204+0530] {dag.py:3954} INFO - Setting next_dagrun for example_skip_dag to 2026-03-31 00:00:00+00:00, run_after=2026-04-01 00:00:00+00:00
[2026-04-01T07:57:21.213+0530] {processor.py:183} INFO - Processing /Users/aswin/Documents/data-engineering-practice/ETL_Airflow_DBT/airflow/airflow_env/lib/python3.11/site-packages/airflow/example_dags/example_skip_dag.py took 0.079 seconds
[2026-04-01T07:59:39.491+0530] {processor.py:161} INFO - Started process (PID=86139) to work on /Users/aswin/Documents/data-engineering-practice/ETL_Airflow_DBT/airflow/airflow_env/lib/python3.11/site-packages/airflow/example_dags/example_skip_dag.py
[2026-04-01T07:59:39.491+0530] {processor.py:830} INFO - Processing file /Users/aswin/Documents/data-engineering-practice/ETL_Airflow_DBT/airflow/airflow_env/lib/python3.11/site-packages/airflow/example_dags/example_skip_dag.py for tasks to queue
[2026-04-01T07:59:39.492+0530] {logging_mixin.py:188} INFO - [2026-04-01T07:59:39.492+0530] {dagbag.py:540} INFO - Filling up the DagBag from /Users/aswin/Documents/data-engineering-practice/ETL_Airflow_DBT/airflow/airflow_env/lib/python3.11/site-packages/airflow/example_dags/example_skip_dag.py
[2026-04-01T07:59:39.495+0530] {processor.py:840} INFO - DAG(s) 'example_skip_dag' retrieved from /Users/aswin/Documents/data-engineering-practice/ETL_Airflow_DBT/airflow/airflow_env/lib/python3.11/site-packages/airflow/example_dags/example_skip_dag.py
[2026-04-01T07:59:39.557+0530] {logging_mixin.py:188} INFO - [2026-04-01T07:59:39.557+0530] {dag.py:3096} INFO - Sync 1 DAGs
[2026-04-01T07:59:39.578+0530] {logging_mixin.py:188} INFO - [2026-04-01T07:59:39.578+0530] {dag.py:3954} INFO - Setting next_dagrun for example_skip_dag to 2026-03-31 00:00:00+00:00, run_after=2026-04-01 00:00:00+00:00
[2026-04-01T07:59:39.589+0530] {processor.py:183} INFO - Processing /Users/aswin/Documents/data-engineering-practice/ETL_Airflow_DBT/airflow/airflow_env/lib/python3.11/site-packages/airflow/example_dags/example_skip_dag.py took 0.099 seconds
[2026-04-01T08:16:26.940+0530] {processor.py:161} INFO - Started process (PID=86314) to work on /Users/aswin/Documents/data-engineering-practice/ETL_Airflow_DBT/airflow/airflow_env/lib/python3.11/site-packages/airflow/example_dags/example_skip_dag.py
[2026-04-01T08:16:26.941+0530] {processor.py:830} INFO - Processing file /Users/aswin/Documents/data-engineering-practice/ETL_Airflow_DBT/airflow/airflow_env/lib/python3.11/site-packages/airflow/example_dags/example_skip_dag.py for tasks to queue
[2026-04-01T08:16:26.941+0530] {logging_mixin.py:188} INFO - [2026-04-01T08:16:26.941+0530] {dagbag.py:540} INFO - Filling up the DagBag from /Users/aswin/Documents/data-engineering-practice/ETL_Airflow_DBT/airflow/airflow_env/lib/python3.11/site-packages/airflow/example_dags/example_skip_dag.py
[2026-04-01T08:16:26.944+0530] {processor.py:840} INFO - DAG(s) 'example_skip_dag' retrieved from /Users/aswin/Documents/data-engineering-practice/ETL_Airflow_DBT/airflow/airflow_env/lib/python3.11/site-packages/airflow/example_dags/example_skip_dag.py
[2026-04-01T08:16:26.998+0530] {logging_mixin.py:188} INFO - [2026-04-01T08:16:26.997+0530] {dag.py:3096} INFO - Sync 1 DAGs
[2026-04-01T08:16:27.012+0530] {logging_mixin.py:188} INFO - [2026-04-01T08:16:27.012+0530] {dag.py:3954} INFO - Setting next_dagrun for example_skip_dag to 2026-03-31 00:00:00+00:00, run_after=2026-04-01 00:00:00+00:00
[2026-04-01T08:16:27.030+0530] {processor.py:183} INFO - Processing /Users/aswin/Documents/data-engineering-practice/ETL_Airflow_DBT/airflow/airflow_env/lib/python3.11/site-packages/airflow/example_dags/example_skip_dag.py took 0.091 seconds
[2026-04-01T08:17:41.575+0530] {processor.py:161} INFO - Started process (PID=86446) to work on /Users/aswin/Documents/data-engineering-practice/ETL_Airflow_DBT/airflow/airflow_env/lib/python3.11/site-packages/airflow/example_dags/example_skip_dag.py
[2026-04-01T08:17:41.575+0530] {processor.py:830} INFO - Processing file /Users/aswin/Documents/data-engineering-practice/ETL_Airflow_DBT/airflow/airflow_env/lib/python3.11/site-packages/airflow/example_dags/example_skip_dag.py for tasks to queue
[2026-04-01T08:17:41.576+0530] {logging_mixin.py:188} INFO - [2026-04-01T08:17:41.576+0530] {dagbag.py:540} INFO - Filling up the DagBag from /Users/aswin/Documents/data-engineering-practice/ETL_Airflow_DBT/airflow/airflow_env/lib/python3.11/site-packages/airflow/example_dags/example_skip_dag.py
[2026-04-01T08:17:41.578+0530] {processor.py:840} INFO - DAG(s) 'example_skip_dag' retrieved from /Users/aswin/Documents/data-engineering-practice/ETL_Airflow_DBT/airflow/airflow_env/lib/python3.11/site-packages/airflow/example_dags/example_skip_dag.py
[2026-04-01T08:17:41.634+0530] {logging_mixin.py:188} INFO - [2026-04-01T08:17:41.634+0530] {dag.py:3096} INFO - Sync 1 DAGs
[2026-04-01T08:17:41.647+0530] {logging_mixin.py:188} INFO - [2026-04-01T08:17:41.647+0530] {dag.py:3954} INFO - Setting next_dagrun for example_skip_dag to 2026-03-31 00:00:00+00:00, run_after=2026-04-01 00:00:00+00:00
[2026-04-01T08:17:41.657+0530] {processor.py:183} INFO - Processing /Users/aswin/Documents/data-engineering-practice/ETL_Airflow_DBT/airflow/airflow_env/lib/python3.11/site-packages/airflow/example_dags/example_skip_dag.py took 0.083 seconds
[2026-04-01T08:34:31.459+0530] {processor.py:161} INFO - Started process (PID=86605) to work on /Users/aswin/Documents/data-engineering-practice/ETL_Airflow_DBT/airflow/airflow_env/lib/python3.11/site-packages/airflow/example_dags/example_skip_dag.py
[2026-04-01T08:34:31.459+0530] {processor.py:830} INFO - Processing file /Users/aswin/Documents/data-engineering-practice/ETL_Airflow_DBT/airflow/airflow_env/lib/python3.11/site-packages/airflow/example_dags/example_skip_dag.py for tasks to queue
[2026-04-01T08:34:31.459+0530] {logging_mixin.py:188} INFO - [2026-04-01T08:34:31.459+0530] {dagbag.py:540} INFO - Filling up the DagBag from /Users/aswin/Documents/data-engineering-practice/ETL_Airflow_DBT/airflow/airflow_env/lib/python3.11/site-packages/airflow/example_dags/example_skip_dag.py
[2026-04-01T08:34:31.462+0530] {processor.py:840} INFO - DAG(s) 'example_skip_dag' retrieved from /Users/aswin/Documents/data-engineering-practice/ETL_Airflow_DBT/airflow/airflow_env/lib/python3.11/site-packages/airflow/example_dags/example_skip_dag.py
[2026-04-01T08:34:31.512+0530] {logging_mixin.py:188} INFO - [2026-04-01T08:34:31.512+0530] {dag.py:3096} INFO - Sync 1 DAGs
[2026-04-01T08:34:31.525+0530] {logging_mixin.py:188} INFO - [2026-04-01T08:34:31.525+0530] {dag.py:3954} INFO - Setting next_dagrun for example_skip_dag to 2026-03-31 00:00:00+00:00, run_after=2026-04-01 00:00:00+00:00
[2026-04-01T08:34:31.535+0530] {processor.py:183} INFO - Processing /Users/aswin/Documents/data-engineering-practice/ETL_Airflow_DBT/airflow/airflow_env/lib/python3.11/site-packages/airflow/example_dags/example_skip_dag.py took 0.077 seconds
[2026-04-01T08:36:05.017+0530] {processor.py:161} INFO - Started process (PID=86717) to work on /Users/aswin/Documents/data-engineering-practice/ETL_Airflow_DBT/airflow/airflow_env/lib/python3.11/site-packages/airflow/example_dags/example_skip_dag.py
[2026-04-01T08:36:05.018+0530] {processor.py:830} INFO - Processing file /Users/aswin/Documents/data-engineering-practice/ETL_Airflow_DBT/airflow/airflow_env/lib/python3.11/site-packages/airflow/example_dags/example_skip_dag.py for tasks to queue
[2026-04-01T08:36:05.018+0530] {logging_mixin.py:188} INFO - [2026-04-01T08:36:05.018+0530] {dagbag.py:540} INFO - Filling up the DagBag from /Users/aswin/Documents/data-engineering-practice/ETL_Airflow_DBT/airflow/airflow_env/lib/python3.11/site-packages/airflow/example_dags/example_skip_dag.py
[2026-04-01T08:36:05.022+0530] {processor.py:840} INFO - DAG(s) 'example_skip_dag' retrieved from /Users/aswin/Documents/data-engineering-practice/ETL_Airflow_DBT/airflow/airflow_env/lib/python3.11/site-packages/airflow/example_dags/example_skip_dag.py
[2026-04-01T08:36:05.146+0530] {logging_mixin.py:188} INFO - [2026-04-01T08:36:05.146+0530] {dag.py:3096} INFO - Sync 1 DAGs
[2026-04-01T08:36:05.165+0530] {logging_mixin.py:188} INFO - [2026-04-01T08:36:05.165+0530] {dag.py:3954} INFO - Setting next_dagrun for example_skip_dag to 2026-03-31 00:00:00+00:00, run_after=2026-04-01 00:00:00+00:00
[2026-04-01T08:36:05.180+0530] {processor.py:183} INFO - Processing /Users/aswin/Documents/data-engineering-practice/ETL_Airflow_DBT/airflow/airflow_env/lib/python3.11/site-packages/airflow/example_dags/example_skip_dag.py took 0.163 seconds
[2026-04-01T08:55:17.481+0530] {processor.py:161} INFO - Started process (PID=86886) to work on /Users/aswin/Documents/data-engineering-practice/ETL_Airflow_DBT/airflow/airflow_env/lib/python3.11/site-packages/airflow/example_dags/example_skip_dag.py
[2026-04-01T08:55:17.482+0530] {processor.py:830} INFO - Processing file /Users/aswin/Documents/data-engineering-practice/ETL_Airflow_DBT/airflow/airflow_env/lib/python3.11/site-packages/airflow/example_dags/example_skip_dag.py for tasks to queue
[2026-04-01T08:55:17.482+0530] {logging_mixin.py:188} INFO - [2026-04-01T08:55:17.482+0530] {dagbag.py:540} INFO - Filling up the DagBag from /Users/aswin/Documents/data-engineering-practice/ETL_Airflow_DBT/airflow/airflow_env/lib/python3.11/site-packages/airflow/example_dags/example_skip_dag.py
[2026-04-01T08:55:17.485+0530] {processor.py:840} INFO - DAG(s) 'example_skip_dag' retrieved from /Users/aswin/Documents/data-engineering-practice/ETL_Airflow_DBT/airflow/airflow_env/lib/python3.11/site-packages/airflow/example_dags/example_skip_dag.py
[2026-04-01T08:55:17.537+0530] {logging_mixin.py:188} INFO - [2026-04-01T08:55:17.537+0530] {dag.py:3096} INFO - Sync 1 DAGs
[2026-04-01T08:55:17.547+0530] {logging_mixin.py:188} INFO - [2026-04-01T08:55:17.546+0530] {dag.py:3954} INFO - Setting next_dagrun for example_skip_dag to 2026-03-31 00:00:00+00:00, run_after=2026-04-01 00:00:00+00:00
[2026-04-01T08:55:17.554+0530] {processor.py:183} INFO - Processing /Users/aswin/Documents/data-engineering-practice/ETL_Airflow_DBT/airflow/airflow_env/lib/python3.11/site-packages/airflow/example_dags/example_skip_dag.py took 0.073 seconds
[2026-04-01T08:55:57.318+0530] {processor.py:161} INFO - Started process (PID=86973) to work on /Users/aswin/Documents/data-engineering-practice/ETL_Airflow_DBT/airflow/airflow_env/lib/python3.11/site-packages/airflow/example_dags/example_skip_dag.py
[2026-04-01T08:55:57.319+0530] {processor.py:830} INFO - Processing file /Users/aswin/Documents/data-engineering-practice/ETL_Airflow_DBT/airflow/airflow_env/lib/python3.11/site-packages/airflow/example_dags/example_skip_dag.py for tasks to queue
[2026-04-01T08:55:57.319+0530] {logging_mixin.py:188} INFO - [2026-04-01T08:55:57.319+0530] {dagbag.py:540} INFO - Filling up the DagBag from /Users/aswin/Documents/data-engineering-practice/ETL_Airflow_DBT/airflow/airflow_env/lib/python3.11/site-packages/airflow/example_dags/example_skip_dag.py
[2026-04-01T08:55:57.322+0530] {processor.py:840} INFO - DAG(s) 'example_skip_dag' retrieved from /Users/aswin/Documents/data-engineering-practice/ETL_Airflow_DBT/airflow/airflow_env/lib/python3.11/site-packages/airflow/example_dags/example_skip_dag.py
[2026-04-01T08:55:57.374+0530] {logging_mixin.py:188} INFO - [2026-04-01T08:55:57.374+0530] {dag.py:3096} INFO - Sync 1 DAGs
[2026-04-01T08:55:57.387+0530] {logging_mixin.py:188} INFO - [2026-04-01T08:55:57.387+0530] {dag.py:3954} INFO - Setting next_dagrun for example_skip_dag to 2026-03-31 00:00:00+00:00, run_after=2026-04-01 00:00:00+00:00
[2026-04-01T08:55:57.397+0530] {processor.py:183} INFO - Processing /Users/aswin/Documents/data-engineering-practice/ETL_Airflow_DBT/airflow/airflow_env/lib/python3.11/site-packages/airflow/example_dags/example_skip_dag.py took 0.079 seconds
[2026-04-01T08:57:03.440+0530] {processor.py:161} INFO - Started process (PID=87072) to work on /Users/aswin/Documents/data-engineering-practice/ETL_Airflow_DBT/airflow/airflow_env/lib/python3.11/site-packages/airflow/example_dags/example_skip_dag.py
[2026-04-01T08:57:03.442+0530] {processor.py:830} INFO - Processing file /Users/aswin/Documents/data-engineering-practice/ETL_Airflow_DBT/airflow/airflow_env/lib/python3.11/site-packages/airflow/example_dags/example_skip_dag.py for tasks to queue
[2026-04-01T08:57:03.442+0530] {logging_mixin.py:188} INFO - [2026-04-01T08:57:03.442+0530] {dagbag.py:540} INFO - Filling up the DagBag from /Users/aswin/Documents/data-engineering-practice/ETL_Airflow_DBT/airflow/airflow_env/lib/python3.11/site-packages/airflow/example_dags/example_skip_dag.py
[2026-04-01T08:57:03.445+0530] {processor.py:840} INFO - DAG(s) 'example_skip_dag' retrieved from /Users/aswin/Documents/data-engineering-practice/ETL_Airflow_DBT/airflow/airflow_env/lib/python3.11/site-packages/airflow/example_dags/example_skip_dag.py
[2026-04-01T08:57:03.521+0530] {logging_mixin.py:188} INFO - [2026-04-01T08:57:03.520+0530] {dag.py:3096} INFO - Sync 1 DAGs
[2026-04-01T08:57:03.532+0530] {logging_mixin.py:188} INFO - [2026-04-01T08:57:03.531+0530] {dag.py:3954} INFO - Setting next_dagrun for example_skip_dag to 2026-03-31 00:00:00+00:00, run_after=2026-04-01 00:00:00+00:00
[2026-04-01T08:57:03.542+0530] {processor.py:183} INFO - Processing /Users/aswin/Documents/data-engineering-practice/ETL_Airflow_DBT/airflow/airflow_env/lib/python3.11/site-packages/airflow/example_dags/example_skip_dag.py took 0.103 seconds
[2026-04-01T09:14:40.617+0530] {processor.py:161} INFO - Started process (PID=87211) to work on /Users/aswin/Documents/data-engineering-practice/ETL_Airflow_DBT/airflow/airflow_env/lib/python3.11/site-packages/airflow/example_dags/example_skip_dag.py
[2026-04-01T09:14:40.618+0530] {processor.py:830} INFO - Processing file /Users/aswin/Documents/data-engineering-practice/ETL_Airflow_DBT/airflow/airflow_env/lib/python3.11/site-packages/airflow/example_dags/example_skip_dag.py for tasks to queue
[2026-04-01T09:14:40.618+0530] {logging_mixin.py:188} INFO - [2026-04-01T09:14:40.618+0530] {dagbag.py:540} INFO - Filling up the DagBag from /Users/aswin/Documents/data-engineering-practice/ETL_Airflow_DBT/airflow/airflow_env/lib/python3.11/site-packages/airflow/example_dags/example_skip_dag.py
[2026-04-01T09:14:40.621+0530] {processor.py:840} INFO - DAG(s) 'example_skip_dag' retrieved from /Users/aswin/Documents/data-engineering-practice/ETL_Airflow_DBT/airflow/airflow_env/lib/python3.11/site-packages/airflow/example_dags/example_skip_dag.py
[2026-04-01T09:14:40.672+0530] {logging_mixin.py:188} INFO - [2026-04-01T09:14:40.672+0530] {dag.py:3096} INFO - Sync 1 DAGs
[2026-04-01T09:14:40.685+0530] {logging_mixin.py:188} INFO - [2026-04-01T09:14:40.685+0530] {dag.py:3954} INFO - Setting next_dagrun for example_skip_dag to 2026-03-31 00:00:00+00:00, run_after=2026-04-01 00:00:00+00:00
[2026-04-01T09:14:40.695+0530] {processor.py:183} INFO - Processing /Users/aswin/Documents/data-engineering-practice/ETL_Airflow_DBT/airflow/airflow_env/lib/python3.11/site-packages/airflow/example_dags/example_skip_dag.py took 0.078 seconds
[2026-04-01T09:15:45.466+0530] {processor.py:161} INFO - Started process (PID=87296) to work on /Users/aswin/Documents/data-engineering-practice/ETL_Airflow_DBT/airflow/airflow_env/lib/python3.11/site-packages/airflow/example_dags/example_skip_dag.py
[2026-04-01T09:15:45.466+0530] {processor.py:830} INFO - Processing file /Users/aswin/Documents/data-engineering-practice/ETL_Airflow_DBT/airflow/airflow_env/lib/python3.11/site-packages/airflow/example_dags/example_skip_dag.py for tasks to queue
[2026-04-01T09:15:45.467+0530] {logging_mixin.py:188} INFO - [2026-04-01T09:15:45.467+0530] {dagbag.py:540} INFO - Filling up the DagBag from /Users/aswin/Documents/data-engineering-practice/ETL_Airflow_DBT/airflow/airflow_env/lib/python3.11/site-packages/airflow/example_dags/example_skip_dag.py
[2026-04-01T09:15:45.470+0530] {processor.py:840} INFO - DAG(s) 'example_skip_dag' retrieved from /Users/aswin/Documents/data-engineering-practice/ETL_Airflow_DBT/airflow/airflow_env/lib/python3.11/site-packages/airflow/example_dags/example_skip_dag.py
[2026-04-01T09:15:45.524+0530] {logging_mixin.py:188} INFO - [2026-04-01T09:15:45.524+0530] {dag.py:3096} INFO - Sync 1 DAGs
[2026-04-01T09:15:45.536+0530] {logging_mixin.py:188} INFO - [2026-04-01T09:15:45.536+0530] {dag.py:3954} INFO - Setting next_dagrun for example_skip_dag to 2026-03-31 00:00:00+00:00, run_after=2026-04-01 00:00:00+00:00
[2026-04-01T09:15:45.546+0530] {processor.py:183} INFO - Processing /Users/aswin/Documents/data-engineering-practice/ETL_Airflow_DBT/airflow/airflow_env/lib/python3.11/site-packages/airflow/example_dags/example_skip_dag.py took 0.081 seconds
[2026-04-01T09:16:50.355+0530] {processor.py:161} INFO - Started process (PID=87384) to work on /Users/aswin/Documents/data-engineering-practice/ETL_Airflow_DBT/airflow/airflow_env/lib/python3.11/site-packages/airflow/example_dags/example_skip_dag.py
[2026-04-01T09:16:50.357+0530] {processor.py:830} INFO - Processing file /Users/aswin/Documents/data-engineering-practice/ETL_Airflow_DBT/airflow/airflow_env/lib/python3.11/site-packages/airflow/example_dags/example_skip_dag.py for tasks to queue
[2026-04-01T09:16:50.357+0530] {logging_mixin.py:188} INFO - [2026-04-01T09:16:50.357+0530] {dagbag.py:540} INFO - Filling up the DagBag from /Users/aswin/Documents/data-engineering-practice/ETL_Airflow_DBT/airflow/airflow_env/lib/python3.11/site-packages/airflow/example_dags/example_skip_dag.py
[2026-04-01T09:16:50.360+0530] {processor.py:840} INFO - DAG(s) 'example_skip_dag' retrieved from /Users/aswin/Documents/data-engineering-practice/ETL_Airflow_DBT/airflow/airflow_env/lib/python3.11/site-packages/airflow/example_dags/example_skip_dag.py
[2026-04-01T09:16:50.410+0530] {logging_mixin.py:188} INFO - [2026-04-01T09:16:50.410+0530] {dag.py:3096} INFO - Sync 1 DAGs
[2026-04-01T09:16:50.425+0530] {logging_mixin.py:188} INFO - [2026-04-01T09:16:50.425+0530] {dag.py:3954} INFO - Setting next_dagrun for example_skip_dag to 2026-03-31 00:00:00+00:00, run_after=2026-04-01 00:00:00+00:00
[2026-04-01T09:16:50.433+0530] {processor.py:183} INFO - Processing /Users/aswin/Documents/data-engineering-practice/ETL_Airflow_DBT/airflow/airflow_env/lib/python3.11/site-packages/airflow/example_dags/example_skip_dag.py took 0.079 seconds
[2026-04-01T09:34:51.933+0530] {processor.py:161} INFO - Started process (PID=87476) to work on /Users/aswin/Documents/data-engineering-practice/ETL_Airflow_DBT/airflow/airflow_env/lib/python3.11/site-packages/airflow/example_dags/example_skip_dag.py
[2026-04-01T09:34:51.934+0530] {processor.py:830} INFO - Processing file /Users/aswin/Documents/data-engineering-practice/ETL_Airflow_DBT/airflow/airflow_env/lib/python3.11/site-packages/airflow/example_dags/example_skip_dag.py for tasks to queue
[2026-04-01T09:34:51.934+0530] {logging_mixin.py:188} INFO - [2026-04-01T09:34:51.934+0530] {dagbag.py:540} INFO - Filling up the DagBag from /Users/aswin/Documents/data-engineering-practice/ETL_Airflow_DBT/airflow/airflow_env/lib/python3.11/site-packages/airflow/example_dags/example_skip_dag.py
[2026-04-01T09:34:51.937+0530] {processor.py:840} INFO - DAG(s) 'example_skip_dag' retrieved from /Users/aswin/Documents/data-engineering-practice/ETL_Airflow_DBT/airflow/airflow_env/lib/python3.11/site-packages/airflow/example_dags/example_skip_dag.py
[2026-04-01T09:34:51.990+0530] {logging_mixin.py:188} INFO - [2026-04-01T09:34:51.990+0530] {dag.py:3096} INFO - Sync 1 DAGs
[2026-04-01T09:34:52.003+0530] {logging_mixin.py:188} INFO - [2026-04-01T09:34:52.002+0530] {dag.py:3954} INFO - Setting next_dagrun for example_skip_dag to 2026-03-31 00:00:00+00:00, run_after=2026-04-01 00:00:00+00:00
[2026-04-01T09:34:52.013+0530] {processor.py:183} INFO - Processing /Users/aswin/Documents/data-engineering-practice/ETL_Airflow_DBT/airflow/airflow_env/lib/python3.11/site-packages/airflow/example_dags/example_skip_dag.py took 0.081 seconds
[2026-04-01T09:35:57.239+0530] {processor.py:161} INFO - Started process (PID=87565) to work on /Users/aswin/Documents/data-engineering-practice/ETL_Airflow_DBT/airflow/airflow_env/lib/python3.11/site-packages/airflow/example_dags/example_skip_dag.py
[2026-04-01T09:35:57.239+0530] {processor.py:830} INFO - Processing file /Users/aswin/Documents/data-engineering-practice/ETL_Airflow_DBT/airflow/airflow_env/lib/python3.11/site-packages/airflow/example_dags/example_skip_dag.py for tasks to queue
[2026-04-01T09:35:57.239+0530] {logging_mixin.py:188} INFO - [2026-04-01T09:35:57.239+0530] {dagbag.py:540} INFO - Filling up the DagBag from /Users/aswin/Documents/data-engineering-practice/ETL_Airflow_DBT/airflow/airflow_env/lib/python3.11/site-packages/airflow/example_dags/example_skip_dag.py
[2026-04-01T09:35:57.242+0530] {processor.py:840} INFO - DAG(s) 'example_skip_dag' retrieved from /Users/aswin/Documents/data-engineering-practice/ETL_Airflow_DBT/airflow/airflow_env/lib/python3.11/site-packages/airflow/example_dags/example_skip_dag.py
[2026-04-01T09:35:57.293+0530] {logging_mixin.py:188} INFO - [2026-04-01T09:35:57.293+0530] {dag.py:3096} INFO - Sync 1 DAGs
[2026-04-01T09:35:57.305+0530] {logging_mixin.py:188} INFO - [2026-04-01T09:35:57.305+0530] {dag.py:3954} INFO - Setting next_dagrun for example_skip_dag to 2026-03-31 00:00:00+00:00, run_after=2026-04-01 00:00:00+00:00
[2026-04-01T09:35:57.316+0530] {processor.py:183} INFO - Processing /Users/aswin/Documents/data-engineering-practice/ETL_Airflow_DBT/airflow/airflow_env/lib/python3.11/site-packages/airflow/example_dags/example_skip_dag.py took 0.078 seconds
[2026-04-01T09:37:02.061+0530] {processor.py:161} INFO - Started process (PID=87652) to work on /Users/aswin/Documents/data-engineering-practice/ETL_Airflow_DBT/airflow/airflow_env/lib/python3.11/site-packages/airflow/example_dags/example_skip_dag.py
[2026-04-01T09:37:02.061+0530] {processor.py:830} INFO - Processing file /Users/aswin/Documents/data-engineering-practice/ETL_Airflow_DBT/airflow/airflow_env/lib/python3.11/site-packages/airflow/example_dags/example_skip_dag.py for tasks to queue
[2026-04-01T09:37:02.061+0530] {logging_mixin.py:188} INFO - [2026-04-01T09:37:02.061+0530] {dagbag.py:540} INFO - Filling up the DagBag from /Users/aswin/Documents/data-engineering-practice/ETL_Airflow_DBT/airflow/airflow_env/lib/python3.11/site-packages/airflow/example_dags/example_skip_dag.py
[2026-04-01T09:37:02.064+0530] {processor.py:840} INFO - DAG(s) 'example_skip_dag' retrieved from /Users/aswin/Documents/data-engineering-practice/ETL_Airflow_DBT/airflow/airflow_env/lib/python3.11/site-packages/airflow/example_dags/example_skip_dag.py
[2026-04-01T09:37:02.117+0530] {logging_mixin.py:188} INFO - [2026-04-01T09:37:02.117+0530] {dag.py:3096} INFO - Sync 1 DAGs
[2026-04-01T09:37:02.130+0530] {logging_mixin.py:188} INFO - [2026-04-01T09:37:02.130+0530] {dag.py:3954} INFO - Setting next_dagrun for example_skip_dag to 2026-03-31 00:00:00+00:00, run_after=2026-04-01 00:00:00+00:00
[2026-04-01T09:37:02.140+0530] {processor.py:183} INFO - Processing /Users/aswin/Documents/data-engineering-practice/ETL_Airflow_DBT/airflow/airflow_env/lib/python3.11/site-packages/airflow/example_dags/example_skip_dag.py took 0.081 seconds
[2026-04-01T09:43:21.805+0530] {processor.py:161} INFO - Started process (PID=87744) to work on /Users/aswin/Documents/data-engineering-practice/ETL_Airflow_DBT/airflow/airflow_env/lib/python3.11/site-packages/airflow/example_dags/example_skip_dag.py
[2026-04-01T09:43:21.806+0530] {processor.py:830} INFO - Processing file /Users/aswin/Documents/data-engineering-practice/ETL_Airflow_DBT/airflow/airflow_env/lib/python3.11/site-packages/airflow/example_dags/example_skip_dag.py for tasks to queue
[2026-04-01T09:43:21.806+0530] {logging_mixin.py:188} INFO - [2026-04-01T09:43:21.806+0530] {dagbag.py:540} INFO - Filling up the DagBag from /Users/aswin/Documents/data-engineering-practice/ETL_Airflow_DBT/airflow/airflow_env/lib/python3.11/site-packages/airflow/example_dags/example_skip_dag.py
[2026-04-01T09:43:21.809+0530] {processor.py:840} INFO - DAG(s) 'example_skip_dag' retrieved from /Users/aswin/Documents/data-engineering-practice/ETL_Airflow_DBT/airflow/airflow_env/lib/python3.11/site-packages/airflow/example_dags/example_skip_dag.py
[2026-04-01T09:43:21.860+0530] {logging_mixin.py:188} INFO - [2026-04-01T09:43:21.860+0530] {dag.py:3096} INFO - Sync 1 DAGs
[2026-04-01T09:43:21.874+0530] {logging_mixin.py:188} INFO - [2026-04-01T09:43:21.874+0530] {dag.py:3954} INFO - Setting next_dagrun for example_skip_dag to 2026-03-31 00:00:00+00:00, run_after=2026-04-01 00:00:00+00:00
[2026-04-01T09:43:21.885+0530] {processor.py:183} INFO - Processing /Users/aswin/Documents/data-engineering-practice/ETL_Airflow_DBT/airflow/airflow_env/lib/python3.11/site-packages/airflow/example_dags/example_skip_dag.py took 0.080 seconds
[2026-04-01T10:00:43.980+0530] {processor.py:161} INFO - Started process (PID=87834) to work on /Users/aswin/Documents/data-engineering-practice/ETL_Airflow_DBT/airflow/airflow_env/lib/python3.11/site-packages/airflow/example_dags/example_skip_dag.py
[2026-04-01T10:00:43.980+0530] {processor.py:830} INFO - Processing file /Users/aswin/Documents/data-engineering-practice/ETL_Airflow_DBT/airflow/airflow_env/lib/python3.11/site-packages/airflow/example_dags/example_skip_dag.py for tasks to queue
[2026-04-01T10:00:43.980+0530] {logging_mixin.py:188} INFO - [2026-04-01T10:00:43.980+0530] {dagbag.py:540} INFO - Filling up the DagBag from /Users/aswin/Documents/data-engineering-practice/ETL_Airflow_DBT/airflow/airflow_env/lib/python3.11/site-packages/airflow/example_dags/example_skip_dag.py
[2026-04-01T10:00:43.983+0530] {processor.py:840} INFO - DAG(s) 'example_skip_dag' retrieved from /Users/aswin/Documents/data-engineering-practice/ETL_Airflow_DBT/airflow/airflow_env/lib/python3.11/site-packages/airflow/example_dags/example_skip_dag.py
[2026-04-01T10:00:44.038+0530] {logging_mixin.py:188} INFO - [2026-04-01T10:00:44.038+0530] {dag.py:3096} INFO - Sync 1 DAGs
[2026-04-01T10:00:44.051+0530] {logging_mixin.py:188} INFO - [2026-04-01T10:00:44.051+0530] {dag.py:3954} INFO - Setting next_dagrun for example_skip_dag to 2026-03-31 00:00:00+00:00, run_after=2026-04-01 00:00:00+00:00
[2026-04-01T10:00:44.061+0530] {processor.py:183} INFO - Processing /Users/aswin/Documents/data-engineering-practice/ETL_Airflow_DBT/airflow/airflow_env/lib/python3.11/site-packages/airflow/example_dags/example_skip_dag.py took 0.083 seconds
[2026-04-01T10:02:17.533+0530] {processor.py:161} INFO - Started process (PID=87947) to work on /Users/aswin/Documents/data-engineering-practice/ETL_Airflow_DBT/airflow/airflow_env/lib/python3.11/site-packages/airflow/example_dags/example_skip_dag.py
[2026-04-01T10:02:17.534+0530] {processor.py:830} INFO - Processing file /Users/aswin/Documents/data-engineering-practice/ETL_Airflow_DBT/airflow/airflow_env/lib/python3.11/site-packages/airflow/example_dags/example_skip_dag.py for tasks to queue
[2026-04-01T10:02:17.534+0530] {logging_mixin.py:188} INFO - [2026-04-01T10:02:17.534+0530] {dagbag.py:540} INFO - Filling up the DagBag from /Users/aswin/Documents/data-engineering-practice/ETL_Airflow_DBT/airflow/airflow_env/lib/python3.11/site-packages/airflow/example_dags/example_skip_dag.py
[2026-04-01T10:02:17.537+0530] {processor.py:840} INFO - DAG(s) 'example_skip_dag' retrieved from /Users/aswin/Documents/data-engineering-practice/ETL_Airflow_DBT/airflow/airflow_env/lib/python3.11/site-packages/airflow/example_dags/example_skip_dag.py
[2026-04-01T10:02:17.589+0530] {logging_mixin.py:188} INFO - [2026-04-01T10:02:17.589+0530] {dag.py:3096} INFO - Sync 1 DAGs
[2026-04-01T10:02:17.602+0530] {logging_mixin.py:188} INFO - [2026-04-01T10:02:17.602+0530] {dag.py:3954} INFO - Setting next_dagrun for example_skip_dag to 2026-03-31 00:00:00+00:00, run_after=2026-04-01 00:00:00+00:00
[2026-04-01T10:02:17.612+0530] {processor.py:183} INFO - Processing /Users/aswin/Documents/data-engineering-practice/ETL_Airflow_DBT/airflow/airflow_env/lib/python3.11/site-packages/airflow/example_dags/example_skip_dag.py took 0.080 seconds
[2026-04-01T10:03:22.427+0530] {processor.py:161} INFO - Started process (PID=88051) to work on /Users/aswin/Documents/data-engineering-practice/ETL_Airflow_DBT/airflow/airflow_env/lib/python3.11/site-packages/airflow/example_dags/example_skip_dag.py
[2026-04-01T10:03:22.428+0530] {processor.py:830} INFO - Processing file /Users/aswin/Documents/data-engineering-practice/ETL_Airflow_DBT/airflow/airflow_env/lib/python3.11/site-packages/airflow/example_dags/example_skip_dag.py for tasks to queue
[2026-04-01T10:03:22.428+0530] {logging_mixin.py:188} INFO - [2026-04-01T10:03:22.428+0530] {dagbag.py:540} INFO - Filling up the DagBag from /Users/aswin/Documents/data-engineering-practice/ETL_Airflow_DBT/airflow/airflow_env/lib/python3.11/site-packages/airflow/example_dags/example_skip_dag.py
[2026-04-01T10:03:22.431+0530] {processor.py:840} INFO - DAG(s) 'example_skip_dag' retrieved from /Users/aswin/Documents/data-engineering-practice/ETL_Airflow_DBT/airflow/airflow_env/lib/python3.11/site-packages/airflow/example_dags/example_skip_dag.py
[2026-04-01T10:03:22.485+0530] {logging_mixin.py:188} INFO - [2026-04-01T10:03:22.484+0530] {dag.py:3096} INFO - Sync 1 DAGs
[2026-04-01T10:03:22.497+0530] {logging_mixin.py:188} INFO - [2026-04-01T10:03:22.497+0530] {dag.py:3954} INFO - Setting next_dagrun for example_skip_dag to 2026-03-31 00:00:00+00:00, run_after=2026-04-01 00:00:00+00:00
[2026-04-01T10:03:22.507+0530] {processor.py:183} INFO - Processing /Users/aswin/Documents/data-engineering-practice/ETL_Airflow_DBT/airflow/airflow_env/lib/python3.11/site-packages/airflow/example_dags/example_skip_dag.py took 0.082 seconds
[2026-04-01T10:21:06.760+0530] {processor.py:161} INFO - Started process (PID=88157) to work on /Users/aswin/Documents/data-engineering-practice/ETL_Airflow_DBT/airflow/airflow_env/lib/python3.11/site-packages/airflow/example_dags/example_skip_dag.py
[2026-04-01T10:21:06.761+0530] {processor.py:830} INFO - Processing file /Users/aswin/Documents/data-engineering-practice/ETL_Airflow_DBT/airflow/airflow_env/lib/python3.11/site-packages/airflow/example_dags/example_skip_dag.py for tasks to queue
[2026-04-01T10:21:06.762+0530] {logging_mixin.py:188} INFO - [2026-04-01T10:21:06.762+0530] {dagbag.py:540} INFO - Filling up the DagBag from /Users/aswin/Documents/data-engineering-practice/ETL_Airflow_DBT/airflow/airflow_env/lib/python3.11/site-packages/airflow/example_dags/example_skip_dag.py
[2026-04-01T10:21:06.764+0530] {processor.py:840} INFO - DAG(s) 'example_skip_dag' retrieved from /Users/aswin/Documents/data-engineering-practice/ETL_Airflow_DBT/airflow/airflow_env/lib/python3.11/site-packages/airflow/example_dags/example_skip_dag.py
[2026-04-01T10:21:06.817+0530] {logging_mixin.py:188} INFO - [2026-04-01T10:21:06.817+0530] {dag.py:3096} INFO - Sync 1 DAGs
[2026-04-01T10:21:06.832+0530] {logging_mixin.py:188} INFO - [2026-04-01T10:21:06.832+0530] {dag.py:3954} INFO - Setting next_dagrun for example_skip_dag to 2026-03-31 00:00:00+00:00, run_after=2026-04-01 00:00:00+00:00
[2026-04-01T10:21:06.840+0530] {processor.py:183} INFO - Processing /Users/aswin/Documents/data-engineering-practice/ETL_Airflow_DBT/airflow/airflow_env/lib/python3.11/site-packages/airflow/example_dags/example_skip_dag.py took 0.081 seconds
[2026-04-01T10:22:15.782+0530] {processor.py:161} INFO - Started process (PID=88263) to work on /Users/aswin/Documents/data-engineering-practice/ETL_Airflow_DBT/airflow/airflow_env/lib/python3.11/site-packages/airflow/example_dags/example_skip_dag.py
[2026-04-01T10:22:15.783+0530] {processor.py:830} INFO - Processing file /Users/aswin/Documents/data-engineering-practice/ETL_Airflow_DBT/airflow/airflow_env/lib/python3.11/site-packages/airflow/example_dags/example_skip_dag.py for tasks to queue
[2026-04-01T10:22:15.783+0530] {logging_mixin.py:188} INFO - [2026-04-01T10:22:15.783+0530] {dagbag.py:540} INFO - Filling up the DagBag from /Users/aswin/Documents/data-engineering-practice/ETL_Airflow_DBT/airflow/airflow_env/lib/python3.11/site-packages/airflow/example_dags/example_skip_dag.py
[2026-04-01T10:22:15.786+0530] {processor.py:840} INFO - DAG(s) 'example_skip_dag' retrieved from /Users/aswin/Documents/data-engineering-practice/ETL_Airflow_DBT/airflow/airflow_env/lib/python3.11/site-packages/airflow/example_dags/example_skip_dag.py
[2026-04-01T10:22:15.838+0530] {logging_mixin.py:188} INFO - [2026-04-01T10:22:15.838+0530] {dag.py:3096} INFO - Sync 1 DAGs
[2026-04-01T10:22:15.850+0530] {logging_mixin.py:188} INFO - [2026-04-01T10:22:15.850+0530] {dag.py:3954} INFO - Setting next_dagrun for example_skip_dag to 2026-03-31 00:00:00+00:00, run_after=2026-04-01 00:00:00+00:00
[2026-04-01T10:22:15.860+0530] {processor.py:183} INFO - Processing /Users/aswin/Documents/data-engineering-practice/ETL_Airflow_DBT/airflow/airflow_env/lib/python3.11/site-packages/airflow/example_dags/example_skip_dag.py took 0.079 seconds
[2026-04-01T10:23:19.415+0530] {processor.py:161} INFO - Started process (PID=88342) to work on /Users/aswin/Documents/data-engineering-practice/ETL_Airflow_DBT/airflow/airflow_env/lib/python3.11/site-packages/airflow/example_dags/example_skip_dag.py
[2026-04-01T10:23:19.415+0530] {processor.py:830} INFO - Processing file /Users/aswin/Documents/data-engineering-practice/ETL_Airflow_DBT/airflow/airflow_env/lib/python3.11/site-packages/airflow/example_dags/example_skip_dag.py for tasks to queue
[2026-04-01T10:23:19.416+0530] {logging_mixin.py:188} INFO - [2026-04-01T10:23:19.416+0530] {dagbag.py:540} INFO - Filling up the DagBag from /Users/aswin/Documents/data-engineering-practice/ETL_Airflow_DBT/airflow/airflow_env/lib/python3.11/site-packages/airflow/example_dags/example_skip_dag.py
[2026-04-01T10:23:19.419+0530] {processor.py:840} INFO - DAG(s) 'example_skip_dag' retrieved from /Users/aswin/Documents/data-engineering-practice/ETL_Airflow_DBT/airflow/airflow_env/lib/python3.11/site-packages/airflow/example_dags/example_skip_dag.py
[2026-04-01T10:23:19.470+0530] {logging_mixin.py:188} INFO - [2026-04-01T10:23:19.470+0530] {dag.py:3096} INFO - Sync 1 DAGs
[2026-04-01T10:23:19.483+0530] {logging_mixin.py:188} INFO - [2026-04-01T10:23:19.483+0530] {dag.py:3954} INFO - Setting next_dagrun for example_skip_dag to 2026-03-31 00:00:00+00:00, run_after=2026-04-01 00:00:00+00:00
[2026-04-01T10:23:19.493+0530] {processor.py:183} INFO - Processing /Users/aswin/Documents/data-engineering-practice/ETL_Airflow_DBT/airflow/airflow_env/lib/python3.11/site-packages/airflow/example_dags/example_skip_dag.py took 0.079 seconds
[2026-04-01T10:41:29.106+0530] {processor.py:161} INFO - Started process (PID=88435) to work on /Users/aswin/Documents/data-engineering-practice/ETL_Airflow_DBT/airflow/airflow_env/lib/python3.11/site-packages/airflow/example_dags/example_skip_dag.py
[2026-04-01T10:41:29.107+0530] {processor.py:830} INFO - Processing file /Users/aswin/Documents/data-engineering-practice/ETL_Airflow_DBT/airflow/airflow_env/lib/python3.11/site-packages/airflow/example_dags/example_skip_dag.py for tasks to queue
[2026-04-01T10:41:29.107+0530] {logging_mixin.py:188} INFO - [2026-04-01T10:41:29.107+0530] {dagbag.py:540} INFO - Filling up the DagBag from /Users/aswin/Documents/data-engineering-practice/ETL_Airflow_DBT/airflow/airflow_env/lib/python3.11/site-packages/airflow/example_dags/example_skip_dag.py
[2026-04-01T10:41:29.110+0530] {processor.py:840} INFO - DAG(s) 'example_skip_dag' retrieved from /Users/aswin/Documents/data-engineering-practice/ETL_Airflow_DBT/airflow/airflow_env/lib/python3.11/site-packages/airflow/example_dags/example_skip_dag.py
[2026-04-01T10:41:29.160+0530] {logging_mixin.py:188} INFO - [2026-04-01T10:41:29.160+0530] {dag.py:3096} INFO - Sync 1 DAGs
[2026-04-01T10:41:29.172+0530] {logging_mixin.py:188} INFO - [2026-04-01T10:41:29.172+0530] {dag.py:3954} INFO - Setting next_dagrun for example_skip_dag to 2026-03-31 00:00:00+00:00, run_after=2026-04-01 00:00:00+00:00
[2026-04-01T10:41:29.182+0530] {processor.py:183} INFO - Processing /Users/aswin/Documents/data-engineering-practice/ETL_Airflow_DBT/airflow/airflow_env/lib/python3.11/site-packages/airflow/example_dags/example_skip_dag.py took 0.077 seconds
[2026-04-01T10:42:33.646+0530] {processor.py:161} INFO - Started process (PID=88517) to work on /Users/aswin/Documents/data-engineering-practice/ETL_Airflow_DBT/airflow/airflow_env/lib/python3.11/site-packages/airflow/example_dags/example_skip_dag.py
[2026-04-01T10:42:33.647+0530] {processor.py:830} INFO - Processing file /Users/aswin/Documents/data-engineering-practice/ETL_Airflow_DBT/airflow/airflow_env/lib/python3.11/site-packages/airflow/example_dags/example_skip_dag.py for tasks to queue
[2026-04-01T10:42:33.647+0530] {logging_mixin.py:188} INFO - [2026-04-01T10:42:33.647+0530] {dagbag.py:540} INFO - Filling up the DagBag from /Users/aswin/Documents/data-engineering-practice/ETL_Airflow_DBT/airflow/airflow_env/lib/python3.11/site-packages/airflow/example_dags/example_skip_dag.py
[2026-04-01T10:42:33.650+0530] {processor.py:840} INFO - DAG(s) 'example_skip_dag' retrieved from /Users/aswin/Documents/data-engineering-practice/ETL_Airflow_DBT/airflow/airflow_env/lib/python3.11/site-packages/airflow/example_dags/example_skip_dag.py
[2026-04-01T10:42:33.705+0530] {logging_mixin.py:188} INFO - [2026-04-01T10:42:33.705+0530] {dag.py:3096} INFO - Sync 1 DAGs
[2026-04-01T10:42:33.717+0530] {logging_mixin.py:188} INFO - [2026-04-01T10:42:33.717+0530] {dag.py:3954} INFO - Setting next_dagrun for example_skip_dag to 2026-03-31 00:00:00+00:00, run_after=2026-04-01 00:00:00+00:00
[2026-04-01T10:42:33.727+0530] {processor.py:183} INFO - Processing /Users/aswin/Documents/data-engineering-practice/ETL_Airflow_DBT/airflow/airflow_env/lib/python3.11/site-packages/airflow/example_dags/example_skip_dag.py took 0.082 seconds
[2026-04-01T10:43:36.888+0530] {processor.py:161} INFO - Started process (PID=88590) to work on /Users/aswin/Documents/data-engineering-practice/ETL_Airflow_DBT/airflow/airflow_env/lib/python3.11/site-packages/airflow/example_dags/example_skip_dag.py
[2026-04-01T10:43:36.889+0530] {processor.py:830} INFO - Processing file /Users/aswin/Documents/data-engineering-practice/ETL_Airflow_DBT/airflow/airflow_env/lib/python3.11/site-packages/airflow/example_dags/example_skip_dag.py for tasks to queue
[2026-04-01T10:43:36.889+0530] {logging_mixin.py:188} INFO - [2026-04-01T10:43:36.889+0530] {dagbag.py:540} INFO - Filling up the DagBag from /Users/aswin/Documents/data-engineering-practice/ETL_Airflow_DBT/airflow/airflow_env/lib/python3.11/site-packages/airflow/example_dags/example_skip_dag.py
[2026-04-01T10:43:36.892+0530] {processor.py:840} INFO - DAG(s) 'example_skip_dag' retrieved from /Users/aswin/Documents/data-engineering-practice/ETL_Airflow_DBT/airflow/airflow_env/lib/python3.11/site-packages/airflow/example_dags/example_skip_dag.py
[2026-04-01T10:43:36.943+0530] {logging_mixin.py:188} INFO - [2026-04-01T10:43:36.943+0530] {dag.py:3096} INFO - Sync 1 DAGs
[2026-04-01T10:43:36.956+0530] {logging_mixin.py:188} INFO - [2026-04-01T10:43:36.956+0530] {dag.py:3954} INFO - Setting next_dagrun for example_skip_dag to 2026-03-31 00:00:00+00:00, run_after=2026-04-01 00:00:00+00:00
[2026-04-01T10:43:36.966+0530] {processor.py:183} INFO - Processing /Users/aswin/Documents/data-engineering-practice/ETL_Airflow_DBT/airflow/airflow_env/lib/python3.11/site-packages/airflow/example_dags/example_skip_dag.py took 0.079 seconds
[2026-04-01T10:44:41.423+0530] {processor.py:161} INFO - Started process (PID=88673) to work on /Users/aswin/Documents/data-engineering-practice/ETL_Airflow_DBT/airflow/airflow_env/lib/python3.11/site-packages/airflow/example_dags/example_skip_dag.py
[2026-04-01T10:44:41.424+0530] {processor.py:830} INFO - Processing file /Users/aswin/Documents/data-engineering-practice/ETL_Airflow_DBT/airflow/airflow_env/lib/python3.11/site-packages/airflow/example_dags/example_skip_dag.py for tasks to queue
[2026-04-01T10:44:41.424+0530] {logging_mixin.py:188} INFO - [2026-04-01T10:44:41.424+0530] {dagbag.py:540} INFO - Filling up the DagBag from /Users/aswin/Documents/data-engineering-practice/ETL_Airflow_DBT/airflow/airflow_env/lib/python3.11/site-packages/airflow/example_dags/example_skip_dag.py
[2026-04-01T10:44:41.427+0530] {processor.py:840} INFO - DAG(s) 'example_skip_dag' retrieved from /Users/aswin/Documents/data-engineering-practice/ETL_Airflow_DBT/airflow/airflow_env/lib/python3.11/site-packages/airflow/example_dags/example_skip_dag.py
[2026-04-01T10:44:41.477+0530] {logging_mixin.py:188} INFO - [2026-04-01T10:44:41.477+0530] {dag.py:3096} INFO - Sync 1 DAGs
[2026-04-01T10:44:41.489+0530] {logging_mixin.py:188} INFO - [2026-04-01T10:44:41.489+0530] {dag.py:3954} INFO - Setting next_dagrun for example_skip_dag to 2026-03-31 00:00:00+00:00, run_after=2026-04-01 00:00:00+00:00
[2026-04-01T10:44:41.500+0530] {processor.py:183} INFO - Processing /Users/aswin/Documents/data-engineering-practice/ETL_Airflow_DBT/airflow/airflow_env/lib/python3.11/site-packages/airflow/example_dags/example_skip_dag.py took 0.077 seconds
[2026-04-01T11:01:01.144+0530] {processor.py:161} INFO - Started process (PID=88759) to work on /Users/aswin/Documents/data-engineering-practice/ETL_Airflow_DBT/airflow/airflow_env/lib/python3.11/site-packages/airflow/example_dags/example_skip_dag.py
[2026-04-01T11:01:01.145+0530] {processor.py:830} INFO - Processing file /Users/aswin/Documents/data-engineering-practice/ETL_Airflow_DBT/airflow/airflow_env/lib/python3.11/site-packages/airflow/example_dags/example_skip_dag.py for tasks to queue
[2026-04-01T11:01:01.145+0530] {logging_mixin.py:188} INFO - [2026-04-01T11:01:01.145+0530] {dagbag.py:540} INFO - Filling up the DagBag from /Users/aswin/Documents/data-engineering-practice/ETL_Airflow_DBT/airflow/airflow_env/lib/python3.11/site-packages/airflow/example_dags/example_skip_dag.py
[2026-04-01T11:01:01.148+0530] {processor.py:840} INFO - DAG(s) 'example_skip_dag' retrieved from /Users/aswin/Documents/data-engineering-practice/ETL_Airflow_DBT/airflow/airflow_env/lib/python3.11/site-packages/airflow/example_dags/example_skip_dag.py
[2026-04-01T11:01:01.204+0530] {logging_mixin.py:188} INFO - [2026-04-01T11:01:01.204+0530] {dag.py:3096} INFO - Sync 1 DAGs
[2026-04-01T11:01:01.217+0530] {logging_mixin.py:188} INFO - [2026-04-01T11:01:01.217+0530] {dag.py:3954} INFO - Setting next_dagrun for example_skip_dag to 2026-03-31 00:00:00+00:00, run_after=2026-04-01 00:00:00+00:00
[2026-04-01T11:01:01.227+0530] {processor.py:183} INFO - Processing /Users/aswin/Documents/data-engineering-practice/ETL_Airflow_DBT/airflow/airflow_env/lib/python3.11/site-packages/airflow/example_dags/example_skip_dag.py took 0.084 seconds
[2026-04-01T11:02:32.749+0530] {processor.py:161} INFO - Started process (PID=88854) to work on /Users/aswin/Documents/data-engineering-practice/ETL_Airflow_DBT/airflow/airflow_env/lib/python3.11/site-packages/airflow/example_dags/example_skip_dag.py
[2026-04-01T11:02:32.750+0530] {processor.py:830} INFO - Processing file /Users/aswin/Documents/data-engineering-practice/ETL_Airflow_DBT/airflow/airflow_env/lib/python3.11/site-packages/airflow/example_dags/example_skip_dag.py for tasks to queue
[2026-04-01T11:02:32.750+0530] {logging_mixin.py:188} INFO - [2026-04-01T11:02:32.750+0530] {dagbag.py:540} INFO - Filling up the DagBag from /Users/aswin/Documents/data-engineering-practice/ETL_Airflow_DBT/airflow/airflow_env/lib/python3.11/site-packages/airflow/example_dags/example_skip_dag.py
[2026-04-01T11:02:32.753+0530] {processor.py:840} INFO - DAG(s) 'example_skip_dag' retrieved from /Users/aswin/Documents/data-engineering-practice/ETL_Airflow_DBT/airflow/airflow_env/lib/python3.11/site-packages/airflow/example_dags/example_skip_dag.py
[2026-04-01T11:02:32.805+0530] {logging_mixin.py:188} INFO - [2026-04-01T11:02:32.804+0530] {dag.py:3096} INFO - Sync 1 DAGs
[2026-04-01T11:02:32.821+0530] {logging_mixin.py:188} INFO - [2026-04-01T11:02:32.821+0530] {dag.py:3954} INFO - Setting next_dagrun for example_skip_dag to 2026-03-31 00:00:00+00:00, run_after=2026-04-01 00:00:00+00:00
[2026-04-01T11:02:32.834+0530] {processor.py:183} INFO - Processing /Users/aswin/Documents/data-engineering-practice/ETL_Airflow_DBT/airflow/airflow_env/lib/python3.11/site-packages/airflow/example_dags/example_skip_dag.py took 0.086 seconds
[2026-04-01T11:07:06.430+0530] {processor.py:161} INFO - Started process (PID=89013) to work on /Users/aswin/Documents/data-engineering-practice/ETL_Airflow_DBT/airflow/airflow_env/lib/python3.11/site-packages/airflow/example_dags/example_skip_dag.py
[2026-04-01T11:07:06.431+0530] {processor.py:830} INFO - Processing file /Users/aswin/Documents/data-engineering-practice/ETL_Airflow_DBT/airflow/airflow_env/lib/python3.11/site-packages/airflow/example_dags/example_skip_dag.py for tasks to queue
[2026-04-01T11:07:06.431+0530] {logging_mixin.py:188} INFO - [2026-04-01T11:07:06.431+0530] {dagbag.py:540} INFO - Filling up the DagBag from /Users/aswin/Documents/data-engineering-practice/ETL_Airflow_DBT/airflow/airflow_env/lib/python3.11/site-packages/airflow/example_dags/example_skip_dag.py
[2026-04-01T11:07:06.434+0530] {processor.py:840} INFO - DAG(s) 'example_skip_dag' retrieved from /Users/aswin/Documents/data-engineering-practice/ETL_Airflow_DBT/airflow/airflow_env/lib/python3.11/site-packages/airflow/example_dags/example_skip_dag.py
[2026-04-01T11:07:06.489+0530] {logging_mixin.py:188} INFO - [2026-04-01T11:07:06.489+0530] {dag.py:3096} INFO - Sync 1 DAGs
[2026-04-01T11:07:06.502+0530] {logging_mixin.py:188} INFO - [2026-04-01T11:07:06.502+0530] {dag.py:3954} INFO - Setting next_dagrun for example_skip_dag to 2026-03-31 00:00:00+00:00, run_after=2026-04-01 00:00:00+00:00
[2026-04-01T11:07:06.510+0530] {processor.py:183} INFO - Processing /Users/aswin/Documents/data-engineering-practice/ETL_Airflow_DBT/airflow/airflow_env/lib/python3.11/site-packages/airflow/example_dags/example_skip_dag.py took 0.082 seconds
[2026-04-01T11:08:06.950+0530] {processor.py:161} INFO - Started process (PID=89096) to work on /Users/aswin/Documents/data-engineering-practice/ETL_Airflow_DBT/airflow/airflow_env/lib/python3.11/site-packages/airflow/example_dags/example_skip_dag.py
[2026-04-01T11:08:06.951+0530] {processor.py:830} INFO - Processing file /Users/aswin/Documents/data-engineering-practice/ETL_Airflow_DBT/airflow/airflow_env/lib/python3.11/site-packages/airflow/example_dags/example_skip_dag.py for tasks to queue
[2026-04-01T11:08:06.951+0530] {logging_mixin.py:188} INFO - [2026-04-01T11:08:06.951+0530] {dagbag.py:540} INFO - Filling up the DagBag from /Users/aswin/Documents/data-engineering-practice/ETL_Airflow_DBT/airflow/airflow_env/lib/python3.11/site-packages/airflow/example_dags/example_skip_dag.py
[2026-04-01T11:08:06.954+0530] {processor.py:840} INFO - DAG(s) 'example_skip_dag' retrieved from /Users/aswin/Documents/data-engineering-practice/ETL_Airflow_DBT/airflow/airflow_env/lib/python3.11/site-packages/airflow/example_dags/example_skip_dag.py
[2026-04-01T11:08:07.010+0530] {logging_mixin.py:188} INFO - [2026-04-01T11:08:07.010+0530] {dag.py:3096} INFO - Sync 1 DAGs
[2026-04-01T11:08:07.022+0530] {logging_mixin.py:188} INFO - [2026-04-01T11:08:07.022+0530] {dag.py:3954} INFO - Setting next_dagrun for example_skip_dag to 2026-03-31 00:00:00+00:00, run_after=2026-04-01 00:00:00+00:00
[2026-04-01T11:08:07.032+0530] {processor.py:183} INFO - Processing /Users/aswin/Documents/data-engineering-practice/ETL_Airflow_DBT/airflow/airflow_env/lib/python3.11/site-packages/airflow/example_dags/example_skip_dag.py took 0.083 seconds
[2026-04-01T11:22:40.746+0530] {processor.py:161} INFO - Started process (PID=89241) to work on /Users/aswin/Documents/data-engineering-practice/ETL_Airflow_DBT/airflow/airflow_env/lib/python3.11/site-packages/airflow/example_dags/example_skip_dag.py
[2026-04-01T11:22:40.747+0530] {processor.py:830} INFO - Processing file /Users/aswin/Documents/data-engineering-practice/ETL_Airflow_DBT/airflow/airflow_env/lib/python3.11/site-packages/airflow/example_dags/example_skip_dag.py for tasks to queue
[2026-04-01T11:22:40.747+0530] {logging_mixin.py:188} INFO - [2026-04-01T11:22:40.747+0530] {dagbag.py:540} INFO - Filling up the DagBag from /Users/aswin/Documents/data-engineering-practice/ETL_Airflow_DBT/airflow/airflow_env/lib/python3.11/site-packages/airflow/example_dags/example_skip_dag.py
[2026-04-01T11:22:40.750+0530] {processor.py:840} INFO - DAG(s) 'example_skip_dag' retrieved from /Users/aswin/Documents/data-engineering-practice/ETL_Airflow_DBT/airflow/airflow_env/lib/python3.11/site-packages/airflow/example_dags/example_skip_dag.py
[2026-04-01T11:22:40.801+0530] {logging_mixin.py:188} INFO - [2026-04-01T11:22:40.801+0530] {dag.py:3096} INFO - Sync 1 DAGs
[2026-04-01T11:22:40.823+0530] {logging_mixin.py:188} INFO - [2026-04-01T11:22:40.823+0530] {dag.py:3954} INFO - Setting next_dagrun for example_skip_dag to 2026-03-31 00:00:00+00:00, run_after=2026-04-01 00:00:00+00:00
[2026-04-01T11:22:40.831+0530] {processor.py:183} INFO - Processing /Users/aswin/Documents/data-engineering-practice/ETL_Airflow_DBT/airflow/airflow_env/lib/python3.11/site-packages/airflow/example_dags/example_skip_dag.py took 0.086 seconds
[2026-04-01T11:23:21.027+0530] {processor.py:161} INFO - Started process (PID=89327) to work on /Users/aswin/Documents/data-engineering-practice/ETL_Airflow_DBT/airflow/airflow_env/lib/python3.11/site-packages/airflow/example_dags/example_skip_dag.py
[2026-04-01T11:23:21.027+0530] {processor.py:830} INFO - Processing file /Users/aswin/Documents/data-engineering-practice/ETL_Airflow_DBT/airflow/airflow_env/lib/python3.11/site-packages/airflow/example_dags/example_skip_dag.py for tasks to queue
[2026-04-01T11:23:21.028+0530] {logging_mixin.py:188} INFO - [2026-04-01T11:23:21.028+0530] {dagbag.py:540} INFO - Filling up the DagBag from /Users/aswin/Documents/data-engineering-practice/ETL_Airflow_DBT/airflow/airflow_env/lib/python3.11/site-packages/airflow/example_dags/example_skip_dag.py
[2026-04-01T11:23:21.031+0530] {processor.py:840} INFO - DAG(s) 'example_skip_dag' retrieved from /Users/aswin/Documents/data-engineering-practice/ETL_Airflow_DBT/airflow/airflow_env/lib/python3.11/site-packages/airflow/example_dags/example_skip_dag.py
[2026-04-01T11:23:21.082+0530] {logging_mixin.py:188} INFO - [2026-04-01T11:23:21.082+0530] {dag.py:3096} INFO - Sync 1 DAGs
[2026-04-01T11:23:21.094+0530] {logging_mixin.py:188} INFO - [2026-04-01T11:23:21.094+0530] {dag.py:3954} INFO - Setting next_dagrun for example_skip_dag to 2026-03-31 00:00:00+00:00, run_after=2026-04-01 00:00:00+00:00
[2026-04-01T11:23:21.104+0530] {processor.py:183} INFO - Processing /Users/aswin/Documents/data-engineering-practice/ETL_Airflow_DBT/airflow/airflow_env/lib/python3.11/site-packages/airflow/example_dags/example_skip_dag.py took 0.078 seconds
[2026-04-01T11:24:26.029+0530] {processor.py:161} INFO - Started process (PID=89411) to work on /Users/aswin/Documents/data-engineering-practice/ETL_Airflow_DBT/airflow/airflow_env/lib/python3.11/site-packages/airflow/example_dags/example_skip_dag.py
[2026-04-01T11:24:26.029+0530] {processor.py:830} INFO - Processing file /Users/aswin/Documents/data-engineering-practice/ETL_Airflow_DBT/airflow/airflow_env/lib/python3.11/site-packages/airflow/example_dags/example_skip_dag.py for tasks to queue
[2026-04-01T11:24:26.029+0530] {logging_mixin.py:188} INFO - [2026-04-01T11:24:26.029+0530] {dagbag.py:540} INFO - Filling up the DagBag from /Users/aswin/Documents/data-engineering-practice/ETL_Airflow_DBT/airflow/airflow_env/lib/python3.11/site-packages/airflow/example_dags/example_skip_dag.py
[2026-04-01T11:24:26.032+0530] {processor.py:840} INFO - DAG(s) 'example_skip_dag' retrieved from /Users/aswin/Documents/data-engineering-practice/ETL_Airflow_DBT/airflow/airflow_env/lib/python3.11/site-packages/airflow/example_dags/example_skip_dag.py
[2026-04-01T11:24:26.083+0530] {logging_mixin.py:188} INFO - [2026-04-01T11:24:26.083+0530] {dag.py:3096} INFO - Sync 1 DAGs
[2026-04-01T11:24:26.096+0530] {logging_mixin.py:188} INFO - [2026-04-01T11:24:26.096+0530] {dag.py:3954} INFO - Setting next_dagrun for example_skip_dag to 2026-03-31 00:00:00+00:00, run_after=2026-04-01 00:00:00+00:00
[2026-04-01T11:24:26.106+0530] {processor.py:183} INFO - Processing /Users/aswin/Documents/data-engineering-practice/ETL_Airflow_DBT/airflow/airflow_env/lib/python3.11/site-packages/airflow/example_dags/example_skip_dag.py took 0.079 seconds
[2026-04-01T11:25:04.989+0530] {processor.py:161} INFO - Started process (PID=89489) to work on /Users/aswin/Documents/data-engineering-practice/ETL_Airflow_DBT/airflow/airflow_env/lib/python3.11/site-packages/airflow/example_dags/example_skip_dag.py
[2026-04-01T11:25:04.989+0530] {processor.py:830} INFO - Processing file /Users/aswin/Documents/data-engineering-practice/ETL_Airflow_DBT/airflow/airflow_env/lib/python3.11/site-packages/airflow/example_dags/example_skip_dag.py for tasks to queue
[2026-04-01T11:25:04.990+0530] {logging_mixin.py:188} INFO - [2026-04-01T11:25:04.990+0530] {dagbag.py:540} INFO - Filling up the DagBag from /Users/aswin/Documents/data-engineering-practice/ETL_Airflow_DBT/airflow/airflow_env/lib/python3.11/site-packages/airflow/example_dags/example_skip_dag.py
[2026-04-01T11:25:04.992+0530] {processor.py:840} INFO - DAG(s) 'example_skip_dag' retrieved from /Users/aswin/Documents/data-engineering-practice/ETL_Airflow_DBT/airflow/airflow_env/lib/python3.11/site-packages/airflow/example_dags/example_skip_dag.py
[2026-04-01T11:25:05.044+0530] {logging_mixin.py:188} INFO - [2026-04-01T11:25:05.044+0530] {dag.py:3096} INFO - Sync 1 DAGs
[2026-04-01T11:25:05.057+0530] {logging_mixin.py:188} INFO - [2026-04-01T11:25:05.057+0530] {dag.py:3954} INFO - Setting next_dagrun for example_skip_dag to 2026-03-31 00:00:00+00:00, run_after=2026-04-01 00:00:00+00:00
[2026-04-01T11:25:05.067+0530] {processor.py:183} INFO - Processing /Users/aswin/Documents/data-engineering-practice/ETL_Airflow_DBT/airflow/airflow_env/lib/python3.11/site-packages/airflow/example_dags/example_skip_dag.py took 0.079 seconds
[2026-04-01T11:42:56.761+0530] {processor.py:161} INFO - Started process (PID=89601) to work on /Users/aswin/Documents/data-engineering-practice/ETL_Airflow_DBT/airflow/airflow_env/lib/python3.11/site-packages/airflow/example_dags/example_skip_dag.py
[2026-04-01T11:42:56.762+0530] {processor.py:830} INFO - Processing file /Users/aswin/Documents/data-engineering-practice/ETL_Airflow_DBT/airflow/airflow_env/lib/python3.11/site-packages/airflow/example_dags/example_skip_dag.py for tasks to queue
[2026-04-01T11:42:56.763+0530] {logging_mixin.py:188} INFO - [2026-04-01T11:42:56.762+0530] {dagbag.py:540} INFO - Filling up the DagBag from /Users/aswin/Documents/data-engineering-practice/ETL_Airflow_DBT/airflow/airflow_env/lib/python3.11/site-packages/airflow/example_dags/example_skip_dag.py
[2026-04-01T11:42:56.766+0530] {processor.py:840} INFO - DAG(s) 'example_skip_dag' retrieved from /Users/aswin/Documents/data-engineering-practice/ETL_Airflow_DBT/airflow/airflow_env/lib/python3.11/site-packages/airflow/example_dags/example_skip_dag.py
[2026-04-01T11:42:56.835+0530] {logging_mixin.py:188} INFO - [2026-04-01T11:42:56.835+0530] {dag.py:3096} INFO - Sync 1 DAGs
[2026-04-01T11:42:56.844+0530] {logging_mixin.py:188} INFO - [2026-04-01T11:42:56.844+0530] {dag.py:3954} INFO - Setting next_dagrun for example_skip_dag to 2026-03-31 00:00:00+00:00, run_after=2026-04-01 00:00:00+00:00
[2026-04-01T11:42:56.853+0530] {processor.py:183} INFO - Processing /Users/aswin/Documents/data-engineering-practice/ETL_Airflow_DBT/airflow/airflow_env/lib/python3.11/site-packages/airflow/example_dags/example_skip_dag.py took 0.092 seconds
[2026-04-01T11:44:38.749+0530] {processor.py:161} INFO - Started process (PID=89757) to work on /Users/aswin/Documents/data-engineering-practice/ETL_Airflow_DBT/airflow/airflow_env/lib/python3.11/site-packages/airflow/example_dags/example_skip_dag.py
[2026-04-01T11:44:38.750+0530] {processor.py:830} INFO - Processing file /Users/aswin/Documents/data-engineering-practice/ETL_Airflow_DBT/airflow/airflow_env/lib/python3.11/site-packages/airflow/example_dags/example_skip_dag.py for tasks to queue
[2026-04-01T11:44:38.750+0530] {logging_mixin.py:188} INFO - [2026-04-01T11:44:38.750+0530] {dagbag.py:540} INFO - Filling up the DagBag from /Users/aswin/Documents/data-engineering-practice/ETL_Airflow_DBT/airflow/airflow_env/lib/python3.11/site-packages/airflow/example_dags/example_skip_dag.py
[2026-04-01T11:44:38.753+0530] {processor.py:840} INFO - DAG(s) 'example_skip_dag' retrieved from /Users/aswin/Documents/data-engineering-practice/ETL_Airflow_DBT/airflow/airflow_env/lib/python3.11/site-packages/airflow/example_dags/example_skip_dag.py
[2026-04-01T11:44:38.807+0530] {logging_mixin.py:188} INFO - [2026-04-01T11:44:38.807+0530] {dag.py:3096} INFO - Sync 1 DAGs
[2026-04-01T11:44:38.820+0530] {logging_mixin.py:188} INFO - [2026-04-01T11:44:38.820+0530] {dag.py:3954} INFO - Setting next_dagrun for example_skip_dag to 2026-03-31 00:00:00+00:00, run_after=2026-04-01 00:00:00+00:00
[2026-04-01T11:44:38.830+0530] {processor.py:183} INFO - Processing /Users/aswin/Documents/data-engineering-practice/ETL_Airflow_DBT/airflow/airflow_env/lib/python3.11/site-packages/airflow/example_dags/example_skip_dag.py took 0.082 seconds
[2026-04-01T11:45:43.618+0530] {processor.py:161} INFO - Started process (PID=89859) to work on /Users/aswin/Documents/data-engineering-practice/ETL_Airflow_DBT/airflow/airflow_env/lib/python3.11/site-packages/airflow/example_dags/example_skip_dag.py
[2026-04-01T11:45:43.618+0530] {processor.py:830} INFO - Processing file /Users/aswin/Documents/data-engineering-practice/ETL_Airflow_DBT/airflow/airflow_env/lib/python3.11/site-packages/airflow/example_dags/example_skip_dag.py for tasks to queue
[2026-04-01T11:45:43.618+0530] {logging_mixin.py:188} INFO - [2026-04-01T11:45:43.618+0530] {dagbag.py:540} INFO - Filling up the DagBag from /Users/aswin/Documents/data-engineering-practice/ETL_Airflow_DBT/airflow/airflow_env/lib/python3.11/site-packages/airflow/example_dags/example_skip_dag.py
[2026-04-01T11:45:43.621+0530] {processor.py:840} INFO - DAG(s) 'example_skip_dag' retrieved from /Users/aswin/Documents/data-engineering-practice/ETL_Airflow_DBT/airflow/airflow_env/lib/python3.11/site-packages/airflow/example_dags/example_skip_dag.py
[2026-04-01T11:45:43.672+0530] {logging_mixin.py:188} INFO - [2026-04-01T11:45:43.672+0530] {dag.py:3096} INFO - Sync 1 DAGs
[2026-04-01T11:45:43.684+0530] {logging_mixin.py:188} INFO - [2026-04-01T11:45:43.683+0530] {dag.py:3954} INFO - Setting next_dagrun for example_skip_dag to 2026-03-31 00:00:00+00:00, run_after=2026-04-01 00:00:00+00:00
[2026-04-01T11:45:43.693+0530] {processor.py:183} INFO - Processing /Users/aswin/Documents/data-engineering-practice/ETL_Airflow_DBT/airflow/airflow_env/lib/python3.11/site-packages/airflow/example_dags/example_skip_dag.py took 0.077 seconds
[2026-04-01T12:02:32.720+0530] {processor.py:161} INFO - Started process (PID=89946) to work on /Users/aswin/Documents/data-engineering-practice/ETL_Airflow_DBT/airflow/airflow_env/lib/python3.11/site-packages/airflow/example_dags/example_skip_dag.py
[2026-04-01T12:02:32.721+0530] {processor.py:830} INFO - Processing file /Users/aswin/Documents/data-engineering-practice/ETL_Airflow_DBT/airflow/airflow_env/lib/python3.11/site-packages/airflow/example_dags/example_skip_dag.py for tasks to queue
[2026-04-01T12:02:32.721+0530] {logging_mixin.py:188} INFO - [2026-04-01T12:02:32.721+0530] {dagbag.py:540} INFO - Filling up the DagBag from /Users/aswin/Documents/data-engineering-practice/ETL_Airflow_DBT/airflow/airflow_env/lib/python3.11/site-packages/airflow/example_dags/example_skip_dag.py
[2026-04-01T12:02:32.725+0530] {processor.py:840} INFO - DAG(s) 'example_skip_dag' retrieved from /Users/aswin/Documents/data-engineering-practice/ETL_Airflow_DBT/airflow/airflow_env/lib/python3.11/site-packages/airflow/example_dags/example_skip_dag.py
[2026-04-01T12:02:32.825+0530] {logging_mixin.py:188} INFO - [2026-04-01T12:02:32.825+0530] {dag.py:3096} INFO - Sync 1 DAGs
[2026-04-01T12:02:32.838+0530] {logging_mixin.py:188} INFO - [2026-04-01T12:02:32.838+0530] {dag.py:3954} INFO - Setting next_dagrun for example_skip_dag to 2026-03-31 00:00:00+00:00, run_after=2026-04-01 00:00:00+00:00
[2026-04-01T12:02:32.853+0530] {processor.py:183} INFO - Processing /Users/aswin/Documents/data-engineering-practice/ETL_Airflow_DBT/airflow/airflow_env/lib/python3.11/site-packages/airflow/example_dags/example_skip_dag.py took 0.134 seconds
[2026-04-01T12:03:37.613+0530] {processor.py:161} INFO - Started process (PID=90040) to work on /Users/aswin/Documents/data-engineering-practice/ETL_Airflow_DBT/airflow/airflow_env/lib/python3.11/site-packages/airflow/example_dags/example_skip_dag.py
[2026-04-01T12:03:37.614+0530] {processor.py:830} INFO - Processing file /Users/aswin/Documents/data-engineering-practice/ETL_Airflow_DBT/airflow/airflow_env/lib/python3.11/site-packages/airflow/example_dags/example_skip_dag.py for tasks to queue
[2026-04-01T12:03:37.614+0530] {logging_mixin.py:188} INFO - [2026-04-01T12:03:37.614+0530] {dagbag.py:540} INFO - Filling up the DagBag from /Users/aswin/Documents/data-engineering-practice/ETL_Airflow_DBT/airflow/airflow_env/lib/python3.11/site-packages/airflow/example_dags/example_skip_dag.py
[2026-04-01T12:03:37.617+0530] {processor.py:840} INFO - DAG(s) 'example_skip_dag' retrieved from /Users/aswin/Documents/data-engineering-practice/ETL_Airflow_DBT/airflow/airflow_env/lib/python3.11/site-packages/airflow/example_dags/example_skip_dag.py
[2026-04-01T12:03:37.668+0530] {logging_mixin.py:188} INFO - [2026-04-01T12:03:37.668+0530] {dag.py:3096} INFO - Sync 1 DAGs
[2026-04-01T12:03:37.681+0530] {logging_mixin.py:188} INFO - [2026-04-01T12:03:37.681+0530] {dag.py:3954} INFO - Setting next_dagrun for example_skip_dag to 2026-03-31 00:00:00+00:00, run_after=2026-04-01 00:00:00+00:00
[2026-04-01T12:03:37.691+0530] {processor.py:183} INFO - Processing /Users/aswin/Documents/data-engineering-practice/ETL_Airflow_DBT/airflow/airflow_env/lib/python3.11/site-packages/airflow/example_dags/example_skip_dag.py took 0.079 seconds
[2026-04-01T12:04:42.040+0530] {processor.py:161} INFO - Started process (PID=90118) to work on /Users/aswin/Documents/data-engineering-practice/ETL_Airflow_DBT/airflow/airflow_env/lib/python3.11/site-packages/airflow/example_dags/example_skip_dag.py
[2026-04-01T12:04:42.041+0530] {processor.py:830} INFO - Processing file /Users/aswin/Documents/data-engineering-practice/ETL_Airflow_DBT/airflow/airflow_env/lib/python3.11/site-packages/airflow/example_dags/example_skip_dag.py for tasks to queue
[2026-04-01T12:04:42.041+0530] {logging_mixin.py:188} INFO - [2026-04-01T12:04:42.041+0530] {dagbag.py:540} INFO - Filling up the DagBag from /Users/aswin/Documents/data-engineering-practice/ETL_Airflow_DBT/airflow/airflow_env/lib/python3.11/site-packages/airflow/example_dags/example_skip_dag.py
[2026-04-01T12:04:42.044+0530] {processor.py:840} INFO - DAG(s) 'example_skip_dag' retrieved from /Users/aswin/Documents/data-engineering-practice/ETL_Airflow_DBT/airflow/airflow_env/lib/python3.11/site-packages/airflow/example_dags/example_skip_dag.py
[2026-04-01T12:04:42.095+0530] {logging_mixin.py:188} INFO - [2026-04-01T12:04:42.094+0530] {dag.py:3096} INFO - Sync 1 DAGs
[2026-04-01T12:04:42.107+0530] {logging_mixin.py:188} INFO - [2026-04-01T12:04:42.107+0530] {dag.py:3954} INFO - Setting next_dagrun for example_skip_dag to 2026-03-31 00:00:00+00:00, run_after=2026-04-01 00:00:00+00:00
[2026-04-01T12:04:42.117+0530] {processor.py:183} INFO - Processing /Users/aswin/Documents/data-engineering-practice/ETL_Airflow_DBT/airflow/airflow_env/lib/python3.11/site-packages/airflow/example_dags/example_skip_dag.py took 0.078 seconds
[2026-04-01T12:22:36.158+0530] {processor.py:161} INFO - Started process (PID=90207) to work on /Users/aswin/Documents/data-engineering-practice/ETL_Airflow_DBT/airflow/airflow_env/lib/python3.11/site-packages/airflow/example_dags/example_skip_dag.py
[2026-04-01T12:22:36.159+0530] {processor.py:830} INFO - Processing file /Users/aswin/Documents/data-engineering-practice/ETL_Airflow_DBT/airflow/airflow_env/lib/python3.11/site-packages/airflow/example_dags/example_skip_dag.py for tasks to queue
[2026-04-01T12:22:36.159+0530] {logging_mixin.py:188} INFO - [2026-04-01T12:22:36.159+0530] {dagbag.py:540} INFO - Filling up the DagBag from /Users/aswin/Documents/data-engineering-practice/ETL_Airflow_DBT/airflow/airflow_env/lib/python3.11/site-packages/airflow/example_dags/example_skip_dag.py
[2026-04-01T12:22:36.163+0530] {processor.py:840} INFO - DAG(s) 'example_skip_dag' retrieved from /Users/aswin/Documents/data-engineering-practice/ETL_Airflow_DBT/airflow/airflow_env/lib/python3.11/site-packages/airflow/example_dags/example_skip_dag.py
[2026-04-01T12:22:36.215+0530] {logging_mixin.py:188} INFO - [2026-04-01T12:22:36.214+0530] {dag.py:3096} INFO - Sync 1 DAGs
[2026-04-01T12:22:36.227+0530] {logging_mixin.py:188} INFO - [2026-04-01T12:22:36.227+0530] {dag.py:3954} INFO - Setting next_dagrun for example_skip_dag to 2026-03-31 00:00:00+00:00, run_after=2026-04-01 00:00:00+00:00
[2026-04-01T12:22:36.237+0530] {processor.py:183} INFO - Processing /Users/aswin/Documents/data-engineering-practice/ETL_Airflow_DBT/airflow/airflow_env/lib/python3.11/site-packages/airflow/example_dags/example_skip_dag.py took 0.080 seconds
[2026-04-01T12:23:47.434+0530] {processor.py:161} INFO - Started process (PID=90327) to work on /Users/aswin/Documents/data-engineering-practice/ETL_Airflow_DBT/airflow/airflow_env/lib/python3.11/site-packages/airflow/example_dags/example_skip_dag.py
[2026-04-01T12:23:47.435+0530] {processor.py:830} INFO - Processing file /Users/aswin/Documents/data-engineering-practice/ETL_Airflow_DBT/airflow/airflow_env/lib/python3.11/site-packages/airflow/example_dags/example_skip_dag.py for tasks to queue
[2026-04-01T12:23:47.436+0530] {logging_mixin.py:188} INFO - [2026-04-01T12:23:47.436+0530] {dagbag.py:540} INFO - Filling up the DagBag from /Users/aswin/Documents/data-engineering-practice/ETL_Airflow_DBT/airflow/airflow_env/lib/python3.11/site-packages/airflow/example_dags/example_skip_dag.py
[2026-04-01T12:23:47.439+0530] {processor.py:840} INFO - DAG(s) 'example_skip_dag' retrieved from /Users/aswin/Documents/data-engineering-practice/ETL_Airflow_DBT/airflow/airflow_env/lib/python3.11/site-packages/airflow/example_dags/example_skip_dag.py
[2026-04-01T12:23:47.500+0530] {logging_mixin.py:188} INFO - [2026-04-01T12:23:47.500+0530] {dag.py:3096} INFO - Sync 1 DAGs
[2026-04-01T12:23:47.513+0530] {logging_mixin.py:188} INFO - [2026-04-01T12:23:47.513+0530] {dag.py:3954} INFO - Setting next_dagrun for example_skip_dag to 2026-03-31 00:00:00+00:00, run_after=2026-04-01 00:00:00+00:00
[2026-04-01T12:23:47.522+0530] {processor.py:183} INFO - Processing /Users/aswin/Documents/data-engineering-practice/ETL_Airflow_DBT/airflow/airflow_env/lib/python3.11/site-packages/airflow/example_dags/example_skip_dag.py took 0.089 seconds
[2026-04-01T12:43:01.230+0530] {processor.py:161} INFO - Started process (PID=90478) to work on /Users/aswin/Documents/data-engineering-practice/ETL_Airflow_DBT/airflow/airflow_env/lib/python3.11/site-packages/airflow/example_dags/example_skip_dag.py
[2026-04-01T12:43:01.231+0530] {processor.py:830} INFO - Processing file /Users/aswin/Documents/data-engineering-practice/ETL_Airflow_DBT/airflow/airflow_env/lib/python3.11/site-packages/airflow/example_dags/example_skip_dag.py for tasks to queue
[2026-04-01T12:43:01.232+0530] {logging_mixin.py:188} INFO - [2026-04-01T12:43:01.232+0530] {dagbag.py:540} INFO - Filling up the DagBag from /Users/aswin/Documents/data-engineering-practice/ETL_Airflow_DBT/airflow/airflow_env/lib/python3.11/site-packages/airflow/example_dags/example_skip_dag.py
[2026-04-01T12:43:01.235+0530] {processor.py:840} INFO - DAG(s) 'example_skip_dag' retrieved from /Users/aswin/Documents/data-engineering-practice/ETL_Airflow_DBT/airflow/airflow_env/lib/python3.11/site-packages/airflow/example_dags/example_skip_dag.py
[2026-04-01T12:43:01.287+0530] {logging_mixin.py:188} INFO - [2026-04-01T12:43:01.287+0530] {dag.py:3096} INFO - Sync 1 DAGs
[2026-04-01T12:43:01.296+0530] {logging_mixin.py:188} INFO - [2026-04-01T12:43:01.296+0530] {dag.py:3954} INFO - Setting next_dagrun for example_skip_dag to 2026-03-31 00:00:00+00:00, run_after=2026-04-01 00:00:00+00:00
[2026-04-01T12:43:01.304+0530] {processor.py:183} INFO - Processing /Users/aswin/Documents/data-engineering-practice/ETL_Airflow_DBT/airflow/airflow_env/lib/python3.11/site-packages/airflow/example_dags/example_skip_dag.py took 0.075 seconds
[2026-04-01T12:44:05.630+0530] {processor.py:161} INFO - Started process (PID=90559) to work on /Users/aswin/Documents/data-engineering-practice/ETL_Airflow_DBT/airflow/airflow_env/lib/python3.11/site-packages/airflow/example_dags/example_skip_dag.py
[2026-04-01T12:44:05.631+0530] {processor.py:830} INFO - Processing file /Users/aswin/Documents/data-engineering-practice/ETL_Airflow_DBT/airflow/airflow_env/lib/python3.11/site-packages/airflow/example_dags/example_skip_dag.py for tasks to queue
[2026-04-01T12:44:05.631+0530] {logging_mixin.py:188} INFO - [2026-04-01T12:44:05.631+0530] {dagbag.py:540} INFO - Filling up the DagBag from /Users/aswin/Documents/data-engineering-practice/ETL_Airflow_DBT/airflow/airflow_env/lib/python3.11/site-packages/airflow/example_dags/example_skip_dag.py
[2026-04-01T12:44:05.633+0530] {processor.py:840} INFO - DAG(s) 'example_skip_dag' retrieved from /Users/aswin/Documents/data-engineering-practice/ETL_Airflow_DBT/airflow/airflow_env/lib/python3.11/site-packages/airflow/example_dags/example_skip_dag.py
[2026-04-01T12:44:05.686+0530] {logging_mixin.py:188} INFO - [2026-04-01T12:44:05.686+0530] {dag.py:3096} INFO - Sync 1 DAGs
[2026-04-01T12:44:05.698+0530] {logging_mixin.py:188} INFO - [2026-04-01T12:44:05.698+0530] {dag.py:3954} INFO - Setting next_dagrun for example_skip_dag to 2026-03-31 00:00:00+00:00, run_after=2026-04-01 00:00:00+00:00
[2026-04-01T12:44:05.708+0530] {processor.py:183} INFO - Processing /Users/aswin/Documents/data-engineering-practice/ETL_Airflow_DBT/airflow/airflow_env/lib/python3.11/site-packages/airflow/example_dags/example_skip_dag.py took 0.079 seconds
[2026-04-01T12:45:09.919+0530] {processor.py:161} INFO - Started process (PID=90638) to work on /Users/aswin/Documents/data-engineering-practice/ETL_Airflow_DBT/airflow/airflow_env/lib/python3.11/site-packages/airflow/example_dags/example_skip_dag.py
[2026-04-01T12:45:09.919+0530] {processor.py:830} INFO - Processing file /Users/aswin/Documents/data-engineering-practice/ETL_Airflow_DBT/airflow/airflow_env/lib/python3.11/site-packages/airflow/example_dags/example_skip_dag.py for tasks to queue
[2026-04-01T12:45:09.920+0530] {logging_mixin.py:188} INFO - [2026-04-01T12:45:09.920+0530] {dagbag.py:540} INFO - Filling up the DagBag from /Users/aswin/Documents/data-engineering-practice/ETL_Airflow_DBT/airflow/airflow_env/lib/python3.11/site-packages/airflow/example_dags/example_skip_dag.py
[2026-04-01T12:45:09.922+0530] {processor.py:840} INFO - DAG(s) 'example_skip_dag' retrieved from /Users/aswin/Documents/data-engineering-practice/ETL_Airflow_DBT/airflow/airflow_env/lib/python3.11/site-packages/airflow/example_dags/example_skip_dag.py
[2026-04-01T12:45:09.979+0530] {logging_mixin.py:188} INFO - [2026-04-01T12:45:09.979+0530] {dag.py:3096} INFO - Sync 1 DAGs
[2026-04-01T12:45:09.992+0530] {logging_mixin.py:188} INFO - [2026-04-01T12:45:09.992+0530] {dag.py:3954} INFO - Setting next_dagrun for example_skip_dag to 2026-03-31 00:00:00+00:00, run_after=2026-04-01 00:00:00+00:00
[2026-04-01T12:45:10.001+0530] {processor.py:183} INFO - Processing /Users/aswin/Documents/data-engineering-practice/ETL_Airflow_DBT/airflow/airflow_env/lib/python3.11/site-packages/airflow/example_dags/example_skip_dag.py took 0.084 seconds
[2026-04-01T12:46:14.305+0530] {processor.py:161} INFO - Started process (PID=90720) to work on /Users/aswin/Documents/data-engineering-practice/ETL_Airflow_DBT/airflow/airflow_env/lib/python3.11/site-packages/airflow/example_dags/example_skip_dag.py
[2026-04-01T12:46:14.306+0530] {processor.py:830} INFO - Processing file /Users/aswin/Documents/data-engineering-practice/ETL_Airflow_DBT/airflow/airflow_env/lib/python3.11/site-packages/airflow/example_dags/example_skip_dag.py for tasks to queue
[2026-04-01T12:46:14.306+0530] {logging_mixin.py:188} INFO - [2026-04-01T12:46:14.306+0530] {dagbag.py:540} INFO - Filling up the DagBag from /Users/aswin/Documents/data-engineering-practice/ETL_Airflow_DBT/airflow/airflow_env/lib/python3.11/site-packages/airflow/example_dags/example_skip_dag.py
[2026-04-01T12:46:14.310+0530] {processor.py:840} INFO - DAG(s) 'example_skip_dag' retrieved from /Users/aswin/Documents/data-engineering-practice/ETL_Airflow_DBT/airflow/airflow_env/lib/python3.11/site-packages/airflow/example_dags/example_skip_dag.py
[2026-04-01T12:46:14.369+0530] {logging_mixin.py:188} INFO - [2026-04-01T12:46:14.369+0530] {dag.py:3096} INFO - Sync 1 DAGs
[2026-04-01T12:46:14.382+0530] {logging_mixin.py:188} INFO - [2026-04-01T12:46:14.382+0530] {dag.py:3954} INFO - Setting next_dagrun for example_skip_dag to 2026-03-31 00:00:00+00:00, run_after=2026-04-01 00:00:00+00:00
[2026-04-01T12:46:14.390+0530] {processor.py:183} INFO - Processing /Users/aswin/Documents/data-engineering-practice/ETL_Airflow_DBT/airflow/airflow_env/lib/python3.11/site-packages/airflow/example_dags/example_skip_dag.py took 0.086 seconds
[2026-04-01T13:04:00.306+0530] {processor.py:161} INFO - Started process (PID=90814) to work on /Users/aswin/Documents/data-engineering-practice/ETL_Airflow_DBT/airflow/airflow_env/lib/python3.11/site-packages/airflow/example_dags/example_skip_dag.py
[2026-04-01T13:04:00.307+0530] {processor.py:830} INFO - Processing file /Users/aswin/Documents/data-engineering-practice/ETL_Airflow_DBT/airflow/airflow_env/lib/python3.11/site-packages/airflow/example_dags/example_skip_dag.py for tasks to queue
[2026-04-01T13:04:00.307+0530] {logging_mixin.py:188} INFO - [2026-04-01T13:04:00.307+0530] {dagbag.py:540} INFO - Filling up the DagBag from /Users/aswin/Documents/data-engineering-practice/ETL_Airflow_DBT/airflow/airflow_env/lib/python3.11/site-packages/airflow/example_dags/example_skip_dag.py
[2026-04-01T13:04:00.310+0530] {processor.py:840} INFO - DAG(s) 'example_skip_dag' retrieved from /Users/aswin/Documents/data-engineering-practice/ETL_Airflow_DBT/airflow/airflow_env/lib/python3.11/site-packages/airflow/example_dags/example_skip_dag.py
[2026-04-01T13:04:00.361+0530] {logging_mixin.py:188} INFO - [2026-04-01T13:04:00.361+0530] {dag.py:3096} INFO - Sync 1 DAGs
[2026-04-01T13:04:00.374+0530] {logging_mixin.py:188} INFO - [2026-04-01T13:04:00.374+0530] {dag.py:3954} INFO - Setting next_dagrun for example_skip_dag to 2026-03-31 00:00:00+00:00, run_after=2026-04-01 00:00:00+00:00
[2026-04-01T13:04:00.384+0530] {processor.py:183} INFO - Processing /Users/aswin/Documents/data-engineering-practice/ETL_Airflow_DBT/airflow/airflow_env/lib/python3.11/site-packages/airflow/example_dags/example_skip_dag.py took 0.079 seconds
[2026-04-01T13:04:41.812+0530] {processor.py:161} INFO - Started process (PID=90910) to work on /Users/aswin/Documents/data-engineering-practice/ETL_Airflow_DBT/airflow/airflow_env/lib/python3.11/site-packages/airflow/example_dags/example_skip_dag.py
[2026-04-01T13:04:41.812+0530] {processor.py:830} INFO - Processing file /Users/aswin/Documents/data-engineering-practice/ETL_Airflow_DBT/airflow/airflow_env/lib/python3.11/site-packages/airflow/example_dags/example_skip_dag.py for tasks to queue
[2026-04-01T13:04:41.812+0530] {logging_mixin.py:188} INFO - [2026-04-01T13:04:41.812+0530] {dagbag.py:540} INFO - Filling up the DagBag from /Users/aswin/Documents/data-engineering-practice/ETL_Airflow_DBT/airflow/airflow_env/lib/python3.11/site-packages/airflow/example_dags/example_skip_dag.py
[2026-04-01T13:04:41.815+0530] {processor.py:840} INFO - DAG(s) 'example_skip_dag' retrieved from /Users/aswin/Documents/data-engineering-practice/ETL_Airflow_DBT/airflow/airflow_env/lib/python3.11/site-packages/airflow/example_dags/example_skip_dag.py
[2026-04-01T13:04:41.869+0530] {logging_mixin.py:188} INFO - [2026-04-01T13:04:41.869+0530] {dag.py:3096} INFO - Sync 1 DAGs
[2026-04-01T13:04:41.882+0530] {logging_mixin.py:188} INFO - [2026-04-01T13:04:41.882+0530] {dag.py:3954} INFO - Setting next_dagrun for example_skip_dag to 2026-03-31 00:00:00+00:00, run_after=2026-04-01 00:00:00+00:00
[2026-04-01T13:04:41.892+0530] {processor.py:183} INFO - Processing /Users/aswin/Documents/data-engineering-practice/ETL_Airflow_DBT/airflow/airflow_env/lib/python3.11/site-packages/airflow/example_dags/example_skip_dag.py took 0.082 seconds
[2026-04-01T13:20:23.786+0530] {processor.py:161} INFO - Started process (PID=91003) to work on /Users/aswin/Documents/data-engineering-practice/ETL_Airflow_DBT/airflow/airflow_env/lib/python3.11/site-packages/airflow/example_dags/example_skip_dag.py
[2026-04-01T13:20:23.787+0530] {processor.py:830} INFO - Processing file /Users/aswin/Documents/data-engineering-practice/ETL_Airflow_DBT/airflow/airflow_env/lib/python3.11/site-packages/airflow/example_dags/example_skip_dag.py for tasks to queue
[2026-04-01T13:20:23.787+0530] {logging_mixin.py:188} INFO - [2026-04-01T13:20:23.787+0530] {dagbag.py:540} INFO - Filling up the DagBag from /Users/aswin/Documents/data-engineering-practice/ETL_Airflow_DBT/airflow/airflow_env/lib/python3.11/site-packages/airflow/example_dags/example_skip_dag.py
[2026-04-01T13:20:23.790+0530] {processor.py:840} INFO - DAG(s) 'example_skip_dag' retrieved from /Users/aswin/Documents/data-engineering-practice/ETL_Airflow_DBT/airflow/airflow_env/lib/python3.11/site-packages/airflow/example_dags/example_skip_dag.py
[2026-04-01T13:20:23.840+0530] {logging_mixin.py:188} INFO - [2026-04-01T13:20:23.840+0530] {dag.py:3096} INFO - Sync 1 DAGs
[2026-04-01T13:20:23.852+0530] {logging_mixin.py:188} INFO - [2026-04-01T13:20:23.852+0530] {dag.py:3954} INFO - Setting next_dagrun for example_skip_dag to 2026-03-31 00:00:00+00:00, run_after=2026-04-01 00:00:00+00:00
[2026-04-01T13:20:23.863+0530] {processor.py:183} INFO - Processing /Users/aswin/Documents/data-engineering-practice/ETL_Airflow_DBT/airflow/airflow_env/lib/python3.11/site-packages/airflow/example_dags/example_skip_dag.py took 0.078 seconds
[2026-04-01T13:21:57.001+0530] {processor.py:161} INFO - Started process (PID=91106) to work on /Users/aswin/Documents/data-engineering-practice/ETL_Airflow_DBT/airflow/airflow_env/lib/python3.11/site-packages/airflow/example_dags/example_skip_dag.py
[2026-04-01T13:21:57.001+0530] {processor.py:830} INFO - Processing file /Users/aswin/Documents/data-engineering-practice/ETL_Airflow_DBT/airflow/airflow_env/lib/python3.11/site-packages/airflow/example_dags/example_skip_dag.py for tasks to queue
[2026-04-01T13:21:57.001+0530] {logging_mixin.py:188} INFO - [2026-04-01T13:21:57.001+0530] {dagbag.py:540} INFO - Filling up the DagBag from /Users/aswin/Documents/data-engineering-practice/ETL_Airflow_DBT/airflow/airflow_env/lib/python3.11/site-packages/airflow/example_dags/example_skip_dag.py
[2026-04-01T13:21:57.004+0530] {processor.py:840} INFO - DAG(s) 'example_skip_dag' retrieved from /Users/aswin/Documents/data-engineering-practice/ETL_Airflow_DBT/airflow/airflow_env/lib/python3.11/site-packages/airflow/example_dags/example_skip_dag.py
[2026-04-01T13:21:57.072+0530] {logging_mixin.py:188} INFO - [2026-04-01T13:21:57.072+0530] {dag.py:3096} INFO - Sync 1 DAGs
[2026-04-01T13:21:57.109+0530] {logging_mixin.py:188} INFO - [2026-04-01T13:21:57.109+0530] {dag.py:3954} INFO - Setting next_dagrun for example_skip_dag to 2026-03-31 00:00:00+00:00, run_after=2026-04-01 00:00:00+00:00
[2026-04-01T13:21:57.118+0530] {processor.py:183} INFO - Processing /Users/aswin/Documents/data-engineering-practice/ETL_Airflow_DBT/airflow/airflow_env/lib/python3.11/site-packages/airflow/example_dags/example_skip_dag.py took 0.119 seconds
[2026-04-01T13:23:02.093+0530] {processor.py:161} INFO - Started process (PID=91192) to work on /Users/aswin/Documents/data-engineering-practice/ETL_Airflow_DBT/airflow/airflow_env/lib/python3.11/site-packages/airflow/example_dags/example_skip_dag.py
[2026-04-01T13:23:02.095+0530] {processor.py:830} INFO - Processing file /Users/aswin/Documents/data-engineering-practice/ETL_Airflow_DBT/airflow/airflow_env/lib/python3.11/site-packages/airflow/example_dags/example_skip_dag.py for tasks to queue
[2026-04-01T13:23:02.095+0530] {logging_mixin.py:188} INFO - [2026-04-01T13:23:02.095+0530] {dagbag.py:540} INFO - Filling up the DagBag from /Users/aswin/Documents/data-engineering-practice/ETL_Airflow_DBT/airflow/airflow_env/lib/python3.11/site-packages/airflow/example_dags/example_skip_dag.py
[2026-04-01T13:23:02.098+0530] {processor.py:840} INFO - DAG(s) 'example_skip_dag' retrieved from /Users/aswin/Documents/data-engineering-practice/ETL_Airflow_DBT/airflow/airflow_env/lib/python3.11/site-packages/airflow/example_dags/example_skip_dag.py
[2026-04-01T13:23:02.154+0530] {logging_mixin.py:188} INFO - [2026-04-01T13:23:02.154+0530] {dag.py:3096} INFO - Sync 1 DAGs
[2026-04-01T13:23:02.167+0530] {logging_mixin.py:188} INFO - [2026-04-01T13:23:02.167+0530] {dag.py:3954} INFO - Setting next_dagrun for example_skip_dag to 2026-03-31 00:00:00+00:00, run_after=2026-04-01 00:00:00+00:00
[2026-04-01T13:23:02.175+0530] {processor.py:183} INFO - Processing /Users/aswin/Documents/data-engineering-practice/ETL_Airflow_DBT/airflow/airflow_env/lib/python3.11/site-packages/airflow/example_dags/example_skip_dag.py took 0.083 seconds
[2026-04-01T13:41:23.678+0530] {processor.py:161} INFO - Started process (PID=91277) to work on /Users/aswin/Documents/data-engineering-practice/ETL_Airflow_DBT/airflow/airflow_env/lib/python3.11/site-packages/airflow/example_dags/example_skip_dag.py
[2026-04-01T13:41:23.679+0530] {processor.py:830} INFO - Processing file /Users/aswin/Documents/data-engineering-practice/ETL_Airflow_DBT/airflow/airflow_env/lib/python3.11/site-packages/airflow/example_dags/example_skip_dag.py for tasks to queue
[2026-04-01T13:41:23.680+0530] {logging_mixin.py:188} INFO - [2026-04-01T13:41:23.680+0530] {dagbag.py:540} INFO - Filling up the DagBag from /Users/aswin/Documents/data-engineering-practice/ETL_Airflow_DBT/airflow/airflow_env/lib/python3.11/site-packages/airflow/example_dags/example_skip_dag.py
[2026-04-01T13:41:23.682+0530] {processor.py:840} INFO - DAG(s) 'example_skip_dag' retrieved from /Users/aswin/Documents/data-engineering-practice/ETL_Airflow_DBT/airflow/airflow_env/lib/python3.11/site-packages/airflow/example_dags/example_skip_dag.py
[2026-04-01T13:41:23.732+0530] {logging_mixin.py:188} INFO - [2026-04-01T13:41:23.732+0530] {dag.py:3096} INFO - Sync 1 DAGs
[2026-04-01T13:41:23.745+0530] {logging_mixin.py:188} INFO - [2026-04-01T13:41:23.745+0530] {dag.py:3954} INFO - Setting next_dagrun for example_skip_dag to 2026-03-31 00:00:00+00:00, run_after=2026-04-01 00:00:00+00:00
[2026-04-01T13:41:23.756+0530] {processor.py:183} INFO - Processing /Users/aswin/Documents/data-engineering-practice/ETL_Airflow_DBT/airflow/airflow_env/lib/python3.11/site-packages/airflow/example_dags/example_skip_dag.py took 0.079 seconds
[2026-04-01T14:00:07.671+0530] {processor.py:161} INFO - Started process (PID=91409) to work on /Users/aswin/Documents/data-engineering-practice/ETL_Airflow_DBT/airflow/airflow_env/lib/python3.11/site-packages/airflow/example_dags/example_skip_dag.py
[2026-04-01T14:00:07.672+0530] {processor.py:830} INFO - Processing file /Users/aswin/Documents/data-engineering-practice/ETL_Airflow_DBT/airflow/airflow_env/lib/python3.11/site-packages/airflow/example_dags/example_skip_dag.py for tasks to queue
[2026-04-01T14:00:07.673+0530] {logging_mixin.py:188} INFO - [2026-04-01T14:00:07.672+0530] {dagbag.py:540} INFO - Filling up the DagBag from /Users/aswin/Documents/data-engineering-practice/ETL_Airflow_DBT/airflow/airflow_env/lib/python3.11/site-packages/airflow/example_dags/example_skip_dag.py
[2026-04-01T14:00:07.676+0530] {processor.py:840} INFO - DAG(s) 'example_skip_dag' retrieved from /Users/aswin/Documents/data-engineering-practice/ETL_Airflow_DBT/airflow/airflow_env/lib/python3.11/site-packages/airflow/example_dags/example_skip_dag.py
[2026-04-01T14:00:07.734+0530] {logging_mixin.py:188} INFO - [2026-04-01T14:00:07.734+0530] {dag.py:3096} INFO - Sync 1 DAGs
[2026-04-01T14:00:07.745+0530] {logging_mixin.py:188} INFO - [2026-04-01T14:00:07.745+0530] {dag.py:3954} INFO - Setting next_dagrun for example_skip_dag to 2026-03-31 00:00:00+00:00, run_after=2026-04-01 00:00:00+00:00
[2026-04-01T14:00:07.754+0530] {processor.py:183} INFO - Processing /Users/aswin/Documents/data-engineering-practice/ETL_Airflow_DBT/airflow/airflow_env/lib/python3.11/site-packages/airflow/example_dags/example_skip_dag.py took 0.085 seconds
[2026-04-01T14:01:17.532+0530] {processor.py:161} INFO - Started process (PID=91547) to work on /Users/aswin/Documents/data-engineering-practice/ETL_Airflow_DBT/airflow/airflow_env/lib/python3.11/site-packages/airflow/example_dags/example_skip_dag.py
[2026-04-01T14:01:17.533+0530] {processor.py:830} INFO - Processing file /Users/aswin/Documents/data-engineering-practice/ETL_Airflow_DBT/airflow/airflow_env/lib/python3.11/site-packages/airflow/example_dags/example_skip_dag.py for tasks to queue
[2026-04-01T14:01:17.533+0530] {logging_mixin.py:188} INFO - [2026-04-01T14:01:17.533+0530] {dagbag.py:540} INFO - Filling up the DagBag from /Users/aswin/Documents/data-engineering-practice/ETL_Airflow_DBT/airflow/airflow_env/lib/python3.11/site-packages/airflow/example_dags/example_skip_dag.py
[2026-04-01T14:01:17.536+0530] {processor.py:840} INFO - DAG(s) 'example_skip_dag' retrieved from /Users/aswin/Documents/data-engineering-practice/ETL_Airflow_DBT/airflow/airflow_env/lib/python3.11/site-packages/airflow/example_dags/example_skip_dag.py
[2026-04-01T14:01:17.589+0530] {logging_mixin.py:188} INFO - [2026-04-01T14:01:17.589+0530] {dag.py:3096} INFO - Sync 1 DAGs
[2026-04-01T14:01:17.602+0530] {logging_mixin.py:188} INFO - [2026-04-01T14:01:17.602+0530] {dag.py:3954} INFO - Setting next_dagrun for example_skip_dag to 2026-03-31 00:00:00+00:00, run_after=2026-04-01 00:00:00+00:00
[2026-04-01T14:01:17.611+0530] {processor.py:183} INFO - Processing /Users/aswin/Documents/data-engineering-practice/ETL_Airflow_DBT/airflow/airflow_env/lib/python3.11/site-packages/airflow/example_dags/example_skip_dag.py took 0.080 seconds
[2026-04-01T14:02:22.393+0530] {processor.py:161} INFO - Started process (PID=91630) to work on /Users/aswin/Documents/data-engineering-practice/ETL_Airflow_DBT/airflow/airflow_env/lib/python3.11/site-packages/airflow/example_dags/example_skip_dag.py
[2026-04-01T14:02:22.394+0530] {processor.py:830} INFO - Processing file /Users/aswin/Documents/data-engineering-practice/ETL_Airflow_DBT/airflow/airflow_env/lib/python3.11/site-packages/airflow/example_dags/example_skip_dag.py for tasks to queue
[2026-04-01T14:02:22.394+0530] {logging_mixin.py:188} INFO - [2026-04-01T14:02:22.394+0530] {dagbag.py:540} INFO - Filling up the DagBag from /Users/aswin/Documents/data-engineering-practice/ETL_Airflow_DBT/airflow/airflow_env/lib/python3.11/site-packages/airflow/example_dags/example_skip_dag.py
[2026-04-01T14:02:22.398+0530] {processor.py:840} INFO - DAG(s) 'example_skip_dag' retrieved from /Users/aswin/Documents/data-engineering-practice/ETL_Airflow_DBT/airflow/airflow_env/lib/python3.11/site-packages/airflow/example_dags/example_skip_dag.py
[2026-04-01T14:02:22.453+0530] {logging_mixin.py:188} INFO - [2026-04-01T14:02:22.453+0530] {dag.py:3096} INFO - Sync 1 DAGs
[2026-04-01T14:02:22.469+0530] {logging_mixin.py:188} INFO - [2026-04-01T14:02:22.469+0530] {dag.py:3954} INFO - Setting next_dagrun for example_skip_dag to 2026-03-31 00:00:00+00:00, run_after=2026-04-01 00:00:00+00:00
[2026-04-01T14:02:22.477+0530] {processor.py:183} INFO - Processing /Users/aswin/Documents/data-engineering-practice/ETL_Airflow_DBT/airflow/airflow_env/lib/python3.11/site-packages/airflow/example_dags/example_skip_dag.py took 0.086 seconds
[2026-04-01T14:18:57.783+0530] {processor.py:161} INFO - Started process (PID=91718) to work on /Users/aswin/Documents/data-engineering-practice/ETL_Airflow_DBT/airflow/airflow_env/lib/python3.11/site-packages/airflow/example_dags/example_skip_dag.py
[2026-04-01T14:18:57.784+0530] {processor.py:830} INFO - Processing file /Users/aswin/Documents/data-engineering-practice/ETL_Airflow_DBT/airflow/airflow_env/lib/python3.11/site-packages/airflow/example_dags/example_skip_dag.py for tasks to queue
[2026-04-01T14:18:57.784+0530] {logging_mixin.py:188} INFO - [2026-04-01T14:18:57.784+0530] {dagbag.py:540} INFO - Filling up the DagBag from /Users/aswin/Documents/data-engineering-practice/ETL_Airflow_DBT/airflow/airflow_env/lib/python3.11/site-packages/airflow/example_dags/example_skip_dag.py
[2026-04-01T14:18:57.788+0530] {processor.py:840} INFO - DAG(s) 'example_skip_dag' retrieved from /Users/aswin/Documents/data-engineering-practice/ETL_Airflow_DBT/airflow/airflow_env/lib/python3.11/site-packages/airflow/example_dags/example_skip_dag.py
[2026-04-01T14:18:58.077+0530] {logging_mixin.py:188} INFO - [2026-04-01T14:18:58.077+0530] {dag.py:3096} INFO - Sync 1 DAGs
[2026-04-01T14:18:58.089+0530] {logging_mixin.py:188} INFO - [2026-04-01T14:18:58.089+0530] {dag.py:3954} INFO - Setting next_dagrun for example_skip_dag to 2026-03-31 00:00:00+00:00, run_after=2026-04-01 00:00:00+00:00
[2026-04-01T14:18:58.332+0530] {processor.py:183} INFO - Processing /Users/aswin/Documents/data-engineering-practice/ETL_Airflow_DBT/airflow/airflow_env/lib/python3.11/site-packages/airflow/example_dags/example_skip_dag.py took 0.550 seconds
[2026-04-01T14:20:03.367+0530] {processor.py:161} INFO - Started process (PID=91804) to work on /Users/aswin/Documents/data-engineering-practice/ETL_Airflow_DBT/airflow/airflow_env/lib/python3.11/site-packages/airflow/example_dags/example_skip_dag.py
[2026-04-01T14:20:03.368+0530] {processor.py:830} INFO - Processing file /Users/aswin/Documents/data-engineering-practice/ETL_Airflow_DBT/airflow/airflow_env/lib/python3.11/site-packages/airflow/example_dags/example_skip_dag.py for tasks to queue
[2026-04-01T14:20:03.368+0530] {logging_mixin.py:188} INFO - [2026-04-01T14:20:03.368+0530] {dagbag.py:540} INFO - Filling up the DagBag from /Users/aswin/Documents/data-engineering-practice/ETL_Airflow_DBT/airflow/airflow_env/lib/python3.11/site-packages/airflow/example_dags/example_skip_dag.py
[2026-04-01T14:20:03.371+0530] {processor.py:840} INFO - DAG(s) 'example_skip_dag' retrieved from /Users/aswin/Documents/data-engineering-practice/ETL_Airflow_DBT/airflow/airflow_env/lib/python3.11/site-packages/airflow/example_dags/example_skip_dag.py
[2026-04-01T14:20:03.422+0530] {logging_mixin.py:188} INFO - [2026-04-01T14:20:03.422+0530] {dag.py:3096} INFO - Sync 1 DAGs
[2026-04-01T14:20:03.435+0530] {logging_mixin.py:188} INFO - [2026-04-01T14:20:03.435+0530] {dag.py:3954} INFO - Setting next_dagrun for example_skip_dag to 2026-03-31 00:00:00+00:00, run_after=2026-04-01 00:00:00+00:00
[2026-04-01T14:20:03.445+0530] {processor.py:183} INFO - Processing /Users/aswin/Documents/data-engineering-practice/ETL_Airflow_DBT/airflow/airflow_env/lib/python3.11/site-packages/airflow/example_dags/example_skip_dag.py took 0.079 seconds
[2026-04-01T14:20:44.473+0530] {processor.py:161} INFO - Started process (PID=91891) to work on /Users/aswin/Documents/data-engineering-practice/ETL_Airflow_DBT/airflow/airflow_env/lib/python3.11/site-packages/airflow/example_dags/example_skip_dag.py
[2026-04-01T14:20:44.473+0530] {processor.py:830} INFO - Processing file /Users/aswin/Documents/data-engineering-practice/ETL_Airflow_DBT/airflow/airflow_env/lib/python3.11/site-packages/airflow/example_dags/example_skip_dag.py for tasks to queue
[2026-04-01T14:20:44.474+0530] {logging_mixin.py:188} INFO - [2026-04-01T14:20:44.474+0530] {dagbag.py:540} INFO - Filling up the DagBag from /Users/aswin/Documents/data-engineering-practice/ETL_Airflow_DBT/airflow/airflow_env/lib/python3.11/site-packages/airflow/example_dags/example_skip_dag.py
[2026-04-01T14:20:44.477+0530] {processor.py:840} INFO - DAG(s) 'example_skip_dag' retrieved from /Users/aswin/Documents/data-engineering-practice/ETL_Airflow_DBT/airflow/airflow_env/lib/python3.11/site-packages/airflow/example_dags/example_skip_dag.py
[2026-04-01T14:20:44.529+0530] {logging_mixin.py:188} INFO - [2026-04-01T14:20:44.529+0530] {dag.py:3096} INFO - Sync 1 DAGs
[2026-04-01T14:20:44.541+0530] {logging_mixin.py:188} INFO - [2026-04-01T14:20:44.541+0530] {dag.py:3954} INFO - Setting next_dagrun for example_skip_dag to 2026-03-31 00:00:00+00:00, run_after=2026-04-01 00:00:00+00:00
[2026-04-01T14:20:44.551+0530] {processor.py:183} INFO - Processing /Users/aswin/Documents/data-engineering-practice/ETL_Airflow_DBT/airflow/airflow_env/lib/python3.11/site-packages/airflow/example_dags/example_skip_dag.py took 0.079 seconds
[2026-04-01T14:21:49.092+0530] {processor.py:161} INFO - Started process (PID=91973) to work on /Users/aswin/Documents/data-engineering-practice/ETL_Airflow_DBT/airflow/airflow_env/lib/python3.11/site-packages/airflow/example_dags/example_skip_dag.py
[2026-04-01T14:21:49.092+0530] {processor.py:830} INFO - Processing file /Users/aswin/Documents/data-engineering-practice/ETL_Airflow_DBT/airflow/airflow_env/lib/python3.11/site-packages/airflow/example_dags/example_skip_dag.py for tasks to queue
[2026-04-01T14:21:49.092+0530] {logging_mixin.py:188} INFO - [2026-04-01T14:21:49.092+0530] {dagbag.py:540} INFO - Filling up the DagBag from /Users/aswin/Documents/data-engineering-practice/ETL_Airflow_DBT/airflow/airflow_env/lib/python3.11/site-packages/airflow/example_dags/example_skip_dag.py
[2026-04-01T14:21:49.095+0530] {processor.py:840} INFO - DAG(s) 'example_skip_dag' retrieved from /Users/aswin/Documents/data-engineering-practice/ETL_Airflow_DBT/airflow/airflow_env/lib/python3.11/site-packages/airflow/example_dags/example_skip_dag.py
[2026-04-01T14:21:49.146+0530] {logging_mixin.py:188} INFO - [2026-04-01T14:21:49.146+0530] {dag.py:3096} INFO - Sync 1 DAGs
[2026-04-01T14:21:49.158+0530] {logging_mixin.py:188} INFO - [2026-04-01T14:21:49.158+0530] {dag.py:3954} INFO - Setting next_dagrun for example_skip_dag to 2026-03-31 00:00:00+00:00, run_after=2026-04-01 00:00:00+00:00
[2026-04-01T14:21:49.169+0530] {processor.py:183} INFO - Processing /Users/aswin/Documents/data-engineering-practice/ETL_Airflow_DBT/airflow/airflow_env/lib/python3.11/site-packages/airflow/example_dags/example_skip_dag.py took 0.078 seconds
[2026-04-01T14:38:42.287+0530] {processor.py:161} INFO - Started process (PID=92052) to work on /Users/aswin/Documents/data-engineering-practice/ETL_Airflow_DBT/airflow/airflow_env/lib/python3.11/site-packages/airflow/example_dags/example_skip_dag.py
[2026-04-01T14:38:42.287+0530] {processor.py:830} INFO - Processing file /Users/aswin/Documents/data-engineering-practice/ETL_Airflow_DBT/airflow/airflow_env/lib/python3.11/site-packages/airflow/example_dags/example_skip_dag.py for tasks to queue
[2026-04-01T14:38:42.287+0530] {logging_mixin.py:188} INFO - [2026-04-01T14:38:42.287+0530] {dagbag.py:540} INFO - Filling up the DagBag from /Users/aswin/Documents/data-engineering-practice/ETL_Airflow_DBT/airflow/airflow_env/lib/python3.11/site-packages/airflow/example_dags/example_skip_dag.py
[2026-04-01T14:38:42.290+0530] {processor.py:840} INFO - DAG(s) 'example_skip_dag' retrieved from /Users/aswin/Documents/data-engineering-practice/ETL_Airflow_DBT/airflow/airflow_env/lib/python3.11/site-packages/airflow/example_dags/example_skip_dag.py
[2026-04-01T14:38:42.341+0530] {logging_mixin.py:188} INFO - [2026-04-01T14:38:42.341+0530] {dag.py:3096} INFO - Sync 1 DAGs
[2026-04-01T14:38:42.350+0530] {logging_mixin.py:188} INFO - [2026-04-01T14:38:42.350+0530] {dag.py:3954} INFO - Setting next_dagrun for example_skip_dag to 2026-03-31 00:00:00+00:00, run_after=2026-04-01 00:00:00+00:00
[2026-04-01T14:38:42.371+0530] {processor.py:183} INFO - Processing /Users/aswin/Documents/data-engineering-practice/ETL_Airflow_DBT/airflow/airflow_env/lib/python3.11/site-packages/airflow/example_dags/example_skip_dag.py took 0.086 seconds
[2026-04-01T14:40:24.575+0530] {processor.py:161} INFO - Started process (PID=92210) to work on /Users/aswin/Documents/data-engineering-practice/ETL_Airflow_DBT/airflow/airflow_env/lib/python3.11/site-packages/airflow/example_dags/example_skip_dag.py
[2026-04-01T14:40:24.576+0530] {processor.py:830} INFO - Processing file /Users/aswin/Documents/data-engineering-practice/ETL_Airflow_DBT/airflow/airflow_env/lib/python3.11/site-packages/airflow/example_dags/example_skip_dag.py for tasks to queue
[2026-04-01T14:40:24.576+0530] {logging_mixin.py:188} INFO - [2026-04-01T14:40:24.576+0530] {dagbag.py:540} INFO - Filling up the DagBag from /Users/aswin/Documents/data-engineering-practice/ETL_Airflow_DBT/airflow/airflow_env/lib/python3.11/site-packages/airflow/example_dags/example_skip_dag.py
[2026-04-01T14:40:24.579+0530] {processor.py:840} INFO - DAG(s) 'example_skip_dag' retrieved from /Users/aswin/Documents/data-engineering-practice/ETL_Airflow_DBT/airflow/airflow_env/lib/python3.11/site-packages/airflow/example_dags/example_skip_dag.py
[2026-04-01T14:40:24.630+0530] {logging_mixin.py:188} INFO - [2026-04-01T14:40:24.630+0530] {dag.py:3096} INFO - Sync 1 DAGs
[2026-04-01T14:40:24.643+0530] {logging_mixin.py:188} INFO - [2026-04-01T14:40:24.643+0530] {dag.py:3954} INFO - Setting next_dagrun for example_skip_dag to 2026-03-31 00:00:00+00:00, run_after=2026-04-01 00:00:00+00:00
[2026-04-01T14:40:24.655+0530] {processor.py:183} INFO - Processing /Users/aswin/Documents/data-engineering-practice/ETL_Airflow_DBT/airflow/airflow_env/lib/python3.11/site-packages/airflow/example_dags/example_skip_dag.py took 0.081 seconds
[2026-04-01T14:57:23.398+0530] {processor.py:161} INFO - Started process (PID=92296) to work on /Users/aswin/Documents/data-engineering-practice/ETL_Airflow_DBT/airflow/airflow_env/lib/python3.11/site-packages/airflow/example_dags/example_skip_dag.py
[2026-04-01T14:57:23.399+0530] {processor.py:830} INFO - Processing file /Users/aswin/Documents/data-engineering-practice/ETL_Airflow_DBT/airflow/airflow_env/lib/python3.11/site-packages/airflow/example_dags/example_skip_dag.py for tasks to queue
[2026-04-01T14:57:23.399+0530] {logging_mixin.py:188} INFO - [2026-04-01T14:57:23.399+0530] {dagbag.py:540} INFO - Filling up the DagBag from /Users/aswin/Documents/data-engineering-practice/ETL_Airflow_DBT/airflow/airflow_env/lib/python3.11/site-packages/airflow/example_dags/example_skip_dag.py
[2026-04-01T14:57:23.402+0530] {processor.py:840} INFO - DAG(s) 'example_skip_dag' retrieved from /Users/aswin/Documents/data-engineering-practice/ETL_Airflow_DBT/airflow/airflow_env/lib/python3.11/site-packages/airflow/example_dags/example_skip_dag.py
[2026-04-01T14:57:23.454+0530] {logging_mixin.py:188} INFO - [2026-04-01T14:57:23.454+0530] {dag.py:3096} INFO - Sync 1 DAGs
[2026-04-01T14:57:23.467+0530] {logging_mixin.py:188} INFO - [2026-04-01T14:57:23.467+0530] {dag.py:3954} INFO - Setting next_dagrun for example_skip_dag to 2026-03-31 00:00:00+00:00, run_after=2026-04-01 00:00:00+00:00
[2026-04-01T14:57:23.477+0530] {processor.py:183} INFO - Processing /Users/aswin/Documents/data-engineering-practice/ETL_Airflow_DBT/airflow/airflow_env/lib/python3.11/site-packages/airflow/example_dags/example_skip_dag.py took 0.080 seconds
[2026-04-01T14:59:05.215+0530] {processor.py:161} INFO - Started process (PID=92456) to work on /Users/aswin/Documents/data-engineering-practice/ETL_Airflow_DBT/airflow/airflow_env/lib/python3.11/site-packages/airflow/example_dags/example_skip_dag.py
[2026-04-01T14:59:05.216+0530] {processor.py:830} INFO - Processing file /Users/aswin/Documents/data-engineering-practice/ETL_Airflow_DBT/airflow/airflow_env/lib/python3.11/site-packages/airflow/example_dags/example_skip_dag.py for tasks to queue
[2026-04-01T14:59:05.216+0530] {logging_mixin.py:188} INFO - [2026-04-01T14:59:05.216+0530] {dagbag.py:540} INFO - Filling up the DagBag from /Users/aswin/Documents/data-engineering-practice/ETL_Airflow_DBT/airflow/airflow_env/lib/python3.11/site-packages/airflow/example_dags/example_skip_dag.py
[2026-04-01T14:59:05.219+0530] {processor.py:840} INFO - DAG(s) 'example_skip_dag' retrieved from /Users/aswin/Documents/data-engineering-practice/ETL_Airflow_DBT/airflow/airflow_env/lib/python3.11/site-packages/airflow/example_dags/example_skip_dag.py
[2026-04-01T14:59:05.275+0530] {logging_mixin.py:188} INFO - [2026-04-01T14:59:05.275+0530] {dag.py:3096} INFO - Sync 1 DAGs
[2026-04-01T14:59:05.288+0530] {logging_mixin.py:188} INFO - [2026-04-01T14:59:05.288+0530] {dag.py:3954} INFO - Setting next_dagrun for example_skip_dag to 2026-03-31 00:00:00+00:00, run_after=2026-04-01 00:00:00+00:00
[2026-04-01T14:59:05.298+0530] {processor.py:183} INFO - Processing /Users/aswin/Documents/data-engineering-practice/ETL_Airflow_DBT/airflow/airflow_env/lib/python3.11/site-packages/airflow/example_dags/example_skip_dag.py took 0.084 seconds
[2026-04-01T15:00:09.502+0530] {processor.py:161} INFO - Started process (PID=92538) to work on /Users/aswin/Documents/data-engineering-practice/ETL_Airflow_DBT/airflow/airflow_env/lib/python3.11/site-packages/airflow/example_dags/example_skip_dag.py
[2026-04-01T15:00:09.502+0530] {processor.py:830} INFO - Processing file /Users/aswin/Documents/data-engineering-practice/ETL_Airflow_DBT/airflow/airflow_env/lib/python3.11/site-packages/airflow/example_dags/example_skip_dag.py for tasks to queue
[2026-04-01T15:00:09.503+0530] {logging_mixin.py:188} INFO - [2026-04-01T15:00:09.503+0530] {dagbag.py:540} INFO - Filling up the DagBag from /Users/aswin/Documents/data-engineering-practice/ETL_Airflow_DBT/airflow/airflow_env/lib/python3.11/site-packages/airflow/example_dags/example_skip_dag.py
[2026-04-01T15:00:09.506+0530] {processor.py:840} INFO - DAG(s) 'example_skip_dag' retrieved from /Users/aswin/Documents/data-engineering-practice/ETL_Airflow_DBT/airflow/airflow_env/lib/python3.11/site-packages/airflow/example_dags/example_skip_dag.py
[2026-04-01T15:00:09.582+0530] {logging_mixin.py:188} INFO - [2026-04-01T15:00:09.582+0530] {dag.py:3096} INFO - Sync 1 DAGs
[2026-04-01T15:00:09.592+0530] {logging_mixin.py:188} INFO - [2026-04-01T15:00:09.592+0530] {dag.py:3954} INFO - Setting next_dagrun for example_skip_dag to 2026-03-31 00:00:00+00:00, run_after=2026-04-01 00:00:00+00:00
[2026-04-01T15:00:09.601+0530] {processor.py:183} INFO - Processing /Users/aswin/Documents/data-engineering-practice/ETL_Airflow_DBT/airflow/airflow_env/lib/python3.11/site-packages/airflow/example_dags/example_skip_dag.py took 0.101 seconds
[2026-04-01T15:17:40.860+0530] {processor.py:161} INFO - Started process (PID=92670) to work on /Users/aswin/Documents/data-engineering-practice/ETL_Airflow_DBT/airflow/airflow_env/lib/python3.11/site-packages/airflow/example_dags/example_skip_dag.py
[2026-04-01T15:17:40.861+0530] {processor.py:830} INFO - Processing file /Users/aswin/Documents/data-engineering-practice/ETL_Airflow_DBT/airflow/airflow_env/lib/python3.11/site-packages/airflow/example_dags/example_skip_dag.py for tasks to queue
[2026-04-01T15:17:40.861+0530] {logging_mixin.py:188} INFO - [2026-04-01T15:17:40.861+0530] {dagbag.py:540} INFO - Filling up the DagBag from /Users/aswin/Documents/data-engineering-practice/ETL_Airflow_DBT/airflow/airflow_env/lib/python3.11/site-packages/airflow/example_dags/example_skip_dag.py
[2026-04-01T15:17:40.864+0530] {processor.py:840} INFO - DAG(s) 'example_skip_dag' retrieved from /Users/aswin/Documents/data-engineering-practice/ETL_Airflow_DBT/airflow/airflow_env/lib/python3.11/site-packages/airflow/example_dags/example_skip_dag.py
[2026-04-01T15:17:40.925+0530] {logging_mixin.py:188} INFO - [2026-04-01T15:17:40.925+0530] {dag.py:3096} INFO - Sync 1 DAGs
[2026-04-01T15:17:40.937+0530] {logging_mixin.py:188} INFO - [2026-04-01T15:17:40.937+0530] {dag.py:3954} INFO - Setting next_dagrun for example_skip_dag to 2026-03-31 00:00:00+00:00, run_after=2026-04-01 00:00:00+00:00
[2026-04-01T15:17:40.945+0530] {processor.py:183} INFO - Processing /Users/aswin/Documents/data-engineering-practice/ETL_Airflow_DBT/airflow/airflow_env/lib/python3.11/site-packages/airflow/example_dags/example_skip_dag.py took 0.086 seconds
[2026-04-01T15:19:48.261+0530] {processor.py:161} INFO - Started process (PID=92835) to work on /Users/aswin/Documents/data-engineering-practice/ETL_Airflow_DBT/airflow/airflow_env/lib/python3.11/site-packages/airflow/example_dags/example_skip_dag.py
[2026-04-01T15:19:48.262+0530] {processor.py:830} INFO - Processing file /Users/aswin/Documents/data-engineering-practice/ETL_Airflow_DBT/airflow/airflow_env/lib/python3.11/site-packages/airflow/example_dags/example_skip_dag.py for tasks to queue
[2026-04-01T15:19:48.262+0530] {logging_mixin.py:188} INFO - [2026-04-01T15:19:48.262+0530] {dagbag.py:540} INFO - Filling up the DagBag from /Users/aswin/Documents/data-engineering-practice/ETL_Airflow_DBT/airflow/airflow_env/lib/python3.11/site-packages/airflow/example_dags/example_skip_dag.py
[2026-04-01T15:19:48.265+0530] {processor.py:840} INFO - DAG(s) 'example_skip_dag' retrieved from /Users/aswin/Documents/data-engineering-practice/ETL_Airflow_DBT/airflow/airflow_env/lib/python3.11/site-packages/airflow/example_dags/example_skip_dag.py
[2026-04-01T15:19:48.323+0530] {logging_mixin.py:188} INFO - [2026-04-01T15:19:48.323+0530] {dag.py:3096} INFO - Sync 1 DAGs
[2026-04-01T15:19:48.333+0530] {logging_mixin.py:188} INFO - [2026-04-01T15:19:48.333+0530] {dag.py:3954} INFO - Setting next_dagrun for example_skip_dag to 2026-03-31 00:00:00+00:00, run_after=2026-04-01 00:00:00+00:00
[2026-04-01T15:19:48.343+0530] {processor.py:183} INFO - Processing /Users/aswin/Documents/data-engineering-practice/ETL_Airflow_DBT/airflow/airflow_env/lib/python3.11/site-packages/airflow/example_dags/example_skip_dag.py took 0.084 seconds
[2026-04-01T15:35:58.237+0530] {processor.py:161} INFO - Started process (PID=92922) to work on /Users/aswin/Documents/data-engineering-practice/ETL_Airflow_DBT/airflow/airflow_env/lib/python3.11/site-packages/airflow/example_dags/example_skip_dag.py
[2026-04-01T15:35:58.237+0530] {processor.py:830} INFO - Processing file /Users/aswin/Documents/data-engineering-practice/ETL_Airflow_DBT/airflow/airflow_env/lib/python3.11/site-packages/airflow/example_dags/example_skip_dag.py for tasks to queue
[2026-04-01T15:35:58.238+0530] {logging_mixin.py:188} INFO - [2026-04-01T15:35:58.238+0530] {dagbag.py:540} INFO - Filling up the DagBag from /Users/aswin/Documents/data-engineering-practice/ETL_Airflow_DBT/airflow/airflow_env/lib/python3.11/site-packages/airflow/example_dags/example_skip_dag.py
[2026-04-01T15:35:58.240+0530] {processor.py:840} INFO - DAG(s) 'example_skip_dag' retrieved from /Users/aswin/Documents/data-engineering-practice/ETL_Airflow_DBT/airflow/airflow_env/lib/python3.11/site-packages/airflow/example_dags/example_skip_dag.py
[2026-04-01T15:35:58.296+0530] {logging_mixin.py:188} INFO - [2026-04-01T15:35:58.295+0530] {dag.py:3096} INFO - Sync 1 DAGs
[2026-04-01T15:35:58.305+0530] {logging_mixin.py:188} INFO - [2026-04-01T15:35:58.305+0530] {dag.py:3954} INFO - Setting next_dagrun for example_skip_dag to 2026-03-31 00:00:00+00:00, run_after=2026-04-01 00:00:00+00:00
[2026-04-01T15:35:58.315+0530] {processor.py:183} INFO - Processing /Users/aswin/Documents/data-engineering-practice/ETL_Airflow_DBT/airflow/airflow_env/lib/python3.11/site-packages/airflow/example_dags/example_skip_dag.py took 0.079 seconds
[2026-04-01T15:37:40.433+0530] {processor.py:161} INFO - Started process (PID=93071) to work on /Users/aswin/Documents/data-engineering-practice/ETL_Airflow_DBT/airflow/airflow_env/lib/python3.11/site-packages/airflow/example_dags/example_skip_dag.py
[2026-04-01T15:37:40.434+0530] {processor.py:830} INFO - Processing file /Users/aswin/Documents/data-engineering-practice/ETL_Airflow_DBT/airflow/airflow_env/lib/python3.11/site-packages/airflow/example_dags/example_skip_dag.py for tasks to queue
[2026-04-01T15:37:40.435+0530] {logging_mixin.py:188} INFO - [2026-04-01T15:37:40.435+0530] {dagbag.py:540} INFO - Filling up the DagBag from /Users/aswin/Documents/data-engineering-practice/ETL_Airflow_DBT/airflow/airflow_env/lib/python3.11/site-packages/airflow/example_dags/example_skip_dag.py
[2026-04-01T15:37:40.438+0530] {processor.py:840} INFO - DAG(s) 'example_skip_dag' retrieved from /Users/aswin/Documents/data-engineering-practice/ETL_Airflow_DBT/airflow/airflow_env/lib/python3.11/site-packages/airflow/example_dags/example_skip_dag.py
[2026-04-01T15:37:40.489+0530] {logging_mixin.py:188} INFO - [2026-04-01T15:37:40.488+0530] {dag.py:3096} INFO - Sync 1 DAGs
[2026-04-01T15:37:40.501+0530] {logging_mixin.py:188} INFO - [2026-04-01T15:37:40.501+0530] {dag.py:3954} INFO - Setting next_dagrun for example_skip_dag to 2026-03-31 00:00:00+00:00, run_after=2026-04-01 00:00:00+00:00
[2026-04-01T15:37:40.511+0530] {processor.py:183} INFO - Processing /Users/aswin/Documents/data-engineering-practice/ETL_Airflow_DBT/airflow/airflow_env/lib/python3.11/site-packages/airflow/example_dags/example_skip_dag.py took 0.079 seconds
[2026-04-01T15:38:20.697+0530] {processor.py:161} INFO - Started process (PID=93151) to work on /Users/aswin/Documents/data-engineering-practice/ETL_Airflow_DBT/airflow/airflow_env/lib/python3.11/site-packages/airflow/example_dags/example_skip_dag.py
[2026-04-01T15:38:20.698+0530] {processor.py:830} INFO - Processing file /Users/aswin/Documents/data-engineering-practice/ETL_Airflow_DBT/airflow/airflow_env/lib/python3.11/site-packages/airflow/example_dags/example_skip_dag.py for tasks to queue
[2026-04-01T15:38:20.698+0530] {logging_mixin.py:188} INFO - [2026-04-01T15:38:20.698+0530] {dagbag.py:540} INFO - Filling up the DagBag from /Users/aswin/Documents/data-engineering-practice/ETL_Airflow_DBT/airflow/airflow_env/lib/python3.11/site-packages/airflow/example_dags/example_skip_dag.py
[2026-04-01T15:38:20.701+0530] {processor.py:840} INFO - DAG(s) 'example_skip_dag' retrieved from /Users/aswin/Documents/data-engineering-practice/ETL_Airflow_DBT/airflow/airflow_env/lib/python3.11/site-packages/airflow/example_dags/example_skip_dag.py
[2026-04-01T15:38:20.754+0530] {logging_mixin.py:188} INFO - [2026-04-01T15:38:20.754+0530] {dag.py:3096} INFO - Sync 1 DAGs
[2026-04-01T15:38:20.767+0530] {logging_mixin.py:188} INFO - [2026-04-01T15:38:20.767+0530] {dag.py:3954} INFO - Setting next_dagrun for example_skip_dag to 2026-03-31 00:00:00+00:00, run_after=2026-04-01 00:00:00+00:00
[2026-04-01T15:38:20.776+0530] {processor.py:183} INFO - Processing /Users/aswin/Documents/data-engineering-practice/ETL_Airflow_DBT/airflow/airflow_env/lib/python3.11/site-packages/airflow/example_dags/example_skip_dag.py took 0.080 seconds
[2026-04-01T15:56:21.235+0530] {processor.py:161} INFO - Started process (PID=93244) to work on /Users/aswin/Documents/data-engineering-practice/ETL_Airflow_DBT/airflow/airflow_env/lib/python3.11/site-packages/airflow/example_dags/example_skip_dag.py
[2026-04-01T15:56:21.235+0530] {processor.py:830} INFO - Processing file /Users/aswin/Documents/data-engineering-practice/ETL_Airflow_DBT/airflow/airflow_env/lib/python3.11/site-packages/airflow/example_dags/example_skip_dag.py for tasks to queue
[2026-04-01T15:56:21.235+0530] {logging_mixin.py:188} INFO - [2026-04-01T15:56:21.235+0530] {dagbag.py:540} INFO - Filling up the DagBag from /Users/aswin/Documents/data-engineering-practice/ETL_Airflow_DBT/airflow/airflow_env/lib/python3.11/site-packages/airflow/example_dags/example_skip_dag.py
[2026-04-01T15:56:21.238+0530] {processor.py:840} INFO - DAG(s) 'example_skip_dag' retrieved from /Users/aswin/Documents/data-engineering-practice/ETL_Airflow_DBT/airflow/airflow_env/lib/python3.11/site-packages/airflow/example_dags/example_skip_dag.py
[2026-04-01T15:56:21.298+0530] {logging_mixin.py:188} INFO - [2026-04-01T15:56:21.297+0530] {dag.py:3096} INFO - Sync 1 DAGs
[2026-04-01T15:56:21.310+0530] {logging_mixin.py:188} INFO - [2026-04-01T15:56:21.310+0530] {dag.py:3954} INFO - Setting next_dagrun for example_skip_dag to 2026-03-31 00:00:00+00:00, run_after=2026-04-01 00:00:00+00:00
[2026-04-01T15:56:21.318+0530] {processor.py:183} INFO - Processing /Users/aswin/Documents/data-engineering-practice/ETL_Airflow_DBT/airflow/airflow_env/lib/python3.11/site-packages/airflow/example_dags/example_skip_dag.py took 0.084 seconds
[2026-04-01T15:57:53.271+0530] {processor.py:161} INFO - Started process (PID=93338) to work on /Users/aswin/Documents/data-engineering-practice/ETL_Airflow_DBT/airflow/airflow_env/lib/python3.11/site-packages/airflow/example_dags/example_skip_dag.py
[2026-04-01T15:57:53.272+0530] {processor.py:830} INFO - Processing file /Users/aswin/Documents/data-engineering-practice/ETL_Airflow_DBT/airflow/airflow_env/lib/python3.11/site-packages/airflow/example_dags/example_skip_dag.py for tasks to queue
[2026-04-01T15:57:53.272+0530] {logging_mixin.py:188} INFO - [2026-04-01T15:57:53.272+0530] {dagbag.py:540} INFO - Filling up the DagBag from /Users/aswin/Documents/data-engineering-practice/ETL_Airflow_DBT/airflow/airflow_env/lib/python3.11/site-packages/airflow/example_dags/example_skip_dag.py
[2026-04-01T15:57:53.275+0530] {processor.py:840} INFO - DAG(s) 'example_skip_dag' retrieved from /Users/aswin/Documents/data-engineering-practice/ETL_Airflow_DBT/airflow/airflow_env/lib/python3.11/site-packages/airflow/example_dags/example_skip_dag.py
[2026-04-01T15:57:53.333+0530] {logging_mixin.py:188} INFO - [2026-04-01T15:57:53.333+0530] {dag.py:3096} INFO - Sync 1 DAGs
[2026-04-01T15:57:53.346+0530] {logging_mixin.py:188} INFO - [2026-04-01T15:57:53.346+0530] {dag.py:3954} INFO - Setting next_dagrun for example_skip_dag to 2026-03-31 00:00:00+00:00, run_after=2026-04-01 00:00:00+00:00
[2026-04-01T15:57:53.355+0530] {processor.py:183} INFO - Processing /Users/aswin/Documents/data-engineering-practice/ETL_Airflow_DBT/airflow/airflow_env/lib/python3.11/site-packages/airflow/example_dags/example_skip_dag.py took 0.084 seconds
[2026-04-01T15:58:57.976+0530] {processor.py:161} INFO - Started process (PID=93426) to work on /Users/aswin/Documents/data-engineering-practice/ETL_Airflow_DBT/airflow/airflow_env/lib/python3.11/site-packages/airflow/example_dags/example_skip_dag.py
[2026-04-01T15:58:57.976+0530] {processor.py:830} INFO - Processing file /Users/aswin/Documents/data-engineering-practice/ETL_Airflow_DBT/airflow/airflow_env/lib/python3.11/site-packages/airflow/example_dags/example_skip_dag.py for tasks to queue
[2026-04-01T15:58:57.976+0530] {logging_mixin.py:188} INFO - [2026-04-01T15:58:57.976+0530] {dagbag.py:540} INFO - Filling up the DagBag from /Users/aswin/Documents/data-engineering-practice/ETL_Airflow_DBT/airflow/airflow_env/lib/python3.11/site-packages/airflow/example_dags/example_skip_dag.py
[2026-04-01T15:58:57.979+0530] {processor.py:840} INFO - DAG(s) 'example_skip_dag' retrieved from /Users/aswin/Documents/data-engineering-practice/ETL_Airflow_DBT/airflow/airflow_env/lib/python3.11/site-packages/airflow/example_dags/example_skip_dag.py
[2026-04-01T15:58:58.036+0530] {logging_mixin.py:188} INFO - [2026-04-01T15:58:58.036+0530] {dag.py:3096} INFO - Sync 1 DAGs
[2026-04-01T15:58:58.055+0530] {logging_mixin.py:188} INFO - [2026-04-01T15:58:58.054+0530] {dag.py:3954} INFO - Setting next_dagrun for example_skip_dag to 2026-03-31 00:00:00+00:00, run_after=2026-04-01 00:00:00+00:00
[2026-04-01T15:58:58.062+0530] {processor.py:183} INFO - Processing /Users/aswin/Documents/data-engineering-practice/ETL_Airflow_DBT/airflow/airflow_env/lib/python3.11/site-packages/airflow/example_dags/example_skip_dag.py took 0.087 seconds
[2026-04-01T16:21:48.296+0530] {processor.py:161} INFO - Started process (PID=93521) to work on /Users/aswin/Documents/data-engineering-practice/ETL_Airflow_DBT/airflow/airflow_env/lib/python3.11/site-packages/airflow/example_dags/example_skip_dag.py
[2026-04-01T16:21:48.298+0530] {processor.py:830} INFO - Processing file /Users/aswin/Documents/data-engineering-practice/ETL_Airflow_DBT/airflow/airflow_env/lib/python3.11/site-packages/airflow/example_dags/example_skip_dag.py for tasks to queue
[2026-04-01T16:21:48.298+0530] {logging_mixin.py:188} INFO - [2026-04-01T16:21:48.298+0530] {dagbag.py:540} INFO - Filling up the DagBag from /Users/aswin/Documents/data-engineering-practice/ETL_Airflow_DBT/airflow/airflow_env/lib/python3.11/site-packages/airflow/example_dags/example_skip_dag.py
[2026-04-01T16:21:48.300+0530] {processor.py:840} INFO - DAG(s) 'example_skip_dag' retrieved from /Users/aswin/Documents/data-engineering-practice/ETL_Airflow_DBT/airflow/airflow_env/lib/python3.11/site-packages/airflow/example_dags/example_skip_dag.py
[2026-04-01T16:21:48.353+0530] {logging_mixin.py:188} INFO - [2026-04-01T16:21:48.353+0530] {dag.py:3096} INFO - Sync 1 DAGs
[2026-04-01T16:21:48.366+0530] {logging_mixin.py:188} INFO - [2026-04-01T16:21:48.366+0530] {dag.py:3954} INFO - Setting next_dagrun for example_skip_dag to 2026-03-31 00:00:00+00:00, run_after=2026-04-01 00:00:00+00:00
[2026-04-01T16:21:48.376+0530] {processor.py:183} INFO - Processing /Users/aswin/Documents/data-engineering-practice/ETL_Airflow_DBT/airflow/airflow_env/lib/python3.11/site-packages/airflow/example_dags/example_skip_dag.py took 0.080 seconds
[2026-04-01T16:37:44.292+0530] {processor.py:161} INFO - Started process (PID=93637) to work on /Users/aswin/Documents/data-engineering-practice/ETL_Airflow_DBT/airflow/airflow_env/lib/python3.11/site-packages/airflow/example_dags/example_skip_dag.py
[2026-04-01T16:37:44.293+0530] {processor.py:830} INFO - Processing file /Users/aswin/Documents/data-engineering-practice/ETL_Airflow_DBT/airflow/airflow_env/lib/python3.11/site-packages/airflow/example_dags/example_skip_dag.py for tasks to queue
[2026-04-01T16:37:44.294+0530] {logging_mixin.py:188} INFO - [2026-04-01T16:37:44.294+0530] {dagbag.py:540} INFO - Filling up the DagBag from /Users/aswin/Documents/data-engineering-practice/ETL_Airflow_DBT/airflow/airflow_env/lib/python3.11/site-packages/airflow/example_dags/example_skip_dag.py
[2026-04-01T16:37:44.296+0530] {processor.py:840} INFO - DAG(s) 'example_skip_dag' retrieved from /Users/aswin/Documents/data-engineering-practice/ETL_Airflow_DBT/airflow/airflow_env/lib/python3.11/site-packages/airflow/example_dags/example_skip_dag.py
[2026-04-01T16:37:44.348+0530] {logging_mixin.py:188} INFO - [2026-04-01T16:37:44.347+0530] {dag.py:3096} INFO - Sync 1 DAGs
[2026-04-01T16:37:44.360+0530] {logging_mixin.py:188} INFO - [2026-04-01T16:37:44.360+0530] {dag.py:3954} INFO - Setting next_dagrun for example_skip_dag to 2026-03-31 00:00:00+00:00, run_after=2026-04-01 00:00:00+00:00
[2026-04-01T16:37:44.370+0530] {processor.py:183} INFO - Processing /Users/aswin/Documents/data-engineering-practice/ETL_Airflow_DBT/airflow/airflow_env/lib/python3.11/site-packages/airflow/example_dags/example_skip_dag.py took 0.079 seconds
[2026-04-01T16:39:18.109+0530] {processor.py:161} INFO - Started process (PID=93748) to work on /Users/aswin/Documents/data-engineering-practice/ETL_Airflow_DBT/airflow/airflow_env/lib/python3.11/site-packages/airflow/example_dags/example_skip_dag.py
[2026-04-01T16:39:18.109+0530] {processor.py:830} INFO - Processing file /Users/aswin/Documents/data-engineering-practice/ETL_Airflow_DBT/airflow/airflow_env/lib/python3.11/site-packages/airflow/example_dags/example_skip_dag.py for tasks to queue
[2026-04-01T16:39:18.110+0530] {logging_mixin.py:188} INFO - [2026-04-01T16:39:18.110+0530] {dagbag.py:540} INFO - Filling up the DagBag from /Users/aswin/Documents/data-engineering-practice/ETL_Airflow_DBT/airflow/airflow_env/lib/python3.11/site-packages/airflow/example_dags/example_skip_dag.py
[2026-04-01T16:39:18.113+0530] {processor.py:840} INFO - DAG(s) 'example_skip_dag' retrieved from /Users/aswin/Documents/data-engineering-practice/ETL_Airflow_DBT/airflow/airflow_env/lib/python3.11/site-packages/airflow/example_dags/example_skip_dag.py
[2026-04-01T16:39:18.167+0530] {logging_mixin.py:188} INFO - [2026-04-01T16:39:18.167+0530] {dag.py:3096} INFO - Sync 1 DAGs
[2026-04-01T16:39:18.179+0530] {logging_mixin.py:188} INFO - [2026-04-01T16:39:18.179+0530] {dag.py:3954} INFO - Setting next_dagrun for example_skip_dag to 2026-03-31 00:00:00+00:00, run_after=2026-04-01 00:00:00+00:00
[2026-04-01T16:39:18.195+0530] {processor.py:183} INFO - Processing /Users/aswin/Documents/data-engineering-practice/ETL_Airflow_DBT/airflow/airflow_env/lib/python3.11/site-packages/airflow/example_dags/example_skip_dag.py took 0.087 seconds
[2026-04-01T16:58:28.446+0530] {processor.py:161} INFO - Started process (PID=93913) to work on /Users/aswin/Documents/data-engineering-practice/ETL_Airflow_DBT/airflow/airflow_env/lib/python3.11/site-packages/airflow/example_dags/example_skip_dag.py
[2026-04-01T16:58:28.447+0530] {processor.py:830} INFO - Processing file /Users/aswin/Documents/data-engineering-practice/ETL_Airflow_DBT/airflow/airflow_env/lib/python3.11/site-packages/airflow/example_dags/example_skip_dag.py for tasks to queue
[2026-04-01T16:58:28.447+0530] {logging_mixin.py:188} INFO - [2026-04-01T16:58:28.447+0530] {dagbag.py:540} INFO - Filling up the DagBag from /Users/aswin/Documents/data-engineering-practice/ETL_Airflow_DBT/airflow/airflow_env/lib/python3.11/site-packages/airflow/example_dags/example_skip_dag.py
[2026-04-01T16:58:28.450+0530] {processor.py:840} INFO - DAG(s) 'example_skip_dag' retrieved from /Users/aswin/Documents/data-engineering-practice/ETL_Airflow_DBT/airflow/airflow_env/lib/python3.11/site-packages/airflow/example_dags/example_skip_dag.py
[2026-04-01T16:58:28.501+0530] {logging_mixin.py:188} INFO - [2026-04-01T16:58:28.501+0530] {dag.py:3096} INFO - Sync 1 DAGs
[2026-04-01T16:58:28.511+0530] {logging_mixin.py:188} INFO - [2026-04-01T16:58:28.511+0530] {dag.py:3954} INFO - Setting next_dagrun for example_skip_dag to 2026-03-31 00:00:00+00:00, run_after=2026-04-01 00:00:00+00:00
[2026-04-01T16:58:28.518+0530] {processor.py:183} INFO - Processing /Users/aswin/Documents/data-engineering-practice/ETL_Airflow_DBT/airflow/airflow_env/lib/python3.11/site-packages/airflow/example_dags/example_skip_dag.py took 0.073 seconds
[2026-04-01T16:59:33.396+0530] {processor.py:161} INFO - Started process (PID=93995) to work on /Users/aswin/Documents/data-engineering-practice/ETL_Airflow_DBT/airflow/airflow_env/lib/python3.11/site-packages/airflow/example_dags/example_skip_dag.py
[2026-04-01T16:59:33.396+0530] {processor.py:830} INFO - Processing file /Users/aswin/Documents/data-engineering-practice/ETL_Airflow_DBT/airflow/airflow_env/lib/python3.11/site-packages/airflow/example_dags/example_skip_dag.py for tasks to queue
[2026-04-01T16:59:33.396+0530] {logging_mixin.py:188} INFO - [2026-04-01T16:59:33.396+0530] {dagbag.py:540} INFO - Filling up the DagBag from /Users/aswin/Documents/data-engineering-practice/ETL_Airflow_DBT/airflow/airflow_env/lib/python3.11/site-packages/airflow/example_dags/example_skip_dag.py
[2026-04-01T16:59:33.399+0530] {processor.py:840} INFO - DAG(s) 'example_skip_dag' retrieved from /Users/aswin/Documents/data-engineering-practice/ETL_Airflow_DBT/airflow/airflow_env/lib/python3.11/site-packages/airflow/example_dags/example_skip_dag.py
[2026-04-01T16:59:33.450+0530] {logging_mixin.py:188} INFO - [2026-04-01T16:59:33.450+0530] {dag.py:3096} INFO - Sync 1 DAGs
[2026-04-01T16:59:33.463+0530] {logging_mixin.py:188} INFO - [2026-04-01T16:59:33.463+0530] {dag.py:3954} INFO - Setting next_dagrun for example_skip_dag to 2026-03-31 00:00:00+00:00, run_after=2026-04-01 00:00:00+00:00
[2026-04-01T16:59:33.474+0530] {processor.py:183} INFO - Processing /Users/aswin/Documents/data-engineering-practice/ETL_Airflow_DBT/airflow/airflow_env/lib/python3.11/site-packages/airflow/example_dags/example_skip_dag.py took 0.079 seconds
[2026-04-01T17:00:37.323+0530] {processor.py:161} INFO - Started process (PID=94072) to work on /Users/aswin/Documents/data-engineering-practice/ETL_Airflow_DBT/airflow/airflow_env/lib/python3.11/site-packages/airflow/example_dags/example_skip_dag.py
[2026-04-01T17:00:37.323+0530] {processor.py:830} INFO - Processing file /Users/aswin/Documents/data-engineering-practice/ETL_Airflow_DBT/airflow/airflow_env/lib/python3.11/site-packages/airflow/example_dags/example_skip_dag.py for tasks to queue
[2026-04-01T17:00:37.323+0530] {logging_mixin.py:188} INFO - [2026-04-01T17:00:37.323+0530] {dagbag.py:540} INFO - Filling up the DagBag from /Users/aswin/Documents/data-engineering-practice/ETL_Airflow_DBT/airflow/airflow_env/lib/python3.11/site-packages/airflow/example_dags/example_skip_dag.py
[2026-04-01T17:00:37.326+0530] {processor.py:840} INFO - DAG(s) 'example_skip_dag' retrieved from /Users/aswin/Documents/data-engineering-practice/ETL_Airflow_DBT/airflow/airflow_env/lib/python3.11/site-packages/airflow/example_dags/example_skip_dag.py
[2026-04-01T17:00:37.384+0530] {logging_mixin.py:188} INFO - [2026-04-01T17:00:37.384+0530] {dag.py:3096} INFO - Sync 1 DAGs
[2026-04-01T17:00:37.397+0530] {logging_mixin.py:188} INFO - [2026-04-01T17:00:37.397+0530] {dag.py:3954} INFO - Setting next_dagrun for example_skip_dag to 2026-03-31 00:00:00+00:00, run_after=2026-04-01 00:00:00+00:00
[2026-04-01T17:00:37.405+0530] {processor.py:183} INFO - Processing /Users/aswin/Documents/data-engineering-practice/ETL_Airflow_DBT/airflow/airflow_env/lib/python3.11/site-packages/airflow/example_dags/example_skip_dag.py took 0.084 seconds
[2026-04-01T17:05:46.525+0530] {processor.py:161} INFO - Started process (PID=94197) to work on /Users/aswin/Documents/data-engineering-practice/ETL_Airflow_DBT/airflow/airflow_env/lib/python3.11/site-packages/airflow/example_dags/example_skip_dag.py
[2026-04-01T17:05:46.527+0530] {processor.py:830} INFO - Processing file /Users/aswin/Documents/data-engineering-practice/ETL_Airflow_DBT/airflow/airflow_env/lib/python3.11/site-packages/airflow/example_dags/example_skip_dag.py for tasks to queue
[2026-04-01T17:05:46.527+0530] {logging_mixin.py:188} INFO - [2026-04-01T17:05:46.527+0530] {dagbag.py:540} INFO - Filling up the DagBag from /Users/aswin/Documents/data-engineering-practice/ETL_Airflow_DBT/airflow/airflow_env/lib/python3.11/site-packages/airflow/example_dags/example_skip_dag.py
[2026-04-01T17:05:46.530+0530] {processor.py:840} INFO - DAG(s) 'example_skip_dag' retrieved from /Users/aswin/Documents/data-engineering-practice/ETL_Airflow_DBT/airflow/airflow_env/lib/python3.11/site-packages/airflow/example_dags/example_skip_dag.py
[2026-04-01T17:05:46.582+0530] {logging_mixin.py:188} INFO - [2026-04-01T17:05:46.582+0530] {dag.py:3096} INFO - Sync 1 DAGs
[2026-04-01T17:05:46.595+0530] {logging_mixin.py:188} INFO - [2026-04-01T17:05:46.595+0530] {dag.py:3954} INFO - Setting next_dagrun for example_skip_dag to 2026-03-31 00:00:00+00:00, run_after=2026-04-01 00:00:00+00:00
[2026-04-01T17:05:46.605+0530] {processor.py:183} INFO - Processing /Users/aswin/Documents/data-engineering-practice/ETL_Airflow_DBT/airflow/airflow_env/lib/python3.11/site-packages/airflow/example_dags/example_skip_dag.py took 0.080 seconds
[2026-04-01T17:21:51.778+0530] {processor.py:161} INFO - Started process (PID=94282) to work on /Users/aswin/Documents/data-engineering-practice/ETL_Airflow_DBT/airflow/airflow_env/lib/python3.11/site-packages/airflow/example_dags/example_skip_dag.py
[2026-04-01T17:21:51.779+0530] {processor.py:830} INFO - Processing file /Users/aswin/Documents/data-engineering-practice/ETL_Airflow_DBT/airflow/airflow_env/lib/python3.11/site-packages/airflow/example_dags/example_skip_dag.py for tasks to queue
[2026-04-01T17:21:51.779+0530] {logging_mixin.py:188} INFO - [2026-04-01T17:21:51.779+0530] {dagbag.py:540} INFO - Filling up the DagBag from /Users/aswin/Documents/data-engineering-practice/ETL_Airflow_DBT/airflow/airflow_env/lib/python3.11/site-packages/airflow/example_dags/example_skip_dag.py
[2026-04-01T17:21:51.782+0530] {processor.py:840} INFO - DAG(s) 'example_skip_dag' retrieved from /Users/aswin/Documents/data-engineering-practice/ETL_Airflow_DBT/airflow/airflow_env/lib/python3.11/site-packages/airflow/example_dags/example_skip_dag.py
[2026-04-01T17:21:51.833+0530] {logging_mixin.py:188} INFO - [2026-04-01T17:21:51.833+0530] {dag.py:3096} INFO - Sync 1 DAGs
[2026-04-01T17:21:51.845+0530] {logging_mixin.py:188} INFO - [2026-04-01T17:21:51.845+0530] {dag.py:3954} INFO - Setting next_dagrun for example_skip_dag to 2026-03-31 00:00:00+00:00, run_after=2026-04-01 00:00:00+00:00
[2026-04-01T17:21:51.855+0530] {processor.py:183} INFO - Processing /Users/aswin/Documents/data-engineering-practice/ETL_Airflow_DBT/airflow/airflow_env/lib/python3.11/site-packages/airflow/example_dags/example_skip_dag.py took 0.078 seconds
[2026-04-01T17:22:56.226+0530] {processor.py:161} INFO - Started process (PID=94377) to work on /Users/aswin/Documents/data-engineering-practice/ETL_Airflow_DBT/airflow/airflow_env/lib/python3.11/site-packages/airflow/example_dags/example_skip_dag.py
[2026-04-01T17:22:56.228+0530] {processor.py:830} INFO - Processing file /Users/aswin/Documents/data-engineering-practice/ETL_Airflow_DBT/airflow/airflow_env/lib/python3.11/site-packages/airflow/example_dags/example_skip_dag.py for tasks to queue
[2026-04-01T17:22:56.228+0530] {logging_mixin.py:188} INFO - [2026-04-01T17:22:56.228+0530] {dagbag.py:540} INFO - Filling up the DagBag from /Users/aswin/Documents/data-engineering-practice/ETL_Airflow_DBT/airflow/airflow_env/lib/python3.11/site-packages/airflow/example_dags/example_skip_dag.py
[2026-04-01T17:22:56.231+0530] {processor.py:840} INFO - DAG(s) 'example_skip_dag' retrieved from /Users/aswin/Documents/data-engineering-practice/ETL_Airflow_DBT/airflow/airflow_env/lib/python3.11/site-packages/airflow/example_dags/example_skip_dag.py
[2026-04-01T17:22:56.294+0530] {logging_mixin.py:188} INFO - [2026-04-01T17:22:56.293+0530] {dag.py:3096} INFO - Sync 1 DAGs
[2026-04-01T17:22:56.306+0530] {logging_mixin.py:188} INFO - [2026-04-01T17:22:56.306+0530] {dag.py:3954} INFO - Setting next_dagrun for example_skip_dag to 2026-03-31 00:00:00+00:00, run_after=2026-04-01 00:00:00+00:00
[2026-04-01T17:22:56.314+0530] {processor.py:183} INFO - Processing /Users/aswin/Documents/data-engineering-practice/ETL_Airflow_DBT/airflow/airflow_env/lib/python3.11/site-packages/airflow/example_dags/example_skip_dag.py took 0.089 seconds
[2026-04-01T17:24:00.550+0530] {processor.py:161} INFO - Started process (PID=94456) to work on /Users/aswin/Documents/data-engineering-practice/ETL_Airflow_DBT/airflow/airflow_env/lib/python3.11/site-packages/airflow/example_dags/example_skip_dag.py
[2026-04-01T17:24:00.550+0530] {processor.py:830} INFO - Processing file /Users/aswin/Documents/data-engineering-practice/ETL_Airflow_DBT/airflow/airflow_env/lib/python3.11/site-packages/airflow/example_dags/example_skip_dag.py for tasks to queue
[2026-04-01T17:24:00.551+0530] {logging_mixin.py:188} INFO - [2026-04-01T17:24:00.551+0530] {dagbag.py:540} INFO - Filling up the DagBag from /Users/aswin/Documents/data-engineering-practice/ETL_Airflow_DBT/airflow/airflow_env/lib/python3.11/site-packages/airflow/example_dags/example_skip_dag.py
[2026-04-01T17:24:00.554+0530] {processor.py:840} INFO - DAG(s) 'example_skip_dag' retrieved from /Users/aswin/Documents/data-engineering-practice/ETL_Airflow_DBT/airflow/airflow_env/lib/python3.11/site-packages/airflow/example_dags/example_skip_dag.py
[2026-04-01T17:24:00.607+0530] {logging_mixin.py:188} INFO - [2026-04-01T17:24:00.606+0530] {dag.py:3096} INFO - Sync 1 DAGs
[2026-04-01T17:24:00.619+0530] {logging_mixin.py:188} INFO - [2026-04-01T17:24:00.619+0530] {dag.py:3954} INFO - Setting next_dagrun for example_skip_dag to 2026-03-31 00:00:00+00:00, run_after=2026-04-01 00:00:00+00:00
[2026-04-01T17:24:00.630+0530] {processor.py:183} INFO - Processing /Users/aswin/Documents/data-engineering-practice/ETL_Airflow_DBT/airflow/airflow_env/lib/python3.11/site-packages/airflow/example_dags/example_skip_dag.py took 0.081 seconds
[2026-04-01T17:40:38.034+0530] {processor.py:161} INFO - Started process (PID=94546) to work on /Users/aswin/Documents/data-engineering-practice/ETL_Airflow_DBT/airflow/airflow_env/lib/python3.11/site-packages/airflow/example_dags/example_skip_dag.py
[2026-04-01T17:40:38.035+0530] {processor.py:830} INFO - Processing file /Users/aswin/Documents/data-engineering-practice/ETL_Airflow_DBT/airflow/airflow_env/lib/python3.11/site-packages/airflow/example_dags/example_skip_dag.py for tasks to queue
[2026-04-01T17:40:38.036+0530] {logging_mixin.py:188} INFO - [2026-04-01T17:40:38.035+0530] {dagbag.py:540} INFO - Filling up the DagBag from /Users/aswin/Documents/data-engineering-practice/ETL_Airflow_DBT/airflow/airflow_env/lib/python3.11/site-packages/airflow/example_dags/example_skip_dag.py
[2026-04-01T17:40:38.040+0530] {processor.py:840} INFO - DAG(s) 'example_skip_dag' retrieved from /Users/aswin/Documents/data-engineering-practice/ETL_Airflow_DBT/airflow/airflow_env/lib/python3.11/site-packages/airflow/example_dags/example_skip_dag.py
[2026-04-01T17:40:38.108+0530] {logging_mixin.py:188} INFO - [2026-04-01T17:40:38.108+0530] {dag.py:3096} INFO - Sync 1 DAGs
[2026-04-01T17:40:38.118+0530] {logging_mixin.py:188} INFO - [2026-04-01T17:40:38.118+0530] {dag.py:3954} INFO - Setting next_dagrun for example_skip_dag to 2026-03-31 00:00:00+00:00, run_after=2026-04-01 00:00:00+00:00
[2026-04-01T17:40:38.127+0530] {processor.py:183} INFO - Processing /Users/aswin/Documents/data-engineering-practice/ETL_Airflow_DBT/airflow/airflow_env/lib/python3.11/site-packages/airflow/example_dags/example_skip_dag.py took 0.094 seconds
[2026-04-01T17:42:20.144+0530] {processor.py:161} INFO - Started process (PID=94698) to work on /Users/aswin/Documents/data-engineering-practice/ETL_Airflow_DBT/airflow/airflow_env/lib/python3.11/site-packages/airflow/example_dags/example_skip_dag.py
[2026-04-01T17:42:20.145+0530] {processor.py:830} INFO - Processing file /Users/aswin/Documents/data-engineering-practice/ETL_Airflow_DBT/airflow/airflow_env/lib/python3.11/site-packages/airflow/example_dags/example_skip_dag.py for tasks to queue
[2026-04-01T17:42:20.145+0530] {logging_mixin.py:188} INFO - [2026-04-01T17:42:20.145+0530] {dagbag.py:540} INFO - Filling up the DagBag from /Users/aswin/Documents/data-engineering-practice/ETL_Airflow_DBT/airflow/airflow_env/lib/python3.11/site-packages/airflow/example_dags/example_skip_dag.py
[2026-04-01T17:42:20.148+0530] {processor.py:840} INFO - DAG(s) 'example_skip_dag' retrieved from /Users/aswin/Documents/data-engineering-practice/ETL_Airflow_DBT/airflow/airflow_env/lib/python3.11/site-packages/airflow/example_dags/example_skip_dag.py
[2026-04-01T17:42:20.201+0530] {logging_mixin.py:188} INFO - [2026-04-01T17:42:20.201+0530] {dag.py:3096} INFO - Sync 1 DAGs
[2026-04-01T17:42:20.214+0530] {logging_mixin.py:188} INFO - [2026-04-01T17:42:20.214+0530] {dag.py:3954} INFO - Setting next_dagrun for example_skip_dag to 2026-03-31 00:00:00+00:00, run_after=2026-04-01 00:00:00+00:00
[2026-04-01T17:42:20.224+0530] {processor.py:183} INFO - Processing /Users/aswin/Documents/data-engineering-practice/ETL_Airflow_DBT/airflow/airflow_env/lib/python3.11/site-packages/airflow/example_dags/example_skip_dag.py took 0.081 seconds
[2026-04-01T18:00:50.667+0530] {processor.py:161} INFO - Started process (PID=94792) to work on /Users/aswin/Documents/data-engineering-practice/ETL_Airflow_DBT/airflow/airflow_env/lib/python3.11/site-packages/airflow/example_dags/example_skip_dag.py
[2026-04-01T18:00:50.668+0530] {processor.py:830} INFO - Processing file /Users/aswin/Documents/data-engineering-practice/ETL_Airflow_DBT/airflow/airflow_env/lib/python3.11/site-packages/airflow/example_dags/example_skip_dag.py for tasks to queue
[2026-04-01T18:00:50.668+0530] {logging_mixin.py:188} INFO - [2026-04-01T18:00:50.668+0530] {dagbag.py:540} INFO - Filling up the DagBag from /Users/aswin/Documents/data-engineering-practice/ETL_Airflow_DBT/airflow/airflow_env/lib/python3.11/site-packages/airflow/example_dags/example_skip_dag.py
[2026-04-01T18:00:50.671+0530] {processor.py:840} INFO - DAG(s) 'example_skip_dag' retrieved from /Users/aswin/Documents/data-engineering-practice/ETL_Airflow_DBT/airflow/airflow_env/lib/python3.11/site-packages/airflow/example_dags/example_skip_dag.py
[2026-04-01T18:00:50.724+0530] {logging_mixin.py:188} INFO - [2026-04-01T18:00:50.723+0530] {dag.py:3096} INFO - Sync 1 DAGs
[2026-04-01T18:00:50.736+0530] {logging_mixin.py:188} INFO - [2026-04-01T18:00:50.736+0530] {dag.py:3954} INFO - Setting next_dagrun for example_skip_dag to 2026-03-31 00:00:00+00:00, run_after=2026-04-01 00:00:00+00:00
[2026-04-01T18:00:50.746+0530] {processor.py:183} INFO - Processing /Users/aswin/Documents/data-engineering-practice/ETL_Airflow_DBT/airflow/airflow_env/lib/python3.11/site-packages/airflow/example_dags/example_skip_dag.py took 0.081 seconds
[2026-04-01T18:01:55.983+0530] {processor.py:161} INFO - Started process (PID=94877) to work on /Users/aswin/Documents/data-engineering-practice/ETL_Airflow_DBT/airflow/airflow_env/lib/python3.11/site-packages/airflow/example_dags/example_skip_dag.py
[2026-04-01T18:01:55.984+0530] {processor.py:830} INFO - Processing file /Users/aswin/Documents/data-engineering-practice/ETL_Airflow_DBT/airflow/airflow_env/lib/python3.11/site-packages/airflow/example_dags/example_skip_dag.py for tasks to queue
[2026-04-01T18:01:55.984+0530] {logging_mixin.py:188} INFO - [2026-04-01T18:01:55.984+0530] {dagbag.py:540} INFO - Filling up the DagBag from /Users/aswin/Documents/data-engineering-practice/ETL_Airflow_DBT/airflow/airflow_env/lib/python3.11/site-packages/airflow/example_dags/example_skip_dag.py
[2026-04-01T18:01:55.986+0530] {processor.py:840} INFO - DAG(s) 'example_skip_dag' retrieved from /Users/aswin/Documents/data-engineering-practice/ETL_Airflow_DBT/airflow/airflow_env/lib/python3.11/site-packages/airflow/example_dags/example_skip_dag.py
[2026-04-01T18:01:56.037+0530] {logging_mixin.py:188} INFO - [2026-04-01T18:01:56.037+0530] {dag.py:3096} INFO - Sync 1 DAGs
[2026-04-01T18:01:56.049+0530] {logging_mixin.py:188} INFO - [2026-04-01T18:01:56.049+0530] {dag.py:3954} INFO - Setting next_dagrun for example_skip_dag to 2026-03-31 00:00:00+00:00, run_after=2026-04-01 00:00:00+00:00
[2026-04-01T18:01:56.059+0530] {processor.py:183} INFO - Processing /Users/aswin/Documents/data-engineering-practice/ETL_Airflow_DBT/airflow/airflow_env/lib/python3.11/site-packages/airflow/example_dags/example_skip_dag.py took 0.078 seconds
[2026-04-01T18:02:59.449+0530] {processor.py:161} INFO - Started process (PID=94953) to work on /Users/aswin/Documents/data-engineering-practice/ETL_Airflow_DBT/airflow/airflow_env/lib/python3.11/site-packages/airflow/example_dags/example_skip_dag.py
[2026-04-01T18:02:59.450+0530] {processor.py:830} INFO - Processing file /Users/aswin/Documents/data-engineering-practice/ETL_Airflow_DBT/airflow/airflow_env/lib/python3.11/site-packages/airflow/example_dags/example_skip_dag.py for tasks to queue
[2026-04-01T18:02:59.450+0530] {logging_mixin.py:188} INFO - [2026-04-01T18:02:59.450+0530] {dagbag.py:540} INFO - Filling up the DagBag from /Users/aswin/Documents/data-engineering-practice/ETL_Airflow_DBT/airflow/airflow_env/lib/python3.11/site-packages/airflow/example_dags/example_skip_dag.py
[2026-04-01T18:02:59.453+0530] {processor.py:840} INFO - DAG(s) 'example_skip_dag' retrieved from /Users/aswin/Documents/data-engineering-practice/ETL_Airflow_DBT/airflow/airflow_env/lib/python3.11/site-packages/airflow/example_dags/example_skip_dag.py
[2026-04-01T18:02:59.507+0530] {logging_mixin.py:188} INFO - [2026-04-01T18:02:59.507+0530] {dag.py:3096} INFO - Sync 1 DAGs
[2026-04-01T18:02:59.520+0530] {logging_mixin.py:188} INFO - [2026-04-01T18:02:59.520+0530] {dag.py:3954} INFO - Setting next_dagrun for example_skip_dag to 2026-03-31 00:00:00+00:00, run_after=2026-04-01 00:00:00+00:00
[2026-04-01T18:02:59.530+0530] {processor.py:183} INFO - Processing /Users/aswin/Documents/data-engineering-practice/ETL_Airflow_DBT/airflow/airflow_env/lib/python3.11/site-packages/airflow/example_dags/example_skip_dag.py took 0.082 seconds
[2026-04-01T18:04:03.450+0530] {processor.py:161} INFO - Started process (PID=95033) to work on /Users/aswin/Documents/data-engineering-practice/ETL_Airflow_DBT/airflow/airflow_env/lib/python3.11/site-packages/airflow/example_dags/example_skip_dag.py
[2026-04-01T18:04:03.450+0530] {processor.py:830} INFO - Processing file /Users/aswin/Documents/data-engineering-practice/ETL_Airflow_DBT/airflow/airflow_env/lib/python3.11/site-packages/airflow/example_dags/example_skip_dag.py for tasks to queue
[2026-04-01T18:04:03.450+0530] {logging_mixin.py:188} INFO - [2026-04-01T18:04:03.450+0530] {dagbag.py:540} INFO - Filling up the DagBag from /Users/aswin/Documents/data-engineering-practice/ETL_Airflow_DBT/airflow/airflow_env/lib/python3.11/site-packages/airflow/example_dags/example_skip_dag.py
[2026-04-01T18:04:03.453+0530] {processor.py:840} INFO - DAG(s) 'example_skip_dag' retrieved from /Users/aswin/Documents/data-engineering-practice/ETL_Airflow_DBT/airflow/airflow_env/lib/python3.11/site-packages/airflow/example_dags/example_skip_dag.py
[2026-04-01T18:04:03.514+0530] {logging_mixin.py:188} INFO - [2026-04-01T18:04:03.514+0530] {dag.py:3096} INFO - Sync 1 DAGs
[2026-04-01T18:04:03.525+0530] {logging_mixin.py:188} INFO - [2026-04-01T18:04:03.525+0530] {dag.py:3954} INFO - Setting next_dagrun for example_skip_dag to 2026-03-31 00:00:00+00:00, run_after=2026-04-01 00:00:00+00:00
[2026-04-01T18:04:03.533+0530] {processor.py:183} INFO - Processing /Users/aswin/Documents/data-engineering-practice/ETL_Airflow_DBT/airflow/airflow_env/lib/python3.11/site-packages/airflow/example_dags/example_skip_dag.py took 0.085 seconds
[2026-04-01T18:21:24.311+0530] {processor.py:161} INFO - Started process (PID=95115) to work on /Users/aswin/Documents/data-engineering-practice/ETL_Airflow_DBT/airflow/airflow_env/lib/python3.11/site-packages/airflow/example_dags/example_skip_dag.py
[2026-04-01T18:21:24.312+0530] {processor.py:830} INFO - Processing file /Users/aswin/Documents/data-engineering-practice/ETL_Airflow_DBT/airflow/airflow_env/lib/python3.11/site-packages/airflow/example_dags/example_skip_dag.py for tasks to queue
[2026-04-01T18:21:24.312+0530] {logging_mixin.py:188} INFO - [2026-04-01T18:21:24.312+0530] {dagbag.py:540} INFO - Filling up the DagBag from /Users/aswin/Documents/data-engineering-practice/ETL_Airflow_DBT/airflow/airflow_env/lib/python3.11/site-packages/airflow/example_dags/example_skip_dag.py
[2026-04-01T18:21:24.315+0530] {processor.py:840} INFO - DAG(s) 'example_skip_dag' retrieved from /Users/aswin/Documents/data-engineering-practice/ETL_Airflow_DBT/airflow/airflow_env/lib/python3.11/site-packages/airflow/example_dags/example_skip_dag.py
[2026-04-01T18:21:24.367+0530] {logging_mixin.py:188} INFO - [2026-04-01T18:21:24.366+0530] {dag.py:3096} INFO - Sync 1 DAGs
[2026-04-01T18:21:24.379+0530] {logging_mixin.py:188} INFO - [2026-04-01T18:21:24.379+0530] {dag.py:3954} INFO - Setting next_dagrun for example_skip_dag to 2026-03-31 00:00:00+00:00, run_after=2026-04-01 00:00:00+00:00
[2026-04-01T18:21:24.389+0530] {processor.py:183} INFO - Processing /Users/aswin/Documents/data-engineering-practice/ETL_Airflow_DBT/airflow/airflow_env/lib/python3.11/site-packages/airflow/example_dags/example_skip_dag.py took 0.079 seconds
[2026-04-01T18:23:08.382+0530] {processor.py:161} INFO - Started process (PID=95301) to work on /Users/aswin/Documents/data-engineering-practice/ETL_Airflow_DBT/airflow/airflow_env/lib/python3.11/site-packages/airflow/example_dags/example_skip_dag.py
[2026-04-01T18:23:08.382+0530] {processor.py:830} INFO - Processing file /Users/aswin/Documents/data-engineering-practice/ETL_Airflow_DBT/airflow/airflow_env/lib/python3.11/site-packages/airflow/example_dags/example_skip_dag.py for tasks to queue
[2026-04-01T18:23:08.383+0530] {logging_mixin.py:188} INFO - [2026-04-01T18:23:08.383+0530] {dagbag.py:540} INFO - Filling up the DagBag from /Users/aswin/Documents/data-engineering-practice/ETL_Airflow_DBT/airflow/airflow_env/lib/python3.11/site-packages/airflow/example_dags/example_skip_dag.py
[2026-04-01T18:23:08.387+0530] {processor.py:840} INFO - DAG(s) 'example_skip_dag' retrieved from /Users/aswin/Documents/data-engineering-practice/ETL_Airflow_DBT/airflow/airflow_env/lib/python3.11/site-packages/airflow/example_dags/example_skip_dag.py
[2026-04-01T18:23:08.446+0530] {logging_mixin.py:188} INFO - [2026-04-01T18:23:08.445+0530] {dag.py:3096} INFO - Sync 1 DAGs
[2026-04-01T18:23:08.456+0530] {logging_mixin.py:188} INFO - [2026-04-01T18:23:08.456+0530] {dag.py:3954} INFO - Setting next_dagrun for example_skip_dag to 2026-03-31 00:00:00+00:00, run_after=2026-04-01 00:00:00+00:00
[2026-04-01T18:23:08.465+0530] {processor.py:183} INFO - Processing /Users/aswin/Documents/data-engineering-practice/ETL_Airflow_DBT/airflow/airflow_env/lib/python3.11/site-packages/airflow/example_dags/example_skip_dag.py took 0.084 seconds
[2026-04-01T18:41:06.937+0530] {processor.py:161} INFO - Started process (PID=95396) to work on /Users/aswin/Documents/data-engineering-practice/ETL_Airflow_DBT/airflow/airflow_env/lib/python3.11/site-packages/airflow/example_dags/example_skip_dag.py
[2026-04-01T18:41:06.938+0530] {processor.py:830} INFO - Processing file /Users/aswin/Documents/data-engineering-practice/ETL_Airflow_DBT/airflow/airflow_env/lib/python3.11/site-packages/airflow/example_dags/example_skip_dag.py for tasks to queue
[2026-04-01T18:41:06.938+0530] {logging_mixin.py:188} INFO - [2026-04-01T18:41:06.938+0530] {dagbag.py:540} INFO - Filling up the DagBag from /Users/aswin/Documents/data-engineering-practice/ETL_Airflow_DBT/airflow/airflow_env/lib/python3.11/site-packages/airflow/example_dags/example_skip_dag.py
[2026-04-01T18:41:06.941+0530] {processor.py:840} INFO - DAG(s) 'example_skip_dag' retrieved from /Users/aswin/Documents/data-engineering-practice/ETL_Airflow_DBT/airflow/airflow_env/lib/python3.11/site-packages/airflow/example_dags/example_skip_dag.py
[2026-04-01T18:41:06.990+0530] {logging_mixin.py:188} INFO - [2026-04-01T18:41:06.990+0530] {dag.py:3096} INFO - Sync 1 DAGs
[2026-04-01T18:41:07.004+0530] {logging_mixin.py:188} INFO - [2026-04-01T18:41:07.004+0530] {dag.py:3954} INFO - Setting next_dagrun for example_skip_dag to 2026-03-31 00:00:00+00:00, run_after=2026-04-01 00:00:00+00:00
[2026-04-01T18:41:07.014+0530] {processor.py:183} INFO - Processing /Users/aswin/Documents/data-engineering-practice/ETL_Airflow_DBT/airflow/airflow_env/lib/python3.11/site-packages/airflow/example_dags/example_skip_dag.py took 0.079 seconds
[2026-04-01T18:42:10.376+0530] {processor.py:161} INFO - Started process (PID=95483) to work on /Users/aswin/Documents/data-engineering-practice/ETL_Airflow_DBT/airflow/airflow_env/lib/python3.11/site-packages/airflow/example_dags/example_skip_dag.py
[2026-04-01T18:42:10.376+0530] {processor.py:830} INFO - Processing file /Users/aswin/Documents/data-engineering-practice/ETL_Airflow_DBT/airflow/airflow_env/lib/python3.11/site-packages/airflow/example_dags/example_skip_dag.py for tasks to queue
[2026-04-01T18:42:10.377+0530] {logging_mixin.py:188} INFO - [2026-04-01T18:42:10.377+0530] {dagbag.py:540} INFO - Filling up the DagBag from /Users/aswin/Documents/data-engineering-practice/ETL_Airflow_DBT/airflow/airflow_env/lib/python3.11/site-packages/airflow/example_dags/example_skip_dag.py
[2026-04-01T18:42:10.381+0530] {processor.py:840} INFO - DAG(s) 'example_skip_dag' retrieved from /Users/aswin/Documents/data-engineering-practice/ETL_Airflow_DBT/airflow/airflow_env/lib/python3.11/site-packages/airflow/example_dags/example_skip_dag.py
[2026-04-01T18:42:10.460+0530] {logging_mixin.py:188} INFO - [2026-04-01T18:42:10.460+0530] {dag.py:3096} INFO - Sync 1 DAGs
[2026-04-01T18:42:10.476+0530] {logging_mixin.py:188} INFO - [2026-04-01T18:42:10.476+0530] {dag.py:3954} INFO - Setting next_dagrun for example_skip_dag to 2026-03-31 00:00:00+00:00, run_after=2026-04-01 00:00:00+00:00
[2026-04-01T18:42:10.484+0530] {processor.py:183} INFO - Processing /Users/aswin/Documents/data-engineering-practice/ETL_Airflow_DBT/airflow/airflow_env/lib/python3.11/site-packages/airflow/example_dags/example_skip_dag.py took 0.109 seconds
[2026-04-01T18:43:15.962+0530] {processor.py:161} INFO - Started process (PID=95565) to work on /Users/aswin/Documents/data-engineering-practice/ETL_Airflow_DBT/airflow/airflow_env/lib/python3.11/site-packages/airflow/example_dags/example_skip_dag.py
[2026-04-01T18:43:15.963+0530] {processor.py:830} INFO - Processing file /Users/aswin/Documents/data-engineering-practice/ETL_Airflow_DBT/airflow/airflow_env/lib/python3.11/site-packages/airflow/example_dags/example_skip_dag.py for tasks to queue
[2026-04-01T18:43:15.964+0530] {logging_mixin.py:188} INFO - [2026-04-01T18:43:15.964+0530] {dagbag.py:540} INFO - Filling up the DagBag from /Users/aswin/Documents/data-engineering-practice/ETL_Airflow_DBT/airflow/airflow_env/lib/python3.11/site-packages/airflow/example_dags/example_skip_dag.py
[2026-04-01T18:43:15.966+0530] {processor.py:840} INFO - DAG(s) 'example_skip_dag' retrieved from /Users/aswin/Documents/data-engineering-practice/ETL_Airflow_DBT/airflow/airflow_env/lib/python3.11/site-packages/airflow/example_dags/example_skip_dag.py
[2026-04-01T18:43:16.017+0530] {logging_mixin.py:188} INFO - [2026-04-01T18:43:16.017+0530] {dag.py:3096} INFO - Sync 1 DAGs
[2026-04-01T18:43:16.029+0530] {logging_mixin.py:188} INFO - [2026-04-01T18:43:16.029+0530] {dag.py:3954} INFO - Setting next_dagrun for example_skip_dag to 2026-03-31 00:00:00+00:00, run_after=2026-04-01 00:00:00+00:00
[2026-04-01T18:43:16.039+0530] {processor.py:183} INFO - Processing /Users/aswin/Documents/data-engineering-practice/ETL_Airflow_DBT/airflow/airflow_env/lib/python3.11/site-packages/airflow/example_dags/example_skip_dag.py took 0.078 seconds
[2026-04-01T18:44:20.698+0530] {processor.py:161} INFO - Started process (PID=95650) to work on /Users/aswin/Documents/data-engineering-practice/ETL_Airflow_DBT/airflow/airflow_env/lib/python3.11/site-packages/airflow/example_dags/example_skip_dag.py
[2026-04-01T18:44:20.699+0530] {processor.py:830} INFO - Processing file /Users/aswin/Documents/data-engineering-practice/ETL_Airflow_DBT/airflow/airflow_env/lib/python3.11/site-packages/airflow/example_dags/example_skip_dag.py for tasks to queue
[2026-04-01T18:44:20.700+0530] {logging_mixin.py:188} INFO - [2026-04-01T18:44:20.700+0530] {dagbag.py:540} INFO - Filling up the DagBag from /Users/aswin/Documents/data-engineering-practice/ETL_Airflow_DBT/airflow/airflow_env/lib/python3.11/site-packages/airflow/example_dags/example_skip_dag.py
[2026-04-01T18:44:20.703+0530] {processor.py:840} INFO - DAG(s) 'example_skip_dag' retrieved from /Users/aswin/Documents/data-engineering-practice/ETL_Airflow_DBT/airflow/airflow_env/lib/python3.11/site-packages/airflow/example_dags/example_skip_dag.py
[2026-04-01T18:44:20.762+0530] {logging_mixin.py:188} INFO - [2026-04-01T18:44:20.761+0530] {dag.py:3096} INFO - Sync 1 DAGs
[2026-04-01T18:44:20.772+0530] {logging_mixin.py:188} INFO - [2026-04-01T18:44:20.772+0530] {dag.py:3954} INFO - Setting next_dagrun for example_skip_dag to 2026-03-31 00:00:00+00:00, run_after=2026-04-01 00:00:00+00:00
[2026-04-01T18:44:20.781+0530] {processor.py:183} INFO - Processing /Users/aswin/Documents/data-engineering-practice/ETL_Airflow_DBT/airflow/airflow_env/lib/python3.11/site-packages/airflow/example_dags/example_skip_dag.py took 0.084 seconds
[2026-04-01T19:00:53.123+0530] {processor.py:161} INFO - Started process (PID=95743) to work on /Users/aswin/Documents/data-engineering-practice/ETL_Airflow_DBT/airflow/airflow_env/lib/python3.11/site-packages/airflow/example_dags/example_skip_dag.py
[2026-04-01T19:00:53.123+0530] {processor.py:830} INFO - Processing file /Users/aswin/Documents/data-engineering-practice/ETL_Airflow_DBT/airflow/airflow_env/lib/python3.11/site-packages/airflow/example_dags/example_skip_dag.py for tasks to queue
[2026-04-01T19:00:53.123+0530] {logging_mixin.py:188} INFO - [2026-04-01T19:00:53.123+0530] {dagbag.py:540} INFO - Filling up the DagBag from /Users/aswin/Documents/data-engineering-practice/ETL_Airflow_DBT/airflow/airflow_env/lib/python3.11/site-packages/airflow/example_dags/example_skip_dag.py
[2026-04-01T19:00:53.126+0530] {processor.py:840} INFO - DAG(s) 'example_skip_dag' retrieved from /Users/aswin/Documents/data-engineering-practice/ETL_Airflow_DBT/airflow/airflow_env/lib/python3.11/site-packages/airflow/example_dags/example_skip_dag.py
[2026-04-01T19:00:53.179+0530] {logging_mixin.py:188} INFO - [2026-04-01T19:00:53.178+0530] {dag.py:3096} INFO - Sync 1 DAGs
[2026-04-01T19:00:53.192+0530] {logging_mixin.py:188} INFO - [2026-04-01T19:00:53.192+0530] {dag.py:3954} INFO - Setting next_dagrun for example_skip_dag to 2026-03-31 00:00:00+00:00, run_after=2026-04-01 00:00:00+00:00
[2026-04-01T19:00:53.201+0530] {processor.py:183} INFO - Processing /Users/aswin/Documents/data-engineering-practice/ETL_Airflow_DBT/airflow/airflow_env/lib/python3.11/site-packages/airflow/example_dags/example_skip_dag.py took 0.079 seconds
[2026-04-01T19:01:57.825+0530] {processor.py:161} INFO - Started process (PID=95826) to work on /Users/aswin/Documents/data-engineering-practice/ETL_Airflow_DBT/airflow/airflow_env/lib/python3.11/site-packages/airflow/example_dags/example_skip_dag.py
[2026-04-01T19:01:57.827+0530] {processor.py:830} INFO - Processing file /Users/aswin/Documents/data-engineering-practice/ETL_Airflow_DBT/airflow/airflow_env/lib/python3.11/site-packages/airflow/example_dags/example_skip_dag.py for tasks to queue
[2026-04-01T19:01:57.827+0530] {logging_mixin.py:188} INFO - [2026-04-01T19:01:57.827+0530] {dagbag.py:540} INFO - Filling up the DagBag from /Users/aswin/Documents/data-engineering-practice/ETL_Airflow_DBT/airflow/airflow_env/lib/python3.11/site-packages/airflow/example_dags/example_skip_dag.py
[2026-04-01T19:01:57.830+0530] {processor.py:840} INFO - DAG(s) 'example_skip_dag' retrieved from /Users/aswin/Documents/data-engineering-practice/ETL_Airflow_DBT/airflow/airflow_env/lib/python3.11/site-packages/airflow/example_dags/example_skip_dag.py
[2026-04-01T19:01:57.881+0530] {logging_mixin.py:188} INFO - [2026-04-01T19:01:57.881+0530] {dag.py:3096} INFO - Sync 1 DAGs
[2026-04-01T19:01:57.893+0530] {logging_mixin.py:188} INFO - [2026-04-01T19:01:57.893+0530] {dag.py:3954} INFO - Setting next_dagrun for example_skip_dag to 2026-03-31 00:00:00+00:00, run_after=2026-04-01 00:00:00+00:00
[2026-04-01T19:01:57.904+0530] {processor.py:183} INFO - Processing /Users/aswin/Documents/data-engineering-practice/ETL_Airflow_DBT/airflow/airflow_env/lib/python3.11/site-packages/airflow/example_dags/example_skip_dag.py took 0.079 seconds
[2026-04-01T19:03:03.043+0530] {processor.py:161} INFO - Started process (PID=95909) to work on /Users/aswin/Documents/data-engineering-practice/ETL_Airflow_DBT/airflow/airflow_env/lib/python3.11/site-packages/airflow/example_dags/example_skip_dag.py
[2026-04-01T19:03:03.043+0530] {processor.py:830} INFO - Processing file /Users/aswin/Documents/data-engineering-practice/ETL_Airflow_DBT/airflow/airflow_env/lib/python3.11/site-packages/airflow/example_dags/example_skip_dag.py for tasks to queue
[2026-04-01T19:03:03.044+0530] {logging_mixin.py:188} INFO - [2026-04-01T19:03:03.044+0530] {dagbag.py:540} INFO - Filling up the DagBag from /Users/aswin/Documents/data-engineering-practice/ETL_Airflow_DBT/airflow/airflow_env/lib/python3.11/site-packages/airflow/example_dags/example_skip_dag.py
[2026-04-01T19:03:03.047+0530] {processor.py:840} INFO - DAG(s) 'example_skip_dag' retrieved from /Users/aswin/Documents/data-engineering-practice/ETL_Airflow_DBT/airflow/airflow_env/lib/python3.11/site-packages/airflow/example_dags/example_skip_dag.py
[2026-04-01T19:03:03.098+0530] {logging_mixin.py:188} INFO - [2026-04-01T19:03:03.097+0530] {dag.py:3096} INFO - Sync 1 DAGs
[2026-04-01T19:03:03.110+0530] {logging_mixin.py:188} INFO - [2026-04-01T19:03:03.110+0530] {dag.py:3954} INFO - Setting next_dagrun for example_skip_dag to 2026-03-31 00:00:00+00:00, run_after=2026-04-01 00:00:00+00:00
[2026-04-01T19:03:03.120+0530] {processor.py:183} INFO - Processing /Users/aswin/Documents/data-engineering-practice/ETL_Airflow_DBT/airflow/airflow_env/lib/python3.11/site-packages/airflow/example_dags/example_skip_dag.py took 0.078 seconds
[2026-04-01T19:20:48.027+0530] {processor.py:161} INFO - Started process (PID=95992) to work on /Users/aswin/Documents/data-engineering-practice/ETL_Airflow_DBT/airflow/airflow_env/lib/python3.11/site-packages/airflow/example_dags/example_skip_dag.py
[2026-04-01T19:20:48.028+0530] {processor.py:830} INFO - Processing file /Users/aswin/Documents/data-engineering-practice/ETL_Airflow_DBT/airflow/airflow_env/lib/python3.11/site-packages/airflow/example_dags/example_skip_dag.py for tasks to queue
[2026-04-01T19:20:48.028+0530] {logging_mixin.py:188} INFO - [2026-04-01T19:20:48.028+0530] {dagbag.py:540} INFO - Filling up the DagBag from /Users/aswin/Documents/data-engineering-practice/ETL_Airflow_DBT/airflow/airflow_env/lib/python3.11/site-packages/airflow/example_dags/example_skip_dag.py
[2026-04-01T19:20:48.031+0530] {processor.py:840} INFO - DAG(s) 'example_skip_dag' retrieved from /Users/aswin/Documents/data-engineering-practice/ETL_Airflow_DBT/airflow/airflow_env/lib/python3.11/site-packages/airflow/example_dags/example_skip_dag.py
[2026-04-01T19:20:48.082+0530] {logging_mixin.py:188} INFO - [2026-04-01T19:20:48.081+0530] {dag.py:3096} INFO - Sync 1 DAGs
[2026-04-01T19:20:48.093+0530] {logging_mixin.py:188} INFO - [2026-04-01T19:20:48.093+0530] {dag.py:3954} INFO - Setting next_dagrun for example_skip_dag to 2026-03-31 00:00:00+00:00, run_after=2026-04-01 00:00:00+00:00
[2026-04-01T19:20:48.103+0530] {processor.py:183} INFO - Processing /Users/aswin/Documents/data-engineering-practice/ETL_Airflow_DBT/airflow/airflow_env/lib/python3.11/site-packages/airflow/example_dags/example_skip_dag.py took 0.076 seconds
[2026-04-01T19:22:21.433+0530] {processor.py:161} INFO - Started process (PID=96092) to work on /Users/aswin/Documents/data-engineering-practice/ETL_Airflow_DBT/airflow/airflow_env/lib/python3.11/site-packages/airflow/example_dags/example_skip_dag.py
[2026-04-01T19:22:21.434+0530] {processor.py:830} INFO - Processing file /Users/aswin/Documents/data-engineering-practice/ETL_Airflow_DBT/airflow/airflow_env/lib/python3.11/site-packages/airflow/example_dags/example_skip_dag.py for tasks to queue
[2026-04-01T19:22:21.435+0530] {logging_mixin.py:188} INFO - [2026-04-01T19:22:21.434+0530] {dagbag.py:540} INFO - Filling up the DagBag from /Users/aswin/Documents/data-engineering-practice/ETL_Airflow_DBT/airflow/airflow_env/lib/python3.11/site-packages/airflow/example_dags/example_skip_dag.py
[2026-04-01T19:22:21.437+0530] {processor.py:840} INFO - DAG(s) 'example_skip_dag' retrieved from /Users/aswin/Documents/data-engineering-practice/ETL_Airflow_DBT/airflow/airflow_env/lib/python3.11/site-packages/airflow/example_dags/example_skip_dag.py
[2026-04-01T19:22:21.489+0530] {logging_mixin.py:188} INFO - [2026-04-01T19:22:21.489+0530] {dag.py:3096} INFO - Sync 1 DAGs
[2026-04-01T19:22:21.502+0530] {logging_mixin.py:188} INFO - [2026-04-01T19:22:21.502+0530] {dag.py:3954} INFO - Setting next_dagrun for example_skip_dag to 2026-03-31 00:00:00+00:00, run_after=2026-04-01 00:00:00+00:00
[2026-04-01T19:22:21.513+0530] {processor.py:183} INFO - Processing /Users/aswin/Documents/data-engineering-practice/ETL_Airflow_DBT/airflow/airflow_env/lib/python3.11/site-packages/airflow/example_dags/example_skip_dag.py took 0.081 seconds
[2026-04-01T19:23:26.576+0530] {processor.py:161} INFO - Started process (PID=96182) to work on /Users/aswin/Documents/data-engineering-practice/ETL_Airflow_DBT/airflow/airflow_env/lib/python3.11/site-packages/airflow/example_dags/example_skip_dag.py
[2026-04-01T19:23:26.576+0530] {processor.py:830} INFO - Processing file /Users/aswin/Documents/data-engineering-practice/ETL_Airflow_DBT/airflow/airflow_env/lib/python3.11/site-packages/airflow/example_dags/example_skip_dag.py for tasks to queue
[2026-04-01T19:23:26.577+0530] {logging_mixin.py:188} INFO - [2026-04-01T19:23:26.576+0530] {dagbag.py:540} INFO - Filling up the DagBag from /Users/aswin/Documents/data-engineering-practice/ETL_Airflow_DBT/airflow/airflow_env/lib/python3.11/site-packages/airflow/example_dags/example_skip_dag.py
[2026-04-01T19:23:26.579+0530] {processor.py:840} INFO - DAG(s) 'example_skip_dag' retrieved from /Users/aswin/Documents/data-engineering-practice/ETL_Airflow_DBT/airflow/airflow_env/lib/python3.11/site-packages/airflow/example_dags/example_skip_dag.py
[2026-04-01T19:23:26.631+0530] {logging_mixin.py:188} INFO - [2026-04-01T19:23:26.631+0530] {dag.py:3096} INFO - Sync 1 DAGs
[2026-04-01T19:23:26.644+0530] {logging_mixin.py:188} INFO - [2026-04-01T19:23:26.644+0530] {dag.py:3954} INFO - Setting next_dagrun for example_skip_dag to 2026-03-31 00:00:00+00:00, run_after=2026-04-01 00:00:00+00:00
[2026-04-01T19:23:26.654+0530] {processor.py:183} INFO - Processing /Users/aswin/Documents/data-engineering-practice/ETL_Airflow_DBT/airflow/airflow_env/lib/python3.11/site-packages/airflow/example_dags/example_skip_dag.py took 0.079 seconds
[2026-04-01T19:43:27.940+0530] {processor.py:161} INFO - Started process (PID=96407) to work on /Users/aswin/Documents/data-engineering-practice/ETL_Airflow_DBT/airflow/airflow_env/lib/python3.11/site-packages/airflow/example_dags/example_skip_dag.py
[2026-04-01T19:43:27.941+0530] {processor.py:830} INFO - Processing file /Users/aswin/Documents/data-engineering-practice/ETL_Airflow_DBT/airflow/airflow_env/lib/python3.11/site-packages/airflow/example_dags/example_skip_dag.py for tasks to queue
[2026-04-01T19:43:27.941+0530] {logging_mixin.py:188} INFO - [2026-04-01T19:43:27.941+0530] {dagbag.py:540} INFO - Filling up the DagBag from /Users/aswin/Documents/data-engineering-practice/ETL_Airflow_DBT/airflow/airflow_env/lib/python3.11/site-packages/airflow/example_dags/example_skip_dag.py
[2026-04-01T19:43:27.945+0530] {processor.py:840} INFO - DAG(s) 'example_skip_dag' retrieved from /Users/aswin/Documents/data-engineering-practice/ETL_Airflow_DBT/airflow/airflow_env/lib/python3.11/site-packages/airflow/example_dags/example_skip_dag.py
[2026-04-01T19:43:28.040+0530] {logging_mixin.py:188} INFO - [2026-04-01T19:43:28.039+0530] {dag.py:3096} INFO - Sync 1 DAGs
[2026-04-01T19:43:28.052+0530] {logging_mixin.py:188} INFO - [2026-04-01T19:43:28.052+0530] {dag.py:3954} INFO - Setting next_dagrun for example_skip_dag to 2026-03-31 00:00:00+00:00, run_after=2026-04-01 00:00:00+00:00
[2026-04-01T19:43:28.065+0530] {processor.py:183} INFO - Processing /Users/aswin/Documents/data-engineering-practice/ETL_Airflow_DBT/airflow/airflow_env/lib/python3.11/site-packages/airflow/example_dags/example_skip_dag.py took 0.126 seconds
[2026-04-01T19:44:37.859+0530] {processor.py:161} INFO - Started process (PID=96528) to work on /Users/aswin/Documents/data-engineering-practice/ETL_Airflow_DBT/airflow/airflow_env/lib/python3.11/site-packages/airflow/example_dags/example_skip_dag.py
[2026-04-01T19:44:37.860+0530] {processor.py:830} INFO - Processing file /Users/aswin/Documents/data-engineering-practice/ETL_Airflow_DBT/airflow/airflow_env/lib/python3.11/site-packages/airflow/example_dags/example_skip_dag.py for tasks to queue
[2026-04-01T19:44:37.861+0530] {logging_mixin.py:188} INFO - [2026-04-01T19:44:37.861+0530] {dagbag.py:540} INFO - Filling up the DagBag from /Users/aswin/Documents/data-engineering-practice/ETL_Airflow_DBT/airflow/airflow_env/lib/python3.11/site-packages/airflow/example_dags/example_skip_dag.py
[2026-04-01T19:44:37.864+0530] {processor.py:840} INFO - DAG(s) 'example_skip_dag' retrieved from /Users/aswin/Documents/data-engineering-practice/ETL_Airflow_DBT/airflow/airflow_env/lib/python3.11/site-packages/airflow/example_dags/example_skip_dag.py
[2026-04-01T19:44:37.916+0530] {logging_mixin.py:188} INFO - [2026-04-01T19:44:37.916+0530] {dag.py:3096} INFO - Sync 1 DAGs
[2026-04-01T19:44:37.928+0530] {logging_mixin.py:188} INFO - [2026-04-01T19:44:37.928+0530] {dag.py:3954} INFO - Setting next_dagrun for example_skip_dag to 2026-03-31 00:00:00+00:00, run_after=2026-04-01 00:00:00+00:00
[2026-04-01T19:44:37.939+0530] {processor.py:183} INFO - Processing /Users/aswin/Documents/data-engineering-practice/ETL_Airflow_DBT/airflow/airflow_env/lib/python3.11/site-packages/airflow/example_dags/example_skip_dag.py took 0.081 seconds
[2026-04-01T19:45:43.554+0530] {processor.py:161} INFO - Started process (PID=96616) to work on /Users/aswin/Documents/data-engineering-practice/ETL_Airflow_DBT/airflow/airflow_env/lib/python3.11/site-packages/airflow/example_dags/example_skip_dag.py
[2026-04-01T19:45:43.554+0530] {processor.py:830} INFO - Processing file /Users/aswin/Documents/data-engineering-practice/ETL_Airflow_DBT/airflow/airflow_env/lib/python3.11/site-packages/airflow/example_dags/example_skip_dag.py for tasks to queue
[2026-04-01T19:45:43.555+0530] {logging_mixin.py:188} INFO - [2026-04-01T19:45:43.555+0530] {dagbag.py:540} INFO - Filling up the DagBag from /Users/aswin/Documents/data-engineering-practice/ETL_Airflow_DBT/airflow/airflow_env/lib/python3.11/site-packages/airflow/example_dags/example_skip_dag.py
[2026-04-01T19:45:43.558+0530] {processor.py:840} INFO - DAG(s) 'example_skip_dag' retrieved from /Users/aswin/Documents/data-engineering-practice/ETL_Airflow_DBT/airflow/airflow_env/lib/python3.11/site-packages/airflow/example_dags/example_skip_dag.py
[2026-04-01T19:45:43.609+0530] {logging_mixin.py:188} INFO - [2026-04-01T19:45:43.609+0530] {dag.py:3096} INFO - Sync 1 DAGs
[2026-04-01T19:45:43.622+0530] {logging_mixin.py:188} INFO - [2026-04-01T19:45:43.621+0530] {dag.py:3954} INFO - Setting next_dagrun for example_skip_dag to 2026-03-31 00:00:00+00:00, run_after=2026-04-01 00:00:00+00:00
[2026-04-01T19:45:43.631+0530] {processor.py:183} INFO - Processing /Users/aswin/Documents/data-engineering-practice/ETL_Airflow_DBT/airflow/airflow_env/lib/python3.11/site-packages/airflow/example_dags/example_skip_dag.py took 0.078 seconds
[2026-04-01T20:00:22.980+0530] {processor.py:161} INFO - Started process (PID=96699) to work on /Users/aswin/Documents/data-engineering-practice/ETL_Airflow_DBT/airflow/airflow_env/lib/python3.11/site-packages/airflow/example_dags/example_skip_dag.py
[2026-04-01T20:00:22.980+0530] {processor.py:830} INFO - Processing file /Users/aswin/Documents/data-engineering-practice/ETL_Airflow_DBT/airflow/airflow_env/lib/python3.11/site-packages/airflow/example_dags/example_skip_dag.py for tasks to queue
[2026-04-01T20:00:22.981+0530] {logging_mixin.py:188} INFO - [2026-04-01T20:00:22.981+0530] {dagbag.py:540} INFO - Filling up the DagBag from /Users/aswin/Documents/data-engineering-practice/ETL_Airflow_DBT/airflow/airflow_env/lib/python3.11/site-packages/airflow/example_dags/example_skip_dag.py
[2026-04-01T20:00:22.984+0530] {processor.py:840} INFO - DAG(s) 'example_skip_dag' retrieved from /Users/aswin/Documents/data-engineering-practice/ETL_Airflow_DBT/airflow/airflow_env/lib/python3.11/site-packages/airflow/example_dags/example_skip_dag.py
[2026-04-01T20:00:23.039+0530] {logging_mixin.py:188} INFO - [2026-04-01T20:00:23.039+0530] {dag.py:3096} INFO - Sync 1 DAGs
[2026-04-01T20:00:23.052+0530] {logging_mixin.py:188} INFO - [2026-04-01T20:00:23.051+0530] {dag.py:3954} INFO - Setting next_dagrun for example_skip_dag to 2026-03-31 00:00:00+00:00, run_after=2026-04-01 00:00:00+00:00
[2026-04-01T20:00:23.061+0530] {processor.py:183} INFO - Processing /Users/aswin/Documents/data-engineering-practice/ETL_Airflow_DBT/airflow/airflow_env/lib/python3.11/site-packages/airflow/example_dags/example_skip_dag.py took 0.082 seconds
[2026-04-01T20:00:58.137+0530] {processor.py:161} INFO - Started process (PID=96814) to work on /Users/aswin/Documents/data-engineering-practice/ETL_Airflow_DBT/airflow/airflow_env/lib/python3.11/site-packages/airflow/example_dags/example_skip_dag.py
[2026-04-01T20:00:58.137+0530] {processor.py:830} INFO - Processing file /Users/aswin/Documents/data-engineering-practice/ETL_Airflow_DBT/airflow/airflow_env/lib/python3.11/site-packages/airflow/example_dags/example_skip_dag.py for tasks to queue
[2026-04-01T20:00:58.138+0530] {logging_mixin.py:188} INFO - [2026-04-01T20:00:58.138+0530] {dagbag.py:540} INFO - Filling up the DagBag from /Users/aswin/Documents/data-engineering-practice/ETL_Airflow_DBT/airflow/airflow_env/lib/python3.11/site-packages/airflow/example_dags/example_skip_dag.py
[2026-04-01T20:00:58.140+0530] {processor.py:840} INFO - DAG(s) 'example_skip_dag' retrieved from /Users/aswin/Documents/data-engineering-practice/ETL_Airflow_DBT/airflow/airflow_env/lib/python3.11/site-packages/airflow/example_dags/example_skip_dag.py
[2026-04-01T20:00:58.190+0530] {logging_mixin.py:188} INFO - [2026-04-01T20:00:58.190+0530] {dag.py:3096} INFO - Sync 1 DAGs
[2026-04-01T20:00:58.203+0530] {logging_mixin.py:188} INFO - [2026-04-01T20:00:58.203+0530] {dag.py:3954} INFO - Setting next_dagrun for example_skip_dag to 2026-03-31 00:00:00+00:00, run_after=2026-04-01 00:00:00+00:00
[2026-04-01T20:00:58.213+0530] {processor.py:183} INFO - Processing /Users/aswin/Documents/data-engineering-practice/ETL_Airflow_DBT/airflow/airflow_env/lib/python3.11/site-packages/airflow/example_dags/example_skip_dag.py took 0.077 seconds
[2026-04-01T20:01:29.039+0530] {processor.py:161} INFO - Started process (PID=96933) to work on /Users/aswin/Documents/data-engineering-practice/ETL_Airflow_DBT/airflow/airflow_env/lib/python3.11/site-packages/airflow/example_dags/example_skip_dag.py
[2026-04-01T20:01:29.040+0530] {processor.py:830} INFO - Processing file /Users/aswin/Documents/data-engineering-practice/ETL_Airflow_DBT/airflow/airflow_env/lib/python3.11/site-packages/airflow/example_dags/example_skip_dag.py for tasks to queue
[2026-04-01T20:01:29.040+0530] {logging_mixin.py:188} INFO - [2026-04-01T20:01:29.040+0530] {dagbag.py:540} INFO - Filling up the DagBag from /Users/aswin/Documents/data-engineering-practice/ETL_Airflow_DBT/airflow/airflow_env/lib/python3.11/site-packages/airflow/example_dags/example_skip_dag.py
[2026-04-01T20:01:29.043+0530] {processor.py:840} INFO - DAG(s) 'example_skip_dag' retrieved from /Users/aswin/Documents/data-engineering-practice/ETL_Airflow_DBT/airflow/airflow_env/lib/python3.11/site-packages/airflow/example_dags/example_skip_dag.py
[2026-04-01T20:01:29.097+0530] {logging_mixin.py:188} INFO - [2026-04-01T20:01:29.097+0530] {dag.py:3096} INFO - Sync 1 DAGs
[2026-04-01T20:01:29.109+0530] {logging_mixin.py:188} INFO - [2026-04-01T20:01:29.109+0530] {dag.py:3954} INFO - Setting next_dagrun for example_skip_dag to 2026-03-31 00:00:00+00:00, run_after=2026-04-01 00:00:00+00:00
[2026-04-01T20:01:29.117+0530] {processor.py:183} INFO - Processing /Users/aswin/Documents/data-engineering-practice/ETL_Airflow_DBT/airflow/airflow_env/lib/python3.11/site-packages/airflow/example_dags/example_skip_dag.py took 0.079 seconds
[2026-04-01T20:02:02.489+0530] {processor.py:161} INFO - Started process (PID=97048) to work on /Users/aswin/Documents/data-engineering-practice/ETL_Airflow_DBT/airflow/airflow_env/lib/python3.11/site-packages/airflow/example_dags/example_skip_dag.py
[2026-04-01T20:02:02.490+0530] {processor.py:830} INFO - Processing file /Users/aswin/Documents/data-engineering-practice/ETL_Airflow_DBT/airflow/airflow_env/lib/python3.11/site-packages/airflow/example_dags/example_skip_dag.py for tasks to queue
[2026-04-01T20:02:02.490+0530] {logging_mixin.py:188} INFO - [2026-04-01T20:02:02.490+0530] {dagbag.py:540} INFO - Filling up the DagBag from /Users/aswin/Documents/data-engineering-practice/ETL_Airflow_DBT/airflow/airflow_env/lib/python3.11/site-packages/airflow/example_dags/example_skip_dag.py
[2026-04-01T20:02:02.494+0530] {processor.py:840} INFO - DAG(s) 'example_skip_dag' retrieved from /Users/aswin/Documents/data-engineering-practice/ETL_Airflow_DBT/airflow/airflow_env/lib/python3.11/site-packages/airflow/example_dags/example_skip_dag.py
[2026-04-01T20:02:02.568+0530] {logging_mixin.py:188} INFO - [2026-04-01T20:02:02.568+0530] {dag.py:3096} INFO - Sync 1 DAGs
[2026-04-01T20:02:02.582+0530] {logging_mixin.py:188} INFO - [2026-04-01T20:02:02.581+0530] {dag.py:3954} INFO - Setting next_dagrun for example_skip_dag to 2026-03-31 00:00:00+00:00, run_after=2026-04-01 00:00:00+00:00
[2026-04-01T20:02:02.591+0530] {processor.py:183} INFO - Processing /Users/aswin/Documents/data-engineering-practice/ETL_Airflow_DBT/airflow/airflow_env/lib/python3.11/site-packages/airflow/example_dags/example_skip_dag.py took 0.104 seconds
[2026-04-01T20:02:33.859+0530] {processor.py:161} INFO - Started process (PID=97160) to work on /Users/aswin/Documents/data-engineering-practice/ETL_Airflow_DBT/airflow/airflow_env/lib/python3.11/site-packages/airflow/example_dags/example_skip_dag.py
[2026-04-01T20:02:33.860+0530] {processor.py:830} INFO - Processing file /Users/aswin/Documents/data-engineering-practice/ETL_Airflow_DBT/airflow/airflow_env/lib/python3.11/site-packages/airflow/example_dags/example_skip_dag.py for tasks to queue
[2026-04-01T20:02:33.860+0530] {logging_mixin.py:188} INFO - [2026-04-01T20:02:33.860+0530] {dagbag.py:540} INFO - Filling up the DagBag from /Users/aswin/Documents/data-engineering-practice/ETL_Airflow_DBT/airflow/airflow_env/lib/python3.11/site-packages/airflow/example_dags/example_skip_dag.py
[2026-04-01T20:02:33.863+0530] {processor.py:840} INFO - DAG(s) 'example_skip_dag' retrieved from /Users/aswin/Documents/data-engineering-practice/ETL_Airflow_DBT/airflow/airflow_env/lib/python3.11/site-packages/airflow/example_dags/example_skip_dag.py
[2026-04-01T20:02:33.918+0530] {logging_mixin.py:188} INFO - [2026-04-01T20:02:33.918+0530] {dag.py:3096} INFO - Sync 1 DAGs
[2026-04-01T20:02:33.931+0530] {logging_mixin.py:188} INFO - [2026-04-01T20:02:33.931+0530] {dag.py:3954} INFO - Setting next_dagrun for example_skip_dag to 2026-03-31 00:00:00+00:00, run_after=2026-04-01 00:00:00+00:00
[2026-04-01T20:02:33.940+0530] {processor.py:183} INFO - Processing /Users/aswin/Documents/data-engineering-practice/ETL_Airflow_DBT/airflow/airflow_env/lib/python3.11/site-packages/airflow/example_dags/example_skip_dag.py took 0.082 seconds
[2026-04-01T20:03:09.805+0530] {processor.py:161} INFO - Started process (PID=97275) to work on /Users/aswin/Documents/data-engineering-practice/ETL_Airflow_DBT/airflow/airflow_env/lib/python3.11/site-packages/airflow/example_dags/example_skip_dag.py
[2026-04-01T20:03:09.806+0530] {processor.py:830} INFO - Processing file /Users/aswin/Documents/data-engineering-practice/ETL_Airflow_DBT/airflow/airflow_env/lib/python3.11/site-packages/airflow/example_dags/example_skip_dag.py for tasks to queue
[2026-04-01T20:03:09.806+0530] {logging_mixin.py:188} INFO - [2026-04-01T20:03:09.806+0530] {dagbag.py:540} INFO - Filling up the DagBag from /Users/aswin/Documents/data-engineering-practice/ETL_Airflow_DBT/airflow/airflow_env/lib/python3.11/site-packages/airflow/example_dags/example_skip_dag.py
[2026-04-01T20:03:09.809+0530] {processor.py:840} INFO - DAG(s) 'example_skip_dag' retrieved from /Users/aswin/Documents/data-engineering-practice/ETL_Airflow_DBT/airflow/airflow_env/lib/python3.11/site-packages/airflow/example_dags/example_skip_dag.py
[2026-04-01T20:03:09.859+0530] {logging_mixin.py:188} INFO - [2026-04-01T20:03:09.858+0530] {dag.py:3096} INFO - Sync 1 DAGs
[2026-04-01T20:03:09.871+0530] {logging_mixin.py:188} INFO - [2026-04-01T20:03:09.871+0530] {dag.py:3954} INFO - Setting next_dagrun for example_skip_dag to 2026-03-31 00:00:00+00:00, run_after=2026-04-01 00:00:00+00:00
[2026-04-01T20:03:09.880+0530] {processor.py:183} INFO - Processing /Users/aswin/Documents/data-engineering-practice/ETL_Airflow_DBT/airflow/airflow_env/lib/python3.11/site-packages/airflow/example_dags/example_skip_dag.py took 0.076 seconds
[2026-04-01T20:03:41.186+0530] {processor.py:161} INFO - Started process (PID=97390) to work on /Users/aswin/Documents/data-engineering-practice/ETL_Airflow_DBT/airflow/airflow_env/lib/python3.11/site-packages/airflow/example_dags/example_skip_dag.py
[2026-04-01T20:03:41.187+0530] {processor.py:830} INFO - Processing file /Users/aswin/Documents/data-engineering-practice/ETL_Airflow_DBT/airflow/airflow_env/lib/python3.11/site-packages/airflow/example_dags/example_skip_dag.py for tasks to queue
[2026-04-01T20:03:41.187+0530] {logging_mixin.py:188} INFO - [2026-04-01T20:03:41.187+0530] {dagbag.py:540} INFO - Filling up the DagBag from /Users/aswin/Documents/data-engineering-practice/ETL_Airflow_DBT/airflow/airflow_env/lib/python3.11/site-packages/airflow/example_dags/example_skip_dag.py
[2026-04-01T20:03:41.191+0530] {processor.py:840} INFO - DAG(s) 'example_skip_dag' retrieved from /Users/aswin/Documents/data-engineering-practice/ETL_Airflow_DBT/airflow/airflow_env/lib/python3.11/site-packages/airflow/example_dags/example_skip_dag.py
[2026-04-01T20:03:41.253+0530] {logging_mixin.py:188} INFO - [2026-04-01T20:03:41.252+0530] {dag.py:3096} INFO - Sync 1 DAGs
[2026-04-01T20:03:41.264+0530] {logging_mixin.py:188} INFO - [2026-04-01T20:03:41.264+0530] {dag.py:3954} INFO - Setting next_dagrun for example_skip_dag to 2026-03-31 00:00:00+00:00, run_after=2026-04-01 00:00:00+00:00
[2026-04-01T20:03:41.275+0530] {processor.py:183} INFO - Processing /Users/aswin/Documents/data-engineering-practice/ETL_Airflow_DBT/airflow/airflow_env/lib/python3.11/site-packages/airflow/example_dags/example_skip_dag.py took 0.090 seconds
[2026-04-01T20:04:17.268+0530] {processor.py:161} INFO - Started process (PID=97505) to work on /Users/aswin/Documents/data-engineering-practice/ETL_Airflow_DBT/airflow/airflow_env/lib/python3.11/site-packages/airflow/example_dags/example_skip_dag.py
[2026-04-01T20:04:17.269+0530] {processor.py:830} INFO - Processing file /Users/aswin/Documents/data-engineering-practice/ETL_Airflow_DBT/airflow/airflow_env/lib/python3.11/site-packages/airflow/example_dags/example_skip_dag.py for tasks to queue
[2026-04-01T20:04:17.269+0530] {logging_mixin.py:188} INFO - [2026-04-01T20:04:17.269+0530] {dagbag.py:540} INFO - Filling up the DagBag from /Users/aswin/Documents/data-engineering-practice/ETL_Airflow_DBT/airflow/airflow_env/lib/python3.11/site-packages/airflow/example_dags/example_skip_dag.py
[2026-04-01T20:04:17.273+0530] {processor.py:840} INFO - DAG(s) 'example_skip_dag' retrieved from /Users/aswin/Documents/data-engineering-practice/ETL_Airflow_DBT/airflow/airflow_env/lib/python3.11/site-packages/airflow/example_dags/example_skip_dag.py
[2026-04-01T20:04:17.349+0530] {logging_mixin.py:188} INFO - [2026-04-01T20:04:17.349+0530] {dag.py:3096} INFO - Sync 1 DAGs
[2026-04-01T20:04:17.364+0530] {logging_mixin.py:188} INFO - [2026-04-01T20:04:17.364+0530] {dag.py:3954} INFO - Setting next_dagrun for example_skip_dag to 2026-03-31 00:00:00+00:00, run_after=2026-04-01 00:00:00+00:00
[2026-04-01T20:04:17.375+0530] {processor.py:183} INFO - Processing /Users/aswin/Documents/data-engineering-practice/ETL_Airflow_DBT/airflow/airflow_env/lib/python3.11/site-packages/airflow/example_dags/example_skip_dag.py took 0.108 seconds
[2026-04-01T20:04:55.056+0530] {processor.py:161} INFO - Started process (PID=97617) to work on /Users/aswin/Documents/data-engineering-practice/ETL_Airflow_DBT/airflow/airflow_env/lib/python3.11/site-packages/airflow/example_dags/example_skip_dag.py
[2026-04-01T20:04:55.057+0530] {processor.py:830} INFO - Processing file /Users/aswin/Documents/data-engineering-practice/ETL_Airflow_DBT/airflow/airflow_env/lib/python3.11/site-packages/airflow/example_dags/example_skip_dag.py for tasks to queue
[2026-04-01T20:04:55.057+0530] {logging_mixin.py:188} INFO - [2026-04-01T20:04:55.057+0530] {dagbag.py:540} INFO - Filling up the DagBag from /Users/aswin/Documents/data-engineering-practice/ETL_Airflow_DBT/airflow/airflow_env/lib/python3.11/site-packages/airflow/example_dags/example_skip_dag.py
[2026-04-01T20:04:55.062+0530] {processor.py:840} INFO - DAG(s) 'example_skip_dag' retrieved from /Users/aswin/Documents/data-engineering-practice/ETL_Airflow_DBT/airflow/airflow_env/lib/python3.11/site-packages/airflow/example_dags/example_skip_dag.py
[2026-04-01T20:04:55.129+0530] {logging_mixin.py:188} INFO - [2026-04-01T20:04:55.129+0530] {dag.py:3096} INFO - Sync 1 DAGs
[2026-04-01T20:04:55.142+0530] {logging_mixin.py:188} INFO - [2026-04-01T20:04:55.142+0530] {dag.py:3954} INFO - Setting next_dagrun for example_skip_dag to 2026-03-31 00:00:00+00:00, run_after=2026-04-01 00:00:00+00:00
[2026-04-01T20:04:55.154+0530] {processor.py:183} INFO - Processing /Users/aswin/Documents/data-engineering-practice/ETL_Airflow_DBT/airflow/airflow_env/lib/python3.11/site-packages/airflow/example_dags/example_skip_dag.py took 0.100 seconds
[2026-04-01T20:05:31.851+0530] {processor.py:161} INFO - Started process (PID=97734) to work on /Users/aswin/Documents/data-engineering-practice/ETL_Airflow_DBT/airflow/airflow_env/lib/python3.11/site-packages/airflow/example_dags/example_skip_dag.py
[2026-04-01T20:05:31.852+0530] {processor.py:830} INFO - Processing file /Users/aswin/Documents/data-engineering-practice/ETL_Airflow_DBT/airflow/airflow_env/lib/python3.11/site-packages/airflow/example_dags/example_skip_dag.py for tasks to queue
[2026-04-01T20:05:31.852+0530] {logging_mixin.py:188} INFO - [2026-04-01T20:05:31.852+0530] {dagbag.py:540} INFO - Filling up the DagBag from /Users/aswin/Documents/data-engineering-practice/ETL_Airflow_DBT/airflow/airflow_env/lib/python3.11/site-packages/airflow/example_dags/example_skip_dag.py
[2026-04-01T20:05:31.856+0530] {processor.py:840} INFO - DAG(s) 'example_skip_dag' retrieved from /Users/aswin/Documents/data-engineering-practice/ETL_Airflow_DBT/airflow/airflow_env/lib/python3.11/site-packages/airflow/example_dags/example_skip_dag.py
[2026-04-01T20:05:31.928+0530] {logging_mixin.py:188} INFO - [2026-04-01T20:05:31.928+0530] {dag.py:3096} INFO - Sync 1 DAGs
[2026-04-01T20:05:31.942+0530] {logging_mixin.py:188} INFO - [2026-04-01T20:05:31.942+0530] {dag.py:3954} INFO - Setting next_dagrun for example_skip_dag to 2026-03-31 00:00:00+00:00, run_after=2026-04-01 00:00:00+00:00
[2026-04-01T20:05:31.956+0530] {processor.py:183} INFO - Processing /Users/aswin/Documents/data-engineering-practice/ETL_Airflow_DBT/airflow/airflow_env/lib/python3.11/site-packages/airflow/example_dags/example_skip_dag.py took 0.106 seconds
[2026-04-01T20:06:09.365+0530] {processor.py:161} INFO - Started process (PID=97842) to work on /Users/aswin/Documents/data-engineering-practice/ETL_Airflow_DBT/airflow/airflow_env/lib/python3.11/site-packages/airflow/example_dags/example_skip_dag.py
[2026-04-01T20:06:09.366+0530] {processor.py:830} INFO - Processing file /Users/aswin/Documents/data-engineering-practice/ETL_Airflow_DBT/airflow/airflow_env/lib/python3.11/site-packages/airflow/example_dags/example_skip_dag.py for tasks to queue
[2026-04-01T20:06:09.367+0530] {logging_mixin.py:188} INFO - [2026-04-01T20:06:09.367+0530] {dagbag.py:540} INFO - Filling up the DagBag from /Users/aswin/Documents/data-engineering-practice/ETL_Airflow_DBT/airflow/airflow_env/lib/python3.11/site-packages/airflow/example_dags/example_skip_dag.py
[2026-04-01T20:06:09.371+0530] {processor.py:840} INFO - DAG(s) 'example_skip_dag' retrieved from /Users/aswin/Documents/data-engineering-practice/ETL_Airflow_DBT/airflow/airflow_env/lib/python3.11/site-packages/airflow/example_dags/example_skip_dag.py
[2026-04-01T20:06:09.447+0530] {logging_mixin.py:188} INFO - [2026-04-01T20:06:09.447+0530] {dag.py:3096} INFO - Sync 1 DAGs
[2026-04-01T20:06:09.465+0530] {logging_mixin.py:188} INFO - [2026-04-01T20:06:09.465+0530] {dag.py:3954} INFO - Setting next_dagrun for example_skip_dag to 2026-03-31 00:00:00+00:00, run_after=2026-04-01 00:00:00+00:00
[2026-04-01T20:06:09.478+0530] {processor.py:183} INFO - Processing /Users/aswin/Documents/data-engineering-practice/ETL_Airflow_DBT/airflow/airflow_env/lib/python3.11/site-packages/airflow/example_dags/example_skip_dag.py took 0.114 seconds
[2026-04-01T20:06:48.167+0530] {processor.py:161} INFO - Started process (PID=97969) to work on /Users/aswin/Documents/data-engineering-practice/ETL_Airflow_DBT/airflow/airflow_env/lib/python3.11/site-packages/airflow/example_dags/example_skip_dag.py
[2026-04-01T20:06:48.169+0530] {processor.py:830} INFO - Processing file /Users/aswin/Documents/data-engineering-practice/ETL_Airflow_DBT/airflow/airflow_env/lib/python3.11/site-packages/airflow/example_dags/example_skip_dag.py for tasks to queue
[2026-04-01T20:06:48.170+0530] {logging_mixin.py:188} INFO - [2026-04-01T20:06:48.170+0530] {dagbag.py:540} INFO - Filling up the DagBag from /Users/aswin/Documents/data-engineering-practice/ETL_Airflow_DBT/airflow/airflow_env/lib/python3.11/site-packages/airflow/example_dags/example_skip_dag.py
[2026-04-01T20:06:48.180+0530] {processor.py:840} INFO - DAG(s) 'example_skip_dag' retrieved from /Users/aswin/Documents/data-engineering-practice/ETL_Airflow_DBT/airflow/airflow_env/lib/python3.11/site-packages/airflow/example_dags/example_skip_dag.py
[2026-04-01T20:06:48.344+0530] {logging_mixin.py:188} INFO - [2026-04-01T20:06:48.344+0530] {dag.py:3096} INFO - Sync 1 DAGs
[2026-04-01T20:06:48.372+0530] {logging_mixin.py:188} INFO - [2026-04-01T20:06:48.371+0530] {dag.py:3954} INFO - Setting next_dagrun for example_skip_dag to 2026-03-31 00:00:00+00:00, run_after=2026-04-01 00:00:00+00:00
[2026-04-01T20:06:48.395+0530] {processor.py:183} INFO - Processing /Users/aswin/Documents/data-engineering-practice/ETL_Airflow_DBT/airflow/airflow_env/lib/python3.11/site-packages/airflow/example_dags/example_skip_dag.py took 0.232 seconds
[2026-04-01T20:07:26.125+0530] {processor.py:161} INFO - Started process (PID=98084) to work on /Users/aswin/Documents/data-engineering-practice/ETL_Airflow_DBT/airflow/airflow_env/lib/python3.11/site-packages/airflow/example_dags/example_skip_dag.py
[2026-04-01T20:07:26.126+0530] {processor.py:830} INFO - Processing file /Users/aswin/Documents/data-engineering-practice/ETL_Airflow_DBT/airflow/airflow_env/lib/python3.11/site-packages/airflow/example_dags/example_skip_dag.py for tasks to queue
[2026-04-01T20:07:26.127+0530] {logging_mixin.py:188} INFO - [2026-04-01T20:07:26.127+0530] {dagbag.py:540} INFO - Filling up the DagBag from /Users/aswin/Documents/data-engineering-practice/ETL_Airflow_DBT/airflow/airflow_env/lib/python3.11/site-packages/airflow/example_dags/example_skip_dag.py
[2026-04-01T20:07:26.131+0530] {processor.py:840} INFO - DAG(s) 'example_skip_dag' retrieved from /Users/aswin/Documents/data-engineering-practice/ETL_Airflow_DBT/airflow/airflow_env/lib/python3.11/site-packages/airflow/example_dags/example_skip_dag.py
[2026-04-01T20:07:26.202+0530] {logging_mixin.py:188} INFO - [2026-04-01T20:07:26.202+0530] {dag.py:3096} INFO - Sync 1 DAGs
[2026-04-01T20:07:26.217+0530] {logging_mixin.py:188} INFO - [2026-04-01T20:07:26.217+0530] {dag.py:3954} INFO - Setting next_dagrun for example_skip_dag to 2026-03-31 00:00:00+00:00, run_after=2026-04-01 00:00:00+00:00
[2026-04-01T20:07:26.230+0530] {processor.py:183} INFO - Processing /Users/aswin/Documents/data-engineering-practice/ETL_Airflow_DBT/airflow/airflow_env/lib/python3.11/site-packages/airflow/example_dags/example_skip_dag.py took 0.106 seconds
[2026-04-01T20:08:08.243+0530] {processor.py:161} INFO - Started process (PID=98220) to work on /Users/aswin/Documents/data-engineering-practice/ETL_Airflow_DBT/airflow/airflow_env/lib/python3.11/site-packages/airflow/example_dags/example_skip_dag.py
[2026-04-01T20:08:08.245+0530] {processor.py:830} INFO - Processing file /Users/aswin/Documents/data-engineering-practice/ETL_Airflow_DBT/airflow/airflow_env/lib/python3.11/site-packages/airflow/example_dags/example_skip_dag.py for tasks to queue
[2026-04-01T20:08:08.245+0530] {logging_mixin.py:188} INFO - [2026-04-01T20:08:08.245+0530] {dagbag.py:540} INFO - Filling up the DagBag from /Users/aswin/Documents/data-engineering-practice/ETL_Airflow_DBT/airflow/airflow_env/lib/python3.11/site-packages/airflow/example_dags/example_skip_dag.py
[2026-04-01T20:08:08.251+0530] {processor.py:840} INFO - DAG(s) 'example_skip_dag' retrieved from /Users/aswin/Documents/data-engineering-practice/ETL_Airflow_DBT/airflow/airflow_env/lib/python3.11/site-packages/airflow/example_dags/example_skip_dag.py
[2026-04-01T20:08:08.351+0530] {logging_mixin.py:188} INFO - [2026-04-01T20:08:08.350+0530] {dag.py:3096} INFO - Sync 1 DAGs
[2026-04-01T20:08:08.370+0530] {logging_mixin.py:188} INFO - [2026-04-01T20:08:08.370+0530] {dag.py:3954} INFO - Setting next_dagrun for example_skip_dag to 2026-03-31 00:00:00+00:00, run_after=2026-04-01 00:00:00+00:00
[2026-04-01T20:08:08.386+0530] {processor.py:183} INFO - Processing /Users/aswin/Documents/data-engineering-practice/ETL_Airflow_DBT/airflow/airflow_env/lib/python3.11/site-packages/airflow/example_dags/example_skip_dag.py took 0.145 seconds
[2026-04-01T20:08:51.195+0530] {processor.py:161} INFO - Started process (PID=98337) to work on /Users/aswin/Documents/data-engineering-practice/ETL_Airflow_DBT/airflow/airflow_env/lib/python3.11/site-packages/airflow/example_dags/example_skip_dag.py
[2026-04-01T20:08:51.196+0530] {processor.py:830} INFO - Processing file /Users/aswin/Documents/data-engineering-practice/ETL_Airflow_DBT/airflow/airflow_env/lib/python3.11/site-packages/airflow/example_dags/example_skip_dag.py for tasks to queue
[2026-04-01T20:08:51.196+0530] {logging_mixin.py:188} INFO - [2026-04-01T20:08:51.196+0530] {dagbag.py:540} INFO - Filling up the DagBag from /Users/aswin/Documents/data-engineering-practice/ETL_Airflow_DBT/airflow/airflow_env/lib/python3.11/site-packages/airflow/example_dags/example_skip_dag.py
[2026-04-01T20:08:51.201+0530] {processor.py:840} INFO - DAG(s) 'example_skip_dag' retrieved from /Users/aswin/Documents/data-engineering-practice/ETL_Airflow_DBT/airflow/airflow_env/lib/python3.11/site-packages/airflow/example_dags/example_skip_dag.py
[2026-04-01T20:08:51.273+0530] {logging_mixin.py:188} INFO - [2026-04-01T20:08:51.273+0530] {dag.py:3096} INFO - Sync 1 DAGs
[2026-04-01T20:08:51.289+0530] {logging_mixin.py:188} INFO - [2026-04-01T20:08:51.289+0530] {dag.py:3954} INFO - Setting next_dagrun for example_skip_dag to 2026-03-31 00:00:00+00:00, run_after=2026-04-01 00:00:00+00:00
[2026-04-01T20:08:51.301+0530] {processor.py:183} INFO - Processing /Users/aswin/Documents/data-engineering-practice/ETL_Airflow_DBT/airflow/airflow_env/lib/python3.11/site-packages/airflow/example_dags/example_skip_dag.py took 0.108 seconds
[2026-04-01T20:09:34.440+0530] {processor.py:161} INFO - Started process (PID=98456) to work on /Users/aswin/Documents/data-engineering-practice/ETL_Airflow_DBT/airflow/airflow_env/lib/python3.11/site-packages/airflow/example_dags/example_skip_dag.py
[2026-04-01T20:09:34.441+0530] {processor.py:830} INFO - Processing file /Users/aswin/Documents/data-engineering-practice/ETL_Airflow_DBT/airflow/airflow_env/lib/python3.11/site-packages/airflow/example_dags/example_skip_dag.py for tasks to queue
[2026-04-01T20:09:34.441+0530] {logging_mixin.py:188} INFO - [2026-04-01T20:09:34.441+0530] {dagbag.py:540} INFO - Filling up the DagBag from /Users/aswin/Documents/data-engineering-practice/ETL_Airflow_DBT/airflow/airflow_env/lib/python3.11/site-packages/airflow/example_dags/example_skip_dag.py
[2026-04-01T20:09:34.446+0530] {processor.py:840} INFO - DAG(s) 'example_skip_dag' retrieved from /Users/aswin/Documents/data-engineering-practice/ETL_Airflow_DBT/airflow/airflow_env/lib/python3.11/site-packages/airflow/example_dags/example_skip_dag.py
[2026-04-01T20:09:34.525+0530] {logging_mixin.py:188} INFO - [2026-04-01T20:09:34.525+0530] {dag.py:3096} INFO - Sync 1 DAGs
[2026-04-01T20:09:34.540+0530] {logging_mixin.py:188} INFO - [2026-04-01T20:09:34.540+0530] {dag.py:3954} INFO - Setting next_dagrun for example_skip_dag to 2026-03-31 00:00:00+00:00, run_after=2026-04-01 00:00:00+00:00
[2026-04-01T20:09:34.554+0530] {processor.py:183} INFO - Processing /Users/aswin/Documents/data-engineering-practice/ETL_Airflow_DBT/airflow/airflow_env/lib/python3.11/site-packages/airflow/example_dags/example_skip_dag.py took 0.115 seconds
[2026-04-01T20:10:15.689+0530] {processor.py:161} INFO - Started process (PID=98576) to work on /Users/aswin/Documents/data-engineering-practice/ETL_Airflow_DBT/airflow/airflow_env/lib/python3.11/site-packages/airflow/example_dags/example_skip_dag.py
[2026-04-01T20:10:15.689+0530] {processor.py:830} INFO - Processing file /Users/aswin/Documents/data-engineering-practice/ETL_Airflow_DBT/airflow/airflow_env/lib/python3.11/site-packages/airflow/example_dags/example_skip_dag.py for tasks to queue
[2026-04-01T20:10:15.690+0530] {logging_mixin.py:188} INFO - [2026-04-01T20:10:15.690+0530] {dagbag.py:540} INFO - Filling up the DagBag from /Users/aswin/Documents/data-engineering-practice/ETL_Airflow_DBT/airflow/airflow_env/lib/python3.11/site-packages/airflow/example_dags/example_skip_dag.py
[2026-04-01T20:10:15.694+0530] {processor.py:840} INFO - DAG(s) 'example_skip_dag' retrieved from /Users/aswin/Documents/data-engineering-practice/ETL_Airflow_DBT/airflow/airflow_env/lib/python3.11/site-packages/airflow/example_dags/example_skip_dag.py
[2026-04-01T20:10:15.778+0530] {logging_mixin.py:188} INFO - [2026-04-01T20:10:15.778+0530] {dag.py:3096} INFO - Sync 1 DAGs
[2026-04-01T20:10:15.792+0530] {logging_mixin.py:188} INFO - [2026-04-01T20:10:15.792+0530] {dag.py:3954} INFO - Setting next_dagrun for example_skip_dag to 2026-03-31 00:00:00+00:00, run_after=2026-04-01 00:00:00+00:00
[2026-04-01T20:10:15.802+0530] {processor.py:183} INFO - Processing /Users/aswin/Documents/data-engineering-practice/ETL_Airflow_DBT/airflow/airflow_env/lib/python3.11/site-packages/airflow/example_dags/example_skip_dag.py took 0.115 seconds
[2026-04-01T20:10:57.618+0530] {processor.py:161} INFO - Started process (PID=98693) to work on /Users/aswin/Documents/data-engineering-practice/ETL_Airflow_DBT/airflow/airflow_env/lib/python3.11/site-packages/airflow/example_dags/example_skip_dag.py
[2026-04-01T20:10:57.619+0530] {processor.py:830} INFO - Processing file /Users/aswin/Documents/data-engineering-practice/ETL_Airflow_DBT/airflow/airflow_env/lib/python3.11/site-packages/airflow/example_dags/example_skip_dag.py for tasks to queue
[2026-04-01T20:10:57.619+0530] {logging_mixin.py:188} INFO - [2026-04-01T20:10:57.619+0530] {dagbag.py:540} INFO - Filling up the DagBag from /Users/aswin/Documents/data-engineering-practice/ETL_Airflow_DBT/airflow/airflow_env/lib/python3.11/site-packages/airflow/example_dags/example_skip_dag.py
[2026-04-01T20:10:57.624+0530] {processor.py:840} INFO - DAG(s) 'example_skip_dag' retrieved from /Users/aswin/Documents/data-engineering-practice/ETL_Airflow_DBT/airflow/airflow_env/lib/python3.11/site-packages/airflow/example_dags/example_skip_dag.py
[2026-04-01T20:10:57.698+0530] {logging_mixin.py:188} INFO - [2026-04-01T20:10:57.698+0530] {dag.py:3096} INFO - Sync 1 DAGs
[2026-04-01T20:10:57.714+0530] {logging_mixin.py:188} INFO - [2026-04-01T20:10:57.714+0530] {dag.py:3954} INFO - Setting next_dagrun for example_skip_dag to 2026-03-31 00:00:00+00:00, run_after=2026-04-01 00:00:00+00:00
[2026-04-01T20:10:57.727+0530] {processor.py:183} INFO - Processing /Users/aswin/Documents/data-engineering-practice/ETL_Airflow_DBT/airflow/airflow_env/lib/python3.11/site-packages/airflow/example_dags/example_skip_dag.py took 0.111 seconds
[2026-04-01T20:11:32.182+0530] {processor.py:161} INFO - Started process (PID=98802) to work on /Users/aswin/Documents/data-engineering-practice/ETL_Airflow_DBT/airflow/airflow_env/lib/python3.11/site-packages/airflow/example_dags/example_skip_dag.py
[2026-04-01T20:11:32.183+0530] {processor.py:830} INFO - Processing file /Users/aswin/Documents/data-engineering-practice/ETL_Airflow_DBT/airflow/airflow_env/lib/python3.11/site-packages/airflow/example_dags/example_skip_dag.py for tasks to queue
[2026-04-01T20:11:32.183+0530] {logging_mixin.py:188} INFO - [2026-04-01T20:11:32.183+0530] {dagbag.py:540} INFO - Filling up the DagBag from /Users/aswin/Documents/data-engineering-practice/ETL_Airflow_DBT/airflow/airflow_env/lib/python3.11/site-packages/airflow/example_dags/example_skip_dag.py
[2026-04-01T20:11:32.189+0530] {processor.py:840} INFO - DAG(s) 'example_skip_dag' retrieved from /Users/aswin/Documents/data-engineering-practice/ETL_Airflow_DBT/airflow/airflow_env/lib/python3.11/site-packages/airflow/example_dags/example_skip_dag.py
[2026-04-01T20:11:32.275+0530] {logging_mixin.py:188} INFO - [2026-04-01T20:11:32.275+0530] {dag.py:3096} INFO - Sync 1 DAGs
[2026-04-01T20:11:32.291+0530] {logging_mixin.py:188} INFO - [2026-04-01T20:11:32.291+0530] {dag.py:3954} INFO - Setting next_dagrun for example_skip_dag to 2026-03-31 00:00:00+00:00, run_after=2026-04-01 00:00:00+00:00
[2026-04-01T20:11:32.304+0530] {processor.py:183} INFO - Processing /Users/aswin/Documents/data-engineering-practice/ETL_Airflow_DBT/airflow/airflow_env/lib/python3.11/site-packages/airflow/example_dags/example_skip_dag.py took 0.124 seconds
[2026-04-01T20:12:13.922+0530] {processor.py:161} INFO - Started process (PID=98928) to work on /Users/aswin/Documents/data-engineering-practice/ETL_Airflow_DBT/airflow/airflow_env/lib/python3.11/site-packages/airflow/example_dags/example_skip_dag.py
[2026-04-01T20:12:13.923+0530] {processor.py:830} INFO - Processing file /Users/aswin/Documents/data-engineering-practice/ETL_Airflow_DBT/airflow/airflow_env/lib/python3.11/site-packages/airflow/example_dags/example_skip_dag.py for tasks to queue
[2026-04-01T20:12:13.924+0530] {logging_mixin.py:188} INFO - [2026-04-01T20:12:13.924+0530] {dagbag.py:540} INFO - Filling up the DagBag from /Users/aswin/Documents/data-engineering-practice/ETL_Airflow_DBT/airflow/airflow_env/lib/python3.11/site-packages/airflow/example_dags/example_skip_dag.py
[2026-04-01T20:12:13.929+0530] {processor.py:840} INFO - DAG(s) 'example_skip_dag' retrieved from /Users/aswin/Documents/data-engineering-practice/ETL_Airflow_DBT/airflow/airflow_env/lib/python3.11/site-packages/airflow/example_dags/example_skip_dag.py
[2026-04-01T20:12:14.017+0530] {logging_mixin.py:188} INFO - [2026-04-01T20:12:14.017+0530] {dag.py:3096} INFO - Sync 1 DAGs
[2026-04-01T20:12:14.034+0530] {logging_mixin.py:188} INFO - [2026-04-01T20:12:14.034+0530] {dag.py:3954} INFO - Setting next_dagrun for example_skip_dag to 2026-03-31 00:00:00+00:00, run_after=2026-04-01 00:00:00+00:00
[2026-04-01T20:12:14.049+0530] {processor.py:183} INFO - Processing /Users/aswin/Documents/data-engineering-practice/ETL_Airflow_DBT/airflow/airflow_env/lib/python3.11/site-packages/airflow/example_dags/example_skip_dag.py took 0.129 seconds
[2026-04-01T20:12:57.045+0530] {processor.py:161} INFO - Started process (PID=99054) to work on /Users/aswin/Documents/data-engineering-practice/ETL_Airflow_DBT/airflow/airflow_env/lib/python3.11/site-packages/airflow/example_dags/example_skip_dag.py
[2026-04-01T20:12:57.047+0530] {processor.py:830} INFO - Processing file /Users/aswin/Documents/data-engineering-practice/ETL_Airflow_DBT/airflow/airflow_env/lib/python3.11/site-packages/airflow/example_dags/example_skip_dag.py for tasks to queue
[2026-04-01T20:12:57.047+0530] {logging_mixin.py:188} INFO - [2026-04-01T20:12:57.047+0530] {dagbag.py:540} INFO - Filling up the DagBag from /Users/aswin/Documents/data-engineering-practice/ETL_Airflow_DBT/airflow/airflow_env/lib/python3.11/site-packages/airflow/example_dags/example_skip_dag.py
[2026-04-01T20:12:57.053+0530] {processor.py:840} INFO - DAG(s) 'example_skip_dag' retrieved from /Users/aswin/Documents/data-engineering-practice/ETL_Airflow_DBT/airflow/airflow_env/lib/python3.11/site-packages/airflow/example_dags/example_skip_dag.py
[2026-04-01T20:12:57.150+0530] {logging_mixin.py:188} INFO - [2026-04-01T20:12:57.149+0530] {dag.py:3096} INFO - Sync 1 DAGs
[2026-04-01T20:12:57.167+0530] {logging_mixin.py:188} INFO - [2026-04-01T20:12:57.167+0530] {dag.py:3954} INFO - Setting next_dagrun for example_skip_dag to 2026-03-31 00:00:00+00:00, run_after=2026-04-01 00:00:00+00:00
[2026-04-01T20:12:57.182+0530] {processor.py:183} INFO - Processing /Users/aswin/Documents/data-engineering-practice/ETL_Airflow_DBT/airflow/airflow_env/lib/python3.11/site-packages/airflow/example_dags/example_skip_dag.py took 0.139 seconds
[2026-04-01T20:13:43.297+0530] {processor.py:161} INFO - Started process (PID=99167) to work on /Users/aswin/Documents/data-engineering-practice/ETL_Airflow_DBT/airflow/airflow_env/lib/python3.11/site-packages/airflow/example_dags/example_skip_dag.py
[2026-04-01T20:13:43.297+0530] {processor.py:830} INFO - Processing file /Users/aswin/Documents/data-engineering-practice/ETL_Airflow_DBT/airflow/airflow_env/lib/python3.11/site-packages/airflow/example_dags/example_skip_dag.py for tasks to queue
[2026-04-01T20:13:43.298+0530] {logging_mixin.py:188} INFO - [2026-04-01T20:13:43.298+0530] {dagbag.py:540} INFO - Filling up the DagBag from /Users/aswin/Documents/data-engineering-practice/ETL_Airflow_DBT/airflow/airflow_env/lib/python3.11/site-packages/airflow/example_dags/example_skip_dag.py
[2026-04-01T20:13:43.303+0530] {processor.py:840} INFO - DAG(s) 'example_skip_dag' retrieved from /Users/aswin/Documents/data-engineering-practice/ETL_Airflow_DBT/airflow/airflow_env/lib/python3.11/site-packages/airflow/example_dags/example_skip_dag.py
[2026-04-01T20:13:43.398+0530] {logging_mixin.py:188} INFO - [2026-04-01T20:13:43.398+0530] {dag.py:3096} INFO - Sync 1 DAGs
[2026-04-01T20:13:43.414+0530] {logging_mixin.py:188} INFO - [2026-04-01T20:13:43.414+0530] {dag.py:3954} INFO - Setting next_dagrun for example_skip_dag to 2026-03-31 00:00:00+00:00, run_after=2026-04-01 00:00:00+00:00
[2026-04-01T20:13:43.428+0530] {processor.py:183} INFO - Processing /Users/aswin/Documents/data-engineering-practice/ETL_Airflow_DBT/airflow/airflow_env/lib/python3.11/site-packages/airflow/example_dags/example_skip_dag.py took 0.134 seconds
[2026-04-01T20:14:27.862+0530] {processor.py:161} INFO - Started process (PID=99280) to work on /Users/aswin/Documents/data-engineering-practice/ETL_Airflow_DBT/airflow/airflow_env/lib/python3.11/site-packages/airflow/example_dags/example_skip_dag.py
[2026-04-01T20:14:27.863+0530] {processor.py:830} INFO - Processing file /Users/aswin/Documents/data-engineering-practice/ETL_Airflow_DBT/airflow/airflow_env/lib/python3.11/site-packages/airflow/example_dags/example_skip_dag.py for tasks to queue
[2026-04-01T20:14:27.864+0530] {logging_mixin.py:188} INFO - [2026-04-01T20:14:27.864+0530] {dagbag.py:540} INFO - Filling up the DagBag from /Users/aswin/Documents/data-engineering-practice/ETL_Airflow_DBT/airflow/airflow_env/lib/python3.11/site-packages/airflow/example_dags/example_skip_dag.py
[2026-04-01T20:14:27.869+0530] {processor.py:840} INFO - DAG(s) 'example_skip_dag' retrieved from /Users/aswin/Documents/data-engineering-practice/ETL_Airflow_DBT/airflow/airflow_env/lib/python3.11/site-packages/airflow/example_dags/example_skip_dag.py
[2026-04-01T20:14:27.952+0530] {logging_mixin.py:188} INFO - [2026-04-01T20:14:27.952+0530] {dag.py:3096} INFO - Sync 1 DAGs
[2026-04-01T20:14:27.970+0530] {logging_mixin.py:188} INFO - [2026-04-01T20:14:27.970+0530] {dag.py:3954} INFO - Setting next_dagrun for example_skip_dag to 2026-03-31 00:00:00+00:00, run_after=2026-04-01 00:00:00+00:00
[2026-04-01T20:14:27.983+0530] {processor.py:183} INFO - Processing /Users/aswin/Documents/data-engineering-practice/ETL_Airflow_DBT/airflow/airflow_env/lib/python3.11/site-packages/airflow/example_dags/example_skip_dag.py took 0.123 seconds
[2026-04-01T20:15:22.743+0530] {processor.py:161} INFO - Started process (PID=99421) to work on /Users/aswin/Documents/data-engineering-practice/ETL_Airflow_DBT/airflow/airflow_env/lib/python3.11/site-packages/airflow/example_dags/example_skip_dag.py
[2026-04-01T20:15:22.744+0530] {processor.py:830} INFO - Processing file /Users/aswin/Documents/data-engineering-practice/ETL_Airflow_DBT/airflow/airflow_env/lib/python3.11/site-packages/airflow/example_dags/example_skip_dag.py for tasks to queue
[2026-04-01T20:15:22.745+0530] {logging_mixin.py:188} INFO - [2026-04-01T20:15:22.744+0530] {dagbag.py:540} INFO - Filling up the DagBag from /Users/aswin/Documents/data-engineering-practice/ETL_Airflow_DBT/airflow/airflow_env/lib/python3.11/site-packages/airflow/example_dags/example_skip_dag.py
[2026-04-01T20:15:22.750+0530] {processor.py:840} INFO - DAG(s) 'example_skip_dag' retrieved from /Users/aswin/Documents/data-engineering-practice/ETL_Airflow_DBT/airflow/airflow_env/lib/python3.11/site-packages/airflow/example_dags/example_skip_dag.py
[2026-04-01T20:15:22.843+0530] {logging_mixin.py:188} INFO - [2026-04-01T20:15:22.843+0530] {dag.py:3096} INFO - Sync 1 DAGs
[2026-04-01T20:15:22.863+0530] {logging_mixin.py:188} INFO - [2026-04-01T20:15:22.863+0530] {dag.py:3954} INFO - Setting next_dagrun for example_skip_dag to 2026-03-31 00:00:00+00:00, run_after=2026-04-01 00:00:00+00:00
[2026-04-01T20:15:22.879+0530] {processor.py:183} INFO - Processing /Users/aswin/Documents/data-engineering-practice/ETL_Airflow_DBT/airflow/airflow_env/lib/python3.11/site-packages/airflow/example_dags/example_skip_dag.py took 0.137 seconds
[2026-04-01T20:16:03.157+0530] {processor.py:161} INFO - Started process (PID=99538) to work on /Users/aswin/Documents/data-engineering-practice/ETL_Airflow_DBT/airflow/airflow_env/lib/python3.11/site-packages/airflow/example_dags/example_skip_dag.py
[2026-04-01T20:16:03.159+0530] {processor.py:830} INFO - Processing file /Users/aswin/Documents/data-engineering-practice/ETL_Airflow_DBT/airflow/airflow_env/lib/python3.11/site-packages/airflow/example_dags/example_skip_dag.py for tasks to queue
[2026-04-01T20:16:03.159+0530] {logging_mixin.py:188} INFO - [2026-04-01T20:16:03.159+0530] {dagbag.py:540} INFO - Filling up the DagBag from /Users/aswin/Documents/data-engineering-practice/ETL_Airflow_DBT/airflow/airflow_env/lib/python3.11/site-packages/airflow/example_dags/example_skip_dag.py
[2026-04-01T20:16:03.165+0530] {processor.py:840} INFO - DAG(s) 'example_skip_dag' retrieved from /Users/aswin/Documents/data-engineering-practice/ETL_Airflow_DBT/airflow/airflow_env/lib/python3.11/site-packages/airflow/example_dags/example_skip_dag.py
[2026-04-01T20:16:03.250+0530] {logging_mixin.py:188} INFO - [2026-04-01T20:16:03.249+0530] {dag.py:3096} INFO - Sync 1 DAGs
[2026-04-01T20:16:03.266+0530] {logging_mixin.py:188} INFO - [2026-04-01T20:16:03.266+0530] {dag.py:3954} INFO - Setting next_dagrun for example_skip_dag to 2026-03-31 00:00:00+00:00, run_after=2026-04-01 00:00:00+00:00
[2026-04-01T20:16:03.279+0530] {processor.py:183} INFO - Processing /Users/aswin/Documents/data-engineering-practice/ETL_Airflow_DBT/airflow/airflow_env/lib/python3.11/site-packages/airflow/example_dags/example_skip_dag.py took 0.124 seconds
[2026-04-01T20:16:40.079+0530] {processor.py:161} INFO - Started process (PID=99663) to work on /Users/aswin/Documents/data-engineering-practice/ETL_Airflow_DBT/airflow/airflow_env/lib/python3.11/site-packages/airflow/example_dags/example_skip_dag.py
[2026-04-01T20:16:40.080+0530] {processor.py:830} INFO - Processing file /Users/aswin/Documents/data-engineering-practice/ETL_Airflow_DBT/airflow/airflow_env/lib/python3.11/site-packages/airflow/example_dags/example_skip_dag.py for tasks to queue
[2026-04-01T20:16:40.081+0530] {logging_mixin.py:188} INFO - [2026-04-01T20:16:40.081+0530] {dagbag.py:540} INFO - Filling up the DagBag from /Users/aswin/Documents/data-engineering-practice/ETL_Airflow_DBT/airflow/airflow_env/lib/python3.11/site-packages/airflow/example_dags/example_skip_dag.py
[2026-04-01T20:16:40.086+0530] {processor.py:840} INFO - DAG(s) 'example_skip_dag' retrieved from /Users/aswin/Documents/data-engineering-practice/ETL_Airflow_DBT/airflow/airflow_env/lib/python3.11/site-packages/airflow/example_dags/example_skip_dag.py
[2026-04-01T20:16:40.168+0530] {logging_mixin.py:188} INFO - [2026-04-01T20:16:40.168+0530] {dag.py:3096} INFO - Sync 1 DAGs
[2026-04-01T20:16:40.185+0530] {logging_mixin.py:188} INFO - [2026-04-01T20:16:40.185+0530] {dag.py:3954} INFO - Setting next_dagrun for example_skip_dag to 2026-03-31 00:00:00+00:00, run_after=2026-04-01 00:00:00+00:00
[2026-04-01T20:16:40.198+0530] {processor.py:183} INFO - Processing /Users/aswin/Documents/data-engineering-practice/ETL_Airflow_DBT/airflow/airflow_env/lib/python3.11/site-packages/airflow/example_dags/example_skip_dag.py took 0.121 seconds
[2026-04-01T20:17:22.024+0530] {processor.py:161} INFO - Started process (PID=99779) to work on /Users/aswin/Documents/data-engineering-practice/ETL_Airflow_DBT/airflow/airflow_env/lib/python3.11/site-packages/airflow/example_dags/example_skip_dag.py
[2026-04-01T20:17:22.024+0530] {processor.py:830} INFO - Processing file /Users/aswin/Documents/data-engineering-practice/ETL_Airflow_DBT/airflow/airflow_env/lib/python3.11/site-packages/airflow/example_dags/example_skip_dag.py for tasks to queue
[2026-04-01T20:17:22.025+0530] {logging_mixin.py:188} INFO - [2026-04-01T20:17:22.024+0530] {dagbag.py:540} INFO - Filling up the DagBag from /Users/aswin/Documents/data-engineering-practice/ETL_Airflow_DBT/airflow/airflow_env/lib/python3.11/site-packages/airflow/example_dags/example_skip_dag.py
[2026-04-01T20:17:22.029+0530] {processor.py:840} INFO - DAG(s) 'example_skip_dag' retrieved from /Users/aswin/Documents/data-engineering-practice/ETL_Airflow_DBT/airflow/airflow_env/lib/python3.11/site-packages/airflow/example_dags/example_skip_dag.py
[2026-04-01T20:17:22.138+0530] {logging_mixin.py:188} INFO - [2026-04-01T20:17:22.137+0530] {dag.py:3096} INFO - Sync 1 DAGs
[2026-04-01T20:17:22.154+0530] {logging_mixin.py:188} INFO - [2026-04-01T20:17:22.154+0530] {dag.py:3954} INFO - Setting next_dagrun for example_skip_dag to 2026-03-31 00:00:00+00:00, run_after=2026-04-01 00:00:00+00:00
[2026-04-01T20:17:22.167+0530] {processor.py:183} INFO - Processing /Users/aswin/Documents/data-engineering-practice/ETL_Airflow_DBT/airflow/airflow_env/lib/python3.11/site-packages/airflow/example_dags/example_skip_dag.py took 0.144 seconds
[2026-04-01T20:18:10.525+0530] {processor.py:161} INFO - Started process (PID=99896) to work on /Users/aswin/Documents/data-engineering-practice/ETL_Airflow_DBT/airflow/airflow_env/lib/python3.11/site-packages/airflow/example_dags/example_skip_dag.py
[2026-04-01T20:18:10.526+0530] {processor.py:830} INFO - Processing file /Users/aswin/Documents/data-engineering-practice/ETL_Airflow_DBT/airflow/airflow_env/lib/python3.11/site-packages/airflow/example_dags/example_skip_dag.py for tasks to queue
[2026-04-01T20:18:10.526+0530] {logging_mixin.py:188} INFO - [2026-04-01T20:18:10.526+0530] {dagbag.py:540} INFO - Filling up the DagBag from /Users/aswin/Documents/data-engineering-practice/ETL_Airflow_DBT/airflow/airflow_env/lib/python3.11/site-packages/airflow/example_dags/example_skip_dag.py
[2026-04-01T20:18:10.530+0530] {processor.py:840} INFO - DAG(s) 'example_skip_dag' retrieved from /Users/aswin/Documents/data-engineering-practice/ETL_Airflow_DBT/airflow/airflow_env/lib/python3.11/site-packages/airflow/example_dags/example_skip_dag.py
[2026-04-01T20:18:10.598+0530] {logging_mixin.py:188} INFO - [2026-04-01T20:18:10.598+0530] {dag.py:3096} INFO - Sync 1 DAGs
[2026-04-01T20:18:10.610+0530] {logging_mixin.py:188} INFO - [2026-04-01T20:18:10.610+0530] {dag.py:3954} INFO - Setting next_dagrun for example_skip_dag to 2026-03-31 00:00:00+00:00, run_after=2026-04-01 00:00:00+00:00
[2026-04-01T20:18:10.622+0530] {processor.py:183} INFO - Processing /Users/aswin/Documents/data-engineering-practice/ETL_Airflow_DBT/airflow/airflow_env/lib/python3.11/site-packages/airflow/example_dags/example_skip_dag.py took 0.098 seconds
[2026-04-01T20:18:44.434+0530] {processor.py:161} INFO - Started process (PID=108) to work on /Users/aswin/Documents/data-engineering-practice/ETL_Airflow_DBT/airflow/airflow_env/lib/python3.11/site-packages/airflow/example_dags/example_skip_dag.py
[2026-04-01T20:18:44.435+0530] {processor.py:830} INFO - Processing file /Users/aswin/Documents/data-engineering-practice/ETL_Airflow_DBT/airflow/airflow_env/lib/python3.11/site-packages/airflow/example_dags/example_skip_dag.py for tasks to queue
[2026-04-01T20:18:44.436+0530] {logging_mixin.py:188} INFO - [2026-04-01T20:18:44.436+0530] {dagbag.py:540} INFO - Filling up the DagBag from /Users/aswin/Documents/data-engineering-practice/ETL_Airflow_DBT/airflow/airflow_env/lib/python3.11/site-packages/airflow/example_dags/example_skip_dag.py
[2026-04-01T20:18:44.442+0530] {processor.py:840} INFO - DAG(s) 'example_skip_dag' retrieved from /Users/aswin/Documents/data-engineering-practice/ETL_Airflow_DBT/airflow/airflow_env/lib/python3.11/site-packages/airflow/example_dags/example_skip_dag.py
[2026-04-01T20:18:44.538+0530] {logging_mixin.py:188} INFO - [2026-04-01T20:18:44.538+0530] {dag.py:3096} INFO - Sync 1 DAGs
[2026-04-01T20:18:46.814+0530] {logging_mixin.py:188} INFO - [2026-04-01T20:18:46.813+0530] {dag.py:3954} INFO - Setting next_dagrun for example_skip_dag to 2026-03-31 00:00:00+00:00, run_after=2026-04-01 00:00:00+00:00
[2026-04-01T20:18:46.875+0530] {processor.py:183} INFO - Processing /Users/aswin/Documents/data-engineering-practice/ETL_Airflow_DBT/airflow/airflow_env/lib/python3.11/site-packages/airflow/example_dags/example_skip_dag.py took 0.373 seconds
[2026-04-01T20:19:25.456+0530] {processor.py:161} INFO - Started process (PID=244) to work on /Users/aswin/Documents/data-engineering-practice/ETL_Airflow_DBT/airflow/airflow_env/lib/python3.11/site-packages/airflow/example_dags/example_skip_dag.py
[2026-04-01T20:19:25.458+0530] {processor.py:830} INFO - Processing file /Users/aswin/Documents/data-engineering-practice/ETL_Airflow_DBT/airflow/airflow_env/lib/python3.11/site-packages/airflow/example_dags/example_skip_dag.py for tasks to queue
[2026-04-01T20:19:25.458+0530] {logging_mixin.py:188} INFO - [2026-04-01T20:19:25.458+0530] {dagbag.py:540} INFO - Filling up the DagBag from /Users/aswin/Documents/data-engineering-practice/ETL_Airflow_DBT/airflow/airflow_env/lib/python3.11/site-packages/airflow/example_dags/example_skip_dag.py
[2026-04-01T20:19:25.463+0530] {processor.py:840} INFO - DAG(s) 'example_skip_dag' retrieved from /Users/aswin/Documents/data-engineering-practice/ETL_Airflow_DBT/airflow/airflow_env/lib/python3.11/site-packages/airflow/example_dags/example_skip_dag.py
[2026-04-01T20:19:25.551+0530] {logging_mixin.py:188} INFO - [2026-04-01T20:19:25.550+0530] {dag.py:3096} INFO - Sync 1 DAGs
[2026-04-01T20:19:25.566+0530] {logging_mixin.py:188} INFO - [2026-04-01T20:19:25.566+0530] {dag.py:3954} INFO - Setting next_dagrun for example_skip_dag to 2026-03-31 00:00:00+00:00, run_after=2026-04-01 00:00:00+00:00
[2026-04-01T20:19:25.580+0530] {processor.py:183} INFO - Processing /Users/aswin/Documents/data-engineering-practice/ETL_Airflow_DBT/airflow/airflow_env/lib/python3.11/site-packages/airflow/example_dags/example_skip_dag.py took 0.125 seconds
[2026-04-01T20:20:07.553+0530] {processor.py:161} INFO - Started process (PID=383) to work on /Users/aswin/Documents/data-engineering-practice/ETL_Airflow_DBT/airflow/airflow_env/lib/python3.11/site-packages/airflow/example_dags/example_skip_dag.py
[2026-04-01T20:20:07.554+0530] {processor.py:830} INFO - Processing file /Users/aswin/Documents/data-engineering-practice/ETL_Airflow_DBT/airflow/airflow_env/lib/python3.11/site-packages/airflow/example_dags/example_skip_dag.py for tasks to queue
[2026-04-01T20:20:07.554+0530] {logging_mixin.py:188} INFO - [2026-04-01T20:20:07.554+0530] {dagbag.py:540} INFO - Filling up the DagBag from /Users/aswin/Documents/data-engineering-practice/ETL_Airflow_DBT/airflow/airflow_env/lib/python3.11/site-packages/airflow/example_dags/example_skip_dag.py
[2026-04-01T20:20:07.559+0530] {processor.py:840} INFO - DAG(s) 'example_skip_dag' retrieved from /Users/aswin/Documents/data-engineering-practice/ETL_Airflow_DBT/airflow/airflow_env/lib/python3.11/site-packages/airflow/example_dags/example_skip_dag.py
[2026-04-01T20:20:07.632+0530] {logging_mixin.py:188} INFO - [2026-04-01T20:20:07.632+0530] {dag.py:3096} INFO - Sync 1 DAGs
[2026-04-01T20:20:07.648+0530] {logging_mixin.py:188} INFO - [2026-04-01T20:20:07.647+0530] {dag.py:3954} INFO - Setting next_dagrun for example_skip_dag to 2026-03-31 00:00:00+00:00, run_after=2026-04-01 00:00:00+00:00
[2026-04-01T20:20:07.660+0530] {processor.py:183} INFO - Processing /Users/aswin/Documents/data-engineering-practice/ETL_Airflow_DBT/airflow/airflow_env/lib/python3.11/site-packages/airflow/example_dags/example_skip_dag.py took 0.109 seconds
[2026-04-01T20:20:51.571+0530] {processor.py:161} INFO - Started process (PID=513) to work on /Users/aswin/Documents/data-engineering-practice/ETL_Airflow_DBT/airflow/airflow_env/lib/python3.11/site-packages/airflow/example_dags/example_skip_dag.py
[2026-04-01T20:20:51.572+0530] {processor.py:830} INFO - Processing file /Users/aswin/Documents/data-engineering-practice/ETL_Airflow_DBT/airflow/airflow_env/lib/python3.11/site-packages/airflow/example_dags/example_skip_dag.py for tasks to queue
[2026-04-01T20:20:51.573+0530] {logging_mixin.py:188} INFO - [2026-04-01T20:20:51.572+0530] {dagbag.py:540} INFO - Filling up the DagBag from /Users/aswin/Documents/data-engineering-practice/ETL_Airflow_DBT/airflow/airflow_env/lib/python3.11/site-packages/airflow/example_dags/example_skip_dag.py
[2026-04-01T20:20:51.577+0530] {processor.py:840} INFO - DAG(s) 'example_skip_dag' retrieved from /Users/aswin/Documents/data-engineering-practice/ETL_Airflow_DBT/airflow/airflow_env/lib/python3.11/site-packages/airflow/example_dags/example_skip_dag.py
[2026-04-01T20:20:51.654+0530] {logging_mixin.py:188} INFO - [2026-04-01T20:20:51.653+0530] {dag.py:3096} INFO - Sync 1 DAGs
[2026-04-01T20:20:51.671+0530] {logging_mixin.py:188} INFO - [2026-04-01T20:20:51.670+0530] {dag.py:3954} INFO - Setting next_dagrun for example_skip_dag to 2026-03-31 00:00:00+00:00, run_after=2026-04-01 00:00:00+00:00
[2026-04-01T20:20:51.681+0530] {processor.py:183} INFO - Processing /Users/aswin/Documents/data-engineering-practice/ETL_Airflow_DBT/airflow/airflow_env/lib/python3.11/site-packages/airflow/example_dags/example_skip_dag.py took 0.111 seconds
[2026-04-01T20:21:31.686+0530] {processor.py:161} INFO - Started process (PID=707) to work on /Users/aswin/Documents/data-engineering-practice/ETL_Airflow_DBT/airflow/airflow_env/lib/python3.11/site-packages/airflow/example_dags/example_skip_dag.py
[2026-04-01T20:21:31.687+0530] {processor.py:830} INFO - Processing file /Users/aswin/Documents/data-engineering-practice/ETL_Airflow_DBT/airflow/airflow_env/lib/python3.11/site-packages/airflow/example_dags/example_skip_dag.py for tasks to queue
[2026-04-01T20:21:31.687+0530] {logging_mixin.py:188} INFO - [2026-04-01T20:21:31.687+0530] {dagbag.py:540} INFO - Filling up the DagBag from /Users/aswin/Documents/data-engineering-practice/ETL_Airflow_DBT/airflow/airflow_env/lib/python3.11/site-packages/airflow/example_dags/example_skip_dag.py
[2026-04-01T20:21:31.692+0530] {processor.py:840} INFO - DAG(s) 'example_skip_dag' retrieved from /Users/aswin/Documents/data-engineering-practice/ETL_Airflow_DBT/airflow/airflow_env/lib/python3.11/site-packages/airflow/example_dags/example_skip_dag.py
[2026-04-01T20:21:31.769+0530] {logging_mixin.py:188} INFO - [2026-04-01T20:21:31.769+0530] {dag.py:3096} INFO - Sync 1 DAGs
[2026-04-01T20:21:31.785+0530] {logging_mixin.py:188} INFO - [2026-04-01T20:21:31.785+0530] {dag.py:3954} INFO - Setting next_dagrun for example_skip_dag to 2026-03-31 00:00:00+00:00, run_after=2026-04-01 00:00:00+00:00
[2026-04-01T20:21:31.797+0530] {processor.py:183} INFO - Processing /Users/aswin/Documents/data-engineering-practice/ETL_Airflow_DBT/airflow/airflow_env/lib/python3.11/site-packages/airflow/example_dags/example_skip_dag.py took 0.113 seconds
[2026-04-01T20:22:08.937+0530] {processor.py:161} INFO - Started process (PID=828) to work on /Users/aswin/Documents/data-engineering-practice/ETL_Airflow_DBT/airflow/airflow_env/lib/python3.11/site-packages/airflow/example_dags/example_skip_dag.py
[2026-04-01T20:22:08.938+0530] {processor.py:830} INFO - Processing file /Users/aswin/Documents/data-engineering-practice/ETL_Airflow_DBT/airflow/airflow_env/lib/python3.11/site-packages/airflow/example_dags/example_skip_dag.py for tasks to queue
[2026-04-01T20:22:08.938+0530] {logging_mixin.py:188} INFO - [2026-04-01T20:22:08.938+0530] {dagbag.py:540} INFO - Filling up the DagBag from /Users/aswin/Documents/data-engineering-practice/ETL_Airflow_DBT/airflow/airflow_env/lib/python3.11/site-packages/airflow/example_dags/example_skip_dag.py
[2026-04-01T20:22:08.942+0530] {processor.py:840} INFO - DAG(s) 'example_skip_dag' retrieved from /Users/aswin/Documents/data-engineering-practice/ETL_Airflow_DBT/airflow/airflow_env/lib/python3.11/site-packages/airflow/example_dags/example_skip_dag.py
[2026-04-01T20:22:09.009+0530] {logging_mixin.py:188} INFO - [2026-04-01T20:22:09.009+0530] {dag.py:3096} INFO - Sync 1 DAGs
[2026-04-01T20:22:09.024+0530] {logging_mixin.py:188} INFO - [2026-04-01T20:22:09.023+0530] {dag.py:3954} INFO - Setting next_dagrun for example_skip_dag to 2026-03-31 00:00:00+00:00, run_after=2026-04-01 00:00:00+00:00
[2026-04-01T20:22:09.035+0530] {processor.py:183} INFO - Processing /Users/aswin/Documents/data-engineering-practice/ETL_Airflow_DBT/airflow/airflow_env/lib/python3.11/site-packages/airflow/example_dags/example_skip_dag.py took 0.099 seconds
[2026-04-01T20:22:43.865+0530] {processor.py:161} INFO - Started process (PID=960) to work on /Users/aswin/Documents/data-engineering-practice/ETL_Airflow_DBT/airflow/airflow_env/lib/python3.11/site-packages/airflow/example_dags/example_skip_dag.py
[2026-04-01T20:22:43.865+0530] {processor.py:830} INFO - Processing file /Users/aswin/Documents/data-engineering-practice/ETL_Airflow_DBT/airflow/airflow_env/lib/python3.11/site-packages/airflow/example_dags/example_skip_dag.py for tasks to queue
[2026-04-01T20:22:43.866+0530] {logging_mixin.py:188} INFO - [2026-04-01T20:22:43.866+0530] {dagbag.py:540} INFO - Filling up the DagBag from /Users/aswin/Documents/data-engineering-practice/ETL_Airflow_DBT/airflow/airflow_env/lib/python3.11/site-packages/airflow/example_dags/example_skip_dag.py
[2026-04-01T20:22:43.871+0530] {processor.py:840} INFO - DAG(s) 'example_skip_dag' retrieved from /Users/aswin/Documents/data-engineering-practice/ETL_Airflow_DBT/airflow/airflow_env/lib/python3.11/site-packages/airflow/example_dags/example_skip_dag.py
[2026-04-01T20:22:43.943+0530] {logging_mixin.py:188} INFO - [2026-04-01T20:22:43.942+0530] {dag.py:3096} INFO - Sync 1 DAGs
[2026-04-01T20:22:43.958+0530] {logging_mixin.py:188} INFO - [2026-04-01T20:22:43.958+0530] {dag.py:3954} INFO - Setting next_dagrun for example_skip_dag to 2026-03-31 00:00:00+00:00, run_after=2026-04-01 00:00:00+00:00
[2026-04-01T20:22:43.970+0530] {processor.py:183} INFO - Processing /Users/aswin/Documents/data-engineering-practice/ETL_Airflow_DBT/airflow/airflow_env/lib/python3.11/site-packages/airflow/example_dags/example_skip_dag.py took 0.107 seconds
[2026-04-01T20:23:25.290+0530] {processor.py:161} INFO - Started process (PID=1102) to work on /Users/aswin/Documents/data-engineering-practice/ETL_Airflow_DBT/airflow/airflow_env/lib/python3.11/site-packages/airflow/example_dags/example_skip_dag.py
[2026-04-01T20:23:25.290+0530] {processor.py:830} INFO - Processing file /Users/aswin/Documents/data-engineering-practice/ETL_Airflow_DBT/airflow/airflow_env/lib/python3.11/site-packages/airflow/example_dags/example_skip_dag.py for tasks to queue
[2026-04-01T20:23:25.291+0530] {logging_mixin.py:188} INFO - [2026-04-01T20:23:25.291+0530] {dagbag.py:540} INFO - Filling up the DagBag from /Users/aswin/Documents/data-engineering-practice/ETL_Airflow_DBT/airflow/airflow_env/lib/python3.11/site-packages/airflow/example_dags/example_skip_dag.py
[2026-04-01T20:23:25.295+0530] {processor.py:840} INFO - DAG(s) 'example_skip_dag' retrieved from /Users/aswin/Documents/data-engineering-practice/ETL_Airflow_DBT/airflow/airflow_env/lib/python3.11/site-packages/airflow/example_dags/example_skip_dag.py
[2026-04-01T20:23:25.379+0530] {logging_mixin.py:188} INFO - [2026-04-01T20:23:25.379+0530] {dag.py:3096} INFO - Sync 1 DAGs
[2026-04-01T20:23:25.395+0530] {logging_mixin.py:188} INFO - [2026-04-01T20:23:25.395+0530] {dag.py:3954} INFO - Setting next_dagrun for example_skip_dag to 2026-03-31 00:00:00+00:00, run_after=2026-04-01 00:00:00+00:00
[2026-04-01T20:23:25.408+0530] {processor.py:183} INFO - Processing /Users/aswin/Documents/data-engineering-practice/ETL_Airflow_DBT/airflow/airflow_env/lib/python3.11/site-packages/airflow/example_dags/example_skip_dag.py took 0.120 seconds
[2026-04-01T20:24:11.292+0530] {processor.py:161} INFO - Started process (PID=1268) to work on /Users/aswin/Documents/data-engineering-practice/ETL_Airflow_DBT/airflow/airflow_env/lib/python3.11/site-packages/airflow/example_dags/example_skip_dag.py
[2026-04-01T20:24:11.293+0530] {processor.py:830} INFO - Processing file /Users/aswin/Documents/data-engineering-practice/ETL_Airflow_DBT/airflow/airflow_env/lib/python3.11/site-packages/airflow/example_dags/example_skip_dag.py for tasks to queue
[2026-04-01T20:24:11.293+0530] {logging_mixin.py:188} INFO - [2026-04-01T20:24:11.293+0530] {dagbag.py:540} INFO - Filling up the DagBag from /Users/aswin/Documents/data-engineering-practice/ETL_Airflow_DBT/airflow/airflow_env/lib/python3.11/site-packages/airflow/example_dags/example_skip_dag.py
[2026-04-01T20:24:11.298+0530] {processor.py:840} INFO - DAG(s) 'example_skip_dag' retrieved from /Users/aswin/Documents/data-engineering-practice/ETL_Airflow_DBT/airflow/airflow_env/lib/python3.11/site-packages/airflow/example_dags/example_skip_dag.py
[2026-04-01T20:24:11.378+0530] {logging_mixin.py:188} INFO - [2026-04-01T20:24:11.377+0530] {dag.py:3096} INFO - Sync 1 DAGs
[2026-04-01T20:24:11.394+0530] {logging_mixin.py:188} INFO - [2026-04-01T20:24:11.394+0530] {dag.py:3954} INFO - Setting next_dagrun for example_skip_dag to 2026-03-31 00:00:00+00:00, run_after=2026-04-01 00:00:00+00:00
[2026-04-01T20:24:11.408+0530] {processor.py:183} INFO - Processing /Users/aswin/Documents/data-engineering-practice/ETL_Airflow_DBT/airflow/airflow_env/lib/python3.11/site-packages/airflow/example_dags/example_skip_dag.py took 0.117 seconds
[2026-04-01T20:25:01.725+0530] {processor.py:161} INFO - Started process (PID=1414) to work on /Users/aswin/Documents/data-engineering-practice/ETL_Airflow_DBT/airflow/airflow_env/lib/python3.11/site-packages/airflow/example_dags/example_skip_dag.py
[2026-04-01T20:25:01.726+0530] {processor.py:830} INFO - Processing file /Users/aswin/Documents/data-engineering-practice/ETL_Airflow_DBT/airflow/airflow_env/lib/python3.11/site-packages/airflow/example_dags/example_skip_dag.py for tasks to queue
[2026-04-01T20:25:01.726+0530] {logging_mixin.py:188} INFO - [2026-04-01T20:25:01.726+0530] {dagbag.py:540} INFO - Filling up the DagBag from /Users/aswin/Documents/data-engineering-practice/ETL_Airflow_DBT/airflow/airflow_env/lib/python3.11/site-packages/airflow/example_dags/example_skip_dag.py
[2026-04-01T20:25:01.733+0530] {processor.py:840} INFO - DAG(s) 'example_skip_dag' retrieved from /Users/aswin/Documents/data-engineering-practice/ETL_Airflow_DBT/airflow/airflow_env/lib/python3.11/site-packages/airflow/example_dags/example_skip_dag.py
[2026-04-01T20:25:01.838+0530] {logging_mixin.py:188} INFO - [2026-04-01T20:25:01.838+0530] {dag.py:3096} INFO - Sync 1 DAGs
[2026-04-01T20:25:01.858+0530] {logging_mixin.py:188} INFO - [2026-04-01T20:25:01.858+0530] {dag.py:3954} INFO - Setting next_dagrun for example_skip_dag to 2026-03-31 00:00:00+00:00, run_after=2026-04-01 00:00:00+00:00
[2026-04-01T20:25:01.873+0530] {processor.py:183} INFO - Processing /Users/aswin/Documents/data-engineering-practice/ETL_Airflow_DBT/airflow/airflow_env/lib/python3.11/site-packages/airflow/example_dags/example_skip_dag.py took 0.151 seconds
[2026-04-01T20:25:47.627+0530] {processor.py:161} INFO - Started process (PID=1550) to work on /Users/aswin/Documents/data-engineering-practice/ETL_Airflow_DBT/airflow/airflow_env/lib/python3.11/site-packages/airflow/example_dags/example_skip_dag.py
[2026-04-01T20:25:47.628+0530] {processor.py:830} INFO - Processing file /Users/aswin/Documents/data-engineering-practice/ETL_Airflow_DBT/airflow/airflow_env/lib/python3.11/site-packages/airflow/example_dags/example_skip_dag.py for tasks to queue
[2026-04-01T20:25:47.629+0530] {logging_mixin.py:188} INFO - [2026-04-01T20:25:47.629+0530] {dagbag.py:540} INFO - Filling up the DagBag from /Users/aswin/Documents/data-engineering-practice/ETL_Airflow_DBT/airflow/airflow_env/lib/python3.11/site-packages/airflow/example_dags/example_skip_dag.py
[2026-04-01T20:25:47.634+0530] {processor.py:840} INFO - DAG(s) 'example_skip_dag' retrieved from /Users/aswin/Documents/data-engineering-practice/ETL_Airflow_DBT/airflow/airflow_env/lib/python3.11/site-packages/airflow/example_dags/example_skip_dag.py
[2026-04-01T20:25:47.717+0530] {logging_mixin.py:188} INFO - [2026-04-01T20:25:47.717+0530] {dag.py:3096} INFO - Sync 1 DAGs
[2026-04-01T20:25:47.734+0530] {logging_mixin.py:188} INFO - [2026-04-01T20:25:47.734+0530] {dag.py:3954} INFO - Setting next_dagrun for example_skip_dag to 2026-03-31 00:00:00+00:00, run_after=2026-04-01 00:00:00+00:00
[2026-04-01T20:25:47.747+0530] {processor.py:183} INFO - Processing /Users/aswin/Documents/data-engineering-practice/ETL_Airflow_DBT/airflow/airflow_env/lib/python3.11/site-packages/airflow/example_dags/example_skip_dag.py took 0.122 seconds
[2026-04-01T20:26:26.753+0530] {processor.py:161} INFO - Started process (PID=1654) to work on /Users/aswin/Documents/data-engineering-practice/ETL_Airflow_DBT/airflow/airflow_env/lib/python3.11/site-packages/airflow/example_dags/example_skip_dag.py
[2026-04-01T20:26:26.754+0530] {processor.py:830} INFO - Processing file /Users/aswin/Documents/data-engineering-practice/ETL_Airflow_DBT/airflow/airflow_env/lib/python3.11/site-packages/airflow/example_dags/example_skip_dag.py for tasks to queue
[2026-04-01T20:26:26.755+0530] {logging_mixin.py:188} INFO - [2026-04-01T20:26:26.755+0530] {dagbag.py:540} INFO - Filling up the DagBag from /Users/aswin/Documents/data-engineering-practice/ETL_Airflow_DBT/airflow/airflow_env/lib/python3.11/site-packages/airflow/example_dags/example_skip_dag.py
[2026-04-01T20:26:26.760+0530] {processor.py:840} INFO - DAG(s) 'example_skip_dag' retrieved from /Users/aswin/Documents/data-engineering-practice/ETL_Airflow_DBT/airflow/airflow_env/lib/python3.11/site-packages/airflow/example_dags/example_skip_dag.py
[2026-04-01T20:26:26.847+0530] {logging_mixin.py:188} INFO - [2026-04-01T20:26:26.846+0530] {dag.py:3096} INFO - Sync 1 DAGs
[2026-04-01T20:26:26.863+0530] {logging_mixin.py:188} INFO - [2026-04-01T20:26:26.863+0530] {dag.py:3954} INFO - Setting next_dagrun for example_skip_dag to 2026-03-31 00:00:00+00:00, run_after=2026-04-01 00:00:00+00:00
[2026-04-01T20:26:26.877+0530] {processor.py:183} INFO - Processing /Users/aswin/Documents/data-engineering-practice/ETL_Airflow_DBT/airflow/airflow_env/lib/python3.11/site-packages/airflow/example_dags/example_skip_dag.py took 0.125 seconds
[2026-04-01T20:27:06.707+0530] {processor.py:161} INFO - Started process (PID=1756) to work on /Users/aswin/Documents/data-engineering-practice/ETL_Airflow_DBT/airflow/airflow_env/lib/python3.11/site-packages/airflow/example_dags/example_skip_dag.py
[2026-04-01T20:27:06.709+0530] {processor.py:830} INFO - Processing file /Users/aswin/Documents/data-engineering-practice/ETL_Airflow_DBT/airflow/airflow_env/lib/python3.11/site-packages/airflow/example_dags/example_skip_dag.py for tasks to queue
[2026-04-01T20:27:06.709+0530] {logging_mixin.py:188} INFO - [2026-04-01T20:27:06.709+0530] {dagbag.py:540} INFO - Filling up the DagBag from /Users/aswin/Documents/data-engineering-practice/ETL_Airflow_DBT/airflow/airflow_env/lib/python3.11/site-packages/airflow/example_dags/example_skip_dag.py
[2026-04-01T20:27:06.714+0530] {processor.py:840} INFO - DAG(s) 'example_skip_dag' retrieved from /Users/aswin/Documents/data-engineering-practice/ETL_Airflow_DBT/airflow/airflow_env/lib/python3.11/site-packages/airflow/example_dags/example_skip_dag.py
[2026-04-01T20:27:06.821+0530] {logging_mixin.py:188} INFO - [2026-04-01T20:27:06.821+0530] {dag.py:3096} INFO - Sync 1 DAGs
[2026-04-01T20:27:06.849+0530] {logging_mixin.py:188} INFO - [2026-04-01T20:27:06.849+0530] {dag.py:3954} INFO - Setting next_dagrun for example_skip_dag to 2026-03-31 00:00:00+00:00, run_after=2026-04-01 00:00:00+00:00
[2026-04-01T20:27:06.871+0530] {processor.py:183} INFO - Processing /Users/aswin/Documents/data-engineering-practice/ETL_Airflow_DBT/airflow/airflow_env/lib/python3.11/site-packages/airflow/example_dags/example_skip_dag.py took 0.166 seconds
[2026-04-01T20:27:49.723+0530] {processor.py:161} INFO - Started process (PID=1901) to work on /Users/aswin/Documents/data-engineering-practice/ETL_Airflow_DBT/airflow/airflow_env/lib/python3.11/site-packages/airflow/example_dags/example_skip_dag.py
[2026-04-01T20:27:49.724+0530] {processor.py:830} INFO - Processing file /Users/aswin/Documents/data-engineering-practice/ETL_Airflow_DBT/airflow/airflow_env/lib/python3.11/site-packages/airflow/example_dags/example_skip_dag.py for tasks to queue
[2026-04-01T20:27:49.724+0530] {logging_mixin.py:188} INFO - [2026-04-01T20:27:49.724+0530] {dagbag.py:540} INFO - Filling up the DagBag from /Users/aswin/Documents/data-engineering-practice/ETL_Airflow_DBT/airflow/airflow_env/lib/python3.11/site-packages/airflow/example_dags/example_skip_dag.py
[2026-04-01T20:27:49.730+0530] {processor.py:840} INFO - DAG(s) 'example_skip_dag' retrieved from /Users/aswin/Documents/data-engineering-practice/ETL_Airflow_DBT/airflow/airflow_env/lib/python3.11/site-packages/airflow/example_dags/example_skip_dag.py
[2026-04-01T20:27:49.814+0530] {logging_mixin.py:188} INFO - [2026-04-01T20:27:49.814+0530] {dag.py:3096} INFO - Sync 1 DAGs
[2026-04-01T20:27:49.831+0530] {logging_mixin.py:188} INFO - [2026-04-01T20:27:49.831+0530] {dag.py:3954} INFO - Setting next_dagrun for example_skip_dag to 2026-03-31 00:00:00+00:00, run_after=2026-04-01 00:00:00+00:00
[2026-04-01T20:27:49.847+0530] {processor.py:183} INFO - Processing /Users/aswin/Documents/data-engineering-practice/ETL_Airflow_DBT/airflow/airflow_env/lib/python3.11/site-packages/airflow/example_dags/example_skip_dag.py took 0.126 seconds
[2026-04-01T20:28:30.723+0530] {processor.py:161} INFO - Started process (PID=2038) to work on /Users/aswin/Documents/data-engineering-practice/ETL_Airflow_DBT/airflow/airflow_env/lib/python3.11/site-packages/airflow/example_dags/example_skip_dag.py
[2026-04-01T20:28:30.725+0530] {processor.py:830} INFO - Processing file /Users/aswin/Documents/data-engineering-practice/ETL_Airflow_DBT/airflow/airflow_env/lib/python3.11/site-packages/airflow/example_dags/example_skip_dag.py for tasks to queue
[2026-04-01T20:28:30.725+0530] {logging_mixin.py:188} INFO - [2026-04-01T20:28:30.725+0530] {dagbag.py:540} INFO - Filling up the DagBag from /Users/aswin/Documents/data-engineering-practice/ETL_Airflow_DBT/airflow/airflow_env/lib/python3.11/site-packages/airflow/example_dags/example_skip_dag.py
[2026-04-01T20:28:30.730+0530] {processor.py:840} INFO - DAG(s) 'example_skip_dag' retrieved from /Users/aswin/Documents/data-engineering-practice/ETL_Airflow_DBT/airflow/airflow_env/lib/python3.11/site-packages/airflow/example_dags/example_skip_dag.py
[2026-04-01T20:28:30.815+0530] {logging_mixin.py:188} INFO - [2026-04-01T20:28:30.815+0530] {dag.py:3096} INFO - Sync 1 DAGs
[2026-04-01T20:28:30.832+0530] {logging_mixin.py:188} INFO - [2026-04-01T20:28:30.831+0530] {dag.py:3954} INFO - Setting next_dagrun for example_skip_dag to 2026-03-31 00:00:00+00:00, run_after=2026-04-01 00:00:00+00:00
[2026-04-01T20:28:30.845+0530] {processor.py:183} INFO - Processing /Users/aswin/Documents/data-engineering-practice/ETL_Airflow_DBT/airflow/airflow_env/lib/python3.11/site-packages/airflow/example_dags/example_skip_dag.py took 0.124 seconds
[2026-04-01T20:29:18.734+0530] {processor.py:161} INFO - Started process (PID=2159) to work on /Users/aswin/Documents/data-engineering-practice/ETL_Airflow_DBT/airflow/airflow_env/lib/python3.11/site-packages/airflow/example_dags/example_skip_dag.py
[2026-04-01T20:29:18.736+0530] {processor.py:830} INFO - Processing file /Users/aswin/Documents/data-engineering-practice/ETL_Airflow_DBT/airflow/airflow_env/lib/python3.11/site-packages/airflow/example_dags/example_skip_dag.py for tasks to queue
[2026-04-01T20:29:18.736+0530] {logging_mixin.py:188} INFO - [2026-04-01T20:29:18.736+0530] {dagbag.py:540} INFO - Filling up the DagBag from /Users/aswin/Documents/data-engineering-practice/ETL_Airflow_DBT/airflow/airflow_env/lib/python3.11/site-packages/airflow/example_dags/example_skip_dag.py
[2026-04-01T20:29:18.741+0530] {processor.py:840} INFO - DAG(s) 'example_skip_dag' retrieved from /Users/aswin/Documents/data-engineering-practice/ETL_Airflow_DBT/airflow/airflow_env/lib/python3.11/site-packages/airflow/example_dags/example_skip_dag.py
[2026-04-01T20:29:18.826+0530] {logging_mixin.py:188} INFO - [2026-04-01T20:29:18.825+0530] {dag.py:3096} INFO - Sync 1 DAGs
[2026-04-01T20:29:18.843+0530] {logging_mixin.py:188} INFO - [2026-04-01T20:29:18.843+0530] {dag.py:3954} INFO - Setting next_dagrun for example_skip_dag to 2026-03-31 00:00:00+00:00, run_after=2026-04-01 00:00:00+00:00
[2026-04-01T20:29:18.856+0530] {processor.py:183} INFO - Processing /Users/aswin/Documents/data-engineering-practice/ETL_Airflow_DBT/airflow/airflow_env/lib/python3.11/site-packages/airflow/example_dags/example_skip_dag.py took 0.123 seconds
[2026-04-01T20:30:03.321+0530] {processor.py:161} INFO - Started process (PID=2273) to work on /Users/aswin/Documents/data-engineering-practice/ETL_Airflow_DBT/airflow/airflow_env/lib/python3.11/site-packages/airflow/example_dags/example_skip_dag.py
[2026-04-01T20:30:03.322+0530] {processor.py:830} INFO - Processing file /Users/aswin/Documents/data-engineering-practice/ETL_Airflow_DBT/airflow/airflow_env/lib/python3.11/site-packages/airflow/example_dags/example_skip_dag.py for tasks to queue
[2026-04-01T20:30:03.323+0530] {logging_mixin.py:188} INFO - [2026-04-01T20:30:03.322+0530] {dagbag.py:540} INFO - Filling up the DagBag from /Users/aswin/Documents/data-engineering-practice/ETL_Airflow_DBT/airflow/airflow_env/lib/python3.11/site-packages/airflow/example_dags/example_skip_dag.py
[2026-04-01T20:30:03.327+0530] {processor.py:840} INFO - DAG(s) 'example_skip_dag' retrieved from /Users/aswin/Documents/data-engineering-practice/ETL_Airflow_DBT/airflow/airflow_env/lib/python3.11/site-packages/airflow/example_dags/example_skip_dag.py
[2026-04-01T20:30:03.399+0530] {logging_mixin.py:188} INFO - [2026-04-01T20:30:03.398+0530] {dag.py:3096} INFO - Sync 1 DAGs
[2026-04-01T20:30:03.413+0530] {logging_mixin.py:188} INFO - [2026-04-01T20:30:03.413+0530] {dag.py:3954} INFO - Setting next_dagrun for example_skip_dag to 2026-03-31 00:00:00+00:00, run_after=2026-04-01 00:00:00+00:00
[2026-04-01T20:30:03.426+0530] {processor.py:183} INFO - Processing /Users/aswin/Documents/data-engineering-practice/ETL_Airflow_DBT/airflow/airflow_env/lib/python3.11/site-packages/airflow/example_dags/example_skip_dag.py took 0.106 seconds
[2026-04-01T20:30:51.130+0530] {processor.py:161} INFO - Started process (PID=2397) to work on /Users/aswin/Documents/data-engineering-practice/ETL_Airflow_DBT/airflow/airflow_env/lib/python3.11/site-packages/airflow/example_dags/example_skip_dag.py
[2026-04-01T20:30:51.132+0530] {processor.py:830} INFO - Processing file /Users/aswin/Documents/data-engineering-practice/ETL_Airflow_DBT/airflow/airflow_env/lib/python3.11/site-packages/airflow/example_dags/example_skip_dag.py for tasks to queue
[2026-04-01T20:30:51.133+0530] {logging_mixin.py:188} INFO - [2026-04-01T20:30:51.133+0530] {dagbag.py:540} INFO - Filling up the DagBag from /Users/aswin/Documents/data-engineering-practice/ETL_Airflow_DBT/airflow/airflow_env/lib/python3.11/site-packages/airflow/example_dags/example_skip_dag.py
[2026-04-01T20:30:51.139+0530] {processor.py:840} INFO - DAG(s) 'example_skip_dag' retrieved from /Users/aswin/Documents/data-engineering-practice/ETL_Airflow_DBT/airflow/airflow_env/lib/python3.11/site-packages/airflow/example_dags/example_skip_dag.py
[2026-04-01T20:30:51.244+0530] {logging_mixin.py:188} INFO - [2026-04-01T20:30:51.243+0530] {dag.py:3096} INFO - Sync 1 DAGs
[2026-04-01T20:30:51.264+0530] {logging_mixin.py:188} INFO - [2026-04-01T20:30:51.264+0530] {dag.py:3954} INFO - Setting next_dagrun for example_skip_dag to 2026-03-31 00:00:00+00:00, run_after=2026-04-01 00:00:00+00:00
[2026-04-01T20:30:51.280+0530] {processor.py:183} INFO - Processing /Users/aswin/Documents/data-engineering-practice/ETL_Airflow_DBT/airflow/airflow_env/lib/python3.11/site-packages/airflow/example_dags/example_skip_dag.py took 0.152 seconds
[2026-04-01T20:31:40.676+0530] {processor.py:161} INFO - Started process (PID=2570) to work on /Users/aswin/Documents/data-engineering-practice/ETL_Airflow_DBT/airflow/airflow_env/lib/python3.11/site-packages/airflow/example_dags/example_skip_dag.py
[2026-04-01T20:31:40.678+0530] {processor.py:830} INFO - Processing file /Users/aswin/Documents/data-engineering-practice/ETL_Airflow_DBT/airflow/airflow_env/lib/python3.11/site-packages/airflow/example_dags/example_skip_dag.py for tasks to queue
[2026-04-01T20:31:40.678+0530] {logging_mixin.py:188} INFO - [2026-04-01T20:31:40.678+0530] {dagbag.py:540} INFO - Filling up the DagBag from /Users/aswin/Documents/data-engineering-practice/ETL_Airflow_DBT/airflow/airflow_env/lib/python3.11/site-packages/airflow/example_dags/example_skip_dag.py
[2026-04-01T20:31:40.685+0530] {processor.py:840} INFO - DAG(s) 'example_skip_dag' retrieved from /Users/aswin/Documents/data-engineering-practice/ETL_Airflow_DBT/airflow/airflow_env/lib/python3.11/site-packages/airflow/example_dags/example_skip_dag.py
[2026-04-01T20:31:40.791+0530] {logging_mixin.py:188} INFO - [2026-04-01T20:31:40.791+0530] {dag.py:3096} INFO - Sync 1 DAGs
[2026-04-01T20:31:40.811+0530] {logging_mixin.py:188} INFO - [2026-04-01T20:31:40.811+0530] {dag.py:3954} INFO - Setting next_dagrun for example_skip_dag to 2026-03-31 00:00:00+00:00, run_after=2026-04-01 00:00:00+00:00
[2026-04-01T20:31:40.827+0530] {processor.py:183} INFO - Processing /Users/aswin/Documents/data-engineering-practice/ETL_Airflow_DBT/airflow/airflow_env/lib/python3.11/site-packages/airflow/example_dags/example_skip_dag.py took 0.153 seconds
[2026-04-01T20:32:27.142+0530] {processor.py:161} INFO - Started process (PID=2690) to work on /Users/aswin/Documents/data-engineering-practice/ETL_Airflow_DBT/airflow/airflow_env/lib/python3.11/site-packages/airflow/example_dags/example_skip_dag.py
[2026-04-01T20:32:27.142+0530] {processor.py:830} INFO - Processing file /Users/aswin/Documents/data-engineering-practice/ETL_Airflow_DBT/airflow/airflow_env/lib/python3.11/site-packages/airflow/example_dags/example_skip_dag.py for tasks to queue
[2026-04-01T20:32:27.143+0530] {logging_mixin.py:188} INFO - [2026-04-01T20:32:27.143+0530] {dagbag.py:540} INFO - Filling up the DagBag from /Users/aswin/Documents/data-engineering-practice/ETL_Airflow_DBT/airflow/airflow_env/lib/python3.11/site-packages/airflow/example_dags/example_skip_dag.py
[2026-04-01T20:32:27.147+0530] {processor.py:840} INFO - DAG(s) 'example_skip_dag' retrieved from /Users/aswin/Documents/data-engineering-practice/ETL_Airflow_DBT/airflow/airflow_env/lib/python3.11/site-packages/airflow/example_dags/example_skip_dag.py
[2026-04-01T20:32:27.232+0530] {logging_mixin.py:188} INFO - [2026-04-01T20:32:27.231+0530] {dag.py:3096} INFO - Sync 1 DAGs
[2026-04-01T20:32:27.248+0530] {logging_mixin.py:188} INFO - [2026-04-01T20:32:27.248+0530] {dag.py:3954} INFO - Setting next_dagrun for example_skip_dag to 2026-03-31 00:00:00+00:00, run_after=2026-04-01 00:00:00+00:00
[2026-04-01T20:32:27.261+0530] {processor.py:183} INFO - Processing /Users/aswin/Documents/data-engineering-practice/ETL_Airflow_DBT/airflow/airflow_env/lib/python3.11/site-packages/airflow/example_dags/example_skip_dag.py took 0.121 seconds
[2026-04-01T20:33:11.000+0530] {processor.py:161} INFO - Started process (PID=2800) to work on /Users/aswin/Documents/data-engineering-practice/ETL_Airflow_DBT/airflow/airflow_env/lib/python3.11/site-packages/airflow/example_dags/example_skip_dag.py
[2026-04-01T20:33:11.000+0530] {processor.py:830} INFO - Processing file /Users/aswin/Documents/data-engineering-practice/ETL_Airflow_DBT/airflow/airflow_env/lib/python3.11/site-packages/airflow/example_dags/example_skip_dag.py for tasks to queue
[2026-04-01T20:33:11.001+0530] {logging_mixin.py:188} INFO - [2026-04-01T20:33:11.001+0530] {dagbag.py:540} INFO - Filling up the DagBag from /Users/aswin/Documents/data-engineering-practice/ETL_Airflow_DBT/airflow/airflow_env/lib/python3.11/site-packages/airflow/example_dags/example_skip_dag.py
[2026-04-01T20:33:11.006+0530] {processor.py:840} INFO - DAG(s) 'example_skip_dag' retrieved from /Users/aswin/Documents/data-engineering-practice/ETL_Airflow_DBT/airflow/airflow_env/lib/python3.11/site-packages/airflow/example_dags/example_skip_dag.py
[2026-04-01T20:33:11.100+0530] {logging_mixin.py:188} INFO - [2026-04-01T20:33:11.100+0530] {dag.py:3096} INFO - Sync 1 DAGs
[2026-04-01T20:33:11.117+0530] {logging_mixin.py:188} INFO - [2026-04-01T20:33:11.117+0530] {dag.py:3954} INFO - Setting next_dagrun for example_skip_dag to 2026-03-31 00:00:00+00:00, run_after=2026-04-01 00:00:00+00:00
[2026-04-01T20:33:11.129+0530] {processor.py:183} INFO - Processing /Users/aswin/Documents/data-engineering-practice/ETL_Airflow_DBT/airflow/airflow_env/lib/python3.11/site-packages/airflow/example_dags/example_skip_dag.py took 0.131 seconds
[2026-04-01T20:33:50.746+0530] {processor.py:161} INFO - Started process (PID=2905) to work on /Users/aswin/Documents/data-engineering-practice/ETL_Airflow_DBT/airflow/airflow_env/lib/python3.11/site-packages/airflow/example_dags/example_skip_dag.py
[2026-04-01T20:33:50.746+0530] {processor.py:830} INFO - Processing file /Users/aswin/Documents/data-engineering-practice/ETL_Airflow_DBT/airflow/airflow_env/lib/python3.11/site-packages/airflow/example_dags/example_skip_dag.py for tasks to queue
[2026-04-01T20:33:50.747+0530] {logging_mixin.py:188} INFO - [2026-04-01T20:33:50.747+0530] {dagbag.py:540} INFO - Filling up the DagBag from /Users/aswin/Documents/data-engineering-practice/ETL_Airflow_DBT/airflow/airflow_env/lib/python3.11/site-packages/airflow/example_dags/example_skip_dag.py
[2026-04-01T20:33:50.752+0530] {processor.py:840} INFO - DAG(s) 'example_skip_dag' retrieved from /Users/aswin/Documents/data-engineering-practice/ETL_Airflow_DBT/airflow/airflow_env/lib/python3.11/site-packages/airflow/example_dags/example_skip_dag.py
[2026-04-01T20:33:50.843+0530] {logging_mixin.py:188} INFO - [2026-04-01T20:33:50.843+0530] {dag.py:3096} INFO - Sync 1 DAGs
[2026-04-01T20:33:50.862+0530] {logging_mixin.py:188} INFO - [2026-04-01T20:33:50.862+0530] {dag.py:3954} INFO - Setting next_dagrun for example_skip_dag to 2026-03-31 00:00:00+00:00, run_after=2026-04-01 00:00:00+00:00
[2026-04-01T20:33:50.877+0530] {processor.py:183} INFO - Processing /Users/aswin/Documents/data-engineering-practice/ETL_Airflow_DBT/airflow/airflow_env/lib/python3.11/site-packages/airflow/example_dags/example_skip_dag.py took 0.133 seconds
[2026-04-01T20:34:29.966+0530] {processor.py:161} INFO - Started process (PID=3005) to work on /Users/aswin/Documents/data-engineering-practice/ETL_Airflow_DBT/airflow/airflow_env/lib/python3.11/site-packages/airflow/example_dags/example_skip_dag.py
[2026-04-01T20:34:29.966+0530] {processor.py:830} INFO - Processing file /Users/aswin/Documents/data-engineering-practice/ETL_Airflow_DBT/airflow/airflow_env/lib/python3.11/site-packages/airflow/example_dags/example_skip_dag.py for tasks to queue
[2026-04-01T20:34:29.967+0530] {logging_mixin.py:188} INFO - [2026-04-01T20:34:29.967+0530] {dagbag.py:540} INFO - Filling up the DagBag from /Users/aswin/Documents/data-engineering-practice/ETL_Airflow_DBT/airflow/airflow_env/lib/python3.11/site-packages/airflow/example_dags/example_skip_dag.py
[2026-04-01T20:34:29.972+0530] {processor.py:840} INFO - DAG(s) 'example_skip_dag' retrieved from /Users/aswin/Documents/data-engineering-practice/ETL_Airflow_DBT/airflow/airflow_env/lib/python3.11/site-packages/airflow/example_dags/example_skip_dag.py
[2026-04-01T20:34:30.057+0530] {logging_mixin.py:188} INFO - [2026-04-01T20:34:30.057+0530] {dag.py:3096} INFO - Sync 1 DAGs
[2026-04-01T20:34:30.074+0530] {logging_mixin.py:188} INFO - [2026-04-01T20:34:30.074+0530] {dag.py:3954} INFO - Setting next_dagrun for example_skip_dag to 2026-03-31 00:00:00+00:00, run_after=2026-04-01 00:00:00+00:00
[2026-04-01T20:34:30.088+0530] {processor.py:183} INFO - Processing /Users/aswin/Documents/data-engineering-practice/ETL_Airflow_DBT/airflow/airflow_env/lib/python3.11/site-packages/airflow/example_dags/example_skip_dag.py took 0.124 seconds
[2026-04-01T20:35:09.803+0530] {processor.py:161} INFO - Started process (PID=3109) to work on /Users/aswin/Documents/data-engineering-practice/ETL_Airflow_DBT/airflow/airflow_env/lib/python3.11/site-packages/airflow/example_dags/example_skip_dag.py
[2026-04-01T20:35:09.804+0530] {processor.py:830} INFO - Processing file /Users/aswin/Documents/data-engineering-practice/ETL_Airflow_DBT/airflow/airflow_env/lib/python3.11/site-packages/airflow/example_dags/example_skip_dag.py for tasks to queue
[2026-04-01T20:35:09.804+0530] {logging_mixin.py:188} INFO - [2026-04-01T20:35:09.804+0530] {dagbag.py:540} INFO - Filling up the DagBag from /Users/aswin/Documents/data-engineering-practice/ETL_Airflow_DBT/airflow/airflow_env/lib/python3.11/site-packages/airflow/example_dags/example_skip_dag.py
[2026-04-01T20:35:09.810+0530] {processor.py:840} INFO - DAG(s) 'example_skip_dag' retrieved from /Users/aswin/Documents/data-engineering-practice/ETL_Airflow_DBT/airflow/airflow_env/lib/python3.11/site-packages/airflow/example_dags/example_skip_dag.py
[2026-04-01T20:35:09.904+0530] {logging_mixin.py:188} INFO - [2026-04-01T20:35:09.904+0530] {dag.py:3096} INFO - Sync 1 DAGs
[2026-04-01T20:35:09.921+0530] {logging_mixin.py:188} INFO - [2026-04-01T20:35:09.920+0530] {dag.py:3954} INFO - Setting next_dagrun for example_skip_dag to 2026-03-31 00:00:00+00:00, run_after=2026-04-01 00:00:00+00:00
[2026-04-01T20:35:09.935+0530] {processor.py:183} INFO - Processing /Users/aswin/Documents/data-engineering-practice/ETL_Airflow_DBT/airflow/airflow_env/lib/python3.11/site-packages/airflow/example_dags/example_skip_dag.py took 0.134 seconds
[2026-04-01T20:35:53.821+0530] {processor.py:161} INFO - Started process (PID=3218) to work on /Users/aswin/Documents/data-engineering-practice/ETL_Airflow_DBT/airflow/airflow_env/lib/python3.11/site-packages/airflow/example_dags/example_skip_dag.py
[2026-04-01T20:35:53.822+0530] {processor.py:830} INFO - Processing file /Users/aswin/Documents/data-engineering-practice/ETL_Airflow_DBT/airflow/airflow_env/lib/python3.11/site-packages/airflow/example_dags/example_skip_dag.py for tasks to queue
[2026-04-01T20:35:53.822+0530] {logging_mixin.py:188} INFO - [2026-04-01T20:35:53.822+0530] {dagbag.py:540} INFO - Filling up the DagBag from /Users/aswin/Documents/data-engineering-practice/ETL_Airflow_DBT/airflow/airflow_env/lib/python3.11/site-packages/airflow/example_dags/example_skip_dag.py
[2026-04-01T20:35:53.827+0530] {processor.py:840} INFO - DAG(s) 'example_skip_dag' retrieved from /Users/aswin/Documents/data-engineering-practice/ETL_Airflow_DBT/airflow/airflow_env/lib/python3.11/site-packages/airflow/example_dags/example_skip_dag.py
[2026-04-01T20:35:53.906+0530] {logging_mixin.py:188} INFO - [2026-04-01T20:35:53.906+0530] {dag.py:3096} INFO - Sync 1 DAGs
[2026-04-01T20:35:53.923+0530] {logging_mixin.py:188} INFO - [2026-04-01T20:35:53.923+0530] {dag.py:3954} INFO - Setting next_dagrun for example_skip_dag to 2026-03-31 00:00:00+00:00, run_after=2026-04-01 00:00:00+00:00
[2026-04-01T20:35:53.936+0530] {processor.py:183} INFO - Processing /Users/aswin/Documents/data-engineering-practice/ETL_Airflow_DBT/airflow/airflow_env/lib/python3.11/site-packages/airflow/example_dags/example_skip_dag.py took 0.117 seconds
[2026-04-01T20:36:34.724+0530] {processor.py:161} INFO - Started process (PID=3325) to work on /Users/aswin/Documents/data-engineering-practice/ETL_Airflow_DBT/airflow/airflow_env/lib/python3.11/site-packages/airflow/example_dags/example_skip_dag.py
[2026-04-01T20:36:34.724+0530] {processor.py:830} INFO - Processing file /Users/aswin/Documents/data-engineering-practice/ETL_Airflow_DBT/airflow/airflow_env/lib/python3.11/site-packages/airflow/example_dags/example_skip_dag.py for tasks to queue
[2026-04-01T20:36:34.725+0530] {logging_mixin.py:188} INFO - [2026-04-01T20:36:34.725+0530] {dagbag.py:540} INFO - Filling up the DagBag from /Users/aswin/Documents/data-engineering-practice/ETL_Airflow_DBT/airflow/airflow_env/lib/python3.11/site-packages/airflow/example_dags/example_skip_dag.py
[2026-04-01T20:36:34.729+0530] {processor.py:840} INFO - DAG(s) 'example_skip_dag' retrieved from /Users/aswin/Documents/data-engineering-practice/ETL_Airflow_DBT/airflow/airflow_env/lib/python3.11/site-packages/airflow/example_dags/example_skip_dag.py
[2026-04-01T20:36:34.815+0530] {logging_mixin.py:188} INFO - [2026-04-01T20:36:34.815+0530] {dag.py:3096} INFO - Sync 1 DAGs
[2026-04-01T20:36:34.834+0530] {logging_mixin.py:188} INFO - [2026-04-01T20:36:34.834+0530] {dag.py:3954} INFO - Setting next_dagrun for example_skip_dag to 2026-03-31 00:00:00+00:00, run_after=2026-04-01 00:00:00+00:00
[2026-04-01T20:36:34.848+0530] {processor.py:183} INFO - Processing /Users/aswin/Documents/data-engineering-practice/ETL_Airflow_DBT/airflow/airflow_env/lib/python3.11/site-packages/airflow/example_dags/example_skip_dag.py took 0.126 seconds
[2026-04-01T20:37:12.099+0530] {processor.py:161} INFO - Started process (PID=3425) to work on /Users/aswin/Documents/data-engineering-practice/ETL_Airflow_DBT/airflow/airflow_env/lib/python3.11/site-packages/airflow/example_dags/example_skip_dag.py
[2026-04-01T20:37:12.100+0530] {processor.py:830} INFO - Processing file /Users/aswin/Documents/data-engineering-practice/ETL_Airflow_DBT/airflow/airflow_env/lib/python3.11/site-packages/airflow/example_dags/example_skip_dag.py for tasks to queue
[2026-04-01T20:37:12.100+0530] {logging_mixin.py:188} INFO - [2026-04-01T20:37:12.100+0530] {dagbag.py:540} INFO - Filling up the DagBag from /Users/aswin/Documents/data-engineering-practice/ETL_Airflow_DBT/airflow/airflow_env/lib/python3.11/site-packages/airflow/example_dags/example_skip_dag.py
[2026-04-01T20:37:12.105+0530] {processor.py:840} INFO - DAG(s) 'example_skip_dag' retrieved from /Users/aswin/Documents/data-engineering-practice/ETL_Airflow_DBT/airflow/airflow_env/lib/python3.11/site-packages/airflow/example_dags/example_skip_dag.py
[2026-04-01T20:37:14.934+0530] {logging_mixin.py:188} INFO - [2026-04-01T20:37:14.933+0530] {dag.py:3096} INFO - Sync 1 DAGs
[2026-04-01T20:37:14.952+0530] {logging_mixin.py:188} INFO - [2026-04-01T20:37:14.951+0530] {dag.py:3954} INFO - Setting next_dagrun for example_skip_dag to 2026-03-31 00:00:00+00:00, run_after=2026-04-01 00:00:00+00:00
[2026-04-01T20:37:14.965+0530] {processor.py:183} INFO - Processing /Users/aswin/Documents/data-engineering-practice/ETL_Airflow_DBT/airflow/airflow_env/lib/python3.11/site-packages/airflow/example_dags/example_skip_dag.py took 0.347 seconds
[2026-04-01T20:53:26.329+0530] {processor.py:161} INFO - Started process (PID=3509) to work on /Users/aswin/Documents/data-engineering-practice/ETL_Airflow_DBT/airflow/airflow_env/lib/python3.11/site-packages/airflow/example_dags/example_skip_dag.py
[2026-04-01T20:53:26.329+0530] {processor.py:830} INFO - Processing file /Users/aswin/Documents/data-engineering-practice/ETL_Airflow_DBT/airflow/airflow_env/lib/python3.11/site-packages/airflow/example_dags/example_skip_dag.py for tasks to queue
[2026-04-01T20:53:26.330+0530] {logging_mixin.py:188} INFO - [2026-04-01T20:53:26.329+0530] {dagbag.py:540} INFO - Filling up the DagBag from /Users/aswin/Documents/data-engineering-practice/ETL_Airflow_DBT/airflow/airflow_env/lib/python3.11/site-packages/airflow/example_dags/example_skip_dag.py
[2026-04-01T20:53:26.333+0530] {processor.py:840} INFO - DAG(s) 'example_skip_dag' retrieved from /Users/aswin/Documents/data-engineering-practice/ETL_Airflow_DBT/airflow/airflow_env/lib/python3.11/site-packages/airflow/example_dags/example_skip_dag.py
[2026-04-01T20:53:26.394+0530] {logging_mixin.py:188} INFO - [2026-04-01T20:53:26.394+0530] {dag.py:3096} INFO - Sync 1 DAGs
[2026-04-01T20:53:26.407+0530] {logging_mixin.py:188} INFO - [2026-04-01T20:53:26.407+0530] {dag.py:3954} INFO - Setting next_dagrun for example_skip_dag to 2026-03-31 00:00:00+00:00, run_after=2026-04-01 00:00:00+00:00
[2026-04-01T20:53:26.418+0530] {processor.py:183} INFO - Processing /Users/aswin/Documents/data-engineering-practice/ETL_Airflow_DBT/airflow/airflow_env/lib/python3.11/site-packages/airflow/example_dags/example_skip_dag.py took 0.091 seconds
[2026-04-01T20:54:35.003+0530] {processor.py:161} INFO - Started process (PID=3606) to work on /Users/aswin/Documents/data-engineering-practice/ETL_Airflow_DBT/airflow/airflow_env/lib/python3.11/site-packages/airflow/example_dags/example_skip_dag.py
[2026-04-01T20:54:35.003+0530] {processor.py:830} INFO - Processing file /Users/aswin/Documents/data-engineering-practice/ETL_Airflow_DBT/airflow/airflow_env/lib/python3.11/site-packages/airflow/example_dags/example_skip_dag.py for tasks to queue
[2026-04-01T20:54:35.003+0530] {logging_mixin.py:188} INFO - [2026-04-01T20:54:35.003+0530] {dagbag.py:540} INFO - Filling up the DagBag from /Users/aswin/Documents/data-engineering-practice/ETL_Airflow_DBT/airflow/airflow_env/lib/python3.11/site-packages/airflow/example_dags/example_skip_dag.py
[2026-04-01T20:54:35.007+0530] {processor.py:840} INFO - DAG(s) 'example_skip_dag' retrieved from /Users/aswin/Documents/data-engineering-practice/ETL_Airflow_DBT/airflow/airflow_env/lib/python3.11/site-packages/airflow/example_dags/example_skip_dag.py
[2026-04-01T20:54:35.064+0530] {logging_mixin.py:188} INFO - [2026-04-01T20:54:35.063+0530] {dag.py:3096} INFO - Sync 1 DAGs
[2026-04-01T20:54:35.077+0530] {logging_mixin.py:188} INFO - [2026-04-01T20:54:35.077+0530] {dag.py:3954} INFO - Setting next_dagrun for example_skip_dag to 2026-03-31 00:00:00+00:00, run_after=2026-04-01 00:00:00+00:00
[2026-04-01T20:54:35.086+0530] {processor.py:183} INFO - Processing /Users/aswin/Documents/data-engineering-practice/ETL_Airflow_DBT/airflow/airflow_env/lib/python3.11/site-packages/airflow/example_dags/example_skip_dag.py took 0.085 seconds
[2026-04-01T20:55:39.462+0530] {processor.py:161} INFO - Started process (PID=3694) to work on /Users/aswin/Documents/data-engineering-practice/ETL_Airflow_DBT/airflow/airflow_env/lib/python3.11/site-packages/airflow/example_dags/example_skip_dag.py
[2026-04-01T20:55:39.463+0530] {processor.py:830} INFO - Processing file /Users/aswin/Documents/data-engineering-practice/ETL_Airflow_DBT/airflow/airflow_env/lib/python3.11/site-packages/airflow/example_dags/example_skip_dag.py for tasks to queue
[2026-04-01T20:55:39.464+0530] {logging_mixin.py:188} INFO - [2026-04-01T20:55:39.463+0530] {dagbag.py:540} INFO - Filling up the DagBag from /Users/aswin/Documents/data-engineering-practice/ETL_Airflow_DBT/airflow/airflow_env/lib/python3.11/site-packages/airflow/example_dags/example_skip_dag.py
[2026-04-01T20:55:39.467+0530] {processor.py:840} INFO - DAG(s) 'example_skip_dag' retrieved from /Users/aswin/Documents/data-engineering-practice/ETL_Airflow_DBT/airflow/airflow_env/lib/python3.11/site-packages/airflow/example_dags/example_skip_dag.py
[2026-04-01T20:55:39.520+0530] {logging_mixin.py:188} INFO - [2026-04-01T20:55:39.520+0530] {dag.py:3096} INFO - Sync 1 DAGs
[2026-04-01T20:55:39.535+0530] {logging_mixin.py:188} INFO - [2026-04-01T20:55:39.535+0530] {dag.py:3954} INFO - Setting next_dagrun for example_skip_dag to 2026-03-31 00:00:00+00:00, run_after=2026-04-01 00:00:00+00:00
[2026-04-01T20:55:39.544+0530] {processor.py:183} INFO - Processing /Users/aswin/Documents/data-engineering-practice/ETL_Airflow_DBT/airflow/airflow_env/lib/python3.11/site-packages/airflow/example_dags/example_skip_dag.py took 0.083 seconds
[2026-04-01T21:13:31.709+0530] {processor.py:161} INFO - Started process (PID=3781) to work on /Users/aswin/Documents/data-engineering-practice/ETL_Airflow_DBT/airflow/airflow_env/lib/python3.11/site-packages/airflow/example_dags/example_skip_dag.py
[2026-04-01T21:13:31.709+0530] {processor.py:830} INFO - Processing file /Users/aswin/Documents/data-engineering-practice/ETL_Airflow_DBT/airflow/airflow_env/lib/python3.11/site-packages/airflow/example_dags/example_skip_dag.py for tasks to queue
[2026-04-01T21:13:31.710+0530] {logging_mixin.py:188} INFO - [2026-04-01T21:13:31.709+0530] {dagbag.py:540} INFO - Filling up the DagBag from /Users/aswin/Documents/data-engineering-practice/ETL_Airflow_DBT/airflow/airflow_env/lib/python3.11/site-packages/airflow/example_dags/example_skip_dag.py
[2026-04-01T21:13:31.712+0530] {processor.py:840} INFO - DAG(s) 'example_skip_dag' retrieved from /Users/aswin/Documents/data-engineering-practice/ETL_Airflow_DBT/airflow/airflow_env/lib/python3.11/site-packages/airflow/example_dags/example_skip_dag.py
[2026-04-01T21:13:31.765+0530] {logging_mixin.py:188} INFO - [2026-04-01T21:13:31.765+0530] {dag.py:3096} INFO - Sync 1 DAGs
[2026-04-01T21:13:31.777+0530] {logging_mixin.py:188} INFO - [2026-04-01T21:13:31.777+0530] {dag.py:3954} INFO - Setting next_dagrun for example_skip_dag to 2026-03-31 00:00:00+00:00, run_after=2026-04-01 00:00:00+00:00
[2026-04-01T21:13:31.787+0530] {processor.py:183} INFO - Processing /Users/aswin/Documents/data-engineering-practice/ETL_Airflow_DBT/airflow/airflow_env/lib/python3.11/site-packages/airflow/example_dags/example_skip_dag.py took 0.080 seconds
[2026-04-01T21:14:36.902+0530] {processor.py:161} INFO - Started process (PID=3869) to work on /Users/aswin/Documents/data-engineering-practice/ETL_Airflow_DBT/airflow/airflow_env/lib/python3.11/site-packages/airflow/example_dags/example_skip_dag.py
[2026-04-01T21:14:36.903+0530] {processor.py:830} INFO - Processing file /Users/aswin/Documents/data-engineering-practice/ETL_Airflow_DBT/airflow/airflow_env/lib/python3.11/site-packages/airflow/example_dags/example_skip_dag.py for tasks to queue
[2026-04-01T21:14:36.904+0530] {logging_mixin.py:188} INFO - [2026-04-01T21:14:36.904+0530] {dagbag.py:540} INFO - Filling up the DagBag from /Users/aswin/Documents/data-engineering-practice/ETL_Airflow_DBT/airflow/airflow_env/lib/python3.11/site-packages/airflow/example_dags/example_skip_dag.py
[2026-04-01T21:14:36.907+0530] {processor.py:840} INFO - DAG(s) 'example_skip_dag' retrieved from /Users/aswin/Documents/data-engineering-practice/ETL_Airflow_DBT/airflow/airflow_env/lib/python3.11/site-packages/airflow/example_dags/example_skip_dag.py
[2026-04-01T21:14:36.957+0530] {logging_mixin.py:188} INFO - [2026-04-01T21:14:36.957+0530] {dag.py:3096} INFO - Sync 1 DAGs
[2026-04-01T21:14:36.966+0530] {logging_mixin.py:188} INFO - [2026-04-01T21:14:36.966+0530] {dag.py:3954} INFO - Setting next_dagrun for example_skip_dag to 2026-03-31 00:00:00+00:00, run_after=2026-04-01 00:00:00+00:00
[2026-04-01T21:14:36.975+0530] {processor.py:183} INFO - Processing /Users/aswin/Documents/data-engineering-practice/ETL_Airflow_DBT/airflow/airflow_env/lib/python3.11/site-packages/airflow/example_dags/example_skip_dag.py took 0.074 seconds
[2026-04-01T21:20:47.304+0530] {processor.py:161} INFO - Started process (PID=4026) to work on /Users/aswin/Documents/data-engineering-practice/ETL_Airflow_DBT/airflow/airflow_env/lib/python3.11/site-packages/airflow/example_dags/example_skip_dag.py
[2026-04-01T21:20:47.304+0530] {processor.py:830} INFO - Processing file /Users/aswin/Documents/data-engineering-practice/ETL_Airflow_DBT/airflow/airflow_env/lib/python3.11/site-packages/airflow/example_dags/example_skip_dag.py for tasks to queue
[2026-04-01T21:20:47.305+0530] {logging_mixin.py:188} INFO - [2026-04-01T21:20:47.305+0530] {dagbag.py:540} INFO - Filling up the DagBag from /Users/aswin/Documents/data-engineering-practice/ETL_Airflow_DBT/airflow/airflow_env/lib/python3.11/site-packages/airflow/example_dags/example_skip_dag.py
[2026-04-01T21:20:47.308+0530] {processor.py:840} INFO - DAG(s) 'example_skip_dag' retrieved from /Users/aswin/Documents/data-engineering-practice/ETL_Airflow_DBT/airflow/airflow_env/lib/python3.11/site-packages/airflow/example_dags/example_skip_dag.py
[2026-04-01T21:20:47.366+0530] {logging_mixin.py:188} INFO - [2026-04-01T21:20:47.366+0530] {dag.py:3096} INFO - Sync 1 DAGs
[2026-04-01T21:20:47.380+0530] {logging_mixin.py:188} INFO - [2026-04-01T21:20:47.380+0530] {dag.py:3954} INFO - Setting next_dagrun for example_skip_dag to 2026-03-31 00:00:00+00:00, run_after=2026-04-01 00:00:00+00:00
[2026-04-01T21:20:47.389+0530] {processor.py:183} INFO - Processing /Users/aswin/Documents/data-engineering-practice/ETL_Airflow_DBT/airflow/airflow_env/lib/python3.11/site-packages/airflow/example_dags/example_skip_dag.py took 0.086 seconds
[2026-04-01T21:21:20.428+0530] {processor.py:161} INFO - Started process (PID=4137) to work on /Users/aswin/Documents/data-engineering-practice/ETL_Airflow_DBT/airflow/airflow_env/lib/python3.11/site-packages/airflow/example_dags/example_skip_dag.py
[2026-04-01T21:21:20.428+0530] {processor.py:830} INFO - Processing file /Users/aswin/Documents/data-engineering-practice/ETL_Airflow_DBT/airflow/airflow_env/lib/python3.11/site-packages/airflow/example_dags/example_skip_dag.py for tasks to queue
[2026-04-01T21:21:20.429+0530] {logging_mixin.py:188} INFO - [2026-04-01T21:21:20.429+0530] {dagbag.py:540} INFO - Filling up the DagBag from /Users/aswin/Documents/data-engineering-practice/ETL_Airflow_DBT/airflow/airflow_env/lib/python3.11/site-packages/airflow/example_dags/example_skip_dag.py
[2026-04-01T21:21:20.432+0530] {processor.py:840} INFO - DAG(s) 'example_skip_dag' retrieved from /Users/aswin/Documents/data-engineering-practice/ETL_Airflow_DBT/airflow/airflow_env/lib/python3.11/site-packages/airflow/example_dags/example_skip_dag.py
[2026-04-01T21:21:20.482+0530] {logging_mixin.py:188} INFO - [2026-04-01T21:21:20.482+0530] {dag.py:3096} INFO - Sync 1 DAGs
[2026-04-01T21:21:20.495+0530] {logging_mixin.py:188} INFO - [2026-04-01T21:21:20.494+0530] {dag.py:3954} INFO - Setting next_dagrun for example_skip_dag to 2026-03-31 00:00:00+00:00, run_after=2026-04-01 00:00:00+00:00
[2026-04-01T21:21:20.505+0530] {processor.py:183} INFO - Processing /Users/aswin/Documents/data-engineering-practice/ETL_Airflow_DBT/airflow/airflow_env/lib/python3.11/site-packages/airflow/example_dags/example_skip_dag.py took 0.078 seconds
[2026-04-01T21:21:54.227+0530] {processor.py:161} INFO - Started process (PID=4254) to work on /Users/aswin/Documents/data-engineering-practice/ETL_Airflow_DBT/airflow/airflow_env/lib/python3.11/site-packages/airflow/example_dags/example_skip_dag.py
[2026-04-01T21:21:54.228+0530] {processor.py:830} INFO - Processing file /Users/aswin/Documents/data-engineering-practice/ETL_Airflow_DBT/airflow/airflow_env/lib/python3.11/site-packages/airflow/example_dags/example_skip_dag.py for tasks to queue
[2026-04-01T21:21:54.229+0530] {logging_mixin.py:188} INFO - [2026-04-01T21:21:54.228+0530] {dagbag.py:540} INFO - Filling up the DagBag from /Users/aswin/Documents/data-engineering-practice/ETL_Airflow_DBT/airflow/airflow_env/lib/python3.11/site-packages/airflow/example_dags/example_skip_dag.py
[2026-04-01T21:21:54.232+0530] {processor.py:840} INFO - DAG(s) 'example_skip_dag' retrieved from /Users/aswin/Documents/data-engineering-practice/ETL_Airflow_DBT/airflow/airflow_env/lib/python3.11/site-packages/airflow/example_dags/example_skip_dag.py
[2026-04-01T21:21:54.288+0530] {logging_mixin.py:188} INFO - [2026-04-01T21:21:54.287+0530] {dag.py:3096} INFO - Sync 1 DAGs
[2026-04-01T21:21:54.301+0530] {logging_mixin.py:188} INFO - [2026-04-01T21:21:54.301+0530] {dag.py:3954} INFO - Setting next_dagrun for example_skip_dag to 2026-03-31 00:00:00+00:00, run_after=2026-04-01 00:00:00+00:00
[2026-04-01T21:21:54.308+0530] {processor.py:183} INFO - Processing /Users/aswin/Documents/data-engineering-practice/ETL_Airflow_DBT/airflow/airflow_env/lib/python3.11/site-packages/airflow/example_dags/example_skip_dag.py took 0.082 seconds
[2026-04-01T21:22:25.075+0530] {processor.py:161} INFO - Started process (PID=4367) to work on /Users/aswin/Documents/data-engineering-practice/ETL_Airflow_DBT/airflow/airflow_env/lib/python3.11/site-packages/airflow/example_dags/example_skip_dag.py
[2026-04-01T21:22:25.075+0530] {processor.py:830} INFO - Processing file /Users/aswin/Documents/data-engineering-practice/ETL_Airflow_DBT/airflow/airflow_env/lib/python3.11/site-packages/airflow/example_dags/example_skip_dag.py for tasks to queue
[2026-04-01T21:22:25.075+0530] {logging_mixin.py:188} INFO - [2026-04-01T21:22:25.075+0530] {dagbag.py:540} INFO - Filling up the DagBag from /Users/aswin/Documents/data-engineering-practice/ETL_Airflow_DBT/airflow/airflow_env/lib/python3.11/site-packages/airflow/example_dags/example_skip_dag.py
[2026-04-01T21:22:25.079+0530] {processor.py:840} INFO - DAG(s) 'example_skip_dag' retrieved from /Users/aswin/Documents/data-engineering-practice/ETL_Airflow_DBT/airflow/airflow_env/lib/python3.11/site-packages/airflow/example_dags/example_skip_dag.py
[2026-04-01T21:22:25.134+0530] {logging_mixin.py:188} INFO - [2026-04-01T21:22:25.134+0530] {dag.py:3096} INFO - Sync 1 DAGs
[2026-04-01T21:22:25.146+0530] {logging_mixin.py:188} INFO - [2026-04-01T21:22:25.146+0530] {dag.py:3954} INFO - Setting next_dagrun for example_skip_dag to 2026-03-31 00:00:00+00:00, run_after=2026-04-01 00:00:00+00:00
[2026-04-01T21:22:25.156+0530] {processor.py:183} INFO - Processing /Users/aswin/Documents/data-engineering-practice/ETL_Airflow_DBT/airflow/airflow_env/lib/python3.11/site-packages/airflow/example_dags/example_skip_dag.py took 0.082 seconds
[2026-04-01T21:23:00.941+0530] {processor.py:161} INFO - Started process (PID=4495) to work on /Users/aswin/Documents/data-engineering-practice/ETL_Airflow_DBT/airflow/airflow_env/lib/python3.11/site-packages/airflow/example_dags/example_skip_dag.py
[2026-04-01T21:23:00.942+0530] {processor.py:830} INFO - Processing file /Users/aswin/Documents/data-engineering-practice/ETL_Airflow_DBT/airflow/airflow_env/lib/python3.11/site-packages/airflow/example_dags/example_skip_dag.py for tasks to queue
[2026-04-01T21:23:00.943+0530] {logging_mixin.py:188} INFO - [2026-04-01T21:23:00.943+0530] {dagbag.py:540} INFO - Filling up the DagBag from /Users/aswin/Documents/data-engineering-practice/ETL_Airflow_DBT/airflow/airflow_env/lib/python3.11/site-packages/airflow/example_dags/example_skip_dag.py
[2026-04-01T21:23:00.946+0530] {processor.py:840} INFO - DAG(s) 'example_skip_dag' retrieved from /Users/aswin/Documents/data-engineering-practice/ETL_Airflow_DBT/airflow/airflow_env/lib/python3.11/site-packages/airflow/example_dags/example_skip_dag.py
[2026-04-01T21:23:01.013+0530] {logging_mixin.py:188} INFO - [2026-04-01T21:23:01.013+0530] {dag.py:3096} INFO - Sync 1 DAGs
[2026-04-01T21:23:01.025+0530] {logging_mixin.py:188} INFO - [2026-04-01T21:23:01.025+0530] {dag.py:3954} INFO - Setting next_dagrun for example_skip_dag to 2026-03-31 00:00:00+00:00, run_after=2026-04-01 00:00:00+00:00
[2026-04-01T21:23:01.038+0530] {processor.py:183} INFO - Processing /Users/aswin/Documents/data-engineering-practice/ETL_Airflow_DBT/airflow/airflow_env/lib/python3.11/site-packages/airflow/example_dags/example_skip_dag.py took 0.098 seconds
[2026-04-01T21:23:33.317+0530] {processor.py:161} INFO - Started process (PID=4606) to work on /Users/aswin/Documents/data-engineering-practice/ETL_Airflow_DBT/airflow/airflow_env/lib/python3.11/site-packages/airflow/example_dags/example_skip_dag.py
[2026-04-01T21:23:33.318+0530] {processor.py:830} INFO - Processing file /Users/aswin/Documents/data-engineering-practice/ETL_Airflow_DBT/airflow/airflow_env/lib/python3.11/site-packages/airflow/example_dags/example_skip_dag.py for tasks to queue
[2026-04-01T21:23:33.318+0530] {logging_mixin.py:188} INFO - [2026-04-01T21:23:33.318+0530] {dagbag.py:540} INFO - Filling up the DagBag from /Users/aswin/Documents/data-engineering-practice/ETL_Airflow_DBT/airflow/airflow_env/lib/python3.11/site-packages/airflow/example_dags/example_skip_dag.py
[2026-04-01T21:23:33.322+0530] {processor.py:840} INFO - DAG(s) 'example_skip_dag' retrieved from /Users/aswin/Documents/data-engineering-practice/ETL_Airflow_DBT/airflow/airflow_env/lib/python3.11/site-packages/airflow/example_dags/example_skip_dag.py
[2026-04-01T21:23:33.399+0530] {logging_mixin.py:188} INFO - [2026-04-01T21:23:33.399+0530] {dag.py:3096} INFO - Sync 1 DAGs
[2026-04-01T21:23:33.415+0530] {logging_mixin.py:188} INFO - [2026-04-01T21:23:33.415+0530] {dag.py:3954} INFO - Setting next_dagrun for example_skip_dag to 2026-03-31 00:00:00+00:00, run_after=2026-04-01 00:00:00+00:00
[2026-04-01T21:23:33.427+0530] {processor.py:183} INFO - Processing /Users/aswin/Documents/data-engineering-practice/ETL_Airflow_DBT/airflow/airflow_env/lib/python3.11/site-packages/airflow/example_dags/example_skip_dag.py took 0.112 seconds
[2026-04-01T21:24:11.723+0530] {processor.py:161} INFO - Started process (PID=4719) to work on /Users/aswin/Documents/data-engineering-practice/ETL_Airflow_DBT/airflow/airflow_env/lib/python3.11/site-packages/airflow/example_dags/example_skip_dag.py
[2026-04-01T21:24:11.724+0530] {processor.py:830} INFO - Processing file /Users/aswin/Documents/data-engineering-practice/ETL_Airflow_DBT/airflow/airflow_env/lib/python3.11/site-packages/airflow/example_dags/example_skip_dag.py for tasks to queue
[2026-04-01T21:24:11.724+0530] {logging_mixin.py:188} INFO - [2026-04-01T21:24:11.724+0530] {dagbag.py:540} INFO - Filling up the DagBag from /Users/aswin/Documents/data-engineering-practice/ETL_Airflow_DBT/airflow/airflow_env/lib/python3.11/site-packages/airflow/example_dags/example_skip_dag.py
[2026-04-01T21:24:11.729+0530] {processor.py:840} INFO - DAG(s) 'example_skip_dag' retrieved from /Users/aswin/Documents/data-engineering-practice/ETL_Airflow_DBT/airflow/airflow_env/lib/python3.11/site-packages/airflow/example_dags/example_skip_dag.py
[2026-04-01T21:24:11.809+0530] {logging_mixin.py:188} INFO - [2026-04-01T21:24:11.809+0530] {dag.py:3096} INFO - Sync 1 DAGs
[2026-04-01T21:24:11.826+0530] {logging_mixin.py:188} INFO - [2026-04-01T21:24:11.826+0530] {dag.py:3954} INFO - Setting next_dagrun for example_skip_dag to 2026-03-31 00:00:00+00:00, run_after=2026-04-01 00:00:00+00:00
[2026-04-01T21:24:11.839+0530] {processor.py:183} INFO - Processing /Users/aswin/Documents/data-engineering-practice/ETL_Airflow_DBT/airflow/airflow_env/lib/python3.11/site-packages/airflow/example_dags/example_skip_dag.py took 0.117 seconds
[2026-04-01T21:24:55.580+0530] {processor.py:161} INFO - Started process (PID=4832) to work on /Users/aswin/Documents/data-engineering-practice/ETL_Airflow_DBT/airflow/airflow_env/lib/python3.11/site-packages/airflow/example_dags/example_skip_dag.py
[2026-04-01T21:24:55.581+0530] {processor.py:830} INFO - Processing file /Users/aswin/Documents/data-engineering-practice/ETL_Airflow_DBT/airflow/airflow_env/lib/python3.11/site-packages/airflow/example_dags/example_skip_dag.py for tasks to queue
[2026-04-01T21:24:55.581+0530] {logging_mixin.py:188} INFO - [2026-04-01T21:24:55.581+0530] {dagbag.py:540} INFO - Filling up the DagBag from /Users/aswin/Documents/data-engineering-practice/ETL_Airflow_DBT/airflow/airflow_env/lib/python3.11/site-packages/airflow/example_dags/example_skip_dag.py
[2026-04-01T21:24:55.587+0530] {processor.py:840} INFO - DAG(s) 'example_skip_dag' retrieved from /Users/aswin/Documents/data-engineering-practice/ETL_Airflow_DBT/airflow/airflow_env/lib/python3.11/site-packages/airflow/example_dags/example_skip_dag.py
[2026-04-01T21:24:55.670+0530] {logging_mixin.py:188} INFO - [2026-04-01T21:24:55.669+0530] {dag.py:3096} INFO - Sync 1 DAGs
[2026-04-01T21:24:55.685+0530] {logging_mixin.py:188} INFO - [2026-04-01T21:24:55.685+0530] {dag.py:3954} INFO - Setting next_dagrun for example_skip_dag to 2026-03-31 00:00:00+00:00, run_after=2026-04-01 00:00:00+00:00
[2026-04-01T21:24:55.698+0530] {processor.py:183} INFO - Processing /Users/aswin/Documents/data-engineering-practice/ETL_Airflow_DBT/airflow/airflow_env/lib/python3.11/site-packages/airflow/example_dags/example_skip_dag.py took 0.120 seconds
[2026-04-01T21:25:44.133+0530] {processor.py:161} INFO - Started process (PID=4954) to work on /Users/aswin/Documents/data-engineering-practice/ETL_Airflow_DBT/airflow/airflow_env/lib/python3.11/site-packages/airflow/example_dags/example_skip_dag.py
[2026-04-01T21:25:44.134+0530] {processor.py:830} INFO - Processing file /Users/aswin/Documents/data-engineering-practice/ETL_Airflow_DBT/airflow/airflow_env/lib/python3.11/site-packages/airflow/example_dags/example_skip_dag.py for tasks to queue
[2026-04-01T21:25:44.134+0530] {logging_mixin.py:188} INFO - [2026-04-01T21:25:44.134+0530] {dagbag.py:540} INFO - Filling up the DagBag from /Users/aswin/Documents/data-engineering-practice/ETL_Airflow_DBT/airflow/airflow_env/lib/python3.11/site-packages/airflow/example_dags/example_skip_dag.py
[2026-04-01T21:25:44.139+0530] {processor.py:840} INFO - DAG(s) 'example_skip_dag' retrieved from /Users/aswin/Documents/data-engineering-practice/ETL_Airflow_DBT/airflow/airflow_env/lib/python3.11/site-packages/airflow/example_dags/example_skip_dag.py
[2026-04-01T21:25:44.224+0530] {logging_mixin.py:188} INFO - [2026-04-01T21:25:44.224+0530] {dag.py:3096} INFO - Sync 1 DAGs
[2026-04-01T21:25:44.242+0530] {logging_mixin.py:188} INFO - [2026-04-01T21:25:44.242+0530] {dag.py:3954} INFO - Setting next_dagrun for example_skip_dag to 2026-03-31 00:00:00+00:00, run_after=2026-04-01 00:00:00+00:00
[2026-04-01T21:25:44.255+0530] {processor.py:183} INFO - Processing /Users/aswin/Documents/data-engineering-practice/ETL_Airflow_DBT/airflow/airflow_env/lib/python3.11/site-packages/airflow/example_dags/example_skip_dag.py took 0.124 seconds
[2026-04-01T21:26:30.468+0530] {processor.py:161} INFO - Started process (PID=5075) to work on /Users/aswin/Documents/data-engineering-practice/ETL_Airflow_DBT/airflow/airflow_env/lib/python3.11/site-packages/airflow/example_dags/example_skip_dag.py
[2026-04-01T21:26:30.469+0530] {processor.py:830} INFO - Processing file /Users/aswin/Documents/data-engineering-practice/ETL_Airflow_DBT/airflow/airflow_env/lib/python3.11/site-packages/airflow/example_dags/example_skip_dag.py for tasks to queue
[2026-04-01T21:26:30.470+0530] {logging_mixin.py:188} INFO - [2026-04-01T21:26:30.469+0530] {dagbag.py:540} INFO - Filling up the DagBag from /Users/aswin/Documents/data-engineering-practice/ETL_Airflow_DBT/airflow/airflow_env/lib/python3.11/site-packages/airflow/example_dags/example_skip_dag.py
[2026-04-01T21:26:30.475+0530] {processor.py:840} INFO - DAG(s) 'example_skip_dag' retrieved from /Users/aswin/Documents/data-engineering-practice/ETL_Airflow_DBT/airflow/airflow_env/lib/python3.11/site-packages/airflow/example_dags/example_skip_dag.py
[2026-04-01T21:26:30.563+0530] {logging_mixin.py:188} INFO - [2026-04-01T21:26:30.563+0530] {dag.py:3096} INFO - Sync 1 DAGs
[2026-04-01T21:26:30.581+0530] {logging_mixin.py:188} INFO - [2026-04-01T21:26:30.581+0530] {dag.py:3954} INFO - Setting next_dagrun for example_skip_dag to 2026-03-31 00:00:00+00:00, run_after=2026-04-01 00:00:00+00:00
[2026-04-01T21:26:30.595+0530] {processor.py:183} INFO - Processing /Users/aswin/Documents/data-engineering-practice/ETL_Airflow_DBT/airflow/airflow_env/lib/python3.11/site-packages/airflow/example_dags/example_skip_dag.py took 0.129 seconds
[2026-04-01T21:27:10.223+0530] {processor.py:161} INFO - Started process (PID=5180) to work on /Users/aswin/Documents/data-engineering-practice/ETL_Airflow_DBT/airflow/airflow_env/lib/python3.11/site-packages/airflow/example_dags/example_skip_dag.py
[2026-04-01T21:27:10.224+0530] {processor.py:830} INFO - Processing file /Users/aswin/Documents/data-engineering-practice/ETL_Airflow_DBT/airflow/airflow_env/lib/python3.11/site-packages/airflow/example_dags/example_skip_dag.py for tasks to queue
[2026-04-01T21:27:10.225+0530] {logging_mixin.py:188} INFO - [2026-04-01T21:27:10.224+0530] {dagbag.py:540} INFO - Filling up the DagBag from /Users/aswin/Documents/data-engineering-practice/ETL_Airflow_DBT/airflow/airflow_env/lib/python3.11/site-packages/airflow/example_dags/example_skip_dag.py
[2026-04-01T21:27:10.232+0530] {processor.py:840} INFO - DAG(s) 'example_skip_dag' retrieved from /Users/aswin/Documents/data-engineering-practice/ETL_Airflow_DBT/airflow/airflow_env/lib/python3.11/site-packages/airflow/example_dags/example_skip_dag.py
[2026-04-01T21:27:10.354+0530] {logging_mixin.py:188} INFO - [2026-04-01T21:27:10.354+0530] {dag.py:3096} INFO - Sync 1 DAGs
[2026-04-01T21:27:10.378+0530] {logging_mixin.py:188} INFO - [2026-04-01T21:27:10.378+0530] {dag.py:3954} INFO - Setting next_dagrun for example_skip_dag to 2026-03-31 00:00:00+00:00, run_after=2026-04-01 00:00:00+00:00
[2026-04-01T21:27:10.396+0530] {processor.py:183} INFO - Processing /Users/aswin/Documents/data-engineering-practice/ETL_Airflow_DBT/airflow/airflow_env/lib/python3.11/site-packages/airflow/example_dags/example_skip_dag.py took 0.176 seconds
[2026-04-01T21:27:47.810+0530] {processor.py:161} INFO - Started process (PID=5294) to work on /Users/aswin/Documents/data-engineering-practice/ETL_Airflow_DBT/airflow/airflow_env/lib/python3.11/site-packages/airflow/example_dags/example_skip_dag.py
[2026-04-01T21:27:47.812+0530] {processor.py:830} INFO - Processing file /Users/aswin/Documents/data-engineering-practice/ETL_Airflow_DBT/airflow/airflow_env/lib/python3.11/site-packages/airflow/example_dags/example_skip_dag.py for tasks to queue
[2026-04-01T21:27:47.812+0530] {logging_mixin.py:188} INFO - [2026-04-01T21:27:47.812+0530] {dagbag.py:540} INFO - Filling up the DagBag from /Users/aswin/Documents/data-engineering-practice/ETL_Airflow_DBT/airflow/airflow_env/lib/python3.11/site-packages/airflow/example_dags/example_skip_dag.py
[2026-04-01T21:27:47.816+0530] {processor.py:840} INFO - DAG(s) 'example_skip_dag' retrieved from /Users/aswin/Documents/data-engineering-practice/ETL_Airflow_DBT/airflow/airflow_env/lib/python3.11/site-packages/airflow/example_dags/example_skip_dag.py
[2026-04-01T21:27:47.886+0530] {logging_mixin.py:188} INFO - [2026-04-01T21:27:47.885+0530] {dag.py:3096} INFO - Sync 1 DAGs
[2026-04-01T21:27:47.900+0530] {logging_mixin.py:188} INFO - [2026-04-01T21:27:47.900+0530] {dag.py:3954} INFO - Setting next_dagrun for example_skip_dag to 2026-03-31 00:00:00+00:00, run_after=2026-04-01 00:00:00+00:00
[2026-04-01T21:27:47.911+0530] {processor.py:183} INFO - Processing /Users/aswin/Documents/data-engineering-practice/ETL_Airflow_DBT/airflow/airflow_env/lib/python3.11/site-packages/airflow/example_dags/example_skip_dag.py took 0.102 seconds
[2026-04-01T21:28:26.563+0530] {processor.py:161} INFO - Started process (PID=5415) to work on /Users/aswin/Documents/data-engineering-practice/ETL_Airflow_DBT/airflow/airflow_env/lib/python3.11/site-packages/airflow/example_dags/example_skip_dag.py
[2026-04-01T21:28:26.564+0530] {processor.py:830} INFO - Processing file /Users/aswin/Documents/data-engineering-practice/ETL_Airflow_DBT/airflow/airflow_env/lib/python3.11/site-packages/airflow/example_dags/example_skip_dag.py for tasks to queue
[2026-04-01T21:28:26.564+0530] {logging_mixin.py:188} INFO - [2026-04-01T21:28:26.564+0530] {dagbag.py:540} INFO - Filling up the DagBag from /Users/aswin/Documents/data-engineering-practice/ETL_Airflow_DBT/airflow/airflow_env/lib/python3.11/site-packages/airflow/example_dags/example_skip_dag.py
[2026-04-01T21:28:26.570+0530] {processor.py:840} INFO - DAG(s) 'example_skip_dag' retrieved from /Users/aswin/Documents/data-engineering-practice/ETL_Airflow_DBT/airflow/airflow_env/lib/python3.11/site-packages/airflow/example_dags/example_skip_dag.py
[2026-04-01T21:28:26.663+0530] {logging_mixin.py:188} INFO - [2026-04-01T21:28:26.662+0530] {dag.py:3096} INFO - Sync 1 DAGs
[2026-04-01T21:28:26.683+0530] {logging_mixin.py:188} INFO - [2026-04-01T21:28:26.683+0530] {dag.py:3954} INFO - Setting next_dagrun for example_skip_dag to 2026-03-31 00:00:00+00:00, run_after=2026-04-01 00:00:00+00:00
[2026-04-01T21:28:26.703+0530] {processor.py:183} INFO - Processing /Users/aswin/Documents/data-engineering-practice/ETL_Airflow_DBT/airflow/airflow_env/lib/python3.11/site-packages/airflow/example_dags/example_skip_dag.py took 0.142 seconds
[2026-04-01T21:29:19.495+0530] {processor.py:161} INFO - Started process (PID=5554) to work on /Users/aswin/Documents/data-engineering-practice/ETL_Airflow_DBT/airflow/airflow_env/lib/python3.11/site-packages/airflow/example_dags/example_skip_dag.py
[2026-04-01T21:29:19.496+0530] {processor.py:830} INFO - Processing file /Users/aswin/Documents/data-engineering-practice/ETL_Airflow_DBT/airflow/airflow_env/lib/python3.11/site-packages/airflow/example_dags/example_skip_dag.py for tasks to queue
[2026-04-01T21:29:19.497+0530] {logging_mixin.py:188} INFO - [2026-04-01T21:29:19.497+0530] {dagbag.py:540} INFO - Filling up the DagBag from /Users/aswin/Documents/data-engineering-practice/ETL_Airflow_DBT/airflow/airflow_env/lib/python3.11/site-packages/airflow/example_dags/example_skip_dag.py
[2026-04-01T21:29:19.502+0530] {processor.py:840} INFO - DAG(s) 'example_skip_dag' retrieved from /Users/aswin/Documents/data-engineering-practice/ETL_Airflow_DBT/airflow/airflow_env/lib/python3.11/site-packages/airflow/example_dags/example_skip_dag.py
[2026-04-01T21:29:19.585+0530] {logging_mixin.py:188} INFO - [2026-04-01T21:29:19.585+0530] {dag.py:3096} INFO - Sync 1 DAGs
[2026-04-01T21:29:19.603+0530] {logging_mixin.py:188} INFO - [2026-04-01T21:29:19.602+0530] {dag.py:3954} INFO - Setting next_dagrun for example_skip_dag to 2026-03-31 00:00:00+00:00, run_after=2026-04-01 00:00:00+00:00
[2026-04-01T21:29:19.616+0530] {processor.py:183} INFO - Processing /Users/aswin/Documents/data-engineering-practice/ETL_Airflow_DBT/airflow/airflow_env/lib/python3.11/site-packages/airflow/example_dags/example_skip_dag.py took 0.123 seconds
[2026-04-01T21:30:00.547+0530] {processor.py:161} INFO - Started process (PID=5668) to work on /Users/aswin/Documents/data-engineering-practice/ETL_Airflow_DBT/airflow/airflow_env/lib/python3.11/site-packages/airflow/example_dags/example_skip_dag.py
[2026-04-01T21:30:00.548+0530] {processor.py:830} INFO - Processing file /Users/aswin/Documents/data-engineering-practice/ETL_Airflow_DBT/airflow/airflow_env/lib/python3.11/site-packages/airflow/example_dags/example_skip_dag.py for tasks to queue
[2026-04-01T21:30:00.548+0530] {logging_mixin.py:188} INFO - [2026-04-01T21:30:00.548+0530] {dagbag.py:540} INFO - Filling up the DagBag from /Users/aswin/Documents/data-engineering-practice/ETL_Airflow_DBT/airflow/airflow_env/lib/python3.11/site-packages/airflow/example_dags/example_skip_dag.py
[2026-04-01T21:30:00.552+0530] {processor.py:840} INFO - DAG(s) 'example_skip_dag' retrieved from /Users/aswin/Documents/data-engineering-practice/ETL_Airflow_DBT/airflow/airflow_env/lib/python3.11/site-packages/airflow/example_dags/example_skip_dag.py
[2026-04-01T21:30:00.631+0530] {logging_mixin.py:188} INFO - [2026-04-01T21:30:00.631+0530] {dag.py:3096} INFO - Sync 1 DAGs
[2026-04-01T21:30:00.652+0530] {logging_mixin.py:188} INFO - [2026-04-01T21:30:00.652+0530] {dag.py:3954} INFO - Setting next_dagrun for example_skip_dag to 2026-03-31 00:00:00+00:00, run_after=2026-04-01 00:00:00+00:00
[2026-04-01T21:30:00.664+0530] {processor.py:183} INFO - Processing /Users/aswin/Documents/data-engineering-practice/ETL_Airflow_DBT/airflow/airflow_env/lib/python3.11/site-packages/airflow/example_dags/example_skip_dag.py took 0.118 seconds
[2026-04-01T21:30:46.788+0530] {processor.py:161} INFO - Started process (PID=5785) to work on /Users/aswin/Documents/data-engineering-practice/ETL_Airflow_DBT/airflow/airflow_env/lib/python3.11/site-packages/airflow/example_dags/example_skip_dag.py
[2026-04-01T21:30:46.789+0530] {processor.py:830} INFO - Processing file /Users/aswin/Documents/data-engineering-practice/ETL_Airflow_DBT/airflow/airflow_env/lib/python3.11/site-packages/airflow/example_dags/example_skip_dag.py for tasks to queue
[2026-04-01T21:30:46.789+0530] {logging_mixin.py:188} INFO - [2026-04-01T21:30:46.789+0530] {dagbag.py:540} INFO - Filling up the DagBag from /Users/aswin/Documents/data-engineering-practice/ETL_Airflow_DBT/airflow/airflow_env/lib/python3.11/site-packages/airflow/example_dags/example_skip_dag.py
[2026-04-01T21:30:46.793+0530] {processor.py:840} INFO - DAG(s) 'example_skip_dag' retrieved from /Users/aswin/Documents/data-engineering-practice/ETL_Airflow_DBT/airflow/airflow_env/lib/python3.11/site-packages/airflow/example_dags/example_skip_dag.py
[2026-04-01T21:30:46.876+0530] {logging_mixin.py:188} INFO - [2026-04-01T21:30:46.876+0530] {dag.py:3096} INFO - Sync 1 DAGs
[2026-04-01T21:30:46.893+0530] {logging_mixin.py:188} INFO - [2026-04-01T21:30:46.893+0530] {dag.py:3954} INFO - Setting next_dagrun for example_skip_dag to 2026-03-31 00:00:00+00:00, run_after=2026-04-01 00:00:00+00:00
[2026-04-01T21:30:46.906+0530] {processor.py:183} INFO - Processing /Users/aswin/Documents/data-engineering-practice/ETL_Airflow_DBT/airflow/airflow_env/lib/python3.11/site-packages/airflow/example_dags/example_skip_dag.py took 0.120 seconds
[2026-04-01T21:31:26.759+0530] {processor.py:161} INFO - Started process (PID=5888) to work on /Users/aswin/Documents/data-engineering-practice/ETL_Airflow_DBT/airflow/airflow_env/lib/python3.11/site-packages/airflow/example_dags/example_skip_dag.py
[2026-04-01T21:31:26.760+0530] {processor.py:830} INFO - Processing file /Users/aswin/Documents/data-engineering-practice/ETL_Airflow_DBT/airflow/airflow_env/lib/python3.11/site-packages/airflow/example_dags/example_skip_dag.py for tasks to queue
[2026-04-01T21:31:26.760+0530] {logging_mixin.py:188} INFO - [2026-04-01T21:31:26.760+0530] {dagbag.py:540} INFO - Filling up the DagBag from /Users/aswin/Documents/data-engineering-practice/ETL_Airflow_DBT/airflow/airflow_env/lib/python3.11/site-packages/airflow/example_dags/example_skip_dag.py
[2026-04-01T21:31:26.765+0530] {processor.py:840} INFO - DAG(s) 'example_skip_dag' retrieved from /Users/aswin/Documents/data-engineering-practice/ETL_Airflow_DBT/airflow/airflow_env/lib/python3.11/site-packages/airflow/example_dags/example_skip_dag.py
[2026-04-01T21:31:26.850+0530] {logging_mixin.py:188} INFO - [2026-04-01T21:31:26.849+0530] {dag.py:3096} INFO - Sync 1 DAGs
[2026-04-01T21:31:26.863+0530] {logging_mixin.py:188} INFO - [2026-04-01T21:31:26.862+0530] {dag.py:3954} INFO - Setting next_dagrun for example_skip_dag to 2026-03-31 00:00:00+00:00, run_after=2026-04-01 00:00:00+00:00
[2026-04-01T21:31:26.874+0530] {processor.py:183} INFO - Processing /Users/aswin/Documents/data-engineering-practice/ETL_Airflow_DBT/airflow/airflow_env/lib/python3.11/site-packages/airflow/example_dags/example_skip_dag.py took 0.117 seconds
[2026-04-01T21:32:07.115+0530] {processor.py:161} INFO - Started process (PID=5995) to work on /Users/aswin/Documents/data-engineering-practice/ETL_Airflow_DBT/airflow/airflow_env/lib/python3.11/site-packages/airflow/example_dags/example_skip_dag.py
[2026-04-01T21:32:07.116+0530] {processor.py:830} INFO - Processing file /Users/aswin/Documents/data-engineering-practice/ETL_Airflow_DBT/airflow/airflow_env/lib/python3.11/site-packages/airflow/example_dags/example_skip_dag.py for tasks to queue
[2026-04-01T21:32:07.116+0530] {logging_mixin.py:188} INFO - [2026-04-01T21:32:07.116+0530] {dagbag.py:540} INFO - Filling up the DagBag from /Users/aswin/Documents/data-engineering-practice/ETL_Airflow_DBT/airflow/airflow_env/lib/python3.11/site-packages/airflow/example_dags/example_skip_dag.py
[2026-04-01T21:32:07.122+0530] {processor.py:840} INFO - DAG(s) 'example_skip_dag' retrieved from /Users/aswin/Documents/data-engineering-practice/ETL_Airflow_DBT/airflow/airflow_env/lib/python3.11/site-packages/airflow/example_dags/example_skip_dag.py
[2026-04-01T21:32:09.495+0530] {logging_mixin.py:188} INFO - [2026-04-01T21:32:09.495+0530] {dag.py:3096} INFO - Sync 1 DAGs
[2026-04-01T21:32:09.514+0530] {logging_mixin.py:188} INFO - [2026-04-01T21:32:09.514+0530] {dag.py:3954} INFO - Setting next_dagrun for example_skip_dag to 2026-03-31 00:00:00+00:00, run_after=2026-04-01 00:00:00+00:00
[2026-04-01T21:32:09.533+0530] {processor.py:183} INFO - Processing /Users/aswin/Documents/data-engineering-practice/ETL_Airflow_DBT/airflow/airflow_env/lib/python3.11/site-packages/airflow/example_dags/example_skip_dag.py took 0.327 seconds
[2026-04-01T21:32:49.655+0530] {processor.py:161} INFO - Started process (PID=6094) to work on /Users/aswin/Documents/data-engineering-practice/ETL_Airflow_DBT/airflow/airflow_env/lib/python3.11/site-packages/airflow/example_dags/example_skip_dag.py
[2026-04-01T21:32:49.656+0530] {processor.py:830} INFO - Processing file /Users/aswin/Documents/data-engineering-practice/ETL_Airflow_DBT/airflow/airflow_env/lib/python3.11/site-packages/airflow/example_dags/example_skip_dag.py for tasks to queue
[2026-04-01T21:32:49.657+0530] {logging_mixin.py:188} INFO - [2026-04-01T21:32:49.656+0530] {dagbag.py:540} INFO - Filling up the DagBag from /Users/aswin/Documents/data-engineering-practice/ETL_Airflow_DBT/airflow/airflow_env/lib/python3.11/site-packages/airflow/example_dags/example_skip_dag.py
[2026-04-01T21:32:49.662+0530] {processor.py:840} INFO - DAG(s) 'example_skip_dag' retrieved from /Users/aswin/Documents/data-engineering-practice/ETL_Airflow_DBT/airflow/airflow_env/lib/python3.11/site-packages/airflow/example_dags/example_skip_dag.py
[2026-04-01T21:32:49.742+0530] {logging_mixin.py:188} INFO - [2026-04-01T21:32:49.742+0530] {dag.py:3096} INFO - Sync 1 DAGs
[2026-04-01T21:32:49.759+0530] {logging_mixin.py:188} INFO - [2026-04-01T21:32:49.759+0530] {dag.py:3954} INFO - Setting next_dagrun for example_skip_dag to 2026-03-31 00:00:00+00:00, run_after=2026-04-01 00:00:00+00:00
[2026-04-01T21:32:49.773+0530] {processor.py:183} INFO - Processing /Users/aswin/Documents/data-engineering-practice/ETL_Airflow_DBT/airflow/airflow_env/lib/python3.11/site-packages/airflow/example_dags/example_skip_dag.py took 0.119 seconds
[2026-04-01T21:33:31.344+0530] {processor.py:161} INFO - Started process (PID=6202) to work on /Users/aswin/Documents/data-engineering-practice/ETL_Airflow_DBT/airflow/airflow_env/lib/python3.11/site-packages/airflow/example_dags/example_skip_dag.py
[2026-04-01T21:33:31.345+0530] {processor.py:830} INFO - Processing file /Users/aswin/Documents/data-engineering-practice/ETL_Airflow_DBT/airflow/airflow_env/lib/python3.11/site-packages/airflow/example_dags/example_skip_dag.py for tasks to queue
[2026-04-01T21:33:31.345+0530] {logging_mixin.py:188} INFO - [2026-04-01T21:33:31.345+0530] {dagbag.py:540} INFO - Filling up the DagBag from /Users/aswin/Documents/data-engineering-practice/ETL_Airflow_DBT/airflow/airflow_env/lib/python3.11/site-packages/airflow/example_dags/example_skip_dag.py
[2026-04-01T21:33:31.351+0530] {processor.py:840} INFO - DAG(s) 'example_skip_dag' retrieved from /Users/aswin/Documents/data-engineering-practice/ETL_Airflow_DBT/airflow/airflow_env/lib/python3.11/site-packages/airflow/example_dags/example_skip_dag.py
[2026-04-01T21:33:31.432+0530] {logging_mixin.py:188} INFO - [2026-04-01T21:33:31.432+0530] {dag.py:3096} INFO - Sync 1 DAGs
[2026-04-01T21:33:31.449+0530] {logging_mixin.py:188} INFO - [2026-04-01T21:33:31.448+0530] {dag.py:3954} INFO - Setting next_dagrun for example_skip_dag to 2026-03-31 00:00:00+00:00, run_after=2026-04-01 00:00:00+00:00
[2026-04-01T21:33:31.462+0530] {processor.py:183} INFO - Processing /Users/aswin/Documents/data-engineering-practice/ETL_Airflow_DBT/airflow/airflow_env/lib/python3.11/site-packages/airflow/example_dags/example_skip_dag.py took 0.120 seconds
[2026-04-01T21:34:12.836+0530] {processor.py:161} INFO - Started process (PID=6304) to work on /Users/aswin/Documents/data-engineering-practice/ETL_Airflow_DBT/airflow/airflow_env/lib/python3.11/site-packages/airflow/example_dags/example_skip_dag.py
[2026-04-01T21:34:12.837+0530] {processor.py:830} INFO - Processing file /Users/aswin/Documents/data-engineering-practice/ETL_Airflow_DBT/airflow/airflow_env/lib/python3.11/site-packages/airflow/example_dags/example_skip_dag.py for tasks to queue
[2026-04-01T21:34:12.838+0530] {logging_mixin.py:188} INFO - [2026-04-01T21:34:12.838+0530] {dagbag.py:540} INFO - Filling up the DagBag from /Users/aswin/Documents/data-engineering-practice/ETL_Airflow_DBT/airflow/airflow_env/lib/python3.11/site-packages/airflow/example_dags/example_skip_dag.py
[2026-04-01T21:34:12.842+0530] {processor.py:840} INFO - DAG(s) 'example_skip_dag' retrieved from /Users/aswin/Documents/data-engineering-practice/ETL_Airflow_DBT/airflow/airflow_env/lib/python3.11/site-packages/airflow/example_dags/example_skip_dag.py
[2026-04-01T21:34:12.958+0530] {logging_mixin.py:188} INFO - [2026-04-01T21:34:12.957+0530] {dag.py:3096} INFO - Sync 1 DAGs
[2026-04-01T21:34:13.037+0530] {logging_mixin.py:188} INFO - [2026-04-01T21:34:13.036+0530] {dag.py:3954} INFO - Setting next_dagrun for example_skip_dag to 2026-03-31 00:00:00+00:00, run_after=2026-04-01 00:00:00+00:00
[2026-04-01T21:34:13.050+0530] {processor.py:183} INFO - Processing /Users/aswin/Documents/data-engineering-practice/ETL_Airflow_DBT/airflow/airflow_env/lib/python3.11/site-packages/airflow/example_dags/example_skip_dag.py took 0.216 seconds
[2026-04-01T21:34:53.620+0530] {processor.py:161} INFO - Started process (PID=6408) to work on /Users/aswin/Documents/data-engineering-practice/ETL_Airflow_DBT/airflow/airflow_env/lib/python3.11/site-packages/airflow/example_dags/example_skip_dag.py
[2026-04-01T21:34:53.622+0530] {processor.py:830} INFO - Processing file /Users/aswin/Documents/data-engineering-practice/ETL_Airflow_DBT/airflow/airflow_env/lib/python3.11/site-packages/airflow/example_dags/example_skip_dag.py for tasks to queue
[2026-04-01T21:34:53.622+0530] {logging_mixin.py:188} INFO - [2026-04-01T21:34:53.622+0530] {dagbag.py:540} INFO - Filling up the DagBag from /Users/aswin/Documents/data-engineering-practice/ETL_Airflow_DBT/airflow/airflow_env/lib/python3.11/site-packages/airflow/example_dags/example_skip_dag.py
[2026-04-01T21:34:53.628+0530] {processor.py:840} INFO - DAG(s) 'example_skip_dag' retrieved from /Users/aswin/Documents/data-engineering-practice/ETL_Airflow_DBT/airflow/airflow_env/lib/python3.11/site-packages/airflow/example_dags/example_skip_dag.py
[2026-04-01T21:34:53.718+0530] {logging_mixin.py:188} INFO - [2026-04-01T21:34:53.717+0530] {dag.py:3096} INFO - Sync 1 DAGs
[2026-04-01T21:34:53.734+0530] {logging_mixin.py:188} INFO - [2026-04-01T21:34:53.734+0530] {dag.py:3954} INFO - Setting next_dagrun for example_skip_dag to 2026-03-31 00:00:00+00:00, run_after=2026-04-01 00:00:00+00:00
[2026-04-01T21:34:53.749+0530] {processor.py:183} INFO - Processing /Users/aswin/Documents/data-engineering-practice/ETL_Airflow_DBT/airflow/airflow_env/lib/python3.11/site-packages/airflow/example_dags/example_skip_dag.py took 0.130 seconds
[2026-04-01T21:35:36.692+0530] {processor.py:161} INFO - Started process (PID=6515) to work on /Users/aswin/Documents/data-engineering-practice/ETL_Airflow_DBT/airflow/airflow_env/lib/python3.11/site-packages/airflow/example_dags/example_skip_dag.py
[2026-04-01T21:35:36.694+0530] {processor.py:830} INFO - Processing file /Users/aswin/Documents/data-engineering-practice/ETL_Airflow_DBT/airflow/airflow_env/lib/python3.11/site-packages/airflow/example_dags/example_skip_dag.py for tasks to queue
[2026-04-01T21:35:36.694+0530] {logging_mixin.py:188} INFO - [2026-04-01T21:35:36.694+0530] {dagbag.py:540} INFO - Filling up the DagBag from /Users/aswin/Documents/data-engineering-practice/ETL_Airflow_DBT/airflow/airflow_env/lib/python3.11/site-packages/airflow/example_dags/example_skip_dag.py
[2026-04-01T21:35:36.699+0530] {processor.py:840} INFO - DAG(s) 'example_skip_dag' retrieved from /Users/aswin/Documents/data-engineering-practice/ETL_Airflow_DBT/airflow/airflow_env/lib/python3.11/site-packages/airflow/example_dags/example_skip_dag.py
[2026-04-01T21:35:36.796+0530] {logging_mixin.py:188} INFO - [2026-04-01T21:35:36.796+0530] {dag.py:3096} INFO - Sync 1 DAGs
[2026-04-01T21:35:36.813+0530] {logging_mixin.py:188} INFO - [2026-04-01T21:35:36.813+0530] {dag.py:3954} INFO - Setting next_dagrun for example_skip_dag to 2026-03-31 00:00:00+00:00, run_after=2026-04-01 00:00:00+00:00
[2026-04-01T21:35:36.828+0530] {processor.py:183} INFO - Processing /Users/aswin/Documents/data-engineering-practice/ETL_Airflow_DBT/airflow/airflow_env/lib/python3.11/site-packages/airflow/example_dags/example_skip_dag.py took 0.138 seconds
[2026-04-01T21:36:16.079+0530] {processor.py:161} INFO - Started process (PID=6616) to work on /Users/aswin/Documents/data-engineering-practice/ETL_Airflow_DBT/airflow/airflow_env/lib/python3.11/site-packages/airflow/example_dags/example_skip_dag.py
[2026-04-01T21:36:16.079+0530] {processor.py:830} INFO - Processing file /Users/aswin/Documents/data-engineering-practice/ETL_Airflow_DBT/airflow/airflow_env/lib/python3.11/site-packages/airflow/example_dags/example_skip_dag.py for tasks to queue
[2026-04-01T21:36:16.080+0530] {logging_mixin.py:188} INFO - [2026-04-01T21:36:16.080+0530] {dagbag.py:540} INFO - Filling up the DagBag from /Users/aswin/Documents/data-engineering-practice/ETL_Airflow_DBT/airflow/airflow_env/lib/python3.11/site-packages/airflow/example_dags/example_skip_dag.py
[2026-04-01T21:36:16.084+0530] {processor.py:840} INFO - DAG(s) 'example_skip_dag' retrieved from /Users/aswin/Documents/data-engineering-practice/ETL_Airflow_DBT/airflow/airflow_env/lib/python3.11/site-packages/airflow/example_dags/example_skip_dag.py
[2026-04-01T21:36:16.161+0530] {logging_mixin.py:188} INFO - [2026-04-01T21:36:16.161+0530] {dag.py:3096} INFO - Sync 1 DAGs
[2026-04-01T21:36:16.176+0530] {logging_mixin.py:188} INFO - [2026-04-01T21:36:16.176+0530] {dag.py:3954} INFO - Setting next_dagrun for example_skip_dag to 2026-03-31 00:00:00+00:00, run_after=2026-04-01 00:00:00+00:00
[2026-04-01T21:36:16.188+0530] {processor.py:183} INFO - Processing /Users/aswin/Documents/data-engineering-practice/ETL_Airflow_DBT/airflow/airflow_env/lib/python3.11/site-packages/airflow/example_dags/example_skip_dag.py took 0.111 seconds
[2026-04-01T21:36:49.170+0530] {processor.py:161} INFO - Started process (PID=6738) to work on /Users/aswin/Documents/data-engineering-practice/ETL_Airflow_DBT/airflow/airflow_env/lib/python3.11/site-packages/airflow/example_dags/example_skip_dag.py
[2026-04-01T21:36:49.171+0530] {processor.py:830} INFO - Processing file /Users/aswin/Documents/data-engineering-practice/ETL_Airflow_DBT/airflow/airflow_env/lib/python3.11/site-packages/airflow/example_dags/example_skip_dag.py for tasks to queue
[2026-04-01T21:36:49.171+0530] {logging_mixin.py:188} INFO - [2026-04-01T21:36:49.171+0530] {dagbag.py:540} INFO - Filling up the DagBag from /Users/aswin/Documents/data-engineering-practice/ETL_Airflow_DBT/airflow/airflow_env/lib/python3.11/site-packages/airflow/example_dags/example_skip_dag.py
[2026-04-01T21:36:49.175+0530] {processor.py:840} INFO - DAG(s) 'example_skip_dag' retrieved from /Users/aswin/Documents/data-engineering-practice/ETL_Airflow_DBT/airflow/airflow_env/lib/python3.11/site-packages/airflow/example_dags/example_skip_dag.py
[2026-04-01T21:36:49.248+0530] {logging_mixin.py:188} INFO - [2026-04-01T21:36:49.248+0530] {dag.py:3096} INFO - Sync 1 DAGs
[2026-04-01T21:36:49.286+0530] {logging_mixin.py:188} INFO - [2026-04-01T21:36:49.286+0530] {dag.py:3954} INFO - Setting next_dagrun for example_skip_dag to 2026-03-31 00:00:00+00:00, run_after=2026-04-01 00:00:00+00:00
[2026-04-01T21:36:49.296+0530] {processor.py:183} INFO - Processing /Users/aswin/Documents/data-engineering-practice/ETL_Airflow_DBT/airflow/airflow_env/lib/python3.11/site-packages/airflow/example_dags/example_skip_dag.py took 0.128 seconds
[2026-04-01T21:37:25.756+0530] {processor.py:161} INFO - Started process (PID=6848) to work on /Users/aswin/Documents/data-engineering-practice/ETL_Airflow_DBT/airflow/airflow_env/lib/python3.11/site-packages/airflow/example_dags/example_skip_dag.py
[2026-04-01T21:37:25.756+0530] {processor.py:830} INFO - Processing file /Users/aswin/Documents/data-engineering-practice/ETL_Airflow_DBT/airflow/airflow_env/lib/python3.11/site-packages/airflow/example_dags/example_skip_dag.py for tasks to queue
[2026-04-01T21:37:25.756+0530] {logging_mixin.py:188} INFO - [2026-04-01T21:37:25.756+0530] {dagbag.py:540} INFO - Filling up the DagBag from /Users/aswin/Documents/data-engineering-practice/ETL_Airflow_DBT/airflow/airflow_env/lib/python3.11/site-packages/airflow/example_dags/example_skip_dag.py
[2026-04-01T21:37:25.761+0530] {processor.py:840} INFO - DAG(s) 'example_skip_dag' retrieved from /Users/aswin/Documents/data-engineering-practice/ETL_Airflow_DBT/airflow/airflow_env/lib/python3.11/site-packages/airflow/example_dags/example_skip_dag.py
[2026-04-01T21:37:25.832+0530] {logging_mixin.py:188} INFO - [2026-04-01T21:37:25.832+0530] {dag.py:3096} INFO - Sync 1 DAGs
[2026-04-01T21:37:25.846+0530] {logging_mixin.py:188} INFO - [2026-04-01T21:37:25.845+0530] {dag.py:3954} INFO - Setting next_dagrun for example_skip_dag to 2026-03-31 00:00:00+00:00, run_after=2026-04-01 00:00:00+00:00
[2026-04-01T21:37:25.857+0530] {processor.py:183} INFO - Processing /Users/aswin/Documents/data-engineering-practice/ETL_Airflow_DBT/airflow/airflow_env/lib/python3.11/site-packages/airflow/example_dags/example_skip_dag.py took 0.103 seconds
[2026-04-01T21:38:06.075+0530] {processor.py:161} INFO - Started process (PID=6964) to work on /Users/aswin/Documents/data-engineering-practice/ETL_Airflow_DBT/airflow/airflow_env/lib/python3.11/site-packages/airflow/example_dags/example_skip_dag.py
[2026-04-01T21:38:06.075+0530] {processor.py:830} INFO - Processing file /Users/aswin/Documents/data-engineering-practice/ETL_Airflow_DBT/airflow/airflow_env/lib/python3.11/site-packages/airflow/example_dags/example_skip_dag.py for tasks to queue
[2026-04-01T21:38:06.076+0530] {logging_mixin.py:188} INFO - [2026-04-01T21:38:06.076+0530] {dagbag.py:540} INFO - Filling up the DagBag from /Users/aswin/Documents/data-engineering-practice/ETL_Airflow_DBT/airflow/airflow_env/lib/python3.11/site-packages/airflow/example_dags/example_skip_dag.py
[2026-04-01T21:38:06.079+0530] {processor.py:840} INFO - DAG(s) 'example_skip_dag' retrieved from /Users/aswin/Documents/data-engineering-practice/ETL_Airflow_DBT/airflow/airflow_env/lib/python3.11/site-packages/airflow/example_dags/example_skip_dag.py
[2026-04-01T21:38:06.153+0530] {logging_mixin.py:188} INFO - [2026-04-01T21:38:06.153+0530] {dag.py:3096} INFO - Sync 1 DAGs
[2026-04-01T21:38:06.167+0530] {logging_mixin.py:188} INFO - [2026-04-01T21:38:06.167+0530] {dag.py:3954} INFO - Setting next_dagrun for example_skip_dag to 2026-03-31 00:00:00+00:00, run_after=2026-04-01 00:00:00+00:00
[2026-04-01T21:38:06.178+0530] {processor.py:183} INFO - Processing /Users/aswin/Documents/data-engineering-practice/ETL_Airflow_DBT/airflow/airflow_env/lib/python3.11/site-packages/airflow/example_dags/example_skip_dag.py took 0.104 seconds
[2026-04-01T21:38:49.727+0530] {processor.py:161} INFO - Started process (PID=7085) to work on /Users/aswin/Documents/data-engineering-practice/ETL_Airflow_DBT/airflow/airflow_env/lib/python3.11/site-packages/airflow/example_dags/example_skip_dag.py
[2026-04-01T21:38:49.728+0530] {processor.py:830} INFO - Processing file /Users/aswin/Documents/data-engineering-practice/ETL_Airflow_DBT/airflow/airflow_env/lib/python3.11/site-packages/airflow/example_dags/example_skip_dag.py for tasks to queue
[2026-04-01T21:38:49.728+0530] {logging_mixin.py:188} INFO - [2026-04-01T21:38:49.728+0530] {dagbag.py:540} INFO - Filling up the DagBag from /Users/aswin/Documents/data-engineering-practice/ETL_Airflow_DBT/airflow/airflow_env/lib/python3.11/site-packages/airflow/example_dags/example_skip_dag.py
[2026-04-01T21:38:49.732+0530] {processor.py:840} INFO - DAG(s) 'example_skip_dag' retrieved from /Users/aswin/Documents/data-engineering-practice/ETL_Airflow_DBT/airflow/airflow_env/lib/python3.11/site-packages/airflow/example_dags/example_skip_dag.py
[2026-04-01T21:38:49.802+0530] {logging_mixin.py:188} INFO - [2026-04-01T21:38:49.802+0530] {dag.py:3096} INFO - Sync 1 DAGs
[2026-04-01T21:38:49.817+0530] {logging_mixin.py:188} INFO - [2026-04-01T21:38:49.817+0530] {dag.py:3954} INFO - Setting next_dagrun for example_skip_dag to 2026-03-31 00:00:00+00:00, run_after=2026-04-01 00:00:00+00:00
[2026-04-01T21:38:49.829+0530] {processor.py:183} INFO - Processing /Users/aswin/Documents/data-engineering-practice/ETL_Airflow_DBT/airflow/airflow_env/lib/python3.11/site-packages/airflow/example_dags/example_skip_dag.py took 0.103 seconds
[2026-04-01T21:39:26.127+0530] {processor.py:161} INFO - Started process (PID=7206) to work on /Users/aswin/Documents/data-engineering-practice/ETL_Airflow_DBT/airflow/airflow_env/lib/python3.11/site-packages/airflow/example_dags/example_skip_dag.py
[2026-04-01T21:39:26.128+0530] {processor.py:830} INFO - Processing file /Users/aswin/Documents/data-engineering-practice/ETL_Airflow_DBT/airflow/airflow_env/lib/python3.11/site-packages/airflow/example_dags/example_skip_dag.py for tasks to queue
[2026-04-01T21:39:26.128+0530] {logging_mixin.py:188} INFO - [2026-04-01T21:39:26.128+0530] {dagbag.py:540} INFO - Filling up the DagBag from /Users/aswin/Documents/data-engineering-practice/ETL_Airflow_DBT/airflow/airflow_env/lib/python3.11/site-packages/airflow/example_dags/example_skip_dag.py
[2026-04-01T21:39:26.133+0530] {processor.py:840} INFO - DAG(s) 'example_skip_dag' retrieved from /Users/aswin/Documents/data-engineering-practice/ETL_Airflow_DBT/airflow/airflow_env/lib/python3.11/site-packages/airflow/example_dags/example_skip_dag.py
[2026-04-01T21:39:26.213+0530] {logging_mixin.py:188} INFO - [2026-04-01T21:39:26.213+0530] {dag.py:3096} INFO - Sync 1 DAGs
[2026-04-01T21:39:26.229+0530] {logging_mixin.py:188} INFO - [2026-04-01T21:39:26.229+0530] {dag.py:3954} INFO - Setting next_dagrun for example_skip_dag to 2026-03-31 00:00:00+00:00, run_after=2026-04-01 00:00:00+00:00
[2026-04-01T21:39:26.242+0530] {processor.py:183} INFO - Processing /Users/aswin/Documents/data-engineering-practice/ETL_Airflow_DBT/airflow/airflow_env/lib/python3.11/site-packages/airflow/example_dags/example_skip_dag.py took 0.117 seconds
[2026-04-01T21:40:05.434+0530] {processor.py:161} INFO - Started process (PID=7324) to work on /Users/aswin/Documents/data-engineering-practice/ETL_Airflow_DBT/airflow/airflow_env/lib/python3.11/site-packages/airflow/example_dags/example_skip_dag.py
[2026-04-01T21:40:05.435+0530] {processor.py:830} INFO - Processing file /Users/aswin/Documents/data-engineering-practice/ETL_Airflow_DBT/airflow/airflow_env/lib/python3.11/site-packages/airflow/example_dags/example_skip_dag.py for tasks to queue
[2026-04-01T21:40:05.436+0530] {logging_mixin.py:188} INFO - [2026-04-01T21:40:05.436+0530] {dagbag.py:540} INFO - Filling up the DagBag from /Users/aswin/Documents/data-engineering-practice/ETL_Airflow_DBT/airflow/airflow_env/lib/python3.11/site-packages/airflow/example_dags/example_skip_dag.py
[2026-04-01T21:40:05.440+0530] {processor.py:840} INFO - DAG(s) 'example_skip_dag' retrieved from /Users/aswin/Documents/data-engineering-practice/ETL_Airflow_DBT/airflow/airflow_env/lib/python3.11/site-packages/airflow/example_dags/example_skip_dag.py
[2026-04-01T21:40:05.508+0530] {logging_mixin.py:188} INFO - [2026-04-01T21:40:05.507+0530] {dag.py:3096} INFO - Sync 1 DAGs
[2026-04-01T21:40:05.522+0530] {logging_mixin.py:188} INFO - [2026-04-01T21:40:05.522+0530] {dag.py:3954} INFO - Setting next_dagrun for example_skip_dag to 2026-03-31 00:00:00+00:00, run_after=2026-04-01 00:00:00+00:00
[2026-04-01T21:40:05.535+0530] {processor.py:183} INFO - Processing /Users/aswin/Documents/data-engineering-practice/ETL_Airflow_DBT/airflow/airflow_env/lib/python3.11/site-packages/airflow/example_dags/example_skip_dag.py took 0.103 seconds
[2026-04-01T21:40:40.991+0530] {processor.py:161} INFO - Started process (PID=7441) to work on /Users/aswin/Documents/data-engineering-practice/ETL_Airflow_DBT/airflow/airflow_env/lib/python3.11/site-packages/airflow/example_dags/example_skip_dag.py
[2026-04-01T21:40:40.991+0530] {processor.py:830} INFO - Processing file /Users/aswin/Documents/data-engineering-practice/ETL_Airflow_DBT/airflow/airflow_env/lib/python3.11/site-packages/airflow/example_dags/example_skip_dag.py for tasks to queue
[2026-04-01T21:40:40.991+0530] {logging_mixin.py:188} INFO - [2026-04-01T21:40:40.991+0530] {dagbag.py:540} INFO - Filling up the DagBag from /Users/aswin/Documents/data-engineering-practice/ETL_Airflow_DBT/airflow/airflow_env/lib/python3.11/site-packages/airflow/example_dags/example_skip_dag.py
[2026-04-01T21:40:40.995+0530] {processor.py:840} INFO - DAG(s) 'example_skip_dag' retrieved from /Users/aswin/Documents/data-engineering-practice/ETL_Airflow_DBT/airflow/airflow_env/lib/python3.11/site-packages/airflow/example_dags/example_skip_dag.py
[2026-04-01T21:40:41.049+0530] {logging_mixin.py:188} INFO - [2026-04-01T21:40:41.049+0530] {dag.py:3096} INFO - Sync 1 DAGs
[2026-04-01T21:40:41.063+0530] {logging_mixin.py:188} INFO - [2026-04-01T21:40:41.063+0530] {dag.py:3954} INFO - Setting next_dagrun for example_skip_dag to 2026-03-31 00:00:00+00:00, run_after=2026-04-01 00:00:00+00:00
[2026-04-01T21:40:41.083+0530] {processor.py:183} INFO - Processing /Users/aswin/Documents/data-engineering-practice/ETL_Airflow_DBT/airflow/airflow_env/lib/python3.11/site-packages/airflow/example_dags/example_skip_dag.py took 0.093 seconds
[2026-04-01T21:41:13.261+0530] {processor.py:161} INFO - Started process (PID=7552) to work on /Users/aswin/Documents/data-engineering-practice/ETL_Airflow_DBT/airflow/airflow_env/lib/python3.11/site-packages/airflow/example_dags/example_skip_dag.py
[2026-04-01T21:41:13.262+0530] {processor.py:830} INFO - Processing file /Users/aswin/Documents/data-engineering-practice/ETL_Airflow_DBT/airflow/airflow_env/lib/python3.11/site-packages/airflow/example_dags/example_skip_dag.py for tasks to queue
[2026-04-01T21:41:13.262+0530] {logging_mixin.py:188} INFO - [2026-04-01T21:41:13.262+0530] {dagbag.py:540} INFO - Filling up the DagBag from /Users/aswin/Documents/data-engineering-practice/ETL_Airflow_DBT/airflow/airflow_env/lib/python3.11/site-packages/airflow/example_dags/example_skip_dag.py
[2026-04-01T21:41:13.265+0530] {processor.py:840} INFO - DAG(s) 'example_skip_dag' retrieved from /Users/aswin/Documents/data-engineering-practice/ETL_Airflow_DBT/airflow/airflow_env/lib/python3.11/site-packages/airflow/example_dags/example_skip_dag.py
[2026-04-01T21:41:13.324+0530] {logging_mixin.py:188} INFO - [2026-04-01T21:41:13.324+0530] {dag.py:3096} INFO - Sync 1 DAGs
[2026-04-01T21:41:13.337+0530] {logging_mixin.py:188} INFO - [2026-04-01T21:41:13.337+0530] {dag.py:3954} INFO - Setting next_dagrun for example_skip_dag to 2026-03-31 00:00:00+00:00, run_after=2026-04-01 00:00:00+00:00
[2026-04-01T21:41:13.345+0530] {processor.py:183} INFO - Processing /Users/aswin/Documents/data-engineering-practice/ETL_Airflow_DBT/airflow/airflow_env/lib/python3.11/site-packages/airflow/example_dags/example_skip_dag.py took 0.085 seconds
[2026-04-01T21:41:50.095+0530] {processor.py:161} INFO - Started process (PID=7671) to work on /Users/aswin/Documents/data-engineering-practice/ETL_Airflow_DBT/airflow/airflow_env/lib/python3.11/site-packages/airflow/example_dags/example_skip_dag.py
[2026-04-01T21:41:50.096+0530] {processor.py:830} INFO - Processing file /Users/aswin/Documents/data-engineering-practice/ETL_Airflow_DBT/airflow/airflow_env/lib/python3.11/site-packages/airflow/example_dags/example_skip_dag.py for tasks to queue
[2026-04-01T21:41:50.096+0530] {logging_mixin.py:188} INFO - [2026-04-01T21:41:50.096+0530] {dagbag.py:540} INFO - Filling up the DagBag from /Users/aswin/Documents/data-engineering-practice/ETL_Airflow_DBT/airflow/airflow_env/lib/python3.11/site-packages/airflow/example_dags/example_skip_dag.py
[2026-04-01T21:41:50.100+0530] {processor.py:840} INFO - DAG(s) 'example_skip_dag' retrieved from /Users/aswin/Documents/data-engineering-practice/ETL_Airflow_DBT/airflow/airflow_env/lib/python3.11/site-packages/airflow/example_dags/example_skip_dag.py
[2026-04-01T21:41:50.167+0530] {logging_mixin.py:188} INFO - [2026-04-01T21:41:50.166+0530] {dag.py:3096} INFO - Sync 1 DAGs
[2026-04-01T21:41:50.178+0530] {logging_mixin.py:188} INFO - [2026-04-01T21:41:50.178+0530] {dag.py:3954} INFO - Setting next_dagrun for example_skip_dag to 2026-03-31 00:00:00+00:00, run_after=2026-04-01 00:00:00+00:00
[2026-04-01T21:41:50.187+0530] {processor.py:183} INFO - Processing /Users/aswin/Documents/data-engineering-practice/ETL_Airflow_DBT/airflow/airflow_env/lib/python3.11/site-packages/airflow/example_dags/example_skip_dag.py took 0.094 seconds
[2026-04-01T21:42:28.065+0530] {processor.py:161} INFO - Started process (PID=7780) to work on /Users/aswin/Documents/data-engineering-practice/ETL_Airflow_DBT/airflow/airflow_env/lib/python3.11/site-packages/airflow/example_dags/example_skip_dag.py
[2026-04-01T21:42:28.065+0530] {processor.py:830} INFO - Processing file /Users/aswin/Documents/data-engineering-practice/ETL_Airflow_DBT/airflow/airflow_env/lib/python3.11/site-packages/airflow/example_dags/example_skip_dag.py for tasks to queue
[2026-04-01T21:42:28.066+0530] {logging_mixin.py:188} INFO - [2026-04-01T21:42:28.066+0530] {dagbag.py:540} INFO - Filling up the DagBag from /Users/aswin/Documents/data-engineering-practice/ETL_Airflow_DBT/airflow/airflow_env/lib/python3.11/site-packages/airflow/example_dags/example_skip_dag.py
[2026-04-01T21:42:28.070+0530] {processor.py:840} INFO - DAG(s) 'example_skip_dag' retrieved from /Users/aswin/Documents/data-engineering-practice/ETL_Airflow_DBT/airflow/airflow_env/lib/python3.11/site-packages/airflow/example_dags/example_skip_dag.py
[2026-04-01T21:42:28.137+0530] {logging_mixin.py:188} INFO - [2026-04-01T21:42:28.137+0530] {dag.py:3096} INFO - Sync 1 DAGs
[2026-04-01T21:42:28.151+0530] {logging_mixin.py:188} INFO - [2026-04-01T21:42:28.151+0530] {dag.py:3954} INFO - Setting next_dagrun for example_skip_dag to 2026-03-31 00:00:00+00:00, run_after=2026-04-01 00:00:00+00:00
[2026-04-01T21:42:28.163+0530] {processor.py:183} INFO - Processing /Users/aswin/Documents/data-engineering-practice/ETL_Airflow_DBT/airflow/airflow_env/lib/python3.11/site-packages/airflow/example_dags/example_skip_dag.py took 0.100 seconds
[2026-04-01T21:43:12.277+0530] {processor.py:161} INFO - Started process (PID=7900) to work on /Users/aswin/Documents/data-engineering-practice/ETL_Airflow_DBT/airflow/airflow_env/lib/python3.11/site-packages/airflow/example_dags/example_skip_dag.py
[2026-04-01T21:43:12.278+0530] {processor.py:830} INFO - Processing file /Users/aswin/Documents/data-engineering-practice/ETL_Airflow_DBT/airflow/airflow_env/lib/python3.11/site-packages/airflow/example_dags/example_skip_dag.py for tasks to queue
[2026-04-01T21:43:12.278+0530] {logging_mixin.py:188} INFO - [2026-04-01T21:43:12.278+0530] {dagbag.py:540} INFO - Filling up the DagBag from /Users/aswin/Documents/data-engineering-practice/ETL_Airflow_DBT/airflow/airflow_env/lib/python3.11/site-packages/airflow/example_dags/example_skip_dag.py
[2026-04-01T21:43:12.282+0530] {processor.py:840} INFO - DAG(s) 'example_skip_dag' retrieved from /Users/aswin/Documents/data-engineering-practice/ETL_Airflow_DBT/airflow/airflow_env/lib/python3.11/site-packages/airflow/example_dags/example_skip_dag.py
[2026-04-01T21:43:12.345+0530] {logging_mixin.py:188} INFO - [2026-04-01T21:43:12.345+0530] {dag.py:3096} INFO - Sync 1 DAGs
[2026-04-01T21:43:12.358+0530] {logging_mixin.py:188} INFO - [2026-04-01T21:43:12.358+0530] {dag.py:3954} INFO - Setting next_dagrun for example_skip_dag to 2026-03-31 00:00:00+00:00, run_after=2026-04-01 00:00:00+00:00
[2026-04-01T21:43:12.371+0530] {processor.py:183} INFO - Processing /Users/aswin/Documents/data-engineering-practice/ETL_Airflow_DBT/airflow/airflow_env/lib/python3.11/site-packages/airflow/example_dags/example_skip_dag.py took 0.094 seconds
[2026-04-01T21:43:46.522+0530] {processor.py:161} INFO - Started process (PID=8018) to work on /Users/aswin/Documents/data-engineering-practice/ETL_Airflow_DBT/airflow/airflow_env/lib/python3.11/site-packages/airflow/example_dags/example_skip_dag.py
[2026-04-01T21:43:46.522+0530] {processor.py:830} INFO - Processing file /Users/aswin/Documents/data-engineering-practice/ETL_Airflow_DBT/airflow/airflow_env/lib/python3.11/site-packages/airflow/example_dags/example_skip_dag.py for tasks to queue
[2026-04-01T21:43:46.523+0530] {logging_mixin.py:188} INFO - [2026-04-01T21:43:46.522+0530] {dagbag.py:540} INFO - Filling up the DagBag from /Users/aswin/Documents/data-engineering-practice/ETL_Airflow_DBT/airflow/airflow_env/lib/python3.11/site-packages/airflow/example_dags/example_skip_dag.py
[2026-04-01T21:43:46.526+0530] {processor.py:840} INFO - DAG(s) 'example_skip_dag' retrieved from /Users/aswin/Documents/data-engineering-practice/ETL_Airflow_DBT/airflow/airflow_env/lib/python3.11/site-packages/airflow/example_dags/example_skip_dag.py
[2026-04-01T21:43:46.597+0530] {logging_mixin.py:188} INFO - [2026-04-01T21:43:46.596+0530] {dag.py:3096} INFO - Sync 1 DAGs
[2026-04-01T21:43:46.610+0530] {logging_mixin.py:188} INFO - [2026-04-01T21:43:46.610+0530] {dag.py:3954} INFO - Setting next_dagrun for example_skip_dag to 2026-03-31 00:00:00+00:00, run_after=2026-04-01 00:00:00+00:00
[2026-04-01T21:43:46.622+0530] {processor.py:183} INFO - Processing /Users/aswin/Documents/data-engineering-practice/ETL_Airflow_DBT/airflow/airflow_env/lib/python3.11/site-packages/airflow/example_dags/example_skip_dag.py took 0.102 seconds
[2026-04-01T21:44:39.934+0530] {processor.py:161} INFO - Started process (PID=8128) to work on /Users/aswin/Documents/data-engineering-practice/ETL_Airflow_DBT/airflow/airflow_env/lib/python3.11/site-packages/airflow/example_dags/example_skip_dag.py
[2026-04-01T21:44:39.935+0530] {processor.py:830} INFO - Processing file /Users/aswin/Documents/data-engineering-practice/ETL_Airflow_DBT/airflow/airflow_env/lib/python3.11/site-packages/airflow/example_dags/example_skip_dag.py for tasks to queue
[2026-04-01T21:44:39.935+0530] {logging_mixin.py:188} INFO - [2026-04-01T21:44:39.935+0530] {dagbag.py:540} INFO - Filling up the DagBag from /Users/aswin/Documents/data-engineering-practice/ETL_Airflow_DBT/airflow/airflow_env/lib/python3.11/site-packages/airflow/example_dags/example_skip_dag.py
[2026-04-01T21:44:39.938+0530] {processor.py:840} INFO - DAG(s) 'example_skip_dag' retrieved from /Users/aswin/Documents/data-engineering-practice/ETL_Airflow_DBT/airflow/airflow_env/lib/python3.11/site-packages/airflow/example_dags/example_skip_dag.py
[2026-04-01T21:44:39.992+0530] {logging_mixin.py:188} INFO - [2026-04-01T21:44:39.992+0530] {dag.py:3096} INFO - Sync 1 DAGs
[2026-04-01T21:44:40.005+0530] {logging_mixin.py:188} INFO - [2026-04-01T21:44:40.005+0530] {dag.py:3954} INFO - Setting next_dagrun for example_skip_dag to 2026-03-31 00:00:00+00:00, run_after=2026-04-01 00:00:00+00:00
[2026-04-01T21:44:40.014+0530] {processor.py:183} INFO - Processing /Users/aswin/Documents/data-engineering-practice/ETL_Airflow_DBT/airflow/airflow_env/lib/python3.11/site-packages/airflow/example_dags/example_skip_dag.py took 0.081 seconds
[2026-04-01T21:45:36.235+0530] {processor.py:161} INFO - Started process (PID=8256) to work on /Users/aswin/Documents/data-engineering-practice/ETL_Airflow_DBT/airflow/airflow_env/lib/python3.11/site-packages/airflow/example_dags/example_skip_dag.py
[2026-04-01T21:45:36.235+0530] {processor.py:830} INFO - Processing file /Users/aswin/Documents/data-engineering-practice/ETL_Airflow_DBT/airflow/airflow_env/lib/python3.11/site-packages/airflow/example_dags/example_skip_dag.py for tasks to queue
[2026-04-01T21:45:36.236+0530] {logging_mixin.py:188} INFO - [2026-04-01T21:45:36.236+0530] {dagbag.py:540} INFO - Filling up the DagBag from /Users/aswin/Documents/data-engineering-practice/ETL_Airflow_DBT/airflow/airflow_env/lib/python3.11/site-packages/airflow/example_dags/example_skip_dag.py
[2026-04-01T21:45:36.238+0530] {processor.py:840} INFO - DAG(s) 'example_skip_dag' retrieved from /Users/aswin/Documents/data-engineering-practice/ETL_Airflow_DBT/airflow/airflow_env/lib/python3.11/site-packages/airflow/example_dags/example_skip_dag.py
[2026-04-01T21:45:36.290+0530] {logging_mixin.py:188} INFO - [2026-04-01T21:45:36.290+0530] {dag.py:3096} INFO - Sync 1 DAGs
[2026-04-01T21:45:36.303+0530] {logging_mixin.py:188} INFO - [2026-04-01T21:45:36.303+0530] {dag.py:3954} INFO - Setting next_dagrun for example_skip_dag to 2026-03-31 00:00:00+00:00, run_after=2026-04-01 00:00:00+00:00
[2026-04-01T21:45:36.310+0530] {processor.py:183} INFO - Processing /Users/aswin/Documents/data-engineering-practice/ETL_Airflow_DBT/airflow/airflow_env/lib/python3.11/site-packages/airflow/example_dags/example_skip_dag.py took 0.076 seconds
[2026-04-01T21:46:32.931+0530] {processor.py:161} INFO - Started process (PID=8387) to work on /Users/aswin/Documents/data-engineering-practice/ETL_Airflow_DBT/airflow/airflow_env/lib/python3.11/site-packages/airflow/example_dags/example_skip_dag.py
[2026-04-01T21:46:32.931+0530] {processor.py:830} INFO - Processing file /Users/aswin/Documents/data-engineering-practice/ETL_Airflow_DBT/airflow/airflow_env/lib/python3.11/site-packages/airflow/example_dags/example_skip_dag.py for tasks to queue
[2026-04-01T21:46:32.931+0530] {logging_mixin.py:188} INFO - [2026-04-01T21:46:32.931+0530] {dagbag.py:540} INFO - Filling up the DagBag from /Users/aswin/Documents/data-engineering-practice/ETL_Airflow_DBT/airflow/airflow_env/lib/python3.11/site-packages/airflow/example_dags/example_skip_dag.py
[2026-04-01T21:46:32.934+0530] {processor.py:840} INFO - DAG(s) 'example_skip_dag' retrieved from /Users/aswin/Documents/data-engineering-practice/ETL_Airflow_DBT/airflow/airflow_env/lib/python3.11/site-packages/airflow/example_dags/example_skip_dag.py
[2026-04-01T21:46:32.990+0530] {logging_mixin.py:188} INFO - [2026-04-01T21:46:32.989+0530] {dag.py:3096} INFO - Sync 1 DAGs
[2026-04-01T21:46:33.003+0530] {logging_mixin.py:188} INFO - [2026-04-01T21:46:33.003+0530] {dag.py:3954} INFO - Setting next_dagrun for example_skip_dag to 2026-03-31 00:00:00+00:00, run_after=2026-04-01 00:00:00+00:00
[2026-04-01T21:46:33.011+0530] {processor.py:183} INFO - Processing /Users/aswin/Documents/data-engineering-practice/ETL_Airflow_DBT/airflow/airflow_env/lib/python3.11/site-packages/airflow/example_dags/example_skip_dag.py took 0.082 seconds
[2026-04-01T21:47:30.970+0530] {processor.py:161} INFO - Started process (PID=8519) to work on /Users/aswin/Documents/data-engineering-practice/ETL_Airflow_DBT/airflow/airflow_env/lib/python3.11/site-packages/airflow/example_dags/example_skip_dag.py
[2026-04-01T21:47:30.971+0530] {processor.py:830} INFO - Processing file /Users/aswin/Documents/data-engineering-practice/ETL_Airflow_DBT/airflow/airflow_env/lib/python3.11/site-packages/airflow/example_dags/example_skip_dag.py for tasks to queue
[2026-04-01T21:47:30.972+0530] {logging_mixin.py:188} INFO - [2026-04-01T21:47:30.972+0530] {dagbag.py:540} INFO - Filling up the DagBag from /Users/aswin/Documents/data-engineering-practice/ETL_Airflow_DBT/airflow/airflow_env/lib/python3.11/site-packages/airflow/example_dags/example_skip_dag.py
[2026-04-01T21:47:30.975+0530] {processor.py:840} INFO - DAG(s) 'example_skip_dag' retrieved from /Users/aswin/Documents/data-engineering-practice/ETL_Airflow_DBT/airflow/airflow_env/lib/python3.11/site-packages/airflow/example_dags/example_skip_dag.py
[2026-04-01T21:47:31.030+0530] {logging_mixin.py:188} INFO - [2026-04-01T21:47:31.030+0530] {dag.py:3096} INFO - Sync 1 DAGs
[2026-04-01T21:47:31.043+0530] {logging_mixin.py:188} INFO - [2026-04-01T21:47:31.043+0530] {dag.py:3954} INFO - Setting next_dagrun for example_skip_dag to 2026-03-31 00:00:00+00:00, run_after=2026-04-01 00:00:00+00:00
[2026-04-01T21:47:31.053+0530] {processor.py:183} INFO - Processing /Users/aswin/Documents/data-engineering-practice/ETL_Airflow_DBT/airflow/airflow_env/lib/python3.11/site-packages/airflow/example_dags/example_skip_dag.py took 0.084 seconds
[2026-04-01T21:48:27.483+0530] {processor.py:161} INFO - Started process (PID=8644) to work on /Users/aswin/Documents/data-engineering-practice/ETL_Airflow_DBT/airflow/airflow_env/lib/python3.11/site-packages/airflow/example_dags/example_skip_dag.py
[2026-04-01T21:48:27.483+0530] {processor.py:830} INFO - Processing file /Users/aswin/Documents/data-engineering-practice/ETL_Airflow_DBT/airflow/airflow_env/lib/python3.11/site-packages/airflow/example_dags/example_skip_dag.py for tasks to queue
[2026-04-01T21:48:27.483+0530] {logging_mixin.py:188} INFO - [2026-04-01T21:48:27.483+0530] {dagbag.py:540} INFO - Filling up the DagBag from /Users/aswin/Documents/data-engineering-practice/ETL_Airflow_DBT/airflow/airflow_env/lib/python3.11/site-packages/airflow/example_dags/example_skip_dag.py
[2026-04-01T21:48:27.486+0530] {processor.py:840} INFO - DAG(s) 'example_skip_dag' retrieved from /Users/aswin/Documents/data-engineering-practice/ETL_Airflow_DBT/airflow/airflow_env/lib/python3.11/site-packages/airflow/example_dags/example_skip_dag.py
[2026-04-01T21:48:27.540+0530] {logging_mixin.py:188} INFO - [2026-04-01T21:48:27.539+0530] {dag.py:3096} INFO - Sync 1 DAGs
[2026-04-01T21:48:27.552+0530] {logging_mixin.py:188} INFO - [2026-04-01T21:48:27.552+0530] {dag.py:3954} INFO - Setting next_dagrun for example_skip_dag to 2026-03-31 00:00:00+00:00, run_after=2026-04-01 00:00:00+00:00
[2026-04-01T21:48:27.561+0530] {processor.py:183} INFO - Processing /Users/aswin/Documents/data-engineering-practice/ETL_Airflow_DBT/airflow/airflow_env/lib/python3.11/site-packages/airflow/example_dags/example_skip_dag.py took 0.079 seconds
[2026-04-01T21:49:13.610+0530] {processor.py:161} INFO - Started process (PID=8763) to work on /Users/aswin/Documents/data-engineering-practice/ETL_Airflow_DBT/airflow/airflow_env/lib/python3.11/site-packages/airflow/example_dags/example_skip_dag.py
[2026-04-01T21:49:13.611+0530] {processor.py:830} INFO - Processing file /Users/aswin/Documents/data-engineering-practice/ETL_Airflow_DBT/airflow/airflow_env/lib/python3.11/site-packages/airflow/example_dags/example_skip_dag.py for tasks to queue
[2026-04-01T21:49:13.611+0530] {logging_mixin.py:188} INFO - [2026-04-01T21:49:13.611+0530] {dagbag.py:540} INFO - Filling up the DagBag from /Users/aswin/Documents/data-engineering-practice/ETL_Airflow_DBT/airflow/airflow_env/lib/python3.11/site-packages/airflow/example_dags/example_skip_dag.py
[2026-04-01T21:49:13.614+0530] {processor.py:840} INFO - DAG(s) 'example_skip_dag' retrieved from /Users/aswin/Documents/data-engineering-practice/ETL_Airflow_DBT/airflow/airflow_env/lib/python3.11/site-packages/airflow/example_dags/example_skip_dag.py
[2026-04-01T21:49:13.670+0530] {logging_mixin.py:188} INFO - [2026-04-01T21:49:13.669+0530] {dag.py:3096} INFO - Sync 1 DAGs
[2026-04-01T21:49:13.682+0530] {logging_mixin.py:188} INFO - [2026-04-01T21:49:13.682+0530] {dag.py:3954} INFO - Setting next_dagrun for example_skip_dag to 2026-03-31 00:00:00+00:00, run_after=2026-04-01 00:00:00+00:00
[2026-04-01T21:49:13.691+0530] {processor.py:183} INFO - Processing /Users/aswin/Documents/data-engineering-practice/ETL_Airflow_DBT/airflow/airflow_env/lib/python3.11/site-packages/airflow/example_dags/example_skip_dag.py took 0.082 seconds
[2026-04-01T21:50:10.281+0530] {processor.py:161} INFO - Started process (PID=8896) to work on /Users/aswin/Documents/data-engineering-practice/ETL_Airflow_DBT/airflow/airflow_env/lib/python3.11/site-packages/airflow/example_dags/example_skip_dag.py
[2026-04-01T21:50:10.282+0530] {processor.py:830} INFO - Processing file /Users/aswin/Documents/data-engineering-practice/ETL_Airflow_DBT/airflow/airflow_env/lib/python3.11/site-packages/airflow/example_dags/example_skip_dag.py for tasks to queue
[2026-04-01T21:50:10.282+0530] {logging_mixin.py:188} INFO - [2026-04-01T21:50:10.282+0530] {dagbag.py:540} INFO - Filling up the DagBag from /Users/aswin/Documents/data-engineering-practice/ETL_Airflow_DBT/airflow/airflow_env/lib/python3.11/site-packages/airflow/example_dags/example_skip_dag.py
[2026-04-01T21:50:10.285+0530] {processor.py:840} INFO - DAG(s) 'example_skip_dag' retrieved from /Users/aswin/Documents/data-engineering-practice/ETL_Airflow_DBT/airflow/airflow_env/lib/python3.11/site-packages/airflow/example_dags/example_skip_dag.py
[2026-04-01T21:50:10.338+0530] {logging_mixin.py:188} INFO - [2026-04-01T21:50:10.338+0530] {dag.py:3096} INFO - Sync 1 DAGs
[2026-04-01T21:50:10.351+0530] {logging_mixin.py:188} INFO - [2026-04-01T21:50:10.351+0530] {dag.py:3954} INFO - Setting next_dagrun for example_skip_dag to 2026-03-31 00:00:00+00:00, run_after=2026-04-01 00:00:00+00:00
[2026-04-01T21:50:10.362+0530] {processor.py:183} INFO - Processing /Users/aswin/Documents/data-engineering-practice/ETL_Airflow_DBT/airflow/airflow_env/lib/python3.11/site-packages/airflow/example_dags/example_skip_dag.py took 0.082 seconds
[2026-04-01T21:50:49.766+0530] {processor.py:161} INFO - Started process (PID=9021) to work on /Users/aswin/Documents/data-engineering-practice/ETL_Airflow_DBT/airflow/airflow_env/lib/python3.11/site-packages/airflow/example_dags/example_skip_dag.py
[2026-04-01T21:50:49.766+0530] {processor.py:830} INFO - Processing file /Users/aswin/Documents/data-engineering-practice/ETL_Airflow_DBT/airflow/airflow_env/lib/python3.11/site-packages/airflow/example_dags/example_skip_dag.py for tasks to queue
[2026-04-01T21:50:49.767+0530] {logging_mixin.py:188} INFO - [2026-04-01T21:50:49.767+0530] {dagbag.py:540} INFO - Filling up the DagBag from /Users/aswin/Documents/data-engineering-practice/ETL_Airflow_DBT/airflow/airflow_env/lib/python3.11/site-packages/airflow/example_dags/example_skip_dag.py
[2026-04-01T21:50:49.770+0530] {processor.py:840} INFO - DAG(s) 'example_skip_dag' retrieved from /Users/aswin/Documents/data-engineering-practice/ETL_Airflow_DBT/airflow/airflow_env/lib/python3.11/site-packages/airflow/example_dags/example_skip_dag.py
[2026-04-01T21:50:49.836+0530] {logging_mixin.py:188} INFO - [2026-04-01T21:50:49.836+0530] {dag.py:3096} INFO - Sync 1 DAGs
[2026-04-01T21:50:49.849+0530] {logging_mixin.py:188} INFO - [2026-04-01T21:50:49.849+0530] {dag.py:3954} INFO - Setting next_dagrun for example_skip_dag to 2026-03-31 00:00:00+00:00, run_after=2026-04-01 00:00:00+00:00
[2026-04-01T21:50:49.864+0530] {processor.py:183} INFO - Processing /Users/aswin/Documents/data-engineering-practice/ETL_Airflow_DBT/airflow/airflow_env/lib/python3.11/site-packages/airflow/example_dags/example_skip_dag.py took 0.100 seconds
[2026-04-01T21:51:35.233+0530] {processor.py:161} INFO - Started process (PID=9135) to work on /Users/aswin/Documents/data-engineering-practice/ETL_Airflow_DBT/airflow/airflow_env/lib/python3.11/site-packages/airflow/example_dags/example_skip_dag.py
[2026-04-01T21:51:35.233+0530] {processor.py:830} INFO - Processing file /Users/aswin/Documents/data-engineering-practice/ETL_Airflow_DBT/airflow/airflow_env/lib/python3.11/site-packages/airflow/example_dags/example_skip_dag.py for tasks to queue
[2026-04-01T21:51:35.234+0530] {logging_mixin.py:188} INFO - [2026-04-01T21:51:35.234+0530] {dagbag.py:540} INFO - Filling up the DagBag from /Users/aswin/Documents/data-engineering-practice/ETL_Airflow_DBT/airflow/airflow_env/lib/python3.11/site-packages/airflow/example_dags/example_skip_dag.py
[2026-04-01T21:51:35.237+0530] {processor.py:840} INFO - DAG(s) 'example_skip_dag' retrieved from /Users/aswin/Documents/data-engineering-practice/ETL_Airflow_DBT/airflow/airflow_env/lib/python3.11/site-packages/airflow/example_dags/example_skip_dag.py
[2026-04-01T21:51:35.295+0530] {logging_mixin.py:188} INFO - [2026-04-01T21:51:35.295+0530] {dag.py:3096} INFO - Sync 1 DAGs
[2026-04-01T21:51:35.308+0530] {logging_mixin.py:188} INFO - [2026-04-01T21:51:35.307+0530] {dag.py:3954} INFO - Setting next_dagrun for example_skip_dag to 2026-03-31 00:00:00+00:00, run_after=2026-04-01 00:00:00+00:00
[2026-04-01T21:51:35.315+0530] {processor.py:183} INFO - Processing /Users/aswin/Documents/data-engineering-practice/ETL_Airflow_DBT/airflow/airflow_env/lib/python3.11/site-packages/airflow/example_dags/example_skip_dag.py took 0.084 seconds
[2026-04-01T21:52:12.597+0530] {processor.py:161} INFO - Started process (PID=9252) to work on /Users/aswin/Documents/data-engineering-practice/ETL_Airflow_DBT/airflow/airflow_env/lib/python3.11/site-packages/airflow/example_dags/example_skip_dag.py
[2026-04-01T21:52:12.599+0530] {processor.py:830} INFO - Processing file /Users/aswin/Documents/data-engineering-practice/ETL_Airflow_DBT/airflow/airflow_env/lib/python3.11/site-packages/airflow/example_dags/example_skip_dag.py for tasks to queue
[2026-04-01T21:52:12.599+0530] {logging_mixin.py:188} INFO - [2026-04-01T21:52:12.599+0530] {dagbag.py:540} INFO - Filling up the DagBag from /Users/aswin/Documents/data-engineering-practice/ETL_Airflow_DBT/airflow/airflow_env/lib/python3.11/site-packages/airflow/example_dags/example_skip_dag.py
[2026-04-01T21:52:12.602+0530] {processor.py:840} INFO - DAG(s) 'example_skip_dag' retrieved from /Users/aswin/Documents/data-engineering-practice/ETL_Airflow_DBT/airflow/airflow_env/lib/python3.11/site-packages/airflow/example_dags/example_skip_dag.py
[2026-04-01T21:52:12.663+0530] {logging_mixin.py:188} INFO - [2026-04-01T21:52:12.663+0530] {dag.py:3096} INFO - Sync 1 DAGs
[2026-04-01T21:52:12.675+0530] {logging_mixin.py:188} INFO - [2026-04-01T21:52:12.675+0530] {dag.py:3954} INFO - Setting next_dagrun for example_skip_dag to 2026-03-31 00:00:00+00:00, run_after=2026-04-01 00:00:00+00:00
[2026-04-01T21:52:12.683+0530] {processor.py:183} INFO - Processing /Users/aswin/Documents/data-engineering-practice/ETL_Airflow_DBT/airflow/airflow_env/lib/python3.11/site-packages/airflow/example_dags/example_skip_dag.py took 0.087 seconds
[2026-04-01T21:52:43.896+0530] {processor.py:161} INFO - Started process (PID=9370) to work on /Users/aswin/Documents/data-engineering-practice/ETL_Airflow_DBT/airflow/airflow_env/lib/python3.11/site-packages/airflow/example_dags/example_skip_dag.py
[2026-04-01T21:52:43.896+0530] {processor.py:830} INFO - Processing file /Users/aswin/Documents/data-engineering-practice/ETL_Airflow_DBT/airflow/airflow_env/lib/python3.11/site-packages/airflow/example_dags/example_skip_dag.py for tasks to queue
[2026-04-01T21:52:43.897+0530] {logging_mixin.py:188} INFO - [2026-04-01T21:52:43.897+0530] {dagbag.py:540} INFO - Filling up the DagBag from /Users/aswin/Documents/data-engineering-practice/ETL_Airflow_DBT/airflow/airflow_env/lib/python3.11/site-packages/airflow/example_dags/example_skip_dag.py
[2026-04-01T21:52:43.901+0530] {processor.py:840} INFO - DAG(s) 'example_skip_dag' retrieved from /Users/aswin/Documents/data-engineering-practice/ETL_Airflow_DBT/airflow/airflow_env/lib/python3.11/site-packages/airflow/example_dags/example_skip_dag.py
[2026-04-01T21:52:43.963+0530] {logging_mixin.py:188} INFO - [2026-04-01T21:52:43.963+0530] {dag.py:3096} INFO - Sync 1 DAGs
[2026-04-01T21:52:43.973+0530] {logging_mixin.py:188} INFO - [2026-04-01T21:52:43.973+0530] {dag.py:3954} INFO - Setting next_dagrun for example_skip_dag to 2026-03-31 00:00:00+00:00, run_after=2026-04-01 00:00:00+00:00
[2026-04-01T21:52:43.982+0530] {processor.py:183} INFO - Processing /Users/aswin/Documents/data-engineering-practice/ETL_Airflow_DBT/airflow/airflow_env/lib/python3.11/site-packages/airflow/example_dags/example_skip_dag.py took 0.087 seconds
[2026-04-01T21:53:29.876+0530] {processor.py:161} INFO - Started process (PID=9478) to work on /Users/aswin/Documents/data-engineering-practice/ETL_Airflow_DBT/airflow/airflow_env/lib/python3.11/site-packages/airflow/example_dags/example_skip_dag.py
[2026-04-01T21:53:29.877+0530] {processor.py:830} INFO - Processing file /Users/aswin/Documents/data-engineering-practice/ETL_Airflow_DBT/airflow/airflow_env/lib/python3.11/site-packages/airflow/example_dags/example_skip_dag.py for tasks to queue
[2026-04-01T21:53:29.877+0530] {logging_mixin.py:188} INFO - [2026-04-01T21:53:29.877+0530] {dagbag.py:540} INFO - Filling up the DagBag from /Users/aswin/Documents/data-engineering-practice/ETL_Airflow_DBT/airflow/airflow_env/lib/python3.11/site-packages/airflow/example_dags/example_skip_dag.py
[2026-04-01T21:53:29.880+0530] {processor.py:840} INFO - DAG(s) 'example_skip_dag' retrieved from /Users/aswin/Documents/data-engineering-practice/ETL_Airflow_DBT/airflow/airflow_env/lib/python3.11/site-packages/airflow/example_dags/example_skip_dag.py
[2026-04-01T21:53:29.932+0530] {logging_mixin.py:188} INFO - [2026-04-01T21:53:29.931+0530] {dag.py:3096} INFO - Sync 1 DAGs
[2026-04-01T21:53:29.944+0530] {logging_mixin.py:188} INFO - [2026-04-01T21:53:29.944+0530] {dag.py:3954} INFO - Setting next_dagrun for example_skip_dag to 2026-03-31 00:00:00+00:00, run_after=2026-04-01 00:00:00+00:00
[2026-04-01T21:53:29.954+0530] {processor.py:183} INFO - Processing /Users/aswin/Documents/data-engineering-practice/ETL_Airflow_DBT/airflow/airflow_env/lib/python3.11/site-packages/airflow/example_dags/example_skip_dag.py took 0.079 seconds
[2026-04-01T21:54:15.440+0530] {processor.py:161} INFO - Started process (PID=9596) to work on /Users/aswin/Documents/data-engineering-practice/ETL_Airflow_DBT/airflow/airflow_env/lib/python3.11/site-packages/airflow/example_dags/example_skip_dag.py
[2026-04-01T21:54:15.440+0530] {processor.py:830} INFO - Processing file /Users/aswin/Documents/data-engineering-practice/ETL_Airflow_DBT/airflow/airflow_env/lib/python3.11/site-packages/airflow/example_dags/example_skip_dag.py for tasks to queue
[2026-04-01T21:54:15.441+0530] {logging_mixin.py:188} INFO - [2026-04-01T21:54:15.441+0530] {dagbag.py:540} INFO - Filling up the DagBag from /Users/aswin/Documents/data-engineering-practice/ETL_Airflow_DBT/airflow/airflow_env/lib/python3.11/site-packages/airflow/example_dags/example_skip_dag.py
[2026-04-01T21:54:15.444+0530] {processor.py:840} INFO - DAG(s) 'example_skip_dag' retrieved from /Users/aswin/Documents/data-engineering-practice/ETL_Airflow_DBT/airflow/airflow_env/lib/python3.11/site-packages/airflow/example_dags/example_skip_dag.py
[2026-04-01T21:54:15.505+0530] {logging_mixin.py:188} INFO - [2026-04-01T21:54:15.505+0530] {dag.py:3096} INFO - Sync 1 DAGs
[2026-04-01T21:54:15.516+0530] {logging_mixin.py:188} INFO - [2026-04-01T21:54:15.516+0530] {dag.py:3954} INFO - Setting next_dagrun for example_skip_dag to 2026-03-31 00:00:00+00:00, run_after=2026-04-01 00:00:00+00:00
[2026-04-01T21:54:15.525+0530] {processor.py:183} INFO - Processing /Users/aswin/Documents/data-engineering-practice/ETL_Airflow_DBT/airflow/airflow_env/lib/python3.11/site-packages/airflow/example_dags/example_skip_dag.py took 0.087 seconds
[2026-04-01T21:55:13.110+0530] {processor.py:161} INFO - Started process (PID=9726) to work on /Users/aswin/Documents/data-engineering-practice/ETL_Airflow_DBT/airflow/airflow_env/lib/python3.11/site-packages/airflow/example_dags/example_skip_dag.py
[2026-04-01T21:55:13.111+0530] {processor.py:830} INFO - Processing file /Users/aswin/Documents/data-engineering-practice/ETL_Airflow_DBT/airflow/airflow_env/lib/python3.11/site-packages/airflow/example_dags/example_skip_dag.py for tasks to queue
[2026-04-01T21:55:13.112+0530] {logging_mixin.py:188} INFO - [2026-04-01T21:55:13.112+0530] {dagbag.py:540} INFO - Filling up the DagBag from /Users/aswin/Documents/data-engineering-practice/ETL_Airflow_DBT/airflow/airflow_env/lib/python3.11/site-packages/airflow/example_dags/example_skip_dag.py
[2026-04-01T21:55:13.115+0530] {processor.py:840} INFO - DAG(s) 'example_skip_dag' retrieved from /Users/aswin/Documents/data-engineering-practice/ETL_Airflow_DBT/airflow/airflow_env/lib/python3.11/site-packages/airflow/example_dags/example_skip_dag.py
[2026-04-01T21:55:13.171+0530] {logging_mixin.py:188} INFO - [2026-04-01T21:55:13.170+0530] {dag.py:3096} INFO - Sync 1 DAGs
[2026-04-01T21:55:13.184+0530] {logging_mixin.py:188} INFO - [2026-04-01T21:55:13.184+0530] {dag.py:3954} INFO - Setting next_dagrun for example_skip_dag to 2026-03-31 00:00:00+00:00, run_after=2026-04-01 00:00:00+00:00
[2026-04-01T21:55:13.192+0530] {processor.py:183} INFO - Processing /Users/aswin/Documents/data-engineering-practice/ETL_Airflow_DBT/airflow/airflow_env/lib/python3.11/site-packages/airflow/example_dags/example_skip_dag.py took 0.083 seconds
[2026-04-01T21:56:10.910+0530] {processor.py:161} INFO - Started process (PID=9856) to work on /Users/aswin/Documents/data-engineering-practice/ETL_Airflow_DBT/airflow/airflow_env/lib/python3.11/site-packages/airflow/example_dags/example_skip_dag.py
[2026-04-01T21:56:10.910+0530] {processor.py:830} INFO - Processing file /Users/aswin/Documents/data-engineering-practice/ETL_Airflow_DBT/airflow/airflow_env/lib/python3.11/site-packages/airflow/example_dags/example_skip_dag.py for tasks to queue
[2026-04-01T21:56:10.910+0530] {logging_mixin.py:188} INFO - [2026-04-01T21:56:10.910+0530] {dagbag.py:540} INFO - Filling up the DagBag from /Users/aswin/Documents/data-engineering-practice/ETL_Airflow_DBT/airflow/airflow_env/lib/python3.11/site-packages/airflow/example_dags/example_skip_dag.py
[2026-04-01T21:56:10.914+0530] {processor.py:840} INFO - DAG(s) 'example_skip_dag' retrieved from /Users/aswin/Documents/data-engineering-practice/ETL_Airflow_DBT/airflow/airflow_env/lib/python3.11/site-packages/airflow/example_dags/example_skip_dag.py
[2026-04-01T21:56:10.974+0530] {logging_mixin.py:188} INFO - [2026-04-01T21:56:10.973+0530] {dag.py:3096} INFO - Sync 1 DAGs
[2026-04-01T21:56:10.986+0530] {logging_mixin.py:188} INFO - [2026-04-01T21:56:10.986+0530] {dag.py:3954} INFO - Setting next_dagrun for example_skip_dag to 2026-03-31 00:00:00+00:00, run_after=2026-04-01 00:00:00+00:00
[2026-04-01T21:56:10.995+0530] {processor.py:183} INFO - Processing /Users/aswin/Documents/data-engineering-practice/ETL_Airflow_DBT/airflow/airflow_env/lib/python3.11/site-packages/airflow/example_dags/example_skip_dag.py took 0.087 seconds
[2026-04-01T21:56:50.726+0530] {processor.py:161} INFO - Started process (PID=9976) to work on /Users/aswin/Documents/data-engineering-practice/ETL_Airflow_DBT/airflow/airflow_env/lib/python3.11/site-packages/airflow/example_dags/example_skip_dag.py
[2026-04-01T21:56:50.727+0530] {processor.py:830} INFO - Processing file /Users/aswin/Documents/data-engineering-practice/ETL_Airflow_DBT/airflow/airflow_env/lib/python3.11/site-packages/airflow/example_dags/example_skip_dag.py for tasks to queue
[2026-04-01T21:56:50.727+0530] {logging_mixin.py:188} INFO - [2026-04-01T21:56:50.727+0530] {dagbag.py:540} INFO - Filling up the DagBag from /Users/aswin/Documents/data-engineering-practice/ETL_Airflow_DBT/airflow/airflow_env/lib/python3.11/site-packages/airflow/example_dags/example_skip_dag.py
[2026-04-01T21:56:50.731+0530] {processor.py:840} INFO - DAG(s) 'example_skip_dag' retrieved from /Users/aswin/Documents/data-engineering-practice/ETL_Airflow_DBT/airflow/airflow_env/lib/python3.11/site-packages/airflow/example_dags/example_skip_dag.py
[2026-04-01T21:56:50.804+0530] {logging_mixin.py:188} INFO - [2026-04-01T21:56:50.804+0530] {dag.py:3096} INFO - Sync 1 DAGs
[2026-04-01T21:56:50.820+0530] {logging_mixin.py:188} INFO - [2026-04-01T21:56:50.820+0530] {dag.py:3954} INFO - Setting next_dagrun for example_skip_dag to 2026-03-31 00:00:00+00:00, run_after=2026-04-01 00:00:00+00:00
[2026-04-01T21:56:50.832+0530] {processor.py:183} INFO - Processing /Users/aswin/Documents/data-engineering-practice/ETL_Airflow_DBT/airflow/airflow_env/lib/python3.11/site-packages/airflow/example_dags/example_skip_dag.py took 0.108 seconds
[2026-04-01T21:57:29.453+0530] {processor.py:161} INFO - Started process (PID=10093) to work on /Users/aswin/Documents/data-engineering-practice/ETL_Airflow_DBT/airflow/airflow_env/lib/python3.11/site-packages/airflow/example_dags/example_skip_dag.py
[2026-04-01T21:57:29.453+0530] {processor.py:830} INFO - Processing file /Users/aswin/Documents/data-engineering-practice/ETL_Airflow_DBT/airflow/airflow_env/lib/python3.11/site-packages/airflow/example_dags/example_skip_dag.py for tasks to queue
[2026-04-01T21:57:29.454+0530] {logging_mixin.py:188} INFO - [2026-04-01T21:57:29.454+0530] {dagbag.py:540} INFO - Filling up the DagBag from /Users/aswin/Documents/data-engineering-practice/ETL_Airflow_DBT/airflow/airflow_env/lib/python3.11/site-packages/airflow/example_dags/example_skip_dag.py
[2026-04-01T21:57:29.458+0530] {processor.py:840} INFO - DAG(s) 'example_skip_dag' retrieved from /Users/aswin/Documents/data-engineering-practice/ETL_Airflow_DBT/airflow/airflow_env/lib/python3.11/site-packages/airflow/example_dags/example_skip_dag.py
[2026-04-01T21:57:29.531+0530] {logging_mixin.py:188} INFO - [2026-04-01T21:57:29.531+0530] {dag.py:3096} INFO - Sync 1 DAGs
[2026-04-01T21:57:29.546+0530] {logging_mixin.py:188} INFO - [2026-04-01T21:57:29.546+0530] {dag.py:3954} INFO - Setting next_dagrun for example_skip_dag to 2026-03-31 00:00:00+00:00, run_after=2026-04-01 00:00:00+00:00
[2026-04-01T21:57:29.559+0530] {processor.py:183} INFO - Processing /Users/aswin/Documents/data-engineering-practice/ETL_Airflow_DBT/airflow/airflow_env/lib/python3.11/site-packages/airflow/example_dags/example_skip_dag.py took 0.108 seconds
[2026-04-01T21:58:08.007+0530] {processor.py:161} INFO - Started process (PID=10208) to work on /Users/aswin/Documents/data-engineering-practice/ETL_Airflow_DBT/airflow/airflow_env/lib/python3.11/site-packages/airflow/example_dags/example_skip_dag.py
[2026-04-01T21:58:08.009+0530] {processor.py:830} INFO - Processing file /Users/aswin/Documents/data-engineering-practice/ETL_Airflow_DBT/airflow/airflow_env/lib/python3.11/site-packages/airflow/example_dags/example_skip_dag.py for tasks to queue
[2026-04-01T21:58:08.009+0530] {logging_mixin.py:188} INFO - [2026-04-01T21:58:08.009+0530] {dagbag.py:540} INFO - Filling up the DagBag from /Users/aswin/Documents/data-engineering-practice/ETL_Airflow_DBT/airflow/airflow_env/lib/python3.11/site-packages/airflow/example_dags/example_skip_dag.py
[2026-04-01T21:58:08.013+0530] {processor.py:840} INFO - DAG(s) 'example_skip_dag' retrieved from /Users/aswin/Documents/data-engineering-practice/ETL_Airflow_DBT/airflow/airflow_env/lib/python3.11/site-packages/airflow/example_dags/example_skip_dag.py
[2026-04-01T21:58:08.079+0530] {logging_mixin.py:188} INFO - [2026-04-01T21:58:08.079+0530] {dag.py:3096} INFO - Sync 1 DAGs
[2026-04-01T21:58:08.092+0530] {logging_mixin.py:188} INFO - [2026-04-01T21:58:08.092+0530] {dag.py:3954} INFO - Setting next_dagrun for example_skip_dag to 2026-03-31 00:00:00+00:00, run_after=2026-04-01 00:00:00+00:00
[2026-04-01T21:58:08.104+0530] {processor.py:183} INFO - Processing /Users/aswin/Documents/data-engineering-practice/ETL_Airflow_DBT/airflow/airflow_env/lib/python3.11/site-packages/airflow/example_dags/example_skip_dag.py took 0.097 seconds
[2026-04-01T21:58:49.479+0530] {processor.py:161} INFO - Started process (PID=10326) to work on /Users/aswin/Documents/data-engineering-practice/ETL_Airflow_DBT/airflow/airflow_env/lib/python3.11/site-packages/airflow/example_dags/example_skip_dag.py
[2026-04-01T21:58:49.480+0530] {processor.py:830} INFO - Processing file /Users/aswin/Documents/data-engineering-practice/ETL_Airflow_DBT/airflow/airflow_env/lib/python3.11/site-packages/airflow/example_dags/example_skip_dag.py for tasks to queue
[2026-04-01T21:58:49.480+0530] {logging_mixin.py:188} INFO - [2026-04-01T21:58:49.480+0530] {dagbag.py:540} INFO - Filling up the DagBag from /Users/aswin/Documents/data-engineering-practice/ETL_Airflow_DBT/airflow/airflow_env/lib/python3.11/site-packages/airflow/example_dags/example_skip_dag.py
[2026-04-01T21:58:49.484+0530] {processor.py:840} INFO - DAG(s) 'example_skip_dag' retrieved from /Users/aswin/Documents/data-engineering-practice/ETL_Airflow_DBT/airflow/airflow_env/lib/python3.11/site-packages/airflow/example_dags/example_skip_dag.py
[2026-04-01T21:58:49.550+0530] {logging_mixin.py:188} INFO - [2026-04-01T21:58:49.550+0530] {dag.py:3096} INFO - Sync 1 DAGs
[2026-04-01T21:58:49.579+0530] {logging_mixin.py:188} INFO - [2026-04-01T21:58:49.579+0530] {dag.py:3954} INFO - Setting next_dagrun for example_skip_dag to 2026-03-31 00:00:00+00:00, run_after=2026-04-01 00:00:00+00:00
[2026-04-01T21:58:49.588+0530] {processor.py:183} INFO - Processing /Users/aswin/Documents/data-engineering-practice/ETL_Airflow_DBT/airflow/airflow_env/lib/python3.11/site-packages/airflow/example_dags/example_skip_dag.py took 0.111 seconds
[2026-04-01T21:59:30.606+0530] {processor.py:161} INFO - Started process (PID=10460) to work on /Users/aswin/Documents/data-engineering-practice/ETL_Airflow_DBT/airflow/airflow_env/lib/python3.11/site-packages/airflow/example_dags/example_skip_dag.py
[2026-04-01T21:59:30.607+0530] {processor.py:830} INFO - Processing file /Users/aswin/Documents/data-engineering-practice/ETL_Airflow_DBT/airflow/airflow_env/lib/python3.11/site-packages/airflow/example_dags/example_skip_dag.py for tasks to queue
[2026-04-01T21:59:30.607+0530] {logging_mixin.py:188} INFO - [2026-04-01T21:59:30.607+0530] {dagbag.py:540} INFO - Filling up the DagBag from /Users/aswin/Documents/data-engineering-practice/ETL_Airflow_DBT/airflow/airflow_env/lib/python3.11/site-packages/airflow/example_dags/example_skip_dag.py
[2026-04-01T21:59:30.610+0530] {processor.py:840} INFO - DAG(s) 'example_skip_dag' retrieved from /Users/aswin/Documents/data-engineering-practice/ETL_Airflow_DBT/airflow/airflow_env/lib/python3.11/site-packages/airflow/example_dags/example_skip_dag.py
[2026-04-01T21:59:30.668+0530] {logging_mixin.py:188} INFO - [2026-04-01T21:59:30.668+0530] {dag.py:3096} INFO - Sync 1 DAGs
[2026-04-01T21:59:30.680+0530] {logging_mixin.py:188} INFO - [2026-04-01T21:59:30.680+0530] {dag.py:3954} INFO - Setting next_dagrun for example_skip_dag to 2026-03-31 00:00:00+00:00, run_after=2026-04-01 00:00:00+00:00
[2026-04-01T21:59:30.689+0530] {processor.py:183} INFO - Processing /Users/aswin/Documents/data-engineering-practice/ETL_Airflow_DBT/airflow/airflow_env/lib/python3.11/site-packages/airflow/example_dags/example_skip_dag.py took 0.084 seconds
[2026-04-01T22:00:07.317+0530] {processor.py:161} INFO - Started process (PID=10584) to work on /Users/aswin/Documents/data-engineering-practice/ETL_Airflow_DBT/airflow/airflow_env/lib/python3.11/site-packages/airflow/example_dags/example_skip_dag.py
[2026-04-01T22:00:07.317+0530] {processor.py:830} INFO - Processing file /Users/aswin/Documents/data-engineering-practice/ETL_Airflow_DBT/airflow/airflow_env/lib/python3.11/site-packages/airflow/example_dags/example_skip_dag.py for tasks to queue
[2026-04-01T22:00:07.318+0530] {logging_mixin.py:188} INFO - [2026-04-01T22:00:07.318+0530] {dagbag.py:540} INFO - Filling up the DagBag from /Users/aswin/Documents/data-engineering-practice/ETL_Airflow_DBT/airflow/airflow_env/lib/python3.11/site-packages/airflow/example_dags/example_skip_dag.py
[2026-04-01T22:00:07.321+0530] {processor.py:840} INFO - DAG(s) 'example_skip_dag' retrieved from /Users/aswin/Documents/data-engineering-practice/ETL_Airflow_DBT/airflow/airflow_env/lib/python3.11/site-packages/airflow/example_dags/example_skip_dag.py
[2026-04-01T22:00:07.377+0530] {logging_mixin.py:188} INFO - [2026-04-01T22:00:07.377+0530] {dag.py:3096} INFO - Sync 1 DAGs
[2026-04-01T22:00:07.390+0530] {logging_mixin.py:188} INFO - [2026-04-01T22:00:07.390+0530] {dag.py:3954} INFO - Setting next_dagrun for example_skip_dag to 2026-03-31 00:00:00+00:00, run_after=2026-04-01 00:00:00+00:00
[2026-04-01T22:00:07.398+0530] {processor.py:183} INFO - Processing /Users/aswin/Documents/data-engineering-practice/ETL_Airflow_DBT/airflow/airflow_env/lib/python3.11/site-packages/airflow/example_dags/example_skip_dag.py took 0.083 seconds
[2026-04-01T22:00:53.101+0530] {processor.py:161} INFO - Started process (PID=10716) to work on /Users/aswin/Documents/data-engineering-practice/ETL_Airflow_DBT/airflow/airflow_env/lib/python3.11/site-packages/airflow/example_dags/example_skip_dag.py
[2026-04-01T22:00:53.102+0530] {processor.py:830} INFO - Processing file /Users/aswin/Documents/data-engineering-practice/ETL_Airflow_DBT/airflow/airflow_env/lib/python3.11/site-packages/airflow/example_dags/example_skip_dag.py for tasks to queue
[2026-04-01T22:00:53.102+0530] {logging_mixin.py:188} INFO - [2026-04-01T22:00:53.102+0530] {dagbag.py:540} INFO - Filling up the DagBag from /Users/aswin/Documents/data-engineering-practice/ETL_Airflow_DBT/airflow/airflow_env/lib/python3.11/site-packages/airflow/example_dags/example_skip_dag.py
[2026-04-01T22:00:53.105+0530] {processor.py:840} INFO - DAG(s) 'example_skip_dag' retrieved from /Users/aswin/Documents/data-engineering-practice/ETL_Airflow_DBT/airflow/airflow_env/lib/python3.11/site-packages/airflow/example_dags/example_skip_dag.py
[2026-04-01T22:00:53.161+0530] {logging_mixin.py:188} INFO - [2026-04-01T22:00:53.161+0530] {dag.py:3096} INFO - Sync 1 DAGs
[2026-04-01T22:00:53.176+0530] {logging_mixin.py:188} INFO - [2026-04-01T22:00:53.176+0530] {dag.py:3954} INFO - Setting next_dagrun for example_skip_dag to 2026-03-31 00:00:00+00:00, run_after=2026-04-01 00:00:00+00:00
[2026-04-01T22:00:53.186+0530] {processor.py:183} INFO - Processing /Users/aswin/Documents/data-engineering-practice/ETL_Airflow_DBT/airflow/airflow_env/lib/python3.11/site-packages/airflow/example_dags/example_skip_dag.py took 0.086 seconds
[2026-04-01T22:01:32.441+0530] {processor.py:161} INFO - Started process (PID=10840) to work on /Users/aswin/Documents/data-engineering-practice/ETL_Airflow_DBT/airflow/airflow_env/lib/python3.11/site-packages/airflow/example_dags/example_skip_dag.py
[2026-04-01T22:01:32.442+0530] {processor.py:830} INFO - Processing file /Users/aswin/Documents/data-engineering-practice/ETL_Airflow_DBT/airflow/airflow_env/lib/python3.11/site-packages/airflow/example_dags/example_skip_dag.py for tasks to queue
[2026-04-01T22:01:32.443+0530] {logging_mixin.py:188} INFO - [2026-04-01T22:01:32.443+0530] {dagbag.py:540} INFO - Filling up the DagBag from /Users/aswin/Documents/data-engineering-practice/ETL_Airflow_DBT/airflow/airflow_env/lib/python3.11/site-packages/airflow/example_dags/example_skip_dag.py
[2026-04-01T22:01:32.446+0530] {processor.py:840} INFO - DAG(s) 'example_skip_dag' retrieved from /Users/aswin/Documents/data-engineering-practice/ETL_Airflow_DBT/airflow/airflow_env/lib/python3.11/site-packages/airflow/example_dags/example_skip_dag.py
[2026-04-01T22:01:32.513+0530] {logging_mixin.py:188} INFO - [2026-04-01T22:01:32.513+0530] {dag.py:3096} INFO - Sync 1 DAGs
[2026-04-01T22:01:32.524+0530] {logging_mixin.py:188} INFO - [2026-04-01T22:01:32.524+0530] {dag.py:3954} INFO - Setting next_dagrun for example_skip_dag to 2026-03-31 00:00:00+00:00, run_after=2026-04-01 00:00:00+00:00
[2026-04-01T22:01:32.534+0530] {processor.py:183} INFO - Processing /Users/aswin/Documents/data-engineering-practice/ETL_Airflow_DBT/airflow/airflow_env/lib/python3.11/site-packages/airflow/example_dags/example_skip_dag.py took 0.094 seconds
[2026-04-01T22:02:18.872+0530] {processor.py:161} INFO - Started process (PID=10977) to work on /Users/aswin/Documents/data-engineering-practice/ETL_Airflow_DBT/airflow/airflow_env/lib/python3.11/site-packages/airflow/example_dags/example_skip_dag.py
[2026-04-01T22:02:18.874+0530] {processor.py:830} INFO - Processing file /Users/aswin/Documents/data-engineering-practice/ETL_Airflow_DBT/airflow/airflow_env/lib/python3.11/site-packages/airflow/example_dags/example_skip_dag.py for tasks to queue
[2026-04-01T22:02:18.874+0530] {logging_mixin.py:188} INFO - [2026-04-01T22:02:18.874+0530] {dagbag.py:540} INFO - Filling up the DagBag from /Users/aswin/Documents/data-engineering-practice/ETL_Airflow_DBT/airflow/airflow_env/lib/python3.11/site-packages/airflow/example_dags/example_skip_dag.py
[2026-04-01T22:02:18.877+0530] {processor.py:840} INFO - DAG(s) 'example_skip_dag' retrieved from /Users/aswin/Documents/data-engineering-practice/ETL_Airflow_DBT/airflow/airflow_env/lib/python3.11/site-packages/airflow/example_dags/example_skip_dag.py
[2026-04-01T22:02:18.931+0530] {logging_mixin.py:188} INFO - [2026-04-01T22:02:18.931+0530] {dag.py:3096} INFO - Sync 1 DAGs
[2026-04-01T22:02:18.942+0530] {logging_mixin.py:188} INFO - [2026-04-01T22:02:18.941+0530] {dag.py:3954} INFO - Setting next_dagrun for example_skip_dag to 2026-03-31 00:00:00+00:00, run_after=2026-04-01 00:00:00+00:00
[2026-04-01T22:02:18.950+0530] {processor.py:183} INFO - Processing /Users/aswin/Documents/data-engineering-practice/ETL_Airflow_DBT/airflow/airflow_env/lib/python3.11/site-packages/airflow/example_dags/example_skip_dag.py took 0.078 seconds
[2026-04-01T22:02:52.581+0530] {processor.py:161} INFO - Started process (PID=11084) to work on /Users/aswin/Documents/data-engineering-practice/ETL_Airflow_DBT/airflow/airflow_env/lib/python3.11/site-packages/airflow/example_dags/example_skip_dag.py
[2026-04-01T22:02:52.581+0530] {processor.py:830} INFO - Processing file /Users/aswin/Documents/data-engineering-practice/ETL_Airflow_DBT/airflow/airflow_env/lib/python3.11/site-packages/airflow/example_dags/example_skip_dag.py for tasks to queue
[2026-04-01T22:02:52.582+0530] {logging_mixin.py:188} INFO - [2026-04-01T22:02:52.582+0530] {dagbag.py:540} INFO - Filling up the DagBag from /Users/aswin/Documents/data-engineering-practice/ETL_Airflow_DBT/airflow/airflow_env/lib/python3.11/site-packages/airflow/example_dags/example_skip_dag.py
[2026-04-01T22:02:52.588+0530] {processor.py:840} INFO - DAG(s) 'example_skip_dag' retrieved from /Users/aswin/Documents/data-engineering-practice/ETL_Airflow_DBT/airflow/airflow_env/lib/python3.11/site-packages/airflow/example_dags/example_skip_dag.py
[2026-04-01T22:02:52.699+0530] {logging_mixin.py:188} INFO - [2026-04-01T22:02:52.698+0530] {dag.py:3096} INFO - Sync 1 DAGs
[2026-04-01T22:02:52.720+0530] {logging_mixin.py:188} INFO - [2026-04-01T22:02:52.720+0530] {dag.py:3954} INFO - Setting next_dagrun for example_skip_dag to 2026-03-31 00:00:00+00:00, run_after=2026-04-01 00:00:00+00:00
[2026-04-01T22:02:52.737+0530] {processor.py:183} INFO - Processing /Users/aswin/Documents/data-engineering-practice/ETL_Airflow_DBT/airflow/airflow_env/lib/python3.11/site-packages/airflow/example_dags/example_skip_dag.py took 0.159 seconds
[2026-04-01T22:03:42.175+0530] {processor.py:161} INFO - Started process (PID=11210) to work on /Users/aswin/Documents/data-engineering-practice/ETL_Airflow_DBT/airflow/airflow_env/lib/python3.11/site-packages/airflow/example_dags/example_skip_dag.py
[2026-04-01T22:03:42.177+0530] {processor.py:830} INFO - Processing file /Users/aswin/Documents/data-engineering-practice/ETL_Airflow_DBT/airflow/airflow_env/lib/python3.11/site-packages/airflow/example_dags/example_skip_dag.py for tasks to queue
[2026-04-01T22:03:42.177+0530] {logging_mixin.py:188} INFO - [2026-04-01T22:03:42.177+0530] {dagbag.py:540} INFO - Filling up the DagBag from /Users/aswin/Documents/data-engineering-practice/ETL_Airflow_DBT/airflow/airflow_env/lib/python3.11/site-packages/airflow/example_dags/example_skip_dag.py
[2026-04-01T22:03:42.181+0530] {processor.py:840} INFO - DAG(s) 'example_skip_dag' retrieved from /Users/aswin/Documents/data-engineering-practice/ETL_Airflow_DBT/airflow/airflow_env/lib/python3.11/site-packages/airflow/example_dags/example_skip_dag.py
[2026-04-01T22:03:42.253+0530] {logging_mixin.py:188} INFO - [2026-04-01T22:03:42.253+0530] {dag.py:3096} INFO - Sync 1 DAGs
[2026-04-01T22:03:42.271+0530] {logging_mixin.py:188} INFO - [2026-04-01T22:03:42.270+0530] {dag.py:3954} INFO - Setting next_dagrun for example_skip_dag to 2026-03-31 00:00:00+00:00, run_after=2026-04-01 00:00:00+00:00
[2026-04-01T22:03:42.296+0530] {processor.py:183} INFO - Processing /Users/aswin/Documents/data-engineering-practice/ETL_Airflow_DBT/airflow/airflow_env/lib/python3.11/site-packages/airflow/example_dags/example_skip_dag.py took 0.122 seconds
[2026-04-01T22:04:15.537+0530] {processor.py:161} INFO - Started process (PID=11321) to work on /Users/aswin/Documents/data-engineering-practice/ETL_Airflow_DBT/airflow/airflow_env/lib/python3.11/site-packages/airflow/example_dags/example_skip_dag.py
[2026-04-01T22:04:15.537+0530] {processor.py:830} INFO - Processing file /Users/aswin/Documents/data-engineering-practice/ETL_Airflow_DBT/airflow/airflow_env/lib/python3.11/site-packages/airflow/example_dags/example_skip_dag.py for tasks to queue
[2026-04-01T22:04:15.538+0530] {logging_mixin.py:188} INFO - [2026-04-01T22:04:15.538+0530] {dagbag.py:540} INFO - Filling up the DagBag from /Users/aswin/Documents/data-engineering-practice/ETL_Airflow_DBT/airflow/airflow_env/lib/python3.11/site-packages/airflow/example_dags/example_skip_dag.py
[2026-04-01T22:04:15.542+0530] {processor.py:840} INFO - DAG(s) 'example_skip_dag' retrieved from /Users/aswin/Documents/data-engineering-practice/ETL_Airflow_DBT/airflow/airflow_env/lib/python3.11/site-packages/airflow/example_dags/example_skip_dag.py
[2026-04-01T22:04:15.615+0530] {logging_mixin.py:188} INFO - [2026-04-01T22:04:15.614+0530] {dag.py:3096} INFO - Sync 1 DAGs
[2026-04-01T22:04:15.629+0530] {logging_mixin.py:188} INFO - [2026-04-01T22:04:15.629+0530] {dag.py:3954} INFO - Setting next_dagrun for example_skip_dag to 2026-03-31 00:00:00+00:00, run_after=2026-04-01 00:00:00+00:00
[2026-04-01T22:04:15.640+0530] {processor.py:183} INFO - Processing /Users/aswin/Documents/data-engineering-practice/ETL_Airflow_DBT/airflow/airflow_env/lib/python3.11/site-packages/airflow/example_dags/example_skip_dag.py took 0.104 seconds
[2026-04-01T22:04:56.596+0530] {processor.py:161} INFO - Started process (PID=11448) to work on /Users/aswin/Documents/data-engineering-practice/ETL_Airflow_DBT/airflow/airflow_env/lib/python3.11/site-packages/airflow/example_dags/example_skip_dag.py
[2026-04-01T22:04:56.596+0530] {processor.py:830} INFO - Processing file /Users/aswin/Documents/data-engineering-practice/ETL_Airflow_DBT/airflow/airflow_env/lib/python3.11/site-packages/airflow/example_dags/example_skip_dag.py for tasks to queue
[2026-04-01T22:04:56.597+0530] {logging_mixin.py:188} INFO - [2026-04-01T22:04:56.597+0530] {dagbag.py:540} INFO - Filling up the DagBag from /Users/aswin/Documents/data-engineering-practice/ETL_Airflow_DBT/airflow/airflow_env/lib/python3.11/site-packages/airflow/example_dags/example_skip_dag.py
[2026-04-01T22:04:56.600+0530] {processor.py:840} INFO - DAG(s) 'example_skip_dag' retrieved from /Users/aswin/Documents/data-engineering-practice/ETL_Airflow_DBT/airflow/airflow_env/lib/python3.11/site-packages/airflow/example_dags/example_skip_dag.py
[2026-04-01T22:04:56.662+0530] {logging_mixin.py:188} INFO - [2026-04-01T22:04:56.662+0530] {dag.py:3096} INFO - Sync 1 DAGs
[2026-04-01T22:04:56.674+0530] {logging_mixin.py:188} INFO - [2026-04-01T22:04:56.674+0530] {dag.py:3954} INFO - Setting next_dagrun for example_skip_dag to 2026-03-31 00:00:00+00:00, run_after=2026-04-01 00:00:00+00:00
[2026-04-01T22:04:56.683+0530] {processor.py:183} INFO - Processing /Users/aswin/Documents/data-engineering-practice/ETL_Airflow_DBT/airflow/airflow_env/lib/python3.11/site-packages/airflow/example_dags/example_skip_dag.py took 0.088 seconds
[2026-04-01T22:05:41.778+0530] {processor.py:161} INFO - Started process (PID=11575) to work on /Users/aswin/Documents/data-engineering-practice/ETL_Airflow_DBT/airflow/airflow_env/lib/python3.11/site-packages/airflow/example_dags/example_skip_dag.py
[2026-04-01T22:05:41.779+0530] {processor.py:830} INFO - Processing file /Users/aswin/Documents/data-engineering-practice/ETL_Airflow_DBT/airflow/airflow_env/lib/python3.11/site-packages/airflow/example_dags/example_skip_dag.py for tasks to queue
[2026-04-01T22:05:41.779+0530] {logging_mixin.py:188} INFO - [2026-04-01T22:05:41.779+0530] {dagbag.py:540} INFO - Filling up the DagBag from /Users/aswin/Documents/data-engineering-practice/ETL_Airflow_DBT/airflow/airflow_env/lib/python3.11/site-packages/airflow/example_dags/example_skip_dag.py
[2026-04-01T22:05:41.784+0530] {processor.py:840} INFO - DAG(s) 'example_skip_dag' retrieved from /Users/aswin/Documents/data-engineering-practice/ETL_Airflow_DBT/airflow/airflow_env/lib/python3.11/site-packages/airflow/example_dags/example_skip_dag.py
[2026-04-01T22:05:41.869+0530] {logging_mixin.py:188} INFO - [2026-04-01T22:05:41.869+0530] {dag.py:3096} INFO - Sync 1 DAGs
[2026-04-01T22:05:41.886+0530] {logging_mixin.py:188} INFO - [2026-04-01T22:05:41.886+0530] {dag.py:3954} INFO - Setting next_dagrun for example_skip_dag to 2026-03-31 00:00:00+00:00, run_after=2026-04-01 00:00:00+00:00
[2026-04-01T22:05:41.900+0530] {processor.py:183} INFO - Processing /Users/aswin/Documents/data-engineering-practice/ETL_Airflow_DBT/airflow/airflow_env/lib/python3.11/site-packages/airflow/example_dags/example_skip_dag.py took 0.124 seconds
[2026-04-01T22:06:22.367+0530] {processor.py:161} INFO - Started process (PID=11697) to work on /Users/aswin/Documents/data-engineering-practice/ETL_Airflow_DBT/airflow/airflow_env/lib/python3.11/site-packages/airflow/example_dags/example_skip_dag.py
[2026-04-01T22:06:22.368+0530] {processor.py:830} INFO - Processing file /Users/aswin/Documents/data-engineering-practice/ETL_Airflow_DBT/airflow/airflow_env/lib/python3.11/site-packages/airflow/example_dags/example_skip_dag.py for tasks to queue
[2026-04-01T22:06:22.368+0530] {logging_mixin.py:188} INFO - [2026-04-01T22:06:22.368+0530] {dagbag.py:540} INFO - Filling up the DagBag from /Users/aswin/Documents/data-engineering-practice/ETL_Airflow_DBT/airflow/airflow_env/lib/python3.11/site-packages/airflow/example_dags/example_skip_dag.py
[2026-04-01T22:06:22.372+0530] {processor.py:840} INFO - DAG(s) 'example_skip_dag' retrieved from /Users/aswin/Documents/data-engineering-practice/ETL_Airflow_DBT/airflow/airflow_env/lib/python3.11/site-packages/airflow/example_dags/example_skip_dag.py
[2026-04-01T22:06:22.442+0530] {logging_mixin.py:188} INFO - [2026-04-01T22:06:22.441+0530] {dag.py:3096} INFO - Sync 1 DAGs
[2026-04-01T22:06:22.456+0530] {logging_mixin.py:188} INFO - [2026-04-01T22:06:22.456+0530] {dag.py:3954} INFO - Setting next_dagrun for example_skip_dag to 2026-03-31 00:00:00+00:00, run_after=2026-04-01 00:00:00+00:00
[2026-04-01T22:06:22.468+0530] {processor.py:183} INFO - Processing /Users/aswin/Documents/data-engineering-practice/ETL_Airflow_DBT/airflow/airflow_env/lib/python3.11/site-packages/airflow/example_dags/example_skip_dag.py took 0.103 seconds
[2026-04-01T22:07:00.437+0530] {processor.py:161} INFO - Started process (PID=11794) to work on /Users/aswin/Documents/data-engineering-practice/ETL_Airflow_DBT/airflow/airflow_env/lib/python3.11/site-packages/airflow/example_dags/example_skip_dag.py
[2026-04-01T22:07:00.438+0530] {processor.py:830} INFO - Processing file /Users/aswin/Documents/data-engineering-practice/ETL_Airflow_DBT/airflow/airflow_env/lib/python3.11/site-packages/airflow/example_dags/example_skip_dag.py for tasks to queue
[2026-04-01T22:07:00.439+0530] {logging_mixin.py:188} INFO - [2026-04-01T22:07:00.439+0530] {dagbag.py:540} INFO - Filling up the DagBag from /Users/aswin/Documents/data-engineering-practice/ETL_Airflow_DBT/airflow/airflow_env/lib/python3.11/site-packages/airflow/example_dags/example_skip_dag.py
[2026-04-01T22:07:00.447+0530] {processor.py:840} INFO - DAG(s) 'example_skip_dag' retrieved from /Users/aswin/Documents/data-engineering-practice/ETL_Airflow_DBT/airflow/airflow_env/lib/python3.11/site-packages/airflow/example_dags/example_skip_dag.py
[2026-04-01T22:07:00.562+0530] {logging_mixin.py:188} INFO - [2026-04-01T22:07:00.562+0530] {dag.py:3096} INFO - Sync 1 DAGs
[2026-04-01T22:07:00.584+0530] {logging_mixin.py:188} INFO - [2026-04-01T22:07:00.584+0530] {dag.py:3954} INFO - Setting next_dagrun for example_skip_dag to 2026-03-31 00:00:00+00:00, run_after=2026-04-01 00:00:00+00:00
[2026-04-01T22:07:00.610+0530] {processor.py:183} INFO - Processing /Users/aswin/Documents/data-engineering-practice/ETL_Airflow_DBT/airflow/airflow_env/lib/python3.11/site-packages/airflow/example_dags/example_skip_dag.py took 0.176 seconds
[2026-04-01T22:07:40.986+0530] {processor.py:161} INFO - Started process (PID=11920) to work on /Users/aswin/Documents/data-engineering-practice/ETL_Airflow_DBT/airflow/airflow_env/lib/python3.11/site-packages/airflow/example_dags/example_skip_dag.py
[2026-04-01T22:07:40.987+0530] {processor.py:830} INFO - Processing file /Users/aswin/Documents/data-engineering-practice/ETL_Airflow_DBT/airflow/airflow_env/lib/python3.11/site-packages/airflow/example_dags/example_skip_dag.py for tasks to queue
[2026-04-01T22:07:40.988+0530] {logging_mixin.py:188} INFO - [2026-04-01T22:07:40.988+0530] {dagbag.py:540} INFO - Filling up the DagBag from /Users/aswin/Documents/data-engineering-practice/ETL_Airflow_DBT/airflow/airflow_env/lib/python3.11/site-packages/airflow/example_dags/example_skip_dag.py
[2026-04-01T22:07:40.998+0530] {processor.py:840} INFO - DAG(s) 'example_skip_dag' retrieved from /Users/aswin/Documents/data-engineering-practice/ETL_Airflow_DBT/airflow/airflow_env/lib/python3.11/site-packages/airflow/example_dags/example_skip_dag.py
[2026-04-01T22:07:41.179+0530] {logging_mixin.py:188} INFO - [2026-04-01T22:07:41.179+0530] {dag.py:3096} INFO - Sync 1 DAGs
[2026-04-01T22:07:41.210+0530] {logging_mixin.py:188} INFO - [2026-04-01T22:07:41.210+0530] {dag.py:3954} INFO - Setting next_dagrun for example_skip_dag to 2026-03-31 00:00:00+00:00, run_after=2026-04-01 00:00:00+00:00
[2026-04-01T22:07:41.234+0530] {processor.py:183} INFO - Processing /Users/aswin/Documents/data-engineering-practice/ETL_Airflow_DBT/airflow/airflow_env/lib/python3.11/site-packages/airflow/example_dags/example_skip_dag.py took 0.252 seconds
[2026-04-01T22:08:14.417+0530] {processor.py:161} INFO - Started process (PID=12026) to work on /Users/aswin/Documents/data-engineering-practice/ETL_Airflow_DBT/airflow/airflow_env/lib/python3.11/site-packages/airflow/example_dags/example_skip_dag.py
[2026-04-01T22:08:14.418+0530] {processor.py:830} INFO - Processing file /Users/aswin/Documents/data-engineering-practice/ETL_Airflow_DBT/airflow/airflow_env/lib/python3.11/site-packages/airflow/example_dags/example_skip_dag.py for tasks to queue
[2026-04-01T22:08:14.419+0530] {logging_mixin.py:188} INFO - [2026-04-01T22:08:14.419+0530] {dagbag.py:540} INFO - Filling up the DagBag from /Users/aswin/Documents/data-engineering-practice/ETL_Airflow_DBT/airflow/airflow_env/lib/python3.11/site-packages/airflow/example_dags/example_skip_dag.py
[2026-04-01T22:08:14.422+0530] {processor.py:840} INFO - DAG(s) 'example_skip_dag' retrieved from /Users/aswin/Documents/data-engineering-practice/ETL_Airflow_DBT/airflow/airflow_env/lib/python3.11/site-packages/airflow/example_dags/example_skip_dag.py
[2026-04-01T22:08:14.476+0530] {logging_mixin.py:188} INFO - [2026-04-01T22:08:14.476+0530] {dag.py:3096} INFO - Sync 1 DAGs
[2026-04-01T22:08:14.489+0530] {logging_mixin.py:188} INFO - [2026-04-01T22:08:14.489+0530] {dag.py:3954} INFO - Setting next_dagrun for example_skip_dag to 2026-03-31 00:00:00+00:00, run_after=2026-04-01 00:00:00+00:00
[2026-04-01T22:08:14.497+0530] {processor.py:183} INFO - Processing /Users/aswin/Documents/data-engineering-practice/ETL_Airflow_DBT/airflow/airflow_env/lib/python3.11/site-packages/airflow/example_dags/example_skip_dag.py took 0.081 seconds
[2026-04-01T22:24:30.142+0530] {processor.py:161} INFO - Started process (PID=12137) to work on /Users/aswin/Documents/data-engineering-practice/ETL_Airflow_DBT/airflow/airflow_env/lib/python3.11/site-packages/airflow/example_dags/example_skip_dag.py
[2026-04-01T22:24:30.143+0530] {processor.py:830} INFO - Processing file /Users/aswin/Documents/data-engineering-practice/ETL_Airflow_DBT/airflow/airflow_env/lib/python3.11/site-packages/airflow/example_dags/example_skip_dag.py for tasks to queue
[2026-04-01T22:24:30.143+0530] {logging_mixin.py:188} INFO - [2026-04-01T22:24:30.143+0530] {dagbag.py:540} INFO - Filling up the DagBag from /Users/aswin/Documents/data-engineering-practice/ETL_Airflow_DBT/airflow/airflow_env/lib/python3.11/site-packages/airflow/example_dags/example_skip_dag.py
[2026-04-01T22:24:30.146+0530] {processor.py:840} INFO - DAG(s) 'example_skip_dag' retrieved from /Users/aswin/Documents/data-engineering-practice/ETL_Airflow_DBT/airflow/airflow_env/lib/python3.11/site-packages/airflow/example_dags/example_skip_dag.py
[2026-04-01T22:24:30.197+0530] {logging_mixin.py:188} INFO - [2026-04-01T22:24:30.197+0530] {dag.py:3096} INFO - Sync 1 DAGs
[2026-04-01T22:24:30.210+0530] {logging_mixin.py:188} INFO - [2026-04-01T22:24:30.209+0530] {dag.py:3954} INFO - Setting next_dagrun for example_skip_dag to 2026-03-31 00:00:00+00:00, run_after=2026-04-01 00:00:00+00:00
[2026-04-01T22:24:30.220+0530] {processor.py:183} INFO - Processing /Users/aswin/Documents/data-engineering-practice/ETL_Airflow_DBT/airflow/airflow_env/lib/python3.11/site-packages/airflow/example_dags/example_skip_dag.py took 0.079 seconds
[2026-04-01T22:25:38.341+0530] {processor.py:161} INFO - Started process (PID=12240) to work on /Users/aswin/Documents/data-engineering-practice/ETL_Airflow_DBT/airflow/airflow_env/lib/python3.11/site-packages/airflow/example_dags/example_skip_dag.py
[2026-04-01T22:25:38.342+0530] {processor.py:830} INFO - Processing file /Users/aswin/Documents/data-engineering-practice/ETL_Airflow_DBT/airflow/airflow_env/lib/python3.11/site-packages/airflow/example_dags/example_skip_dag.py for tasks to queue
[2026-04-01T22:25:38.342+0530] {logging_mixin.py:188} INFO - [2026-04-01T22:25:38.342+0530] {dagbag.py:540} INFO - Filling up the DagBag from /Users/aswin/Documents/data-engineering-practice/ETL_Airflow_DBT/airflow/airflow_env/lib/python3.11/site-packages/airflow/example_dags/example_skip_dag.py
[2026-04-01T22:25:38.345+0530] {processor.py:840} INFO - DAG(s) 'example_skip_dag' retrieved from /Users/aswin/Documents/data-engineering-practice/ETL_Airflow_DBT/airflow/airflow_env/lib/python3.11/site-packages/airflow/example_dags/example_skip_dag.py
[2026-04-01T22:25:38.396+0530] {logging_mixin.py:188} INFO - [2026-04-01T22:25:38.396+0530] {dag.py:3096} INFO - Sync 1 DAGs
[2026-04-01T22:25:38.406+0530] {logging_mixin.py:188} INFO - [2026-04-01T22:25:38.406+0530] {dag.py:3954} INFO - Setting next_dagrun for example_skip_dag to 2026-03-31 00:00:00+00:00, run_after=2026-04-01 00:00:00+00:00
[2026-04-01T22:25:38.413+0530] {processor.py:183} INFO - Processing /Users/aswin/Documents/data-engineering-practice/ETL_Airflow_DBT/airflow/airflow_env/lib/python3.11/site-packages/airflow/example_dags/example_skip_dag.py took 0.074 seconds
[2026-04-01T22:26:42.635+0530] {processor.py:161} INFO - Started process (PID=12319) to work on /Users/aswin/Documents/data-engineering-practice/ETL_Airflow_DBT/airflow/airflow_env/lib/python3.11/site-packages/airflow/example_dags/example_skip_dag.py
[2026-04-01T22:26:42.635+0530] {processor.py:830} INFO - Processing file /Users/aswin/Documents/data-engineering-practice/ETL_Airflow_DBT/airflow/airflow_env/lib/python3.11/site-packages/airflow/example_dags/example_skip_dag.py for tasks to queue
[2026-04-01T22:26:42.636+0530] {logging_mixin.py:188} INFO - [2026-04-01T22:26:42.636+0530] {dagbag.py:540} INFO - Filling up the DagBag from /Users/aswin/Documents/data-engineering-practice/ETL_Airflow_DBT/airflow/airflow_env/lib/python3.11/site-packages/airflow/example_dags/example_skip_dag.py
[2026-04-01T22:26:42.639+0530] {processor.py:840} INFO - DAG(s) 'example_skip_dag' retrieved from /Users/aswin/Documents/data-engineering-practice/ETL_Airflow_DBT/airflow/airflow_env/lib/python3.11/site-packages/airflow/example_dags/example_skip_dag.py
[2026-04-01T22:26:42.690+0530] {logging_mixin.py:188} INFO - [2026-04-01T22:26:42.690+0530] {dag.py:3096} INFO - Sync 1 DAGs
[2026-04-01T22:26:42.703+0530] {logging_mixin.py:188} INFO - [2026-04-01T22:26:42.702+0530] {dag.py:3954} INFO - Setting next_dagrun for example_skip_dag to 2026-03-31 00:00:00+00:00, run_after=2026-04-01 00:00:00+00:00
[2026-04-01T22:26:42.713+0530] {processor.py:183} INFO - Processing /Users/aswin/Documents/data-engineering-practice/ETL_Airflow_DBT/airflow/airflow_env/lib/python3.11/site-packages/airflow/example_dags/example_skip_dag.py took 0.079 seconds
[2026-04-01T22:35:48.124+0530] {processor.py:161} INFO - Started process (PID=12467) to work on /Users/aswin/Documents/data-engineering-practice/ETL_Airflow_DBT/airflow/airflow_env/lib/python3.11/site-packages/airflow/example_dags/example_skip_dag.py
[2026-04-01T22:35:48.125+0530] {processor.py:830} INFO - Processing file /Users/aswin/Documents/data-engineering-practice/ETL_Airflow_DBT/airflow/airflow_env/lib/python3.11/site-packages/airflow/example_dags/example_skip_dag.py for tasks to queue
[2026-04-01T22:35:48.125+0530] {logging_mixin.py:188} INFO - [2026-04-01T22:35:48.125+0530] {dagbag.py:540} INFO - Filling up the DagBag from /Users/aswin/Documents/data-engineering-practice/ETL_Airflow_DBT/airflow/airflow_env/lib/python3.11/site-packages/airflow/example_dags/example_skip_dag.py
[2026-04-01T22:35:48.128+0530] {processor.py:840} INFO - DAG(s) 'example_skip_dag' retrieved from /Users/aswin/Documents/data-engineering-practice/ETL_Airflow_DBT/airflow/airflow_env/lib/python3.11/site-packages/airflow/example_dags/example_skip_dag.py
[2026-04-01T22:35:48.185+0530] {logging_mixin.py:188} INFO - [2026-04-01T22:35:48.185+0530] {dag.py:3096} INFO - Sync 1 DAGs
[2026-04-01T22:35:48.195+0530] {logging_mixin.py:188} INFO - [2026-04-01T22:35:48.195+0530] {dag.py:3954} INFO - Setting next_dagrun for example_skip_dag to 2026-03-31 00:00:00+00:00, run_after=2026-04-01 00:00:00+00:00
[2026-04-01T22:35:48.204+0530] {processor.py:183} INFO - Processing /Users/aswin/Documents/data-engineering-practice/ETL_Airflow_DBT/airflow/airflow_env/lib/python3.11/site-packages/airflow/example_dags/example_skip_dag.py took 0.082 seconds
[2026-04-01T22:36:19.098+0530] {processor.py:161} INFO - Started process (PID=12669) to work on /Users/aswin/Documents/data-engineering-practice/ETL_Airflow_DBT/airflow/airflow_env/lib/python3.11/site-packages/airflow/example_dags/example_skip_dag.py
[2026-04-01T22:36:19.099+0530] {processor.py:830} INFO - Processing file /Users/aswin/Documents/data-engineering-practice/ETL_Airflow_DBT/airflow/airflow_env/lib/python3.11/site-packages/airflow/example_dags/example_skip_dag.py for tasks to queue
[2026-04-01T22:36:19.099+0530] {logging_mixin.py:188} INFO - [2026-04-01T22:36:19.099+0530] {dagbag.py:540} INFO - Filling up the DagBag from /Users/aswin/Documents/data-engineering-practice/ETL_Airflow_DBT/airflow/airflow_env/lib/python3.11/site-packages/airflow/example_dags/example_skip_dag.py
[2026-04-01T22:36:19.103+0530] {processor.py:840} INFO - DAG(s) 'example_skip_dag' retrieved from /Users/aswin/Documents/data-engineering-practice/ETL_Airflow_DBT/airflow/airflow_env/lib/python3.11/site-packages/airflow/example_dags/example_skip_dag.py
[2026-04-01T22:36:19.159+0530] {logging_mixin.py:188} INFO - [2026-04-01T22:36:19.159+0530] {dag.py:3096} INFO - Sync 1 DAGs
[2026-04-01T22:36:19.170+0530] {logging_mixin.py:188} INFO - [2026-04-01T22:36:19.170+0530] {dag.py:3954} INFO - Setting next_dagrun for example_skip_dag to 2026-03-31 00:00:00+00:00, run_after=2026-04-01 00:00:00+00:00
[2026-04-01T22:36:19.178+0530] {processor.py:183} INFO - Processing /Users/aswin/Documents/data-engineering-practice/ETL_Airflow_DBT/airflow/airflow_env/lib/python3.11/site-packages/airflow/example_dags/example_skip_dag.py took 0.081 seconds
[2026-04-01T22:36:50.509+0530] {processor.py:161} INFO - Started process (PID=12786) to work on /Users/aswin/Documents/data-engineering-practice/ETL_Airflow_DBT/airflow/airflow_env/lib/python3.11/site-packages/airflow/example_dags/example_skip_dag.py
[2026-04-01T22:36:50.510+0530] {processor.py:830} INFO - Processing file /Users/aswin/Documents/data-engineering-practice/ETL_Airflow_DBT/airflow/airflow_env/lib/python3.11/site-packages/airflow/example_dags/example_skip_dag.py for tasks to queue
[2026-04-01T22:36:50.510+0530] {logging_mixin.py:188} INFO - [2026-04-01T22:36:50.510+0530] {dagbag.py:540} INFO - Filling up the DagBag from /Users/aswin/Documents/data-engineering-practice/ETL_Airflow_DBT/airflow/airflow_env/lib/python3.11/site-packages/airflow/example_dags/example_skip_dag.py
[2026-04-01T22:36:50.513+0530] {processor.py:840} INFO - DAG(s) 'example_skip_dag' retrieved from /Users/aswin/Documents/data-engineering-practice/ETL_Airflow_DBT/airflow/airflow_env/lib/python3.11/site-packages/airflow/example_dags/example_skip_dag.py
[2026-04-01T22:36:50.567+0530] {logging_mixin.py:188} INFO - [2026-04-01T22:36:50.566+0530] {dag.py:3096} INFO - Sync 1 DAGs
[2026-04-01T22:36:50.577+0530] {logging_mixin.py:188} INFO - [2026-04-01T22:36:50.577+0530] {dag.py:3954} INFO - Setting next_dagrun for example_skip_dag to 2026-03-31 00:00:00+00:00, run_after=2026-04-01 00:00:00+00:00
[2026-04-01T22:36:50.586+0530] {processor.py:183} INFO - Processing /Users/aswin/Documents/data-engineering-practice/ETL_Airflow_DBT/airflow/airflow_env/lib/python3.11/site-packages/airflow/example_dags/example_skip_dag.py took 0.078 seconds
[2026-04-01T22:37:21.799+0530] {processor.py:161} INFO - Started process (PID=12918) to work on /Users/aswin/Documents/data-engineering-practice/ETL_Airflow_DBT/airflow/airflow_env/lib/python3.11/site-packages/airflow/example_dags/example_skip_dag.py
[2026-04-01T22:37:21.800+0530] {processor.py:830} INFO - Processing file /Users/aswin/Documents/data-engineering-practice/ETL_Airflow_DBT/airflow/airflow_env/lib/python3.11/site-packages/airflow/example_dags/example_skip_dag.py for tasks to queue
[2026-04-01T22:37:21.800+0530] {logging_mixin.py:188} INFO - [2026-04-01T22:37:21.800+0530] {dagbag.py:540} INFO - Filling up the DagBag from /Users/aswin/Documents/data-engineering-practice/ETL_Airflow_DBT/airflow/airflow_env/lib/python3.11/site-packages/airflow/example_dags/example_skip_dag.py
[2026-04-01T22:37:21.803+0530] {processor.py:840} INFO - DAG(s) 'example_skip_dag' retrieved from /Users/aswin/Documents/data-engineering-practice/ETL_Airflow_DBT/airflow/airflow_env/lib/python3.11/site-packages/airflow/example_dags/example_skip_dag.py
[2026-04-01T22:37:21.854+0530] {logging_mixin.py:188} INFO - [2026-04-01T22:37:21.854+0530] {dag.py:3096} INFO - Sync 1 DAGs
[2026-04-01T22:37:21.863+0530] {logging_mixin.py:188} INFO - [2026-04-01T22:37:21.863+0530] {dag.py:3954} INFO - Setting next_dagrun for example_skip_dag to 2026-03-31 00:00:00+00:00, run_after=2026-04-01 00:00:00+00:00
[2026-04-01T22:37:21.870+0530] {processor.py:183} INFO - Processing /Users/aswin/Documents/data-engineering-practice/ETL_Airflow_DBT/airflow/airflow_env/lib/python3.11/site-packages/airflow/example_dags/example_skip_dag.py took 0.072 seconds
[2026-04-01T22:37:53.016+0530] {processor.py:161} INFO - Started process (PID=13043) to work on /Users/aswin/Documents/data-engineering-practice/ETL_Airflow_DBT/airflow/airflow_env/lib/python3.11/site-packages/airflow/example_dags/example_skip_dag.py
[2026-04-01T22:37:53.017+0530] {processor.py:830} INFO - Processing file /Users/aswin/Documents/data-engineering-practice/ETL_Airflow_DBT/airflow/airflow_env/lib/python3.11/site-packages/airflow/example_dags/example_skip_dag.py for tasks to queue
[2026-04-01T22:37:53.017+0530] {logging_mixin.py:188} INFO - [2026-04-01T22:37:53.017+0530] {dagbag.py:540} INFO - Filling up the DagBag from /Users/aswin/Documents/data-engineering-practice/ETL_Airflow_DBT/airflow/airflow_env/lib/python3.11/site-packages/airflow/example_dags/example_skip_dag.py
[2026-04-01T22:37:53.020+0530] {processor.py:840} INFO - DAG(s) 'example_skip_dag' retrieved from /Users/aswin/Documents/data-engineering-practice/ETL_Airflow_DBT/airflow/airflow_env/lib/python3.11/site-packages/airflow/example_dags/example_skip_dag.py
[2026-04-01T22:37:53.074+0530] {logging_mixin.py:188} INFO - [2026-04-01T22:37:53.073+0530] {dag.py:3096} INFO - Sync 1 DAGs
[2026-04-01T22:37:53.086+0530] {logging_mixin.py:188} INFO - [2026-04-01T22:37:53.086+0530] {dag.py:3954} INFO - Setting next_dagrun for example_skip_dag to 2026-03-31 00:00:00+00:00, run_after=2026-04-01 00:00:00+00:00
[2026-04-01T22:37:53.095+0530] {processor.py:183} INFO - Processing /Users/aswin/Documents/data-engineering-practice/ETL_Airflow_DBT/airflow/airflow_env/lib/python3.11/site-packages/airflow/example_dags/example_skip_dag.py took 0.080 seconds
[2026-04-02T04:58:16.854+0530] {processor.py:161} INFO - Started process (PID=14241) to work on /Users/aswin/Documents/data-engineering-practice/ETL_Airflow_DBT/airflow/airflow_env/lib/python3.11/site-packages/airflow/example_dags/example_skip_dag.py
[2026-04-02T04:58:16.856+0530] {processor.py:830} INFO - Processing file /Users/aswin/Documents/data-engineering-practice/ETL_Airflow_DBT/airflow/airflow_env/lib/python3.11/site-packages/airflow/example_dags/example_skip_dag.py for tasks to queue
[2026-04-02T04:58:16.856+0530] {logging_mixin.py:188} INFO - [2026-04-02T04:58:16.856+0530] {dagbag.py:540} INFO - Filling up the DagBag from /Users/aswin/Documents/data-engineering-practice/ETL_Airflow_DBT/airflow/airflow_env/lib/python3.11/site-packages/airflow/example_dags/example_skip_dag.py
[2026-04-02T04:58:16.859+0530] {processor.py:840} INFO - DAG(s) 'example_skip_dag' retrieved from /Users/aswin/Documents/data-engineering-practice/ETL_Airflow_DBT/airflow/airflow_env/lib/python3.11/site-packages/airflow/example_dags/example_skip_dag.py
[2026-04-02T04:58:16.912+0530] {logging_mixin.py:188} INFO - [2026-04-02T04:58:16.912+0530] {dag.py:3096} INFO - Sync 1 DAGs
[2026-04-02T04:58:16.922+0530] {logging_mixin.py:188} INFO - [2026-04-02T04:58:16.922+0530] {dag.py:3954} INFO - Setting next_dagrun for example_skip_dag to 2026-03-31 00:00:00+00:00, run_after=2026-04-01 00:00:00+00:00
[2026-04-02T04:58:16.930+0530] {processor.py:183} INFO - Processing /Users/aswin/Documents/data-engineering-practice/ETL_Airflow_DBT/airflow/airflow_env/lib/python3.11/site-packages/airflow/example_dags/example_skip_dag.py took 0.077 seconds
[2026-04-02T04:58:48.017+0530] {processor.py:161} INFO - Started process (PID=14385) to work on /Users/aswin/Documents/data-engineering-practice/ETL_Airflow_DBT/airflow/airflow_env/lib/python3.11/site-packages/airflow/example_dags/example_skip_dag.py
[2026-04-02T04:58:48.018+0530] {processor.py:830} INFO - Processing file /Users/aswin/Documents/data-engineering-practice/ETL_Airflow_DBT/airflow/airflow_env/lib/python3.11/site-packages/airflow/example_dags/example_skip_dag.py for tasks to queue
[2026-04-02T04:58:48.018+0530] {logging_mixin.py:188} INFO - [2026-04-02T04:58:48.018+0530] {dagbag.py:540} INFO - Filling up the DagBag from /Users/aswin/Documents/data-engineering-practice/ETL_Airflow_DBT/airflow/airflow_env/lib/python3.11/site-packages/airflow/example_dags/example_skip_dag.py
[2026-04-02T04:58:48.021+0530] {processor.py:840} INFO - DAG(s) 'example_skip_dag' retrieved from /Users/aswin/Documents/data-engineering-practice/ETL_Airflow_DBT/airflow/airflow_env/lib/python3.11/site-packages/airflow/example_dags/example_skip_dag.py
[2026-04-02T04:58:48.076+0530] {logging_mixin.py:188} INFO - [2026-04-02T04:58:48.076+0530] {dag.py:3096} INFO - Sync 1 DAGs
[2026-04-02T04:58:48.088+0530] {logging_mixin.py:188} INFO - [2026-04-02T04:58:48.088+0530] {dag.py:3954} INFO - Setting next_dagrun for example_skip_dag to 2026-03-31 00:00:00+00:00, run_after=2026-04-01 00:00:00+00:00
[2026-04-02T04:58:48.097+0530] {processor.py:183} INFO - Processing /Users/aswin/Documents/data-engineering-practice/ETL_Airflow_DBT/airflow/airflow_env/lib/python3.11/site-packages/airflow/example_dags/example_skip_dag.py took 0.081 seconds
[2026-04-02T04:59:19.150+0530] {processor.py:161} INFO - Started process (PID=14510) to work on /Users/aswin/Documents/data-engineering-practice/ETL_Airflow_DBT/airflow/airflow_env/lib/python3.11/site-packages/airflow/example_dags/example_skip_dag.py
[2026-04-02T04:59:19.151+0530] {processor.py:830} INFO - Processing file /Users/aswin/Documents/data-engineering-practice/ETL_Airflow_DBT/airflow/airflow_env/lib/python3.11/site-packages/airflow/example_dags/example_skip_dag.py for tasks to queue
[2026-04-02T04:59:19.151+0530] {logging_mixin.py:188} INFO - [2026-04-02T04:59:19.151+0530] {dagbag.py:540} INFO - Filling up the DagBag from /Users/aswin/Documents/data-engineering-practice/ETL_Airflow_DBT/airflow/airflow_env/lib/python3.11/site-packages/airflow/example_dags/example_skip_dag.py
[2026-04-02T04:59:19.154+0530] {processor.py:840} INFO - DAG(s) 'example_skip_dag' retrieved from /Users/aswin/Documents/data-engineering-practice/ETL_Airflow_DBT/airflow/airflow_env/lib/python3.11/site-packages/airflow/example_dags/example_skip_dag.py
[2026-04-02T04:59:19.206+0530] {logging_mixin.py:188} INFO - [2026-04-02T04:59:19.206+0530] {dag.py:3096} INFO - Sync 1 DAGs
[2026-04-02T04:59:19.217+0530] {logging_mixin.py:188} INFO - [2026-04-02T04:59:19.217+0530] {dag.py:3954} INFO - Setting next_dagrun for example_skip_dag to 2026-03-31 00:00:00+00:00, run_after=2026-04-01 00:00:00+00:00
[2026-04-02T04:59:19.227+0530] {processor.py:183} INFO - Processing /Users/aswin/Documents/data-engineering-practice/ETL_Airflow_DBT/airflow/airflow_env/lib/python3.11/site-packages/airflow/example_dags/example_skip_dag.py took 0.078 seconds
[2026-04-02T04:59:50.550+0530] {processor.py:161} INFO - Started process (PID=14639) to work on /Users/aswin/Documents/data-engineering-practice/ETL_Airflow_DBT/airflow/airflow_env/lib/python3.11/site-packages/airflow/example_dags/example_skip_dag.py
[2026-04-02T04:59:50.551+0530] {processor.py:830} INFO - Processing file /Users/aswin/Documents/data-engineering-practice/ETL_Airflow_DBT/airflow/airflow_env/lib/python3.11/site-packages/airflow/example_dags/example_skip_dag.py for tasks to queue
[2026-04-02T04:59:50.551+0530] {logging_mixin.py:188} INFO - [2026-04-02T04:59:50.551+0530] {dagbag.py:540} INFO - Filling up the DagBag from /Users/aswin/Documents/data-engineering-practice/ETL_Airflow_DBT/airflow/airflow_env/lib/python3.11/site-packages/airflow/example_dags/example_skip_dag.py
[2026-04-02T04:59:50.555+0530] {processor.py:840} INFO - DAG(s) 'example_skip_dag' retrieved from /Users/aswin/Documents/data-engineering-practice/ETL_Airflow_DBT/airflow/airflow_env/lib/python3.11/site-packages/airflow/example_dags/example_skip_dag.py
[2026-04-02T04:59:50.609+0530] {logging_mixin.py:188} INFO - [2026-04-02T04:59:50.608+0530] {dag.py:3096} INFO - Sync 1 DAGs
[2026-04-02T04:59:50.628+0530] {logging_mixin.py:188} INFO - [2026-04-02T04:59:50.628+0530] {dag.py:3954} INFO - Setting next_dagrun for example_skip_dag to 2026-03-31 00:00:00+00:00, run_after=2026-04-01 00:00:00+00:00
[2026-04-02T04:59:50.639+0530] {processor.py:183} INFO - Processing /Users/aswin/Documents/data-engineering-practice/ETL_Airflow_DBT/airflow/airflow_env/lib/python3.11/site-packages/airflow/example_dags/example_skip_dag.py took 0.090 seconds
[2026-04-02T05:00:21.660+0530] {processor.py:161} INFO - Started process (PID=14765) to work on /Users/aswin/Documents/data-engineering-practice/ETL_Airflow_DBT/airflow/airflow_env/lib/python3.11/site-packages/airflow/example_dags/example_skip_dag.py
[2026-04-02T05:00:21.661+0530] {processor.py:830} INFO - Processing file /Users/aswin/Documents/data-engineering-practice/ETL_Airflow_DBT/airflow/airflow_env/lib/python3.11/site-packages/airflow/example_dags/example_skip_dag.py for tasks to queue
[2026-04-02T05:00:21.661+0530] {logging_mixin.py:188} INFO - [2026-04-02T05:00:21.661+0530] {dagbag.py:540} INFO - Filling up the DagBag from /Users/aswin/Documents/data-engineering-practice/ETL_Airflow_DBT/airflow/airflow_env/lib/python3.11/site-packages/airflow/example_dags/example_skip_dag.py
[2026-04-02T05:00:21.664+0530] {processor.py:840} INFO - DAG(s) 'example_skip_dag' retrieved from /Users/aswin/Documents/data-engineering-practice/ETL_Airflow_DBT/airflow/airflow_env/lib/python3.11/site-packages/airflow/example_dags/example_skip_dag.py
[2026-04-02T05:00:21.717+0530] {logging_mixin.py:188} INFO - [2026-04-02T05:00:21.716+0530] {dag.py:3096} INFO - Sync 1 DAGs
[2026-04-02T05:00:21.726+0530] {logging_mixin.py:188} INFO - [2026-04-02T05:00:21.726+0530] {dag.py:3954} INFO - Setting next_dagrun for example_skip_dag to 2026-03-31 00:00:00+00:00, run_after=2026-04-01 00:00:00+00:00
[2026-04-02T05:00:21.734+0530] {processor.py:183} INFO - Processing /Users/aswin/Documents/data-engineering-practice/ETL_Airflow_DBT/airflow/airflow_env/lib/python3.11/site-packages/airflow/example_dags/example_skip_dag.py took 0.075 seconds
[2026-04-02T05:00:52.460+0530] {processor.py:161} INFO - Started process (PID=14908) to work on /Users/aswin/Documents/data-engineering-practice/ETL_Airflow_DBT/airflow/airflow_env/lib/python3.11/site-packages/airflow/example_dags/example_skip_dag.py
[2026-04-02T05:00:52.461+0530] {processor.py:830} INFO - Processing file /Users/aswin/Documents/data-engineering-practice/ETL_Airflow_DBT/airflow/airflow_env/lib/python3.11/site-packages/airflow/example_dags/example_skip_dag.py for tasks to queue
[2026-04-02T05:00:52.461+0530] {logging_mixin.py:188} INFO - [2026-04-02T05:00:52.461+0530] {dagbag.py:540} INFO - Filling up the DagBag from /Users/aswin/Documents/data-engineering-practice/ETL_Airflow_DBT/airflow/airflow_env/lib/python3.11/site-packages/airflow/example_dags/example_skip_dag.py
[2026-04-02T05:00:52.464+0530] {processor.py:840} INFO - DAG(s) 'example_skip_dag' retrieved from /Users/aswin/Documents/data-engineering-practice/ETL_Airflow_DBT/airflow/airflow_env/lib/python3.11/site-packages/airflow/example_dags/example_skip_dag.py
[2026-04-02T05:00:52.516+0530] {logging_mixin.py:188} INFO - [2026-04-02T05:00:52.516+0530] {dag.py:3096} INFO - Sync 1 DAGs
[2026-04-02T05:00:52.526+0530] {logging_mixin.py:188} INFO - [2026-04-02T05:00:52.526+0530] {dag.py:3954} INFO - Setting next_dagrun for example_skip_dag to 2026-03-31 00:00:00+00:00, run_after=2026-04-01 00:00:00+00:00
[2026-04-02T05:00:52.534+0530] {processor.py:183} INFO - Processing /Users/aswin/Documents/data-engineering-practice/ETL_Airflow_DBT/airflow/airflow_env/lib/python3.11/site-packages/airflow/example_dags/example_skip_dag.py took 0.075 seconds
[2026-04-02T05:01:23.787+0530] {processor.py:161} INFO - Started process (PID=15036) to work on /Users/aswin/Documents/data-engineering-practice/ETL_Airflow_DBT/airflow/airflow_env/lib/python3.11/site-packages/airflow/example_dags/example_skip_dag.py
[2026-04-02T05:01:23.787+0530] {processor.py:830} INFO - Processing file /Users/aswin/Documents/data-engineering-practice/ETL_Airflow_DBT/airflow/airflow_env/lib/python3.11/site-packages/airflow/example_dags/example_skip_dag.py for tasks to queue
[2026-04-02T05:01:23.788+0530] {logging_mixin.py:188} INFO - [2026-04-02T05:01:23.788+0530] {dagbag.py:540} INFO - Filling up the DagBag from /Users/aswin/Documents/data-engineering-practice/ETL_Airflow_DBT/airflow/airflow_env/lib/python3.11/site-packages/airflow/example_dags/example_skip_dag.py
[2026-04-02T05:01:23.791+0530] {processor.py:840} INFO - DAG(s) 'example_skip_dag' retrieved from /Users/aswin/Documents/data-engineering-practice/ETL_Airflow_DBT/airflow/airflow_env/lib/python3.11/site-packages/airflow/example_dags/example_skip_dag.py
[2026-04-02T05:01:23.845+0530] {logging_mixin.py:188} INFO - [2026-04-02T05:01:23.844+0530] {dag.py:3096} INFO - Sync 1 DAGs
[2026-04-02T05:01:23.856+0530] {logging_mixin.py:188} INFO - [2026-04-02T05:01:23.856+0530] {dag.py:3954} INFO - Setting next_dagrun for example_skip_dag to 2026-03-31 00:00:00+00:00, run_after=2026-04-01 00:00:00+00:00
[2026-04-02T05:01:23.865+0530] {processor.py:183} INFO - Processing /Users/aswin/Documents/data-engineering-practice/ETL_Airflow_DBT/airflow/airflow_env/lib/python3.11/site-packages/airflow/example_dags/example_skip_dag.py took 0.079 seconds
[2026-04-02T05:01:54.621+0530] {processor.py:161} INFO - Started process (PID=15161) to work on /Users/aswin/Documents/data-engineering-practice/ETL_Airflow_DBT/airflow/airflow_env/lib/python3.11/site-packages/airflow/example_dags/example_skip_dag.py
[2026-04-02T05:01:54.622+0530] {processor.py:830} INFO - Processing file /Users/aswin/Documents/data-engineering-practice/ETL_Airflow_DBT/airflow/airflow_env/lib/python3.11/site-packages/airflow/example_dags/example_skip_dag.py for tasks to queue
[2026-04-02T05:01:54.622+0530] {logging_mixin.py:188} INFO - [2026-04-02T05:01:54.622+0530] {dagbag.py:540} INFO - Filling up the DagBag from /Users/aswin/Documents/data-engineering-practice/ETL_Airflow_DBT/airflow/airflow_env/lib/python3.11/site-packages/airflow/example_dags/example_skip_dag.py
[2026-04-02T05:01:54.625+0530] {processor.py:840} INFO - DAG(s) 'example_skip_dag' retrieved from /Users/aswin/Documents/data-engineering-practice/ETL_Airflow_DBT/airflow/airflow_env/lib/python3.11/site-packages/airflow/example_dags/example_skip_dag.py
[2026-04-02T05:01:54.680+0530] {logging_mixin.py:188} INFO - [2026-04-02T05:01:54.680+0530] {dag.py:3096} INFO - Sync 1 DAGs
[2026-04-02T05:01:54.691+0530] {logging_mixin.py:188} INFO - [2026-04-02T05:01:54.691+0530] {dag.py:3954} INFO - Setting next_dagrun for example_skip_dag to 2026-03-31 00:00:00+00:00, run_after=2026-04-01 00:00:00+00:00
[2026-04-02T05:01:54.700+0530] {processor.py:183} INFO - Processing /Users/aswin/Documents/data-engineering-practice/ETL_Airflow_DBT/airflow/airflow_env/lib/python3.11/site-packages/airflow/example_dags/example_skip_dag.py took 0.080 seconds
[2026-04-02T05:02:25.758+0530] {processor.py:161} INFO - Started process (PID=15286) to work on /Users/aswin/Documents/data-engineering-practice/ETL_Airflow_DBT/airflow/airflow_env/lib/python3.11/site-packages/airflow/example_dags/example_skip_dag.py
[2026-04-02T05:02:25.758+0530] {processor.py:830} INFO - Processing file /Users/aswin/Documents/data-engineering-practice/ETL_Airflow_DBT/airflow/airflow_env/lib/python3.11/site-packages/airflow/example_dags/example_skip_dag.py for tasks to queue
[2026-04-02T05:02:25.759+0530] {logging_mixin.py:188} INFO - [2026-04-02T05:02:25.758+0530] {dagbag.py:540} INFO - Filling up the DagBag from /Users/aswin/Documents/data-engineering-practice/ETL_Airflow_DBT/airflow/airflow_env/lib/python3.11/site-packages/airflow/example_dags/example_skip_dag.py
[2026-04-02T05:02:25.762+0530] {processor.py:840} INFO - DAG(s) 'example_skip_dag' retrieved from /Users/aswin/Documents/data-engineering-practice/ETL_Airflow_DBT/airflow/airflow_env/lib/python3.11/site-packages/airflow/example_dags/example_skip_dag.py
[2026-04-02T05:02:25.813+0530] {logging_mixin.py:188} INFO - [2026-04-02T05:02:25.813+0530] {dag.py:3096} INFO - Sync 1 DAGs
[2026-04-02T05:02:25.825+0530] {logging_mixin.py:188} INFO - [2026-04-02T05:02:25.825+0530] {dag.py:3954} INFO - Setting next_dagrun for example_skip_dag to 2026-03-31 00:00:00+00:00, run_after=2026-04-01 00:00:00+00:00
[2026-04-02T05:02:25.834+0530] {processor.py:183} INFO - Processing /Users/aswin/Documents/data-engineering-practice/ETL_Airflow_DBT/airflow/airflow_env/lib/python3.11/site-packages/airflow/example_dags/example_skip_dag.py took 0.078 seconds
[2026-04-02T05:02:57.222+0530] {processor.py:161} INFO - Started process (PID=15405) to work on /Users/aswin/Documents/data-engineering-practice/ETL_Airflow_DBT/airflow/airflow_env/lib/python3.11/site-packages/airflow/example_dags/example_skip_dag.py
[2026-04-02T05:02:57.223+0530] {processor.py:830} INFO - Processing file /Users/aswin/Documents/data-engineering-practice/ETL_Airflow_DBT/airflow/airflow_env/lib/python3.11/site-packages/airflow/example_dags/example_skip_dag.py for tasks to queue
[2026-04-02T05:02:57.223+0530] {logging_mixin.py:188} INFO - [2026-04-02T05:02:57.223+0530] {dagbag.py:540} INFO - Filling up the DagBag from /Users/aswin/Documents/data-engineering-practice/ETL_Airflow_DBT/airflow/airflow_env/lib/python3.11/site-packages/airflow/example_dags/example_skip_dag.py
[2026-04-02T05:02:57.227+0530] {processor.py:840} INFO - DAG(s) 'example_skip_dag' retrieved from /Users/aswin/Documents/data-engineering-practice/ETL_Airflow_DBT/airflow/airflow_env/lib/python3.11/site-packages/airflow/example_dags/example_skip_dag.py
[2026-04-02T05:02:57.280+0530] {logging_mixin.py:188} INFO - [2026-04-02T05:02:57.280+0530] {dag.py:3096} INFO - Sync 1 DAGs
[2026-04-02T05:02:57.290+0530] {logging_mixin.py:188} INFO - [2026-04-02T05:02:57.290+0530] {dag.py:3954} INFO - Setting next_dagrun for example_skip_dag to 2026-03-31 00:00:00+00:00, run_after=2026-04-01 00:00:00+00:00
[2026-04-02T05:02:57.299+0530] {processor.py:183} INFO - Processing /Users/aswin/Documents/data-engineering-practice/ETL_Airflow_DBT/airflow/airflow_env/lib/python3.11/site-packages/airflow/example_dags/example_skip_dag.py took 0.078 seconds
[2026-04-02T05:03:28.684+0530] {processor.py:161} INFO - Started process (PID=15521) to work on /Users/aswin/Documents/data-engineering-practice/ETL_Airflow_DBT/airflow/airflow_env/lib/python3.11/site-packages/airflow/example_dags/example_skip_dag.py
[2026-04-02T05:03:28.685+0530] {processor.py:830} INFO - Processing file /Users/aswin/Documents/data-engineering-practice/ETL_Airflow_DBT/airflow/airflow_env/lib/python3.11/site-packages/airflow/example_dags/example_skip_dag.py for tasks to queue
[2026-04-02T05:03:28.685+0530] {logging_mixin.py:188} INFO - [2026-04-02T05:03:28.685+0530] {dagbag.py:540} INFO - Filling up the DagBag from /Users/aswin/Documents/data-engineering-practice/ETL_Airflow_DBT/airflow/airflow_env/lib/python3.11/site-packages/airflow/example_dags/example_skip_dag.py
[2026-04-02T05:03:28.689+0530] {processor.py:840} INFO - DAG(s) 'example_skip_dag' retrieved from /Users/aswin/Documents/data-engineering-practice/ETL_Airflow_DBT/airflow/airflow_env/lib/python3.11/site-packages/airflow/example_dags/example_skip_dag.py
[2026-04-02T05:03:28.745+0530] {logging_mixin.py:188} INFO - [2026-04-02T05:03:28.745+0530] {dag.py:3096} INFO - Sync 1 DAGs
[2026-04-02T05:03:28.754+0530] {logging_mixin.py:188} INFO - [2026-04-02T05:03:28.754+0530] {dag.py:3954} INFO - Setting next_dagrun for example_skip_dag to 2026-03-31 00:00:00+00:00, run_after=2026-04-01 00:00:00+00:00
[2026-04-02T05:03:28.765+0530] {processor.py:183} INFO - Processing /Users/aswin/Documents/data-engineering-practice/ETL_Airflow_DBT/airflow/airflow_env/lib/python3.11/site-packages/airflow/example_dags/example_skip_dag.py took 0.082 seconds
[2026-04-02T05:03:59.673+0530] {processor.py:161} INFO - Started process (PID=15647) to work on /Users/aswin/Documents/data-engineering-practice/ETL_Airflow_DBT/airflow/airflow_env/lib/python3.11/site-packages/airflow/example_dags/example_skip_dag.py
[2026-04-02T05:03:59.673+0530] {processor.py:830} INFO - Processing file /Users/aswin/Documents/data-engineering-practice/ETL_Airflow_DBT/airflow/airflow_env/lib/python3.11/site-packages/airflow/example_dags/example_skip_dag.py for tasks to queue
[2026-04-02T05:03:59.673+0530] {logging_mixin.py:188} INFO - [2026-04-02T05:03:59.673+0530] {dagbag.py:540} INFO - Filling up the DagBag from /Users/aswin/Documents/data-engineering-practice/ETL_Airflow_DBT/airflow/airflow_env/lib/python3.11/site-packages/airflow/example_dags/example_skip_dag.py
[2026-04-02T05:03:59.676+0530] {processor.py:840} INFO - DAG(s) 'example_skip_dag' retrieved from /Users/aswin/Documents/data-engineering-practice/ETL_Airflow_DBT/airflow/airflow_env/lib/python3.11/site-packages/airflow/example_dags/example_skip_dag.py
[2026-04-02T05:03:59.729+0530] {logging_mixin.py:188} INFO - [2026-04-02T05:03:59.729+0530] {dag.py:3096} INFO - Sync 1 DAGs
[2026-04-02T05:03:59.742+0530] {logging_mixin.py:188} INFO - [2026-04-02T05:03:59.742+0530] {dag.py:3954} INFO - Setting next_dagrun for example_skip_dag to 2026-03-31 00:00:00+00:00, run_after=2026-04-01 00:00:00+00:00
[2026-04-02T05:03:59.753+0530] {processor.py:183} INFO - Processing /Users/aswin/Documents/data-engineering-practice/ETL_Airflow_DBT/airflow/airflow_env/lib/python3.11/site-packages/airflow/example_dags/example_skip_dag.py took 0.081 seconds
[2026-04-02T05:04:30.801+0530] {processor.py:161} INFO - Started process (PID=15763) to work on /Users/aswin/Documents/data-engineering-practice/ETL_Airflow_DBT/airflow/airflow_env/lib/python3.11/site-packages/airflow/example_dags/example_skip_dag.py
[2026-04-02T05:04:30.801+0530] {processor.py:830} INFO - Processing file /Users/aswin/Documents/data-engineering-practice/ETL_Airflow_DBT/airflow/airflow_env/lib/python3.11/site-packages/airflow/example_dags/example_skip_dag.py for tasks to queue
[2026-04-02T05:04:30.801+0530] {logging_mixin.py:188} INFO - [2026-04-02T05:04:30.801+0530] {dagbag.py:540} INFO - Filling up the DagBag from /Users/aswin/Documents/data-engineering-practice/ETL_Airflow_DBT/airflow/airflow_env/lib/python3.11/site-packages/airflow/example_dags/example_skip_dag.py
[2026-04-02T05:04:30.805+0530] {processor.py:840} INFO - DAG(s) 'example_skip_dag' retrieved from /Users/aswin/Documents/data-engineering-practice/ETL_Airflow_DBT/airflow/airflow_env/lib/python3.11/site-packages/airflow/example_dags/example_skip_dag.py
[2026-04-02T05:04:30.858+0530] {logging_mixin.py:188} INFO - [2026-04-02T05:04:30.858+0530] {dag.py:3096} INFO - Sync 1 DAGs
[2026-04-02T05:04:30.869+0530] {logging_mixin.py:188} INFO - [2026-04-02T05:04:30.869+0530] {dag.py:3954} INFO - Setting next_dagrun for example_skip_dag to 2026-03-31 00:00:00+00:00, run_after=2026-04-01 00:00:00+00:00
[2026-04-02T05:04:30.877+0530] {processor.py:183} INFO - Processing /Users/aswin/Documents/data-engineering-practice/ETL_Airflow_DBT/airflow/airflow_env/lib/python3.11/site-packages/airflow/example_dags/example_skip_dag.py took 0.078 seconds
[2026-04-02T05:05:01.832+0530] {processor.py:161} INFO - Started process (PID=15879) to work on /Users/aswin/Documents/data-engineering-practice/ETL_Airflow_DBT/airflow/airflow_env/lib/python3.11/site-packages/airflow/example_dags/example_skip_dag.py
[2026-04-02T05:05:01.833+0530] {processor.py:830} INFO - Processing file /Users/aswin/Documents/data-engineering-practice/ETL_Airflow_DBT/airflow/airflow_env/lib/python3.11/site-packages/airflow/example_dags/example_skip_dag.py for tasks to queue
[2026-04-02T05:05:01.833+0530] {logging_mixin.py:188} INFO - [2026-04-02T05:05:01.833+0530] {dagbag.py:540} INFO - Filling up the DagBag from /Users/aswin/Documents/data-engineering-practice/ETL_Airflow_DBT/airflow/airflow_env/lib/python3.11/site-packages/airflow/example_dags/example_skip_dag.py
[2026-04-02T05:05:01.836+0530] {processor.py:840} INFO - DAG(s) 'example_skip_dag' retrieved from /Users/aswin/Documents/data-engineering-practice/ETL_Airflow_DBT/airflow/airflow_env/lib/python3.11/site-packages/airflow/example_dags/example_skip_dag.py
[2026-04-02T05:05:01.890+0530] {logging_mixin.py:188} INFO - [2026-04-02T05:05:01.890+0530] {dag.py:3096} INFO - Sync 1 DAGs
[2026-04-02T05:05:01.902+0530] {logging_mixin.py:188} INFO - [2026-04-02T05:05:01.902+0530] {dag.py:3954} INFO - Setting next_dagrun for example_skip_dag to 2026-03-31 00:00:00+00:00, run_after=2026-04-01 00:00:00+00:00
[2026-04-02T05:05:01.910+0530] {processor.py:183} INFO - Processing /Users/aswin/Documents/data-engineering-practice/ETL_Airflow_DBT/airflow/airflow_env/lib/python3.11/site-packages/airflow/example_dags/example_skip_dag.py took 0.079 seconds
[2026-04-02T05:05:33.232+0530] {processor.py:161} INFO - Started process (PID=15998) to work on /Users/aswin/Documents/data-engineering-practice/ETL_Airflow_DBT/airflow/airflow_env/lib/python3.11/site-packages/airflow/example_dags/example_skip_dag.py
[2026-04-02T05:05:33.232+0530] {processor.py:830} INFO - Processing file /Users/aswin/Documents/data-engineering-practice/ETL_Airflow_DBT/airflow/airflow_env/lib/python3.11/site-packages/airflow/example_dags/example_skip_dag.py for tasks to queue
[2026-04-02T05:05:33.232+0530] {logging_mixin.py:188} INFO - [2026-04-02T05:05:33.232+0530] {dagbag.py:540} INFO - Filling up the DagBag from /Users/aswin/Documents/data-engineering-practice/ETL_Airflow_DBT/airflow/airflow_env/lib/python3.11/site-packages/airflow/example_dags/example_skip_dag.py
[2026-04-02T05:05:33.236+0530] {processor.py:840} INFO - DAG(s) 'example_skip_dag' retrieved from /Users/aswin/Documents/data-engineering-practice/ETL_Airflow_DBT/airflow/airflow_env/lib/python3.11/site-packages/airflow/example_dags/example_skip_dag.py
[2026-04-02T05:05:33.288+0530] {logging_mixin.py:188} INFO - [2026-04-02T05:05:33.288+0530] {dag.py:3096} INFO - Sync 1 DAGs
[2026-04-02T05:05:33.299+0530] {logging_mixin.py:188} INFO - [2026-04-02T05:05:33.299+0530] {dag.py:3954} INFO - Setting next_dagrun for example_skip_dag to 2026-03-31 00:00:00+00:00, run_after=2026-04-01 00:00:00+00:00
[2026-04-02T05:05:33.308+0530] {processor.py:183} INFO - Processing /Users/aswin/Documents/data-engineering-practice/ETL_Airflow_DBT/airflow/airflow_env/lib/python3.11/site-packages/airflow/example_dags/example_skip_dag.py took 0.078 seconds
[2026-04-02T05:06:04.150+0530] {processor.py:161} INFO - Started process (PID=16117) to work on /Users/aswin/Documents/data-engineering-practice/ETL_Airflow_DBT/airflow/airflow_env/lib/python3.11/site-packages/airflow/example_dags/example_skip_dag.py
[2026-04-02T05:06:04.151+0530] {processor.py:830} INFO - Processing file /Users/aswin/Documents/data-engineering-practice/ETL_Airflow_DBT/airflow/airflow_env/lib/python3.11/site-packages/airflow/example_dags/example_skip_dag.py for tasks to queue
[2026-04-02T05:06:04.151+0530] {logging_mixin.py:188} INFO - [2026-04-02T05:06:04.151+0530] {dagbag.py:540} INFO - Filling up the DagBag from /Users/aswin/Documents/data-engineering-practice/ETL_Airflow_DBT/airflow/airflow_env/lib/python3.11/site-packages/airflow/example_dags/example_skip_dag.py
[2026-04-02T05:06:04.154+0530] {processor.py:840} INFO - DAG(s) 'example_skip_dag' retrieved from /Users/aswin/Documents/data-engineering-practice/ETL_Airflow_DBT/airflow/airflow_env/lib/python3.11/site-packages/airflow/example_dags/example_skip_dag.py
[2026-04-02T05:06:04.207+0530] {logging_mixin.py:188} INFO - [2026-04-02T05:06:04.207+0530] {dag.py:3096} INFO - Sync 1 DAGs
[2026-04-02T05:06:04.219+0530] {logging_mixin.py:188} INFO - [2026-04-02T05:06:04.219+0530] {dag.py:3954} INFO - Setting next_dagrun for example_skip_dag to 2026-03-31 00:00:00+00:00, run_after=2026-04-01 00:00:00+00:00
[2026-04-02T05:06:04.228+0530] {processor.py:183} INFO - Processing /Users/aswin/Documents/data-engineering-practice/ETL_Airflow_DBT/airflow/airflow_env/lib/python3.11/site-packages/airflow/example_dags/example_skip_dag.py took 0.079 seconds
[2026-04-02T05:06:35.207+0530] {processor.py:161} INFO - Started process (PID=16233) to work on /Users/aswin/Documents/data-engineering-practice/ETL_Airflow_DBT/airflow/airflow_env/lib/python3.11/site-packages/airflow/example_dags/example_skip_dag.py
[2026-04-02T05:06:35.208+0530] {processor.py:830} INFO - Processing file /Users/aswin/Documents/data-engineering-practice/ETL_Airflow_DBT/airflow/airflow_env/lib/python3.11/site-packages/airflow/example_dags/example_skip_dag.py for tasks to queue
[2026-04-02T05:06:35.209+0530] {logging_mixin.py:188} INFO - [2026-04-02T05:06:35.208+0530] {dagbag.py:540} INFO - Filling up the DagBag from /Users/aswin/Documents/data-engineering-practice/ETL_Airflow_DBT/airflow/airflow_env/lib/python3.11/site-packages/airflow/example_dags/example_skip_dag.py
[2026-04-02T05:06:35.212+0530] {processor.py:840} INFO - DAG(s) 'example_skip_dag' retrieved from /Users/aswin/Documents/data-engineering-practice/ETL_Airflow_DBT/airflow/airflow_env/lib/python3.11/site-packages/airflow/example_dags/example_skip_dag.py
[2026-04-02T05:06:35.264+0530] {logging_mixin.py:188} INFO - [2026-04-02T05:06:35.264+0530] {dag.py:3096} INFO - Sync 1 DAGs
[2026-04-02T05:06:35.276+0530] {logging_mixin.py:188} INFO - [2026-04-02T05:06:35.276+0530] {dag.py:3954} INFO - Setting next_dagrun for example_skip_dag to 2026-03-31 00:00:00+00:00, run_after=2026-04-01 00:00:00+00:00
[2026-04-02T05:06:35.285+0530] {processor.py:183} INFO - Processing /Users/aswin/Documents/data-engineering-practice/ETL_Airflow_DBT/airflow/airflow_env/lib/python3.11/site-packages/airflow/example_dags/example_skip_dag.py took 0.079 seconds
[2026-04-02T05:07:06.334+0530] {processor.py:161} INFO - Started process (PID=16345) to work on /Users/aswin/Documents/data-engineering-practice/ETL_Airflow_DBT/airflow/airflow_env/lib/python3.11/site-packages/airflow/example_dags/example_skip_dag.py
[2026-04-02T05:07:06.335+0530] {processor.py:830} INFO - Processing file /Users/aswin/Documents/data-engineering-practice/ETL_Airflow_DBT/airflow/airflow_env/lib/python3.11/site-packages/airflow/example_dags/example_skip_dag.py for tasks to queue
[2026-04-02T05:07:06.335+0530] {logging_mixin.py:188} INFO - [2026-04-02T05:07:06.335+0530] {dagbag.py:540} INFO - Filling up the DagBag from /Users/aswin/Documents/data-engineering-practice/ETL_Airflow_DBT/airflow/airflow_env/lib/python3.11/site-packages/airflow/example_dags/example_skip_dag.py
[2026-04-02T05:07:06.338+0530] {processor.py:840} INFO - DAG(s) 'example_skip_dag' retrieved from /Users/aswin/Documents/data-engineering-practice/ETL_Airflow_DBT/airflow/airflow_env/lib/python3.11/site-packages/airflow/example_dags/example_skip_dag.py
[2026-04-02T05:07:06.392+0530] {logging_mixin.py:188} INFO - [2026-04-02T05:07:06.391+0530] {dag.py:3096} INFO - Sync 1 DAGs
[2026-04-02T05:07:06.402+0530] {logging_mixin.py:188} INFO - [2026-04-02T05:07:06.402+0530] {dag.py:3954} INFO - Setting next_dagrun for example_skip_dag to 2026-03-31 00:00:00+00:00, run_after=2026-04-01 00:00:00+00:00
[2026-04-02T05:07:06.411+0530] {processor.py:183} INFO - Processing /Users/aswin/Documents/data-engineering-practice/ETL_Airflow_DBT/airflow/airflow_env/lib/python3.11/site-packages/airflow/example_dags/example_skip_dag.py took 0.078 seconds
[2026-04-02T05:07:37.279+0530] {processor.py:161} INFO - Started process (PID=16459) to work on /Users/aswin/Documents/data-engineering-practice/ETL_Airflow_DBT/airflow/airflow_env/lib/python3.11/site-packages/airflow/example_dags/example_skip_dag.py
[2026-04-02T05:07:37.280+0530] {processor.py:830} INFO - Processing file /Users/aswin/Documents/data-engineering-practice/ETL_Airflow_DBT/airflow/airflow_env/lib/python3.11/site-packages/airflow/example_dags/example_skip_dag.py for tasks to queue
[2026-04-02T05:07:37.281+0530] {logging_mixin.py:188} INFO - [2026-04-02T05:07:37.281+0530] {dagbag.py:540} INFO - Filling up the DagBag from /Users/aswin/Documents/data-engineering-practice/ETL_Airflow_DBT/airflow/airflow_env/lib/python3.11/site-packages/airflow/example_dags/example_skip_dag.py
[2026-04-02T05:07:37.284+0530] {processor.py:840} INFO - DAG(s) 'example_skip_dag' retrieved from /Users/aswin/Documents/data-engineering-practice/ETL_Airflow_DBT/airflow/airflow_env/lib/python3.11/site-packages/airflow/example_dags/example_skip_dag.py
[2026-04-02T05:07:37.337+0530] {logging_mixin.py:188} INFO - [2026-04-02T05:07:37.337+0530] {dag.py:3096} INFO - Sync 1 DAGs
[2026-04-02T05:07:37.350+0530] {logging_mixin.py:188} INFO - [2026-04-02T05:07:37.350+0530] {dag.py:3954} INFO - Setting next_dagrun for example_skip_dag to 2026-03-31 00:00:00+00:00, run_after=2026-04-01 00:00:00+00:00
[2026-04-02T05:07:37.359+0530] {processor.py:183} INFO - Processing /Users/aswin/Documents/data-engineering-practice/ETL_Airflow_DBT/airflow/airflow_env/lib/python3.11/site-packages/airflow/example_dags/example_skip_dag.py took 0.081 seconds
[2026-04-02T05:08:08.305+0530] {processor.py:161} INFO - Started process (PID=16572) to work on /Users/aswin/Documents/data-engineering-practice/ETL_Airflow_DBT/airflow/airflow_env/lib/python3.11/site-packages/airflow/example_dags/example_skip_dag.py
[2026-04-02T05:08:08.307+0530] {processor.py:830} INFO - Processing file /Users/aswin/Documents/data-engineering-practice/ETL_Airflow_DBT/airflow/airflow_env/lib/python3.11/site-packages/airflow/example_dags/example_skip_dag.py for tasks to queue
[2026-04-02T05:08:08.307+0530] {logging_mixin.py:188} INFO - [2026-04-02T05:08:08.307+0530] {dagbag.py:540} INFO - Filling up the DagBag from /Users/aswin/Documents/data-engineering-practice/ETL_Airflow_DBT/airflow/airflow_env/lib/python3.11/site-packages/airflow/example_dags/example_skip_dag.py
[2026-04-02T05:08:08.310+0530] {processor.py:840} INFO - DAG(s) 'example_skip_dag' retrieved from /Users/aswin/Documents/data-engineering-practice/ETL_Airflow_DBT/airflow/airflow_env/lib/python3.11/site-packages/airflow/example_dags/example_skip_dag.py
[2026-04-02T05:08:08.369+0530] {logging_mixin.py:188} INFO - [2026-04-02T05:08:08.368+0530] {dag.py:3096} INFO - Sync 1 DAGs
[2026-04-02T05:08:08.381+0530] {logging_mixin.py:188} INFO - [2026-04-02T05:08:08.381+0530] {dag.py:3954} INFO - Setting next_dagrun for example_skip_dag to 2026-03-31 00:00:00+00:00, run_after=2026-04-01 00:00:00+00:00
[2026-04-02T05:08:08.389+0530] {processor.py:183} INFO - Processing /Users/aswin/Documents/data-engineering-practice/ETL_Airflow_DBT/airflow/airflow_env/lib/python3.11/site-packages/airflow/example_dags/example_skip_dag.py took 0.085 seconds
[2026-04-02T05:08:39.545+0530] {processor.py:161} INFO - Started process (PID=16686) to work on /Users/aswin/Documents/data-engineering-practice/ETL_Airflow_DBT/airflow/airflow_env/lib/python3.11/site-packages/airflow/example_dags/example_skip_dag.py
[2026-04-02T05:08:39.546+0530] {processor.py:830} INFO - Processing file /Users/aswin/Documents/data-engineering-practice/ETL_Airflow_DBT/airflow/airflow_env/lib/python3.11/site-packages/airflow/example_dags/example_skip_dag.py for tasks to queue
[2026-04-02T05:08:39.546+0530] {logging_mixin.py:188} INFO - [2026-04-02T05:08:39.546+0530] {dagbag.py:540} INFO - Filling up the DagBag from /Users/aswin/Documents/data-engineering-practice/ETL_Airflow_DBT/airflow/airflow_env/lib/python3.11/site-packages/airflow/example_dags/example_skip_dag.py
[2026-04-02T05:08:39.549+0530] {processor.py:840} INFO - DAG(s) 'example_skip_dag' retrieved from /Users/aswin/Documents/data-engineering-practice/ETL_Airflow_DBT/airflow/airflow_env/lib/python3.11/site-packages/airflow/example_dags/example_skip_dag.py
[2026-04-02T05:08:39.601+0530] {logging_mixin.py:188} INFO - [2026-04-02T05:08:39.600+0530] {dag.py:3096} INFO - Sync 1 DAGs
[2026-04-02T05:08:39.610+0530] {logging_mixin.py:188} INFO - [2026-04-02T05:08:39.610+0530] {dag.py:3954} INFO - Setting next_dagrun for example_skip_dag to 2026-03-31 00:00:00+00:00, run_after=2026-04-01 00:00:00+00:00
[2026-04-02T05:08:39.618+0530] {processor.py:183} INFO - Processing /Users/aswin/Documents/data-engineering-practice/ETL_Airflow_DBT/airflow/airflow_env/lib/python3.11/site-packages/airflow/example_dags/example_skip_dag.py took 0.073 seconds
[2026-04-02T05:09:10.857+0530] {processor.py:161} INFO - Started process (PID=16798) to work on /Users/aswin/Documents/data-engineering-practice/ETL_Airflow_DBT/airflow/airflow_env/lib/python3.11/site-packages/airflow/example_dags/example_skip_dag.py
[2026-04-02T05:09:10.857+0530] {processor.py:830} INFO - Processing file /Users/aswin/Documents/data-engineering-practice/ETL_Airflow_DBT/airflow/airflow_env/lib/python3.11/site-packages/airflow/example_dags/example_skip_dag.py for tasks to queue
[2026-04-02T05:09:10.857+0530] {logging_mixin.py:188} INFO - [2026-04-02T05:09:10.857+0530] {dagbag.py:540} INFO - Filling up the DagBag from /Users/aswin/Documents/data-engineering-practice/ETL_Airflow_DBT/airflow/airflow_env/lib/python3.11/site-packages/airflow/example_dags/example_skip_dag.py
[2026-04-02T05:09:10.860+0530] {processor.py:840} INFO - DAG(s) 'example_skip_dag' retrieved from /Users/aswin/Documents/data-engineering-practice/ETL_Airflow_DBT/airflow/airflow_env/lib/python3.11/site-packages/airflow/example_dags/example_skip_dag.py
[2026-04-02T05:09:10.915+0530] {logging_mixin.py:188} INFO - [2026-04-02T05:09:10.915+0530] {dag.py:3096} INFO - Sync 1 DAGs
[2026-04-02T05:09:10.927+0530] {logging_mixin.py:188} INFO - [2026-04-02T05:09:10.927+0530] {dag.py:3954} INFO - Setting next_dagrun for example_skip_dag to 2026-03-31 00:00:00+00:00, run_after=2026-04-01 00:00:00+00:00
[2026-04-02T05:09:10.936+0530] {processor.py:183} INFO - Processing /Users/aswin/Documents/data-engineering-practice/ETL_Airflow_DBT/airflow/airflow_env/lib/python3.11/site-packages/airflow/example_dags/example_skip_dag.py took 0.080 seconds
[2026-04-02T05:09:41.793+0530] {processor.py:161} INFO - Started process (PID=16913) to work on /Users/aswin/Documents/data-engineering-practice/ETL_Airflow_DBT/airflow/airflow_env/lib/python3.11/site-packages/airflow/example_dags/example_skip_dag.py
[2026-04-02T05:09:41.793+0530] {processor.py:830} INFO - Processing file /Users/aswin/Documents/data-engineering-practice/ETL_Airflow_DBT/airflow/airflow_env/lib/python3.11/site-packages/airflow/example_dags/example_skip_dag.py for tasks to queue
[2026-04-02T05:09:41.793+0530] {logging_mixin.py:188} INFO - [2026-04-02T05:09:41.793+0530] {dagbag.py:540} INFO - Filling up the DagBag from /Users/aswin/Documents/data-engineering-practice/ETL_Airflow_DBT/airflow/airflow_env/lib/python3.11/site-packages/airflow/example_dags/example_skip_dag.py
[2026-04-02T05:09:41.796+0530] {processor.py:840} INFO - DAG(s) 'example_skip_dag' retrieved from /Users/aswin/Documents/data-engineering-practice/ETL_Airflow_DBT/airflow/airflow_env/lib/python3.11/site-packages/airflow/example_dags/example_skip_dag.py
[2026-04-02T05:09:41.846+0530] {logging_mixin.py:188} INFO - [2026-04-02T05:09:41.846+0530] {dag.py:3096} INFO - Sync 1 DAGs
[2026-04-02T05:09:41.859+0530] {logging_mixin.py:188} INFO - [2026-04-02T05:09:41.859+0530] {dag.py:3954} INFO - Setting next_dagrun for example_skip_dag to 2026-03-31 00:00:00+00:00, run_after=2026-04-01 00:00:00+00:00
[2026-04-02T05:09:41.867+0530] {processor.py:183} INFO - Processing /Users/aswin/Documents/data-engineering-practice/ETL_Airflow_DBT/airflow/airflow_env/lib/python3.11/site-packages/airflow/example_dags/example_skip_dag.py took 0.075 seconds
[2026-04-02T05:10:13.506+0530] {processor.py:161} INFO - Started process (PID=17042) to work on /Users/aswin/Documents/data-engineering-practice/ETL_Airflow_DBT/airflow/airflow_env/lib/python3.11/site-packages/airflow/example_dags/example_skip_dag.py
[2026-04-02T05:10:13.507+0530] {processor.py:830} INFO - Processing file /Users/aswin/Documents/data-engineering-practice/ETL_Airflow_DBT/airflow/airflow_env/lib/python3.11/site-packages/airflow/example_dags/example_skip_dag.py for tasks to queue
[2026-04-02T05:10:13.508+0530] {logging_mixin.py:188} INFO - [2026-04-02T05:10:13.508+0530] {dagbag.py:540} INFO - Filling up the DagBag from /Users/aswin/Documents/data-engineering-practice/ETL_Airflow_DBT/airflow/airflow_env/lib/python3.11/site-packages/airflow/example_dags/example_skip_dag.py
[2026-04-02T05:10:13.511+0530] {processor.py:840} INFO - DAG(s) 'example_skip_dag' retrieved from /Users/aswin/Documents/data-engineering-practice/ETL_Airflow_DBT/airflow/airflow_env/lib/python3.11/site-packages/airflow/example_dags/example_skip_dag.py
[2026-04-02T05:10:13.563+0530] {logging_mixin.py:188} INFO - [2026-04-02T05:10:13.563+0530] {dag.py:3096} INFO - Sync 1 DAGs
[2026-04-02T05:10:13.575+0530] {logging_mixin.py:188} INFO - [2026-04-02T05:10:13.575+0530] {dag.py:3954} INFO - Setting next_dagrun for example_skip_dag to 2026-03-31 00:00:00+00:00, run_after=2026-04-01 00:00:00+00:00
[2026-04-02T05:10:13.584+0530] {processor.py:183} INFO - Processing /Users/aswin/Documents/data-engineering-practice/ETL_Airflow_DBT/airflow/airflow_env/lib/python3.11/site-packages/airflow/example_dags/example_skip_dag.py took 0.079 seconds
[2026-04-02T05:10:44.720+0530] {processor.py:161} INFO - Started process (PID=17160) to work on /Users/aswin/Documents/data-engineering-practice/ETL_Airflow_DBT/airflow/airflow_env/lib/python3.11/site-packages/airflow/example_dags/example_skip_dag.py
[2026-04-02T05:10:44.721+0530] {processor.py:830} INFO - Processing file /Users/aswin/Documents/data-engineering-practice/ETL_Airflow_DBT/airflow/airflow_env/lib/python3.11/site-packages/airflow/example_dags/example_skip_dag.py for tasks to queue
[2026-04-02T05:10:44.721+0530] {logging_mixin.py:188} INFO - [2026-04-02T05:10:44.721+0530] {dagbag.py:540} INFO - Filling up the DagBag from /Users/aswin/Documents/data-engineering-practice/ETL_Airflow_DBT/airflow/airflow_env/lib/python3.11/site-packages/airflow/example_dags/example_skip_dag.py
[2026-04-02T05:10:44.724+0530] {processor.py:840} INFO - DAG(s) 'example_skip_dag' retrieved from /Users/aswin/Documents/data-engineering-practice/ETL_Airflow_DBT/airflow/airflow_env/lib/python3.11/site-packages/airflow/example_dags/example_skip_dag.py
[2026-04-02T05:10:44.777+0530] {logging_mixin.py:188} INFO - [2026-04-02T05:10:44.777+0530] {dag.py:3096} INFO - Sync 1 DAGs
[2026-04-02T05:10:44.789+0530] {logging_mixin.py:188} INFO - [2026-04-02T05:10:44.789+0530] {dag.py:3954} INFO - Setting next_dagrun for example_skip_dag to 2026-03-31 00:00:00+00:00, run_after=2026-04-01 00:00:00+00:00
[2026-04-02T05:10:44.799+0530] {processor.py:183} INFO - Processing /Users/aswin/Documents/data-engineering-practice/ETL_Airflow_DBT/airflow/airflow_env/lib/python3.11/site-packages/airflow/example_dags/example_skip_dag.py took 0.080 seconds
[2026-04-02T05:11:15.583+0530] {processor.py:161} INFO - Started process (PID=17277) to work on /Users/aswin/Documents/data-engineering-practice/ETL_Airflow_DBT/airflow/airflow_env/lib/python3.11/site-packages/airflow/example_dags/example_skip_dag.py
[2026-04-02T05:11:15.583+0530] {processor.py:830} INFO - Processing file /Users/aswin/Documents/data-engineering-practice/ETL_Airflow_DBT/airflow/airflow_env/lib/python3.11/site-packages/airflow/example_dags/example_skip_dag.py for tasks to queue
[2026-04-02T05:11:15.584+0530] {logging_mixin.py:188} INFO - [2026-04-02T05:11:15.584+0530] {dagbag.py:540} INFO - Filling up the DagBag from /Users/aswin/Documents/data-engineering-practice/ETL_Airflow_DBT/airflow/airflow_env/lib/python3.11/site-packages/airflow/example_dags/example_skip_dag.py
[2026-04-02T05:11:15.587+0530] {processor.py:840} INFO - DAG(s) 'example_skip_dag' retrieved from /Users/aswin/Documents/data-engineering-practice/ETL_Airflow_DBT/airflow/airflow_env/lib/python3.11/site-packages/airflow/example_dags/example_skip_dag.py
[2026-04-02T05:11:15.640+0530] {logging_mixin.py:188} INFO - [2026-04-02T05:11:15.639+0530] {dag.py:3096} INFO - Sync 1 DAGs
[2026-04-02T05:11:15.650+0530] {logging_mixin.py:188} INFO - [2026-04-02T05:11:15.649+0530] {dag.py:3954} INFO - Setting next_dagrun for example_skip_dag to 2026-03-31 00:00:00+00:00, run_after=2026-04-01 00:00:00+00:00
[2026-04-02T05:11:15.658+0530] {processor.py:183} INFO - Processing /Users/aswin/Documents/data-engineering-practice/ETL_Airflow_DBT/airflow/airflow_env/lib/python3.11/site-packages/airflow/example_dags/example_skip_dag.py took 0.076 seconds
[2026-04-02T05:11:46.942+0530] {processor.py:161} INFO - Started process (PID=17393) to work on /Users/aswin/Documents/data-engineering-practice/ETL_Airflow_DBT/airflow/airflow_env/lib/python3.11/site-packages/airflow/example_dags/example_skip_dag.py
[2026-04-02T05:11:46.942+0530] {processor.py:830} INFO - Processing file /Users/aswin/Documents/data-engineering-practice/ETL_Airflow_DBT/airflow/airflow_env/lib/python3.11/site-packages/airflow/example_dags/example_skip_dag.py for tasks to queue
[2026-04-02T05:11:46.942+0530] {logging_mixin.py:188} INFO - [2026-04-02T05:11:46.942+0530] {dagbag.py:540} INFO - Filling up the DagBag from /Users/aswin/Documents/data-engineering-practice/ETL_Airflow_DBT/airflow/airflow_env/lib/python3.11/site-packages/airflow/example_dags/example_skip_dag.py
[2026-04-02T05:11:46.946+0530] {processor.py:840} INFO - DAG(s) 'example_skip_dag' retrieved from /Users/aswin/Documents/data-engineering-practice/ETL_Airflow_DBT/airflow/airflow_env/lib/python3.11/site-packages/airflow/example_dags/example_skip_dag.py
[2026-04-02T05:11:47.001+0530] {logging_mixin.py:188} INFO - [2026-04-02T05:11:47.001+0530] {dag.py:3096} INFO - Sync 1 DAGs
[2026-04-02T05:11:47.012+0530] {logging_mixin.py:188} INFO - [2026-04-02T05:11:47.012+0530] {dag.py:3954} INFO - Setting next_dagrun for example_skip_dag to 2026-03-31 00:00:00+00:00, run_after=2026-04-01 00:00:00+00:00
[2026-04-02T05:11:47.020+0530] {processor.py:183} INFO - Processing /Users/aswin/Documents/data-engineering-practice/ETL_Airflow_DBT/airflow/airflow_env/lib/python3.11/site-packages/airflow/example_dags/example_skip_dag.py took 0.079 seconds
[2026-04-02T05:12:17.888+0530] {processor.py:161} INFO - Started process (PID=17505) to work on /Users/aswin/Documents/data-engineering-practice/ETL_Airflow_DBT/airflow/airflow_env/lib/python3.11/site-packages/airflow/example_dags/example_skip_dag.py
[2026-04-02T05:12:17.890+0530] {processor.py:830} INFO - Processing file /Users/aswin/Documents/data-engineering-practice/ETL_Airflow_DBT/airflow/airflow_env/lib/python3.11/site-packages/airflow/example_dags/example_skip_dag.py for tasks to queue
[2026-04-02T05:12:17.890+0530] {logging_mixin.py:188} INFO - [2026-04-02T05:12:17.890+0530] {dagbag.py:540} INFO - Filling up the DagBag from /Users/aswin/Documents/data-engineering-practice/ETL_Airflow_DBT/airflow/airflow_env/lib/python3.11/site-packages/airflow/example_dags/example_skip_dag.py
[2026-04-02T05:12:17.894+0530] {processor.py:840} INFO - DAG(s) 'example_skip_dag' retrieved from /Users/aswin/Documents/data-engineering-practice/ETL_Airflow_DBT/airflow/airflow_env/lib/python3.11/site-packages/airflow/example_dags/example_skip_dag.py
[2026-04-02T05:12:17.951+0530] {logging_mixin.py:188} INFO - [2026-04-02T05:12:17.951+0530] {dag.py:3096} INFO - Sync 1 DAGs
[2026-04-02T05:12:17.962+0530] {logging_mixin.py:188} INFO - [2026-04-02T05:12:17.962+0530] {dag.py:3954} INFO - Setting next_dagrun for example_skip_dag to 2026-03-31 00:00:00+00:00, run_after=2026-04-01 00:00:00+00:00
[2026-04-02T05:12:17.973+0530] {processor.py:183} INFO - Processing /Users/aswin/Documents/data-engineering-practice/ETL_Airflow_DBT/airflow/airflow_env/lib/python3.11/site-packages/airflow/example_dags/example_skip_dag.py took 0.086 seconds
[2026-04-02T05:14:48.157+0530] {processor.py:161} INFO - Started process (PID=17663) to work on /Users/aswin/Documents/data-engineering-practice/ETL_Airflow_DBT/airflow/airflow_env/lib/python3.11/site-packages/airflow/example_dags/example_skip_dag.py
[2026-04-02T05:14:48.158+0530] {processor.py:830} INFO - Processing file /Users/aswin/Documents/data-engineering-practice/ETL_Airflow_DBT/airflow/airflow_env/lib/python3.11/site-packages/airflow/example_dags/example_skip_dag.py for tasks to queue
[2026-04-02T05:14:48.158+0530] {logging_mixin.py:188} INFO - [2026-04-02T05:14:48.158+0530] {dagbag.py:540} INFO - Filling up the DagBag from /Users/aswin/Documents/data-engineering-practice/ETL_Airflow_DBT/airflow/airflow_env/lib/python3.11/site-packages/airflow/example_dags/example_skip_dag.py
[2026-04-02T05:14:48.161+0530] {processor.py:840} INFO - DAG(s) 'example_skip_dag' retrieved from /Users/aswin/Documents/data-engineering-practice/ETL_Airflow_DBT/airflow/airflow_env/lib/python3.11/site-packages/airflow/example_dags/example_skip_dag.py
[2026-04-02T05:14:48.218+0530] {logging_mixin.py:188} INFO - [2026-04-02T05:14:48.218+0530] {dag.py:3096} INFO - Sync 1 DAGs
[2026-04-02T05:14:48.229+0530] {logging_mixin.py:188} INFO - [2026-04-02T05:14:48.229+0530] {dag.py:3954} INFO - Setting next_dagrun for example_skip_dag to 2026-03-31 00:00:00+00:00, run_after=2026-04-01 00:00:00+00:00
[2026-04-02T05:14:48.238+0530] {processor.py:183} INFO - Processing /Users/aswin/Documents/data-engineering-practice/ETL_Airflow_DBT/airflow/airflow_env/lib/python3.11/site-packages/airflow/example_dags/example_skip_dag.py took 0.082 seconds
[2026-04-02T05:15:19.120+0530] {processor.py:161} INFO - Started process (PID=17801) to work on /Users/aswin/Documents/data-engineering-practice/ETL_Airflow_DBT/airflow/airflow_env/lib/python3.11/site-packages/airflow/example_dags/example_skip_dag.py
[2026-04-02T05:15:19.121+0530] {processor.py:830} INFO - Processing file /Users/aswin/Documents/data-engineering-practice/ETL_Airflow_DBT/airflow/airflow_env/lib/python3.11/site-packages/airflow/example_dags/example_skip_dag.py for tasks to queue
[2026-04-02T05:15:19.121+0530] {logging_mixin.py:188} INFO - [2026-04-02T05:15:19.121+0530] {dagbag.py:540} INFO - Filling up the DagBag from /Users/aswin/Documents/data-engineering-practice/ETL_Airflow_DBT/airflow/airflow_env/lib/python3.11/site-packages/airflow/example_dags/example_skip_dag.py
[2026-04-02T05:15:19.124+0530] {processor.py:840} INFO - DAG(s) 'example_skip_dag' retrieved from /Users/aswin/Documents/data-engineering-practice/ETL_Airflow_DBT/airflow/airflow_env/lib/python3.11/site-packages/airflow/example_dags/example_skip_dag.py
[2026-04-02T05:15:19.178+0530] {logging_mixin.py:188} INFO - [2026-04-02T05:15:19.177+0530] {dag.py:3096} INFO - Sync 1 DAGs
[2026-04-02T05:15:19.189+0530] {logging_mixin.py:188} INFO - [2026-04-02T05:15:19.189+0530] {dag.py:3954} INFO - Setting next_dagrun for example_skip_dag to 2026-03-31 00:00:00+00:00, run_after=2026-04-01 00:00:00+00:00
[2026-04-02T05:15:19.198+0530] {processor.py:183} INFO - Processing /Users/aswin/Documents/data-engineering-practice/ETL_Airflow_DBT/airflow/airflow_env/lib/python3.11/site-packages/airflow/example_dags/example_skip_dag.py took 0.079 seconds
[2026-04-02T05:15:50.190+0530] {processor.py:161} INFO - Started process (PID=17926) to work on /Users/aswin/Documents/data-engineering-practice/ETL_Airflow_DBT/airflow/airflow_env/lib/python3.11/site-packages/airflow/example_dags/example_skip_dag.py
[2026-04-02T05:15:50.190+0530] {processor.py:830} INFO - Processing file /Users/aswin/Documents/data-engineering-practice/ETL_Airflow_DBT/airflow/airflow_env/lib/python3.11/site-packages/airflow/example_dags/example_skip_dag.py for tasks to queue
[2026-04-02T05:15:50.190+0530] {logging_mixin.py:188} INFO - [2026-04-02T05:15:50.190+0530] {dagbag.py:540} INFO - Filling up the DagBag from /Users/aswin/Documents/data-engineering-practice/ETL_Airflow_DBT/airflow/airflow_env/lib/python3.11/site-packages/airflow/example_dags/example_skip_dag.py
[2026-04-02T05:15:50.193+0530] {processor.py:840} INFO - DAG(s) 'example_skip_dag' retrieved from /Users/aswin/Documents/data-engineering-practice/ETL_Airflow_DBT/airflow/airflow_env/lib/python3.11/site-packages/airflow/example_dags/example_skip_dag.py
[2026-04-02T05:15:50.246+0530] {logging_mixin.py:188} INFO - [2026-04-02T05:15:50.246+0530] {dag.py:3096} INFO - Sync 1 DAGs
[2026-04-02T05:15:50.257+0530] {logging_mixin.py:188} INFO - [2026-04-02T05:15:50.256+0530] {dag.py:3954} INFO - Setting next_dagrun for example_skip_dag to 2026-03-31 00:00:00+00:00, run_after=2026-04-01 00:00:00+00:00
[2026-04-02T05:15:50.266+0530] {processor.py:183} INFO - Processing /Users/aswin/Documents/data-engineering-practice/ETL_Airflow_DBT/airflow/airflow_env/lib/python3.11/site-packages/airflow/example_dags/example_skip_dag.py took 0.077 seconds
[2026-04-02T05:16:21.634+0530] {processor.py:161} INFO - Started process (PID=18055) to work on /Users/aswin/Documents/data-engineering-practice/ETL_Airflow_DBT/airflow/airflow_env/lib/python3.11/site-packages/airflow/example_dags/example_skip_dag.py
[2026-04-02T05:16:21.635+0530] {processor.py:830} INFO - Processing file /Users/aswin/Documents/data-engineering-practice/ETL_Airflow_DBT/airflow/airflow_env/lib/python3.11/site-packages/airflow/example_dags/example_skip_dag.py for tasks to queue
[2026-04-02T05:16:21.636+0530] {logging_mixin.py:188} INFO - [2026-04-02T05:16:21.636+0530] {dagbag.py:540} INFO - Filling up the DagBag from /Users/aswin/Documents/data-engineering-practice/ETL_Airflow_DBT/airflow/airflow_env/lib/python3.11/site-packages/airflow/example_dags/example_skip_dag.py
[2026-04-02T05:16:21.639+0530] {processor.py:840} INFO - DAG(s) 'example_skip_dag' retrieved from /Users/aswin/Documents/data-engineering-practice/ETL_Airflow_DBT/airflow/airflow_env/lib/python3.11/site-packages/airflow/example_dags/example_skip_dag.py
[2026-04-02T05:16:21.693+0530] {logging_mixin.py:188} INFO - [2026-04-02T05:16:21.692+0530] {dag.py:3096} INFO - Sync 1 DAGs
[2026-04-02T05:16:21.703+0530] {logging_mixin.py:188} INFO - [2026-04-02T05:16:21.703+0530] {dag.py:3954} INFO - Setting next_dagrun for example_skip_dag to 2026-03-31 00:00:00+00:00, run_after=2026-04-01 00:00:00+00:00
[2026-04-02T05:16:21.711+0530] {processor.py:183} INFO - Processing /Users/aswin/Documents/data-engineering-practice/ETL_Airflow_DBT/airflow/airflow_env/lib/python3.11/site-packages/airflow/example_dags/example_skip_dag.py took 0.078 seconds
[2026-04-02T05:16:52.730+0530] {processor.py:161} INFO - Started process (PID=18183) to work on /Users/aswin/Documents/data-engineering-practice/ETL_Airflow_DBT/airflow/airflow_env/lib/python3.11/site-packages/airflow/example_dags/example_skip_dag.py
[2026-04-02T05:16:52.731+0530] {processor.py:830} INFO - Processing file /Users/aswin/Documents/data-engineering-practice/ETL_Airflow_DBT/airflow/airflow_env/lib/python3.11/site-packages/airflow/example_dags/example_skip_dag.py for tasks to queue
[2026-04-02T05:16:52.731+0530] {logging_mixin.py:188} INFO - [2026-04-02T05:16:52.731+0530] {dagbag.py:540} INFO - Filling up the DagBag from /Users/aswin/Documents/data-engineering-practice/ETL_Airflow_DBT/airflow/airflow_env/lib/python3.11/site-packages/airflow/example_dags/example_skip_dag.py
[2026-04-02T05:16:52.735+0530] {processor.py:840} INFO - DAG(s) 'example_skip_dag' retrieved from /Users/aswin/Documents/data-engineering-practice/ETL_Airflow_DBT/airflow/airflow_env/lib/python3.11/site-packages/airflow/example_dags/example_skip_dag.py
[2026-04-02T05:16:52.789+0530] {logging_mixin.py:188} INFO - [2026-04-02T05:16:52.789+0530] {dag.py:3096} INFO - Sync 1 DAGs
[2026-04-02T05:16:52.799+0530] {logging_mixin.py:188} INFO - [2026-04-02T05:16:52.799+0530] {dag.py:3954} INFO - Setting next_dagrun for example_skip_dag to 2026-03-31 00:00:00+00:00, run_after=2026-04-01 00:00:00+00:00
[2026-04-02T05:16:52.808+0530] {processor.py:183} INFO - Processing /Users/aswin/Documents/data-engineering-practice/ETL_Airflow_DBT/airflow/airflow_env/lib/python3.11/site-packages/airflow/example_dags/example_skip_dag.py took 0.079 seconds
[2026-04-02T05:17:24.290+0530] {processor.py:161} INFO - Started process (PID=18318) to work on /Users/aswin/Documents/data-engineering-practice/ETL_Airflow_DBT/airflow/airflow_env/lib/python3.11/site-packages/airflow/example_dags/example_skip_dag.py
[2026-04-02T05:17:24.292+0530] {processor.py:830} INFO - Processing file /Users/aswin/Documents/data-engineering-practice/ETL_Airflow_DBT/airflow/airflow_env/lib/python3.11/site-packages/airflow/example_dags/example_skip_dag.py for tasks to queue
[2026-04-02T05:17:24.292+0530] {logging_mixin.py:188} INFO - [2026-04-02T05:17:24.292+0530] {dagbag.py:540} INFO - Filling up the DagBag from /Users/aswin/Documents/data-engineering-practice/ETL_Airflow_DBT/airflow/airflow_env/lib/python3.11/site-packages/airflow/example_dags/example_skip_dag.py
[2026-04-02T05:17:24.295+0530] {processor.py:840} INFO - DAG(s) 'example_skip_dag' retrieved from /Users/aswin/Documents/data-engineering-practice/ETL_Airflow_DBT/airflow/airflow_env/lib/python3.11/site-packages/airflow/example_dags/example_skip_dag.py
[2026-04-02T05:17:24.350+0530] {logging_mixin.py:188} INFO - [2026-04-02T05:17:24.350+0530] {dag.py:3096} INFO - Sync 1 DAGs
[2026-04-02T05:17:24.360+0530] {logging_mixin.py:188} INFO - [2026-04-02T05:17:24.360+0530] {dag.py:3954} INFO - Setting next_dagrun for example_skip_dag to 2026-03-31 00:00:00+00:00, run_after=2026-04-01 00:00:00+00:00
[2026-04-02T05:17:24.368+0530] {processor.py:183} INFO - Processing /Users/aswin/Documents/data-engineering-practice/ETL_Airflow_DBT/airflow/airflow_env/lib/python3.11/site-packages/airflow/example_dags/example_skip_dag.py took 0.079 seconds
[2026-04-02T05:17:55.605+0530] {processor.py:161} INFO - Started process (PID=18448) to work on /Users/aswin/Documents/data-engineering-practice/ETL_Airflow_DBT/airflow/airflow_env/lib/python3.11/site-packages/airflow/example_dags/example_skip_dag.py
[2026-04-02T05:17:55.607+0530] {processor.py:830} INFO - Processing file /Users/aswin/Documents/data-engineering-practice/ETL_Airflow_DBT/airflow/airflow_env/lib/python3.11/site-packages/airflow/example_dags/example_skip_dag.py for tasks to queue
[2026-04-02T05:17:55.607+0530] {logging_mixin.py:188} INFO - [2026-04-02T05:17:55.607+0530] {dagbag.py:540} INFO - Filling up the DagBag from /Users/aswin/Documents/data-engineering-practice/ETL_Airflow_DBT/airflow/airflow_env/lib/python3.11/site-packages/airflow/example_dags/example_skip_dag.py
[2026-04-02T05:17:55.610+0530] {processor.py:840} INFO - DAG(s) 'example_skip_dag' retrieved from /Users/aswin/Documents/data-engineering-practice/ETL_Airflow_DBT/airflow/airflow_env/lib/python3.11/site-packages/airflow/example_dags/example_skip_dag.py
[2026-04-02T05:17:55.662+0530] {logging_mixin.py:188} INFO - [2026-04-02T05:17:55.662+0530] {dag.py:3096} INFO - Sync 1 DAGs
[2026-04-02T05:17:55.674+0530] {logging_mixin.py:188} INFO - [2026-04-02T05:17:55.674+0530] {dag.py:3954} INFO - Setting next_dagrun for example_skip_dag to 2026-03-31 00:00:00+00:00, run_after=2026-04-01 00:00:00+00:00
[2026-04-02T05:17:55.684+0530] {processor.py:183} INFO - Processing /Users/aswin/Documents/data-engineering-practice/ETL_Airflow_DBT/airflow/airflow_env/lib/python3.11/site-packages/airflow/example_dags/example_skip_dag.py took 0.079 seconds
[2026-04-02T05:18:26.478+0530] {processor.py:161} INFO - Started process (PID=18573) to work on /Users/aswin/Documents/data-engineering-practice/ETL_Airflow_DBT/airflow/airflow_env/lib/python3.11/site-packages/airflow/example_dags/example_skip_dag.py
[2026-04-02T05:18:26.479+0530] {processor.py:830} INFO - Processing file /Users/aswin/Documents/data-engineering-practice/ETL_Airflow_DBT/airflow/airflow_env/lib/python3.11/site-packages/airflow/example_dags/example_skip_dag.py for tasks to queue
[2026-04-02T05:18:26.480+0530] {logging_mixin.py:188} INFO - [2026-04-02T05:18:26.480+0530] {dagbag.py:540} INFO - Filling up the DagBag from /Users/aswin/Documents/data-engineering-practice/ETL_Airflow_DBT/airflow/airflow_env/lib/python3.11/site-packages/airflow/example_dags/example_skip_dag.py
[2026-04-02T05:18:26.483+0530] {processor.py:840} INFO - DAG(s) 'example_skip_dag' retrieved from /Users/aswin/Documents/data-engineering-practice/ETL_Airflow_DBT/airflow/airflow_env/lib/python3.11/site-packages/airflow/example_dags/example_skip_dag.py
[2026-04-02T05:18:26.538+0530] {logging_mixin.py:188} INFO - [2026-04-02T05:18:26.538+0530] {dag.py:3096} INFO - Sync 1 DAGs
[2026-04-02T05:18:26.549+0530] {logging_mixin.py:188} INFO - [2026-04-02T05:18:26.549+0530] {dag.py:3954} INFO - Setting next_dagrun for example_skip_dag to 2026-03-31 00:00:00+00:00, run_after=2026-04-01 00:00:00+00:00
[2026-04-02T05:18:26.556+0530] {processor.py:183} INFO - Processing /Users/aswin/Documents/data-engineering-practice/ETL_Airflow_DBT/airflow/airflow_env/lib/python3.11/site-packages/airflow/example_dags/example_skip_dag.py took 0.079 seconds
[2026-04-02T05:18:57.726+0530] {processor.py:161} INFO - Started process (PID=18697) to work on /Users/aswin/Documents/data-engineering-practice/ETL_Airflow_DBT/airflow/airflow_env/lib/python3.11/site-packages/airflow/example_dags/example_skip_dag.py
[2026-04-02T05:18:57.727+0530] {processor.py:830} INFO - Processing file /Users/aswin/Documents/data-engineering-practice/ETL_Airflow_DBT/airflow/airflow_env/lib/python3.11/site-packages/airflow/example_dags/example_skip_dag.py for tasks to queue
[2026-04-02T05:18:57.727+0530] {logging_mixin.py:188} INFO - [2026-04-02T05:18:57.727+0530] {dagbag.py:540} INFO - Filling up the DagBag from /Users/aswin/Documents/data-engineering-practice/ETL_Airflow_DBT/airflow/airflow_env/lib/python3.11/site-packages/airflow/example_dags/example_skip_dag.py
[2026-04-02T05:18:57.730+0530] {processor.py:840} INFO - DAG(s) 'example_skip_dag' retrieved from /Users/aswin/Documents/data-engineering-practice/ETL_Airflow_DBT/airflow/airflow_env/lib/python3.11/site-packages/airflow/example_dags/example_skip_dag.py
[2026-04-02T05:18:57.782+0530] {logging_mixin.py:188} INFO - [2026-04-02T05:18:57.782+0530] {dag.py:3096} INFO - Sync 1 DAGs
[2026-04-02T05:18:57.792+0530] {logging_mixin.py:188} INFO - [2026-04-02T05:18:57.791+0530] {dag.py:3954} INFO - Setting next_dagrun for example_skip_dag to 2026-03-31 00:00:00+00:00, run_after=2026-04-01 00:00:00+00:00
[2026-04-02T05:18:57.800+0530] {processor.py:183} INFO - Processing /Users/aswin/Documents/data-engineering-practice/ETL_Airflow_DBT/airflow/airflow_env/lib/python3.11/site-packages/airflow/example_dags/example_skip_dag.py took 0.075 seconds
[2026-04-02T05:19:28.777+0530] {processor.py:161} INFO - Started process (PID=18824) to work on /Users/aswin/Documents/data-engineering-practice/ETL_Airflow_DBT/airflow/airflow_env/lib/python3.11/site-packages/airflow/example_dags/example_skip_dag.py
[2026-04-02T05:19:28.778+0530] {processor.py:830} INFO - Processing file /Users/aswin/Documents/data-engineering-practice/ETL_Airflow_DBT/airflow/airflow_env/lib/python3.11/site-packages/airflow/example_dags/example_skip_dag.py for tasks to queue
[2026-04-02T05:19:28.778+0530] {logging_mixin.py:188} INFO - [2026-04-02T05:19:28.778+0530] {dagbag.py:540} INFO - Filling up the DagBag from /Users/aswin/Documents/data-engineering-practice/ETL_Airflow_DBT/airflow/airflow_env/lib/python3.11/site-packages/airflow/example_dags/example_skip_dag.py
[2026-04-02T05:19:28.781+0530] {processor.py:840} INFO - DAG(s) 'example_skip_dag' retrieved from /Users/aswin/Documents/data-engineering-practice/ETL_Airflow_DBT/airflow/airflow_env/lib/python3.11/site-packages/airflow/example_dags/example_skip_dag.py
[2026-04-02T05:19:28.832+0530] {logging_mixin.py:188} INFO - [2026-04-02T05:19:28.831+0530] {dag.py:3096} INFO - Sync 1 DAGs
[2026-04-02T05:19:28.841+0530] {logging_mixin.py:188} INFO - [2026-04-02T05:19:28.841+0530] {dag.py:3954} INFO - Setting next_dagrun for example_skip_dag to 2026-03-31 00:00:00+00:00, run_after=2026-04-01 00:00:00+00:00
[2026-04-02T05:19:28.849+0530] {processor.py:183} INFO - Processing /Users/aswin/Documents/data-engineering-practice/ETL_Airflow_DBT/airflow/airflow_env/lib/python3.11/site-packages/airflow/example_dags/example_skip_dag.py took 0.073 seconds
[2026-04-02T05:19:59.725+0530] {processor.py:161} INFO - Started process (PID=18949) to work on /Users/aswin/Documents/data-engineering-practice/ETL_Airflow_DBT/airflow/airflow_env/lib/python3.11/site-packages/airflow/example_dags/example_skip_dag.py
[2026-04-02T05:19:59.725+0530] {processor.py:830} INFO - Processing file /Users/aswin/Documents/data-engineering-practice/ETL_Airflow_DBT/airflow/airflow_env/lib/python3.11/site-packages/airflow/example_dags/example_skip_dag.py for tasks to queue
[2026-04-02T05:19:59.726+0530] {logging_mixin.py:188} INFO - [2026-04-02T05:19:59.726+0530] {dagbag.py:540} INFO - Filling up the DagBag from /Users/aswin/Documents/data-engineering-practice/ETL_Airflow_DBT/airflow/airflow_env/lib/python3.11/site-packages/airflow/example_dags/example_skip_dag.py
[2026-04-02T05:19:59.729+0530] {processor.py:840} INFO - DAG(s) 'example_skip_dag' retrieved from /Users/aswin/Documents/data-engineering-practice/ETL_Airflow_DBT/airflow/airflow_env/lib/python3.11/site-packages/airflow/example_dags/example_skip_dag.py
[2026-04-02T05:19:59.783+0530] {logging_mixin.py:188} INFO - [2026-04-02T05:19:59.783+0530] {dag.py:3096} INFO - Sync 1 DAGs
[2026-04-02T05:19:59.793+0530] {logging_mixin.py:188} INFO - [2026-04-02T05:19:59.793+0530] {dag.py:3954} INFO - Setting next_dagrun for example_skip_dag to 2026-03-31 00:00:00+00:00, run_after=2026-04-01 00:00:00+00:00
[2026-04-02T05:19:59.801+0530] {processor.py:183} INFO - Processing /Users/aswin/Documents/data-engineering-practice/ETL_Airflow_DBT/airflow/airflow_env/lib/python3.11/site-packages/airflow/example_dags/example_skip_dag.py took 0.077 seconds
[2026-04-02T05:20:30.608+0530] {processor.py:161} INFO - Started process (PID=19086) to work on /Users/aswin/Documents/data-engineering-practice/ETL_Airflow_DBT/airflow/airflow_env/lib/python3.11/site-packages/airflow/example_dags/example_skip_dag.py
[2026-04-02T05:20:30.608+0530] {processor.py:830} INFO - Processing file /Users/aswin/Documents/data-engineering-practice/ETL_Airflow_DBT/airflow/airflow_env/lib/python3.11/site-packages/airflow/example_dags/example_skip_dag.py for tasks to queue
[2026-04-02T05:20:30.609+0530] {logging_mixin.py:188} INFO - [2026-04-02T05:20:30.609+0530] {dagbag.py:540} INFO - Filling up the DagBag from /Users/aswin/Documents/data-engineering-practice/ETL_Airflow_DBT/airflow/airflow_env/lib/python3.11/site-packages/airflow/example_dags/example_skip_dag.py
[2026-04-02T05:20:30.612+0530] {processor.py:840} INFO - DAG(s) 'example_skip_dag' retrieved from /Users/aswin/Documents/data-engineering-practice/ETL_Airflow_DBT/airflow/airflow_env/lib/python3.11/site-packages/airflow/example_dags/example_skip_dag.py
[2026-04-02T05:20:30.668+0530] {logging_mixin.py:188} INFO - [2026-04-02T05:20:30.668+0530] {dag.py:3096} INFO - Sync 1 DAGs
[2026-04-02T05:20:30.681+0530] {logging_mixin.py:188} INFO - [2026-04-02T05:20:30.681+0530] {dag.py:3954} INFO - Setting next_dagrun for example_skip_dag to 2026-03-31 00:00:00+00:00, run_after=2026-04-01 00:00:00+00:00
[2026-04-02T05:20:30.692+0530] {processor.py:183} INFO - Processing /Users/aswin/Documents/data-engineering-practice/ETL_Airflow_DBT/airflow/airflow_env/lib/python3.11/site-packages/airflow/example_dags/example_skip_dag.py took 0.085 seconds
[2026-04-02T05:21:01.671+0530] {processor.py:161} INFO - Started process (PID=19212) to work on /Users/aswin/Documents/data-engineering-practice/ETL_Airflow_DBT/airflow/airflow_env/lib/python3.11/site-packages/airflow/example_dags/example_skip_dag.py
[2026-04-02T05:21:01.671+0530] {processor.py:830} INFO - Processing file /Users/aswin/Documents/data-engineering-practice/ETL_Airflow_DBT/airflow/airflow_env/lib/python3.11/site-packages/airflow/example_dags/example_skip_dag.py for tasks to queue
[2026-04-02T05:21:01.672+0530] {logging_mixin.py:188} INFO - [2026-04-02T05:21:01.672+0530] {dagbag.py:540} INFO - Filling up the DagBag from /Users/aswin/Documents/data-engineering-practice/ETL_Airflow_DBT/airflow/airflow_env/lib/python3.11/site-packages/airflow/example_dags/example_skip_dag.py
[2026-04-02T05:21:01.675+0530] {processor.py:840} INFO - DAG(s) 'example_skip_dag' retrieved from /Users/aswin/Documents/data-engineering-practice/ETL_Airflow_DBT/airflow/airflow_env/lib/python3.11/site-packages/airflow/example_dags/example_skip_dag.py
[2026-04-02T05:21:01.729+0530] {logging_mixin.py:188} INFO - [2026-04-02T05:21:01.729+0530] {dag.py:3096} INFO - Sync 1 DAGs
[2026-04-02T05:21:01.740+0530] {logging_mixin.py:188} INFO - [2026-04-02T05:21:01.740+0530] {dag.py:3954} INFO - Setting next_dagrun for example_skip_dag to 2026-03-31 00:00:00+00:00, run_after=2026-04-01 00:00:00+00:00
[2026-04-02T05:21:01.749+0530] {processor.py:183} INFO - Processing /Users/aswin/Documents/data-engineering-practice/ETL_Airflow_DBT/airflow/airflow_env/lib/python3.11/site-packages/airflow/example_dags/example_skip_dag.py took 0.079 seconds
[2026-04-02T05:21:32.789+0530] {processor.py:161} INFO - Started process (PID=19336) to work on /Users/aswin/Documents/data-engineering-practice/ETL_Airflow_DBT/airflow/airflow_env/lib/python3.11/site-packages/airflow/example_dags/example_skip_dag.py
[2026-04-02T05:21:32.790+0530] {processor.py:830} INFO - Processing file /Users/aswin/Documents/data-engineering-practice/ETL_Airflow_DBT/airflow/airflow_env/lib/python3.11/site-packages/airflow/example_dags/example_skip_dag.py for tasks to queue
[2026-04-02T05:21:32.790+0530] {logging_mixin.py:188} INFO - [2026-04-02T05:21:32.790+0530] {dagbag.py:540} INFO - Filling up the DagBag from /Users/aswin/Documents/data-engineering-practice/ETL_Airflow_DBT/airflow/airflow_env/lib/python3.11/site-packages/airflow/example_dags/example_skip_dag.py
[2026-04-02T05:21:32.793+0530] {processor.py:840} INFO - DAG(s) 'example_skip_dag' retrieved from /Users/aswin/Documents/data-engineering-practice/ETL_Airflow_DBT/airflow/airflow_env/lib/python3.11/site-packages/airflow/example_dags/example_skip_dag.py
[2026-04-02T05:21:32.843+0530] {logging_mixin.py:188} INFO - [2026-04-02T05:21:32.843+0530] {dag.py:3096} INFO - Sync 1 DAGs
[2026-04-02T05:21:32.853+0530] {logging_mixin.py:188} INFO - [2026-04-02T05:21:32.853+0530] {dag.py:3954} INFO - Setting next_dagrun for example_skip_dag to 2026-03-31 00:00:00+00:00, run_after=2026-04-01 00:00:00+00:00
[2026-04-02T05:21:32.861+0530] {processor.py:183} INFO - Processing /Users/aswin/Documents/data-engineering-practice/ETL_Airflow_DBT/airflow/airflow_env/lib/python3.11/site-packages/airflow/example_dags/example_skip_dag.py took 0.073 seconds
[2026-04-02T05:22:04.051+0530] {processor.py:161} INFO - Started process (PID=19460) to work on /Users/aswin/Documents/data-engineering-practice/ETL_Airflow_DBT/airflow/airflow_env/lib/python3.11/site-packages/airflow/example_dags/example_skip_dag.py
[2026-04-02T05:22:04.052+0530] {processor.py:830} INFO - Processing file /Users/aswin/Documents/data-engineering-practice/ETL_Airflow_DBT/airflow/airflow_env/lib/python3.11/site-packages/airflow/example_dags/example_skip_dag.py for tasks to queue
[2026-04-02T05:22:04.052+0530] {logging_mixin.py:188} INFO - [2026-04-02T05:22:04.052+0530] {dagbag.py:540} INFO - Filling up the DagBag from /Users/aswin/Documents/data-engineering-practice/ETL_Airflow_DBT/airflow/airflow_env/lib/python3.11/site-packages/airflow/example_dags/example_skip_dag.py
[2026-04-02T05:22:04.055+0530] {processor.py:840} INFO - DAG(s) 'example_skip_dag' retrieved from /Users/aswin/Documents/data-engineering-practice/ETL_Airflow_DBT/airflow/airflow_env/lib/python3.11/site-packages/airflow/example_dags/example_skip_dag.py
[2026-04-02T05:22:04.109+0530] {logging_mixin.py:188} INFO - [2026-04-02T05:22:04.109+0530] {dag.py:3096} INFO - Sync 1 DAGs
[2026-04-02T05:22:04.120+0530] {logging_mixin.py:188} INFO - [2026-04-02T05:22:04.119+0530] {dag.py:3954} INFO - Setting next_dagrun for example_skip_dag to 2026-03-31 00:00:00+00:00, run_after=2026-04-01 00:00:00+00:00
[2026-04-02T05:22:04.128+0530] {processor.py:183} INFO - Processing /Users/aswin/Documents/data-engineering-practice/ETL_Airflow_DBT/airflow/airflow_env/lib/python3.11/site-packages/airflow/example_dags/example_skip_dag.py took 0.079 seconds
[2026-04-02T05:22:35.361+0530] {processor.py:161} INFO - Started process (PID=19587) to work on /Users/aswin/Documents/data-engineering-practice/ETL_Airflow_DBT/airflow/airflow_env/lib/python3.11/site-packages/airflow/example_dags/example_skip_dag.py
[2026-04-02T05:22:35.362+0530] {processor.py:830} INFO - Processing file /Users/aswin/Documents/data-engineering-practice/ETL_Airflow_DBT/airflow/airflow_env/lib/python3.11/site-packages/airflow/example_dags/example_skip_dag.py for tasks to queue
[2026-04-02T05:22:35.362+0530] {logging_mixin.py:188} INFO - [2026-04-02T05:22:35.362+0530] {dagbag.py:540} INFO - Filling up the DagBag from /Users/aswin/Documents/data-engineering-practice/ETL_Airflow_DBT/airflow/airflow_env/lib/python3.11/site-packages/airflow/example_dags/example_skip_dag.py
[2026-04-02T05:22:35.365+0530] {processor.py:840} INFO - DAG(s) 'example_skip_dag' retrieved from /Users/aswin/Documents/data-engineering-practice/ETL_Airflow_DBT/airflow/airflow_env/lib/python3.11/site-packages/airflow/example_dags/example_skip_dag.py
[2026-04-02T05:22:35.417+0530] {logging_mixin.py:188} INFO - [2026-04-02T05:22:35.417+0530] {dag.py:3096} INFO - Sync 1 DAGs
[2026-04-02T05:22:35.428+0530] {logging_mixin.py:188} INFO - [2026-04-02T05:22:35.427+0530] {dag.py:3954} INFO - Setting next_dagrun for example_skip_dag to 2026-03-31 00:00:00+00:00, run_after=2026-04-01 00:00:00+00:00
[2026-04-02T05:22:35.437+0530] {processor.py:183} INFO - Processing /Users/aswin/Documents/data-engineering-practice/ETL_Airflow_DBT/airflow/airflow_env/lib/python3.11/site-packages/airflow/example_dags/example_skip_dag.py took 0.077 seconds
[2026-04-02T05:23:06.798+0530] {processor.py:161} INFO - Started process (PID=19713) to work on /Users/aswin/Documents/data-engineering-practice/ETL_Airflow_DBT/airflow/airflow_env/lib/python3.11/site-packages/airflow/example_dags/example_skip_dag.py
[2026-04-02T05:23:06.799+0530] {processor.py:830} INFO - Processing file /Users/aswin/Documents/data-engineering-practice/ETL_Airflow_DBT/airflow/airflow_env/lib/python3.11/site-packages/airflow/example_dags/example_skip_dag.py for tasks to queue
[2026-04-02T05:23:06.799+0530] {logging_mixin.py:188} INFO - [2026-04-02T05:23:06.799+0530] {dagbag.py:540} INFO - Filling up the DagBag from /Users/aswin/Documents/data-engineering-practice/ETL_Airflow_DBT/airflow/airflow_env/lib/python3.11/site-packages/airflow/example_dags/example_skip_dag.py
[2026-04-02T05:23:06.802+0530] {processor.py:840} INFO - DAG(s) 'example_skip_dag' retrieved from /Users/aswin/Documents/data-engineering-practice/ETL_Airflow_DBT/airflow/airflow_env/lib/python3.11/site-packages/airflow/example_dags/example_skip_dag.py
[2026-04-02T05:23:06.858+0530] {logging_mixin.py:188} INFO - [2026-04-02T05:23:06.858+0530] {dag.py:3096} INFO - Sync 1 DAGs
[2026-04-02T05:23:06.871+0530] {logging_mixin.py:188} INFO - [2026-04-02T05:23:06.871+0530] {dag.py:3954} INFO - Setting next_dagrun for example_skip_dag to 2026-03-31 00:00:00+00:00, run_after=2026-04-01 00:00:00+00:00
[2026-04-02T05:23:06.879+0530] {processor.py:183} INFO - Processing /Users/aswin/Documents/data-engineering-practice/ETL_Airflow_DBT/airflow/airflow_env/lib/python3.11/site-packages/airflow/example_dags/example_skip_dag.py took 0.082 seconds
[2026-04-02T05:23:37.721+0530] {processor.py:161} INFO - Started process (PID=19861) to work on /Users/aswin/Documents/data-engineering-practice/ETL_Airflow_DBT/airflow/airflow_env/lib/python3.11/site-packages/airflow/example_dags/example_skip_dag.py
[2026-04-02T05:23:37.722+0530] {processor.py:830} INFO - Processing file /Users/aswin/Documents/data-engineering-practice/ETL_Airflow_DBT/airflow/airflow_env/lib/python3.11/site-packages/airflow/example_dags/example_skip_dag.py for tasks to queue
[2026-04-02T05:23:37.722+0530] {logging_mixin.py:188} INFO - [2026-04-02T05:23:37.722+0530] {dagbag.py:540} INFO - Filling up the DagBag from /Users/aswin/Documents/data-engineering-practice/ETL_Airflow_DBT/airflow/airflow_env/lib/python3.11/site-packages/airflow/example_dags/example_skip_dag.py
[2026-04-02T05:23:37.725+0530] {processor.py:840} INFO - DAG(s) 'example_skip_dag' retrieved from /Users/aswin/Documents/data-engineering-practice/ETL_Airflow_DBT/airflow/airflow_env/lib/python3.11/site-packages/airflow/example_dags/example_skip_dag.py
[2026-04-02T05:23:37.781+0530] {logging_mixin.py:188} INFO - [2026-04-02T05:23:37.781+0530] {dag.py:3096} INFO - Sync 1 DAGs
[2026-04-02T05:23:37.793+0530] {logging_mixin.py:188} INFO - [2026-04-02T05:23:37.793+0530] {dag.py:3954} INFO - Setting next_dagrun for example_skip_dag to 2026-03-31 00:00:00+00:00, run_after=2026-04-01 00:00:00+00:00
[2026-04-02T05:23:37.800+0530] {processor.py:183} INFO - Processing /Users/aswin/Documents/data-engineering-practice/ETL_Airflow_DBT/airflow/airflow_env/lib/python3.11/site-packages/airflow/example_dags/example_skip_dag.py took 0.080 seconds
[2026-04-02T05:24:08.986+0530] {processor.py:161} INFO - Started process (PID=19991) to work on /Users/aswin/Documents/data-engineering-practice/ETL_Airflow_DBT/airflow/airflow_env/lib/python3.11/site-packages/airflow/example_dags/example_skip_dag.py
[2026-04-02T05:24:08.986+0530] {processor.py:830} INFO - Processing file /Users/aswin/Documents/data-engineering-practice/ETL_Airflow_DBT/airflow/airflow_env/lib/python3.11/site-packages/airflow/example_dags/example_skip_dag.py for tasks to queue
[2026-04-02T05:24:08.987+0530] {logging_mixin.py:188} INFO - [2026-04-02T05:24:08.986+0530] {dagbag.py:540} INFO - Filling up the DagBag from /Users/aswin/Documents/data-engineering-practice/ETL_Airflow_DBT/airflow/airflow_env/lib/python3.11/site-packages/airflow/example_dags/example_skip_dag.py
[2026-04-02T05:24:08.990+0530] {processor.py:840} INFO - DAG(s) 'example_skip_dag' retrieved from /Users/aswin/Documents/data-engineering-practice/ETL_Airflow_DBT/airflow/airflow_env/lib/python3.11/site-packages/airflow/example_dags/example_skip_dag.py
[2026-04-02T05:24:09.044+0530] {logging_mixin.py:188} INFO - [2026-04-02T05:24:09.044+0530] {dag.py:3096} INFO - Sync 1 DAGs
[2026-04-02T05:24:09.054+0530] {logging_mixin.py:188} INFO - [2026-04-02T05:24:09.053+0530] {dag.py:3954} INFO - Setting next_dagrun for example_skip_dag to 2026-03-31 00:00:00+00:00, run_after=2026-04-01 00:00:00+00:00
[2026-04-02T05:24:09.062+0530] {processor.py:183} INFO - Processing /Users/aswin/Documents/data-engineering-practice/ETL_Airflow_DBT/airflow/airflow_env/lib/python3.11/site-packages/airflow/example_dags/example_skip_dag.py took 0.077 seconds
[2026-04-02T05:24:39.935+0530] {processor.py:161} INFO - Started process (PID=20124) to work on /Users/aswin/Documents/data-engineering-practice/ETL_Airflow_DBT/airflow/airflow_env/lib/python3.11/site-packages/airflow/example_dags/example_skip_dag.py
[2026-04-02T05:24:39.935+0530] {processor.py:830} INFO - Processing file /Users/aswin/Documents/data-engineering-practice/ETL_Airflow_DBT/airflow/airflow_env/lib/python3.11/site-packages/airflow/example_dags/example_skip_dag.py for tasks to queue
[2026-04-02T05:24:39.936+0530] {logging_mixin.py:188} INFO - [2026-04-02T05:24:39.936+0530] {dagbag.py:540} INFO - Filling up the DagBag from /Users/aswin/Documents/data-engineering-practice/ETL_Airflow_DBT/airflow/airflow_env/lib/python3.11/site-packages/airflow/example_dags/example_skip_dag.py
[2026-04-02T05:24:39.939+0530] {processor.py:840} INFO - DAG(s) 'example_skip_dag' retrieved from /Users/aswin/Documents/data-engineering-practice/ETL_Airflow_DBT/airflow/airflow_env/lib/python3.11/site-packages/airflow/example_dags/example_skip_dag.py
[2026-04-02T05:24:39.996+0530] {logging_mixin.py:188} INFO - [2026-04-02T05:24:39.996+0530] {dag.py:3096} INFO - Sync 1 DAGs
[2026-04-02T05:24:40.006+0530] {logging_mixin.py:188} INFO - [2026-04-02T05:24:40.006+0530] {dag.py:3954} INFO - Setting next_dagrun for example_skip_dag to 2026-03-31 00:00:00+00:00, run_after=2026-04-01 00:00:00+00:00
[2026-04-02T05:24:40.016+0530] {processor.py:183} INFO - Processing /Users/aswin/Documents/data-engineering-practice/ETL_Airflow_DBT/airflow/airflow_env/lib/python3.11/site-packages/airflow/example_dags/example_skip_dag.py took 0.082 seconds
[2026-04-02T05:25:11.246+0530] {processor.py:161} INFO - Started process (PID=20253) to work on /Users/aswin/Documents/data-engineering-practice/ETL_Airflow_DBT/airflow/airflow_env/lib/python3.11/site-packages/airflow/example_dags/example_skip_dag.py
[2026-04-02T05:25:11.246+0530] {processor.py:830} INFO - Processing file /Users/aswin/Documents/data-engineering-practice/ETL_Airflow_DBT/airflow/airflow_env/lib/python3.11/site-packages/airflow/example_dags/example_skip_dag.py for tasks to queue
[2026-04-02T05:25:11.246+0530] {logging_mixin.py:188} INFO - [2026-04-02T05:25:11.246+0530] {dagbag.py:540} INFO - Filling up the DagBag from /Users/aswin/Documents/data-engineering-practice/ETL_Airflow_DBT/airflow/airflow_env/lib/python3.11/site-packages/airflow/example_dags/example_skip_dag.py
[2026-04-02T05:25:11.250+0530] {processor.py:840} INFO - DAG(s) 'example_skip_dag' retrieved from /Users/aswin/Documents/data-engineering-practice/ETL_Airflow_DBT/airflow/airflow_env/lib/python3.11/site-packages/airflow/example_dags/example_skip_dag.py
[2026-04-02T05:25:11.305+0530] {logging_mixin.py:188} INFO - [2026-04-02T05:25:11.305+0530] {dag.py:3096} INFO - Sync 1 DAGs
[2026-04-02T05:25:11.317+0530] {logging_mixin.py:188} INFO - [2026-04-02T05:25:11.317+0530] {dag.py:3954} INFO - Setting next_dagrun for example_skip_dag to 2026-03-31 00:00:00+00:00, run_after=2026-04-01 00:00:00+00:00
[2026-04-02T05:25:11.324+0530] {processor.py:183} INFO - Processing /Users/aswin/Documents/data-engineering-practice/ETL_Airflow_DBT/airflow/airflow_env/lib/python3.11/site-packages/airflow/example_dags/example_skip_dag.py took 0.080 seconds
[2026-04-02T05:25:42.732+0530] {processor.py:161} INFO - Started process (PID=20385) to work on /Users/aswin/Documents/data-engineering-practice/ETL_Airflow_DBT/airflow/airflow_env/lib/python3.11/site-packages/airflow/example_dags/example_skip_dag.py
[2026-04-02T05:25:42.732+0530] {processor.py:830} INFO - Processing file /Users/aswin/Documents/data-engineering-practice/ETL_Airflow_DBT/airflow/airflow_env/lib/python3.11/site-packages/airflow/example_dags/example_skip_dag.py for tasks to queue
[2026-04-02T05:25:42.732+0530] {logging_mixin.py:188} INFO - [2026-04-02T05:25:42.732+0530] {dagbag.py:540} INFO - Filling up the DagBag from /Users/aswin/Documents/data-engineering-practice/ETL_Airflow_DBT/airflow/airflow_env/lib/python3.11/site-packages/airflow/example_dags/example_skip_dag.py
[2026-04-02T05:25:42.736+0530] {processor.py:840} INFO - DAG(s) 'example_skip_dag' retrieved from /Users/aswin/Documents/data-engineering-practice/ETL_Airflow_DBT/airflow/airflow_env/lib/python3.11/site-packages/airflow/example_dags/example_skip_dag.py
[2026-04-02T05:25:42.794+0530] {logging_mixin.py:188} INFO - [2026-04-02T05:25:42.794+0530] {dag.py:3096} INFO - Sync 1 DAGs
[2026-04-02T05:25:42.804+0530] {logging_mixin.py:188} INFO - [2026-04-02T05:25:42.804+0530] {dag.py:3954} INFO - Setting next_dagrun for example_skip_dag to 2026-03-31 00:00:00+00:00, run_after=2026-04-01 00:00:00+00:00
[2026-04-02T05:25:42.812+0530] {processor.py:183} INFO - Processing /Users/aswin/Documents/data-engineering-practice/ETL_Airflow_DBT/airflow/airflow_env/lib/python3.11/site-packages/airflow/example_dags/example_skip_dag.py took 0.082 seconds
[2026-04-02T05:26:13.563+0530] {processor.py:161} INFO - Started process (PID=20512) to work on /Users/aswin/Documents/data-engineering-practice/ETL_Airflow_DBT/airflow/airflow_env/lib/python3.11/site-packages/airflow/example_dags/example_skip_dag.py
[2026-04-02T05:26:13.564+0530] {processor.py:830} INFO - Processing file /Users/aswin/Documents/data-engineering-practice/ETL_Airflow_DBT/airflow/airflow_env/lib/python3.11/site-packages/airflow/example_dags/example_skip_dag.py for tasks to queue
[2026-04-02T05:26:13.565+0530] {logging_mixin.py:188} INFO - [2026-04-02T05:26:13.564+0530] {dagbag.py:540} INFO - Filling up the DagBag from /Users/aswin/Documents/data-engineering-practice/ETL_Airflow_DBT/airflow/airflow_env/lib/python3.11/site-packages/airflow/example_dags/example_skip_dag.py
[2026-04-02T05:26:13.568+0530] {processor.py:840} INFO - DAG(s) 'example_skip_dag' retrieved from /Users/aswin/Documents/data-engineering-practice/ETL_Airflow_DBT/airflow/airflow_env/lib/python3.11/site-packages/airflow/example_dags/example_skip_dag.py
[2026-04-02T05:26:13.619+0530] {logging_mixin.py:188} INFO - [2026-04-02T05:26:13.619+0530] {dag.py:3096} INFO - Sync 1 DAGs
[2026-04-02T05:26:13.629+0530] {logging_mixin.py:188} INFO - [2026-04-02T05:26:13.629+0530] {dag.py:3954} INFO - Setting next_dagrun for example_skip_dag to 2026-03-31 00:00:00+00:00, run_after=2026-04-01 00:00:00+00:00
[2026-04-02T05:26:13.638+0530] {processor.py:183} INFO - Processing /Users/aswin/Documents/data-engineering-practice/ETL_Airflow_DBT/airflow/airflow_env/lib/python3.11/site-packages/airflow/example_dags/example_skip_dag.py took 0.076 seconds
[2026-04-02T05:26:44.821+0530] {processor.py:161} INFO - Started process (PID=20642) to work on /Users/aswin/Documents/data-engineering-practice/ETL_Airflow_DBT/airflow/airflow_env/lib/python3.11/site-packages/airflow/example_dags/example_skip_dag.py
[2026-04-02T05:26:44.822+0530] {processor.py:830} INFO - Processing file /Users/aswin/Documents/data-engineering-practice/ETL_Airflow_DBT/airflow/airflow_env/lib/python3.11/site-packages/airflow/example_dags/example_skip_dag.py for tasks to queue
[2026-04-02T05:26:44.822+0530] {logging_mixin.py:188} INFO - [2026-04-02T05:26:44.822+0530] {dagbag.py:540} INFO - Filling up the DagBag from /Users/aswin/Documents/data-engineering-practice/ETL_Airflow_DBT/airflow/airflow_env/lib/python3.11/site-packages/airflow/example_dags/example_skip_dag.py
[2026-04-02T05:26:44.826+0530] {processor.py:840} INFO - DAG(s) 'example_skip_dag' retrieved from /Users/aswin/Documents/data-engineering-practice/ETL_Airflow_DBT/airflow/airflow_env/lib/python3.11/site-packages/airflow/example_dags/example_skip_dag.py
[2026-04-02T05:26:44.881+0530] {logging_mixin.py:188} INFO - [2026-04-02T05:26:44.881+0530] {dag.py:3096} INFO - Sync 1 DAGs
[2026-04-02T05:26:44.891+0530] {logging_mixin.py:188} INFO - [2026-04-02T05:26:44.891+0530] {dag.py:3954} INFO - Setting next_dagrun for example_skip_dag to 2026-03-31 00:00:00+00:00, run_after=2026-04-01 00:00:00+00:00
[2026-04-02T05:26:44.899+0530] {processor.py:183} INFO - Processing /Users/aswin/Documents/data-engineering-practice/ETL_Airflow_DBT/airflow/airflow_env/lib/python3.11/site-packages/airflow/example_dags/example_skip_dag.py took 0.079 seconds
[2026-04-02T05:27:16.226+0530] {processor.py:161} INFO - Started process (PID=20782) to work on /Users/aswin/Documents/data-engineering-practice/ETL_Airflow_DBT/airflow/airflow_env/lib/python3.11/site-packages/airflow/example_dags/example_skip_dag.py
[2026-04-02T05:27:16.227+0530] {processor.py:830} INFO - Processing file /Users/aswin/Documents/data-engineering-practice/ETL_Airflow_DBT/airflow/airflow_env/lib/python3.11/site-packages/airflow/example_dags/example_skip_dag.py for tasks to queue
[2026-04-02T05:27:16.227+0530] {logging_mixin.py:188} INFO - [2026-04-02T05:27:16.227+0530] {dagbag.py:540} INFO - Filling up the DagBag from /Users/aswin/Documents/data-engineering-practice/ETL_Airflow_DBT/airflow/airflow_env/lib/python3.11/site-packages/airflow/example_dags/example_skip_dag.py
[2026-04-02T05:27:16.230+0530] {processor.py:840} INFO - DAG(s) 'example_skip_dag' retrieved from /Users/aswin/Documents/data-engineering-practice/ETL_Airflow_DBT/airflow/airflow_env/lib/python3.11/site-packages/airflow/example_dags/example_skip_dag.py
[2026-04-02T05:27:16.300+0530] {logging_mixin.py:188} INFO - [2026-04-02T05:27:16.300+0530] {dag.py:3096} INFO - Sync 1 DAGs
[2026-04-02T05:27:16.310+0530] {logging_mixin.py:188} INFO - [2026-04-02T05:27:16.310+0530] {dag.py:3954} INFO - Setting next_dagrun for example_skip_dag to 2026-03-31 00:00:00+00:00, run_after=2026-04-01 00:00:00+00:00
[2026-04-02T05:27:16.319+0530] {processor.py:183} INFO - Processing /Users/aswin/Documents/data-engineering-practice/ETL_Airflow_DBT/airflow/airflow_env/lib/python3.11/site-packages/airflow/example_dags/example_skip_dag.py took 0.095 seconds
[2026-04-02T05:27:47.225+0530] {processor.py:161} INFO - Started process (PID=20910) to work on /Users/aswin/Documents/data-engineering-practice/ETL_Airflow_DBT/airflow/airflow_env/lib/python3.11/site-packages/airflow/example_dags/example_skip_dag.py
[2026-04-02T05:27:47.226+0530] {processor.py:830} INFO - Processing file /Users/aswin/Documents/data-engineering-practice/ETL_Airflow_DBT/airflow/airflow_env/lib/python3.11/site-packages/airflow/example_dags/example_skip_dag.py for tasks to queue
[2026-04-02T05:27:47.227+0530] {logging_mixin.py:188} INFO - [2026-04-02T05:27:47.227+0530] {dagbag.py:540} INFO - Filling up the DagBag from /Users/aswin/Documents/data-engineering-practice/ETL_Airflow_DBT/airflow/airflow_env/lib/python3.11/site-packages/airflow/example_dags/example_skip_dag.py
[2026-04-02T05:27:47.229+0530] {processor.py:840} INFO - DAG(s) 'example_skip_dag' retrieved from /Users/aswin/Documents/data-engineering-practice/ETL_Airflow_DBT/airflow/airflow_env/lib/python3.11/site-packages/airflow/example_dags/example_skip_dag.py
[2026-04-02T05:27:47.282+0530] {logging_mixin.py:188} INFO - [2026-04-02T05:27:47.281+0530] {dag.py:3096} INFO - Sync 1 DAGs
[2026-04-02T05:27:47.293+0530] {logging_mixin.py:188} INFO - [2026-04-02T05:27:47.292+0530] {dag.py:3954} INFO - Setting next_dagrun for example_skip_dag to 2026-03-31 00:00:00+00:00, run_after=2026-04-01 00:00:00+00:00
[2026-04-02T05:27:47.302+0530] {processor.py:183} INFO - Processing /Users/aswin/Documents/data-engineering-practice/ETL_Airflow_DBT/airflow/airflow_env/lib/python3.11/site-packages/airflow/example_dags/example_skip_dag.py took 0.078 seconds
