[2026-04-01T05:30:17.092+0530] {processor.py:161} INFO - Started process (PID=73338) to work on /Users/aswin/Documents/data-engineering-practice/ETL_Airflow_DBT/airflow/airflow_env/lib/python3.11/site-packages/airflow/example_dags/example_sensors.py
[2026-04-01T05:30:17.094+0530] {processor.py:830} INFO - Processing file /Users/aswin/Documents/data-engineering-practice/ETL_Airflow_DBT/airflow/airflow_env/lib/python3.11/site-packages/airflow/example_dags/example_sensors.py for tasks to queue
[2026-04-01T05:30:17.094+0530] {logging_mixin.py:188} INFO - [2026-04-01T05:30:17.094+0530] {dagbag.py:540} INFO - Filling up the DagBag from /Users/aswin/Documents/data-engineering-practice/ETL_Airflow_DBT/airflow/airflow_env/lib/python3.11/site-packages/airflow/example_dags/example_sensors.py
[2026-04-01T05:30:17.102+0530] {processor.py:840} INFO - DAG(s) 'example_sensors' retrieved from /Users/aswin/Documents/data-engineering-practice/ETL_Airflow_DBT/airflow/airflow_env/lib/python3.11/site-packages/airflow/example_dags/example_sensors.py
[2026-04-01T05:30:17.139+0530] {logging_mixin.py:188} INFO - [2026-04-01T05:30:17.138+0530] {dag.py:3096} INFO - Sync 1 DAGs
[2026-04-01T05:30:17.142+0530] {logging_mixin.py:188} INFO - [2026-04-01T05:30:17.141+0530] {dag.py:3954} INFO - Setting next_dagrun for example_sensors to None, run_after=None
[2026-04-01T05:30:17.148+0530] {processor.py:183} INFO - Processing /Users/aswin/Documents/data-engineering-practice/ETL_Airflow_DBT/airflow/airflow_env/lib/python3.11/site-packages/airflow/example_dags/example_sensors.py took 0.056 seconds
[2026-04-01T05:32:26.677+0530] {processor.py:161} INFO - Started process (PID=73423) to work on /Users/aswin/Documents/data-engineering-practice/ETL_Airflow_DBT/airflow/airflow_env/lib/python3.11/site-packages/airflow/example_dags/example_sensors.py
[2026-04-01T05:32:26.678+0530] {processor.py:830} INFO - Processing file /Users/aswin/Documents/data-engineering-practice/ETL_Airflow_DBT/airflow/airflow_env/lib/python3.11/site-packages/airflow/example_dags/example_sensors.py for tasks to queue
[2026-04-01T05:32:26.678+0530] {logging_mixin.py:188} INFO - [2026-04-01T05:32:26.678+0530] {dagbag.py:540} INFO - Filling up the DagBag from /Users/aswin/Documents/data-engineering-practice/ETL_Airflow_DBT/airflow/airflow_env/lib/python3.11/site-packages/airflow/example_dags/example_sensors.py
[2026-04-01T05:32:26.685+0530] {processor.py:840} INFO - DAG(s) 'example_sensors' retrieved from /Users/aswin/Documents/data-engineering-practice/ETL_Airflow_DBT/airflow/airflow_env/lib/python3.11/site-packages/airflow/example_dags/example_sensors.py
[2026-04-01T05:32:26.720+0530] {logging_mixin.py:188} INFO - [2026-04-01T05:32:26.720+0530] {dag.py:3096} INFO - Sync 1 DAGs
[2026-04-01T05:32:26.723+0530] {logging_mixin.py:188} INFO - [2026-04-01T05:32:26.723+0530] {dag.py:3954} INFO - Setting next_dagrun for example_sensors to None, run_after=None
[2026-04-01T05:32:26.729+0530] {processor.py:183} INFO - Processing /Users/aswin/Documents/data-engineering-practice/ETL_Airflow_DBT/airflow/airflow_env/lib/python3.11/site-packages/airflow/example_dags/example_sensors.py took 0.052 seconds
[2026-04-01T05:34:26.606+0530] {processor.py:161} INFO - Started process (PID=73540) to work on /Users/aswin/Documents/data-engineering-practice/ETL_Airflow_DBT/airflow/airflow_env/lib/python3.11/site-packages/airflow/example_dags/example_sensors.py
[2026-04-01T05:34:26.607+0530] {processor.py:830} INFO - Processing file /Users/aswin/Documents/data-engineering-practice/ETL_Airflow_DBT/airflow/airflow_env/lib/python3.11/site-packages/airflow/example_dags/example_sensors.py for tasks to queue
[2026-04-01T05:34:26.607+0530] {logging_mixin.py:188} INFO - [2026-04-01T05:34:26.607+0530] {dagbag.py:540} INFO - Filling up the DagBag from /Users/aswin/Documents/data-engineering-practice/ETL_Airflow_DBT/airflow/airflow_env/lib/python3.11/site-packages/airflow/example_dags/example_sensors.py
[2026-04-01T05:34:26.614+0530] {processor.py:840} INFO - DAG(s) 'example_sensors' retrieved from /Users/aswin/Documents/data-engineering-practice/ETL_Airflow_DBT/airflow/airflow_env/lib/python3.11/site-packages/airflow/example_dags/example_sensors.py
[2026-04-01T05:34:26.648+0530] {logging_mixin.py:188} INFO - [2026-04-01T05:34:26.648+0530] {dag.py:3096} INFO - Sync 1 DAGs
[2026-04-01T05:34:26.651+0530] {logging_mixin.py:188} INFO - [2026-04-01T05:34:26.651+0530] {dag.py:3954} INFO - Setting next_dagrun for example_sensors to None, run_after=None
[2026-04-01T05:34:26.656+0530] {processor.py:183} INFO - Processing /Users/aswin/Documents/data-engineering-practice/ETL_Airflow_DBT/airflow/airflow_env/lib/python3.11/site-packages/airflow/example_dags/example_sensors.py took 0.052 seconds
[2026-04-01T05:36:18.180+0530] {processor.py:161} INFO - Started process (PID=73631) to work on /Users/aswin/Documents/data-engineering-practice/ETL_Airflow_DBT/airflow/airflow_env/lib/python3.11/site-packages/airflow/example_dags/example_sensors.py
[2026-04-01T05:36:18.181+0530] {processor.py:830} INFO - Processing file /Users/aswin/Documents/data-engineering-practice/ETL_Airflow_DBT/airflow/airflow_env/lib/python3.11/site-packages/airflow/example_dags/example_sensors.py for tasks to queue
[2026-04-01T05:36:18.181+0530] {logging_mixin.py:188} INFO - [2026-04-01T05:36:18.181+0530] {dagbag.py:540} INFO - Filling up the DagBag from /Users/aswin/Documents/data-engineering-practice/ETL_Airflow_DBT/airflow/airflow_env/lib/python3.11/site-packages/airflow/example_dags/example_sensors.py
[2026-04-01T05:36:18.188+0530] {processor.py:840} INFO - DAG(s) 'example_sensors' retrieved from /Users/aswin/Documents/data-engineering-practice/ETL_Airflow_DBT/airflow/airflow_env/lib/python3.11/site-packages/airflow/example_dags/example_sensors.py
[2026-04-01T05:36:18.223+0530] {logging_mixin.py:188} INFO - [2026-04-01T05:36:18.223+0530] {dag.py:3096} INFO - Sync 1 DAGs
[2026-04-01T05:36:18.226+0530] {logging_mixin.py:188} INFO - [2026-04-01T05:36:18.226+0530] {dag.py:3954} INFO - Setting next_dagrun for example_sensors to None, run_after=None
[2026-04-01T05:36:18.232+0530] {processor.py:183} INFO - Processing /Users/aswin/Documents/data-engineering-practice/ETL_Airflow_DBT/airflow/airflow_env/lib/python3.11/site-packages/airflow/example_dags/example_sensors.py took 0.053 seconds
[2026-04-01T05:54:28.634+0530] {processor.py:161} INFO - Started process (PID=74180) to work on /Users/aswin/Documents/data-engineering-practice/ETL_Airflow_DBT/airflow/airflow_env/lib/python3.11/site-packages/airflow/example_dags/example_sensors.py
[2026-04-01T05:54:28.634+0530] {processor.py:830} INFO - Processing file /Users/aswin/Documents/data-engineering-practice/ETL_Airflow_DBT/airflow/airflow_env/lib/python3.11/site-packages/airflow/example_dags/example_sensors.py for tasks to queue
[2026-04-01T05:54:28.635+0530] {logging_mixin.py:188} INFO - [2026-04-01T05:54:28.634+0530] {dagbag.py:540} INFO - Filling up the DagBag from /Users/aswin/Documents/data-engineering-practice/ETL_Airflow_DBT/airflow/airflow_env/lib/python3.11/site-packages/airflow/example_dags/example_sensors.py
[2026-04-01T05:54:28.640+0530] {processor.py:840} INFO - DAG(s) 'example_sensors' retrieved from /Users/aswin/Documents/data-engineering-practice/ETL_Airflow_DBT/airflow/airflow_env/lib/python3.11/site-packages/airflow/example_dags/example_sensors.py
[2026-04-01T05:54:28.731+0530] {logging_mixin.py:188} INFO - [2026-04-01T05:54:28.731+0530] {override.py:1829} INFO - Created Permission View: can edit on DAG:example_sensors
[2026-04-01T05:54:28.735+0530] {logging_mixin.py:188} INFO - [2026-04-01T05:54:28.735+0530] {override.py:1829} INFO - Created Permission View: can delete on DAG:example_sensors
[2026-04-01T05:54:28.737+0530] {logging_mixin.py:188} INFO - [2026-04-01T05:54:28.737+0530] {override.py:1829} INFO - Created Permission View: can read on DAG:example_sensors
[2026-04-01T05:54:28.737+0530] {logging_mixin.py:188} INFO - [2026-04-01T05:54:28.737+0530] {dag.py:3096} INFO - Sync 1 DAGs
[2026-04-01T05:54:28.742+0530] {logging_mixin.py:188} INFO - [2026-04-01T05:54:28.742+0530] {dag.py:3118} INFO - Creating ORM DAG for example_sensors
[2026-04-01T05:54:28.742+0530] {logging_mixin.py:188} INFO - [2026-04-01T05:54:28.742+0530] {dag.py:3954} INFO - Setting next_dagrun for example_sensors to None, run_after=None
[2026-04-01T05:54:28.750+0530] {processor.py:183} INFO - Processing /Users/aswin/Documents/data-engineering-practice/ETL_Airflow_DBT/airflow/airflow_env/lib/python3.11/site-packages/airflow/example_dags/example_sensors.py took 0.117 seconds
[2026-04-01T05:54:59.427+0530] {processor.py:161} INFO - Started process (PID=74880) to work on /Users/aswin/Documents/data-engineering-practice/ETL_Airflow_DBT/airflow/airflow_env/lib/python3.11/site-packages/airflow/example_dags/example_sensors.py
[2026-04-01T05:54:59.427+0530] {processor.py:830} INFO - Processing file /Users/aswin/Documents/data-engineering-practice/ETL_Airflow_DBT/airflow/airflow_env/lib/python3.11/site-packages/airflow/example_dags/example_sensors.py for tasks to queue
[2026-04-01T05:54:59.428+0530] {logging_mixin.py:188} INFO - [2026-04-01T05:54:59.428+0530] {dagbag.py:540} INFO - Filling up the DagBag from /Users/aswin/Documents/data-engineering-practice/ETL_Airflow_DBT/airflow/airflow_env/lib/python3.11/site-packages/airflow/example_dags/example_sensors.py
[2026-04-01T05:54:59.434+0530] {processor.py:840} INFO - DAG(s) 'example_sensors' retrieved from /Users/aswin/Documents/data-engineering-practice/ETL_Airflow_DBT/airflow/airflow_env/lib/python3.11/site-packages/airflow/example_dags/example_sensors.py
[2026-04-01T05:54:59.492+0530] {logging_mixin.py:188} INFO - [2026-04-01T05:54:59.492+0530] {dag.py:3096} INFO - Sync 1 DAGs
[2026-04-01T05:54:59.498+0530] {logging_mixin.py:188} INFO - [2026-04-01T05:54:59.498+0530] {dag.py:3954} INFO - Setting next_dagrun for example_sensors to None, run_after=None
[2026-04-01T05:54:59.507+0530] {processor.py:183} INFO - Processing /Users/aswin/Documents/data-engineering-practice/ETL_Airflow_DBT/airflow/airflow_env/lib/python3.11/site-packages/airflow/example_dags/example_sensors.py took 0.081 seconds
[2026-04-01T05:55:30.624+0530] {processor.py:161} INFO - Started process (PID=75600) to work on /Users/aswin/Documents/data-engineering-practice/ETL_Airflow_DBT/airflow/airflow_env/lib/python3.11/site-packages/airflow/example_dags/example_sensors.py
[2026-04-01T05:55:30.624+0530] {processor.py:830} INFO - Processing file /Users/aswin/Documents/data-engineering-practice/ETL_Airflow_DBT/airflow/airflow_env/lib/python3.11/site-packages/airflow/example_dags/example_sensors.py for tasks to queue
[2026-04-01T05:55:30.625+0530] {logging_mixin.py:188} INFO - [2026-04-01T05:55:30.625+0530] {dagbag.py:540} INFO - Filling up the DagBag from /Users/aswin/Documents/data-engineering-practice/ETL_Airflow_DBT/airflow/airflow_env/lib/python3.11/site-packages/airflow/example_dags/example_sensors.py
[2026-04-01T05:55:30.632+0530] {processor.py:840} INFO - DAG(s) 'example_sensors' retrieved from /Users/aswin/Documents/data-engineering-practice/ETL_Airflow_DBT/airflow/airflow_env/lib/python3.11/site-packages/airflow/example_dags/example_sensors.py
[2026-04-01T05:55:30.690+0530] {logging_mixin.py:188} INFO - [2026-04-01T05:55:30.690+0530] {dag.py:3096} INFO - Sync 1 DAGs
[2026-04-01T05:55:30.697+0530] {logging_mixin.py:188} INFO - [2026-04-01T05:55:30.697+0530] {dag.py:3954} INFO - Setting next_dagrun for example_sensors to None, run_after=None
[2026-04-01T05:55:30.708+0530] {processor.py:183} INFO - Processing /Users/aswin/Documents/data-engineering-practice/ETL_Airflow_DBT/airflow/airflow_env/lib/python3.11/site-packages/airflow/example_dags/example_sensors.py took 0.085 seconds
[2026-04-01T05:56:02.009+0530] {processor.py:161} INFO - Started process (PID=76311) to work on /Users/aswin/Documents/data-engineering-practice/ETL_Airflow_DBT/airflow/airflow_env/lib/python3.11/site-packages/airflow/example_dags/example_sensors.py
[2026-04-01T05:56:02.010+0530] {processor.py:830} INFO - Processing file /Users/aswin/Documents/data-engineering-practice/ETL_Airflow_DBT/airflow/airflow_env/lib/python3.11/site-packages/airflow/example_dags/example_sensors.py for tasks to queue
[2026-04-01T05:56:02.010+0530] {logging_mixin.py:188} INFO - [2026-04-01T05:56:02.010+0530] {dagbag.py:540} INFO - Filling up the DagBag from /Users/aswin/Documents/data-engineering-practice/ETL_Airflow_DBT/airflow/airflow_env/lib/python3.11/site-packages/airflow/example_dags/example_sensors.py
[2026-04-01T05:56:02.017+0530] {processor.py:840} INFO - DAG(s) 'example_sensors' retrieved from /Users/aswin/Documents/data-engineering-practice/ETL_Airflow_DBT/airflow/airflow_env/lib/python3.11/site-packages/airflow/example_dags/example_sensors.py
[2026-04-01T05:56:02.072+0530] {logging_mixin.py:188} INFO - [2026-04-01T05:56:02.072+0530] {dag.py:3096} INFO - Sync 1 DAGs
[2026-04-01T05:56:02.078+0530] {logging_mixin.py:188} INFO - [2026-04-01T05:56:02.078+0530] {dag.py:3954} INFO - Setting next_dagrun for example_sensors to None, run_after=None
[2026-04-01T05:56:02.086+0530] {processor.py:183} INFO - Processing /Users/aswin/Documents/data-engineering-practice/ETL_Airflow_DBT/airflow/airflow_env/lib/python3.11/site-packages/airflow/example_dags/example_sensors.py took 0.078 seconds
[2026-04-01T05:56:33.564+0530] {processor.py:161} INFO - Started process (PID=76428) to work on /Users/aswin/Documents/data-engineering-practice/ETL_Airflow_DBT/airflow/airflow_env/lib/python3.11/site-packages/airflow/example_dags/example_sensors.py
[2026-04-01T05:56:33.566+0530] {processor.py:830} INFO - Processing file /Users/aswin/Documents/data-engineering-practice/ETL_Airflow_DBT/airflow/airflow_env/lib/python3.11/site-packages/airflow/example_dags/example_sensors.py for tasks to queue
[2026-04-01T05:56:33.566+0530] {logging_mixin.py:188} INFO - [2026-04-01T05:56:33.566+0530] {dagbag.py:540} INFO - Filling up the DagBag from /Users/aswin/Documents/data-engineering-practice/ETL_Airflow_DBT/airflow/airflow_env/lib/python3.11/site-packages/airflow/example_dags/example_sensors.py
[2026-04-01T05:56:33.573+0530] {processor.py:840} INFO - DAG(s) 'example_sensors' retrieved from /Users/aswin/Documents/data-engineering-practice/ETL_Airflow_DBT/airflow/airflow_env/lib/python3.11/site-packages/airflow/example_dags/example_sensors.py
[2026-04-01T05:56:33.633+0530] {logging_mixin.py:188} INFO - [2026-04-01T05:56:33.633+0530] {dag.py:3096} INFO - Sync 1 DAGs
[2026-04-01T05:56:33.639+0530] {logging_mixin.py:188} INFO - [2026-04-01T05:56:33.639+0530] {dag.py:3954} INFO - Setting next_dagrun for example_sensors to None, run_after=None
[2026-04-01T05:56:33.649+0530] {processor.py:183} INFO - Processing /Users/aswin/Documents/data-engineering-practice/ETL_Airflow_DBT/airflow/airflow_env/lib/python3.11/site-packages/airflow/example_dags/example_sensors.py took 0.086 seconds
[2026-04-01T05:57:04.571+0530] {processor.py:161} INFO - Started process (PID=76543) to work on /Users/aswin/Documents/data-engineering-practice/ETL_Airflow_DBT/airflow/airflow_env/lib/python3.11/site-packages/airflow/example_dags/example_sensors.py
[2026-04-01T05:57:04.572+0530] {processor.py:830} INFO - Processing file /Users/aswin/Documents/data-engineering-practice/ETL_Airflow_DBT/airflow/airflow_env/lib/python3.11/site-packages/airflow/example_dags/example_sensors.py for tasks to queue
[2026-04-01T05:57:04.573+0530] {logging_mixin.py:188} INFO - [2026-04-01T05:57:04.572+0530] {dagbag.py:540} INFO - Filling up the DagBag from /Users/aswin/Documents/data-engineering-practice/ETL_Airflow_DBT/airflow/airflow_env/lib/python3.11/site-packages/airflow/example_dags/example_sensors.py
[2026-04-01T05:57:04.579+0530] {processor.py:840} INFO - DAG(s) 'example_sensors' retrieved from /Users/aswin/Documents/data-engineering-practice/ETL_Airflow_DBT/airflow/airflow_env/lib/python3.11/site-packages/airflow/example_dags/example_sensors.py
[2026-04-01T05:57:04.638+0530] {logging_mixin.py:188} INFO - [2026-04-01T05:57:04.637+0530] {dag.py:3096} INFO - Sync 1 DAGs
[2026-04-01T05:57:04.643+0530] {logging_mixin.py:188} INFO - [2026-04-01T05:57:04.643+0530] {dag.py:3954} INFO - Setting next_dagrun for example_sensors to None, run_after=None
[2026-04-01T05:57:04.652+0530] {processor.py:183} INFO - Processing /Users/aswin/Documents/data-engineering-practice/ETL_Airflow_DBT/airflow/airflow_env/lib/python3.11/site-packages/airflow/example_dags/example_sensors.py took 0.082 seconds
[2026-04-01T05:57:36.249+0530] {processor.py:161} INFO - Started process (PID=76670) to work on /Users/aswin/Documents/data-engineering-practice/ETL_Airflow_DBT/airflow/airflow_env/lib/python3.11/site-packages/airflow/example_dags/example_sensors.py
[2026-04-01T05:57:36.250+0530] {processor.py:830} INFO - Processing file /Users/aswin/Documents/data-engineering-practice/ETL_Airflow_DBT/airflow/airflow_env/lib/python3.11/site-packages/airflow/example_dags/example_sensors.py for tasks to queue
[2026-04-01T05:57:36.250+0530] {logging_mixin.py:188} INFO - [2026-04-01T05:57:36.250+0530] {dagbag.py:540} INFO - Filling up the DagBag from /Users/aswin/Documents/data-engineering-practice/ETL_Airflow_DBT/airflow/airflow_env/lib/python3.11/site-packages/airflow/example_dags/example_sensors.py
[2026-04-01T05:57:36.257+0530] {processor.py:840} INFO - DAG(s) 'example_sensors' retrieved from /Users/aswin/Documents/data-engineering-practice/ETL_Airflow_DBT/airflow/airflow_env/lib/python3.11/site-packages/airflow/example_dags/example_sensors.py
[2026-04-01T05:57:36.318+0530] {logging_mixin.py:188} INFO - [2026-04-01T05:57:36.317+0530] {dag.py:3096} INFO - Sync 1 DAGs
[2026-04-01T05:57:36.326+0530] {logging_mixin.py:188} INFO - [2026-04-01T05:57:36.326+0530] {dag.py:3954} INFO - Setting next_dagrun for example_sensors to None, run_after=None
[2026-04-01T05:57:36.339+0530] {processor.py:183} INFO - Processing /Users/aswin/Documents/data-engineering-practice/ETL_Airflow_DBT/airflow/airflow_env/lib/python3.11/site-packages/airflow/example_dags/example_sensors.py took 0.091 seconds
[2026-04-01T05:58:07.770+0530] {processor.py:161} INFO - Started process (PID=76800) to work on /Users/aswin/Documents/data-engineering-practice/ETL_Airflow_DBT/airflow/airflow_env/lib/python3.11/site-packages/airflow/example_dags/example_sensors.py
[2026-04-01T05:58:07.770+0530] {processor.py:830} INFO - Processing file /Users/aswin/Documents/data-engineering-practice/ETL_Airflow_DBT/airflow/airflow_env/lib/python3.11/site-packages/airflow/example_dags/example_sensors.py for tasks to queue
[2026-04-01T05:58:07.770+0530] {logging_mixin.py:188} INFO - [2026-04-01T05:58:07.770+0530] {dagbag.py:540} INFO - Filling up the DagBag from /Users/aswin/Documents/data-engineering-practice/ETL_Airflow_DBT/airflow/airflow_env/lib/python3.11/site-packages/airflow/example_dags/example_sensors.py
[2026-04-01T05:58:07.776+0530] {processor.py:840} INFO - DAG(s) 'example_sensors' retrieved from /Users/aswin/Documents/data-engineering-practice/ETL_Airflow_DBT/airflow/airflow_env/lib/python3.11/site-packages/airflow/example_dags/example_sensors.py
[2026-04-01T05:58:07.833+0530] {logging_mixin.py:188} INFO - [2026-04-01T05:58:07.833+0530] {dag.py:3096} INFO - Sync 1 DAGs
[2026-04-01T05:58:07.840+0530] {logging_mixin.py:188} INFO - [2026-04-01T05:58:07.840+0530] {dag.py:3954} INFO - Setting next_dagrun for example_sensors to None, run_after=None
[2026-04-01T05:58:07.852+0530] {processor.py:183} INFO - Processing /Users/aswin/Documents/data-engineering-practice/ETL_Airflow_DBT/airflow/airflow_env/lib/python3.11/site-packages/airflow/example_dags/example_sensors.py took 0.084 seconds
[2026-04-01T06:15:48.101+0530] {processor.py:161} INFO - Started process (PID=77299) to work on /Users/aswin/Documents/data-engineering-practice/ETL_Airflow_DBT/airflow/airflow_env/lib/python3.11/site-packages/airflow/example_dags/example_sensors.py
[2026-04-01T06:15:48.102+0530] {processor.py:830} INFO - Processing file /Users/aswin/Documents/data-engineering-practice/ETL_Airflow_DBT/airflow/airflow_env/lib/python3.11/site-packages/airflow/example_dags/example_sensors.py for tasks to queue
[2026-04-01T06:15:48.102+0530] {logging_mixin.py:188} INFO - [2026-04-01T06:15:48.102+0530] {dagbag.py:540} INFO - Filling up the DagBag from /Users/aswin/Documents/data-engineering-practice/ETL_Airflow_DBT/airflow/airflow_env/lib/python3.11/site-packages/airflow/example_dags/example_sensors.py
[2026-04-01T06:15:48.108+0530] {processor.py:840} INFO - DAG(s) 'example_sensors' retrieved from /Users/aswin/Documents/data-engineering-practice/ETL_Airflow_DBT/airflow/airflow_env/lib/python3.11/site-packages/airflow/example_dags/example_sensors.py
[2026-04-01T06:15:48.164+0530] {logging_mixin.py:188} INFO - [2026-04-01T06:15:48.163+0530] {dag.py:3096} INFO - Sync 1 DAGs
[2026-04-01T06:15:48.169+0530] {logging_mixin.py:188} INFO - [2026-04-01T06:15:48.169+0530] {dag.py:3954} INFO - Setting next_dagrun for example_sensors to None, run_after=None
[2026-04-01T06:15:48.176+0530] {processor.py:183} INFO - Processing /Users/aswin/Documents/data-engineering-practice/ETL_Airflow_DBT/airflow/airflow_env/lib/python3.11/site-packages/airflow/example_dags/example_sensors.py took 0.076 seconds
[2026-04-01T06:16:19.239+0530] {processor.py:161} INFO - Started process (PID=78009) to work on /Users/aswin/Documents/data-engineering-practice/ETL_Airflow_DBT/airflow/airflow_env/lib/python3.11/site-packages/airflow/example_dags/example_sensors.py
[2026-04-01T06:16:19.239+0530] {processor.py:830} INFO - Processing file /Users/aswin/Documents/data-engineering-practice/ETL_Airflow_DBT/airflow/airflow_env/lib/python3.11/site-packages/airflow/example_dags/example_sensors.py for tasks to queue
[2026-04-01T06:16:19.240+0530] {logging_mixin.py:188} INFO - [2026-04-01T06:16:19.240+0530] {dagbag.py:540} INFO - Filling up the DagBag from /Users/aswin/Documents/data-engineering-practice/ETL_Airflow_DBT/airflow/airflow_env/lib/python3.11/site-packages/airflow/example_dags/example_sensors.py
[2026-04-01T06:16:19.246+0530] {processor.py:840} INFO - DAG(s) 'example_sensors' retrieved from /Users/aswin/Documents/data-engineering-practice/ETL_Airflow_DBT/airflow/airflow_env/lib/python3.11/site-packages/airflow/example_dags/example_sensors.py
[2026-04-01T06:16:19.303+0530] {logging_mixin.py:188} INFO - [2026-04-01T06:16:19.303+0530] {dag.py:3096} INFO - Sync 1 DAGs
[2026-04-01T06:16:19.309+0530] {logging_mixin.py:188} INFO - [2026-04-01T06:16:19.309+0530] {dag.py:3954} INFO - Setting next_dagrun for example_sensors to None, run_after=None
[2026-04-01T06:16:19.317+0530] {processor.py:183} INFO - Processing /Users/aswin/Documents/data-engineering-practice/ETL_Airflow_DBT/airflow/airflow_env/lib/python3.11/site-packages/airflow/example_dags/example_sensors.py took 0.079 seconds
[2026-04-01T06:16:50.561+0530] {processor.py:161} INFO - Started process (PID=78350) to work on /Users/aswin/Documents/data-engineering-practice/ETL_Airflow_DBT/airflow/airflow_env/lib/python3.11/site-packages/airflow/example_dags/example_sensors.py
[2026-04-01T06:16:50.562+0530] {processor.py:830} INFO - Processing file /Users/aswin/Documents/data-engineering-practice/ETL_Airflow_DBT/airflow/airflow_env/lib/python3.11/site-packages/airflow/example_dags/example_sensors.py for tasks to queue
[2026-04-01T06:16:50.562+0530] {logging_mixin.py:188} INFO - [2026-04-01T06:16:50.562+0530] {dagbag.py:540} INFO - Filling up the DagBag from /Users/aswin/Documents/data-engineering-practice/ETL_Airflow_DBT/airflow/airflow_env/lib/python3.11/site-packages/airflow/example_dags/example_sensors.py
[2026-04-01T06:16:50.569+0530] {processor.py:840} INFO - DAG(s) 'example_sensors' retrieved from /Users/aswin/Documents/data-engineering-practice/ETL_Airflow_DBT/airflow/airflow_env/lib/python3.11/site-packages/airflow/example_dags/example_sensors.py
[2026-04-01T06:16:50.627+0530] {logging_mixin.py:188} INFO - [2026-04-01T06:16:50.627+0530] {dag.py:3096} INFO - Sync 1 DAGs
[2026-04-01T06:16:50.634+0530] {logging_mixin.py:188} INFO - [2026-04-01T06:16:50.634+0530] {dag.py:3954} INFO - Setting next_dagrun for example_sensors to None, run_after=None
[2026-04-01T06:16:50.644+0530] {processor.py:183} INFO - Processing /Users/aswin/Documents/data-engineering-practice/ETL_Airflow_DBT/airflow/airflow_env/lib/python3.11/site-packages/airflow/example_dags/example_sensors.py took 0.084 seconds
[2026-04-01T06:17:21.606+0530] {processor.py:161} INFO - Started process (PID=78475) to work on /Users/aswin/Documents/data-engineering-practice/ETL_Airflow_DBT/airflow/airflow_env/lib/python3.11/site-packages/airflow/example_dags/example_sensors.py
[2026-04-01T06:17:21.606+0530] {processor.py:830} INFO - Processing file /Users/aswin/Documents/data-engineering-practice/ETL_Airflow_DBT/airflow/airflow_env/lib/python3.11/site-packages/airflow/example_dags/example_sensors.py for tasks to queue
[2026-04-01T06:17:21.606+0530] {logging_mixin.py:188} INFO - [2026-04-01T06:17:21.606+0530] {dagbag.py:540} INFO - Filling up the DagBag from /Users/aswin/Documents/data-engineering-practice/ETL_Airflow_DBT/airflow/airflow_env/lib/python3.11/site-packages/airflow/example_dags/example_sensors.py
[2026-04-01T06:17:21.613+0530] {processor.py:840} INFO - DAG(s) 'example_sensors' retrieved from /Users/aswin/Documents/data-engineering-practice/ETL_Airflow_DBT/airflow/airflow_env/lib/python3.11/site-packages/airflow/example_dags/example_sensors.py
[2026-04-01T06:17:21.674+0530] {logging_mixin.py:188} INFO - [2026-04-01T06:17:21.674+0530] {dag.py:3096} INFO - Sync 1 DAGs
[2026-04-01T06:17:21.681+0530] {logging_mixin.py:188} INFO - [2026-04-01T06:17:21.681+0530] {dag.py:3954} INFO - Setting next_dagrun for example_sensors to None, run_after=None
[2026-04-01T06:17:21.691+0530] {processor.py:183} INFO - Processing /Users/aswin/Documents/data-engineering-practice/ETL_Airflow_DBT/airflow/airflow_env/lib/python3.11/site-packages/airflow/example_dags/example_sensors.py took 0.086 seconds
[2026-04-01T06:17:52.586+0530] {processor.py:161} INFO - Started process (PID=78587) to work on /Users/aswin/Documents/data-engineering-practice/ETL_Airflow_DBT/airflow/airflow_env/lib/python3.11/site-packages/airflow/example_dags/example_sensors.py
[2026-04-01T06:17:52.587+0530] {processor.py:830} INFO - Processing file /Users/aswin/Documents/data-engineering-practice/ETL_Airflow_DBT/airflow/airflow_env/lib/python3.11/site-packages/airflow/example_dags/example_sensors.py for tasks to queue
[2026-04-01T06:17:52.587+0530] {logging_mixin.py:188} INFO - [2026-04-01T06:17:52.587+0530] {dagbag.py:540} INFO - Filling up the DagBag from /Users/aswin/Documents/data-engineering-practice/ETL_Airflow_DBT/airflow/airflow_env/lib/python3.11/site-packages/airflow/example_dags/example_sensors.py
[2026-04-01T06:17:52.595+0530] {processor.py:840} INFO - DAG(s) 'example_sensors' retrieved from /Users/aswin/Documents/data-engineering-practice/ETL_Airflow_DBT/airflow/airflow_env/lib/python3.11/site-packages/airflow/example_dags/example_sensors.py
[2026-04-01T06:17:52.660+0530] {logging_mixin.py:188} INFO - [2026-04-01T06:17:52.660+0530] {dag.py:3096} INFO - Sync 1 DAGs
[2026-04-01T06:17:52.668+0530] {logging_mixin.py:188} INFO - [2026-04-01T06:17:52.668+0530] {dag.py:3954} INFO - Setting next_dagrun for example_sensors to None, run_after=None
[2026-04-01T06:17:52.678+0530] {processor.py:183} INFO - Processing /Users/aswin/Documents/data-engineering-practice/ETL_Airflow_DBT/airflow/airflow_env/lib/python3.11/site-packages/airflow/example_dags/example_sensors.py took 0.093 seconds
[2026-04-01T06:23:32.588+0530] {processor.py:161} INFO - Started process (PID=78803) to work on /Users/aswin/Documents/data-engineering-practice/ETL_Airflow_DBT/airflow/airflow_env/lib/python3.11/site-packages/airflow/example_dags/example_sensors.py
[2026-04-01T06:23:32.588+0530] {processor.py:830} INFO - Processing file /Users/aswin/Documents/data-engineering-practice/ETL_Airflow_DBT/airflow/airflow_env/lib/python3.11/site-packages/airflow/example_dags/example_sensors.py for tasks to queue
[2026-04-01T06:23:32.589+0530] {logging_mixin.py:188} INFO - [2026-04-01T06:23:32.588+0530] {dagbag.py:540} INFO - Filling up the DagBag from /Users/aswin/Documents/data-engineering-practice/ETL_Airflow_DBT/airflow/airflow_env/lib/python3.11/site-packages/airflow/example_dags/example_sensors.py
[2026-04-01T06:23:32.594+0530] {processor.py:840} INFO - DAG(s) 'example_sensors' retrieved from /Users/aswin/Documents/data-engineering-practice/ETL_Airflow_DBT/airflow/airflow_env/lib/python3.11/site-packages/airflow/example_dags/example_sensors.py
[2026-04-01T06:23:32.650+0530] {logging_mixin.py:188} INFO - [2026-04-01T06:23:32.650+0530] {dag.py:3096} INFO - Sync 1 DAGs
[2026-04-01T06:23:32.656+0530] {logging_mixin.py:188} INFO - [2026-04-01T06:23:32.656+0530] {dag.py:3954} INFO - Setting next_dagrun for example_sensors to None, run_after=None
[2026-04-01T06:23:32.665+0530] {processor.py:183} INFO - Processing /Users/aswin/Documents/data-engineering-practice/ETL_Airflow_DBT/airflow/airflow_env/lib/python3.11/site-packages/airflow/example_dags/example_sensors.py took 0.078 seconds
[2026-04-01T06:24:03.970+0530] {processor.py:161} INFO - Started process (PID=78931) to work on /Users/aswin/Documents/data-engineering-practice/ETL_Airflow_DBT/airflow/airflow_env/lib/python3.11/site-packages/airflow/example_dags/example_sensors.py
[2026-04-01T06:24:03.971+0530] {processor.py:830} INFO - Processing file /Users/aswin/Documents/data-engineering-practice/ETL_Airflow_DBT/airflow/airflow_env/lib/python3.11/site-packages/airflow/example_dags/example_sensors.py for tasks to queue
[2026-04-01T06:24:03.971+0530] {logging_mixin.py:188} INFO - [2026-04-01T06:24:03.971+0530] {dagbag.py:540} INFO - Filling up the DagBag from /Users/aswin/Documents/data-engineering-practice/ETL_Airflow_DBT/airflow/airflow_env/lib/python3.11/site-packages/airflow/example_dags/example_sensors.py
[2026-04-01T06:24:03.978+0530] {processor.py:840} INFO - DAG(s) 'example_sensors' retrieved from /Users/aswin/Documents/data-engineering-practice/ETL_Airflow_DBT/airflow/airflow_env/lib/python3.11/site-packages/airflow/example_dags/example_sensors.py
[2026-04-01T06:24:04.033+0530] {logging_mixin.py:188} INFO - [2026-04-01T06:24:04.033+0530] {dag.py:3096} INFO - Sync 1 DAGs
[2026-04-01T06:24:04.039+0530] {logging_mixin.py:188} INFO - [2026-04-01T06:24:04.039+0530] {dag.py:3954} INFO - Setting next_dagrun for example_sensors to None, run_after=None
[2026-04-01T06:24:04.048+0530] {processor.py:183} INFO - Processing /Users/aswin/Documents/data-engineering-practice/ETL_Airflow_DBT/airflow/airflow_env/lib/python3.11/site-packages/airflow/example_dags/example_sensors.py took 0.080 seconds
[2026-04-01T06:24:34.931+0530] {processor.py:161} INFO - Started process (PID=79057) to work on /Users/aswin/Documents/data-engineering-practice/ETL_Airflow_DBT/airflow/airflow_env/lib/python3.11/site-packages/airflow/example_dags/example_sensors.py
[2026-04-01T06:24:34.931+0530] {processor.py:830} INFO - Processing file /Users/aswin/Documents/data-engineering-practice/ETL_Airflow_DBT/airflow/airflow_env/lib/python3.11/site-packages/airflow/example_dags/example_sensors.py for tasks to queue
[2026-04-01T06:24:34.931+0530] {logging_mixin.py:188} INFO - [2026-04-01T06:24:34.931+0530] {dagbag.py:540} INFO - Filling up the DagBag from /Users/aswin/Documents/data-engineering-practice/ETL_Airflow_DBT/airflow/airflow_env/lib/python3.11/site-packages/airflow/example_dags/example_sensors.py
[2026-04-01T06:24:34.938+0530] {processor.py:840} INFO - DAG(s) 'example_sensors' retrieved from /Users/aswin/Documents/data-engineering-practice/ETL_Airflow_DBT/airflow/airflow_env/lib/python3.11/site-packages/airflow/example_dags/example_sensors.py
[2026-04-01T06:24:34.996+0530] {logging_mixin.py:188} INFO - [2026-04-01T06:24:34.996+0530] {dag.py:3096} INFO - Sync 1 DAGs
[2026-04-01T06:24:35.001+0530] {logging_mixin.py:188} INFO - [2026-04-01T06:24:35.001+0530] {dag.py:3954} INFO - Setting next_dagrun for example_sensors to None, run_after=None
[2026-04-01T06:24:35.016+0530] {processor.py:183} INFO - Processing /Users/aswin/Documents/data-engineering-practice/ETL_Airflow_DBT/airflow/airflow_env/lib/python3.11/site-packages/airflow/example_dags/example_sensors.py took 0.087 seconds
[2026-04-01T06:25:06.112+0530] {processor.py:161} INFO - Started process (PID=79171) to work on /Users/aswin/Documents/data-engineering-practice/ETL_Airflow_DBT/airflow/airflow_env/lib/python3.11/site-packages/airflow/example_dags/example_sensors.py
[2026-04-01T06:25:06.112+0530] {processor.py:830} INFO - Processing file /Users/aswin/Documents/data-engineering-practice/ETL_Airflow_DBT/airflow/airflow_env/lib/python3.11/site-packages/airflow/example_dags/example_sensors.py for tasks to queue
[2026-04-01T06:25:06.112+0530] {logging_mixin.py:188} INFO - [2026-04-01T06:25:06.112+0530] {dagbag.py:540} INFO - Filling up the DagBag from /Users/aswin/Documents/data-engineering-practice/ETL_Airflow_DBT/airflow/airflow_env/lib/python3.11/site-packages/airflow/example_dags/example_sensors.py
[2026-04-01T06:25:06.119+0530] {processor.py:840} INFO - DAG(s) 'example_sensors' retrieved from /Users/aswin/Documents/data-engineering-practice/ETL_Airflow_DBT/airflow/airflow_env/lib/python3.11/site-packages/airflow/example_dags/example_sensors.py
[2026-04-01T06:25:06.179+0530] {logging_mixin.py:188} INFO - [2026-04-01T06:25:06.179+0530] {dag.py:3096} INFO - Sync 1 DAGs
[2026-04-01T06:25:06.185+0530] {logging_mixin.py:188} INFO - [2026-04-01T06:25:06.185+0530] {dag.py:3954} INFO - Setting next_dagrun for example_sensors to None, run_after=None
[2026-04-01T06:25:06.195+0530] {processor.py:183} INFO - Processing /Users/aswin/Documents/data-engineering-practice/ETL_Airflow_DBT/airflow/airflow_env/lib/python3.11/site-packages/airflow/example_dags/example_sensors.py took 0.084 seconds
[2026-04-01T06:25:37.123+0530] {processor.py:161} INFO - Started process (PID=79283) to work on /Users/aswin/Documents/data-engineering-practice/ETL_Airflow_DBT/airflow/airflow_env/lib/python3.11/site-packages/airflow/example_dags/example_sensors.py
[2026-04-01T06:25:37.124+0530] {processor.py:830} INFO - Processing file /Users/aswin/Documents/data-engineering-practice/ETL_Airflow_DBT/airflow/airflow_env/lib/python3.11/site-packages/airflow/example_dags/example_sensors.py for tasks to queue
[2026-04-01T06:25:37.124+0530] {logging_mixin.py:188} INFO - [2026-04-01T06:25:37.124+0530] {dagbag.py:540} INFO - Filling up the DagBag from /Users/aswin/Documents/data-engineering-practice/ETL_Airflow_DBT/airflow/airflow_env/lib/python3.11/site-packages/airflow/example_dags/example_sensors.py
[2026-04-01T06:25:37.131+0530] {processor.py:840} INFO - DAG(s) 'example_sensors' retrieved from /Users/aswin/Documents/data-engineering-practice/ETL_Airflow_DBT/airflow/airflow_env/lib/python3.11/site-packages/airflow/example_dags/example_sensors.py
[2026-04-01T06:25:37.187+0530] {logging_mixin.py:188} INFO - [2026-04-01T06:25:37.187+0530] {dag.py:3096} INFO - Sync 1 DAGs
[2026-04-01T06:25:37.193+0530] {logging_mixin.py:188} INFO - [2026-04-01T06:25:37.193+0530] {dag.py:3954} INFO - Setting next_dagrun for example_sensors to None, run_after=None
[2026-04-01T06:25:37.202+0530] {processor.py:183} INFO - Processing /Users/aswin/Documents/data-engineering-practice/ETL_Airflow_DBT/airflow/airflow_env/lib/python3.11/site-packages/airflow/example_dags/example_sensors.py took 0.080 seconds
[2026-04-01T06:26:09.213+0530] {processor.py:161} INFO - Started process (PID=79399) to work on /Users/aswin/Documents/data-engineering-practice/ETL_Airflow_DBT/airflow/airflow_env/lib/python3.11/site-packages/airflow/example_dags/example_sensors.py
[2026-04-01T06:26:09.215+0530] {processor.py:830} INFO - Processing file /Users/aswin/Documents/data-engineering-practice/ETL_Airflow_DBT/airflow/airflow_env/lib/python3.11/site-packages/airflow/example_dags/example_sensors.py for tasks to queue
[2026-04-01T06:26:09.215+0530] {logging_mixin.py:188} INFO - [2026-04-01T06:26:09.215+0530] {dagbag.py:540} INFO - Filling up the DagBag from /Users/aswin/Documents/data-engineering-practice/ETL_Airflow_DBT/airflow/airflow_env/lib/python3.11/site-packages/airflow/example_dags/example_sensors.py
[2026-04-01T06:26:09.223+0530] {processor.py:840} INFO - DAG(s) 'example_sensors' retrieved from /Users/aswin/Documents/data-engineering-practice/ETL_Airflow_DBT/airflow/airflow_env/lib/python3.11/site-packages/airflow/example_dags/example_sensors.py
[2026-04-01T06:26:09.286+0530] {logging_mixin.py:188} INFO - [2026-04-01T06:26:09.286+0530] {dag.py:3096} INFO - Sync 1 DAGs
[2026-04-01T06:26:09.294+0530] {logging_mixin.py:188} INFO - [2026-04-01T06:26:09.294+0530] {dag.py:3954} INFO - Setting next_dagrun for example_sensors to None, run_after=None
[2026-04-01T06:26:09.306+0530] {processor.py:183} INFO - Processing /Users/aswin/Documents/data-engineering-practice/ETL_Airflow_DBT/airflow/airflow_env/lib/python3.11/site-packages/airflow/example_dags/example_sensors.py took 0.094 seconds
[2026-04-01T06:26:40.530+0530] {processor.py:161} INFO - Started process (PID=79513) to work on /Users/aswin/Documents/data-engineering-practice/ETL_Airflow_DBT/airflow/airflow_env/lib/python3.11/site-packages/airflow/example_dags/example_sensors.py
[2026-04-01T06:26:40.532+0530] {processor.py:830} INFO - Processing file /Users/aswin/Documents/data-engineering-practice/ETL_Airflow_DBT/airflow/airflow_env/lib/python3.11/site-packages/airflow/example_dags/example_sensors.py for tasks to queue
[2026-04-01T06:26:40.532+0530] {logging_mixin.py:188} INFO - [2026-04-01T06:26:40.532+0530] {dagbag.py:540} INFO - Filling up the DagBag from /Users/aswin/Documents/data-engineering-practice/ETL_Airflow_DBT/airflow/airflow_env/lib/python3.11/site-packages/airflow/example_dags/example_sensors.py
[2026-04-01T06:26:40.539+0530] {processor.py:840} INFO - DAG(s) 'example_sensors' retrieved from /Users/aswin/Documents/data-engineering-practice/ETL_Airflow_DBT/airflow/airflow_env/lib/python3.11/site-packages/airflow/example_dags/example_sensors.py
[2026-04-01T06:26:40.596+0530] {logging_mixin.py:188} INFO - [2026-04-01T06:26:40.596+0530] {dag.py:3096} INFO - Sync 1 DAGs
[2026-04-01T06:26:40.602+0530] {logging_mixin.py:188} INFO - [2026-04-01T06:26:40.602+0530] {dag.py:3954} INFO - Setting next_dagrun for example_sensors to None, run_after=None
[2026-04-01T06:26:40.611+0530] {processor.py:183} INFO - Processing /Users/aswin/Documents/data-engineering-practice/ETL_Airflow_DBT/airflow/airflow_env/lib/python3.11/site-packages/airflow/example_dags/example_sensors.py took 0.082 seconds
[2026-04-01T06:27:11.376+0530] {processor.py:161} INFO - Started process (PID=79624) to work on /Users/aswin/Documents/data-engineering-practice/ETL_Airflow_DBT/airflow/airflow_env/lib/python3.11/site-packages/airflow/example_dags/example_sensors.py
[2026-04-01T06:27:11.377+0530] {processor.py:830} INFO - Processing file /Users/aswin/Documents/data-engineering-practice/ETL_Airflow_DBT/airflow/airflow_env/lib/python3.11/site-packages/airflow/example_dags/example_sensors.py for tasks to queue
[2026-04-01T06:27:11.377+0530] {logging_mixin.py:188} INFO - [2026-04-01T06:27:11.377+0530] {dagbag.py:540} INFO - Filling up the DagBag from /Users/aswin/Documents/data-engineering-practice/ETL_Airflow_DBT/airflow/airflow_env/lib/python3.11/site-packages/airflow/example_dags/example_sensors.py
[2026-04-01T06:27:11.384+0530] {processor.py:840} INFO - DAG(s) 'example_sensors' retrieved from /Users/aswin/Documents/data-engineering-practice/ETL_Airflow_DBT/airflow/airflow_env/lib/python3.11/site-packages/airflow/example_dags/example_sensors.py
[2026-04-01T06:27:11.443+0530] {logging_mixin.py:188} INFO - [2026-04-01T06:27:11.443+0530] {dag.py:3096} INFO - Sync 1 DAGs
[2026-04-01T06:27:11.449+0530] {logging_mixin.py:188} INFO - [2026-04-01T06:27:11.449+0530] {dag.py:3954} INFO - Setting next_dagrun for example_sensors to None, run_after=None
[2026-04-01T06:27:11.459+0530] {processor.py:183} INFO - Processing /Users/aswin/Documents/data-engineering-practice/ETL_Airflow_DBT/airflow/airflow_env/lib/python3.11/site-packages/airflow/example_dags/example_sensors.py took 0.083 seconds
[2026-04-01T06:27:42.602+0530] {processor.py:161} INFO - Started process (PID=79739) to work on /Users/aswin/Documents/data-engineering-practice/ETL_Airflow_DBT/airflow/airflow_env/lib/python3.11/site-packages/airflow/example_dags/example_sensors.py
[2026-04-01T06:27:42.603+0530] {processor.py:830} INFO - Processing file /Users/aswin/Documents/data-engineering-practice/ETL_Airflow_DBT/airflow/airflow_env/lib/python3.11/site-packages/airflow/example_dags/example_sensors.py for tasks to queue
[2026-04-01T06:27:42.603+0530] {logging_mixin.py:188} INFO - [2026-04-01T06:27:42.603+0530] {dagbag.py:540} INFO - Filling up the DagBag from /Users/aswin/Documents/data-engineering-practice/ETL_Airflow_DBT/airflow/airflow_env/lib/python3.11/site-packages/airflow/example_dags/example_sensors.py
[2026-04-01T06:27:42.610+0530] {processor.py:840} INFO - DAG(s) 'example_sensors' retrieved from /Users/aswin/Documents/data-engineering-practice/ETL_Airflow_DBT/airflow/airflow_env/lib/python3.11/site-packages/airflow/example_dags/example_sensors.py
[2026-04-01T06:27:42.666+0530] {logging_mixin.py:188} INFO - [2026-04-01T06:27:42.666+0530] {dag.py:3096} INFO - Sync 1 DAGs
[2026-04-01T06:27:42.671+0530] {logging_mixin.py:188} INFO - [2026-04-01T06:27:42.671+0530] {dag.py:3954} INFO - Setting next_dagrun for example_sensors to None, run_after=None
[2026-04-01T06:27:42.680+0530] {processor.py:183} INFO - Processing /Users/aswin/Documents/data-engineering-practice/ETL_Airflow_DBT/airflow/airflow_env/lib/python3.11/site-packages/airflow/example_dags/example_sensors.py took 0.079 seconds
[2026-04-01T07:35:32.341+0530] {processor.py:161} INFO - Started process (PID=80517) to work on /Users/aswin/Documents/data-engineering-practice/ETL_Airflow_DBT/airflow/airflow_env/lib/python3.11/site-packages/airflow/example_dags/example_sensors.py
[2026-04-01T07:35:32.342+0530] {processor.py:830} INFO - Processing file /Users/aswin/Documents/data-engineering-practice/ETL_Airflow_DBT/airflow/airflow_env/lib/python3.11/site-packages/airflow/example_dags/example_sensors.py for tasks to queue
[2026-04-01T07:35:32.342+0530] {logging_mixin.py:188} INFO - [2026-04-01T07:35:32.342+0530] {dagbag.py:540} INFO - Filling up the DagBag from /Users/aswin/Documents/data-engineering-practice/ETL_Airflow_DBT/airflow/airflow_env/lib/python3.11/site-packages/airflow/example_dags/example_sensors.py
[2026-04-01T07:35:32.348+0530] {processor.py:840} INFO - DAG(s) 'example_sensors' retrieved from /Users/aswin/Documents/data-engineering-practice/ETL_Airflow_DBT/airflow/airflow_env/lib/python3.11/site-packages/airflow/example_dags/example_sensors.py
[2026-04-01T07:35:32.404+0530] {logging_mixin.py:188} INFO - [2026-04-01T07:35:32.404+0530] {dag.py:3096} INFO - Sync 1 DAGs
[2026-04-01T07:35:32.409+0530] {logging_mixin.py:188} INFO - [2026-04-01T07:35:32.409+0530] {dag.py:3954} INFO - Setting next_dagrun for example_sensors to None, run_after=None
[2026-04-01T07:35:32.417+0530] {processor.py:183} INFO - Processing /Users/aswin/Documents/data-engineering-practice/ETL_Airflow_DBT/airflow/airflow_env/lib/python3.11/site-packages/airflow/example_dags/example_sensors.py took 0.078 seconds
[2026-04-01T07:36:03.407+0530] {processor.py:161} INFO - Started process (PID=80670) to work on /Users/aswin/Documents/data-engineering-practice/ETL_Airflow_DBT/airflow/airflow_env/lib/python3.11/site-packages/airflow/example_dags/example_sensors.py
[2026-04-01T07:36:03.409+0530] {processor.py:830} INFO - Processing file /Users/aswin/Documents/data-engineering-practice/ETL_Airflow_DBT/airflow/airflow_env/lib/python3.11/site-packages/airflow/example_dags/example_sensors.py for tasks to queue
[2026-04-01T07:36:03.409+0530] {logging_mixin.py:188} INFO - [2026-04-01T07:36:03.409+0530] {dagbag.py:540} INFO - Filling up the DagBag from /Users/aswin/Documents/data-engineering-practice/ETL_Airflow_DBT/airflow/airflow_env/lib/python3.11/site-packages/airflow/example_dags/example_sensors.py
[2026-04-01T07:36:03.415+0530] {processor.py:840} INFO - DAG(s) 'example_sensors' retrieved from /Users/aswin/Documents/data-engineering-practice/ETL_Airflow_DBT/airflow/airflow_env/lib/python3.11/site-packages/airflow/example_dags/example_sensors.py
[2026-04-01T07:36:03.473+0530] {logging_mixin.py:188} INFO - [2026-04-01T07:36:03.473+0530] {dag.py:3096} INFO - Sync 1 DAGs
[2026-04-01T07:36:03.479+0530] {logging_mixin.py:188} INFO - [2026-04-01T07:36:03.479+0530] {dag.py:3954} INFO - Setting next_dagrun for example_sensors to None, run_after=None
[2026-04-01T07:36:03.489+0530] {processor.py:183} INFO - Processing /Users/aswin/Documents/data-engineering-practice/ETL_Airflow_DBT/airflow/airflow_env/lib/python3.11/site-packages/airflow/example_dags/example_sensors.py took 0.083 seconds
[2026-04-01T07:36:34.469+0530] {processor.py:161} INFO - Started process (PID=80806) to work on /Users/aswin/Documents/data-engineering-practice/ETL_Airflow_DBT/airflow/airflow_env/lib/python3.11/site-packages/airflow/example_dags/example_sensors.py
[2026-04-01T07:36:34.470+0530] {processor.py:830} INFO - Processing file /Users/aswin/Documents/data-engineering-practice/ETL_Airflow_DBT/airflow/airflow_env/lib/python3.11/site-packages/airflow/example_dags/example_sensors.py for tasks to queue
[2026-04-01T07:36:34.470+0530] {logging_mixin.py:188} INFO - [2026-04-01T07:36:34.470+0530] {dagbag.py:540} INFO - Filling up the DagBag from /Users/aswin/Documents/data-engineering-practice/ETL_Airflow_DBT/airflow/airflow_env/lib/python3.11/site-packages/airflow/example_dags/example_sensors.py
[2026-04-01T07:36:34.478+0530] {processor.py:840} INFO - DAG(s) 'example_sensors' retrieved from /Users/aswin/Documents/data-engineering-practice/ETL_Airflow_DBT/airflow/airflow_env/lib/python3.11/site-packages/airflow/example_dags/example_sensors.py
[2026-04-01T07:36:34.535+0530] {logging_mixin.py:188} INFO - [2026-04-01T07:36:34.535+0530] {dag.py:3096} INFO - Sync 1 DAGs
[2026-04-01T07:36:34.541+0530] {logging_mixin.py:188} INFO - [2026-04-01T07:36:34.540+0530] {dag.py:3954} INFO - Setting next_dagrun for example_sensors to None, run_after=None
[2026-04-01T07:36:34.549+0530] {processor.py:183} INFO - Processing /Users/aswin/Documents/data-engineering-practice/ETL_Airflow_DBT/airflow/airflow_env/lib/python3.11/site-packages/airflow/example_dags/example_sensors.py took 0.081 seconds
[2026-04-01T07:37:05.575+0530] {processor.py:161} INFO - Started process (PID=80931) to work on /Users/aswin/Documents/data-engineering-practice/ETL_Airflow_DBT/airflow/airflow_env/lib/python3.11/site-packages/airflow/example_dags/example_sensors.py
[2026-04-01T07:37:05.577+0530] {processor.py:830} INFO - Processing file /Users/aswin/Documents/data-engineering-practice/ETL_Airflow_DBT/airflow/airflow_env/lib/python3.11/site-packages/airflow/example_dags/example_sensors.py for tasks to queue
[2026-04-01T07:37:05.577+0530] {logging_mixin.py:188} INFO - [2026-04-01T07:37:05.577+0530] {dagbag.py:540} INFO - Filling up the DagBag from /Users/aswin/Documents/data-engineering-practice/ETL_Airflow_DBT/airflow/airflow_env/lib/python3.11/site-packages/airflow/example_dags/example_sensors.py
[2026-04-01T07:37:05.584+0530] {processor.py:840} INFO - DAG(s) 'example_sensors' retrieved from /Users/aswin/Documents/data-engineering-practice/ETL_Airflow_DBT/airflow/airflow_env/lib/python3.11/site-packages/airflow/example_dags/example_sensors.py
[2026-04-01T07:37:05.643+0530] {logging_mixin.py:188} INFO - [2026-04-01T07:37:05.643+0530] {dag.py:3096} INFO - Sync 1 DAGs
[2026-04-01T07:37:05.649+0530] {logging_mixin.py:188} INFO - [2026-04-01T07:37:05.649+0530] {dag.py:3954} INFO - Setting next_dagrun for example_sensors to None, run_after=None
[2026-04-01T07:37:05.657+0530] {processor.py:183} INFO - Processing /Users/aswin/Documents/data-engineering-practice/ETL_Airflow_DBT/airflow/airflow_env/lib/python3.11/site-packages/airflow/example_dags/example_sensors.py took 0.083 seconds
[2026-04-01T07:37:36.602+0530] {processor.py:161} INFO - Started process (PID=81058) to work on /Users/aswin/Documents/data-engineering-practice/ETL_Airflow_DBT/airflow/airflow_env/lib/python3.11/site-packages/airflow/example_dags/example_sensors.py
[2026-04-01T07:37:36.603+0530] {processor.py:830} INFO - Processing file /Users/aswin/Documents/data-engineering-practice/ETL_Airflow_DBT/airflow/airflow_env/lib/python3.11/site-packages/airflow/example_dags/example_sensors.py for tasks to queue
[2026-04-01T07:37:36.604+0530] {logging_mixin.py:188} INFO - [2026-04-01T07:37:36.604+0530] {dagbag.py:540} INFO - Filling up the DagBag from /Users/aswin/Documents/data-engineering-practice/ETL_Airflow_DBT/airflow/airflow_env/lib/python3.11/site-packages/airflow/example_dags/example_sensors.py
[2026-04-01T07:37:36.611+0530] {processor.py:840} INFO - DAG(s) 'example_sensors' retrieved from /Users/aswin/Documents/data-engineering-practice/ETL_Airflow_DBT/airflow/airflow_env/lib/python3.11/site-packages/airflow/example_dags/example_sensors.py
[2026-04-01T07:37:36.667+0530] {logging_mixin.py:188} INFO - [2026-04-01T07:37:36.667+0530] {dag.py:3096} INFO - Sync 1 DAGs
[2026-04-01T07:37:36.673+0530] {logging_mixin.py:188} INFO - [2026-04-01T07:37:36.673+0530] {dag.py:3954} INFO - Setting next_dagrun for example_sensors to None, run_after=None
[2026-04-01T07:37:36.682+0530] {processor.py:183} INFO - Processing /Users/aswin/Documents/data-engineering-practice/ETL_Airflow_DBT/airflow/airflow_env/lib/python3.11/site-packages/airflow/example_dags/example_sensors.py took 0.081 seconds
[2026-04-01T07:38:07.922+0530] {processor.py:161} INFO - Started process (PID=81185) to work on /Users/aswin/Documents/data-engineering-practice/ETL_Airflow_DBT/airflow/airflow_env/lib/python3.11/site-packages/airflow/example_dags/example_sensors.py
[2026-04-01T07:38:07.923+0530] {processor.py:830} INFO - Processing file /Users/aswin/Documents/data-engineering-practice/ETL_Airflow_DBT/airflow/airflow_env/lib/python3.11/site-packages/airflow/example_dags/example_sensors.py for tasks to queue
[2026-04-01T07:38:07.923+0530] {logging_mixin.py:188} INFO - [2026-04-01T07:38:07.923+0530] {dagbag.py:540} INFO - Filling up the DagBag from /Users/aswin/Documents/data-engineering-practice/ETL_Airflow_DBT/airflow/airflow_env/lib/python3.11/site-packages/airflow/example_dags/example_sensors.py
[2026-04-01T07:38:07.930+0530] {processor.py:840} INFO - DAG(s) 'example_sensors' retrieved from /Users/aswin/Documents/data-engineering-practice/ETL_Airflow_DBT/airflow/airflow_env/lib/python3.11/site-packages/airflow/example_dags/example_sensors.py
[2026-04-01T07:38:07.987+0530] {logging_mixin.py:188} INFO - [2026-04-01T07:38:07.987+0530] {dag.py:3096} INFO - Sync 1 DAGs
[2026-04-01T07:38:07.993+0530] {logging_mixin.py:188} INFO - [2026-04-01T07:38:07.993+0530] {dag.py:3954} INFO - Setting next_dagrun for example_sensors to None, run_after=None
[2026-04-01T07:38:08.001+0530] {processor.py:183} INFO - Processing /Users/aswin/Documents/data-engineering-practice/ETL_Airflow_DBT/airflow/airflow_env/lib/python3.11/site-packages/airflow/example_dags/example_sensors.py took 0.080 seconds
[2026-04-01T07:38:38.914+0530] {processor.py:161} INFO - Started process (PID=81309) to work on /Users/aswin/Documents/data-engineering-practice/ETL_Airflow_DBT/airflow/airflow_env/lib/python3.11/site-packages/airflow/example_dags/example_sensors.py
[2026-04-01T07:38:38.915+0530] {processor.py:830} INFO - Processing file /Users/aswin/Documents/data-engineering-practice/ETL_Airflow_DBT/airflow/airflow_env/lib/python3.11/site-packages/airflow/example_dags/example_sensors.py for tasks to queue
[2026-04-01T07:38:38.915+0530] {logging_mixin.py:188} INFO - [2026-04-01T07:38:38.915+0530] {dagbag.py:540} INFO - Filling up the DagBag from /Users/aswin/Documents/data-engineering-practice/ETL_Airflow_DBT/airflow/airflow_env/lib/python3.11/site-packages/airflow/example_dags/example_sensors.py
[2026-04-01T07:38:38.922+0530] {processor.py:840} INFO - DAG(s) 'example_sensors' retrieved from /Users/aswin/Documents/data-engineering-practice/ETL_Airflow_DBT/airflow/airflow_env/lib/python3.11/site-packages/airflow/example_dags/example_sensors.py
[2026-04-01T07:38:38.979+0530] {logging_mixin.py:188} INFO - [2026-04-01T07:38:38.979+0530] {dag.py:3096} INFO - Sync 1 DAGs
[2026-04-01T07:38:38.985+0530] {logging_mixin.py:188} INFO - [2026-04-01T07:38:38.985+0530] {dag.py:3954} INFO - Setting next_dagrun for example_sensors to None, run_after=None
[2026-04-01T07:38:38.994+0530] {processor.py:183} INFO - Processing /Users/aswin/Documents/data-engineering-practice/ETL_Airflow_DBT/airflow/airflow_env/lib/python3.11/site-packages/airflow/example_dags/example_sensors.py took 0.082 seconds
[2026-04-01T07:39:10.206+0530] {processor.py:161} INFO - Started process (PID=81436) to work on /Users/aswin/Documents/data-engineering-practice/ETL_Airflow_DBT/airflow/airflow_env/lib/python3.11/site-packages/airflow/example_dags/example_sensors.py
[2026-04-01T07:39:10.206+0530] {processor.py:830} INFO - Processing file /Users/aswin/Documents/data-engineering-practice/ETL_Airflow_DBT/airflow/airflow_env/lib/python3.11/site-packages/airflow/example_dags/example_sensors.py for tasks to queue
[2026-04-01T07:39:10.206+0530] {logging_mixin.py:188} INFO - [2026-04-01T07:39:10.206+0530] {dagbag.py:540} INFO - Filling up the DagBag from /Users/aswin/Documents/data-engineering-practice/ETL_Airflow_DBT/airflow/airflow_env/lib/python3.11/site-packages/airflow/example_dags/example_sensors.py
[2026-04-01T07:39:10.213+0530] {processor.py:840} INFO - DAG(s) 'example_sensors' retrieved from /Users/aswin/Documents/data-engineering-practice/ETL_Airflow_DBT/airflow/airflow_env/lib/python3.11/site-packages/airflow/example_dags/example_sensors.py
[2026-04-01T07:39:10.273+0530] {logging_mixin.py:188} INFO - [2026-04-01T07:39:10.273+0530] {dag.py:3096} INFO - Sync 1 DAGs
[2026-04-01T07:39:10.279+0530] {logging_mixin.py:188} INFO - [2026-04-01T07:39:10.279+0530] {dag.py:3954} INFO - Setting next_dagrun for example_sensors to None, run_after=None
[2026-04-01T07:39:10.288+0530] {processor.py:183} INFO - Processing /Users/aswin/Documents/data-engineering-practice/ETL_Airflow_DBT/airflow/airflow_env/lib/python3.11/site-packages/airflow/example_dags/example_sensors.py took 0.083 seconds
[2026-04-01T07:39:41.482+0530] {processor.py:161} INFO - Started process (PID=81560) to work on /Users/aswin/Documents/data-engineering-practice/ETL_Airflow_DBT/airflow/airflow_env/lib/python3.11/site-packages/airflow/example_dags/example_sensors.py
[2026-04-01T07:39:41.483+0530] {processor.py:830} INFO - Processing file /Users/aswin/Documents/data-engineering-practice/ETL_Airflow_DBT/airflow/airflow_env/lib/python3.11/site-packages/airflow/example_dags/example_sensors.py for tasks to queue
[2026-04-01T07:39:41.483+0530] {logging_mixin.py:188} INFO - [2026-04-01T07:39:41.483+0530] {dagbag.py:540} INFO - Filling up the DagBag from /Users/aswin/Documents/data-engineering-practice/ETL_Airflow_DBT/airflow/airflow_env/lib/python3.11/site-packages/airflow/example_dags/example_sensors.py
[2026-04-01T07:39:41.490+0530] {processor.py:840} INFO - DAG(s) 'example_sensors' retrieved from /Users/aswin/Documents/data-engineering-practice/ETL_Airflow_DBT/airflow/airflow_env/lib/python3.11/site-packages/airflow/example_dags/example_sensors.py
[2026-04-01T07:39:41.547+0530] {logging_mixin.py:188} INFO - [2026-04-01T07:39:41.547+0530] {dag.py:3096} INFO - Sync 1 DAGs
[2026-04-01T07:39:41.553+0530] {logging_mixin.py:188} INFO - [2026-04-01T07:39:41.553+0530] {dag.py:3954} INFO - Setting next_dagrun for example_sensors to None, run_after=None
[2026-04-01T07:39:41.562+0530] {processor.py:183} INFO - Processing /Users/aswin/Documents/data-engineering-practice/ETL_Airflow_DBT/airflow/airflow_env/lib/python3.11/site-packages/airflow/example_dags/example_sensors.py took 0.081 seconds
[2026-04-01T07:40:12.686+0530] {processor.py:161} INFO - Started process (PID=81686) to work on /Users/aswin/Documents/data-engineering-practice/ETL_Airflow_DBT/airflow/airflow_env/lib/python3.11/site-packages/airflow/example_dags/example_sensors.py
[2026-04-01T07:40:12.687+0530] {processor.py:830} INFO - Processing file /Users/aswin/Documents/data-engineering-practice/ETL_Airflow_DBT/airflow/airflow_env/lib/python3.11/site-packages/airflow/example_dags/example_sensors.py for tasks to queue
[2026-04-01T07:40:12.687+0530] {logging_mixin.py:188} INFO - [2026-04-01T07:40:12.687+0530] {dagbag.py:540} INFO - Filling up the DagBag from /Users/aswin/Documents/data-engineering-practice/ETL_Airflow_DBT/airflow/airflow_env/lib/python3.11/site-packages/airflow/example_dags/example_sensors.py
[2026-04-01T07:40:12.694+0530] {processor.py:840} INFO - DAG(s) 'example_sensors' retrieved from /Users/aswin/Documents/data-engineering-practice/ETL_Airflow_DBT/airflow/airflow_env/lib/python3.11/site-packages/airflow/example_dags/example_sensors.py
[2026-04-01T07:40:12.752+0530] {logging_mixin.py:188} INFO - [2026-04-01T07:40:12.751+0530] {dag.py:3096} INFO - Sync 1 DAGs
[2026-04-01T07:40:12.757+0530] {logging_mixin.py:188} INFO - [2026-04-01T07:40:12.757+0530] {dag.py:3954} INFO - Setting next_dagrun for example_sensors to None, run_after=None
[2026-04-01T07:40:12.765+0530] {processor.py:183} INFO - Processing /Users/aswin/Documents/data-engineering-practice/ETL_Airflow_DBT/airflow/airflow_env/lib/python3.11/site-packages/airflow/example_dags/example_sensors.py took 0.080 seconds
[2026-04-01T07:40:43.904+0530] {processor.py:161} INFO - Started process (PID=81814) to work on /Users/aswin/Documents/data-engineering-practice/ETL_Airflow_DBT/airflow/airflow_env/lib/python3.11/site-packages/airflow/example_dags/example_sensors.py
[2026-04-01T07:40:43.905+0530] {processor.py:830} INFO - Processing file /Users/aswin/Documents/data-engineering-practice/ETL_Airflow_DBT/airflow/airflow_env/lib/python3.11/site-packages/airflow/example_dags/example_sensors.py for tasks to queue
[2026-04-01T07:40:43.905+0530] {logging_mixin.py:188} INFO - [2026-04-01T07:40:43.905+0530] {dagbag.py:540} INFO - Filling up the DagBag from /Users/aswin/Documents/data-engineering-practice/ETL_Airflow_DBT/airflow/airflow_env/lib/python3.11/site-packages/airflow/example_dags/example_sensors.py
[2026-04-01T07:40:43.912+0530] {processor.py:840} INFO - DAG(s) 'example_sensors' retrieved from /Users/aswin/Documents/data-engineering-practice/ETL_Airflow_DBT/airflow/airflow_env/lib/python3.11/site-packages/airflow/example_dags/example_sensors.py
[2026-04-01T07:40:43.971+0530] {logging_mixin.py:188} INFO - [2026-04-01T07:40:43.971+0530] {dag.py:3096} INFO - Sync 1 DAGs
[2026-04-01T07:40:43.977+0530] {logging_mixin.py:188} INFO - [2026-04-01T07:40:43.977+0530] {dag.py:3954} INFO - Setting next_dagrun for example_sensors to None, run_after=None
[2026-04-01T07:40:43.985+0530] {processor.py:183} INFO - Processing /Users/aswin/Documents/data-engineering-practice/ETL_Airflow_DBT/airflow/airflow_env/lib/python3.11/site-packages/airflow/example_dags/example_sensors.py took 0.082 seconds
[2026-04-01T07:41:15.087+0530] {processor.py:161} INFO - Started process (PID=81939) to work on /Users/aswin/Documents/data-engineering-practice/ETL_Airflow_DBT/airflow/airflow_env/lib/python3.11/site-packages/airflow/example_dags/example_sensors.py
[2026-04-01T07:41:15.088+0530] {processor.py:830} INFO - Processing file /Users/aswin/Documents/data-engineering-practice/ETL_Airflow_DBT/airflow/airflow_env/lib/python3.11/site-packages/airflow/example_dags/example_sensors.py for tasks to queue
[2026-04-01T07:41:15.088+0530] {logging_mixin.py:188} INFO - [2026-04-01T07:41:15.088+0530] {dagbag.py:540} INFO - Filling up the DagBag from /Users/aswin/Documents/data-engineering-practice/ETL_Airflow_DBT/airflow/airflow_env/lib/python3.11/site-packages/airflow/example_dags/example_sensors.py
[2026-04-01T07:41:15.095+0530] {processor.py:840} INFO - DAG(s) 'example_sensors' retrieved from /Users/aswin/Documents/data-engineering-practice/ETL_Airflow_DBT/airflow/airflow_env/lib/python3.11/site-packages/airflow/example_dags/example_sensors.py
[2026-04-01T07:41:15.153+0530] {logging_mixin.py:188} INFO - [2026-04-01T07:41:15.153+0530] {dag.py:3096} INFO - Sync 1 DAGs
[2026-04-01T07:41:15.158+0530] {logging_mixin.py:188} INFO - [2026-04-01T07:41:15.158+0530] {dag.py:3954} INFO - Setting next_dagrun for example_sensors to None, run_after=None
[2026-04-01T07:41:15.167+0530] {processor.py:183} INFO - Processing /Users/aswin/Documents/data-engineering-practice/ETL_Airflow_DBT/airflow/airflow_env/lib/python3.11/site-packages/airflow/example_dags/example_sensors.py took 0.081 seconds
[2026-04-01T07:41:46.209+0530] {processor.py:161} INFO - Started process (PID=82063) to work on /Users/aswin/Documents/data-engineering-practice/ETL_Airflow_DBT/airflow/airflow_env/lib/python3.11/site-packages/airflow/example_dags/example_sensors.py
[2026-04-01T07:41:46.210+0530] {processor.py:830} INFO - Processing file /Users/aswin/Documents/data-engineering-practice/ETL_Airflow_DBT/airflow/airflow_env/lib/python3.11/site-packages/airflow/example_dags/example_sensors.py for tasks to queue
[2026-04-01T07:41:46.211+0530] {logging_mixin.py:188} INFO - [2026-04-01T07:41:46.211+0530] {dagbag.py:540} INFO - Filling up the DagBag from /Users/aswin/Documents/data-engineering-practice/ETL_Airflow_DBT/airflow/airflow_env/lib/python3.11/site-packages/airflow/example_dags/example_sensors.py
[2026-04-01T07:41:46.218+0530] {processor.py:840} INFO - DAG(s) 'example_sensors' retrieved from /Users/aswin/Documents/data-engineering-practice/ETL_Airflow_DBT/airflow/airflow_env/lib/python3.11/site-packages/airflow/example_dags/example_sensors.py
[2026-04-01T07:41:46.276+0530] {logging_mixin.py:188} INFO - [2026-04-01T07:41:46.275+0530] {dag.py:3096} INFO - Sync 1 DAGs
[2026-04-01T07:41:46.282+0530] {logging_mixin.py:188} INFO - [2026-04-01T07:41:46.282+0530] {dag.py:3954} INFO - Setting next_dagrun for example_sensors to None, run_after=None
[2026-04-01T07:41:46.289+0530] {processor.py:183} INFO - Processing /Users/aswin/Documents/data-engineering-practice/ETL_Airflow_DBT/airflow/airflow_env/lib/python3.11/site-packages/airflow/example_dags/example_sensors.py took 0.081 seconds
[2026-04-01T07:42:17.341+0530] {processor.py:161} INFO - Started process (PID=82191) to work on /Users/aswin/Documents/data-engineering-practice/ETL_Airflow_DBT/airflow/airflow_env/lib/python3.11/site-packages/airflow/example_dags/example_sensors.py
[2026-04-01T07:42:17.342+0530] {processor.py:830} INFO - Processing file /Users/aswin/Documents/data-engineering-practice/ETL_Airflow_DBT/airflow/airflow_env/lib/python3.11/site-packages/airflow/example_dags/example_sensors.py for tasks to queue
[2026-04-01T07:42:17.343+0530] {logging_mixin.py:188} INFO - [2026-04-01T07:42:17.343+0530] {dagbag.py:540} INFO - Filling up the DagBag from /Users/aswin/Documents/data-engineering-practice/ETL_Airflow_DBT/airflow/airflow_env/lib/python3.11/site-packages/airflow/example_dags/example_sensors.py
[2026-04-01T07:42:17.350+0530] {processor.py:840} INFO - DAG(s) 'example_sensors' retrieved from /Users/aswin/Documents/data-engineering-practice/ETL_Airflow_DBT/airflow/airflow_env/lib/python3.11/site-packages/airflow/example_dags/example_sensors.py
[2026-04-01T07:42:17.408+0530] {logging_mixin.py:188} INFO - [2026-04-01T07:42:17.408+0530] {dag.py:3096} INFO - Sync 1 DAGs
[2026-04-01T07:42:17.413+0530] {logging_mixin.py:188} INFO - [2026-04-01T07:42:17.412+0530] {dag.py:3954} INFO - Setting next_dagrun for example_sensors to None, run_after=None
[2026-04-01T07:42:17.421+0530] {processor.py:183} INFO - Processing /Users/aswin/Documents/data-engineering-practice/ETL_Airflow_DBT/airflow/airflow_env/lib/python3.11/site-packages/airflow/example_dags/example_sensors.py took 0.080 seconds
[2026-04-01T07:42:48.579+0530] {processor.py:161} INFO - Started process (PID=82360) to work on /Users/aswin/Documents/data-engineering-practice/ETL_Airflow_DBT/airflow/airflow_env/lib/python3.11/site-packages/airflow/example_dags/example_sensors.py
[2026-04-01T07:42:48.580+0530] {processor.py:830} INFO - Processing file /Users/aswin/Documents/data-engineering-practice/ETL_Airflow_DBT/airflow/airflow_env/lib/python3.11/site-packages/airflow/example_dags/example_sensors.py for tasks to queue
[2026-04-01T07:42:48.580+0530] {logging_mixin.py:188} INFO - [2026-04-01T07:42:48.580+0530] {dagbag.py:540} INFO - Filling up the DagBag from /Users/aswin/Documents/data-engineering-practice/ETL_Airflow_DBT/airflow/airflow_env/lib/python3.11/site-packages/airflow/example_dags/example_sensors.py
[2026-04-01T07:42:48.587+0530] {processor.py:840} INFO - DAG(s) 'example_sensors' retrieved from /Users/aswin/Documents/data-engineering-practice/ETL_Airflow_DBT/airflow/airflow_env/lib/python3.11/site-packages/airflow/example_dags/example_sensors.py
[2026-04-01T07:42:48.645+0530] {logging_mixin.py:188} INFO - [2026-04-01T07:42:48.645+0530] {dag.py:3096} INFO - Sync 1 DAGs
[2026-04-01T07:42:48.652+0530] {logging_mixin.py:188} INFO - [2026-04-01T07:42:48.652+0530] {dag.py:3954} INFO - Setting next_dagrun for example_sensors to None, run_after=None
[2026-04-01T07:42:48.662+0530] {processor.py:183} INFO - Processing /Users/aswin/Documents/data-engineering-practice/ETL_Airflow_DBT/airflow/airflow_env/lib/python3.11/site-packages/airflow/example_dags/example_sensors.py took 0.084 seconds
[2026-04-01T07:43:19.853+0530] {processor.py:161} INFO - Started process (PID=82496) to work on /Users/aswin/Documents/data-engineering-practice/ETL_Airflow_DBT/airflow/airflow_env/lib/python3.11/site-packages/airflow/example_dags/example_sensors.py
[2026-04-01T07:43:19.854+0530] {processor.py:830} INFO - Processing file /Users/aswin/Documents/data-engineering-practice/ETL_Airflow_DBT/airflow/airflow_env/lib/python3.11/site-packages/airflow/example_dags/example_sensors.py for tasks to queue
[2026-04-01T07:43:19.854+0530] {logging_mixin.py:188} INFO - [2026-04-01T07:43:19.854+0530] {dagbag.py:540} INFO - Filling up the DagBag from /Users/aswin/Documents/data-engineering-practice/ETL_Airflow_DBT/airflow/airflow_env/lib/python3.11/site-packages/airflow/example_dags/example_sensors.py
[2026-04-01T07:43:19.861+0530] {processor.py:840} INFO - DAG(s) 'example_sensors' retrieved from /Users/aswin/Documents/data-engineering-practice/ETL_Airflow_DBT/airflow/airflow_env/lib/python3.11/site-packages/airflow/example_dags/example_sensors.py
[2026-04-01T07:43:19.920+0530] {logging_mixin.py:188} INFO - [2026-04-01T07:43:19.919+0530] {dag.py:3096} INFO - Sync 1 DAGs
[2026-04-01T07:43:19.927+0530] {logging_mixin.py:188} INFO - [2026-04-01T07:43:19.927+0530] {dag.py:3954} INFO - Setting next_dagrun for example_sensors to None, run_after=None
[2026-04-01T07:43:19.937+0530] {processor.py:183} INFO - Processing /Users/aswin/Documents/data-engineering-practice/ETL_Airflow_DBT/airflow/airflow_env/lib/python3.11/site-packages/airflow/example_dags/example_sensors.py took 0.086 seconds
[2026-04-01T07:43:51.039+0530] {processor.py:161} INFO - Started process (PID=82633) to work on /Users/aswin/Documents/data-engineering-practice/ETL_Airflow_DBT/airflow/airflow_env/lib/python3.11/site-packages/airflow/example_dags/example_sensors.py
[2026-04-01T07:43:51.040+0530] {processor.py:830} INFO - Processing file /Users/aswin/Documents/data-engineering-practice/ETL_Airflow_DBT/airflow/airflow_env/lib/python3.11/site-packages/airflow/example_dags/example_sensors.py for tasks to queue
[2026-04-01T07:43:51.040+0530] {logging_mixin.py:188} INFO - [2026-04-01T07:43:51.040+0530] {dagbag.py:540} INFO - Filling up the DagBag from /Users/aswin/Documents/data-engineering-practice/ETL_Airflow_DBT/airflow/airflow_env/lib/python3.11/site-packages/airflow/example_dags/example_sensors.py
[2026-04-01T07:43:51.047+0530] {processor.py:840} INFO - DAG(s) 'example_sensors' retrieved from /Users/aswin/Documents/data-engineering-practice/ETL_Airflow_DBT/airflow/airflow_env/lib/python3.11/site-packages/airflow/example_dags/example_sensors.py
[2026-04-01T07:43:51.107+0530] {logging_mixin.py:188} INFO - [2026-04-01T07:43:51.106+0530] {dag.py:3096} INFO - Sync 1 DAGs
[2026-04-01T07:43:51.114+0530] {logging_mixin.py:188} INFO - [2026-04-01T07:43:51.114+0530] {dag.py:3954} INFO - Setting next_dagrun for example_sensors to None, run_after=None
[2026-04-01T07:43:51.123+0530] {processor.py:183} INFO - Processing /Users/aswin/Documents/data-engineering-practice/ETL_Airflow_DBT/airflow/airflow_env/lib/python3.11/site-packages/airflow/example_dags/example_sensors.py took 0.085 seconds
[2026-04-01T07:44:22.095+0530] {processor.py:161} INFO - Started process (PID=82760) to work on /Users/aswin/Documents/data-engineering-practice/ETL_Airflow_DBT/airflow/airflow_env/lib/python3.11/site-packages/airflow/example_dags/example_sensors.py
[2026-04-01T07:44:22.096+0530] {processor.py:830} INFO - Processing file /Users/aswin/Documents/data-engineering-practice/ETL_Airflow_DBT/airflow/airflow_env/lib/python3.11/site-packages/airflow/example_dags/example_sensors.py for tasks to queue
[2026-04-01T07:44:22.096+0530] {logging_mixin.py:188} INFO - [2026-04-01T07:44:22.096+0530] {dagbag.py:540} INFO - Filling up the DagBag from /Users/aswin/Documents/data-engineering-practice/ETL_Airflow_DBT/airflow/airflow_env/lib/python3.11/site-packages/airflow/example_dags/example_sensors.py
[2026-04-01T07:44:22.103+0530] {processor.py:840} INFO - DAG(s) 'example_sensors' retrieved from /Users/aswin/Documents/data-engineering-practice/ETL_Airflow_DBT/airflow/airflow_env/lib/python3.11/site-packages/airflow/example_dags/example_sensors.py
[2026-04-01T07:44:22.159+0530] {logging_mixin.py:188} INFO - [2026-04-01T07:44:22.159+0530] {dag.py:3096} INFO - Sync 1 DAGs
[2026-04-01T07:44:22.164+0530] {logging_mixin.py:188} INFO - [2026-04-01T07:44:22.164+0530] {dag.py:3954} INFO - Setting next_dagrun for example_sensors to None, run_after=None
[2026-04-01T07:44:22.172+0530] {processor.py:183} INFO - Processing /Users/aswin/Documents/data-engineering-practice/ETL_Airflow_DBT/airflow/airflow_env/lib/python3.11/site-packages/airflow/example_dags/example_sensors.py took 0.078 seconds
[2026-04-01T07:44:53.314+0530] {processor.py:161} INFO - Started process (PID=82886) to work on /Users/aswin/Documents/data-engineering-practice/ETL_Airflow_DBT/airflow/airflow_env/lib/python3.11/site-packages/airflow/example_dags/example_sensors.py
[2026-04-01T07:44:53.314+0530] {processor.py:830} INFO - Processing file /Users/aswin/Documents/data-engineering-practice/ETL_Airflow_DBT/airflow/airflow_env/lib/python3.11/site-packages/airflow/example_dags/example_sensors.py for tasks to queue
[2026-04-01T07:44:53.315+0530] {logging_mixin.py:188} INFO - [2026-04-01T07:44:53.315+0530] {dagbag.py:540} INFO - Filling up the DagBag from /Users/aswin/Documents/data-engineering-practice/ETL_Airflow_DBT/airflow/airflow_env/lib/python3.11/site-packages/airflow/example_dags/example_sensors.py
[2026-04-01T07:44:53.321+0530] {processor.py:840} INFO - DAG(s) 'example_sensors' retrieved from /Users/aswin/Documents/data-engineering-practice/ETL_Airflow_DBT/airflow/airflow_env/lib/python3.11/site-packages/airflow/example_dags/example_sensors.py
[2026-04-01T07:44:53.381+0530] {logging_mixin.py:188} INFO - [2026-04-01T07:44:53.380+0530] {dag.py:3096} INFO - Sync 1 DAGs
[2026-04-01T07:44:53.388+0530] {logging_mixin.py:188} INFO - [2026-04-01T07:44:53.387+0530] {dag.py:3954} INFO - Setting next_dagrun for example_sensors to None, run_after=None
[2026-04-01T07:44:53.398+0530] {processor.py:183} INFO - Processing /Users/aswin/Documents/data-engineering-practice/ETL_Airflow_DBT/airflow/airflow_env/lib/python3.11/site-packages/airflow/example_dags/example_sensors.py took 0.085 seconds
[2026-04-01T07:45:24.563+0530] {processor.py:161} INFO - Started process (PID=83015) to work on /Users/aswin/Documents/data-engineering-practice/ETL_Airflow_DBT/airflow/airflow_env/lib/python3.11/site-packages/airflow/example_dags/example_sensors.py
[2026-04-01T07:45:24.564+0530] {processor.py:830} INFO - Processing file /Users/aswin/Documents/data-engineering-practice/ETL_Airflow_DBT/airflow/airflow_env/lib/python3.11/site-packages/airflow/example_dags/example_sensors.py for tasks to queue
[2026-04-01T07:45:24.564+0530] {logging_mixin.py:188} INFO - [2026-04-01T07:45:24.564+0530] {dagbag.py:540} INFO - Filling up the DagBag from /Users/aswin/Documents/data-engineering-practice/ETL_Airflow_DBT/airflow/airflow_env/lib/python3.11/site-packages/airflow/example_dags/example_sensors.py
[2026-04-01T07:45:24.571+0530] {processor.py:840} INFO - DAG(s) 'example_sensors' retrieved from /Users/aswin/Documents/data-engineering-practice/ETL_Airflow_DBT/airflow/airflow_env/lib/python3.11/site-packages/airflow/example_dags/example_sensors.py
[2026-04-01T07:45:24.629+0530] {logging_mixin.py:188} INFO - [2026-04-01T07:45:24.629+0530] {dag.py:3096} INFO - Sync 1 DAGs
[2026-04-01T07:45:24.634+0530] {logging_mixin.py:188} INFO - [2026-04-01T07:45:24.634+0530] {dag.py:3954} INFO - Setting next_dagrun for example_sensors to None, run_after=None
[2026-04-01T07:45:24.642+0530] {processor.py:183} INFO - Processing /Users/aswin/Documents/data-engineering-practice/ETL_Airflow_DBT/airflow/airflow_env/lib/python3.11/site-packages/airflow/example_dags/example_sensors.py took 0.080 seconds
[2026-04-01T07:45:55.897+0530] {processor.py:161} INFO - Started process (PID=83152) to work on /Users/aswin/Documents/data-engineering-practice/ETL_Airflow_DBT/airflow/airflow_env/lib/python3.11/site-packages/airflow/example_dags/example_sensors.py
[2026-04-01T07:45:55.897+0530] {processor.py:830} INFO - Processing file /Users/aswin/Documents/data-engineering-practice/ETL_Airflow_DBT/airflow/airflow_env/lib/python3.11/site-packages/airflow/example_dags/example_sensors.py for tasks to queue
[2026-04-01T07:45:55.898+0530] {logging_mixin.py:188} INFO - [2026-04-01T07:45:55.897+0530] {dagbag.py:540} INFO - Filling up the DagBag from /Users/aswin/Documents/data-engineering-practice/ETL_Airflow_DBT/airflow/airflow_env/lib/python3.11/site-packages/airflow/example_dags/example_sensors.py
[2026-04-01T07:45:55.905+0530] {processor.py:840} INFO - DAG(s) 'example_sensors' retrieved from /Users/aswin/Documents/data-engineering-practice/ETL_Airflow_DBT/airflow/airflow_env/lib/python3.11/site-packages/airflow/example_dags/example_sensors.py
[2026-04-01T07:45:55.965+0530] {logging_mixin.py:188} INFO - [2026-04-01T07:45:55.965+0530] {dag.py:3096} INFO - Sync 1 DAGs
[2026-04-01T07:45:55.970+0530] {logging_mixin.py:188} INFO - [2026-04-01T07:45:55.970+0530] {dag.py:3954} INFO - Setting next_dagrun for example_sensors to None, run_after=None
[2026-04-01T07:45:55.978+0530] {processor.py:183} INFO - Processing /Users/aswin/Documents/data-engineering-practice/ETL_Airflow_DBT/airflow/airflow_env/lib/python3.11/site-packages/airflow/example_dags/example_sensors.py took 0.083 seconds
[2026-04-01T07:46:27.406+0530] {processor.py:161} INFO - Started process (PID=83278) to work on /Users/aswin/Documents/data-engineering-practice/ETL_Airflow_DBT/airflow/airflow_env/lib/python3.11/site-packages/airflow/example_dags/example_sensors.py
[2026-04-01T07:46:27.407+0530] {processor.py:830} INFO - Processing file /Users/aswin/Documents/data-engineering-practice/ETL_Airflow_DBT/airflow/airflow_env/lib/python3.11/site-packages/airflow/example_dags/example_sensors.py for tasks to queue
[2026-04-01T07:46:27.407+0530] {logging_mixin.py:188} INFO - [2026-04-01T07:46:27.407+0530] {dagbag.py:540} INFO - Filling up the DagBag from /Users/aswin/Documents/data-engineering-practice/ETL_Airflow_DBT/airflow/airflow_env/lib/python3.11/site-packages/airflow/example_dags/example_sensors.py
[2026-04-01T07:46:27.414+0530] {processor.py:840} INFO - DAG(s) 'example_sensors' retrieved from /Users/aswin/Documents/data-engineering-practice/ETL_Airflow_DBT/airflow/airflow_env/lib/python3.11/site-packages/airflow/example_dags/example_sensors.py
[2026-04-01T07:46:27.472+0530] {logging_mixin.py:188} INFO - [2026-04-01T07:46:27.472+0530] {dag.py:3096} INFO - Sync 1 DAGs
[2026-04-01T07:46:27.477+0530] {logging_mixin.py:188} INFO - [2026-04-01T07:46:27.477+0530] {dag.py:3954} INFO - Setting next_dagrun for example_sensors to None, run_after=None
[2026-04-01T07:46:27.485+0530] {processor.py:183} INFO - Processing /Users/aswin/Documents/data-engineering-practice/ETL_Airflow_DBT/airflow/airflow_env/lib/python3.11/site-packages/airflow/example_dags/example_sensors.py took 0.079 seconds
[2026-04-01T07:46:58.725+0530] {processor.py:161} INFO - Started process (PID=83404) to work on /Users/aswin/Documents/data-engineering-practice/ETL_Airflow_DBT/airflow/airflow_env/lib/python3.11/site-packages/airflow/example_dags/example_sensors.py
[2026-04-01T07:46:58.726+0530] {processor.py:830} INFO - Processing file /Users/aswin/Documents/data-engineering-practice/ETL_Airflow_DBT/airflow/airflow_env/lib/python3.11/site-packages/airflow/example_dags/example_sensors.py for tasks to queue
[2026-04-01T07:46:58.726+0530] {logging_mixin.py:188} INFO - [2026-04-01T07:46:58.726+0530] {dagbag.py:540} INFO - Filling up the DagBag from /Users/aswin/Documents/data-engineering-practice/ETL_Airflow_DBT/airflow/airflow_env/lib/python3.11/site-packages/airflow/example_dags/example_sensors.py
[2026-04-01T07:46:58.733+0530] {processor.py:840} INFO - DAG(s) 'example_sensors' retrieved from /Users/aswin/Documents/data-engineering-practice/ETL_Airflow_DBT/airflow/airflow_env/lib/python3.11/site-packages/airflow/example_dags/example_sensors.py
[2026-04-01T07:46:58.791+0530] {logging_mixin.py:188} INFO - [2026-04-01T07:46:58.791+0530] {dag.py:3096} INFO - Sync 1 DAGs
[2026-04-01T07:46:58.796+0530] {logging_mixin.py:188} INFO - [2026-04-01T07:46:58.796+0530] {dag.py:3954} INFO - Setting next_dagrun for example_sensors to None, run_after=None
[2026-04-01T07:46:58.806+0530] {processor.py:183} INFO - Processing /Users/aswin/Documents/data-engineering-practice/ETL_Airflow_DBT/airflow/airflow_env/lib/python3.11/site-packages/airflow/example_dags/example_sensors.py took 0.082 seconds
[2026-04-01T07:47:29.737+0530] {processor.py:161} INFO - Started process (PID=83559) to work on /Users/aswin/Documents/data-engineering-practice/ETL_Airflow_DBT/airflow/airflow_env/lib/python3.11/site-packages/airflow/example_dags/example_sensors.py
[2026-04-01T07:47:29.737+0530] {processor.py:830} INFO - Processing file /Users/aswin/Documents/data-engineering-practice/ETL_Airflow_DBT/airflow/airflow_env/lib/python3.11/site-packages/airflow/example_dags/example_sensors.py for tasks to queue
[2026-04-01T07:47:29.738+0530] {logging_mixin.py:188} INFO - [2026-04-01T07:47:29.737+0530] {dagbag.py:540} INFO - Filling up the DagBag from /Users/aswin/Documents/data-engineering-practice/ETL_Airflow_DBT/airflow/airflow_env/lib/python3.11/site-packages/airflow/example_dags/example_sensors.py
[2026-04-01T07:47:29.745+0530] {processor.py:840} INFO - DAG(s) 'example_sensors' retrieved from /Users/aswin/Documents/data-engineering-practice/ETL_Airflow_DBT/airflow/airflow_env/lib/python3.11/site-packages/airflow/example_dags/example_sensors.py
[2026-04-01T07:47:29.804+0530] {logging_mixin.py:188} INFO - [2026-04-01T07:47:29.804+0530] {dag.py:3096} INFO - Sync 1 DAGs
[2026-04-01T07:47:29.809+0530] {logging_mixin.py:188} INFO - [2026-04-01T07:47:29.809+0530] {dag.py:3954} INFO - Setting next_dagrun for example_sensors to None, run_after=None
[2026-04-01T07:47:29.818+0530] {processor.py:183} INFO - Processing /Users/aswin/Documents/data-engineering-practice/ETL_Airflow_DBT/airflow/airflow_env/lib/python3.11/site-packages/airflow/example_dags/example_sensors.py took 0.082 seconds
[2026-04-01T07:48:00.683+0530] {processor.py:161} INFO - Started process (PID=83693) to work on /Users/aswin/Documents/data-engineering-practice/ETL_Airflow_DBT/airflow/airflow_env/lib/python3.11/site-packages/airflow/example_dags/example_sensors.py
[2026-04-01T07:48:00.684+0530] {processor.py:830} INFO - Processing file /Users/aswin/Documents/data-engineering-practice/ETL_Airflow_DBT/airflow/airflow_env/lib/python3.11/site-packages/airflow/example_dags/example_sensors.py for tasks to queue
[2026-04-01T07:48:00.684+0530] {logging_mixin.py:188} INFO - [2026-04-01T07:48:00.684+0530] {dagbag.py:540} INFO - Filling up the DagBag from /Users/aswin/Documents/data-engineering-practice/ETL_Airflow_DBT/airflow/airflow_env/lib/python3.11/site-packages/airflow/example_dags/example_sensors.py
[2026-04-01T07:48:00.692+0530] {processor.py:840} INFO - DAG(s) 'example_sensors' retrieved from /Users/aswin/Documents/data-engineering-practice/ETL_Airflow_DBT/airflow/airflow_env/lib/python3.11/site-packages/airflow/example_dags/example_sensors.py
[2026-04-01T07:48:00.752+0530] {logging_mixin.py:188} INFO - [2026-04-01T07:48:00.752+0530] {dag.py:3096} INFO - Sync 1 DAGs
[2026-04-01T07:48:00.757+0530] {logging_mixin.py:188} INFO - [2026-04-01T07:48:00.757+0530] {dag.py:3954} INFO - Setting next_dagrun for example_sensors to None, run_after=None
[2026-04-01T07:48:00.767+0530] {processor.py:183} INFO - Processing /Users/aswin/Documents/data-engineering-practice/ETL_Airflow_DBT/airflow/airflow_env/lib/python3.11/site-packages/airflow/example_dags/example_sensors.py took 0.085 seconds
[2026-04-01T07:48:31.746+0530] {processor.py:161} INFO - Started process (PID=83820) to work on /Users/aswin/Documents/data-engineering-practice/ETL_Airflow_DBT/airflow/airflow_env/lib/python3.11/site-packages/airflow/example_dags/example_sensors.py
[2026-04-01T07:48:31.746+0530] {processor.py:830} INFO - Processing file /Users/aswin/Documents/data-engineering-practice/ETL_Airflow_DBT/airflow/airflow_env/lib/python3.11/site-packages/airflow/example_dags/example_sensors.py for tasks to queue
[2026-04-01T07:48:31.747+0530] {logging_mixin.py:188} INFO - [2026-04-01T07:48:31.747+0530] {dagbag.py:540} INFO - Filling up the DagBag from /Users/aswin/Documents/data-engineering-practice/ETL_Airflow_DBT/airflow/airflow_env/lib/python3.11/site-packages/airflow/example_dags/example_sensors.py
[2026-04-01T07:48:31.754+0530] {processor.py:840} INFO - DAG(s) 'example_sensors' retrieved from /Users/aswin/Documents/data-engineering-practice/ETL_Airflow_DBT/airflow/airflow_env/lib/python3.11/site-packages/airflow/example_dags/example_sensors.py
[2026-04-01T07:48:31.813+0530] {logging_mixin.py:188} INFO - [2026-04-01T07:48:31.813+0530] {dag.py:3096} INFO - Sync 1 DAGs
[2026-04-01T07:48:31.818+0530] {logging_mixin.py:188} INFO - [2026-04-01T07:48:31.818+0530] {dag.py:3954} INFO - Setting next_dagrun for example_sensors to None, run_after=None
[2026-04-01T07:48:31.826+0530] {processor.py:183} INFO - Processing /Users/aswin/Documents/data-engineering-practice/ETL_Airflow_DBT/airflow/airflow_env/lib/python3.11/site-packages/airflow/example_dags/example_sensors.py took 0.081 seconds
[2026-04-01T07:49:02.887+0530] {processor.py:161} INFO - Started process (PID=83948) to work on /Users/aswin/Documents/data-engineering-practice/ETL_Airflow_DBT/airflow/airflow_env/lib/python3.11/site-packages/airflow/example_dags/example_sensors.py
[2026-04-01T07:49:02.887+0530] {processor.py:830} INFO - Processing file /Users/aswin/Documents/data-engineering-practice/ETL_Airflow_DBT/airflow/airflow_env/lib/python3.11/site-packages/airflow/example_dags/example_sensors.py for tasks to queue
[2026-04-01T07:49:02.887+0530] {logging_mixin.py:188} INFO - [2026-04-01T07:49:02.887+0530] {dagbag.py:540} INFO - Filling up the DagBag from /Users/aswin/Documents/data-engineering-practice/ETL_Airflow_DBT/airflow/airflow_env/lib/python3.11/site-packages/airflow/example_dags/example_sensors.py
[2026-04-01T07:49:02.894+0530] {processor.py:840} INFO - DAG(s) 'example_sensors' retrieved from /Users/aswin/Documents/data-engineering-practice/ETL_Airflow_DBT/airflow/airflow_env/lib/python3.11/site-packages/airflow/example_dags/example_sensors.py
[2026-04-01T07:49:02.950+0530] {logging_mixin.py:188} INFO - [2026-04-01T07:49:02.950+0530] {dag.py:3096} INFO - Sync 1 DAGs
[2026-04-01T07:49:02.955+0530] {logging_mixin.py:188} INFO - [2026-04-01T07:49:02.955+0530] {dag.py:3954} INFO - Setting next_dagrun for example_sensors to None, run_after=None
[2026-04-01T07:49:02.964+0530] {processor.py:183} INFO - Processing /Users/aswin/Documents/data-engineering-practice/ETL_Airflow_DBT/airflow/airflow_env/lib/python3.11/site-packages/airflow/example_dags/example_sensors.py took 0.078 seconds
[2026-04-01T07:49:34.510+0530] {processor.py:161} INFO - Started process (PID=84077) to work on /Users/aswin/Documents/data-engineering-practice/ETL_Airflow_DBT/airflow/airflow_env/lib/python3.11/site-packages/airflow/example_dags/example_sensors.py
[2026-04-01T07:49:34.510+0530] {processor.py:830} INFO - Processing file /Users/aswin/Documents/data-engineering-practice/ETL_Airflow_DBT/airflow/airflow_env/lib/python3.11/site-packages/airflow/example_dags/example_sensors.py for tasks to queue
[2026-04-01T07:49:34.510+0530] {logging_mixin.py:188} INFO - [2026-04-01T07:49:34.510+0530] {dagbag.py:540} INFO - Filling up the DagBag from /Users/aswin/Documents/data-engineering-practice/ETL_Airflow_DBT/airflow/airflow_env/lib/python3.11/site-packages/airflow/example_dags/example_sensors.py
[2026-04-01T07:49:34.518+0530] {processor.py:840} INFO - DAG(s) 'example_sensors' retrieved from /Users/aswin/Documents/data-engineering-practice/ETL_Airflow_DBT/airflow/airflow_env/lib/python3.11/site-packages/airflow/example_dags/example_sensors.py
[2026-04-01T07:49:34.575+0530] {logging_mixin.py:188} INFO - [2026-04-01T07:49:34.575+0530] {dag.py:3096} INFO - Sync 1 DAGs
[2026-04-01T07:49:34.580+0530] {logging_mixin.py:188} INFO - [2026-04-01T07:49:34.580+0530] {dag.py:3954} INFO - Setting next_dagrun for example_sensors to None, run_after=None
[2026-04-01T07:49:34.588+0530] {processor.py:183} INFO - Processing /Users/aswin/Documents/data-engineering-practice/ETL_Airflow_DBT/airflow/airflow_env/lib/python3.11/site-packages/airflow/example_dags/example_sensors.py took 0.080 seconds
[2026-04-01T07:50:05.288+0530] {processor.py:161} INFO - Started process (PID=84200) to work on /Users/aswin/Documents/data-engineering-practice/ETL_Airflow_DBT/airflow/airflow_env/lib/python3.11/site-packages/airflow/example_dags/example_sensors.py
[2026-04-01T07:50:05.289+0530] {processor.py:830} INFO - Processing file /Users/aswin/Documents/data-engineering-practice/ETL_Airflow_DBT/airflow/airflow_env/lib/python3.11/site-packages/airflow/example_dags/example_sensors.py for tasks to queue
[2026-04-01T07:50:05.289+0530] {logging_mixin.py:188} INFO - [2026-04-01T07:50:05.289+0530] {dagbag.py:540} INFO - Filling up the DagBag from /Users/aswin/Documents/data-engineering-practice/ETL_Airflow_DBT/airflow/airflow_env/lib/python3.11/site-packages/airflow/example_dags/example_sensors.py
[2026-04-01T07:50:05.298+0530] {processor.py:840} INFO - DAG(s) 'example_sensors' retrieved from /Users/aswin/Documents/data-engineering-practice/ETL_Airflow_DBT/airflow/airflow_env/lib/python3.11/site-packages/airflow/example_dags/example_sensors.py
[2026-04-01T07:50:05.356+0530] {logging_mixin.py:188} INFO - [2026-04-01T07:50:05.356+0530] {dag.py:3096} INFO - Sync 1 DAGs
[2026-04-01T07:50:05.361+0530] {logging_mixin.py:188} INFO - [2026-04-01T07:50:05.361+0530] {dag.py:3954} INFO - Setting next_dagrun for example_sensors to None, run_after=None
[2026-04-01T07:50:05.370+0530] {processor.py:183} INFO - Processing /Users/aswin/Documents/data-engineering-practice/ETL_Airflow_DBT/airflow/airflow_env/lib/python3.11/site-packages/airflow/example_dags/example_sensors.py took 0.083 seconds
[2026-04-01T07:50:36.625+0530] {processor.py:161} INFO - Started process (PID=84332) to work on /Users/aswin/Documents/data-engineering-practice/ETL_Airflow_DBT/airflow/airflow_env/lib/python3.11/site-packages/airflow/example_dags/example_sensors.py
[2026-04-01T07:50:36.626+0530] {processor.py:830} INFO - Processing file /Users/aswin/Documents/data-engineering-practice/ETL_Airflow_DBT/airflow/airflow_env/lib/python3.11/site-packages/airflow/example_dags/example_sensors.py for tasks to queue
[2026-04-01T07:50:36.626+0530] {logging_mixin.py:188} INFO - [2026-04-01T07:50:36.626+0530] {dagbag.py:540} INFO - Filling up the DagBag from /Users/aswin/Documents/data-engineering-practice/ETL_Airflow_DBT/airflow/airflow_env/lib/python3.11/site-packages/airflow/example_dags/example_sensors.py
[2026-04-01T07:50:36.633+0530] {processor.py:840} INFO - DAG(s) 'example_sensors' retrieved from /Users/aswin/Documents/data-engineering-practice/ETL_Airflow_DBT/airflow/airflow_env/lib/python3.11/site-packages/airflow/example_dags/example_sensors.py
[2026-04-01T07:50:36.690+0530] {logging_mixin.py:188} INFO - [2026-04-01T07:50:36.689+0530] {dag.py:3096} INFO - Sync 1 DAGs
[2026-04-01T07:50:36.695+0530] {logging_mixin.py:188} INFO - [2026-04-01T07:50:36.695+0530] {dag.py:3954} INFO - Setting next_dagrun for example_sensors to None, run_after=None
[2026-04-01T07:50:36.703+0530] {processor.py:183} INFO - Processing /Users/aswin/Documents/data-engineering-practice/ETL_Airflow_DBT/airflow/airflow_env/lib/python3.11/site-packages/airflow/example_dags/example_sensors.py took 0.080 seconds
[2026-04-01T07:51:07.627+0530] {processor.py:161} INFO - Started process (PID=84459) to work on /Users/aswin/Documents/data-engineering-practice/ETL_Airflow_DBT/airflow/airflow_env/lib/python3.11/site-packages/airflow/example_dags/example_sensors.py
[2026-04-01T07:51:07.628+0530] {processor.py:830} INFO - Processing file /Users/aswin/Documents/data-engineering-practice/ETL_Airflow_DBT/airflow/airflow_env/lib/python3.11/site-packages/airflow/example_dags/example_sensors.py for tasks to queue
[2026-04-01T07:51:07.629+0530] {logging_mixin.py:188} INFO - [2026-04-01T07:51:07.628+0530] {dagbag.py:540} INFO - Filling up the DagBag from /Users/aswin/Documents/data-engineering-practice/ETL_Airflow_DBT/airflow/airflow_env/lib/python3.11/site-packages/airflow/example_dags/example_sensors.py
[2026-04-01T07:51:07.636+0530] {processor.py:840} INFO - DAG(s) 'example_sensors' retrieved from /Users/aswin/Documents/data-engineering-practice/ETL_Airflow_DBT/airflow/airflow_env/lib/python3.11/site-packages/airflow/example_dags/example_sensors.py
[2026-04-01T07:51:07.693+0530] {logging_mixin.py:188} INFO - [2026-04-01T07:51:07.692+0530] {dag.py:3096} INFO - Sync 1 DAGs
[2026-04-01T07:51:07.697+0530] {logging_mixin.py:188} INFO - [2026-04-01T07:51:07.697+0530] {dag.py:3954} INFO - Setting next_dagrun for example_sensors to None, run_after=None
[2026-04-01T07:51:07.706+0530] {processor.py:183} INFO - Processing /Users/aswin/Documents/data-engineering-practice/ETL_Airflow_DBT/airflow/airflow_env/lib/python3.11/site-packages/airflow/example_dags/example_sensors.py took 0.079 seconds
[2026-04-01T07:51:38.417+0530] {processor.py:161} INFO - Started process (PID=84583) to work on /Users/aswin/Documents/data-engineering-practice/ETL_Airflow_DBT/airflow/airflow_env/lib/python3.11/site-packages/airflow/example_dags/example_sensors.py
[2026-04-01T07:51:38.418+0530] {processor.py:830} INFO - Processing file /Users/aswin/Documents/data-engineering-practice/ETL_Airflow_DBT/airflow/airflow_env/lib/python3.11/site-packages/airflow/example_dags/example_sensors.py for tasks to queue
[2026-04-01T07:51:38.418+0530] {logging_mixin.py:188} INFO - [2026-04-01T07:51:38.418+0530] {dagbag.py:540} INFO - Filling up the DagBag from /Users/aswin/Documents/data-engineering-practice/ETL_Airflow_DBT/airflow/airflow_env/lib/python3.11/site-packages/airflow/example_dags/example_sensors.py
[2026-04-01T07:51:38.426+0530] {processor.py:840} INFO - DAG(s) 'example_sensors' retrieved from /Users/aswin/Documents/data-engineering-practice/ETL_Airflow_DBT/airflow/airflow_env/lib/python3.11/site-packages/airflow/example_dags/example_sensors.py
[2026-04-01T07:51:38.484+0530] {logging_mixin.py:188} INFO - [2026-04-01T07:51:38.484+0530] {dag.py:3096} INFO - Sync 1 DAGs
[2026-04-01T07:51:38.490+0530] {logging_mixin.py:188} INFO - [2026-04-01T07:51:38.490+0530] {dag.py:3954} INFO - Setting next_dagrun for example_sensors to None, run_after=None
[2026-04-01T07:51:38.499+0530] {processor.py:183} INFO - Processing /Users/aswin/Documents/data-engineering-practice/ETL_Airflow_DBT/airflow/airflow_env/lib/python3.11/site-packages/airflow/example_dags/example_sensors.py took 0.083 seconds
[2026-04-01T07:52:09.702+0530] {processor.py:161} INFO - Started process (PID=84710) to work on /Users/aswin/Documents/data-engineering-practice/ETL_Airflow_DBT/airflow/airflow_env/lib/python3.11/site-packages/airflow/example_dags/example_sensors.py
[2026-04-01T07:52:09.702+0530] {processor.py:830} INFO - Processing file /Users/aswin/Documents/data-engineering-practice/ETL_Airflow_DBT/airflow/airflow_env/lib/python3.11/site-packages/airflow/example_dags/example_sensors.py for tasks to queue
[2026-04-01T07:52:09.703+0530] {logging_mixin.py:188} INFO - [2026-04-01T07:52:09.703+0530] {dagbag.py:540} INFO - Filling up the DagBag from /Users/aswin/Documents/data-engineering-practice/ETL_Airflow_DBT/airflow/airflow_env/lib/python3.11/site-packages/airflow/example_dags/example_sensors.py
[2026-04-01T07:52:09.710+0530] {processor.py:840} INFO - DAG(s) 'example_sensors' retrieved from /Users/aswin/Documents/data-engineering-practice/ETL_Airflow_DBT/airflow/airflow_env/lib/python3.11/site-packages/airflow/example_dags/example_sensors.py
[2026-04-01T07:52:09.769+0530] {logging_mixin.py:188} INFO - [2026-04-01T07:52:09.769+0530] {dag.py:3096} INFO - Sync 1 DAGs
[2026-04-01T07:52:09.774+0530] {logging_mixin.py:188} INFO - [2026-04-01T07:52:09.774+0530] {dag.py:3954} INFO - Setting next_dagrun for example_sensors to None, run_after=None
[2026-04-01T07:52:09.782+0530] {processor.py:183} INFO - Processing /Users/aswin/Documents/data-engineering-practice/ETL_Airflow_DBT/airflow/airflow_env/lib/python3.11/site-packages/airflow/example_dags/example_sensors.py took 0.081 seconds
[2026-04-01T07:52:40.875+0530] {processor.py:161} INFO - Started process (PID=84851) to work on /Users/aswin/Documents/data-engineering-practice/ETL_Airflow_DBT/airflow/airflow_env/lib/python3.11/site-packages/airflow/example_dags/example_sensors.py
[2026-04-01T07:52:40.876+0530] {processor.py:830} INFO - Processing file /Users/aswin/Documents/data-engineering-practice/ETL_Airflow_DBT/airflow/airflow_env/lib/python3.11/site-packages/airflow/example_dags/example_sensors.py for tasks to queue
[2026-04-01T07:52:40.876+0530] {logging_mixin.py:188} INFO - [2026-04-01T07:52:40.876+0530] {dagbag.py:540} INFO - Filling up the DagBag from /Users/aswin/Documents/data-engineering-practice/ETL_Airflow_DBT/airflow/airflow_env/lib/python3.11/site-packages/airflow/example_dags/example_sensors.py
[2026-04-01T07:52:40.883+0530] {processor.py:840} INFO - DAG(s) 'example_sensors' retrieved from /Users/aswin/Documents/data-engineering-practice/ETL_Airflow_DBT/airflow/airflow_env/lib/python3.11/site-packages/airflow/example_dags/example_sensors.py
[2026-04-01T07:52:40.939+0530] {logging_mixin.py:188} INFO - [2026-04-01T07:52:40.939+0530] {dag.py:3096} INFO - Sync 1 DAGs
[2026-04-01T07:52:40.944+0530] {logging_mixin.py:188} INFO - [2026-04-01T07:52:40.944+0530] {dag.py:3954} INFO - Setting next_dagrun for example_sensors to None, run_after=None
[2026-04-01T07:52:40.952+0530] {processor.py:183} INFO - Processing /Users/aswin/Documents/data-engineering-practice/ETL_Airflow_DBT/airflow/airflow_env/lib/python3.11/site-packages/airflow/example_dags/example_sensors.py took 0.078 seconds
[2026-04-01T07:53:12.089+0530] {processor.py:161} INFO - Started process (PID=84989) to work on /Users/aswin/Documents/data-engineering-practice/ETL_Airflow_DBT/airflow/airflow_env/lib/python3.11/site-packages/airflow/example_dags/example_sensors.py
[2026-04-01T07:53:12.090+0530] {processor.py:830} INFO - Processing file /Users/aswin/Documents/data-engineering-practice/ETL_Airflow_DBT/airflow/airflow_env/lib/python3.11/site-packages/airflow/example_dags/example_sensors.py for tasks to queue
[2026-04-01T07:53:12.090+0530] {logging_mixin.py:188} INFO - [2026-04-01T07:53:12.090+0530] {dagbag.py:540} INFO - Filling up the DagBag from /Users/aswin/Documents/data-engineering-practice/ETL_Airflow_DBT/airflow/airflow_env/lib/python3.11/site-packages/airflow/example_dags/example_sensors.py
[2026-04-01T07:53:12.098+0530] {processor.py:840} INFO - DAG(s) 'example_sensors' retrieved from /Users/aswin/Documents/data-engineering-practice/ETL_Airflow_DBT/airflow/airflow_env/lib/python3.11/site-packages/airflow/example_dags/example_sensors.py
[2026-04-01T07:53:12.156+0530] {logging_mixin.py:188} INFO - [2026-04-01T07:53:12.156+0530] {dag.py:3096} INFO - Sync 1 DAGs
[2026-04-01T07:53:12.162+0530] {logging_mixin.py:188} INFO - [2026-04-01T07:53:12.162+0530] {dag.py:3954} INFO - Setting next_dagrun for example_sensors to None, run_after=None
[2026-04-01T07:53:12.171+0530] {processor.py:183} INFO - Processing /Users/aswin/Documents/data-engineering-practice/ETL_Airflow_DBT/airflow/airflow_env/lib/python3.11/site-packages/airflow/example_dags/example_sensors.py took 0.083 seconds
[2026-04-01T07:53:43.780+0530] {processor.py:161} INFO - Started process (PID=85119) to work on /Users/aswin/Documents/data-engineering-practice/ETL_Airflow_DBT/airflow/airflow_env/lib/python3.11/site-packages/airflow/example_dags/example_sensors.py
[2026-04-01T07:53:43.781+0530] {processor.py:830} INFO - Processing file /Users/aswin/Documents/data-engineering-practice/ETL_Airflow_DBT/airflow/airflow_env/lib/python3.11/site-packages/airflow/example_dags/example_sensors.py for tasks to queue
[2026-04-01T07:53:43.781+0530] {logging_mixin.py:188} INFO - [2026-04-01T07:53:43.781+0530] {dagbag.py:540} INFO - Filling up the DagBag from /Users/aswin/Documents/data-engineering-practice/ETL_Airflow_DBT/airflow/airflow_env/lib/python3.11/site-packages/airflow/example_dags/example_sensors.py
[2026-04-01T07:53:43.788+0530] {processor.py:840} INFO - DAG(s) 'example_sensors' retrieved from /Users/aswin/Documents/data-engineering-practice/ETL_Airflow_DBT/airflow/airflow_env/lib/python3.11/site-packages/airflow/example_dags/example_sensors.py
[2026-04-01T07:53:43.845+0530] {logging_mixin.py:188} INFO - [2026-04-01T07:53:43.845+0530] {dag.py:3096} INFO - Sync 1 DAGs
[2026-04-01T07:53:43.850+0530] {logging_mixin.py:188} INFO - [2026-04-01T07:53:43.850+0530] {dag.py:3954} INFO - Setting next_dagrun for example_sensors to None, run_after=None
[2026-04-01T07:53:43.858+0530] {processor.py:183} INFO - Processing /Users/aswin/Documents/data-engineering-practice/ETL_Airflow_DBT/airflow/airflow_env/lib/python3.11/site-packages/airflow/example_dags/example_sensors.py took 0.079 seconds
[2026-04-01T07:54:15.239+0530] {processor.py:161} INFO - Started process (PID=85251) to work on /Users/aswin/Documents/data-engineering-practice/ETL_Airflow_DBT/airflow/airflow_env/lib/python3.11/site-packages/airflow/example_dags/example_sensors.py
[2026-04-01T07:54:15.240+0530] {processor.py:830} INFO - Processing file /Users/aswin/Documents/data-engineering-practice/ETL_Airflow_DBT/airflow/airflow_env/lib/python3.11/site-packages/airflow/example_dags/example_sensors.py for tasks to queue
[2026-04-01T07:54:15.240+0530] {logging_mixin.py:188} INFO - [2026-04-01T07:54:15.240+0530] {dagbag.py:540} INFO - Filling up the DagBag from /Users/aswin/Documents/data-engineering-practice/ETL_Airflow_DBT/airflow/airflow_env/lib/python3.11/site-packages/airflow/example_dags/example_sensors.py
[2026-04-01T07:54:15.248+0530] {processor.py:840} INFO - DAG(s) 'example_sensors' retrieved from /Users/aswin/Documents/data-engineering-practice/ETL_Airflow_DBT/airflow/airflow_env/lib/python3.11/site-packages/airflow/example_dags/example_sensors.py
[2026-04-01T07:54:15.305+0530] {logging_mixin.py:188} INFO - [2026-04-01T07:54:15.304+0530] {dag.py:3096} INFO - Sync 1 DAGs
[2026-04-01T07:54:15.309+0530] {logging_mixin.py:188} INFO - [2026-04-01T07:54:15.309+0530] {dag.py:3954} INFO - Setting next_dagrun for example_sensors to None, run_after=None
[2026-04-01T07:54:15.317+0530] {processor.py:183} INFO - Processing /Users/aswin/Documents/data-engineering-practice/ETL_Airflow_DBT/airflow/airflow_env/lib/python3.11/site-packages/airflow/example_dags/example_sensors.py took 0.079 seconds
[2026-04-01T07:54:46.346+0530] {processor.py:161} INFO - Started process (PID=85377) to work on /Users/aswin/Documents/data-engineering-practice/ETL_Airflow_DBT/airflow/airflow_env/lib/python3.11/site-packages/airflow/example_dags/example_sensors.py
[2026-04-01T07:54:46.347+0530] {processor.py:830} INFO - Processing file /Users/aswin/Documents/data-engineering-practice/ETL_Airflow_DBT/airflow/airflow_env/lib/python3.11/site-packages/airflow/example_dags/example_sensors.py for tasks to queue
[2026-04-01T07:54:46.347+0530] {logging_mixin.py:188} INFO - [2026-04-01T07:54:46.347+0530] {dagbag.py:540} INFO - Filling up the DagBag from /Users/aswin/Documents/data-engineering-practice/ETL_Airflow_DBT/airflow/airflow_env/lib/python3.11/site-packages/airflow/example_dags/example_sensors.py
[2026-04-01T07:54:46.355+0530] {processor.py:840} INFO - DAG(s) 'example_sensors' retrieved from /Users/aswin/Documents/data-engineering-practice/ETL_Airflow_DBT/airflow/airflow_env/lib/python3.11/site-packages/airflow/example_dags/example_sensors.py
[2026-04-01T07:54:46.413+0530] {logging_mixin.py:188} INFO - [2026-04-01T07:54:46.413+0530] {dag.py:3096} INFO - Sync 1 DAGs
[2026-04-01T07:54:46.418+0530] {logging_mixin.py:188} INFO - [2026-04-01T07:54:46.418+0530] {dag.py:3954} INFO - Setting next_dagrun for example_sensors to None, run_after=None
[2026-04-01T07:54:46.426+0530] {processor.py:183} INFO - Processing /Users/aswin/Documents/data-engineering-practice/ETL_Airflow_DBT/airflow/airflow_env/lib/python3.11/site-packages/airflow/example_dags/example_sensors.py took 0.082 seconds
[2026-04-01T07:55:17.408+0530] {processor.py:161} INFO - Started process (PID=85505) to work on /Users/aswin/Documents/data-engineering-practice/ETL_Airflow_DBT/airflow/airflow_env/lib/python3.11/site-packages/airflow/example_dags/example_sensors.py
[2026-04-01T07:55:17.410+0530] {processor.py:830} INFO - Processing file /Users/aswin/Documents/data-engineering-practice/ETL_Airflow_DBT/airflow/airflow_env/lib/python3.11/site-packages/airflow/example_dags/example_sensors.py for tasks to queue
[2026-04-01T07:55:17.410+0530] {logging_mixin.py:188} INFO - [2026-04-01T07:55:17.410+0530] {dagbag.py:540} INFO - Filling up the DagBag from /Users/aswin/Documents/data-engineering-practice/ETL_Airflow_DBT/airflow/airflow_env/lib/python3.11/site-packages/airflow/example_dags/example_sensors.py
[2026-04-01T07:55:17.417+0530] {processor.py:840} INFO - DAG(s) 'example_sensors' retrieved from /Users/aswin/Documents/data-engineering-practice/ETL_Airflow_DBT/airflow/airflow_env/lib/python3.11/site-packages/airflow/example_dags/example_sensors.py
[2026-04-01T07:55:17.474+0530] {logging_mixin.py:188} INFO - [2026-04-01T07:55:17.473+0530] {dag.py:3096} INFO - Sync 1 DAGs
[2026-04-01T07:55:17.479+0530] {logging_mixin.py:188} INFO - [2026-04-01T07:55:17.479+0530] {dag.py:3954} INFO - Setting next_dagrun for example_sensors to None, run_after=None
[2026-04-01T07:55:17.487+0530] {processor.py:183} INFO - Processing /Users/aswin/Documents/data-engineering-practice/ETL_Airflow_DBT/airflow/airflow_env/lib/python3.11/site-packages/airflow/example_dags/example_sensors.py took 0.080 seconds
[2026-04-01T07:55:48.917+0530] {processor.py:161} INFO - Started process (PID=85634) to work on /Users/aswin/Documents/data-engineering-practice/ETL_Airflow_DBT/airflow/airflow_env/lib/python3.11/site-packages/airflow/example_dags/example_sensors.py
[2026-04-01T07:55:48.918+0530] {processor.py:830} INFO - Processing file /Users/aswin/Documents/data-engineering-practice/ETL_Airflow_DBT/airflow/airflow_env/lib/python3.11/site-packages/airflow/example_dags/example_sensors.py for tasks to queue
[2026-04-01T07:55:48.919+0530] {logging_mixin.py:188} INFO - [2026-04-01T07:55:48.919+0530] {dagbag.py:540} INFO - Filling up the DagBag from /Users/aswin/Documents/data-engineering-practice/ETL_Airflow_DBT/airflow/airflow_env/lib/python3.11/site-packages/airflow/example_dags/example_sensors.py
[2026-04-01T07:55:48.925+0530] {processor.py:840} INFO - DAG(s) 'example_sensors' retrieved from /Users/aswin/Documents/data-engineering-practice/ETL_Airflow_DBT/airflow/airflow_env/lib/python3.11/site-packages/airflow/example_dags/example_sensors.py
[2026-04-01T07:55:48.982+0530] {logging_mixin.py:188} INFO - [2026-04-01T07:55:48.982+0530] {dag.py:3096} INFO - Sync 1 DAGs
[2026-04-01T07:55:48.988+0530] {logging_mixin.py:188} INFO - [2026-04-01T07:55:48.988+0530] {dag.py:3954} INFO - Setting next_dagrun for example_sensors to None, run_after=None
[2026-04-01T07:55:48.998+0530] {processor.py:183} INFO - Processing /Users/aswin/Documents/data-engineering-practice/ETL_Airflow_DBT/airflow/airflow_env/lib/python3.11/site-packages/airflow/example_dags/example_sensors.py took 0.082 seconds
[2026-04-01T07:56:20.110+0530] {processor.py:161} INFO - Started process (PID=85761) to work on /Users/aswin/Documents/data-engineering-practice/ETL_Airflow_DBT/airflow/airflow_env/lib/python3.11/site-packages/airflow/example_dags/example_sensors.py
[2026-04-01T07:56:20.110+0530] {processor.py:830} INFO - Processing file /Users/aswin/Documents/data-engineering-practice/ETL_Airflow_DBT/airflow/airflow_env/lib/python3.11/site-packages/airflow/example_dags/example_sensors.py for tasks to queue
[2026-04-01T07:56:20.111+0530] {logging_mixin.py:188} INFO - [2026-04-01T07:56:20.111+0530] {dagbag.py:540} INFO - Filling up the DagBag from /Users/aswin/Documents/data-engineering-practice/ETL_Airflow_DBT/airflow/airflow_env/lib/python3.11/site-packages/airflow/example_dags/example_sensors.py
[2026-04-01T07:56:20.118+0530] {processor.py:840} INFO - DAG(s) 'example_sensors' retrieved from /Users/aswin/Documents/data-engineering-practice/ETL_Airflow_DBT/airflow/airflow_env/lib/python3.11/site-packages/airflow/example_dags/example_sensors.py
[2026-04-01T07:56:20.177+0530] {logging_mixin.py:188} INFO - [2026-04-01T07:56:20.177+0530] {dag.py:3096} INFO - Sync 1 DAGs
[2026-04-01T07:56:20.184+0530] {logging_mixin.py:188} INFO - [2026-04-01T07:56:20.184+0530] {dag.py:3954} INFO - Setting next_dagrun for example_sensors to None, run_after=None
[2026-04-01T07:56:20.203+0530] {processor.py:183} INFO - Processing /Users/aswin/Documents/data-engineering-practice/ETL_Airflow_DBT/airflow/airflow_env/lib/python3.11/site-packages/airflow/example_dags/example_sensors.py took 0.095 seconds
[2026-04-01T07:56:51.112+0530] {processor.py:161} INFO - Started process (PID=85890) to work on /Users/aswin/Documents/data-engineering-practice/ETL_Airflow_DBT/airflow/airflow_env/lib/python3.11/site-packages/airflow/example_dags/example_sensors.py
[2026-04-01T07:56:51.113+0530] {processor.py:830} INFO - Processing file /Users/aswin/Documents/data-engineering-practice/ETL_Airflow_DBT/airflow/airflow_env/lib/python3.11/site-packages/airflow/example_dags/example_sensors.py for tasks to queue
[2026-04-01T07:56:51.113+0530] {logging_mixin.py:188} INFO - [2026-04-01T07:56:51.113+0530] {dagbag.py:540} INFO - Filling up the DagBag from /Users/aswin/Documents/data-engineering-practice/ETL_Airflow_DBT/airflow/airflow_env/lib/python3.11/site-packages/airflow/example_dags/example_sensors.py
[2026-04-01T07:56:51.120+0530] {processor.py:840} INFO - DAG(s) 'example_sensors' retrieved from /Users/aswin/Documents/data-engineering-practice/ETL_Airflow_DBT/airflow/airflow_env/lib/python3.11/site-packages/airflow/example_dags/example_sensors.py
[2026-04-01T07:56:51.182+0530] {logging_mixin.py:188} INFO - [2026-04-01T07:56:51.182+0530] {dag.py:3096} INFO - Sync 1 DAGs
[2026-04-01T07:56:51.188+0530] {logging_mixin.py:188} INFO - [2026-04-01T07:56:51.188+0530] {dag.py:3954} INFO - Setting next_dagrun for example_sensors to None, run_after=None
[2026-04-01T07:56:51.197+0530] {processor.py:183} INFO - Processing /Users/aswin/Documents/data-engineering-practice/ETL_Airflow_DBT/airflow/airflow_env/lib/python3.11/site-packages/airflow/example_dags/example_sensors.py took 0.086 seconds
[2026-04-01T07:57:22.915+0530] {processor.py:161} INFO - Started process (PID=86019) to work on /Users/aswin/Documents/data-engineering-practice/ETL_Airflow_DBT/airflow/airflow_env/lib/python3.11/site-packages/airflow/example_dags/example_sensors.py
[2026-04-01T07:57:22.916+0530] {processor.py:830} INFO - Processing file /Users/aswin/Documents/data-engineering-practice/ETL_Airflow_DBT/airflow/airflow_env/lib/python3.11/site-packages/airflow/example_dags/example_sensors.py for tasks to queue
[2026-04-01T07:57:22.917+0530] {logging_mixin.py:188} INFO - [2026-04-01T07:57:22.916+0530] {dagbag.py:540} INFO - Filling up the DagBag from /Users/aswin/Documents/data-engineering-practice/ETL_Airflow_DBT/airflow/airflow_env/lib/python3.11/site-packages/airflow/example_dags/example_sensors.py
[2026-04-01T07:57:22.923+0530] {processor.py:840} INFO - DAG(s) 'example_sensors' retrieved from /Users/aswin/Documents/data-engineering-practice/ETL_Airflow_DBT/airflow/airflow_env/lib/python3.11/site-packages/airflow/example_dags/example_sensors.py
[2026-04-01T07:57:22.982+0530] {logging_mixin.py:188} INFO - [2026-04-01T07:57:22.982+0530] {dag.py:3096} INFO - Sync 1 DAGs
[2026-04-01T07:57:22.987+0530] {logging_mixin.py:188} INFO - [2026-04-01T07:57:22.987+0530] {dag.py:3954} INFO - Setting next_dagrun for example_sensors to None, run_after=None
[2026-04-01T07:57:22.995+0530] {processor.py:183} INFO - Processing /Users/aswin/Documents/data-engineering-practice/ETL_Airflow_DBT/airflow/airflow_env/lib/python3.11/site-packages/airflow/example_dags/example_sensors.py took 0.081 seconds
[2026-04-01T08:16:28.652+0530] {processor.py:161} INFO - Started process (PID=86324) to work on /Users/aswin/Documents/data-engineering-practice/ETL_Airflow_DBT/airflow/airflow_env/lib/python3.11/site-packages/airflow/example_dags/example_sensors.py
[2026-04-01T08:16:28.653+0530] {processor.py:830} INFO - Processing file /Users/aswin/Documents/data-engineering-practice/ETL_Airflow_DBT/airflow/airflow_env/lib/python3.11/site-packages/airflow/example_dags/example_sensors.py for tasks to queue
[2026-04-01T08:16:28.653+0530] {logging_mixin.py:188} INFO - [2026-04-01T08:16:28.653+0530] {dagbag.py:540} INFO - Filling up the DagBag from /Users/aswin/Documents/data-engineering-practice/ETL_Airflow_DBT/airflow/airflow_env/lib/python3.11/site-packages/airflow/example_dags/example_sensors.py
[2026-04-01T08:16:28.660+0530] {processor.py:840} INFO - DAG(s) 'example_sensors' retrieved from /Users/aswin/Documents/data-engineering-practice/ETL_Airflow_DBT/airflow/airflow_env/lib/python3.11/site-packages/airflow/example_dags/example_sensors.py
[2026-04-01T08:16:28.750+0530] {logging_mixin.py:188} INFO - [2026-04-01T08:16:28.750+0530] {dag.py:3096} INFO - Sync 1 DAGs
[2026-04-01T08:16:28.757+0530] {logging_mixin.py:188} INFO - [2026-04-01T08:16:28.756+0530] {dag.py:3954} INFO - Setting next_dagrun for example_sensors to None, run_after=None
[2026-04-01T08:16:28.770+0530] {processor.py:183} INFO - Processing /Users/aswin/Documents/data-engineering-practice/ETL_Airflow_DBT/airflow/airflow_env/lib/python3.11/site-packages/airflow/example_dags/example_sensors.py took 0.119 seconds
[2026-04-01T08:17:43.569+0530] {processor.py:161} INFO - Started process (PID=86458) to work on /Users/aswin/Documents/data-engineering-practice/ETL_Airflow_DBT/airflow/airflow_env/lib/python3.11/site-packages/airflow/example_dags/example_sensors.py
[2026-04-01T08:17:43.569+0530] {processor.py:830} INFO - Processing file /Users/aswin/Documents/data-engineering-practice/ETL_Airflow_DBT/airflow/airflow_env/lib/python3.11/site-packages/airflow/example_dags/example_sensors.py for tasks to queue
[2026-04-01T08:17:43.569+0530] {logging_mixin.py:188} INFO - [2026-04-01T08:17:43.569+0530] {dagbag.py:540} INFO - Filling up the DagBag from /Users/aswin/Documents/data-engineering-practice/ETL_Airflow_DBT/airflow/airflow_env/lib/python3.11/site-packages/airflow/example_dags/example_sensors.py
[2026-04-01T08:17:43.575+0530] {processor.py:840} INFO - DAG(s) 'example_sensors' retrieved from /Users/aswin/Documents/data-engineering-practice/ETL_Airflow_DBT/airflow/airflow_env/lib/python3.11/site-packages/airflow/example_dags/example_sensors.py
[2026-04-01T08:17:43.633+0530] {logging_mixin.py:188} INFO - [2026-04-01T08:17:43.633+0530] {dag.py:3096} INFO - Sync 1 DAGs
[2026-04-01T08:17:43.640+0530] {logging_mixin.py:188} INFO - [2026-04-01T08:17:43.640+0530] {dag.py:3954} INFO - Setting next_dagrun for example_sensors to None, run_after=None
[2026-04-01T08:17:43.650+0530] {processor.py:183} INFO - Processing /Users/aswin/Documents/data-engineering-practice/ETL_Airflow_DBT/airflow/airflow_env/lib/python3.11/site-packages/airflow/example_dags/example_sensors.py took 0.082 seconds
[2026-04-01T08:34:33.204+0530] {processor.py:161} INFO - Started process (PID=86615) to work on /Users/aswin/Documents/data-engineering-practice/ETL_Airflow_DBT/airflow/airflow_env/lib/python3.11/site-packages/airflow/example_dags/example_sensors.py
[2026-04-01T08:34:33.205+0530] {processor.py:830} INFO - Processing file /Users/aswin/Documents/data-engineering-practice/ETL_Airflow_DBT/airflow/airflow_env/lib/python3.11/site-packages/airflow/example_dags/example_sensors.py for tasks to queue
[2026-04-01T08:34:33.205+0530] {logging_mixin.py:188} INFO - [2026-04-01T08:34:33.205+0530] {dagbag.py:540} INFO - Filling up the DagBag from /Users/aswin/Documents/data-engineering-practice/ETL_Airflow_DBT/airflow/airflow_env/lib/python3.11/site-packages/airflow/example_dags/example_sensors.py
[2026-04-01T08:34:33.211+0530] {processor.py:840} INFO - DAG(s) 'example_sensors' retrieved from /Users/aswin/Documents/data-engineering-practice/ETL_Airflow_DBT/airflow/airflow_env/lib/python3.11/site-packages/airflow/example_dags/example_sensors.py
[2026-04-01T08:34:33.273+0530] {logging_mixin.py:188} INFO - [2026-04-01T08:34:33.273+0530] {dag.py:3096} INFO - Sync 1 DAGs
[2026-04-01T08:34:33.299+0530] {logging_mixin.py:188} INFO - [2026-04-01T08:34:33.299+0530] {dag.py:3954} INFO - Setting next_dagrun for example_sensors to None, run_after=None
[2026-04-01T08:34:33.309+0530] {processor.py:183} INFO - Processing /Users/aswin/Documents/data-engineering-practice/ETL_Airflow_DBT/airflow/airflow_env/lib/python3.11/site-packages/airflow/example_dags/example_sensors.py took 0.105 seconds
[2026-04-01T08:36:06.605+0530] {processor.py:161} INFO - Started process (PID=86726) to work on /Users/aswin/Documents/data-engineering-practice/ETL_Airflow_DBT/airflow/airflow_env/lib/python3.11/site-packages/airflow/example_dags/example_sensors.py
[2026-04-01T08:36:06.606+0530] {processor.py:830} INFO - Processing file /Users/aswin/Documents/data-engineering-practice/ETL_Airflow_DBT/airflow/airflow_env/lib/python3.11/site-packages/airflow/example_dags/example_sensors.py for tasks to queue
[2026-04-01T08:36:06.606+0530] {logging_mixin.py:188} INFO - [2026-04-01T08:36:06.606+0530] {dagbag.py:540} INFO - Filling up the DagBag from /Users/aswin/Documents/data-engineering-practice/ETL_Airflow_DBT/airflow/airflow_env/lib/python3.11/site-packages/airflow/example_dags/example_sensors.py
[2026-04-01T08:36:06.611+0530] {processor.py:840} INFO - DAG(s) 'example_sensors' retrieved from /Users/aswin/Documents/data-engineering-practice/ETL_Airflow_DBT/airflow/airflow_env/lib/python3.11/site-packages/airflow/example_dags/example_sensors.py
[2026-04-01T08:36:06.673+0530] {logging_mixin.py:188} INFO - [2026-04-01T08:36:06.673+0530] {dag.py:3096} INFO - Sync 1 DAGs
[2026-04-01T08:36:06.681+0530] {logging_mixin.py:188} INFO - [2026-04-01T08:36:06.680+0530] {dag.py:3954} INFO - Setting next_dagrun for example_sensors to None, run_after=None
[2026-04-01T08:36:06.690+0530] {processor.py:183} INFO - Processing /Users/aswin/Documents/data-engineering-practice/ETL_Airflow_DBT/airflow/airflow_env/lib/python3.11/site-packages/airflow/example_dags/example_sensors.py took 0.086 seconds
[2026-04-01T08:55:19.121+0530] {processor.py:161} INFO - Started process (PID=86898) to work on /Users/aswin/Documents/data-engineering-practice/ETL_Airflow_DBT/airflow/airflow_env/lib/python3.11/site-packages/airflow/example_dags/example_sensors.py
[2026-04-01T08:55:19.121+0530] {processor.py:830} INFO - Processing file /Users/aswin/Documents/data-engineering-practice/ETL_Airflow_DBT/airflow/airflow_env/lib/python3.11/site-packages/airflow/example_dags/example_sensors.py for tasks to queue
[2026-04-01T08:55:19.121+0530] {logging_mixin.py:188} INFO - [2026-04-01T08:55:19.121+0530] {dagbag.py:540} INFO - Filling up the DagBag from /Users/aswin/Documents/data-engineering-practice/ETL_Airflow_DBT/airflow/airflow_env/lib/python3.11/site-packages/airflow/example_dags/example_sensors.py
[2026-04-01T08:55:19.127+0530] {processor.py:840} INFO - DAG(s) 'example_sensors' retrieved from /Users/aswin/Documents/data-engineering-practice/ETL_Airflow_DBT/airflow/airflow_env/lib/python3.11/site-packages/airflow/example_dags/example_sensors.py
[2026-04-01T08:55:19.182+0530] {logging_mixin.py:188} INFO - [2026-04-01T08:55:19.181+0530] {dag.py:3096} INFO - Sync 1 DAGs
[2026-04-01T08:55:19.186+0530] {logging_mixin.py:188} INFO - [2026-04-01T08:55:19.186+0530] {dag.py:3954} INFO - Setting next_dagrun for example_sensors to None, run_after=None
[2026-04-01T08:55:19.194+0530] {processor.py:183} INFO - Processing /Users/aswin/Documents/data-engineering-practice/ETL_Airflow_DBT/airflow/airflow_env/lib/python3.11/site-packages/airflow/example_dags/example_sensors.py took 0.074 seconds
[2026-04-01T08:56:24.106+0530] {processor.py:161} INFO - Started process (PID=86985) to work on /Users/aswin/Documents/data-engineering-practice/ETL_Airflow_DBT/airflow/airflow_env/lib/python3.11/site-packages/airflow/example_dags/example_sensors.py
[2026-04-01T08:56:24.107+0530] {processor.py:830} INFO - Processing file /Users/aswin/Documents/data-engineering-practice/ETL_Airflow_DBT/airflow/airflow_env/lib/python3.11/site-packages/airflow/example_dags/example_sensors.py for tasks to queue
[2026-04-01T08:56:24.107+0530] {logging_mixin.py:188} INFO - [2026-04-01T08:56:24.107+0530] {dagbag.py:540} INFO - Filling up the DagBag from /Users/aswin/Documents/data-engineering-practice/ETL_Airflow_DBT/airflow/airflow_env/lib/python3.11/site-packages/airflow/example_dags/example_sensors.py
[2026-04-01T08:56:24.112+0530] {processor.py:840} INFO - DAG(s) 'example_sensors' retrieved from /Users/aswin/Documents/data-engineering-practice/ETL_Airflow_DBT/airflow/airflow_env/lib/python3.11/site-packages/airflow/example_dags/example_sensors.py
[2026-04-01T08:56:24.171+0530] {logging_mixin.py:188} INFO - [2026-04-01T08:56:24.171+0530] {dag.py:3096} INFO - Sync 1 DAGs
[2026-04-01T08:56:24.178+0530] {logging_mixin.py:188} INFO - [2026-04-01T08:56:24.178+0530] {dag.py:3954} INFO - Setting next_dagrun for example_sensors to None, run_after=None
[2026-04-01T08:56:24.187+0530] {processor.py:183} INFO - Processing /Users/aswin/Documents/data-engineering-practice/ETL_Airflow_DBT/airflow/airflow_env/lib/python3.11/site-packages/airflow/example_dags/example_sensors.py took 0.082 seconds
[2026-04-01T08:59:00.933+0530] {processor.py:161} INFO - Started process (PID=87117) to work on /Users/aswin/Documents/data-engineering-practice/ETL_Airflow_DBT/airflow/airflow_env/lib/python3.11/site-packages/airflow/example_dags/example_sensors.py
[2026-04-01T08:59:00.934+0530] {processor.py:830} INFO - Processing file /Users/aswin/Documents/data-engineering-practice/ETL_Airflow_DBT/airflow/airflow_env/lib/python3.11/site-packages/airflow/example_dags/example_sensors.py for tasks to queue
[2026-04-01T08:59:00.934+0530] {logging_mixin.py:188} INFO - [2026-04-01T08:59:00.934+0530] {dagbag.py:540} INFO - Filling up the DagBag from /Users/aswin/Documents/data-engineering-practice/ETL_Airflow_DBT/airflow/airflow_env/lib/python3.11/site-packages/airflow/example_dags/example_sensors.py
[2026-04-01T08:59:00.941+0530] {processor.py:840} INFO - DAG(s) 'example_sensors' retrieved from /Users/aswin/Documents/data-engineering-practice/ETL_Airflow_DBT/airflow/airflow_env/lib/python3.11/site-packages/airflow/example_dags/example_sensors.py
[2026-04-01T08:59:00.998+0530] {logging_mixin.py:188} INFO - [2026-04-01T08:59:00.998+0530] {dag.py:3096} INFO - Sync 1 DAGs
[2026-04-01T08:59:01.005+0530] {logging_mixin.py:188} INFO - [2026-04-01T08:59:01.005+0530] {dag.py:3954} INFO - Setting next_dagrun for example_sensors to None, run_after=None
[2026-04-01T08:59:01.014+0530] {processor.py:183} INFO - Processing /Users/aswin/Documents/data-engineering-practice/ETL_Airflow_DBT/airflow/airflow_env/lib/python3.11/site-packages/airflow/example_dags/example_sensors.py took 0.082 seconds
[2026-04-01T09:15:46.930+0530] {processor.py:161} INFO - Started process (PID=87304) to work on /Users/aswin/Documents/data-engineering-practice/ETL_Airflow_DBT/airflow/airflow_env/lib/python3.11/site-packages/airflow/example_dags/example_sensors.py
[2026-04-01T09:15:46.931+0530] {processor.py:830} INFO - Processing file /Users/aswin/Documents/data-engineering-practice/ETL_Airflow_DBT/airflow/airflow_env/lib/python3.11/site-packages/airflow/example_dags/example_sensors.py for tasks to queue
[2026-04-01T09:15:46.932+0530] {logging_mixin.py:188} INFO - [2026-04-01T09:15:46.932+0530] {dagbag.py:540} INFO - Filling up the DagBag from /Users/aswin/Documents/data-engineering-practice/ETL_Airflow_DBT/airflow/airflow_env/lib/python3.11/site-packages/airflow/example_dags/example_sensors.py
[2026-04-01T09:15:46.940+0530] {processor.py:840} INFO - DAG(s) 'example_sensors' retrieved from /Users/aswin/Documents/data-engineering-practice/ETL_Airflow_DBT/airflow/airflow_env/lib/python3.11/site-packages/airflow/example_dags/example_sensors.py
[2026-04-01T09:15:46.999+0530] {logging_mixin.py:188} INFO - [2026-04-01T09:15:46.999+0530] {dag.py:3096} INFO - Sync 1 DAGs
[2026-04-01T09:15:47.005+0530] {logging_mixin.py:188} INFO - [2026-04-01T09:15:47.005+0530] {dag.py:3954} INFO - Setting next_dagrun for example_sensors to None, run_after=None
[2026-04-01T09:15:47.014+0530] {processor.py:183} INFO - Processing /Users/aswin/Documents/data-engineering-practice/ETL_Airflow_DBT/airflow/airflow_env/lib/python3.11/site-packages/airflow/example_dags/example_sensors.py took 0.085 seconds
[2026-04-01T09:16:52.129+0530] {processor.py:161} INFO - Started process (PID=87393) to work on /Users/aswin/Documents/data-engineering-practice/ETL_Airflow_DBT/airflow/airflow_env/lib/python3.11/site-packages/airflow/example_dags/example_sensors.py
[2026-04-01T09:16:52.129+0530] {processor.py:830} INFO - Processing file /Users/aswin/Documents/data-engineering-practice/ETL_Airflow_DBT/airflow/airflow_env/lib/python3.11/site-packages/airflow/example_dags/example_sensors.py for tasks to queue
[2026-04-01T09:16:52.130+0530] {logging_mixin.py:188} INFO - [2026-04-01T09:16:52.129+0530] {dagbag.py:540} INFO - Filling up the DagBag from /Users/aswin/Documents/data-engineering-practice/ETL_Airflow_DBT/airflow/airflow_env/lib/python3.11/site-packages/airflow/example_dags/example_sensors.py
[2026-04-01T09:16:52.137+0530] {processor.py:840} INFO - DAG(s) 'example_sensors' retrieved from /Users/aswin/Documents/data-engineering-practice/ETL_Airflow_DBT/airflow/airflow_env/lib/python3.11/site-packages/airflow/example_dags/example_sensors.py
[2026-04-01T09:16:52.193+0530] {logging_mixin.py:188} INFO - [2026-04-01T09:16:52.193+0530] {dag.py:3096} INFO - Sync 1 DAGs
[2026-04-01T09:16:52.201+0530] {logging_mixin.py:188} INFO - [2026-04-01T09:16:52.201+0530] {dag.py:3954} INFO - Setting next_dagrun for example_sensors to None, run_after=None
[2026-04-01T09:16:52.211+0530] {processor.py:183} INFO - Processing /Users/aswin/Documents/data-engineering-practice/ETL_Airflow_DBT/airflow/airflow_env/lib/python3.11/site-packages/airflow/example_dags/example_sensors.py took 0.084 seconds
[2026-04-01T09:34:53.619+0530] {processor.py:161} INFO - Started process (PID=87486) to work on /Users/aswin/Documents/data-engineering-practice/ETL_Airflow_DBT/airflow/airflow_env/lib/python3.11/site-packages/airflow/example_dags/example_sensors.py
[2026-04-01T09:34:53.620+0530] {processor.py:830} INFO - Processing file /Users/aswin/Documents/data-engineering-practice/ETL_Airflow_DBT/airflow/airflow_env/lib/python3.11/site-packages/airflow/example_dags/example_sensors.py for tasks to queue
[2026-04-01T09:34:53.620+0530] {logging_mixin.py:188} INFO - [2026-04-01T09:34:53.620+0530] {dagbag.py:540} INFO - Filling up the DagBag from /Users/aswin/Documents/data-engineering-practice/ETL_Airflow_DBT/airflow/airflow_env/lib/python3.11/site-packages/airflow/example_dags/example_sensors.py
[2026-04-01T09:34:53.626+0530] {processor.py:840} INFO - DAG(s) 'example_sensors' retrieved from /Users/aswin/Documents/data-engineering-practice/ETL_Airflow_DBT/airflow/airflow_env/lib/python3.11/site-packages/airflow/example_dags/example_sensors.py
[2026-04-01T09:34:53.681+0530] {logging_mixin.py:188} INFO - [2026-04-01T09:34:53.681+0530] {dag.py:3096} INFO - Sync 1 DAGs
[2026-04-01T09:34:53.688+0530] {logging_mixin.py:188} INFO - [2026-04-01T09:34:53.688+0530] {dag.py:3954} INFO - Setting next_dagrun for example_sensors to None, run_after=None
[2026-04-01T09:34:53.697+0530] {processor.py:183} INFO - Processing /Users/aswin/Documents/data-engineering-practice/ETL_Airflow_DBT/airflow/airflow_env/lib/python3.11/site-packages/airflow/example_dags/example_sensors.py took 0.080 seconds
[2026-04-01T09:35:58.909+0530] {processor.py:161} INFO - Started process (PID=87575) to work on /Users/aswin/Documents/data-engineering-practice/ETL_Airflow_DBT/airflow/airflow_env/lib/python3.11/site-packages/airflow/example_dags/example_sensors.py
[2026-04-01T09:35:58.909+0530] {processor.py:830} INFO - Processing file /Users/aswin/Documents/data-engineering-practice/ETL_Airflow_DBT/airflow/airflow_env/lib/python3.11/site-packages/airflow/example_dags/example_sensors.py for tasks to queue
[2026-04-01T09:35:58.910+0530] {logging_mixin.py:188} INFO - [2026-04-01T09:35:58.910+0530] {dagbag.py:540} INFO - Filling up the DagBag from /Users/aswin/Documents/data-engineering-practice/ETL_Airflow_DBT/airflow/airflow_env/lib/python3.11/site-packages/airflow/example_dags/example_sensors.py
[2026-04-01T09:35:58.917+0530] {processor.py:840} INFO - DAG(s) 'example_sensors' retrieved from /Users/aswin/Documents/data-engineering-practice/ETL_Airflow_DBT/airflow/airflow_env/lib/python3.11/site-packages/airflow/example_dags/example_sensors.py
[2026-04-01T09:35:58.974+0530] {logging_mixin.py:188} INFO - [2026-04-01T09:35:58.974+0530] {dag.py:3096} INFO - Sync 1 DAGs
[2026-04-01T09:35:58.981+0530] {logging_mixin.py:188} INFO - [2026-04-01T09:35:58.981+0530] {dag.py:3954} INFO - Setting next_dagrun for example_sensors to None, run_after=None
[2026-04-01T09:35:58.992+0530] {processor.py:183} INFO - Processing /Users/aswin/Documents/data-engineering-practice/ETL_Airflow_DBT/airflow/airflow_env/lib/python3.11/site-packages/airflow/example_dags/example_sensors.py took 0.084 seconds
[2026-04-01T09:37:03.804+0530] {processor.py:161} INFO - Started process (PID=87664) to work on /Users/aswin/Documents/data-engineering-practice/ETL_Airflow_DBT/airflow/airflow_env/lib/python3.11/site-packages/airflow/example_dags/example_sensors.py
[2026-04-01T09:37:03.804+0530] {processor.py:830} INFO - Processing file /Users/aswin/Documents/data-engineering-practice/ETL_Airflow_DBT/airflow/airflow_env/lib/python3.11/site-packages/airflow/example_dags/example_sensors.py for tasks to queue
[2026-04-01T09:37:03.804+0530] {logging_mixin.py:188} INFO - [2026-04-01T09:37:03.804+0530] {dagbag.py:540} INFO - Filling up the DagBag from /Users/aswin/Documents/data-engineering-practice/ETL_Airflow_DBT/airflow/airflow_env/lib/python3.11/site-packages/airflow/example_dags/example_sensors.py
[2026-04-01T09:37:03.812+0530] {processor.py:840} INFO - DAG(s) 'example_sensors' retrieved from /Users/aswin/Documents/data-engineering-practice/ETL_Airflow_DBT/airflow/airflow_env/lib/python3.11/site-packages/airflow/example_dags/example_sensors.py
[2026-04-01T09:37:03.869+0530] {logging_mixin.py:188} INFO - [2026-04-01T09:37:03.869+0530] {dag.py:3096} INFO - Sync 1 DAGs
[2026-04-01T09:37:03.876+0530] {logging_mixin.py:188} INFO - [2026-04-01T09:37:03.876+0530] {dag.py:3954} INFO - Setting next_dagrun for example_sensors to None, run_after=None
[2026-04-01T09:37:03.886+0530] {processor.py:183} INFO - Processing /Users/aswin/Documents/data-engineering-practice/ETL_Airflow_DBT/airflow/airflow_env/lib/python3.11/site-packages/airflow/example_dags/example_sensors.py took 0.083 seconds
[2026-04-01T09:43:23.508+0530] {processor.py:161} INFO - Started process (PID=87756) to work on /Users/aswin/Documents/data-engineering-practice/ETL_Airflow_DBT/airflow/airflow_env/lib/python3.11/site-packages/airflow/example_dags/example_sensors.py
[2026-04-01T09:43:23.509+0530] {processor.py:830} INFO - Processing file /Users/aswin/Documents/data-engineering-practice/ETL_Airflow_DBT/airflow/airflow_env/lib/python3.11/site-packages/airflow/example_dags/example_sensors.py for tasks to queue
[2026-04-01T09:43:23.509+0530] {logging_mixin.py:188} INFO - [2026-04-01T09:43:23.509+0530] {dagbag.py:540} INFO - Filling up the DagBag from /Users/aswin/Documents/data-engineering-practice/ETL_Airflow_DBT/airflow/airflow_env/lib/python3.11/site-packages/airflow/example_dags/example_sensors.py
[2026-04-01T09:43:23.516+0530] {processor.py:840} INFO - DAG(s) 'example_sensors' retrieved from /Users/aswin/Documents/data-engineering-practice/ETL_Airflow_DBT/airflow/airflow_env/lib/python3.11/site-packages/airflow/example_dags/example_sensors.py
[2026-04-01T09:43:23.571+0530] {logging_mixin.py:188} INFO - [2026-04-01T09:43:23.571+0530] {dag.py:3096} INFO - Sync 1 DAGs
[2026-04-01T09:43:23.578+0530] {logging_mixin.py:188} INFO - [2026-04-01T09:43:23.578+0530] {dag.py:3954} INFO - Setting next_dagrun for example_sensors to None, run_after=None
[2026-04-01T09:43:23.588+0530] {processor.py:183} INFO - Processing /Users/aswin/Documents/data-engineering-practice/ETL_Airflow_DBT/airflow/airflow_env/lib/python3.11/site-packages/airflow/example_dags/example_sensors.py took 0.081 seconds
[2026-04-01T10:00:45.601+0530] {processor.py:161} INFO - Started process (PID=87848) to work on /Users/aswin/Documents/data-engineering-practice/ETL_Airflow_DBT/airflow/airflow_env/lib/python3.11/site-packages/airflow/example_dags/example_sensors.py
[2026-04-01T10:00:45.602+0530] {processor.py:830} INFO - Processing file /Users/aswin/Documents/data-engineering-practice/ETL_Airflow_DBT/airflow/airflow_env/lib/python3.11/site-packages/airflow/example_dags/example_sensors.py for tasks to queue
[2026-04-01T10:00:45.603+0530] {logging_mixin.py:188} INFO - [2026-04-01T10:00:45.602+0530] {dagbag.py:540} INFO - Filling up the DagBag from /Users/aswin/Documents/data-engineering-practice/ETL_Airflow_DBT/airflow/airflow_env/lib/python3.11/site-packages/airflow/example_dags/example_sensors.py
[2026-04-01T10:00:45.611+0530] {processor.py:840} INFO - DAG(s) 'example_sensors' retrieved from /Users/aswin/Documents/data-engineering-practice/ETL_Airflow_DBT/airflow/airflow_env/lib/python3.11/site-packages/airflow/example_dags/example_sensors.py
[2026-04-01T10:00:45.669+0530] {logging_mixin.py:188} INFO - [2026-04-01T10:00:45.669+0530] {dag.py:3096} INFO - Sync 1 DAGs
[2026-04-01T10:00:45.675+0530] {logging_mixin.py:188} INFO - [2026-04-01T10:00:45.675+0530] {dag.py:3954} INFO - Setting next_dagrun for example_sensors to None, run_after=None
[2026-04-01T10:00:45.683+0530] {processor.py:183} INFO - Processing /Users/aswin/Documents/data-engineering-practice/ETL_Airflow_DBT/airflow/airflow_env/lib/python3.11/site-packages/airflow/example_dags/example_sensors.py took 0.083 seconds
[2026-04-01T10:02:19.352+0530] {processor.py:161} INFO - Started process (PID=87959) to work on /Users/aswin/Documents/data-engineering-practice/ETL_Airflow_DBT/airflow/airflow_env/lib/python3.11/site-packages/airflow/example_dags/example_sensors.py
[2026-04-01T10:02:19.353+0530] {processor.py:830} INFO - Processing file /Users/aswin/Documents/data-engineering-practice/ETL_Airflow_DBT/airflow/airflow_env/lib/python3.11/site-packages/airflow/example_dags/example_sensors.py for tasks to queue
[2026-04-01T10:02:19.353+0530] {logging_mixin.py:188} INFO - [2026-04-01T10:02:19.353+0530] {dagbag.py:540} INFO - Filling up the DagBag from /Users/aswin/Documents/data-engineering-practice/ETL_Airflow_DBT/airflow/airflow_env/lib/python3.11/site-packages/airflow/example_dags/example_sensors.py
[2026-04-01T10:02:19.359+0530] {processor.py:840} INFO - DAG(s) 'example_sensors' retrieved from /Users/aswin/Documents/data-engineering-practice/ETL_Airflow_DBT/airflow/airflow_env/lib/python3.11/site-packages/airflow/example_dags/example_sensors.py
[2026-04-01T10:02:19.416+0530] {logging_mixin.py:188} INFO - [2026-04-01T10:02:19.416+0530] {dag.py:3096} INFO - Sync 1 DAGs
[2026-04-01T10:02:19.423+0530] {logging_mixin.py:188} INFO - [2026-04-01T10:02:19.423+0530] {dag.py:3954} INFO - Setting next_dagrun for example_sensors to None, run_after=None
[2026-04-01T10:02:19.431+0530] {processor.py:183} INFO - Processing /Users/aswin/Documents/data-engineering-practice/ETL_Airflow_DBT/airflow/airflow_env/lib/python3.11/site-packages/airflow/example_dags/example_sensors.py took 0.081 seconds
[2026-04-01T10:21:08.501+0530] {processor.py:161} INFO - Started process (PID=88167) to work on /Users/aswin/Documents/data-engineering-practice/ETL_Airflow_DBT/airflow/airflow_env/lib/python3.11/site-packages/airflow/example_dags/example_sensors.py
[2026-04-01T10:21:08.501+0530] {processor.py:830} INFO - Processing file /Users/aswin/Documents/data-engineering-practice/ETL_Airflow_DBT/airflow/airflow_env/lib/python3.11/site-packages/airflow/example_dags/example_sensors.py for tasks to queue
[2026-04-01T10:21:08.501+0530] {logging_mixin.py:188} INFO - [2026-04-01T10:21:08.501+0530] {dagbag.py:540} INFO - Filling up the DagBag from /Users/aswin/Documents/data-engineering-practice/ETL_Airflow_DBT/airflow/airflow_env/lib/python3.11/site-packages/airflow/example_dags/example_sensors.py
[2026-04-01T10:21:08.509+0530] {processor.py:840} INFO - DAG(s) 'example_sensors' retrieved from /Users/aswin/Documents/data-engineering-practice/ETL_Airflow_DBT/airflow/airflow_env/lib/python3.11/site-packages/airflow/example_dags/example_sensors.py
[2026-04-01T10:21:08.576+0530] {logging_mixin.py:188} INFO - [2026-04-01T10:21:08.576+0530] {dag.py:3096} INFO - Sync 1 DAGs
[2026-04-01T10:21:08.583+0530] {logging_mixin.py:188} INFO - [2026-04-01T10:21:08.583+0530] {dag.py:3954} INFO - Setting next_dagrun for example_sensors to None, run_after=None
[2026-04-01T10:21:08.594+0530] {processor.py:183} INFO - Processing /Users/aswin/Documents/data-engineering-practice/ETL_Airflow_DBT/airflow/airflow_env/lib/python3.11/site-packages/airflow/example_dags/example_sensors.py took 0.095 seconds
[2026-04-01T10:22:42.368+0530] {processor.py:161} INFO - Started process (PID=88273) to work on /Users/aswin/Documents/data-engineering-practice/ETL_Airflow_DBT/airflow/airflow_env/lib/python3.11/site-packages/airflow/example_dags/example_sensors.py
[2026-04-01T10:22:42.368+0530] {processor.py:830} INFO - Processing file /Users/aswin/Documents/data-engineering-practice/ETL_Airflow_DBT/airflow/airflow_env/lib/python3.11/site-packages/airflow/example_dags/example_sensors.py for tasks to queue
[2026-04-01T10:22:42.369+0530] {logging_mixin.py:188} INFO - [2026-04-01T10:22:42.369+0530] {dagbag.py:540} INFO - Filling up the DagBag from /Users/aswin/Documents/data-engineering-practice/ETL_Airflow_DBT/airflow/airflow_env/lib/python3.11/site-packages/airflow/example_dags/example_sensors.py
[2026-04-01T10:22:42.380+0530] {processor.py:840} INFO - DAG(s) 'example_sensors' retrieved from /Users/aswin/Documents/data-engineering-practice/ETL_Airflow_DBT/airflow/airflow_env/lib/python3.11/site-packages/airflow/example_dags/example_sensors.py
[2026-04-01T10:22:42.465+0530] {logging_mixin.py:188} INFO - [2026-04-01T10:22:42.465+0530] {dag.py:3096} INFO - Sync 1 DAGs
[2026-04-01T10:22:42.473+0530] {logging_mixin.py:188} INFO - [2026-04-01T10:22:42.473+0530] {dag.py:3954} INFO - Setting next_dagrun for example_sensors to None, run_after=None
[2026-04-01T10:22:42.511+0530] {processor.py:183} INFO - Processing /Users/aswin/Documents/data-engineering-practice/ETL_Airflow_DBT/airflow/airflow_env/lib/python3.11/site-packages/airflow/example_dags/example_sensors.py took 0.146 seconds
[2026-04-01T10:41:55.995+0530] {processor.py:161} INFO - Started process (PID=88445) to work on /Users/aswin/Documents/data-engineering-practice/ETL_Airflow_DBT/airflow/airflow_env/lib/python3.11/site-packages/airflow/example_dags/example_sensors.py
[2026-04-01T10:41:55.996+0530] {processor.py:830} INFO - Processing file /Users/aswin/Documents/data-engineering-practice/ETL_Airflow_DBT/airflow/airflow_env/lib/python3.11/site-packages/airflow/example_dags/example_sensors.py for tasks to queue
[2026-04-01T10:41:55.996+0530] {logging_mixin.py:188} INFO - [2026-04-01T10:41:55.996+0530] {dagbag.py:540} INFO - Filling up the DagBag from /Users/aswin/Documents/data-engineering-practice/ETL_Airflow_DBT/airflow/airflow_env/lib/python3.11/site-packages/airflow/example_dags/example_sensors.py
[2026-04-01T10:41:56.003+0530] {processor.py:840} INFO - DAG(s) 'example_sensors' retrieved from /Users/aswin/Documents/data-engineering-practice/ETL_Airflow_DBT/airflow/airflow_env/lib/python3.11/site-packages/airflow/example_dags/example_sensors.py
[2026-04-01T10:41:56.060+0530] {logging_mixin.py:188} INFO - [2026-04-01T10:41:56.059+0530] {dag.py:3096} INFO - Sync 1 DAGs
[2026-04-01T10:41:56.064+0530] {logging_mixin.py:188} INFO - [2026-04-01T10:41:56.064+0530] {dag.py:3954} INFO - Setting next_dagrun for example_sensors to None, run_after=None
[2026-04-01T10:41:56.072+0530] {processor.py:183} INFO - Processing /Users/aswin/Documents/data-engineering-practice/ETL_Airflow_DBT/airflow/airflow_env/lib/python3.11/site-packages/airflow/example_dags/example_sensors.py took 0.078 seconds
[2026-04-01T10:43:38.543+0530] {processor.py:161} INFO - Started process (PID=88600) to work on /Users/aswin/Documents/data-engineering-practice/ETL_Airflow_DBT/airflow/airflow_env/lib/python3.11/site-packages/airflow/example_dags/example_sensors.py
[2026-04-01T10:43:38.544+0530] {processor.py:830} INFO - Processing file /Users/aswin/Documents/data-engineering-practice/ETL_Airflow_DBT/airflow/airflow_env/lib/python3.11/site-packages/airflow/example_dags/example_sensors.py for tasks to queue
[2026-04-01T10:43:38.544+0530] {logging_mixin.py:188} INFO - [2026-04-01T10:43:38.544+0530] {dagbag.py:540} INFO - Filling up the DagBag from /Users/aswin/Documents/data-engineering-practice/ETL_Airflow_DBT/airflow/airflow_env/lib/python3.11/site-packages/airflow/example_dags/example_sensors.py
[2026-04-01T10:43:38.551+0530] {processor.py:840} INFO - DAG(s) 'example_sensors' retrieved from /Users/aswin/Documents/data-engineering-practice/ETL_Airflow_DBT/airflow/airflow_env/lib/python3.11/site-packages/airflow/example_dags/example_sensors.py
[2026-04-01T10:43:38.611+0530] {logging_mixin.py:188} INFO - [2026-04-01T10:43:38.611+0530] {dag.py:3096} INFO - Sync 1 DAGs
[2026-04-01T10:43:38.618+0530] {logging_mixin.py:188} INFO - [2026-04-01T10:43:38.618+0530] {dag.py:3954} INFO - Setting next_dagrun for example_sensors to None, run_after=None
[2026-04-01T10:43:38.627+0530] {processor.py:183} INFO - Processing /Users/aswin/Documents/data-engineering-practice/ETL_Airflow_DBT/airflow/airflow_env/lib/python3.11/site-packages/airflow/example_dags/example_sensors.py took 0.085 seconds
[2026-04-01T11:01:02.890+0530] {processor.py:161} INFO - Started process (PID=88769) to work on /Users/aswin/Documents/data-engineering-practice/ETL_Airflow_DBT/airflow/airflow_env/lib/python3.11/site-packages/airflow/example_dags/example_sensors.py
[2026-04-01T11:01:02.892+0530] {processor.py:830} INFO - Processing file /Users/aswin/Documents/data-engineering-practice/ETL_Airflow_DBT/airflow/airflow_env/lib/python3.11/site-packages/airflow/example_dags/example_sensors.py for tasks to queue
[2026-04-01T11:01:02.892+0530] {logging_mixin.py:188} INFO - [2026-04-01T11:01:02.892+0530] {dagbag.py:540} INFO - Filling up the DagBag from /Users/aswin/Documents/data-engineering-practice/ETL_Airflow_DBT/airflow/airflow_env/lib/python3.11/site-packages/airflow/example_dags/example_sensors.py
[2026-04-01T11:01:27.911+0530] {processor.py:840} INFO - DAG(s) 'example_sensors' retrieved from /Users/aswin/Documents/data-engineering-practice/ETL_Airflow_DBT/airflow/airflow_env/lib/python3.11/site-packages/airflow/example_dags/example_sensors.py
[2026-04-01T11:01:28.005+0530] {logging_mixin.py:188} INFO - [2026-04-01T11:01:28.004+0530] {dag.py:3096} INFO - Sync 1 DAGs
[2026-04-01T11:01:28.014+0530] {logging_mixin.py:188} INFO - [2026-04-01T11:01:28.014+0530] {dag.py:3954} INFO - Setting next_dagrun for example_sensors to None, run_after=None
[2026-04-01T11:01:28.028+0530] {processor.py:183} INFO - Processing /Users/aswin/Documents/data-engineering-practice/ETL_Airflow_DBT/airflow/airflow_env/lib/python3.11/site-packages/airflow/example_dags/example_sensors.py took 0.293 seconds
[2026-04-01T11:03:09.901+0530] {processor.py:161} INFO - Started process (PID=88923) to work on /Users/aswin/Documents/data-engineering-practice/ETL_Airflow_DBT/airflow/airflow_env/lib/python3.11/site-packages/airflow/example_dags/example_sensors.py
[2026-04-01T11:03:09.901+0530] {processor.py:830} INFO - Processing file /Users/aswin/Documents/data-engineering-practice/ETL_Airflow_DBT/airflow/airflow_env/lib/python3.11/site-packages/airflow/example_dags/example_sensors.py for tasks to queue
[2026-04-01T11:03:09.902+0530] {logging_mixin.py:188} INFO - [2026-04-01T11:03:09.901+0530] {dagbag.py:540} INFO - Filling up the DagBag from /Users/aswin/Documents/data-engineering-practice/ETL_Airflow_DBT/airflow/airflow_env/lib/python3.11/site-packages/airflow/example_dags/example_sensors.py
[2026-04-01T11:03:09.909+0530] {processor.py:840} INFO - DAG(s) 'example_sensors' retrieved from /Users/aswin/Documents/data-engineering-practice/ETL_Airflow_DBT/airflow/airflow_env/lib/python3.11/site-packages/airflow/example_dags/example_sensors.py
[2026-04-01T11:03:09.967+0530] {logging_mixin.py:188} INFO - [2026-04-01T11:03:09.967+0530] {dag.py:3096} INFO - Sync 1 DAGs
[2026-04-01T11:03:09.974+0530] {logging_mixin.py:188} INFO - [2026-04-01T11:03:09.974+0530] {dag.py:3954} INFO - Setting next_dagrun for example_sensors to None, run_after=None
[2026-04-01T11:03:09.982+0530] {processor.py:183} INFO - Processing /Users/aswin/Documents/data-engineering-practice/ETL_Airflow_DBT/airflow/airflow_env/lib/python3.11/site-packages/airflow/example_dags/example_sensors.py took 0.082 seconds
[2026-04-01T11:07:08.388+0530] {processor.py:161} INFO - Started process (PID=89023) to work on /Users/aswin/Documents/data-engineering-practice/ETL_Airflow_DBT/airflow/airflow_env/lib/python3.11/site-packages/airflow/example_dags/example_sensors.py
[2026-04-01T11:07:08.390+0530] {processor.py:830} INFO - Processing file /Users/aswin/Documents/data-engineering-practice/ETL_Airflow_DBT/airflow/airflow_env/lib/python3.11/site-packages/airflow/example_dags/example_sensors.py for tasks to queue
[2026-04-01T11:07:08.390+0530] {logging_mixin.py:188} INFO - [2026-04-01T11:07:08.390+0530] {dagbag.py:540} INFO - Filling up the DagBag from /Users/aswin/Documents/data-engineering-practice/ETL_Airflow_DBT/airflow/airflow_env/lib/python3.11/site-packages/airflow/example_dags/example_sensors.py
[2026-04-01T11:07:08.398+0530] {processor.py:840} INFO - DAG(s) 'example_sensors' retrieved from /Users/aswin/Documents/data-engineering-practice/ETL_Airflow_DBT/airflow/airflow_env/lib/python3.11/site-packages/airflow/example_dags/example_sensors.py
[2026-04-01T11:07:08.468+0530] {logging_mixin.py:188} INFO - [2026-04-01T11:07:08.468+0530] {dag.py:3096} INFO - Sync 1 DAGs
[2026-04-01T11:07:08.476+0530] {logging_mixin.py:188} INFO - [2026-04-01T11:07:08.476+0530] {dag.py:3954} INFO - Setting next_dagrun for example_sensors to None, run_after=None
[2026-04-01T11:07:08.488+0530] {processor.py:183} INFO - Processing /Users/aswin/Documents/data-engineering-practice/ETL_Airflow_DBT/airflow/airflow_env/lib/python3.11/site-packages/airflow/example_dags/example_sensors.py took 0.100 seconds
[2026-04-01T11:22:06.301+0530] {processor.py:161} INFO - Started process (PID=89180) to work on /Users/aswin/Documents/data-engineering-practice/ETL_Airflow_DBT/airflow/airflow_env/lib/python3.11/site-packages/airflow/example_dags/example_sensors.py
[2026-04-01T11:22:06.302+0530] {processor.py:830} INFO - Processing file /Users/aswin/Documents/data-engineering-practice/ETL_Airflow_DBT/airflow/airflow_env/lib/python3.11/site-packages/airflow/example_dags/example_sensors.py for tasks to queue
[2026-04-01T11:22:06.303+0530] {logging_mixin.py:188} INFO - [2026-04-01T11:22:06.303+0530] {dagbag.py:540} INFO - Filling up the DagBag from /Users/aswin/Documents/data-engineering-practice/ETL_Airflow_DBT/airflow/airflow_env/lib/python3.11/site-packages/airflow/example_dags/example_sensors.py
[2026-04-01T11:22:06.309+0530] {processor.py:840} INFO - DAG(s) 'example_sensors' retrieved from /Users/aswin/Documents/data-engineering-practice/ETL_Airflow_DBT/airflow/airflow_env/lib/python3.11/site-packages/airflow/example_dags/example_sensors.py
[2026-04-01T11:22:06.367+0530] {logging_mixin.py:188} INFO - [2026-04-01T11:22:06.367+0530] {dag.py:3096} INFO - Sync 1 DAGs
[2026-04-01T11:22:06.373+0530] {logging_mixin.py:188} INFO - [2026-04-01T11:22:06.373+0530] {dag.py:3954} INFO - Setting next_dagrun for example_sensors to None, run_after=None
[2026-04-01T11:22:06.382+0530] {processor.py:183} INFO - Processing /Users/aswin/Documents/data-engineering-practice/ETL_Airflow_DBT/airflow/airflow_env/lib/python3.11/site-packages/airflow/example_dags/example_sensors.py took 0.082 seconds
[2026-04-01T11:23:47.838+0530] {processor.py:161} INFO - Started process (PID=89338) to work on /Users/aswin/Documents/data-engineering-practice/ETL_Airflow_DBT/airflow/airflow_env/lib/python3.11/site-packages/airflow/example_dags/example_sensors.py
[2026-04-01T11:23:47.838+0530] {processor.py:830} INFO - Processing file /Users/aswin/Documents/data-engineering-practice/ETL_Airflow_DBT/airflow/airflow_env/lib/python3.11/site-packages/airflow/example_dags/example_sensors.py for tasks to queue
[2026-04-01T11:23:47.838+0530] {logging_mixin.py:188} INFO - [2026-04-01T11:23:47.838+0530] {dagbag.py:540} INFO - Filling up the DagBag from /Users/aswin/Documents/data-engineering-practice/ETL_Airflow_DBT/airflow/airflow_env/lib/python3.11/site-packages/airflow/example_dags/example_sensors.py
[2026-04-01T11:23:47.846+0530] {processor.py:840} INFO - DAG(s) 'example_sensors' retrieved from /Users/aswin/Documents/data-engineering-practice/ETL_Airflow_DBT/airflow/airflow_env/lib/python3.11/site-packages/airflow/example_dags/example_sensors.py
[2026-04-01T11:23:47.905+0530] {logging_mixin.py:188} INFO - [2026-04-01T11:23:47.905+0530] {dag.py:3096} INFO - Sync 1 DAGs
[2026-04-01T11:23:47.912+0530] {logging_mixin.py:188} INFO - [2026-04-01T11:23:47.912+0530] {dag.py:3954} INFO - Setting next_dagrun for example_sensors to None, run_after=None
[2026-04-01T11:23:47.922+0530] {processor.py:183} INFO - Processing /Users/aswin/Documents/data-engineering-practice/ETL_Airflow_DBT/airflow/airflow_env/lib/python3.11/site-packages/airflow/example_dags/example_sensors.py took 0.086 seconds
[2026-04-01T11:25:31.698+0530] {processor.py:161} INFO - Started process (PID=89500) to work on /Users/aswin/Documents/data-engineering-practice/ETL_Airflow_DBT/airflow/airflow_env/lib/python3.11/site-packages/airflow/example_dags/example_sensors.py
[2026-04-01T11:25:31.698+0530] {processor.py:830} INFO - Processing file /Users/aswin/Documents/data-engineering-practice/ETL_Airflow_DBT/airflow/airflow_env/lib/python3.11/site-packages/airflow/example_dags/example_sensors.py for tasks to queue
[2026-04-01T11:25:31.698+0530] {logging_mixin.py:188} INFO - [2026-04-01T11:25:31.698+0530] {dagbag.py:540} INFO - Filling up the DagBag from /Users/aswin/Documents/data-engineering-practice/ETL_Airflow_DBT/airflow/airflow_env/lib/python3.11/site-packages/airflow/example_dags/example_sensors.py
[2026-04-01T11:25:31.704+0530] {processor.py:840} INFO - DAG(s) 'example_sensors' retrieved from /Users/aswin/Documents/data-engineering-practice/ETL_Airflow_DBT/airflow/airflow_env/lib/python3.11/site-packages/airflow/example_dags/example_sensors.py
[2026-04-01T11:25:31.761+0530] {logging_mixin.py:188} INFO - [2026-04-01T11:25:31.761+0530] {dag.py:3096} INFO - Sync 1 DAGs
[2026-04-01T11:25:31.768+0530] {logging_mixin.py:188} INFO - [2026-04-01T11:25:31.768+0530] {dag.py:3954} INFO - Setting next_dagrun for example_sensors to None, run_after=None
[2026-04-01T11:25:31.779+0530] {processor.py:183} INFO - Processing /Users/aswin/Documents/data-engineering-practice/ETL_Airflow_DBT/airflow/airflow_env/lib/python3.11/site-packages/airflow/example_dags/example_sensors.py took 0.082 seconds
[2026-04-01T11:43:35.960+0530] {processor.py:161} INFO - Started process (PID=89683) to work on /Users/aswin/Documents/data-engineering-practice/ETL_Airflow_DBT/airflow/airflow_env/lib/python3.11/site-packages/airflow/example_dags/example_sensors.py
[2026-04-01T11:43:35.960+0530] {processor.py:830} INFO - Processing file /Users/aswin/Documents/data-engineering-practice/ETL_Airflow_DBT/airflow/airflow_env/lib/python3.11/site-packages/airflow/example_dags/example_sensors.py for tasks to queue
[2026-04-01T11:43:35.961+0530] {logging_mixin.py:188} INFO - [2026-04-01T11:43:35.961+0530] {dagbag.py:540} INFO - Filling up the DagBag from /Users/aswin/Documents/data-engineering-practice/ETL_Airflow_DBT/airflow/airflow_env/lib/python3.11/site-packages/airflow/example_dags/example_sensors.py
[2026-04-01T11:43:35.968+0530] {processor.py:840} INFO - DAG(s) 'example_sensors' retrieved from /Users/aswin/Documents/data-engineering-practice/ETL_Airflow_DBT/airflow/airflow_env/lib/python3.11/site-packages/airflow/example_dags/example_sensors.py
[2026-04-01T11:43:36.026+0530] {logging_mixin.py:188} INFO - [2026-04-01T11:43:36.026+0530] {dag.py:3096} INFO - Sync 1 DAGs
[2026-04-01T11:43:36.042+0530] {logging_mixin.py:188} INFO - [2026-04-01T11:43:36.042+0530] {dag.py:3954} INFO - Setting next_dagrun for example_sensors to None, run_after=None
[2026-04-01T11:43:36.051+0530] {processor.py:183} INFO - Processing /Users/aswin/Documents/data-engineering-practice/ETL_Airflow_DBT/airflow/airflow_env/lib/python3.11/site-packages/airflow/example_dags/example_sensors.py took 0.092 seconds
[2026-04-01T11:44:40.351+0530] {processor.py:161} INFO - Started process (PID=89766) to work on /Users/aswin/Documents/data-engineering-practice/ETL_Airflow_DBT/airflow/airflow_env/lib/python3.11/site-packages/airflow/example_dags/example_sensors.py
[2026-04-01T11:44:40.351+0530] {processor.py:830} INFO - Processing file /Users/aswin/Documents/data-engineering-practice/ETL_Airflow_DBT/airflow/airflow_env/lib/python3.11/site-packages/airflow/example_dags/example_sensors.py for tasks to queue
[2026-04-01T11:44:40.351+0530] {logging_mixin.py:188} INFO - [2026-04-01T11:44:40.351+0530] {dagbag.py:540} INFO - Filling up the DagBag from /Users/aswin/Documents/data-engineering-practice/ETL_Airflow_DBT/airflow/airflow_env/lib/python3.11/site-packages/airflow/example_dags/example_sensors.py
[2026-04-01T11:44:40.358+0530] {processor.py:840} INFO - DAG(s) 'example_sensors' retrieved from /Users/aswin/Documents/data-engineering-practice/ETL_Airflow_DBT/airflow/airflow_env/lib/python3.11/site-packages/airflow/example_dags/example_sensors.py
[2026-04-01T11:44:40.414+0530] {logging_mixin.py:188} INFO - [2026-04-01T11:44:40.414+0530] {dag.py:3096} INFO - Sync 1 DAGs
[2026-04-01T11:44:40.421+0530] {logging_mixin.py:188} INFO - [2026-04-01T11:44:40.421+0530] {dag.py:3954} INFO - Setting next_dagrun for example_sensors to None, run_after=None
[2026-04-01T11:44:40.432+0530] {processor.py:183} INFO - Processing /Users/aswin/Documents/data-engineering-practice/ETL_Airflow_DBT/airflow/airflow_env/lib/python3.11/site-packages/airflow/example_dags/example_sensors.py took 0.082 seconds
[2026-04-01T12:02:34.383+0530] {processor.py:161} INFO - Started process (PID=89963) to work on /Users/aswin/Documents/data-engineering-practice/ETL_Airflow_DBT/airflow/airflow_env/lib/python3.11/site-packages/airflow/example_dags/example_sensors.py
[2026-04-01T12:02:34.383+0530] {processor.py:830} INFO - Processing file /Users/aswin/Documents/data-engineering-practice/ETL_Airflow_DBT/airflow/airflow_env/lib/python3.11/site-packages/airflow/example_dags/example_sensors.py for tasks to queue
[2026-04-01T12:02:34.384+0530] {logging_mixin.py:188} INFO - [2026-04-01T12:02:34.383+0530] {dagbag.py:540} INFO - Filling up the DagBag from /Users/aswin/Documents/data-engineering-practice/ETL_Airflow_DBT/airflow/airflow_env/lib/python3.11/site-packages/airflow/example_dags/example_sensors.py
[2026-04-01T12:02:34.390+0530] {processor.py:840} INFO - DAG(s) 'example_sensors' retrieved from /Users/aswin/Documents/data-engineering-practice/ETL_Airflow_DBT/airflow/airflow_env/lib/python3.11/site-packages/airflow/example_dags/example_sensors.py
[2026-04-01T12:02:34.452+0530] {logging_mixin.py:188} INFO - [2026-04-01T12:02:34.452+0530] {dag.py:3096} INFO - Sync 1 DAGs
[2026-04-01T12:02:34.458+0530] {logging_mixin.py:188} INFO - [2026-04-01T12:02:34.457+0530] {dag.py:3954} INFO - Setting next_dagrun for example_sensors to None, run_after=None
[2026-04-01T12:02:34.466+0530] {processor.py:183} INFO - Processing /Users/aswin/Documents/data-engineering-practice/ETL_Airflow_DBT/airflow/airflow_env/lib/python3.11/site-packages/airflow/example_dags/example_sensors.py took 0.084 seconds
[2026-04-01T12:04:43.457+0530] {processor.py:161} INFO - Started process (PID=90126) to work on /Users/aswin/Documents/data-engineering-practice/ETL_Airflow_DBT/airflow/airflow_env/lib/python3.11/site-packages/airflow/example_dags/example_sensors.py
[2026-04-01T12:04:43.458+0530] {processor.py:830} INFO - Processing file /Users/aswin/Documents/data-engineering-practice/ETL_Airflow_DBT/airflow/airflow_env/lib/python3.11/site-packages/airflow/example_dags/example_sensors.py for tasks to queue
[2026-04-01T12:04:43.458+0530] {logging_mixin.py:188} INFO - [2026-04-01T12:04:43.458+0530] {dagbag.py:540} INFO - Filling up the DagBag from /Users/aswin/Documents/data-engineering-practice/ETL_Airflow_DBT/airflow/airflow_env/lib/python3.11/site-packages/airflow/example_dags/example_sensors.py
[2026-04-01T12:04:43.465+0530] {processor.py:840} INFO - DAG(s) 'example_sensors' retrieved from /Users/aswin/Documents/data-engineering-practice/ETL_Airflow_DBT/airflow/airflow_env/lib/python3.11/site-packages/airflow/example_dags/example_sensors.py
[2026-04-01T12:04:43.520+0530] {logging_mixin.py:188} INFO - [2026-04-01T12:04:43.519+0530] {dag.py:3096} INFO - Sync 1 DAGs
[2026-04-01T12:04:43.526+0530] {logging_mixin.py:188} INFO - [2026-04-01T12:04:43.526+0530] {dag.py:3954} INFO - Setting next_dagrun for example_sensors to None, run_after=None
[2026-04-01T12:04:43.535+0530] {processor.py:183} INFO - Processing /Users/aswin/Documents/data-engineering-practice/ETL_Airflow_DBT/airflow/airflow_env/lib/python3.11/site-packages/airflow/example_dags/example_sensors.py took 0.079 seconds
[2026-04-01T12:22:38.300+0530] {processor.py:161} INFO - Started process (PID=90218) to work on /Users/aswin/Documents/data-engineering-practice/ETL_Airflow_DBT/airflow/airflow_env/lib/python3.11/site-packages/airflow/example_dags/example_sensors.py
[2026-04-01T12:22:38.301+0530] {processor.py:830} INFO - Processing file /Users/aswin/Documents/data-engineering-practice/ETL_Airflow_DBT/airflow/airflow_env/lib/python3.11/site-packages/airflow/example_dags/example_sensors.py for tasks to queue
[2026-04-01T12:22:38.301+0530] {logging_mixin.py:188} INFO - [2026-04-01T12:22:38.301+0530] {dagbag.py:540} INFO - Filling up the DagBag from /Users/aswin/Documents/data-engineering-practice/ETL_Airflow_DBT/airflow/airflow_env/lib/python3.11/site-packages/airflow/example_dags/example_sensors.py
[2026-04-01T12:22:38.308+0530] {processor.py:840} INFO - DAG(s) 'example_sensors' retrieved from /Users/aswin/Documents/data-engineering-practice/ETL_Airflow_DBT/airflow/airflow_env/lib/python3.11/site-packages/airflow/example_dags/example_sensors.py
[2026-04-01T12:22:38.365+0530] {logging_mixin.py:188} INFO - [2026-04-01T12:22:38.364+0530] {dag.py:3096} INFO - Sync 1 DAGs
[2026-04-01T12:22:38.373+0530] {logging_mixin.py:188} INFO - [2026-04-01T12:22:38.372+0530] {dag.py:3954} INFO - Setting next_dagrun for example_sensors to None, run_after=None
[2026-04-01T12:22:38.381+0530] {processor.py:183} INFO - Processing /Users/aswin/Documents/data-engineering-practice/ETL_Airflow_DBT/airflow/airflow_env/lib/python3.11/site-packages/airflow/example_dags/example_sensors.py took 0.082 seconds
[2026-04-01T12:23:49.185+0530] {processor.py:161} INFO - Started process (PID=90337) to work on /Users/aswin/Documents/data-engineering-practice/ETL_Airflow_DBT/airflow/airflow_env/lib/python3.11/site-packages/airflow/example_dags/example_sensors.py
[2026-04-01T12:23:49.186+0530] {processor.py:830} INFO - Processing file /Users/aswin/Documents/data-engineering-practice/ETL_Airflow_DBT/airflow/airflow_env/lib/python3.11/site-packages/airflow/example_dags/example_sensors.py for tasks to queue
[2026-04-01T12:23:49.186+0530] {logging_mixin.py:188} INFO - [2026-04-01T12:23:49.186+0530] {dagbag.py:540} INFO - Filling up the DagBag from /Users/aswin/Documents/data-engineering-practice/ETL_Airflow_DBT/airflow/airflow_env/lib/python3.11/site-packages/airflow/example_dags/example_sensors.py
[2026-04-01T12:23:49.193+0530] {processor.py:840} INFO - DAG(s) 'example_sensors' retrieved from /Users/aswin/Documents/data-engineering-practice/ETL_Airflow_DBT/airflow/airflow_env/lib/python3.11/site-packages/airflow/example_dags/example_sensors.py
[2026-04-01T12:23:49.263+0530] {logging_mixin.py:188} INFO - [2026-04-01T12:23:49.263+0530] {dag.py:3096} INFO - Sync 1 DAGs
[2026-04-01T12:23:49.269+0530] {logging_mixin.py:188} INFO - [2026-04-01T12:23:49.269+0530] {dag.py:3954} INFO - Setting next_dagrun for example_sensors to None, run_after=None
[2026-04-01T12:23:49.277+0530] {processor.py:183} INFO - Processing /Users/aswin/Documents/data-engineering-practice/ETL_Airflow_DBT/airflow/airflow_env/lib/python3.11/site-packages/airflow/example_dags/example_sensors.py took 0.093 seconds
[2026-04-01T12:43:02.697+0530] {processor.py:161} INFO - Started process (PID=90487) to work on /Users/aswin/Documents/data-engineering-practice/ETL_Airflow_DBT/airflow/airflow_env/lib/python3.11/site-packages/airflow/example_dags/example_sensors.py
[2026-04-01T12:43:02.698+0530] {processor.py:830} INFO - Processing file /Users/aswin/Documents/data-engineering-practice/ETL_Airflow_DBT/airflow/airflow_env/lib/python3.11/site-packages/airflow/example_dags/example_sensors.py for tasks to queue
[2026-04-01T12:43:02.698+0530] {logging_mixin.py:188} INFO - [2026-04-01T12:43:02.698+0530] {dagbag.py:540} INFO - Filling up the DagBag from /Users/aswin/Documents/data-engineering-practice/ETL_Airflow_DBT/airflow/airflow_env/lib/python3.11/site-packages/airflow/example_dags/example_sensors.py
[2026-04-01T12:43:02.705+0530] {processor.py:840} INFO - DAG(s) 'example_sensors' retrieved from /Users/aswin/Documents/data-engineering-practice/ETL_Airflow_DBT/airflow/airflow_env/lib/python3.11/site-packages/airflow/example_dags/example_sensors.py
[2026-04-01T12:43:27.768+0530] {logging_mixin.py:188} INFO - [2026-04-01T12:43:27.768+0530] {dag.py:3096} INFO - Sync 1 DAGs
[2026-04-01T12:43:27.778+0530] {logging_mixin.py:188} INFO - [2026-04-01T12:43:27.777+0530] {dag.py:3954} INFO - Setting next_dagrun for example_sensors to None, run_after=None
[2026-04-01T12:43:27.795+0530] {processor.py:183} INFO - Processing /Users/aswin/Documents/data-engineering-practice/ETL_Airflow_DBT/airflow/airflow_env/lib/python3.11/site-packages/airflow/example_dags/example_sensors.py took 0.290 seconds
[2026-04-01T12:45:11.546+0530] {processor.py:161} INFO - Started process (PID=90648) to work on /Users/aswin/Documents/data-engineering-practice/ETL_Airflow_DBT/airflow/airflow_env/lib/python3.11/site-packages/airflow/example_dags/example_sensors.py
[2026-04-01T12:45:11.547+0530] {processor.py:830} INFO - Processing file /Users/aswin/Documents/data-engineering-practice/ETL_Airflow_DBT/airflow/airflow_env/lib/python3.11/site-packages/airflow/example_dags/example_sensors.py for tasks to queue
[2026-04-01T12:45:11.547+0530] {logging_mixin.py:188} INFO - [2026-04-01T12:45:11.547+0530] {dagbag.py:540} INFO - Filling up the DagBag from /Users/aswin/Documents/data-engineering-practice/ETL_Airflow_DBT/airflow/airflow_env/lib/python3.11/site-packages/airflow/example_dags/example_sensors.py
[2026-04-01T12:45:11.554+0530] {processor.py:840} INFO - DAG(s) 'example_sensors' retrieved from /Users/aswin/Documents/data-engineering-practice/ETL_Airflow_DBT/airflow/airflow_env/lib/python3.11/site-packages/airflow/example_dags/example_sensors.py
[2026-04-01T12:45:11.610+0530] {logging_mixin.py:188} INFO - [2026-04-01T12:45:11.610+0530] {dag.py:3096} INFO - Sync 1 DAGs
[2026-04-01T12:45:11.617+0530] {logging_mixin.py:188} INFO - [2026-04-01T12:45:11.617+0530] {dag.py:3954} INFO - Setting next_dagrun for example_sensors to None, run_after=None
[2026-04-01T12:45:11.628+0530] {processor.py:183} INFO - Processing /Users/aswin/Documents/data-engineering-practice/ETL_Airflow_DBT/airflow/airflow_env/lib/python3.11/site-packages/airflow/example_dags/example_sensors.py took 0.083 seconds
[2026-04-01T13:04:02.036+0530] {processor.py:161} INFO - Started process (PID=90824) to work on /Users/aswin/Documents/data-engineering-practice/ETL_Airflow_DBT/airflow/airflow_env/lib/python3.11/site-packages/airflow/example_dags/example_sensors.py
[2026-04-01T13:04:02.036+0530] {processor.py:830} INFO - Processing file /Users/aswin/Documents/data-engineering-practice/ETL_Airflow_DBT/airflow/airflow_env/lib/python3.11/site-packages/airflow/example_dags/example_sensors.py for tasks to queue
[2026-04-01T13:04:02.037+0530] {logging_mixin.py:188} INFO - [2026-04-01T13:04:02.037+0530] {dagbag.py:540} INFO - Filling up the DagBag from /Users/aswin/Documents/data-engineering-practice/ETL_Airflow_DBT/airflow/airflow_env/lib/python3.11/site-packages/airflow/example_dags/example_sensors.py
[2026-04-01T13:04:02.043+0530] {processor.py:840} INFO - DAG(s) 'example_sensors' retrieved from /Users/aswin/Documents/data-engineering-practice/ETL_Airflow_DBT/airflow/airflow_env/lib/python3.11/site-packages/airflow/example_dags/example_sensors.py
[2026-04-01T13:04:02.098+0530] {logging_mixin.py:188} INFO - [2026-04-01T13:04:02.098+0530] {dag.py:3096} INFO - Sync 1 DAGs
[2026-04-01T13:04:02.105+0530] {logging_mixin.py:188} INFO - [2026-04-01T13:04:02.105+0530] {dag.py:3954} INFO - Setting next_dagrun for example_sensors to None, run_after=None
[2026-04-01T13:04:02.116+0530] {processor.py:183} INFO - Processing /Users/aswin/Documents/data-engineering-practice/ETL_Airflow_DBT/airflow/airflow_env/lib/python3.11/site-packages/airflow/example_dags/example_sensors.py took 0.081 seconds
[2026-04-01T13:04:43.428+0530] {processor.py:161} INFO - Started process (PID=90922) to work on /Users/aswin/Documents/data-engineering-practice/ETL_Airflow_DBT/airflow/airflow_env/lib/python3.11/site-packages/airflow/example_dags/example_sensors.py
[2026-04-01T13:04:43.429+0530] {processor.py:830} INFO - Processing file /Users/aswin/Documents/data-engineering-practice/ETL_Airflow_DBT/airflow/airflow_env/lib/python3.11/site-packages/airflow/example_dags/example_sensors.py for tasks to queue
[2026-04-01T13:04:43.429+0530] {logging_mixin.py:188} INFO - [2026-04-01T13:04:43.429+0530] {dagbag.py:540} INFO - Filling up the DagBag from /Users/aswin/Documents/data-engineering-practice/ETL_Airflow_DBT/airflow/airflow_env/lib/python3.11/site-packages/airflow/example_dags/example_sensors.py
[2026-04-01T13:04:43.436+0530] {processor.py:840} INFO - DAG(s) 'example_sensors' retrieved from /Users/aswin/Documents/data-engineering-practice/ETL_Airflow_DBT/airflow/airflow_env/lib/python3.11/site-packages/airflow/example_dags/example_sensors.py
[2026-04-01T13:04:43.495+0530] {logging_mixin.py:188} INFO - [2026-04-01T13:04:43.495+0530] {dag.py:3096} INFO - Sync 1 DAGs
[2026-04-01T13:04:43.502+0530] {logging_mixin.py:188} INFO - [2026-04-01T13:04:43.502+0530] {dag.py:3954} INFO - Setting next_dagrun for example_sensors to None, run_after=None
[2026-04-01T13:04:43.510+0530] {processor.py:183} INFO - Processing /Users/aswin/Documents/data-engineering-practice/ETL_Airflow_DBT/airflow/airflow_env/lib/python3.11/site-packages/airflow/example_dags/example_sensors.py took 0.083 seconds
[2026-04-01T13:20:25.434+0530] {processor.py:161} INFO - Started process (PID=91013) to work on /Users/aswin/Documents/data-engineering-practice/ETL_Airflow_DBT/airflow/airflow_env/lib/python3.11/site-packages/airflow/example_dags/example_sensors.py
[2026-04-01T13:20:25.434+0530] {processor.py:830} INFO - Processing file /Users/aswin/Documents/data-engineering-practice/ETL_Airflow_DBT/airflow/airflow_env/lib/python3.11/site-packages/airflow/example_dags/example_sensors.py for tasks to queue
[2026-04-01T13:20:25.435+0530] {logging_mixin.py:188} INFO - [2026-04-01T13:20:25.435+0530] {dagbag.py:540} INFO - Filling up the DagBag from /Users/aswin/Documents/data-engineering-practice/ETL_Airflow_DBT/airflow/airflow_env/lib/python3.11/site-packages/airflow/example_dags/example_sensors.py
[2026-04-01T13:20:25.441+0530] {processor.py:840} INFO - DAG(s) 'example_sensors' retrieved from /Users/aswin/Documents/data-engineering-practice/ETL_Airflow_DBT/airflow/airflow_env/lib/python3.11/site-packages/airflow/example_dags/example_sensors.py
[2026-04-01T13:20:25.505+0530] {logging_mixin.py:188} INFO - [2026-04-01T13:20:25.505+0530] {dag.py:3096} INFO - Sync 1 DAGs
[2026-04-01T13:20:25.510+0530] {logging_mixin.py:188} INFO - [2026-04-01T13:20:25.510+0530] {dag.py:3954} INFO - Setting next_dagrun for example_sensors to None, run_after=None
[2026-04-01T13:20:25.520+0530] {processor.py:183} INFO - Processing /Users/aswin/Documents/data-engineering-practice/ETL_Airflow_DBT/airflow/airflow_env/lib/python3.11/site-packages/airflow/example_dags/example_sensors.py took 0.087 seconds
[2026-04-01T13:21:58.762+0530] {processor.py:161} INFO - Started process (PID=91117) to work on /Users/aswin/Documents/data-engineering-practice/ETL_Airflow_DBT/airflow/airflow_env/lib/python3.11/site-packages/airflow/example_dags/example_sensors.py
[2026-04-01T13:21:58.763+0530] {processor.py:830} INFO - Processing file /Users/aswin/Documents/data-engineering-practice/ETL_Airflow_DBT/airflow/airflow_env/lib/python3.11/site-packages/airflow/example_dags/example_sensors.py for tasks to queue
[2026-04-01T13:21:58.763+0530] {logging_mixin.py:188} INFO - [2026-04-01T13:21:58.763+0530] {dagbag.py:540} INFO - Filling up the DagBag from /Users/aswin/Documents/data-engineering-practice/ETL_Airflow_DBT/airflow/airflow_env/lib/python3.11/site-packages/airflow/example_dags/example_sensors.py
[2026-04-01T13:21:58.770+0530] {processor.py:840} INFO - DAG(s) 'example_sensors' retrieved from /Users/aswin/Documents/data-engineering-practice/ETL_Airflow_DBT/airflow/airflow_env/lib/python3.11/site-packages/airflow/example_dags/example_sensors.py
[2026-04-01T13:21:58.826+0530] {logging_mixin.py:188} INFO - [2026-04-01T13:21:58.826+0530] {dag.py:3096} INFO - Sync 1 DAGs
[2026-04-01T13:21:58.833+0530] {logging_mixin.py:188} INFO - [2026-04-01T13:21:58.833+0530] {dag.py:3954} INFO - Setting next_dagrun for example_sensors to None, run_after=None
[2026-04-01T13:21:58.844+0530] {processor.py:183} INFO - Processing /Users/aswin/Documents/data-engineering-practice/ETL_Airflow_DBT/airflow/airflow_env/lib/python3.11/site-packages/airflow/example_dags/example_sensors.py took 0.082 seconds
[2026-04-01T13:23:03.627+0530] {processor.py:161} INFO - Started process (PID=91201) to work on /Users/aswin/Documents/data-engineering-practice/ETL_Airflow_DBT/airflow/airflow_env/lib/python3.11/site-packages/airflow/example_dags/example_sensors.py
[2026-04-01T13:23:03.627+0530] {processor.py:830} INFO - Processing file /Users/aswin/Documents/data-engineering-practice/ETL_Airflow_DBT/airflow/airflow_env/lib/python3.11/site-packages/airflow/example_dags/example_sensors.py for tasks to queue
[2026-04-01T13:23:03.627+0530] {logging_mixin.py:188} INFO - [2026-04-01T13:23:03.627+0530] {dagbag.py:540} INFO - Filling up the DagBag from /Users/aswin/Documents/data-engineering-practice/ETL_Airflow_DBT/airflow/airflow_env/lib/python3.11/site-packages/airflow/example_dags/example_sensors.py
[2026-04-01T13:23:03.635+0530] {processor.py:840} INFO - DAG(s) 'example_sensors' retrieved from /Users/aswin/Documents/data-engineering-practice/ETL_Airflow_DBT/airflow/airflow_env/lib/python3.11/site-packages/airflow/example_dags/example_sensors.py
[2026-04-01T13:23:03.695+0530] {logging_mixin.py:188} INFO - [2026-04-01T13:23:03.695+0530] {dag.py:3096} INFO - Sync 1 DAGs
[2026-04-01T13:23:03.702+0530] {logging_mixin.py:188} INFO - [2026-04-01T13:23:03.702+0530] {dag.py:3954} INFO - Setting next_dagrun for example_sensors to None, run_after=None
[2026-04-01T13:23:03.710+0530] {processor.py:183} INFO - Processing /Users/aswin/Documents/data-engineering-practice/ETL_Airflow_DBT/airflow/airflow_env/lib/python3.11/site-packages/airflow/example_dags/example_sensors.py took 0.085 seconds
[2026-04-01T13:41:25.466+0530] {processor.py:161} INFO - Started process (PID=91289) to work on /Users/aswin/Documents/data-engineering-practice/ETL_Airflow_DBT/airflow/airflow_env/lib/python3.11/site-packages/airflow/example_dags/example_sensors.py
[2026-04-01T13:41:25.467+0530] {processor.py:830} INFO - Processing file /Users/aswin/Documents/data-engineering-practice/ETL_Airflow_DBT/airflow/airflow_env/lib/python3.11/site-packages/airflow/example_dags/example_sensors.py for tasks to queue
[2026-04-01T13:41:25.467+0530] {logging_mixin.py:188} INFO - [2026-04-01T13:41:25.467+0530] {dagbag.py:540} INFO - Filling up the DagBag from /Users/aswin/Documents/data-engineering-practice/ETL_Airflow_DBT/airflow/airflow_env/lib/python3.11/site-packages/airflow/example_dags/example_sensors.py
[2026-04-01T13:41:25.474+0530] {processor.py:840} INFO - DAG(s) 'example_sensors' retrieved from /Users/aswin/Documents/data-engineering-practice/ETL_Airflow_DBT/airflow/airflow_env/lib/python3.11/site-packages/airflow/example_dags/example_sensors.py
[2026-04-01T13:41:25.532+0530] {logging_mixin.py:188} INFO - [2026-04-01T13:41:25.532+0530] {dag.py:3096} INFO - Sync 1 DAGs
[2026-04-01T13:41:25.539+0530] {logging_mixin.py:188} INFO - [2026-04-01T13:41:25.539+0530] {dag.py:3954} INFO - Setting next_dagrun for example_sensors to None, run_after=None
[2026-04-01T13:41:25.548+0530] {processor.py:183} INFO - Processing /Users/aswin/Documents/data-engineering-practice/ETL_Airflow_DBT/airflow/airflow_env/lib/python3.11/site-packages/airflow/example_dags/example_sensors.py took 0.083 seconds
[2026-04-01T14:00:09.719+0530] {processor.py:161} INFO - Started process (PID=91431) to work on /Users/aswin/Documents/data-engineering-practice/ETL_Airflow_DBT/airflow/airflow_env/lib/python3.11/site-packages/airflow/example_dags/example_sensors.py
[2026-04-01T14:00:09.720+0530] {processor.py:830} INFO - Processing file /Users/aswin/Documents/data-engineering-practice/ETL_Airflow_DBT/airflow/airflow_env/lib/python3.11/site-packages/airflow/example_dags/example_sensors.py for tasks to queue
[2026-04-01T14:00:09.720+0530] {logging_mixin.py:188} INFO - [2026-04-01T14:00:09.720+0530] {dagbag.py:540} INFO - Filling up the DagBag from /Users/aswin/Documents/data-engineering-practice/ETL_Airflow_DBT/airflow/airflow_env/lib/python3.11/site-packages/airflow/example_dags/example_sensors.py
[2026-04-01T14:00:09.727+0530] {processor.py:840} INFO - DAG(s) 'example_sensors' retrieved from /Users/aswin/Documents/data-engineering-practice/ETL_Airflow_DBT/airflow/airflow_env/lib/python3.11/site-packages/airflow/example_dags/example_sensors.py
[2026-04-01T14:00:09.787+0530] {logging_mixin.py:188} INFO - [2026-04-01T14:00:09.787+0530] {dag.py:3096} INFO - Sync 1 DAGs
[2026-04-01T14:00:09.792+0530] {logging_mixin.py:188} INFO - [2026-04-01T14:00:09.792+0530] {dag.py:3954} INFO - Setting next_dagrun for example_sensors to None, run_after=None
[2026-04-01T14:00:09.802+0530] {processor.py:183} INFO - Processing /Users/aswin/Documents/data-engineering-practice/ETL_Airflow_DBT/airflow/airflow_env/lib/python3.11/site-packages/airflow/example_dags/example_sensors.py took 0.084 seconds
[2026-04-01T14:01:19.315+0530] {processor.py:161} INFO - Started process (PID=91557) to work on /Users/aswin/Documents/data-engineering-practice/ETL_Airflow_DBT/airflow/airflow_env/lib/python3.11/site-packages/airflow/example_dags/example_sensors.py
[2026-04-01T14:01:19.315+0530] {processor.py:830} INFO - Processing file /Users/aswin/Documents/data-engineering-practice/ETL_Airflow_DBT/airflow/airflow_env/lib/python3.11/site-packages/airflow/example_dags/example_sensors.py for tasks to queue
[2026-04-01T14:01:19.315+0530] {logging_mixin.py:188} INFO - [2026-04-01T14:01:19.315+0530] {dagbag.py:540} INFO - Filling up the DagBag from /Users/aswin/Documents/data-engineering-practice/ETL_Airflow_DBT/airflow/airflow_env/lib/python3.11/site-packages/airflow/example_dags/example_sensors.py
[2026-04-01T14:01:19.322+0530] {processor.py:840} INFO - DAG(s) 'example_sensors' retrieved from /Users/aswin/Documents/data-engineering-practice/ETL_Airflow_DBT/airflow/airflow_env/lib/python3.11/site-packages/airflow/example_dags/example_sensors.py
[2026-04-01T14:01:19.379+0530] {logging_mixin.py:188} INFO - [2026-04-01T14:01:19.379+0530] {dag.py:3096} INFO - Sync 1 DAGs
[2026-04-01T14:01:19.386+0530] {logging_mixin.py:188} INFO - [2026-04-01T14:01:19.386+0530] {dag.py:3954} INFO - Setting next_dagrun for example_sensors to None, run_after=None
[2026-04-01T14:01:19.395+0530] {processor.py:183} INFO - Processing /Users/aswin/Documents/data-engineering-practice/ETL_Airflow_DBT/airflow/airflow_env/lib/python3.11/site-packages/airflow/example_dags/example_sensors.py took 0.082 seconds
[2026-04-01T14:19:00.318+0530] {processor.py:161} INFO - Started process (PID=91728) to work on /Users/aswin/Documents/data-engineering-practice/ETL_Airflow_DBT/airflow/airflow_env/lib/python3.11/site-packages/airflow/example_dags/example_sensors.py
[2026-04-01T14:19:00.319+0530] {processor.py:830} INFO - Processing file /Users/aswin/Documents/data-engineering-practice/ETL_Airflow_DBT/airflow/airflow_env/lib/python3.11/site-packages/airflow/example_dags/example_sensors.py for tasks to queue
[2026-04-01T14:19:00.320+0530] {logging_mixin.py:188} INFO - [2026-04-01T14:19:00.319+0530] {dagbag.py:540} INFO - Filling up the DagBag from /Users/aswin/Documents/data-engineering-practice/ETL_Airflow_DBT/airflow/airflow_env/lib/python3.11/site-packages/airflow/example_dags/example_sensors.py
[2026-04-01T14:19:00.326+0530] {processor.py:840} INFO - DAG(s) 'example_sensors' retrieved from /Users/aswin/Documents/data-engineering-practice/ETL_Airflow_DBT/airflow/airflow_env/lib/python3.11/site-packages/airflow/example_dags/example_sensors.py
[2026-04-01T14:19:00.384+0530] {logging_mixin.py:188} INFO - [2026-04-01T14:19:00.384+0530] {dag.py:3096} INFO - Sync 1 DAGs
[2026-04-01T14:19:00.389+0530] {logging_mixin.py:188} INFO - [2026-04-01T14:19:00.389+0530] {dag.py:3954} INFO - Setting next_dagrun for example_sensors to None, run_after=None
[2026-04-01T14:19:00.398+0530] {processor.py:183} INFO - Processing /Users/aswin/Documents/data-engineering-practice/ETL_Airflow_DBT/airflow/airflow_env/lib/python3.11/site-packages/airflow/example_dags/example_sensors.py took 0.081 seconds
[2026-04-01T14:20:05.194+0530] {processor.py:161} INFO - Started process (PID=91817) to work on /Users/aswin/Documents/data-engineering-practice/ETL_Airflow_DBT/airflow/airflow_env/lib/python3.11/site-packages/airflow/example_dags/example_sensors.py
[2026-04-01T14:20:05.195+0530] {processor.py:830} INFO - Processing file /Users/aswin/Documents/data-engineering-practice/ETL_Airflow_DBT/airflow/airflow_env/lib/python3.11/site-packages/airflow/example_dags/example_sensors.py for tasks to queue
[2026-04-01T14:20:05.196+0530] {logging_mixin.py:188} INFO - [2026-04-01T14:20:05.196+0530] {dagbag.py:540} INFO - Filling up the DagBag from /Users/aswin/Documents/data-engineering-practice/ETL_Airflow_DBT/airflow/airflow_env/lib/python3.11/site-packages/airflow/example_dags/example_sensors.py
[2026-04-01T14:20:05.202+0530] {processor.py:840} INFO - DAG(s) 'example_sensors' retrieved from /Users/aswin/Documents/data-engineering-practice/ETL_Airflow_DBT/airflow/airflow_env/lib/python3.11/site-packages/airflow/example_dags/example_sensors.py
[2026-04-01T14:20:05.263+0530] {logging_mixin.py:188} INFO - [2026-04-01T14:20:05.263+0530] {dag.py:3096} INFO - Sync 1 DAGs
[2026-04-01T14:20:05.268+0530] {logging_mixin.py:188} INFO - [2026-04-01T14:20:05.268+0530] {dag.py:3954} INFO - Setting next_dagrun for example_sensors to None, run_after=None
[2026-04-01T14:20:05.277+0530] {processor.py:183} INFO - Processing /Users/aswin/Documents/data-engineering-practice/ETL_Airflow_DBT/airflow/airflow_env/lib/python3.11/site-packages/airflow/example_dags/example_sensors.py took 0.084 seconds
[2026-04-01T14:21:11.174+0530] {processor.py:161} INFO - Started process (PID=91900) to work on /Users/aswin/Documents/data-engineering-practice/ETL_Airflow_DBT/airflow/airflow_env/lib/python3.11/site-packages/airflow/example_dags/example_sensors.py
[2026-04-01T14:21:11.174+0530] {processor.py:830} INFO - Processing file /Users/aswin/Documents/data-engineering-practice/ETL_Airflow_DBT/airflow/airflow_env/lib/python3.11/site-packages/airflow/example_dags/example_sensors.py for tasks to queue
[2026-04-01T14:21:11.174+0530] {logging_mixin.py:188} INFO - [2026-04-01T14:21:11.174+0530] {dagbag.py:540} INFO - Filling up the DagBag from /Users/aswin/Documents/data-engineering-practice/ETL_Airflow_DBT/airflow/airflow_env/lib/python3.11/site-packages/airflow/example_dags/example_sensors.py
[2026-04-01T14:21:11.181+0530] {processor.py:840} INFO - DAG(s) 'example_sensors' retrieved from /Users/aswin/Documents/data-engineering-practice/ETL_Airflow_DBT/airflow/airflow_env/lib/python3.11/site-packages/airflow/example_dags/example_sensors.py
[2026-04-01T14:21:11.238+0530] {logging_mixin.py:188} INFO - [2026-04-01T14:21:11.238+0530] {dag.py:3096} INFO - Sync 1 DAGs
[2026-04-01T14:21:11.245+0530] {logging_mixin.py:188} INFO - [2026-04-01T14:21:11.245+0530] {dag.py:3954} INFO - Setting next_dagrun for example_sensors to None, run_after=None
[2026-04-01T14:21:11.254+0530] {processor.py:183} INFO - Processing /Users/aswin/Documents/data-engineering-practice/ETL_Airflow_DBT/airflow/airflow_env/lib/python3.11/site-packages/airflow/example_dags/example_sensors.py took 0.082 seconds
[2026-04-01T14:38:43.748+0530] {processor.py:161} INFO - Started process (PID=92060) to work on /Users/aswin/Documents/data-engineering-practice/ETL_Airflow_DBT/airflow/airflow_env/lib/python3.11/site-packages/airflow/example_dags/example_sensors.py
[2026-04-01T14:38:43.749+0530] {processor.py:830} INFO - Processing file /Users/aswin/Documents/data-engineering-practice/ETL_Airflow_DBT/airflow/airflow_env/lib/python3.11/site-packages/airflow/example_dags/example_sensors.py for tasks to queue
[2026-04-01T14:38:43.750+0530] {logging_mixin.py:188} INFO - [2026-04-01T14:38:43.750+0530] {dagbag.py:540} INFO - Filling up the DagBag from /Users/aswin/Documents/data-engineering-practice/ETL_Airflow_DBT/airflow/airflow_env/lib/python3.11/site-packages/airflow/example_dags/example_sensors.py
[2026-04-01T14:38:43.757+0530] {processor.py:840} INFO - DAG(s) 'example_sensors' retrieved from /Users/aswin/Documents/data-engineering-practice/ETL_Airflow_DBT/airflow/airflow_env/lib/python3.11/site-packages/airflow/example_dags/example_sensors.py
[2026-04-01T14:38:43.816+0530] {logging_mixin.py:188} INFO - [2026-04-01T14:38:43.816+0530] {dag.py:3096} INFO - Sync 1 DAGs
[2026-04-01T14:38:43.823+0530] {logging_mixin.py:188} INFO - [2026-04-01T14:38:43.823+0530] {dag.py:3954} INFO - Setting next_dagrun for example_sensors to None, run_after=None
[2026-04-01T14:38:43.832+0530] {processor.py:183} INFO - Processing /Users/aswin/Documents/data-engineering-practice/ETL_Airflow_DBT/airflow/airflow_env/lib/python3.11/site-packages/airflow/example_dags/example_sensors.py took 0.085 seconds
[2026-04-01T14:40:25.996+0530] {processor.py:161} INFO - Started process (PID=92218) to work on /Users/aswin/Documents/data-engineering-practice/ETL_Airflow_DBT/airflow/airflow_env/lib/python3.11/site-packages/airflow/example_dags/example_sensors.py
[2026-04-01T14:40:25.997+0530] {processor.py:830} INFO - Processing file /Users/aswin/Documents/data-engineering-practice/ETL_Airflow_DBT/airflow/airflow_env/lib/python3.11/site-packages/airflow/example_dags/example_sensors.py for tasks to queue
[2026-04-01T14:40:25.997+0530] {logging_mixin.py:188} INFO - [2026-04-01T14:40:25.997+0530] {dagbag.py:540} INFO - Filling up the DagBag from /Users/aswin/Documents/data-engineering-practice/ETL_Airflow_DBT/airflow/airflow_env/lib/python3.11/site-packages/airflow/example_dags/example_sensors.py
[2026-04-01T14:40:26.004+0530] {processor.py:840} INFO - DAG(s) 'example_sensors' retrieved from /Users/aswin/Documents/data-engineering-practice/ETL_Airflow_DBT/airflow/airflow_env/lib/python3.11/site-packages/airflow/example_dags/example_sensors.py
[2026-04-01T14:40:51.082+0530] {logging_mixin.py:188} INFO - [2026-04-01T14:40:51.081+0530] {dag.py:3096} INFO - Sync 1 DAGs
[2026-04-01T14:40:51.089+0530] {logging_mixin.py:188} INFO - [2026-04-01T14:40:51.089+0530] {dag.py:3954} INFO - Setting next_dagrun for example_sensors to None, run_after=None
[2026-04-01T14:40:51.101+0530] {processor.py:183} INFO - Processing /Users/aswin/Documents/data-engineering-practice/ETL_Airflow_DBT/airflow/airflow_env/lib/python3.11/site-packages/airflow/example_dags/example_sensors.py took 0.305 seconds
[2026-04-01T14:58:27.177+0530] {processor.py:161} INFO - Started process (PID=92373) to work on /Users/aswin/Documents/data-engineering-practice/ETL_Airflow_DBT/airflow/airflow_env/lib/python3.11/site-packages/airflow/example_dags/example_sensors.py
[2026-04-01T14:58:27.243+0530] {processor.py:830} INFO - Processing file /Users/aswin/Documents/data-engineering-practice/ETL_Airflow_DBT/airflow/airflow_env/lib/python3.11/site-packages/airflow/example_dags/example_sensors.py for tasks to queue
[2026-04-01T14:58:27.244+0530] {logging_mixin.py:188} INFO - [2026-04-01T14:58:27.244+0530] {dagbag.py:540} INFO - Filling up the DagBag from /Users/aswin/Documents/data-engineering-practice/ETL_Airflow_DBT/airflow/airflow_env/lib/python3.11/site-packages/airflow/example_dags/example_sensors.py
[2026-04-01T14:58:27.255+0530] {processor.py:840} INFO - DAG(s) 'example_sensors' retrieved from /Users/aswin/Documents/data-engineering-practice/ETL_Airflow_DBT/airflow/airflow_env/lib/python3.11/site-packages/airflow/example_dags/example_sensors.py
[2026-04-01T14:58:27.327+0530] {logging_mixin.py:188} INFO - [2026-04-01T14:58:27.327+0530] {dag.py:3096} INFO - Sync 1 DAGs
[2026-04-01T14:58:27.332+0530] {logging_mixin.py:188} INFO - [2026-04-01T14:58:27.332+0530] {dag.py:3954} INFO - Setting next_dagrun for example_sensors to None, run_after=None
[2026-04-01T14:58:27.342+0530] {processor.py:183} INFO - Processing /Users/aswin/Documents/data-engineering-practice/ETL_Airflow_DBT/airflow/airflow_env/lib/python3.11/site-packages/airflow/example_dags/example_sensors.py took 0.167 seconds
[2026-04-01T15:00:11.224+0530] {processor.py:161} INFO - Started process (PID=92546) to work on /Users/aswin/Documents/data-engineering-practice/ETL_Airflow_DBT/airflow/airflow_env/lib/python3.11/site-packages/airflow/example_dags/example_sensors.py
[2026-04-01T15:00:11.225+0530] {processor.py:830} INFO - Processing file /Users/aswin/Documents/data-engineering-practice/ETL_Airflow_DBT/airflow/airflow_env/lib/python3.11/site-packages/airflow/example_dags/example_sensors.py for tasks to queue
[2026-04-01T15:00:11.226+0530] {logging_mixin.py:188} INFO - [2026-04-01T15:00:11.226+0530] {dagbag.py:540} INFO - Filling up the DagBag from /Users/aswin/Documents/data-engineering-practice/ETL_Airflow_DBT/airflow/airflow_env/lib/python3.11/site-packages/airflow/example_dags/example_sensors.py
[2026-04-01T15:00:11.234+0530] {processor.py:840} INFO - DAG(s) 'example_sensors' retrieved from /Users/aswin/Documents/data-engineering-practice/ETL_Airflow_DBT/airflow/airflow_env/lib/python3.11/site-packages/airflow/example_dags/example_sensors.py
[2026-04-01T15:00:11.312+0530] {logging_mixin.py:188} INFO - [2026-04-01T15:00:11.312+0530] {dag.py:3096} INFO - Sync 1 DAGs
[2026-04-01T15:00:11.320+0530] {logging_mixin.py:188} INFO - [2026-04-01T15:00:11.320+0530] {dag.py:3954} INFO - Setting next_dagrun for example_sensors to None, run_after=None
[2026-04-01T15:00:11.331+0530] {processor.py:183} INFO - Processing /Users/aswin/Documents/data-engineering-practice/ETL_Airflow_DBT/airflow/airflow_env/lib/python3.11/site-packages/airflow/example_dags/example_sensors.py took 0.108 seconds
[2026-04-01T15:18:07.566+0530] {processor.py:161} INFO - Started process (PID=92679) to work on /Users/aswin/Documents/data-engineering-practice/ETL_Airflow_DBT/airflow/airflow_env/lib/python3.11/site-packages/airflow/example_dags/example_sensors.py
[2026-04-01T15:18:07.567+0530] {processor.py:830} INFO - Processing file /Users/aswin/Documents/data-engineering-practice/ETL_Airflow_DBT/airflow/airflow_env/lib/python3.11/site-packages/airflow/example_dags/example_sensors.py for tasks to queue
[2026-04-01T15:18:07.567+0530] {logging_mixin.py:188} INFO - [2026-04-01T15:18:07.567+0530] {dagbag.py:540} INFO - Filling up the DagBag from /Users/aswin/Documents/data-engineering-practice/ETL_Airflow_DBT/airflow/airflow_env/lib/python3.11/site-packages/airflow/example_dags/example_sensors.py
[2026-04-01T15:18:07.574+0530] {processor.py:840} INFO - DAG(s) 'example_sensors' retrieved from /Users/aswin/Documents/data-engineering-practice/ETL_Airflow_DBT/airflow/airflow_env/lib/python3.11/site-packages/airflow/example_dags/example_sensors.py
[2026-04-01T15:18:07.630+0530] {logging_mixin.py:188} INFO - [2026-04-01T15:18:07.630+0530] {dag.py:3096} INFO - Sync 1 DAGs
[2026-04-01T15:18:07.637+0530] {logging_mixin.py:188} INFO - [2026-04-01T15:18:07.637+0530] {dag.py:3954} INFO - Setting next_dagrun for example_sensors to None, run_after=None
[2026-04-01T15:18:07.646+0530] {processor.py:183} INFO - Processing /Users/aswin/Documents/data-engineering-practice/ETL_Airflow_DBT/airflow/airflow_env/lib/python3.11/site-packages/airflow/example_dags/example_sensors.py took 0.082 seconds
[2026-04-01T15:19:49.755+0530] {processor.py:161} INFO - Started process (PID=92844) to work on /Users/aswin/Documents/data-engineering-practice/ETL_Airflow_DBT/airflow/airflow_env/lib/python3.11/site-packages/airflow/example_dags/example_sensors.py
[2026-04-01T15:19:49.755+0530] {processor.py:830} INFO - Processing file /Users/aswin/Documents/data-engineering-practice/ETL_Airflow_DBT/airflow/airflow_env/lib/python3.11/site-packages/airflow/example_dags/example_sensors.py for tasks to queue
[2026-04-01T15:19:49.756+0530] {logging_mixin.py:188} INFO - [2026-04-01T15:19:49.755+0530] {dagbag.py:540} INFO - Filling up the DagBag from /Users/aswin/Documents/data-engineering-practice/ETL_Airflow_DBT/airflow/airflow_env/lib/python3.11/site-packages/airflow/example_dags/example_sensors.py
[2026-04-01T15:19:49.763+0530] {processor.py:840} INFO - DAG(s) 'example_sensors' retrieved from /Users/aswin/Documents/data-engineering-practice/ETL_Airflow_DBT/airflow/airflow_env/lib/python3.11/site-packages/airflow/example_dags/example_sensors.py
[2026-04-01T15:19:49.824+0530] {logging_mixin.py:188} INFO - [2026-04-01T15:19:49.824+0530] {dag.py:3096} INFO - Sync 1 DAGs
[2026-04-01T15:19:49.831+0530] {logging_mixin.py:188} INFO - [2026-04-01T15:19:49.831+0530] {dag.py:3954} INFO - Setting next_dagrun for example_sensors to None, run_after=None
[2026-04-01T15:19:49.840+0530] {processor.py:183} INFO - Processing /Users/aswin/Documents/data-engineering-practice/ETL_Airflow_DBT/airflow/airflow_env/lib/python3.11/site-packages/airflow/example_dags/example_sensors.py took 0.086 seconds
[2026-04-01T15:36:37.399+0530] {processor.py:161} INFO - Started process (PID=92998) to work on /Users/aswin/Documents/data-engineering-practice/ETL_Airflow_DBT/airflow/airflow_env/lib/python3.11/site-packages/airflow/example_dags/example_sensors.py
[2026-04-01T15:36:37.400+0530] {processor.py:830} INFO - Processing file /Users/aswin/Documents/data-engineering-practice/ETL_Airflow_DBT/airflow/airflow_env/lib/python3.11/site-packages/airflow/example_dags/example_sensors.py for tasks to queue
[2026-04-01T15:36:37.400+0530] {logging_mixin.py:188} INFO - [2026-04-01T15:36:37.400+0530] {dagbag.py:540} INFO - Filling up the DagBag from /Users/aswin/Documents/data-engineering-practice/ETL_Airflow_DBT/airflow/airflow_env/lib/python3.11/site-packages/airflow/example_dags/example_sensors.py
[2026-04-01T15:36:37.408+0530] {processor.py:840} INFO - DAG(s) 'example_sensors' retrieved from /Users/aswin/Documents/data-engineering-practice/ETL_Airflow_DBT/airflow/airflow_env/lib/python3.11/site-packages/airflow/example_dags/example_sensors.py
[2026-04-01T15:36:37.472+0530] {logging_mixin.py:188} INFO - [2026-04-01T15:36:37.472+0530] {dag.py:3096} INFO - Sync 1 DAGs
[2026-04-01T15:36:37.477+0530] {logging_mixin.py:188} INFO - [2026-04-01T15:36:37.477+0530] {dag.py:3954} INFO - Setting next_dagrun for example_sensors to None, run_after=None
[2026-04-01T15:36:37.486+0530] {processor.py:183} INFO - Processing /Users/aswin/Documents/data-engineering-practice/ETL_Airflow_DBT/airflow/airflow_env/lib/python3.11/site-packages/airflow/example_dags/example_sensors.py took 0.088 seconds
[2026-04-01T15:38:22.103+0530] {processor.py:161} INFO - Started process (PID=93160) to work on /Users/aswin/Documents/data-engineering-practice/ETL_Airflow_DBT/airflow/airflow_env/lib/python3.11/site-packages/airflow/example_dags/example_sensors.py
[2026-04-01T15:38:22.105+0530] {processor.py:830} INFO - Processing file /Users/aswin/Documents/data-engineering-practice/ETL_Airflow_DBT/airflow/airflow_env/lib/python3.11/site-packages/airflow/example_dags/example_sensors.py for tasks to queue
[2026-04-01T15:38:22.105+0530] {logging_mixin.py:188} INFO - [2026-04-01T15:38:22.105+0530] {dagbag.py:540} INFO - Filling up the DagBag from /Users/aswin/Documents/data-engineering-practice/ETL_Airflow_DBT/airflow/airflow_env/lib/python3.11/site-packages/airflow/example_dags/example_sensors.py
[2026-04-01T15:38:22.111+0530] {processor.py:840} INFO - DAG(s) 'example_sensors' retrieved from /Users/aswin/Documents/data-engineering-practice/ETL_Airflow_DBT/airflow/airflow_env/lib/python3.11/site-packages/airflow/example_dags/example_sensors.py
[2026-04-01T15:38:22.169+0530] {logging_mixin.py:188} INFO - [2026-04-01T15:38:22.169+0530] {dag.py:3096} INFO - Sync 1 DAGs
[2026-04-01T15:38:22.176+0530] {logging_mixin.py:188} INFO - [2026-04-01T15:38:22.176+0530] {dag.py:3954} INFO - Setting next_dagrun for example_sensors to None, run_after=None
[2026-04-01T15:38:22.186+0530] {processor.py:183} INFO - Processing /Users/aswin/Documents/data-engineering-practice/ETL_Airflow_DBT/airflow/airflow_env/lib/python3.11/site-packages/airflow/example_dags/example_sensors.py took 0.084 seconds
[2026-04-01T15:56:47.969+0530] {processor.py:161} INFO - Started process (PID=93254) to work on /Users/aswin/Documents/data-engineering-practice/ETL_Airflow_DBT/airflow/airflow_env/lib/python3.11/site-packages/airflow/example_dags/example_sensors.py
[2026-04-01T15:56:47.969+0530] {processor.py:830} INFO - Processing file /Users/aswin/Documents/data-engineering-practice/ETL_Airflow_DBT/airflow/airflow_env/lib/python3.11/site-packages/airflow/example_dags/example_sensors.py for tasks to queue
[2026-04-01T15:56:47.970+0530] {logging_mixin.py:188} INFO - [2026-04-01T15:56:47.970+0530] {dagbag.py:540} INFO - Filling up the DagBag from /Users/aswin/Documents/data-engineering-practice/ETL_Airflow_DBT/airflow/airflow_env/lib/python3.11/site-packages/airflow/example_dags/example_sensors.py
[2026-04-01T15:56:47.980+0530] {processor.py:840} INFO - DAG(s) 'example_sensors' retrieved from /Users/aswin/Documents/data-engineering-practice/ETL_Airflow_DBT/airflow/airflow_env/lib/python3.11/site-packages/airflow/example_dags/example_sensors.py
[2026-04-01T15:56:48.052+0530] {logging_mixin.py:188} INFO - [2026-04-01T15:56:48.052+0530] {dag.py:3096} INFO - Sync 1 DAGs
[2026-04-01T15:56:48.057+0530] {logging_mixin.py:188} INFO - [2026-04-01T15:56:48.057+0530] {dag.py:3954} INFO - Setting next_dagrun for example_sensors to None, run_after=None
[2026-04-01T15:56:48.067+0530] {processor.py:183} INFO - Processing /Users/aswin/Documents/data-engineering-practice/ETL_Airflow_DBT/airflow/airflow_env/lib/python3.11/site-packages/airflow/example_dags/example_sensors.py took 0.101 seconds
[2026-04-01T15:57:55.020+0530] {processor.py:161} INFO - Started process (PID=93347) to work on /Users/aswin/Documents/data-engineering-practice/ETL_Airflow_DBT/airflow/airflow_env/lib/python3.11/site-packages/airflow/example_dags/example_sensors.py
[2026-04-01T15:57:55.021+0530] {processor.py:830} INFO - Processing file /Users/aswin/Documents/data-engineering-practice/ETL_Airflow_DBT/airflow/airflow_env/lib/python3.11/site-packages/airflow/example_dags/example_sensors.py for tasks to queue
[2026-04-01T15:57:55.021+0530] {logging_mixin.py:188} INFO - [2026-04-01T15:57:55.021+0530] {dagbag.py:540} INFO - Filling up the DagBag from /Users/aswin/Documents/data-engineering-practice/ETL_Airflow_DBT/airflow/airflow_env/lib/python3.11/site-packages/airflow/example_dags/example_sensors.py
[2026-04-01T15:57:55.028+0530] {processor.py:840} INFO - DAG(s) 'example_sensors' retrieved from /Users/aswin/Documents/data-engineering-practice/ETL_Airflow_DBT/airflow/airflow_env/lib/python3.11/site-packages/airflow/example_dags/example_sensors.py
[2026-04-01T15:57:55.083+0530] {logging_mixin.py:188} INFO - [2026-04-01T15:57:55.083+0530] {dag.py:3096} INFO - Sync 1 DAGs
[2026-04-01T15:57:55.090+0530] {logging_mixin.py:188} INFO - [2026-04-01T15:57:55.090+0530] {dag.py:3954} INFO - Setting next_dagrun for example_sensors to None, run_after=None
[2026-04-01T15:57:55.101+0530] {processor.py:183} INFO - Processing /Users/aswin/Documents/data-engineering-practice/ETL_Airflow_DBT/airflow/airflow_env/lib/python3.11/site-packages/airflow/example_dags/example_sensors.py took 0.082 seconds
[2026-04-01T16:21:50.000+0530] {processor.py:161} INFO - Started process (PID=93531) to work on /Users/aswin/Documents/data-engineering-practice/ETL_Airflow_DBT/airflow/airflow_env/lib/python3.11/site-packages/airflow/example_dags/example_sensors.py
[2026-04-01T16:21:50.001+0530] {processor.py:830} INFO - Processing file /Users/aswin/Documents/data-engineering-practice/ETL_Airflow_DBT/airflow/airflow_env/lib/python3.11/site-packages/airflow/example_dags/example_sensors.py for tasks to queue
[2026-04-01T16:21:50.001+0530] {logging_mixin.py:188} INFO - [2026-04-01T16:21:50.001+0530] {dagbag.py:540} INFO - Filling up the DagBag from /Users/aswin/Documents/data-engineering-practice/ETL_Airflow_DBT/airflow/airflow_env/lib/python3.11/site-packages/airflow/example_dags/example_sensors.py
[2026-04-01T16:21:50.009+0530] {processor.py:840} INFO - DAG(s) 'example_sensors' retrieved from /Users/aswin/Documents/data-engineering-practice/ETL_Airflow_DBT/airflow/airflow_env/lib/python3.11/site-packages/airflow/example_dags/example_sensors.py
[2026-04-01T16:21:50.070+0530] {logging_mixin.py:188} INFO - [2026-04-01T16:21:50.070+0530] {dag.py:3096} INFO - Sync 1 DAGs
[2026-04-01T16:21:50.077+0530] {logging_mixin.py:188} INFO - [2026-04-01T16:21:50.077+0530] {dag.py:3954} INFO - Setting next_dagrun for example_sensors to None, run_after=None
[2026-04-01T16:21:50.085+0530] {processor.py:183} INFO - Processing /Users/aswin/Documents/data-engineering-practice/ETL_Airflow_DBT/airflow/airflow_env/lib/python3.11/site-packages/airflow/example_dags/example_sensors.py took 0.086 seconds
[2026-04-01T16:37:45.887+0530] {processor.py:161} INFO - Started process (PID=93646) to work on /Users/aswin/Documents/data-engineering-practice/ETL_Airflow_DBT/airflow/airflow_env/lib/python3.11/site-packages/airflow/example_dags/example_sensors.py
[2026-04-01T16:37:45.888+0530] {processor.py:830} INFO - Processing file /Users/aswin/Documents/data-engineering-practice/ETL_Airflow_DBT/airflow/airflow_env/lib/python3.11/site-packages/airflow/example_dags/example_sensors.py for tasks to queue
[2026-04-01T16:37:45.889+0530] {logging_mixin.py:188} INFO - [2026-04-01T16:37:45.888+0530] {dagbag.py:540} INFO - Filling up the DagBag from /Users/aswin/Documents/data-engineering-practice/ETL_Airflow_DBT/airflow/airflow_env/lib/python3.11/site-packages/airflow/example_dags/example_sensors.py
[2026-04-01T16:37:45.895+0530] {processor.py:840} INFO - DAG(s) 'example_sensors' retrieved from /Users/aswin/Documents/data-engineering-practice/ETL_Airflow_DBT/airflow/airflow_env/lib/python3.11/site-packages/airflow/example_dags/example_sensors.py
[2026-04-01T16:37:45.957+0530] {logging_mixin.py:188} INFO - [2026-04-01T16:37:45.957+0530] {dag.py:3096} INFO - Sync 1 DAGs
[2026-04-01T16:37:45.964+0530] {logging_mixin.py:188} INFO - [2026-04-01T16:37:45.964+0530] {dag.py:3954} INFO - Setting next_dagrun for example_sensors to None, run_after=None
[2026-04-01T16:37:45.972+0530] {processor.py:183} INFO - Processing /Users/aswin/Documents/data-engineering-practice/ETL_Airflow_DBT/airflow/airflow_env/lib/python3.11/site-packages/airflow/example_dags/example_sensors.py took 0.086 seconds
[2026-04-01T16:39:19.800+0530] {processor.py:161} INFO - Started process (PID=93758) to work on /Users/aswin/Documents/data-engineering-practice/ETL_Airflow_DBT/airflow/airflow_env/lib/python3.11/site-packages/airflow/example_dags/example_sensors.py
[2026-04-01T16:39:19.801+0530] {processor.py:830} INFO - Processing file /Users/aswin/Documents/data-engineering-practice/ETL_Airflow_DBT/airflow/airflow_env/lib/python3.11/site-packages/airflow/example_dags/example_sensors.py for tasks to queue
[2026-04-01T16:39:19.801+0530] {logging_mixin.py:188} INFO - [2026-04-01T16:39:19.801+0530] {dagbag.py:540} INFO - Filling up the DagBag from /Users/aswin/Documents/data-engineering-practice/ETL_Airflow_DBT/airflow/airflow_env/lib/python3.11/site-packages/airflow/example_dags/example_sensors.py
[2026-04-01T16:39:19.808+0530] {processor.py:840} INFO - DAG(s) 'example_sensors' retrieved from /Users/aswin/Documents/data-engineering-practice/ETL_Airflow_DBT/airflow/airflow_env/lib/python3.11/site-packages/airflow/example_dags/example_sensors.py
[2026-04-01T16:39:19.866+0530] {logging_mixin.py:188} INFO - [2026-04-01T16:39:19.865+0530] {dag.py:3096} INFO - Sync 1 DAGs
[2026-04-01T16:39:19.872+0530] {logging_mixin.py:188} INFO - [2026-04-01T16:39:19.872+0530] {dag.py:3954} INFO - Setting next_dagrun for example_sensors to None, run_after=None
[2026-04-01T16:39:19.881+0530] {processor.py:183} INFO - Processing /Users/aswin/Documents/data-engineering-practice/ETL_Airflow_DBT/airflow/airflow_env/lib/python3.11/site-packages/airflow/example_dags/example_sensors.py took 0.082 seconds
[2026-04-01T16:58:55.006+0530] {processor.py:161} INFO - Started process (PID=93922) to work on /Users/aswin/Documents/data-engineering-practice/ETL_Airflow_DBT/airflow/airflow_env/lib/python3.11/site-packages/airflow/example_dags/example_sensors.py
[2026-04-01T16:58:55.007+0530] {processor.py:830} INFO - Processing file /Users/aswin/Documents/data-engineering-practice/ETL_Airflow_DBT/airflow/airflow_env/lib/python3.11/site-packages/airflow/example_dags/example_sensors.py for tasks to queue
[2026-04-01T16:58:55.007+0530] {logging_mixin.py:188} INFO - [2026-04-01T16:58:55.007+0530] {dagbag.py:540} INFO - Filling up the DagBag from /Users/aswin/Documents/data-engineering-practice/ETL_Airflow_DBT/airflow/airflow_env/lib/python3.11/site-packages/airflow/example_dags/example_sensors.py
[2026-04-01T16:58:55.014+0530] {processor.py:840} INFO - DAG(s) 'example_sensors' retrieved from /Users/aswin/Documents/data-engineering-practice/ETL_Airflow_DBT/airflow/airflow_env/lib/python3.11/site-packages/airflow/example_dags/example_sensors.py
[2026-04-01T16:58:55.078+0530] {logging_mixin.py:188} INFO - [2026-04-01T16:58:55.078+0530] {dag.py:3096} INFO - Sync 1 DAGs
[2026-04-01T16:58:55.084+0530] {logging_mixin.py:188} INFO - [2026-04-01T16:58:55.084+0530] {dag.py:3954} INFO - Setting next_dagrun for example_sensors to None, run_after=None
[2026-04-01T16:58:55.091+0530] {processor.py:183} INFO - Processing /Users/aswin/Documents/data-engineering-practice/ETL_Airflow_DBT/airflow/airflow_env/lib/python3.11/site-packages/airflow/example_dags/example_sensors.py took 0.086 seconds
[2026-04-01T17:00:38.987+0530] {processor.py:161} INFO - Started process (PID=94080) to work on /Users/aswin/Documents/data-engineering-practice/ETL_Airflow_DBT/airflow/airflow_env/lib/python3.11/site-packages/airflow/example_dags/example_sensors.py
[2026-04-01T17:00:38.988+0530] {processor.py:830} INFO - Processing file /Users/aswin/Documents/data-engineering-practice/ETL_Airflow_DBT/airflow/airflow_env/lib/python3.11/site-packages/airflow/example_dags/example_sensors.py for tasks to queue
[2026-04-01T17:00:38.988+0530] {logging_mixin.py:188} INFO - [2026-04-01T17:00:38.988+0530] {dagbag.py:540} INFO - Filling up the DagBag from /Users/aswin/Documents/data-engineering-practice/ETL_Airflow_DBT/airflow/airflow_env/lib/python3.11/site-packages/airflow/example_dags/example_sensors.py
[2026-04-01T17:00:38.997+0530] {processor.py:840} INFO - DAG(s) 'example_sensors' retrieved from /Users/aswin/Documents/data-engineering-practice/ETL_Airflow_DBT/airflow/airflow_env/lib/python3.11/site-packages/airflow/example_dags/example_sensors.py
[2026-04-01T17:00:39.072+0530] {logging_mixin.py:188} INFO - [2026-04-01T17:00:39.072+0530] {dag.py:3096} INFO - Sync 1 DAGs
[2026-04-01T17:00:39.080+0530] {logging_mixin.py:188} INFO - [2026-04-01T17:00:39.080+0530] {dag.py:3954} INFO - Setting next_dagrun for example_sensors to None, run_after=None
[2026-04-01T17:00:39.092+0530] {processor.py:183} INFO - Processing /Users/aswin/Documents/data-engineering-practice/ETL_Airflow_DBT/airflow/airflow_env/lib/python3.11/site-packages/airflow/example_dags/example_sensors.py took 0.107 seconds
[2026-04-01T17:05:47.941+0530] {processor.py:161} INFO - Started process (PID=94205) to work on /Users/aswin/Documents/data-engineering-practice/ETL_Airflow_DBT/airflow/airflow_env/lib/python3.11/site-packages/airflow/example_dags/example_sensors.py
[2026-04-01T17:05:47.942+0530] {processor.py:830} INFO - Processing file /Users/aswin/Documents/data-engineering-practice/ETL_Airflow_DBT/airflow/airflow_env/lib/python3.11/site-packages/airflow/example_dags/example_sensors.py for tasks to queue
[2026-04-01T17:05:47.942+0530] {logging_mixin.py:188} INFO - [2026-04-01T17:05:47.942+0530] {dagbag.py:540} INFO - Filling up the DagBag from /Users/aswin/Documents/data-engineering-practice/ETL_Airflow_DBT/airflow/airflow_env/lib/python3.11/site-packages/airflow/example_dags/example_sensors.py
[2026-04-01T17:05:47.949+0530] {processor.py:840} INFO - DAG(s) 'example_sensors' retrieved from /Users/aswin/Documents/data-engineering-practice/ETL_Airflow_DBT/airflow/airflow_env/lib/python3.11/site-packages/airflow/example_dags/example_sensors.py
[2026-04-01T17:05:48.010+0530] {logging_mixin.py:188} INFO - [2026-04-01T17:05:48.010+0530] {dag.py:3096} INFO - Sync 1 DAGs
[2026-04-01T17:05:48.018+0530] {logging_mixin.py:188} INFO - [2026-04-01T17:05:48.018+0530] {dag.py:3954} INFO - Setting next_dagrun for example_sensors to None, run_after=None
[2026-04-01T17:05:48.040+0530] {processor.py:183} INFO - Processing /Users/aswin/Documents/data-engineering-practice/ETL_Airflow_DBT/airflow/airflow_env/lib/python3.11/site-packages/airflow/example_dags/example_sensors.py took 0.101 seconds
[2026-04-01T17:22:57.154+0530] {processor.py:161} INFO - Started process (PID=94383) to work on /Users/aswin/Documents/data-engineering-practice/ETL_Airflow_DBT/airflow/airflow_env/lib/python3.11/site-packages/airflow/example_dags/example_sensors.py
[2026-04-01T17:22:57.155+0530] {processor.py:830} INFO - Processing file /Users/aswin/Documents/data-engineering-practice/ETL_Airflow_DBT/airflow/airflow_env/lib/python3.11/site-packages/airflow/example_dags/example_sensors.py for tasks to queue
[2026-04-01T17:22:57.155+0530] {logging_mixin.py:188} INFO - [2026-04-01T17:22:57.155+0530] {dagbag.py:540} INFO - Filling up the DagBag from /Users/aswin/Documents/data-engineering-practice/ETL_Airflow_DBT/airflow/airflow_env/lib/python3.11/site-packages/airflow/example_dags/example_sensors.py
[2026-04-01T17:22:57.163+0530] {processor.py:840} INFO - DAG(s) 'example_sensors' retrieved from /Users/aswin/Documents/data-engineering-practice/ETL_Airflow_DBT/airflow/airflow_env/lib/python3.11/site-packages/airflow/example_dags/example_sensors.py
[2026-04-01T17:22:57.269+0530] {logging_mixin.py:188} INFO - [2026-04-01T17:22:57.269+0530] {dag.py:3096} INFO - Sync 1 DAGs
[2026-04-01T17:22:57.276+0530] {logging_mixin.py:188} INFO - [2026-04-01T17:22:57.276+0530] {dag.py:3954} INFO - Setting next_dagrun for example_sensors to None, run_after=None
[2026-04-01T17:22:57.288+0530] {processor.py:183} INFO - Processing /Users/aswin/Documents/data-engineering-practice/ETL_Airflow_DBT/airflow/airflow_env/lib/python3.11/site-packages/airflow/example_dags/example_sensors.py took 0.135 seconds
[2026-04-01T17:24:02.323+0530] {processor.py:161} INFO - Started process (PID=94466) to work on /Users/aswin/Documents/data-engineering-practice/ETL_Airflow_DBT/airflow/airflow_env/lib/python3.11/site-packages/airflow/example_dags/example_sensors.py
[2026-04-01T17:24:02.324+0530] {processor.py:830} INFO - Processing file /Users/aswin/Documents/data-engineering-practice/ETL_Airflow_DBT/airflow/airflow_env/lib/python3.11/site-packages/airflow/example_dags/example_sensors.py for tasks to queue
[2026-04-01T17:24:02.324+0530] {logging_mixin.py:188} INFO - [2026-04-01T17:24:02.324+0530] {dagbag.py:540} INFO - Filling up the DagBag from /Users/aswin/Documents/data-engineering-practice/ETL_Airflow_DBT/airflow/airflow_env/lib/python3.11/site-packages/airflow/example_dags/example_sensors.py
[2026-04-01T17:24:02.331+0530] {processor.py:840} INFO - DAG(s) 'example_sensors' retrieved from /Users/aswin/Documents/data-engineering-practice/ETL_Airflow_DBT/airflow/airflow_env/lib/python3.11/site-packages/airflow/example_dags/example_sensors.py
[2026-04-01T17:24:02.387+0530] {logging_mixin.py:188} INFO - [2026-04-01T17:24:02.387+0530] {dag.py:3096} INFO - Sync 1 DAGs
[2026-04-01T17:24:02.393+0530] {logging_mixin.py:188} INFO - [2026-04-01T17:24:02.393+0530] {dag.py:3954} INFO - Setting next_dagrun for example_sensors to None, run_after=None
[2026-04-01T17:24:02.403+0530] {processor.py:183} INFO - Processing /Users/aswin/Documents/data-engineering-practice/ETL_Airflow_DBT/airflow/airflow_env/lib/python3.11/site-packages/airflow/example_dags/example_sensors.py took 0.080 seconds
[2026-04-01T17:40:39.760+0530] {processor.py:161} INFO - Started process (PID=94557) to work on /Users/aswin/Documents/data-engineering-practice/ETL_Airflow_DBT/airflow/airflow_env/lib/python3.11/site-packages/airflow/example_dags/example_sensors.py
[2026-04-01T17:40:39.761+0530] {processor.py:830} INFO - Processing file /Users/aswin/Documents/data-engineering-practice/ETL_Airflow_DBT/airflow/airflow_env/lib/python3.11/site-packages/airflow/example_dags/example_sensors.py for tasks to queue
[2026-04-01T17:40:39.761+0530] {logging_mixin.py:188} INFO - [2026-04-01T17:40:39.761+0530] {dagbag.py:540} INFO - Filling up the DagBag from /Users/aswin/Documents/data-engineering-practice/ETL_Airflow_DBT/airflow/airflow_env/lib/python3.11/site-packages/airflow/example_dags/example_sensors.py
[2026-04-01T17:40:39.769+0530] {processor.py:840} INFO - DAG(s) 'example_sensors' retrieved from /Users/aswin/Documents/data-engineering-practice/ETL_Airflow_DBT/airflow/airflow_env/lib/python3.11/site-packages/airflow/example_dags/example_sensors.py
[2026-04-01T17:40:39.827+0530] {logging_mixin.py:188} INFO - [2026-04-01T17:40:39.826+0530] {dag.py:3096} INFO - Sync 1 DAGs
[2026-04-01T17:40:39.834+0530] {logging_mixin.py:188} INFO - [2026-04-01T17:40:39.833+0530] {dag.py:3954} INFO - Setting next_dagrun for example_sensors to None, run_after=None
[2026-04-01T17:40:39.842+0530] {processor.py:183} INFO - Processing /Users/aswin/Documents/data-engineering-practice/ETL_Airflow_DBT/airflow/airflow_env/lib/python3.11/site-packages/airflow/example_dags/example_sensors.py took 0.083 seconds
[2026-04-01T17:42:22.046+0530] {processor.py:161} INFO - Started process (PID=94708) to work on /Users/aswin/Documents/data-engineering-practice/ETL_Airflow_DBT/airflow/airflow_env/lib/python3.11/site-packages/airflow/example_dags/example_sensors.py
[2026-04-01T17:42:22.047+0530] {processor.py:830} INFO - Processing file /Users/aswin/Documents/data-engineering-practice/ETL_Airflow_DBT/airflow/airflow_env/lib/python3.11/site-packages/airflow/example_dags/example_sensors.py for tasks to queue
[2026-04-01T17:42:22.047+0530] {logging_mixin.py:188} INFO - [2026-04-01T17:42:22.047+0530] {dagbag.py:540} INFO - Filling up the DagBag from /Users/aswin/Documents/data-engineering-practice/ETL_Airflow_DBT/airflow/airflow_env/lib/python3.11/site-packages/airflow/example_dags/example_sensors.py
[2026-04-01T17:42:22.055+0530] {processor.py:840} INFO - DAG(s) 'example_sensors' retrieved from /Users/aswin/Documents/data-engineering-practice/ETL_Airflow_DBT/airflow/airflow_env/lib/python3.11/site-packages/airflow/example_dags/example_sensors.py
[2026-04-01T17:42:22.115+0530] {logging_mixin.py:188} INFO - [2026-04-01T17:42:22.115+0530] {dag.py:3096} INFO - Sync 1 DAGs
[2026-04-01T17:42:22.122+0530] {logging_mixin.py:188} INFO - [2026-04-01T17:42:22.122+0530] {dag.py:3954} INFO - Setting next_dagrun for example_sensors to None, run_after=None
[2026-04-01T17:42:22.131+0530] {processor.py:183} INFO - Processing /Users/aswin/Documents/data-engineering-practice/ETL_Airflow_DBT/airflow/airflow_env/lib/python3.11/site-packages/airflow/example_dags/example_sensors.py took 0.086 seconds
[2026-04-01T18:01:17.476+0530] {processor.py:161} INFO - Started process (PID=94803) to work on /Users/aswin/Documents/data-engineering-practice/ETL_Airflow_DBT/airflow/airflow_env/lib/python3.11/site-packages/airflow/example_dags/example_sensors.py
[2026-04-01T18:01:17.477+0530] {processor.py:830} INFO - Processing file /Users/aswin/Documents/data-engineering-practice/ETL_Airflow_DBT/airflow/airflow_env/lib/python3.11/site-packages/airflow/example_dags/example_sensors.py for tasks to queue
[2026-04-01T18:01:17.477+0530] {logging_mixin.py:188} INFO - [2026-04-01T18:01:17.477+0530] {dagbag.py:540} INFO - Filling up the DagBag from /Users/aswin/Documents/data-engineering-practice/ETL_Airflow_DBT/airflow/airflow_env/lib/python3.11/site-packages/airflow/example_dags/example_sensors.py
[2026-04-01T18:01:17.484+0530] {processor.py:840} INFO - DAG(s) 'example_sensors' retrieved from /Users/aswin/Documents/data-engineering-practice/ETL_Airflow_DBT/airflow/airflow_env/lib/python3.11/site-packages/airflow/example_dags/example_sensors.py
[2026-04-01T18:01:17.544+0530] {logging_mixin.py:188} INFO - [2026-04-01T18:01:17.544+0530] {dag.py:3096} INFO - Sync 1 DAGs
[2026-04-01T18:01:17.551+0530] {logging_mixin.py:188} INFO - [2026-04-01T18:01:17.551+0530] {dag.py:3954} INFO - Setting next_dagrun for example_sensors to None, run_after=None
[2026-04-01T18:01:17.561+0530] {processor.py:183} INFO - Processing /Users/aswin/Documents/data-engineering-practice/ETL_Airflow_DBT/airflow/airflow_env/lib/python3.11/site-packages/airflow/example_dags/example_sensors.py took 0.085 seconds
[2026-04-01T18:03:00.334+0530] {processor.py:161} INFO - Started process (PID=94959) to work on /Users/aswin/Documents/data-engineering-practice/ETL_Airflow_DBT/airflow/airflow_env/lib/python3.11/site-packages/airflow/example_dags/example_sensors.py
[2026-04-01T18:03:00.334+0530] {processor.py:830} INFO - Processing file /Users/aswin/Documents/data-engineering-practice/ETL_Airflow_DBT/airflow/airflow_env/lib/python3.11/site-packages/airflow/example_dags/example_sensors.py for tasks to queue
[2026-04-01T18:03:00.334+0530] {logging_mixin.py:188} INFO - [2026-04-01T18:03:00.334+0530] {dagbag.py:540} INFO - Filling up the DagBag from /Users/aswin/Documents/data-engineering-practice/ETL_Airflow_DBT/airflow/airflow_env/lib/python3.11/site-packages/airflow/example_dags/example_sensors.py
[2026-04-01T18:03:00.341+0530] {processor.py:840} INFO - DAG(s) 'example_sensors' retrieved from /Users/aswin/Documents/data-engineering-practice/ETL_Airflow_DBT/airflow/airflow_env/lib/python3.11/site-packages/airflow/example_dags/example_sensors.py
[2026-04-01T18:03:00.397+0530] {logging_mixin.py:188} INFO - [2026-04-01T18:03:00.397+0530] {dag.py:3096} INFO - Sync 1 DAGs
[2026-04-01T18:03:00.404+0530] {logging_mixin.py:188} INFO - [2026-04-01T18:03:00.404+0530] {dag.py:3954} INFO - Setting next_dagrun for example_sensors to None, run_after=None
[2026-04-01T18:03:00.413+0530] {processor.py:183} INFO - Processing /Users/aswin/Documents/data-engineering-practice/ETL_Airflow_DBT/airflow/airflow_env/lib/python3.11/site-packages/airflow/example_dags/example_sensors.py took 0.080 seconds
[2026-04-01T18:04:05.066+0530] {processor.py:161} INFO - Started process (PID=95042) to work on /Users/aswin/Documents/data-engineering-practice/ETL_Airflow_DBT/airflow/airflow_env/lib/python3.11/site-packages/airflow/example_dags/example_sensors.py
[2026-04-01T18:04:05.066+0530] {processor.py:830} INFO - Processing file /Users/aswin/Documents/data-engineering-practice/ETL_Airflow_DBT/airflow/airflow_env/lib/python3.11/site-packages/airflow/example_dags/example_sensors.py for tasks to queue
[2026-04-01T18:04:05.066+0530] {logging_mixin.py:188} INFO - [2026-04-01T18:04:05.066+0530] {dagbag.py:540} INFO - Filling up the DagBag from /Users/aswin/Documents/data-engineering-practice/ETL_Airflow_DBT/airflow/airflow_env/lib/python3.11/site-packages/airflow/example_dags/example_sensors.py
[2026-04-01T18:04:05.073+0530] {processor.py:840} INFO - DAG(s) 'example_sensors' retrieved from /Users/aswin/Documents/data-engineering-practice/ETL_Airflow_DBT/airflow/airflow_env/lib/python3.11/site-packages/airflow/example_dags/example_sensors.py
[2026-04-01T18:04:05.130+0530] {logging_mixin.py:188} INFO - [2026-04-01T18:04:05.130+0530] {dag.py:3096} INFO - Sync 1 DAGs
[2026-04-01T18:04:05.137+0530] {logging_mixin.py:188} INFO - [2026-04-01T18:04:05.137+0530] {dag.py:3954} INFO - Setting next_dagrun for example_sensors to None, run_after=None
[2026-04-01T18:04:05.145+0530] {processor.py:183} INFO - Processing /Users/aswin/Documents/data-engineering-practice/ETL_Airflow_DBT/airflow/airflow_env/lib/python3.11/site-packages/airflow/example_dags/example_sensors.py took 0.081 seconds
[2026-04-01T18:21:26.061+0530] {processor.py:161} INFO - Started process (PID=95125) to work on /Users/aswin/Documents/data-engineering-practice/ETL_Airflow_DBT/airflow/airflow_env/lib/python3.11/site-packages/airflow/example_dags/example_sensors.py
[2026-04-01T18:21:26.062+0530] {processor.py:830} INFO - Processing file /Users/aswin/Documents/data-engineering-practice/ETL_Airflow_DBT/airflow/airflow_env/lib/python3.11/site-packages/airflow/example_dags/example_sensors.py for tasks to queue
[2026-04-01T18:21:26.062+0530] {logging_mixin.py:188} INFO - [2026-04-01T18:21:26.062+0530] {dagbag.py:540} INFO - Filling up the DagBag from /Users/aswin/Documents/data-engineering-practice/ETL_Airflow_DBT/airflow/airflow_env/lib/python3.11/site-packages/airflow/example_dags/example_sensors.py
[2026-04-01T18:21:26.069+0530] {processor.py:840} INFO - DAG(s) 'example_sensors' retrieved from /Users/aswin/Documents/data-engineering-practice/ETL_Airflow_DBT/airflow/airflow_env/lib/python3.11/site-packages/airflow/example_dags/example_sensors.py
[2026-04-01T18:21:26.131+0530] {logging_mixin.py:188} INFO - [2026-04-01T18:21:26.131+0530] {dag.py:3096} INFO - Sync 1 DAGs
[2026-04-01T18:21:26.138+0530] {logging_mixin.py:188} INFO - [2026-04-01T18:21:26.137+0530] {dag.py:3954} INFO - Setting next_dagrun for example_sensors to None, run_after=None
[2026-04-01T18:21:26.149+0530] {processor.py:183} INFO - Processing /Users/aswin/Documents/data-engineering-practice/ETL_Airflow_DBT/airflow/airflow_env/lib/python3.11/site-packages/airflow/example_dags/example_sensors.py took 0.089 seconds
[2026-04-01T18:23:35.842+0530] {processor.py:161} INFO - Started process (PID=95317) to work on /Users/aswin/Documents/data-engineering-practice/ETL_Airflow_DBT/airflow/airflow_env/lib/python3.11/site-packages/airflow/example_dags/example_sensors.py
[2026-04-01T18:23:35.842+0530] {processor.py:830} INFO - Processing file /Users/aswin/Documents/data-engineering-practice/ETL_Airflow_DBT/airflow/airflow_env/lib/python3.11/site-packages/airflow/example_dags/example_sensors.py for tasks to queue
[2026-04-01T18:23:35.843+0530] {logging_mixin.py:188} INFO - [2026-04-01T18:23:35.842+0530] {dagbag.py:540} INFO - Filling up the DagBag from /Users/aswin/Documents/data-engineering-practice/ETL_Airflow_DBT/airflow/airflow_env/lib/python3.11/site-packages/airflow/example_dags/example_sensors.py
[2026-04-01T18:23:35.851+0530] {processor.py:840} INFO - DAG(s) 'example_sensors' retrieved from /Users/aswin/Documents/data-engineering-practice/ETL_Airflow_DBT/airflow/airflow_env/lib/python3.11/site-packages/airflow/example_dags/example_sensors.py
[2026-04-01T18:23:35.913+0530] {logging_mixin.py:188} INFO - [2026-04-01T18:23:35.913+0530] {dag.py:3096} INFO - Sync 1 DAGs
[2026-04-01T18:23:35.918+0530] {logging_mixin.py:188} INFO - [2026-04-01T18:23:35.918+0530] {dag.py:3954} INFO - Setting next_dagrun for example_sensors to None, run_after=None
[2026-04-01T18:23:35.927+0530] {processor.py:183} INFO - Processing /Users/aswin/Documents/data-engineering-practice/ETL_Airflow_DBT/airflow/airflow_env/lib/python3.11/site-packages/airflow/example_dags/example_sensors.py took 0.086 seconds
[2026-04-01T18:42:11.867+0530] {processor.py:161} INFO - Started process (PID=95492) to work on /Users/aswin/Documents/data-engineering-practice/ETL_Airflow_DBT/airflow/airflow_env/lib/python3.11/site-packages/airflow/example_dags/example_sensors.py
[2026-04-01T18:42:11.870+0530] {processor.py:830} INFO - Processing file /Users/aswin/Documents/data-engineering-practice/ETL_Airflow_DBT/airflow/airflow_env/lib/python3.11/site-packages/airflow/example_dags/example_sensors.py for tasks to queue
[2026-04-01T18:42:11.870+0530] {logging_mixin.py:188} INFO - [2026-04-01T18:42:11.870+0530] {dagbag.py:540} INFO - Filling up the DagBag from /Users/aswin/Documents/data-engineering-practice/ETL_Airflow_DBT/airflow/airflow_env/lib/python3.11/site-packages/airflow/example_dags/example_sensors.py
[2026-04-01T18:42:11.877+0530] {processor.py:840} INFO - DAG(s) 'example_sensors' retrieved from /Users/aswin/Documents/data-engineering-practice/ETL_Airflow_DBT/airflow/airflow_env/lib/python3.11/site-packages/airflow/example_dags/example_sensors.py
[2026-04-01T18:42:11.934+0530] {logging_mixin.py:188} INFO - [2026-04-01T18:42:11.934+0530] {dag.py:3096} INFO - Sync 1 DAGs
[2026-04-01T18:42:11.942+0530] {logging_mixin.py:188} INFO - [2026-04-01T18:42:11.942+0530] {dag.py:3954} INFO - Setting next_dagrun for example_sensors to None, run_after=None
[2026-04-01T18:42:11.952+0530] {processor.py:183} INFO - Processing /Users/aswin/Documents/data-engineering-practice/ETL_Airflow_DBT/airflow/airflow_env/lib/python3.11/site-packages/airflow/example_dags/example_sensors.py took 0.086 seconds
[2026-04-01T18:43:42.786+0530] {processor.py:161} INFO - Started process (PID=95575) to work on /Users/aswin/Documents/data-engineering-practice/ETL_Airflow_DBT/airflow/airflow_env/lib/python3.11/site-packages/airflow/example_dags/example_sensors.py
[2026-04-01T18:43:42.787+0530] {processor.py:830} INFO - Processing file /Users/aswin/Documents/data-engineering-practice/ETL_Airflow_DBT/airflow/airflow_env/lib/python3.11/site-packages/airflow/example_dags/example_sensors.py for tasks to queue
[2026-04-01T18:43:42.787+0530] {logging_mixin.py:188} INFO - [2026-04-01T18:43:42.787+0530] {dagbag.py:540} INFO - Filling up the DagBag from /Users/aswin/Documents/data-engineering-practice/ETL_Airflow_DBT/airflow/airflow_env/lib/python3.11/site-packages/airflow/example_dags/example_sensors.py
[2026-04-01T18:43:42.794+0530] {processor.py:840} INFO - DAG(s) 'example_sensors' retrieved from /Users/aswin/Documents/data-engineering-practice/ETL_Airflow_DBT/airflow/airflow_env/lib/python3.11/site-packages/airflow/example_dags/example_sensors.py
[2026-04-01T18:43:42.849+0530] {logging_mixin.py:188} INFO - [2026-04-01T18:43:42.849+0530] {dag.py:3096} INFO - Sync 1 DAGs
[2026-04-01T18:43:42.856+0530] {logging_mixin.py:188} INFO - [2026-04-01T18:43:42.856+0530] {dag.py:3954} INFO - Setting next_dagrun for example_sensors to None, run_after=None
[2026-04-01T18:43:42.864+0530] {processor.py:183} INFO - Processing /Users/aswin/Documents/data-engineering-practice/ETL_Airflow_DBT/airflow/airflow_env/lib/python3.11/site-packages/airflow/example_dags/example_sensors.py took 0.079 seconds
[2026-04-01T19:00:54.865+0530] {processor.py:161} INFO - Started process (PID=95753) to work on /Users/aswin/Documents/data-engineering-practice/ETL_Airflow_DBT/airflow/airflow_env/lib/python3.11/site-packages/airflow/example_dags/example_sensors.py
[2026-04-01T19:00:54.866+0530] {processor.py:830} INFO - Processing file /Users/aswin/Documents/data-engineering-practice/ETL_Airflow_DBT/airflow/airflow_env/lib/python3.11/site-packages/airflow/example_dags/example_sensors.py for tasks to queue
[2026-04-01T19:00:54.866+0530] {logging_mixin.py:188} INFO - [2026-04-01T19:00:54.866+0530] {dagbag.py:540} INFO - Filling up the DagBag from /Users/aswin/Documents/data-engineering-practice/ETL_Airflow_DBT/airflow/airflow_env/lib/python3.11/site-packages/airflow/example_dags/example_sensors.py
[2026-04-01T19:00:54.872+0530] {processor.py:840} INFO - DAG(s) 'example_sensors' retrieved from /Users/aswin/Documents/data-engineering-practice/ETL_Airflow_DBT/airflow/airflow_env/lib/python3.11/site-packages/airflow/example_dags/example_sensors.py
[2026-04-01T19:00:54.933+0530] {logging_mixin.py:188} INFO - [2026-04-01T19:00:54.933+0530] {dag.py:3096} INFO - Sync 1 DAGs
[2026-04-01T19:00:54.940+0530] {logging_mixin.py:188} INFO - [2026-04-01T19:00:54.940+0530] {dag.py:3954} INFO - Setting next_dagrun for example_sensors to None, run_after=None
[2026-04-01T19:00:54.949+0530] {processor.py:183} INFO - Processing /Users/aswin/Documents/data-engineering-practice/ETL_Airflow_DBT/airflow/airflow_env/lib/python3.11/site-packages/airflow/example_dags/example_sensors.py took 0.085 seconds
[2026-04-01T19:01:59.431+0530] {processor.py:161} INFO - Started process (PID=95836) to work on /Users/aswin/Documents/data-engineering-practice/ETL_Airflow_DBT/airflow/airflow_env/lib/python3.11/site-packages/airflow/example_dags/example_sensors.py
[2026-04-01T19:01:59.431+0530] {processor.py:830} INFO - Processing file /Users/aswin/Documents/data-engineering-practice/ETL_Airflow_DBT/airflow/airflow_env/lib/python3.11/site-packages/airflow/example_dags/example_sensors.py for tasks to queue
[2026-04-01T19:01:59.432+0530] {logging_mixin.py:188} INFO - [2026-04-01T19:01:59.432+0530] {dagbag.py:540} INFO - Filling up the DagBag from /Users/aswin/Documents/data-engineering-practice/ETL_Airflow_DBT/airflow/airflow_env/lib/python3.11/site-packages/airflow/example_dags/example_sensors.py
[2026-04-01T19:01:59.440+0530] {processor.py:840} INFO - DAG(s) 'example_sensors' retrieved from /Users/aswin/Documents/data-engineering-practice/ETL_Airflow_DBT/airflow/airflow_env/lib/python3.11/site-packages/airflow/example_dags/example_sensors.py
[2026-04-01T19:01:59.500+0530] {logging_mixin.py:188} INFO - [2026-04-01T19:01:59.500+0530] {dag.py:3096} INFO - Sync 1 DAGs
[2026-04-01T19:01:59.506+0530] {logging_mixin.py:188} INFO - [2026-04-01T19:01:59.506+0530] {dag.py:3954} INFO - Setting next_dagrun for example_sensors to None, run_after=None
[2026-04-01T19:01:59.516+0530] {processor.py:183} INFO - Processing /Users/aswin/Documents/data-engineering-practice/ETL_Airflow_DBT/airflow/airflow_env/lib/python3.11/site-packages/airflow/example_dags/example_sensors.py took 0.087 seconds
[2026-04-01T19:03:04.938+0530] {processor.py:161} INFO - Started process (PID=95919) to work on /Users/aswin/Documents/data-engineering-practice/ETL_Airflow_DBT/airflow/airflow_env/lib/python3.11/site-packages/airflow/example_dags/example_sensors.py
[2026-04-01T19:03:04.938+0530] {processor.py:830} INFO - Processing file /Users/aswin/Documents/data-engineering-practice/ETL_Airflow_DBT/airflow/airflow_env/lib/python3.11/site-packages/airflow/example_dags/example_sensors.py for tasks to queue
[2026-04-01T19:03:04.938+0530] {logging_mixin.py:188} INFO - [2026-04-01T19:03:04.938+0530] {dagbag.py:540} INFO - Filling up the DagBag from /Users/aswin/Documents/data-engineering-practice/ETL_Airflow_DBT/airflow/airflow_env/lib/python3.11/site-packages/airflow/example_dags/example_sensors.py
[2026-04-01T19:03:04.946+0530] {processor.py:840} INFO - DAG(s) 'example_sensors' retrieved from /Users/aswin/Documents/data-engineering-practice/ETL_Airflow_DBT/airflow/airflow_env/lib/python3.11/site-packages/airflow/example_dags/example_sensors.py
[2026-04-01T19:03:05.002+0530] {logging_mixin.py:188} INFO - [2026-04-01T19:03:05.001+0530] {dag.py:3096} INFO - Sync 1 DAGs
[2026-04-01T19:03:05.008+0530] {logging_mixin.py:188} INFO - [2026-04-01T19:03:05.008+0530] {dag.py:3954} INFO - Setting next_dagrun for example_sensors to None, run_after=None
[2026-04-01T19:03:05.018+0530] {processor.py:183} INFO - Processing /Users/aswin/Documents/data-engineering-practice/ETL_Airflow_DBT/airflow/airflow_env/lib/python3.11/site-packages/airflow/example_dags/example_sensors.py took 0.082 seconds
[2026-04-01T19:20:49.627+0530] {processor.py:161} INFO - Started process (PID=96001) to work on /Users/aswin/Documents/data-engineering-practice/ETL_Airflow_DBT/airflow/airflow_env/lib/python3.11/site-packages/airflow/example_dags/example_sensors.py
[2026-04-01T19:20:49.627+0530] {processor.py:830} INFO - Processing file /Users/aswin/Documents/data-engineering-practice/ETL_Airflow_DBT/airflow/airflow_env/lib/python3.11/site-packages/airflow/example_dags/example_sensors.py for tasks to queue
[2026-04-01T19:20:49.627+0530] {logging_mixin.py:188} INFO - [2026-04-01T19:20:49.627+0530] {dagbag.py:540} INFO - Filling up the DagBag from /Users/aswin/Documents/data-engineering-practice/ETL_Airflow_DBT/airflow/airflow_env/lib/python3.11/site-packages/airflow/example_dags/example_sensors.py
[2026-04-01T19:20:49.635+0530] {processor.py:840} INFO - DAG(s) 'example_sensors' retrieved from /Users/aswin/Documents/data-engineering-practice/ETL_Airflow_DBT/airflow/airflow_env/lib/python3.11/site-packages/airflow/example_dags/example_sensors.py
[2026-04-01T19:20:49.691+0530] {logging_mixin.py:188} INFO - [2026-04-01T19:20:49.691+0530] {dag.py:3096} INFO - Sync 1 DAGs
[2026-04-01T19:20:49.698+0530] {logging_mixin.py:188} INFO - [2026-04-01T19:20:49.698+0530] {dag.py:3954} INFO - Setting next_dagrun for example_sensors to None, run_after=None
[2026-04-01T19:20:49.708+0530] {processor.py:183} INFO - Processing /Users/aswin/Documents/data-engineering-practice/ETL_Airflow_DBT/airflow/airflow_env/lib/python3.11/site-packages/airflow/example_dags/example_sensors.py took 0.082 seconds
[2026-04-01T19:22:23.271+0530] {processor.py:161} INFO - Started process (PID=96102) to work on /Users/aswin/Documents/data-engineering-practice/ETL_Airflow_DBT/airflow/airflow_env/lib/python3.11/site-packages/airflow/example_dags/example_sensors.py
[2026-04-01T19:22:23.272+0530] {processor.py:830} INFO - Processing file /Users/aswin/Documents/data-engineering-practice/ETL_Airflow_DBT/airflow/airflow_env/lib/python3.11/site-packages/airflow/example_dags/example_sensors.py for tasks to queue
[2026-04-01T19:22:23.272+0530] {logging_mixin.py:188} INFO - [2026-04-01T19:22:23.272+0530] {dagbag.py:540} INFO - Filling up the DagBag from /Users/aswin/Documents/data-engineering-practice/ETL_Airflow_DBT/airflow/airflow_env/lib/python3.11/site-packages/airflow/example_dags/example_sensors.py
[2026-04-01T19:22:23.279+0530] {processor.py:840} INFO - DAG(s) 'example_sensors' retrieved from /Users/aswin/Documents/data-engineering-practice/ETL_Airflow_DBT/airflow/airflow_env/lib/python3.11/site-packages/airflow/example_dags/example_sensors.py
[2026-04-01T19:22:23.336+0530] {logging_mixin.py:188} INFO - [2026-04-01T19:22:23.336+0530] {dag.py:3096} INFO - Sync 1 DAGs
[2026-04-01T19:22:23.343+0530] {logging_mixin.py:188} INFO - [2026-04-01T19:22:23.343+0530] {dag.py:3954} INFO - Setting next_dagrun for example_sensors to None, run_after=None
[2026-04-01T19:22:23.352+0530] {processor.py:183} INFO - Processing /Users/aswin/Documents/data-engineering-practice/ETL_Airflow_DBT/airflow/airflow_env/lib/python3.11/site-packages/airflow/example_dags/example_sensors.py took 0.082 seconds
[2026-04-01T19:23:28.137+0530] {processor.py:161} INFO - Started process (PID=96191) to work on /Users/aswin/Documents/data-engineering-practice/ETL_Airflow_DBT/airflow/airflow_env/lib/python3.11/site-packages/airflow/example_dags/example_sensors.py
[2026-04-01T19:23:28.138+0530] {processor.py:830} INFO - Processing file /Users/aswin/Documents/data-engineering-practice/ETL_Airflow_DBT/airflow/airflow_env/lib/python3.11/site-packages/airflow/example_dags/example_sensors.py for tasks to queue
[2026-04-01T19:23:28.138+0530] {logging_mixin.py:188} INFO - [2026-04-01T19:23:28.138+0530] {dagbag.py:540} INFO - Filling up the DagBag from /Users/aswin/Documents/data-engineering-practice/ETL_Airflow_DBT/airflow/airflow_env/lib/python3.11/site-packages/airflow/example_dags/example_sensors.py
[2026-04-01T19:23:28.146+0530] {processor.py:840} INFO - DAG(s) 'example_sensors' retrieved from /Users/aswin/Documents/data-engineering-practice/ETL_Airflow_DBT/airflow/airflow_env/lib/python3.11/site-packages/airflow/example_dags/example_sensors.py
[2026-04-01T19:23:28.203+0530] {logging_mixin.py:188} INFO - [2026-04-01T19:23:28.203+0530] {dag.py:3096} INFO - Sync 1 DAGs
[2026-04-01T19:23:28.209+0530] {logging_mixin.py:188} INFO - [2026-04-01T19:23:28.209+0530] {dag.py:3954} INFO - Setting next_dagrun for example_sensors to None, run_after=None
[2026-04-01T19:23:28.217+0530] {processor.py:183} INFO - Processing /Users/aswin/Documents/data-engineering-practice/ETL_Airflow_DBT/airflow/airflow_env/lib/python3.11/site-packages/airflow/example_dags/example_sensors.py took 0.081 seconds
[2026-04-01T19:42:20.831+0530] {processor.py:161} INFO - Started process (PID=96310) to work on /Users/aswin/Documents/data-engineering-practice/ETL_Airflow_DBT/airflow/airflow_env/lib/python3.11/site-packages/airflow/example_dags/example_sensors.py
[2026-04-01T19:42:20.834+0530] {processor.py:830} INFO - Processing file /Users/aswin/Documents/data-engineering-practice/ETL_Airflow_DBT/airflow/airflow_env/lib/python3.11/site-packages/airflow/example_dags/example_sensors.py for tasks to queue
[2026-04-01T19:42:20.834+0530] {logging_mixin.py:188} INFO - [2026-04-01T19:42:20.834+0530] {dagbag.py:540} INFO - Filling up the DagBag from /Users/aswin/Documents/data-engineering-practice/ETL_Airflow_DBT/airflow/airflow_env/lib/python3.11/site-packages/airflow/example_dags/example_sensors.py
[2026-04-01T19:42:20.843+0530] {processor.py:840} INFO - DAG(s) 'example_sensors' retrieved from /Users/aswin/Documents/data-engineering-practice/ETL_Airflow_DBT/airflow/airflow_env/lib/python3.11/site-packages/airflow/example_dags/example_sensors.py
[2026-04-01T19:42:20.898+0530] {logging_mixin.py:188} INFO - [2026-04-01T19:42:20.898+0530] {dag.py:3096} INFO - Sync 1 DAGs
[2026-04-01T19:42:20.904+0530] {logging_mixin.py:188} INFO - [2026-04-01T19:42:20.904+0530] {dag.py:3954} INFO - Setting next_dagrun for example_sensors to None, run_after=None
[2026-04-01T19:42:20.914+0530] {processor.py:183} INFO - Processing /Users/aswin/Documents/data-engineering-practice/ETL_Airflow_DBT/airflow/airflow_env/lib/python3.11/site-packages/airflow/example_dags/example_sensors.py took 0.084 seconds
[2026-04-01T19:43:29.813+0530] {processor.py:161} INFO - Started process (PID=96417) to work on /Users/aswin/Documents/data-engineering-practice/ETL_Airflow_DBT/airflow/airflow_env/lib/python3.11/site-packages/airflow/example_dags/example_sensors.py
[2026-04-01T19:43:29.826+0530] {processor.py:830} INFO - Processing file /Users/aswin/Documents/data-engineering-practice/ETL_Airflow_DBT/airflow/airflow_env/lib/python3.11/site-packages/airflow/example_dags/example_sensors.py for tasks to queue
[2026-04-01T19:43:29.827+0530] {logging_mixin.py:188} INFO - [2026-04-01T19:43:29.827+0530] {dagbag.py:540} INFO - Filling up the DagBag from /Users/aswin/Documents/data-engineering-practice/ETL_Airflow_DBT/airflow/airflow_env/lib/python3.11/site-packages/airflow/example_dags/example_sensors.py
[2026-04-01T19:43:29.837+0530] {processor.py:840} INFO - DAG(s) 'example_sensors' retrieved from /Users/aswin/Documents/data-engineering-practice/ETL_Airflow_DBT/airflow/airflow_env/lib/python3.11/site-packages/airflow/example_dags/example_sensors.py
[2026-04-01T19:43:29.911+0530] {logging_mixin.py:188} INFO - [2026-04-01T19:43:29.911+0530] {dag.py:3096} INFO - Sync 1 DAGs
[2026-04-01T19:43:29.920+0530] {logging_mixin.py:188} INFO - [2026-04-01T19:43:29.920+0530] {dag.py:3954} INFO - Setting next_dagrun for example_sensors to None, run_after=None
[2026-04-01T19:43:29.929+0530] {processor.py:183} INFO - Processing /Users/aswin/Documents/data-engineering-practice/ETL_Airflow_DBT/airflow/airflow_env/lib/python3.11/site-packages/airflow/example_dags/example_sensors.py took 0.118 seconds
[2026-04-01T19:44:39.587+0530] {processor.py:161} INFO - Started process (PID=96538) to work on /Users/aswin/Documents/data-engineering-practice/ETL_Airflow_DBT/airflow/airflow_env/lib/python3.11/site-packages/airflow/example_dags/example_sensors.py
[2026-04-01T19:44:39.587+0530] {processor.py:830} INFO - Processing file /Users/aswin/Documents/data-engineering-practice/ETL_Airflow_DBT/airflow/airflow_env/lib/python3.11/site-packages/airflow/example_dags/example_sensors.py for tasks to queue
[2026-04-01T19:44:39.588+0530] {logging_mixin.py:188} INFO - [2026-04-01T19:44:39.588+0530] {dagbag.py:540} INFO - Filling up the DagBag from /Users/aswin/Documents/data-engineering-practice/ETL_Airflow_DBT/airflow/airflow_env/lib/python3.11/site-packages/airflow/example_dags/example_sensors.py
[2026-04-01T19:44:39.595+0530] {processor.py:840} INFO - DAG(s) 'example_sensors' retrieved from /Users/aswin/Documents/data-engineering-practice/ETL_Airflow_DBT/airflow/airflow_env/lib/python3.11/site-packages/airflow/example_dags/example_sensors.py
[2026-04-01T19:44:39.655+0530] {logging_mixin.py:188} INFO - [2026-04-01T19:44:39.655+0530] {dag.py:3096} INFO - Sync 1 DAGs
[2026-04-01T19:44:39.661+0530] {logging_mixin.py:188} INFO - [2026-04-01T19:44:39.661+0530] {dag.py:3954} INFO - Setting next_dagrun for example_sensors to None, run_after=None
[2026-04-01T19:44:39.671+0530] {processor.py:183} INFO - Processing /Users/aswin/Documents/data-engineering-practice/ETL_Airflow_DBT/airflow/airflow_env/lib/python3.11/site-packages/airflow/example_dags/example_sensors.py took 0.085 seconds
[2026-04-01T19:45:45.150+0530] {processor.py:161} INFO - Started process (PID=96625) to work on /Users/aswin/Documents/data-engineering-practice/ETL_Airflow_DBT/airflow/airflow_env/lib/python3.11/site-packages/airflow/example_dags/example_sensors.py
[2026-04-01T19:45:45.150+0530] {processor.py:830} INFO - Processing file /Users/aswin/Documents/data-engineering-practice/ETL_Airflow_DBT/airflow/airflow_env/lib/python3.11/site-packages/airflow/example_dags/example_sensors.py for tasks to queue
[2026-04-01T19:45:45.151+0530] {logging_mixin.py:188} INFO - [2026-04-01T19:45:45.150+0530] {dagbag.py:540} INFO - Filling up the DagBag from /Users/aswin/Documents/data-engineering-practice/ETL_Airflow_DBT/airflow/airflow_env/lib/python3.11/site-packages/airflow/example_dags/example_sensors.py
[2026-04-01T19:45:45.156+0530] {processor.py:840} INFO - DAG(s) 'example_sensors' retrieved from /Users/aswin/Documents/data-engineering-practice/ETL_Airflow_DBT/airflow/airflow_env/lib/python3.11/site-packages/airflow/example_dags/example_sensors.py
[2026-04-01T19:45:45.213+0530] {logging_mixin.py:188} INFO - [2026-04-01T19:45:45.213+0530] {dag.py:3096} INFO - Sync 1 DAGs
[2026-04-01T19:45:45.220+0530] {logging_mixin.py:188} INFO - [2026-04-01T19:45:45.220+0530] {dag.py:3954} INFO - Setting next_dagrun for example_sensors to None, run_after=None
[2026-04-01T19:45:45.229+0530] {processor.py:183} INFO - Processing /Users/aswin/Documents/data-engineering-practice/ETL_Airflow_DBT/airflow/airflow_env/lib/python3.11/site-packages/airflow/example_dags/example_sensors.py took 0.080 seconds
[2026-04-01T20:00:24.718+0530] {processor.py:161} INFO - Started process (PID=96708) to work on /Users/aswin/Documents/data-engineering-practice/ETL_Airflow_DBT/airflow/airflow_env/lib/python3.11/site-packages/airflow/example_dags/example_sensors.py
[2026-04-01T20:00:24.719+0530] {processor.py:830} INFO - Processing file /Users/aswin/Documents/data-engineering-practice/ETL_Airflow_DBT/airflow/airflow_env/lib/python3.11/site-packages/airflow/example_dags/example_sensors.py for tasks to queue
[2026-04-01T20:00:24.719+0530] {logging_mixin.py:188} INFO - [2026-04-01T20:00:24.719+0530] {dagbag.py:540} INFO - Filling up the DagBag from /Users/aswin/Documents/data-engineering-practice/ETL_Airflow_DBT/airflow/airflow_env/lib/python3.11/site-packages/airflow/example_dags/example_sensors.py
[2026-04-01T20:00:24.724+0530] {processor.py:840} INFO - DAG(s) 'example_sensors' retrieved from /Users/aswin/Documents/data-engineering-practice/ETL_Airflow_DBT/airflow/airflow_env/lib/python3.11/site-packages/airflow/example_dags/example_sensors.py
[2026-04-01T20:00:24.783+0530] {logging_mixin.py:188} INFO - [2026-04-01T20:00:24.783+0530] {dag.py:3096} INFO - Sync 1 DAGs
[2026-04-01T20:00:24.791+0530] {logging_mixin.py:188} INFO - [2026-04-01T20:00:24.791+0530] {dag.py:3954} INFO - Setting next_dagrun for example_sensors to None, run_after=None
[2026-04-01T20:00:24.800+0530] {processor.py:183} INFO - Processing /Users/aswin/Documents/data-engineering-practice/ETL_Airflow_DBT/airflow/airflow_env/lib/python3.11/site-packages/airflow/example_dags/example_sensors.py took 0.082 seconds
[2026-04-01T20:01:00.033+0530] {processor.py:161} INFO - Started process (PID=96824) to work on /Users/aswin/Documents/data-engineering-practice/ETL_Airflow_DBT/airflow/airflow_env/lib/python3.11/site-packages/airflow/example_dags/example_sensors.py
[2026-04-01T20:01:00.033+0530] {processor.py:830} INFO - Processing file /Users/aswin/Documents/data-engineering-practice/ETL_Airflow_DBT/airflow/airflow_env/lib/python3.11/site-packages/airflow/example_dags/example_sensors.py for tasks to queue
[2026-04-01T20:01:00.033+0530] {logging_mixin.py:188} INFO - [2026-04-01T20:01:00.033+0530] {dagbag.py:540} INFO - Filling up the DagBag from /Users/aswin/Documents/data-engineering-practice/ETL_Airflow_DBT/airflow/airflow_env/lib/python3.11/site-packages/airflow/example_dags/example_sensors.py
[2026-04-01T20:01:00.039+0530] {processor.py:840} INFO - DAG(s) 'example_sensors' retrieved from /Users/aswin/Documents/data-engineering-practice/ETL_Airflow_DBT/airflow/airflow_env/lib/python3.11/site-packages/airflow/example_dags/example_sensors.py
[2026-04-01T20:01:00.096+0530] {logging_mixin.py:188} INFO - [2026-04-01T20:01:00.096+0530] {dag.py:3096} INFO - Sync 1 DAGs
[2026-04-01T20:01:00.103+0530] {logging_mixin.py:188} INFO - [2026-04-01T20:01:00.103+0530] {dag.py:3954} INFO - Setting next_dagrun for example_sensors to None, run_after=None
[2026-04-01T20:01:00.113+0530] {processor.py:183} INFO - Processing /Users/aswin/Documents/data-engineering-practice/ETL_Airflow_DBT/airflow/airflow_env/lib/python3.11/site-packages/airflow/example_dags/example_sensors.py took 0.082 seconds
[2026-04-01T20:01:30.957+0530] {processor.py:161} INFO - Started process (PID=96943) to work on /Users/aswin/Documents/data-engineering-practice/ETL_Airflow_DBT/airflow/airflow_env/lib/python3.11/site-packages/airflow/example_dags/example_sensors.py
[2026-04-01T20:01:30.959+0530] {processor.py:830} INFO - Processing file /Users/aswin/Documents/data-engineering-practice/ETL_Airflow_DBT/airflow/airflow_env/lib/python3.11/site-packages/airflow/example_dags/example_sensors.py for tasks to queue
[2026-04-01T20:01:30.959+0530] {logging_mixin.py:188} INFO - [2026-04-01T20:01:30.959+0530] {dagbag.py:540} INFO - Filling up the DagBag from /Users/aswin/Documents/data-engineering-practice/ETL_Airflow_DBT/airflow/airflow_env/lib/python3.11/site-packages/airflow/example_dags/example_sensors.py
[2026-04-01T20:01:30.966+0530] {processor.py:840} INFO - DAG(s) 'example_sensors' retrieved from /Users/aswin/Documents/data-engineering-practice/ETL_Airflow_DBT/airflow/airflow_env/lib/python3.11/site-packages/airflow/example_dags/example_sensors.py
[2026-04-01T20:01:31.020+0530] {logging_mixin.py:188} INFO - [2026-04-01T20:01:31.020+0530] {dag.py:3096} INFO - Sync 1 DAGs
[2026-04-01T20:01:31.027+0530] {logging_mixin.py:188} INFO - [2026-04-01T20:01:31.027+0530] {dag.py:3954} INFO - Setting next_dagrun for example_sensors to None, run_after=None
[2026-04-01T20:01:31.052+0530] {processor.py:183} INFO - Processing /Users/aswin/Documents/data-engineering-practice/ETL_Airflow_DBT/airflow/airflow_env/lib/python3.11/site-packages/airflow/example_dags/example_sensors.py took 0.095 seconds
[2026-04-01T20:02:04.377+0530] {processor.py:161} INFO - Started process (PID=97058) to work on /Users/aswin/Documents/data-engineering-practice/ETL_Airflow_DBT/airflow/airflow_env/lib/python3.11/site-packages/airflow/example_dags/example_sensors.py
[2026-04-01T20:02:04.378+0530] {processor.py:830} INFO - Processing file /Users/aswin/Documents/data-engineering-practice/ETL_Airflow_DBT/airflow/airflow_env/lib/python3.11/site-packages/airflow/example_dags/example_sensors.py for tasks to queue
[2026-04-01T20:02:04.378+0530] {logging_mixin.py:188} INFO - [2026-04-01T20:02:04.378+0530] {dagbag.py:540} INFO - Filling up the DagBag from /Users/aswin/Documents/data-engineering-practice/ETL_Airflow_DBT/airflow/airflow_env/lib/python3.11/site-packages/airflow/example_dags/example_sensors.py
[2026-04-01T20:02:04.385+0530] {processor.py:840} INFO - DAG(s) 'example_sensors' retrieved from /Users/aswin/Documents/data-engineering-practice/ETL_Airflow_DBT/airflow/airflow_env/lib/python3.11/site-packages/airflow/example_dags/example_sensors.py
[2026-04-01T20:02:04.442+0530] {logging_mixin.py:188} INFO - [2026-04-01T20:02:04.442+0530] {dag.py:3096} INFO - Sync 1 DAGs
[2026-04-01T20:02:04.449+0530] {logging_mixin.py:188} INFO - [2026-04-01T20:02:04.448+0530] {dag.py:3954} INFO - Setting next_dagrun for example_sensors to None, run_after=None
[2026-04-01T20:02:04.459+0530] {processor.py:183} INFO - Processing /Users/aswin/Documents/data-engineering-practice/ETL_Airflow_DBT/airflow/airflow_env/lib/python3.11/site-packages/airflow/example_dags/example_sensors.py took 0.083 seconds
[2026-04-01T20:02:36.031+0530] {processor.py:161} INFO - Started process (PID=97171) to work on /Users/aswin/Documents/data-engineering-practice/ETL_Airflow_DBT/airflow/airflow_env/lib/python3.11/site-packages/airflow/example_dags/example_sensors.py
[2026-04-01T20:02:36.032+0530] {processor.py:830} INFO - Processing file /Users/aswin/Documents/data-engineering-practice/ETL_Airflow_DBT/airflow/airflow_env/lib/python3.11/site-packages/airflow/example_dags/example_sensors.py for tasks to queue
[2026-04-01T20:02:36.033+0530] {logging_mixin.py:188} INFO - [2026-04-01T20:02:36.033+0530] {dagbag.py:540} INFO - Filling up the DagBag from /Users/aswin/Documents/data-engineering-practice/ETL_Airflow_DBT/airflow/airflow_env/lib/python3.11/site-packages/airflow/example_dags/example_sensors.py
[2026-04-01T20:02:36.041+0530] {processor.py:840} INFO - DAG(s) 'example_sensors' retrieved from /Users/aswin/Documents/data-engineering-practice/ETL_Airflow_DBT/airflow/airflow_env/lib/python3.11/site-packages/airflow/example_dags/example_sensors.py
[2026-04-01T20:02:36.108+0530] {logging_mixin.py:188} INFO - [2026-04-01T20:02:36.108+0530] {dag.py:3096} INFO - Sync 1 DAGs
[2026-04-01T20:02:36.114+0530] {logging_mixin.py:188} INFO - [2026-04-01T20:02:36.114+0530] {dag.py:3954} INFO - Setting next_dagrun for example_sensors to None, run_after=None
[2026-04-01T20:02:36.123+0530] {processor.py:183} INFO - Processing /Users/aswin/Documents/data-engineering-practice/ETL_Airflow_DBT/airflow/airflow_env/lib/python3.11/site-packages/airflow/example_dags/example_sensors.py took 0.093 seconds
[2026-04-01T20:03:11.550+0530] {processor.py:161} INFO - Started process (PID=97286) to work on /Users/aswin/Documents/data-engineering-practice/ETL_Airflow_DBT/airflow/airflow_env/lib/python3.11/site-packages/airflow/example_dags/example_sensors.py
[2026-04-01T20:03:11.551+0530] {processor.py:830} INFO - Processing file /Users/aswin/Documents/data-engineering-practice/ETL_Airflow_DBT/airflow/airflow_env/lib/python3.11/site-packages/airflow/example_dags/example_sensors.py for tasks to queue
[2026-04-01T20:03:11.552+0530] {logging_mixin.py:188} INFO - [2026-04-01T20:03:11.552+0530] {dagbag.py:540} INFO - Filling up the DagBag from /Users/aswin/Documents/data-engineering-practice/ETL_Airflow_DBT/airflow/airflow_env/lib/python3.11/site-packages/airflow/example_dags/example_sensors.py
[2026-04-01T20:03:11.559+0530] {processor.py:840} INFO - DAG(s) 'example_sensors' retrieved from /Users/aswin/Documents/data-engineering-practice/ETL_Airflow_DBT/airflow/airflow_env/lib/python3.11/site-packages/airflow/example_dags/example_sensors.py
[2026-04-01T20:03:11.626+0530] {logging_mixin.py:188} INFO - [2026-04-01T20:03:11.626+0530] {dag.py:3096} INFO - Sync 1 DAGs
[2026-04-01T20:03:11.632+0530] {logging_mixin.py:188} INFO - [2026-04-01T20:03:11.632+0530] {dag.py:3954} INFO - Setting next_dagrun for example_sensors to None, run_after=None
[2026-04-01T20:03:11.640+0530] {processor.py:183} INFO - Processing /Users/aswin/Documents/data-engineering-practice/ETL_Airflow_DBT/airflow/airflow_env/lib/python3.11/site-packages/airflow/example_dags/example_sensors.py took 0.091 seconds
[2026-04-01T20:03:43.714+0530] {processor.py:161} INFO - Started process (PID=97402) to work on /Users/aswin/Documents/data-engineering-practice/ETL_Airflow_DBT/airflow/airflow_env/lib/python3.11/site-packages/airflow/example_dags/example_sensors.py
[2026-04-01T20:03:43.715+0530] {processor.py:830} INFO - Processing file /Users/aswin/Documents/data-engineering-practice/ETL_Airflow_DBT/airflow/airflow_env/lib/python3.11/site-packages/airflow/example_dags/example_sensors.py for tasks to queue
[2026-04-01T20:03:43.715+0530] {logging_mixin.py:188} INFO - [2026-04-01T20:03:43.715+0530] {dagbag.py:540} INFO - Filling up the DagBag from /Users/aswin/Documents/data-engineering-practice/ETL_Airflow_DBT/airflow/airflow_env/lib/python3.11/site-packages/airflow/example_dags/example_sensors.py
[2026-04-01T20:03:43.724+0530] {processor.py:840} INFO - DAG(s) 'example_sensors' retrieved from /Users/aswin/Documents/data-engineering-practice/ETL_Airflow_DBT/airflow/airflow_env/lib/python3.11/site-packages/airflow/example_dags/example_sensors.py
[2026-04-01T20:03:43.799+0530] {logging_mixin.py:188} INFO - [2026-04-01T20:03:43.799+0530] {dag.py:3096} INFO - Sync 1 DAGs
[2026-04-01T20:03:43.805+0530] {logging_mixin.py:188} INFO - [2026-04-01T20:03:43.805+0530] {dag.py:3954} INFO - Setting next_dagrun for example_sensors to None, run_after=None
[2026-04-01T20:03:43.816+0530] {processor.py:183} INFO - Processing /Users/aswin/Documents/data-engineering-practice/ETL_Airflow_DBT/airflow/airflow_env/lib/python3.11/site-packages/airflow/example_dags/example_sensors.py took 0.103 seconds
[2026-04-01T20:04:19.153+0530] {processor.py:161} INFO - Started process (PID=97514) to work on /Users/aswin/Documents/data-engineering-practice/ETL_Airflow_DBT/airflow/airflow_env/lib/python3.11/site-packages/airflow/example_dags/example_sensors.py
[2026-04-01T20:04:19.153+0530] {processor.py:830} INFO - Processing file /Users/aswin/Documents/data-engineering-practice/ETL_Airflow_DBT/airflow/airflow_env/lib/python3.11/site-packages/airflow/example_dags/example_sensors.py for tasks to queue
[2026-04-01T20:04:19.154+0530] {logging_mixin.py:188} INFO - [2026-04-01T20:04:19.154+0530] {dagbag.py:540} INFO - Filling up the DagBag from /Users/aswin/Documents/data-engineering-practice/ETL_Airflow_DBT/airflow/airflow_env/lib/python3.11/site-packages/airflow/example_dags/example_sensors.py
[2026-04-01T20:04:19.162+0530] {processor.py:840} INFO - DAG(s) 'example_sensors' retrieved from /Users/aswin/Documents/data-engineering-practice/ETL_Airflow_DBT/airflow/airflow_env/lib/python3.11/site-packages/airflow/example_dags/example_sensors.py
[2026-04-01T20:04:19.234+0530] {logging_mixin.py:188} INFO - [2026-04-01T20:04:19.234+0530] {dag.py:3096} INFO - Sync 1 DAGs
[2026-04-01T20:04:19.243+0530] {logging_mixin.py:188} INFO - [2026-04-01T20:04:19.242+0530] {dag.py:3954} INFO - Setting next_dagrun for example_sensors to None, run_after=None
[2026-04-01T20:04:19.255+0530] {processor.py:183} INFO - Processing /Users/aswin/Documents/data-engineering-practice/ETL_Airflow_DBT/airflow/airflow_env/lib/python3.11/site-packages/airflow/example_dags/example_sensors.py took 0.104 seconds
[2026-04-01T20:04:57.213+0530] {processor.py:161} INFO - Started process (PID=97628) to work on /Users/aswin/Documents/data-engineering-practice/ETL_Airflow_DBT/airflow/airflow_env/lib/python3.11/site-packages/airflow/example_dags/example_sensors.py
[2026-04-01T20:04:57.213+0530] {processor.py:830} INFO - Processing file /Users/aswin/Documents/data-engineering-practice/ETL_Airflow_DBT/airflow/airflow_env/lib/python3.11/site-packages/airflow/example_dags/example_sensors.py for tasks to queue
[2026-04-01T20:04:57.213+0530] {logging_mixin.py:188} INFO - [2026-04-01T20:04:57.213+0530] {dagbag.py:540} INFO - Filling up the DagBag from /Users/aswin/Documents/data-engineering-practice/ETL_Airflow_DBT/airflow/airflow_env/lib/python3.11/site-packages/airflow/example_dags/example_sensors.py
[2026-04-01T20:04:57.223+0530] {processor.py:840} INFO - DAG(s) 'example_sensors' retrieved from /Users/aswin/Documents/data-engineering-practice/ETL_Airflow_DBT/airflow/airflow_env/lib/python3.11/site-packages/airflow/example_dags/example_sensors.py
[2026-04-01T20:04:57.300+0530] {logging_mixin.py:188} INFO - [2026-04-01T20:04:57.300+0530] {dag.py:3096} INFO - Sync 1 DAGs
[2026-04-01T20:04:57.308+0530] {logging_mixin.py:188} INFO - [2026-04-01T20:04:57.308+0530] {dag.py:3954} INFO - Setting next_dagrun for example_sensors to None, run_after=None
[2026-04-01T20:04:57.320+0530] {processor.py:183} INFO - Processing /Users/aswin/Documents/data-engineering-practice/ETL_Airflow_DBT/airflow/airflow_env/lib/python3.11/site-packages/airflow/example_dags/example_sensors.py took 0.109 seconds
[2026-04-01T20:05:34.546+0530] {processor.py:161} INFO - Started process (PID=97745) to work on /Users/aswin/Documents/data-engineering-practice/ETL_Airflow_DBT/airflow/airflow_env/lib/python3.11/site-packages/airflow/example_dags/example_sensors.py
[2026-04-01T20:05:34.547+0530] {processor.py:830} INFO - Processing file /Users/aswin/Documents/data-engineering-practice/ETL_Airflow_DBT/airflow/airflow_env/lib/python3.11/site-packages/airflow/example_dags/example_sensors.py for tasks to queue
[2026-04-01T20:05:34.548+0530] {logging_mixin.py:188} INFO - [2026-04-01T20:05:34.548+0530] {dagbag.py:540} INFO - Filling up the DagBag from /Users/aswin/Documents/data-engineering-practice/ETL_Airflow_DBT/airflow/airflow_env/lib/python3.11/site-packages/airflow/example_dags/example_sensors.py
[2026-04-01T20:05:34.558+0530] {processor.py:840} INFO - DAG(s) 'example_sensors' retrieved from /Users/aswin/Documents/data-engineering-practice/ETL_Airflow_DBT/airflow/airflow_env/lib/python3.11/site-packages/airflow/example_dags/example_sensors.py
[2026-04-01T20:05:34.652+0530] {logging_mixin.py:188} INFO - [2026-04-01T20:05:34.652+0530] {dag.py:3096} INFO - Sync 1 DAGs
[2026-04-01T20:05:34.661+0530] {logging_mixin.py:188} INFO - [2026-04-01T20:05:34.661+0530] {dag.py:3954} INFO - Setting next_dagrun for example_sensors to None, run_after=None
[2026-04-01T20:05:34.675+0530] {processor.py:183} INFO - Processing /Users/aswin/Documents/data-engineering-practice/ETL_Airflow_DBT/airflow/airflow_env/lib/python3.11/site-packages/airflow/example_dags/example_sensors.py took 0.131 seconds
[2026-04-01T20:06:13.422+0530] {processor.py:161} INFO - Started process (PID=97861) to work on /Users/aswin/Documents/data-engineering-practice/ETL_Airflow_DBT/airflow/airflow_env/lib/python3.11/site-packages/airflow/example_dags/example_sensors.py
[2026-04-01T20:06:13.423+0530] {processor.py:830} INFO - Processing file /Users/aswin/Documents/data-engineering-practice/ETL_Airflow_DBT/airflow/airflow_env/lib/python3.11/site-packages/airflow/example_dags/example_sensors.py for tasks to queue
[2026-04-01T20:06:13.423+0530] {logging_mixin.py:188} INFO - [2026-04-01T20:06:13.423+0530] {dagbag.py:540} INFO - Filling up the DagBag from /Users/aswin/Documents/data-engineering-practice/ETL_Airflow_DBT/airflow/airflow_env/lib/python3.11/site-packages/airflow/example_dags/example_sensors.py
[2026-04-01T20:06:13.434+0530] {processor.py:840} INFO - DAG(s) 'example_sensors' retrieved from /Users/aswin/Documents/data-engineering-practice/ETL_Airflow_DBT/airflow/airflow_env/lib/python3.11/site-packages/airflow/example_dags/example_sensors.py
[2026-04-01T20:06:13.518+0530] {logging_mixin.py:188} INFO - [2026-04-01T20:06:13.517+0530] {dag.py:3096} INFO - Sync 1 DAGs
[2026-04-01T20:06:13.526+0530] {logging_mixin.py:188} INFO - [2026-04-01T20:06:13.526+0530] {dag.py:3954} INFO - Setting next_dagrun for example_sensors to None, run_after=None
[2026-04-01T20:06:13.538+0530] {processor.py:183} INFO - Processing /Users/aswin/Documents/data-engineering-practice/ETL_Airflow_DBT/airflow/airflow_env/lib/python3.11/site-packages/airflow/example_dags/example_sensors.py took 0.118 seconds
[2026-04-01T20:06:53.198+0530] {processor.py:161} INFO - Started process (PID=97980) to work on /Users/aswin/Documents/data-engineering-practice/ETL_Airflow_DBT/airflow/airflow_env/lib/python3.11/site-packages/airflow/example_dags/example_sensors.py
[2026-04-01T20:06:53.200+0530] {processor.py:830} INFO - Processing file /Users/aswin/Documents/data-engineering-practice/ETL_Airflow_DBT/airflow/airflow_env/lib/python3.11/site-packages/airflow/example_dags/example_sensors.py for tasks to queue
[2026-04-01T20:06:53.200+0530] {logging_mixin.py:188} INFO - [2026-04-01T20:06:53.200+0530] {dagbag.py:540} INFO - Filling up the DagBag from /Users/aswin/Documents/data-engineering-practice/ETL_Airflow_DBT/airflow/airflow_env/lib/python3.11/site-packages/airflow/example_dags/example_sensors.py
[2026-04-01T20:06:53.217+0530] {processor.py:840} INFO - DAG(s) 'example_sensors' retrieved from /Users/aswin/Documents/data-engineering-practice/ETL_Airflow_DBT/airflow/airflow_env/lib/python3.11/site-packages/airflow/example_dags/example_sensors.py
[2026-04-01T20:06:53.370+0530] {logging_mixin.py:188} INFO - [2026-04-01T20:06:53.370+0530] {dag.py:3096} INFO - Sync 1 DAGs
[2026-04-01T20:06:53.383+0530] {logging_mixin.py:188} INFO - [2026-04-01T20:06:53.382+0530] {dag.py:3954} INFO - Setting next_dagrun for example_sensors to None, run_after=None
[2026-04-01T20:06:53.402+0530] {processor.py:183} INFO - Processing /Users/aswin/Documents/data-engineering-practice/ETL_Airflow_DBT/airflow/airflow_env/lib/python3.11/site-packages/airflow/example_dags/example_sensors.py took 0.207 seconds
[2026-04-01T20:07:34.127+0530] {processor.py:161} INFO - Started process (PID=98106) to work on /Users/aswin/Documents/data-engineering-practice/ETL_Airflow_DBT/airflow/airflow_env/lib/python3.11/site-packages/airflow/example_dags/example_sensors.py
[2026-04-01T20:07:34.128+0530] {processor.py:830} INFO - Processing file /Users/aswin/Documents/data-engineering-practice/ETL_Airflow_DBT/airflow/airflow_env/lib/python3.11/site-packages/airflow/example_dags/example_sensors.py for tasks to queue
[2026-04-01T20:07:34.128+0530] {logging_mixin.py:188} INFO - [2026-04-01T20:07:34.128+0530] {dagbag.py:540} INFO - Filling up the DagBag from /Users/aswin/Documents/data-engineering-practice/ETL_Airflow_DBT/airflow/airflow_env/lib/python3.11/site-packages/airflow/example_dags/example_sensors.py
[2026-04-01T20:07:34.139+0530] {processor.py:840} INFO - DAG(s) 'example_sensors' retrieved from /Users/aswin/Documents/data-engineering-practice/ETL_Airflow_DBT/airflow/airflow_env/lib/python3.11/site-packages/airflow/example_dags/example_sensors.py
[2026-04-01T20:07:34.217+0530] {logging_mixin.py:188} INFO - [2026-04-01T20:07:34.217+0530] {dag.py:3096} INFO - Sync 1 DAGs
[2026-04-01T20:07:34.226+0530] {logging_mixin.py:188} INFO - [2026-04-01T20:07:34.226+0530] {dag.py:3954} INFO - Setting next_dagrun for example_sensors to None, run_after=None
[2026-04-01T20:07:34.240+0530] {processor.py:183} INFO - Processing /Users/aswin/Documents/data-engineering-practice/ETL_Airflow_DBT/airflow/airflow_env/lib/python3.11/site-packages/airflow/example_dags/example_sensors.py took 0.115 seconds
[2026-04-01T20:08:13.577+0530] {processor.py:161} INFO - Started process (PID=98231) to work on /Users/aswin/Documents/data-engineering-practice/ETL_Airflow_DBT/airflow/airflow_env/lib/python3.11/site-packages/airflow/example_dags/example_sensors.py
[2026-04-01T20:08:13.578+0530] {processor.py:830} INFO - Processing file /Users/aswin/Documents/data-engineering-practice/ETL_Airflow_DBT/airflow/airflow_env/lib/python3.11/site-packages/airflow/example_dags/example_sensors.py for tasks to queue
[2026-04-01T20:08:13.578+0530] {logging_mixin.py:188} INFO - [2026-04-01T20:08:13.578+0530] {dagbag.py:540} INFO - Filling up the DagBag from /Users/aswin/Documents/data-engineering-practice/ETL_Airflow_DBT/airflow/airflow_env/lib/python3.11/site-packages/airflow/example_dags/example_sensors.py
[2026-04-01T20:08:13.587+0530] {processor.py:840} INFO - DAG(s) 'example_sensors' retrieved from /Users/aswin/Documents/data-engineering-practice/ETL_Airflow_DBT/airflow/airflow_env/lib/python3.11/site-packages/airflow/example_dags/example_sensors.py
[2026-04-01T20:08:13.678+0530] {logging_mixin.py:188} INFO - [2026-04-01T20:08:13.677+0530] {dag.py:3096} INFO - Sync 1 DAGs
[2026-04-01T20:08:13.686+0530] {logging_mixin.py:188} INFO - [2026-04-01T20:08:13.686+0530] {dag.py:3954} INFO - Setting next_dagrun for example_sensors to None, run_after=None
[2026-04-01T20:08:13.702+0530] {processor.py:183} INFO - Processing /Users/aswin/Documents/data-engineering-practice/ETL_Airflow_DBT/airflow/airflow_env/lib/python3.11/site-packages/airflow/example_dags/example_sensors.py took 0.127 seconds
[2026-04-01T20:08:53.877+0530] {processor.py:161} INFO - Started process (PID=98347) to work on /Users/aswin/Documents/data-engineering-practice/ETL_Airflow_DBT/airflow/airflow_env/lib/python3.11/site-packages/airflow/example_dags/example_sensors.py
[2026-04-01T20:08:53.878+0530] {processor.py:830} INFO - Processing file /Users/aswin/Documents/data-engineering-practice/ETL_Airflow_DBT/airflow/airflow_env/lib/python3.11/site-packages/airflow/example_dags/example_sensors.py for tasks to queue
[2026-04-01T20:08:53.878+0530] {logging_mixin.py:188} INFO - [2026-04-01T20:08:53.878+0530] {dagbag.py:540} INFO - Filling up the DagBag from /Users/aswin/Documents/data-engineering-practice/ETL_Airflow_DBT/airflow/airflow_env/lib/python3.11/site-packages/airflow/example_dags/example_sensors.py
[2026-04-01T20:08:53.888+0530] {processor.py:840} INFO - DAG(s) 'example_sensors' retrieved from /Users/aswin/Documents/data-engineering-practice/ETL_Airflow_DBT/airflow/airflow_env/lib/python3.11/site-packages/airflow/example_dags/example_sensors.py
[2026-04-01T20:08:53.976+0530] {logging_mixin.py:188} INFO - [2026-04-01T20:08:53.976+0530] {dag.py:3096} INFO - Sync 1 DAGs
[2026-04-01T20:08:53.985+0530] {logging_mixin.py:188} INFO - [2026-04-01T20:08:53.985+0530] {dag.py:3954} INFO - Setting next_dagrun for example_sensors to None, run_after=None
[2026-04-01T20:08:53.999+0530] {processor.py:183} INFO - Processing /Users/aswin/Documents/data-engineering-practice/ETL_Airflow_DBT/airflow/airflow_env/lib/python3.11/site-packages/airflow/example_dags/example_sensors.py took 0.123 seconds
[2026-04-01T20:09:39.690+0530] {processor.py:161} INFO - Started process (PID=98465) to work on /Users/aswin/Documents/data-engineering-practice/ETL_Airflow_DBT/airflow/airflow_env/lib/python3.11/site-packages/airflow/example_dags/example_sensors.py
[2026-04-01T20:09:39.690+0530] {processor.py:830} INFO - Processing file /Users/aswin/Documents/data-engineering-practice/ETL_Airflow_DBT/airflow/airflow_env/lib/python3.11/site-packages/airflow/example_dags/example_sensors.py for tasks to queue
[2026-04-01T20:09:39.691+0530] {logging_mixin.py:188} INFO - [2026-04-01T20:09:39.691+0530] {dagbag.py:540} INFO - Filling up the DagBag from /Users/aswin/Documents/data-engineering-practice/ETL_Airflow_DBT/airflow/airflow_env/lib/python3.11/site-packages/airflow/example_dags/example_sensors.py
[2026-04-01T20:09:39.699+0530] {processor.py:840} INFO - DAG(s) 'example_sensors' retrieved from /Users/aswin/Documents/data-engineering-practice/ETL_Airflow_DBT/airflow/airflow_env/lib/python3.11/site-packages/airflow/example_dags/example_sensors.py
[2026-04-01T20:09:39.775+0530] {logging_mixin.py:188} INFO - [2026-04-01T20:09:39.775+0530] {dag.py:3096} INFO - Sync 1 DAGs
[2026-04-01T20:09:39.783+0530] {logging_mixin.py:188} INFO - [2026-04-01T20:09:39.783+0530] {dag.py:3954} INFO - Setting next_dagrun for example_sensors to None, run_after=None
[2026-04-01T20:09:39.796+0530] {processor.py:183} INFO - Processing /Users/aswin/Documents/data-engineering-practice/ETL_Airflow_DBT/airflow/airflow_env/lib/python3.11/site-packages/airflow/example_dags/example_sensors.py took 0.107 seconds
[2026-04-01T20:10:18.586+0530] {processor.py:161} INFO - Started process (PID=98586) to work on /Users/aswin/Documents/data-engineering-practice/ETL_Airflow_DBT/airflow/airflow_env/lib/python3.11/site-packages/airflow/example_dags/example_sensors.py
[2026-04-01T20:10:18.588+0530] {processor.py:830} INFO - Processing file /Users/aswin/Documents/data-engineering-practice/ETL_Airflow_DBT/airflow/airflow_env/lib/python3.11/site-packages/airflow/example_dags/example_sensors.py for tasks to queue
[2026-04-01T20:10:18.588+0530] {logging_mixin.py:188} INFO - [2026-04-01T20:10:18.588+0530] {dagbag.py:540} INFO - Filling up the DagBag from /Users/aswin/Documents/data-engineering-practice/ETL_Airflow_DBT/airflow/airflow_env/lib/python3.11/site-packages/airflow/example_dags/example_sensors.py
[2026-04-01T20:10:18.597+0530] {processor.py:840} INFO - DAG(s) 'example_sensors' retrieved from /Users/aswin/Documents/data-engineering-practice/ETL_Airflow_DBT/airflow/airflow_env/lib/python3.11/site-packages/airflow/example_dags/example_sensors.py
[2026-04-01T20:10:18.670+0530] {logging_mixin.py:188} INFO - [2026-04-01T20:10:18.670+0530] {dag.py:3096} INFO - Sync 1 DAGs
[2026-04-01T20:10:18.677+0530] {logging_mixin.py:188} INFO - [2026-04-01T20:10:18.677+0530] {dag.py:3954} INFO - Setting next_dagrun for example_sensors to None, run_after=None
[2026-04-01T20:10:18.690+0530] {processor.py:183} INFO - Processing /Users/aswin/Documents/data-engineering-practice/ETL_Airflow_DBT/airflow/airflow_env/lib/python3.11/site-packages/airflow/example_dags/example_sensors.py took 0.105 seconds
[2026-04-01T20:11:00.113+0530] {processor.py:161} INFO - Started process (PID=98703) to work on /Users/aswin/Documents/data-engineering-practice/ETL_Airflow_DBT/airflow/airflow_env/lib/python3.11/site-packages/airflow/example_dags/example_sensors.py
[2026-04-01T20:11:00.115+0530] {processor.py:830} INFO - Processing file /Users/aswin/Documents/data-engineering-practice/ETL_Airflow_DBT/airflow/airflow_env/lib/python3.11/site-packages/airflow/example_dags/example_sensors.py for tasks to queue
[2026-04-01T20:11:00.115+0530] {logging_mixin.py:188} INFO - [2026-04-01T20:11:00.115+0530] {dagbag.py:540} INFO - Filling up the DagBag from /Users/aswin/Documents/data-engineering-practice/ETL_Airflow_DBT/airflow/airflow_env/lib/python3.11/site-packages/airflow/example_dags/example_sensors.py
[2026-04-01T20:11:00.124+0530] {processor.py:840} INFO - DAG(s) 'example_sensors' retrieved from /Users/aswin/Documents/data-engineering-practice/ETL_Airflow_DBT/airflow/airflow_env/lib/python3.11/site-packages/airflow/example_dags/example_sensors.py
[2026-04-01T20:11:00.200+0530] {logging_mixin.py:188} INFO - [2026-04-01T20:11:00.200+0530] {dag.py:3096} INFO - Sync 1 DAGs
[2026-04-01T20:11:00.208+0530] {logging_mixin.py:188} INFO - [2026-04-01T20:11:00.208+0530] {dag.py:3954} INFO - Setting next_dagrun for example_sensors to None, run_after=None
[2026-04-01T20:11:00.221+0530] {processor.py:183} INFO - Processing /Users/aswin/Documents/data-engineering-practice/ETL_Airflow_DBT/airflow/airflow_env/lib/python3.11/site-packages/airflow/example_dags/example_sensors.py took 0.108 seconds
[2026-04-01T20:11:39.138+0530] {processor.py:161} INFO - Started process (PID=98825) to work on /Users/aswin/Documents/data-engineering-practice/ETL_Airflow_DBT/airflow/airflow_env/lib/python3.11/site-packages/airflow/example_dags/example_sensors.py
[2026-04-01T20:11:39.139+0530] {processor.py:830} INFO - Processing file /Users/aswin/Documents/data-engineering-practice/ETL_Airflow_DBT/airflow/airflow_env/lib/python3.11/site-packages/airflow/example_dags/example_sensors.py for tasks to queue
[2026-04-01T20:11:39.140+0530] {logging_mixin.py:188} INFO - [2026-04-01T20:11:39.140+0530] {dagbag.py:540} INFO - Filling up the DagBag from /Users/aswin/Documents/data-engineering-practice/ETL_Airflow_DBT/airflow/airflow_env/lib/python3.11/site-packages/airflow/example_dags/example_sensors.py
[2026-04-01T20:11:39.149+0530] {processor.py:840} INFO - DAG(s) 'example_sensors' retrieved from /Users/aswin/Documents/data-engineering-practice/ETL_Airflow_DBT/airflow/airflow_env/lib/python3.11/site-packages/airflow/example_dags/example_sensors.py
[2026-04-01T20:11:39.226+0530] {logging_mixin.py:188} INFO - [2026-04-01T20:11:39.226+0530] {dag.py:3096} INFO - Sync 1 DAGs
[2026-04-01T20:11:39.233+0530] {logging_mixin.py:188} INFO - [2026-04-01T20:11:39.233+0530] {dag.py:3954} INFO - Setting next_dagrun for example_sensors to None, run_after=None
[2026-04-01T20:11:39.246+0530] {processor.py:183} INFO - Processing /Users/aswin/Documents/data-engineering-practice/ETL_Airflow_DBT/airflow/airflow_env/lib/python3.11/site-packages/airflow/example_dags/example_sensors.py took 0.109 seconds
[2026-04-01T20:12:23.456+0530] {processor.py:161} INFO - Started process (PID=98954) to work on /Users/aswin/Documents/data-engineering-practice/ETL_Airflow_DBT/airflow/airflow_env/lib/python3.11/site-packages/airflow/example_dags/example_sensors.py
[2026-04-01T20:12:23.457+0530] {processor.py:830} INFO - Processing file /Users/aswin/Documents/data-engineering-practice/ETL_Airflow_DBT/airflow/airflow_env/lib/python3.11/site-packages/airflow/example_dags/example_sensors.py for tasks to queue
[2026-04-01T20:12:23.458+0530] {logging_mixin.py:188} INFO - [2026-04-01T20:12:23.458+0530] {dagbag.py:540} INFO - Filling up the DagBag from /Users/aswin/Documents/data-engineering-practice/ETL_Airflow_DBT/airflow/airflow_env/lib/python3.11/site-packages/airflow/example_dags/example_sensors.py
[2026-04-01T20:12:23.470+0530] {processor.py:840} INFO - DAG(s) 'example_sensors' retrieved from /Users/aswin/Documents/data-engineering-practice/ETL_Airflow_DBT/airflow/airflow_env/lib/python3.11/site-packages/airflow/example_dags/example_sensors.py
[2026-04-01T20:12:23.575+0530] {logging_mixin.py:188} INFO - [2026-04-01T20:12:23.574+0530] {dag.py:3096} INFO - Sync 1 DAGs
[2026-04-01T20:12:23.585+0530] {logging_mixin.py:188} INFO - [2026-04-01T20:12:23.585+0530] {dag.py:3954} INFO - Setting next_dagrun for example_sensors to None, run_after=None
[2026-04-01T20:12:23.600+0530] {processor.py:183} INFO - Processing /Users/aswin/Documents/data-engineering-practice/ETL_Airflow_DBT/airflow/airflow_env/lib/python3.11/site-packages/airflow/example_dags/example_sensors.py took 0.146 seconds
[2026-04-01T20:13:12.776+0530] {processor.py:161} INFO - Started process (PID=99091) to work on /Users/aswin/Documents/data-engineering-practice/ETL_Airflow_DBT/airflow/airflow_env/lib/python3.11/site-packages/airflow/example_dags/example_sensors.py
[2026-04-01T20:13:12.777+0530] {processor.py:830} INFO - Processing file /Users/aswin/Documents/data-engineering-practice/ETL_Airflow_DBT/airflow/airflow_env/lib/python3.11/site-packages/airflow/example_dags/example_sensors.py for tasks to queue
[2026-04-01T20:13:12.778+0530] {logging_mixin.py:188} INFO - [2026-04-01T20:13:12.778+0530] {dagbag.py:540} INFO - Filling up the DagBag from /Users/aswin/Documents/data-engineering-practice/ETL_Airflow_DBT/airflow/airflow_env/lib/python3.11/site-packages/airflow/example_dags/example_sensors.py
[2026-04-01T20:13:12.789+0530] {processor.py:840} INFO - DAG(s) 'example_sensors' retrieved from /Users/aswin/Documents/data-engineering-practice/ETL_Airflow_DBT/airflow/airflow_env/lib/python3.11/site-packages/airflow/example_dags/example_sensors.py
[2026-04-01T20:13:12.881+0530] {logging_mixin.py:188} INFO - [2026-04-01T20:13:12.881+0530] {dag.py:3096} INFO - Sync 1 DAGs
[2026-04-01T20:13:12.890+0530] {logging_mixin.py:188} INFO - [2026-04-01T20:13:12.890+0530] {dag.py:3954} INFO - Setting next_dagrun for example_sensors to None, run_after=None
[2026-04-01T20:13:12.904+0530] {processor.py:183} INFO - Processing /Users/aswin/Documents/data-engineering-practice/ETL_Airflow_DBT/airflow/airflow_env/lib/python3.11/site-packages/airflow/example_dags/example_sensors.py took 0.129 seconds
[2026-04-01T20:13:58.012+0530] {processor.py:161} INFO - Started process (PID=99202) to work on /Users/aswin/Documents/data-engineering-practice/ETL_Airflow_DBT/airflow/airflow_env/lib/python3.11/site-packages/airflow/example_dags/example_sensors.py
[2026-04-01T20:13:58.013+0530] {processor.py:830} INFO - Processing file /Users/aswin/Documents/data-engineering-practice/ETL_Airflow_DBT/airflow/airflow_env/lib/python3.11/site-packages/airflow/example_dags/example_sensors.py for tasks to queue
[2026-04-01T20:13:58.013+0530] {logging_mixin.py:188} INFO - [2026-04-01T20:13:58.013+0530] {dagbag.py:540} INFO - Filling up the DagBag from /Users/aswin/Documents/data-engineering-practice/ETL_Airflow_DBT/airflow/airflow_env/lib/python3.11/site-packages/airflow/example_dags/example_sensors.py
[2026-04-01T20:13:58.024+0530] {processor.py:840} INFO - DAG(s) 'example_sensors' retrieved from /Users/aswin/Documents/data-engineering-practice/ETL_Airflow_DBT/airflow/airflow_env/lib/python3.11/site-packages/airflow/example_dags/example_sensors.py
[2026-04-01T20:13:58.240+0530] {logging_mixin.py:188} INFO - [2026-04-01T20:13:58.240+0530] {dag.py:3096} INFO - Sync 1 DAGs
[2026-04-01T20:13:58.249+0530] {logging_mixin.py:188} INFO - [2026-04-01T20:13:58.249+0530] {dag.py:3954} INFO - Setting next_dagrun for example_sensors to None, run_after=None
[2026-04-01T20:13:58.264+0530] {processor.py:183} INFO - Processing /Users/aswin/Documents/data-engineering-practice/ETL_Airflow_DBT/airflow/airflow_env/lib/python3.11/site-packages/airflow/example_dags/example_sensors.py took 0.254 seconds
[2026-04-01T20:14:39.812+0530] {processor.py:161} INFO - Started process (PID=99314) to work on /Users/aswin/Documents/data-engineering-practice/ETL_Airflow_DBT/airflow/airflow_env/lib/python3.11/site-packages/airflow/example_dags/example_sensors.py
[2026-04-01T20:14:39.814+0530] {processor.py:830} INFO - Processing file /Users/aswin/Documents/data-engineering-practice/ETL_Airflow_DBT/airflow/airflow_env/lib/python3.11/site-packages/airflow/example_dags/example_sensors.py for tasks to queue
[2026-04-01T20:14:39.814+0530] {logging_mixin.py:188} INFO - [2026-04-01T20:14:39.814+0530] {dagbag.py:540} INFO - Filling up the DagBag from /Users/aswin/Documents/data-engineering-practice/ETL_Airflow_DBT/airflow/airflow_env/lib/python3.11/site-packages/airflow/example_dags/example_sensors.py
[2026-04-01T20:14:39.825+0530] {processor.py:840} INFO - DAG(s) 'example_sensors' retrieved from /Users/aswin/Documents/data-engineering-practice/ETL_Airflow_DBT/airflow/airflow_env/lib/python3.11/site-packages/airflow/example_dags/example_sensors.py
[2026-04-01T20:14:39.905+0530] {logging_mixin.py:188} INFO - [2026-04-01T20:14:39.904+0530] {dag.py:3096} INFO - Sync 1 DAGs
[2026-04-01T20:14:39.913+0530] {logging_mixin.py:188} INFO - [2026-04-01T20:14:39.913+0530] {dag.py:3954} INFO - Setting next_dagrun for example_sensors to None, run_after=None
[2026-04-01T20:14:39.926+0530] {processor.py:183} INFO - Processing /Users/aswin/Documents/data-engineering-practice/ETL_Airflow_DBT/airflow/airflow_env/lib/python3.11/site-packages/airflow/example_dags/example_sensors.py took 0.115 seconds
[2026-04-01T20:15:34.767+0530] {processor.py:161} INFO - Started process (PID=99452) to work on /Users/aswin/Documents/data-engineering-practice/ETL_Airflow_DBT/airflow/airflow_env/lib/python3.11/site-packages/airflow/example_dags/example_sensors.py
[2026-04-01T20:15:34.768+0530] {processor.py:830} INFO - Processing file /Users/aswin/Documents/data-engineering-practice/ETL_Airflow_DBT/airflow/airflow_env/lib/python3.11/site-packages/airflow/example_dags/example_sensors.py for tasks to queue
[2026-04-01T20:15:34.769+0530] {logging_mixin.py:188} INFO - [2026-04-01T20:15:34.769+0530] {dagbag.py:540} INFO - Filling up the DagBag from /Users/aswin/Documents/data-engineering-practice/ETL_Airflow_DBT/airflow/airflow_env/lib/python3.11/site-packages/airflow/example_dags/example_sensors.py
[2026-04-01T20:15:34.781+0530] {processor.py:840} INFO - DAG(s) 'example_sensors' retrieved from /Users/aswin/Documents/data-engineering-practice/ETL_Airflow_DBT/airflow/airflow_env/lib/python3.11/site-packages/airflow/example_dags/example_sensors.py
[2026-04-01T20:15:34.889+0530] {logging_mixin.py:188} INFO - [2026-04-01T20:15:34.889+0530] {dag.py:3096} INFO - Sync 1 DAGs
[2026-04-01T20:15:34.898+0530] {logging_mixin.py:188} INFO - [2026-04-01T20:15:34.898+0530] {dag.py:3954} INFO - Setting next_dagrun for example_sensors to None, run_after=None
[2026-04-01T20:15:34.928+0530] {processor.py:183} INFO - Processing /Users/aswin/Documents/data-engineering-practice/ETL_Airflow_DBT/airflow/airflow_env/lib/python3.11/site-packages/airflow/example_dags/example_sensors.py took 0.164 seconds
[2026-04-01T20:16:12.076+0530] {processor.py:161} INFO - Started process (PID=99567) to work on /Users/aswin/Documents/data-engineering-practice/ETL_Airflow_DBT/airflow/airflow_env/lib/python3.11/site-packages/airflow/example_dags/example_sensors.py
[2026-04-01T20:16:12.077+0530] {processor.py:830} INFO - Processing file /Users/aswin/Documents/data-engineering-practice/ETL_Airflow_DBT/airflow/airflow_env/lib/python3.11/site-packages/airflow/example_dags/example_sensors.py for tasks to queue
[2026-04-01T20:16:12.077+0530] {logging_mixin.py:188} INFO - [2026-04-01T20:16:12.077+0530] {dagbag.py:540} INFO - Filling up the DagBag from /Users/aswin/Documents/data-engineering-practice/ETL_Airflow_DBT/airflow/airflow_env/lib/python3.11/site-packages/airflow/example_dags/example_sensors.py
[2026-04-01T20:16:12.085+0530] {processor.py:840} INFO - DAG(s) 'example_sensors' retrieved from /Users/aswin/Documents/data-engineering-practice/ETL_Airflow_DBT/airflow/airflow_env/lib/python3.11/site-packages/airflow/example_dags/example_sensors.py
[2026-04-01T20:16:12.156+0530] {logging_mixin.py:188} INFO - [2026-04-01T20:16:12.156+0530] {dag.py:3096} INFO - Sync 1 DAGs
[2026-04-01T20:16:12.164+0530] {logging_mixin.py:188} INFO - [2026-04-01T20:16:12.164+0530] {dag.py:3954} INFO - Setting next_dagrun for example_sensors to None, run_after=None
[2026-04-01T20:16:12.175+0530] {processor.py:183} INFO - Processing /Users/aswin/Documents/data-engineering-practice/ETL_Airflow_DBT/airflow/airflow_env/lib/python3.11/site-packages/airflow/example_dags/example_sensors.py took 0.101 seconds
[2026-04-01T20:16:47.023+0530] {processor.py:161} INFO - Started process (PID=99682) to work on /Users/aswin/Documents/data-engineering-practice/ETL_Airflow_DBT/airflow/airflow_env/lib/python3.11/site-packages/airflow/example_dags/example_sensors.py
[2026-04-01T20:16:47.024+0530] {processor.py:830} INFO - Processing file /Users/aswin/Documents/data-engineering-practice/ETL_Airflow_DBT/airflow/airflow_env/lib/python3.11/site-packages/airflow/example_dags/example_sensors.py for tasks to queue
[2026-04-01T20:16:47.024+0530] {logging_mixin.py:188} INFO - [2026-04-01T20:16:47.024+0530] {dagbag.py:540} INFO - Filling up the DagBag from /Users/aswin/Documents/data-engineering-practice/ETL_Airflow_DBT/airflow/airflow_env/lib/python3.11/site-packages/airflow/example_dags/example_sensors.py
[2026-04-01T20:16:47.031+0530] {processor.py:840} INFO - DAG(s) 'example_sensors' retrieved from /Users/aswin/Documents/data-engineering-practice/ETL_Airflow_DBT/airflow/airflow_env/lib/python3.11/site-packages/airflow/example_dags/example_sensors.py
[2026-04-01T20:16:47.097+0530] {logging_mixin.py:188} INFO - [2026-04-01T20:16:47.097+0530] {dag.py:3096} INFO - Sync 1 DAGs
[2026-04-01T20:16:47.102+0530] {logging_mixin.py:188} INFO - [2026-04-01T20:16:47.102+0530] {dag.py:3954} INFO - Setting next_dagrun for example_sensors to None, run_after=None
[2026-04-01T20:16:47.112+0530] {processor.py:183} INFO - Processing /Users/aswin/Documents/data-engineering-practice/ETL_Airflow_DBT/airflow/airflow_env/lib/python3.11/site-packages/airflow/example_dags/example_sensors.py took 0.090 seconds
[2026-04-01T20:17:25.680+0530] {processor.py:161} INFO - Started process (PID=99794) to work on /Users/aswin/Documents/data-engineering-practice/ETL_Airflow_DBT/airflow/airflow_env/lib/python3.11/site-packages/airflow/example_dags/example_sensors.py
[2026-04-01T20:17:25.681+0530] {processor.py:830} INFO - Processing file /Users/aswin/Documents/data-engineering-practice/ETL_Airflow_DBT/airflow/airflow_env/lib/python3.11/site-packages/airflow/example_dags/example_sensors.py for tasks to queue
[2026-04-01T20:17:25.681+0530] {logging_mixin.py:188} INFO - [2026-04-01T20:17:25.681+0530] {dagbag.py:540} INFO - Filling up the DagBag from /Users/aswin/Documents/data-engineering-practice/ETL_Airflow_DBT/airflow/airflow_env/lib/python3.11/site-packages/airflow/example_dags/example_sensors.py
[2026-04-01T20:17:25.689+0530] {processor.py:840} INFO - DAG(s) 'example_sensors' retrieved from /Users/aswin/Documents/data-engineering-practice/ETL_Airflow_DBT/airflow/airflow_env/lib/python3.11/site-packages/airflow/example_dags/example_sensors.py
[2026-04-01T20:17:25.773+0530] {logging_mixin.py:188} INFO - [2026-04-01T20:17:25.773+0530] {dag.py:3096} INFO - Sync 1 DAGs
[2026-04-01T20:17:25.782+0530] {logging_mixin.py:188} INFO - [2026-04-01T20:17:25.781+0530] {dag.py:3954} INFO - Setting next_dagrun for example_sensors to None, run_after=None
[2026-04-01T20:17:25.794+0530] {processor.py:183} INFO - Processing /Users/aswin/Documents/data-engineering-practice/ETL_Airflow_DBT/airflow/airflow_env/lib/python3.11/site-packages/airflow/example_dags/example_sensors.py took 0.115 seconds
[2026-04-01T20:18:12.487+0530] {processor.py:161} INFO - Started process (PID=99906) to work on /Users/aswin/Documents/data-engineering-practice/ETL_Airflow_DBT/airflow/airflow_env/lib/python3.11/site-packages/airflow/example_dags/example_sensors.py
[2026-04-01T20:18:12.487+0530] {processor.py:830} INFO - Processing file /Users/aswin/Documents/data-engineering-practice/ETL_Airflow_DBT/airflow/airflow_env/lib/python3.11/site-packages/airflow/example_dags/example_sensors.py for tasks to queue
[2026-04-01T20:18:12.487+0530] {logging_mixin.py:188} INFO - [2026-04-01T20:18:12.487+0530] {dagbag.py:540} INFO - Filling up the DagBag from /Users/aswin/Documents/data-engineering-practice/ETL_Airflow_DBT/airflow/airflow_env/lib/python3.11/site-packages/airflow/example_dags/example_sensors.py
[2026-04-01T20:18:12.494+0530] {processor.py:840} INFO - DAG(s) 'example_sensors' retrieved from /Users/aswin/Documents/data-engineering-practice/ETL_Airflow_DBT/airflow/airflow_env/lib/python3.11/site-packages/airflow/example_dags/example_sensors.py
[2026-04-01T20:18:12.567+0530] {logging_mixin.py:188} INFO - [2026-04-01T20:18:12.567+0530] {dag.py:3096} INFO - Sync 1 DAGs
[2026-04-01T20:18:12.575+0530] {logging_mixin.py:188} INFO - [2026-04-01T20:18:12.575+0530] {dag.py:3954} INFO - Setting next_dagrun for example_sensors to None, run_after=None
[2026-04-01T20:18:12.587+0530] {processor.py:183} INFO - Processing /Users/aswin/Documents/data-engineering-practice/ETL_Airflow_DBT/airflow/airflow_env/lib/python3.11/site-packages/airflow/example_dags/example_sensors.py took 0.101 seconds
[2026-04-01T20:18:51.281+0530] {processor.py:161} INFO - Started process (PID=127) to work on /Users/aswin/Documents/data-engineering-practice/ETL_Airflow_DBT/airflow/airflow_env/lib/python3.11/site-packages/airflow/example_dags/example_sensors.py
[2026-04-01T20:18:51.281+0530] {processor.py:830} INFO - Processing file /Users/aswin/Documents/data-engineering-practice/ETL_Airflow_DBT/airflow/airflow_env/lib/python3.11/site-packages/airflow/example_dags/example_sensors.py for tasks to queue
[2026-04-01T20:18:51.282+0530] {logging_mixin.py:188} INFO - [2026-04-01T20:18:51.282+0530] {dagbag.py:540} INFO - Filling up the DagBag from /Users/aswin/Documents/data-engineering-practice/ETL_Airflow_DBT/airflow/airflow_env/lib/python3.11/site-packages/airflow/example_dags/example_sensors.py
[2026-04-01T20:18:51.291+0530] {processor.py:840} INFO - DAG(s) 'example_sensors' retrieved from /Users/aswin/Documents/data-engineering-practice/ETL_Airflow_DBT/airflow/airflow_env/lib/python3.11/site-packages/airflow/example_dags/example_sensors.py
[2026-04-01T20:18:51.361+0530] {logging_mixin.py:188} INFO - [2026-04-01T20:18:51.361+0530] {dag.py:3096} INFO - Sync 1 DAGs
[2026-04-01T20:18:51.369+0530] {logging_mixin.py:188} INFO - [2026-04-01T20:18:51.369+0530] {dag.py:3954} INFO - Setting next_dagrun for example_sensors to None, run_after=None
[2026-04-01T20:18:51.381+0530] {processor.py:183} INFO - Processing /Users/aswin/Documents/data-engineering-practice/ETL_Airflow_DBT/airflow/airflow_env/lib/python3.11/site-packages/airflow/example_dags/example_sensors.py took 0.102 seconds
[2026-04-01T20:19:34.763+0530] {processor.py:161} INFO - Started process (PID=270) to work on /Users/aswin/Documents/data-engineering-practice/ETL_Airflow_DBT/airflow/airflow_env/lib/python3.11/site-packages/airflow/example_dags/example_sensors.py
[2026-04-01T20:19:34.764+0530] {processor.py:830} INFO - Processing file /Users/aswin/Documents/data-engineering-practice/ETL_Airflow_DBT/airflow/airflow_env/lib/python3.11/site-packages/airflow/example_dags/example_sensors.py for tasks to queue
[2026-04-01T20:19:34.764+0530] {logging_mixin.py:188} INFO - [2026-04-01T20:19:34.764+0530] {dagbag.py:540} INFO - Filling up the DagBag from /Users/aswin/Documents/data-engineering-practice/ETL_Airflow_DBT/airflow/airflow_env/lib/python3.11/site-packages/airflow/example_dags/example_sensors.py
[2026-04-01T20:19:34.774+0530] {processor.py:840} INFO - DAG(s) 'example_sensors' retrieved from /Users/aswin/Documents/data-engineering-practice/ETL_Airflow_DBT/airflow/airflow_env/lib/python3.11/site-packages/airflow/example_dags/example_sensors.py
[2026-04-01T20:19:34.854+0530] {logging_mixin.py:188} INFO - [2026-04-01T20:19:34.854+0530] {dag.py:3096} INFO - Sync 1 DAGs
[2026-04-01T20:19:34.862+0530] {logging_mixin.py:188} INFO - [2026-04-01T20:19:34.862+0530] {dag.py:3954} INFO - Setting next_dagrun for example_sensors to None, run_after=None
[2026-04-01T20:19:34.874+0530] {processor.py:183} INFO - Processing /Users/aswin/Documents/data-engineering-practice/ETL_Airflow_DBT/airflow/airflow_env/lib/python3.11/site-packages/airflow/example_dags/example_sensors.py took 0.113 seconds
[2026-04-01T20:20:14.993+0530] {processor.py:161} INFO - Started process (PID=403) to work on /Users/aswin/Documents/data-engineering-practice/ETL_Airflow_DBT/airflow/airflow_env/lib/python3.11/site-packages/airflow/example_dags/example_sensors.py
[2026-04-01T20:20:14.994+0530] {processor.py:830} INFO - Processing file /Users/aswin/Documents/data-engineering-practice/ETL_Airflow_DBT/airflow/airflow_env/lib/python3.11/site-packages/airflow/example_dags/example_sensors.py for tasks to queue
[2026-04-01T20:20:14.995+0530] {logging_mixin.py:188} INFO - [2026-04-01T20:20:14.994+0530] {dagbag.py:540} INFO - Filling up the DagBag from /Users/aswin/Documents/data-engineering-practice/ETL_Airflow_DBT/airflow/airflow_env/lib/python3.11/site-packages/airflow/example_dags/example_sensors.py
[2026-04-01T20:20:15.003+0530] {processor.py:840} INFO - DAG(s) 'example_sensors' retrieved from /Users/aswin/Documents/data-engineering-practice/ETL_Airflow_DBT/airflow/airflow_env/lib/python3.11/site-packages/airflow/example_dags/example_sensors.py
[2026-04-01T20:20:15.081+0530] {logging_mixin.py:188} INFO - [2026-04-01T20:20:15.081+0530] {dag.py:3096} INFO - Sync 1 DAGs
[2026-04-01T20:20:15.089+0530] {logging_mixin.py:188} INFO - [2026-04-01T20:20:15.089+0530] {dag.py:3954} INFO - Setting next_dagrun for example_sensors to None, run_after=None
[2026-04-01T20:20:15.101+0530] {processor.py:183} INFO - Processing /Users/aswin/Documents/data-engineering-practice/ETL_Airflow_DBT/airflow/airflow_env/lib/python3.11/site-packages/airflow/example_dags/example_sensors.py took 0.110 seconds
[2026-04-01T20:20:54.153+0530] {processor.py:161} INFO - Started process (PID=528) to work on /Users/aswin/Documents/data-engineering-practice/ETL_Airflow_DBT/airflow/airflow_env/lib/python3.11/site-packages/airflow/example_dags/example_sensors.py
[2026-04-01T20:20:54.154+0530] {processor.py:830} INFO - Processing file /Users/aswin/Documents/data-engineering-practice/ETL_Airflow_DBT/airflow/airflow_env/lib/python3.11/site-packages/airflow/example_dags/example_sensors.py for tasks to queue
[2026-04-01T20:20:54.155+0530] {logging_mixin.py:188} INFO - [2026-04-01T20:20:54.155+0530] {dagbag.py:540} INFO - Filling up the DagBag from /Users/aswin/Documents/data-engineering-practice/ETL_Airflow_DBT/airflow/airflow_env/lib/python3.11/site-packages/airflow/example_dags/example_sensors.py
[2026-04-01T20:20:54.166+0530] {processor.py:840} INFO - DAG(s) 'example_sensors' retrieved from /Users/aswin/Documents/data-engineering-practice/ETL_Airflow_DBT/airflow/airflow_env/lib/python3.11/site-packages/airflow/example_dags/example_sensors.py
[2026-04-01T20:20:54.247+0530] {logging_mixin.py:188} INFO - [2026-04-01T20:20:54.247+0530] {dag.py:3096} INFO - Sync 1 DAGs
[2026-04-01T20:20:54.256+0530] {logging_mixin.py:188} INFO - [2026-04-01T20:20:54.256+0530] {dag.py:3954} INFO - Setting next_dagrun for example_sensors to None, run_after=None
[2026-04-01T20:20:54.268+0530] {processor.py:183} INFO - Processing /Users/aswin/Documents/data-engineering-practice/ETL_Airflow_DBT/airflow/airflow_env/lib/python3.11/site-packages/airflow/example_dags/example_sensors.py took 0.117 seconds
[2026-04-01T20:21:34.441+0530] {processor.py:161} INFO - Started process (PID=721) to work on /Users/aswin/Documents/data-engineering-practice/ETL_Airflow_DBT/airflow/airflow_env/lib/python3.11/site-packages/airflow/example_dags/example_sensors.py
[2026-04-01T20:21:34.442+0530] {processor.py:830} INFO - Processing file /Users/aswin/Documents/data-engineering-practice/ETL_Airflow_DBT/airflow/airflow_env/lib/python3.11/site-packages/airflow/example_dags/example_sensors.py for tasks to queue
[2026-04-01T20:21:34.443+0530] {logging_mixin.py:188} INFO - [2026-04-01T20:21:34.443+0530] {dagbag.py:540} INFO - Filling up the DagBag from /Users/aswin/Documents/data-engineering-practice/ETL_Airflow_DBT/airflow/airflow_env/lib/python3.11/site-packages/airflow/example_dags/example_sensors.py
[2026-04-01T20:21:34.457+0530] {processor.py:840} INFO - DAG(s) 'example_sensors' retrieved from /Users/aswin/Documents/data-engineering-practice/ETL_Airflow_DBT/airflow/airflow_env/lib/python3.11/site-packages/airflow/example_dags/example_sensors.py
[2026-04-01T20:21:34.560+0530] {logging_mixin.py:188} INFO - [2026-04-01T20:21:34.559+0530] {dag.py:3096} INFO - Sync 1 DAGs
[2026-04-01T20:21:34.569+0530] {logging_mixin.py:188} INFO - [2026-04-01T20:21:34.569+0530] {dag.py:3954} INFO - Setting next_dagrun for example_sensors to None, run_after=None
[2026-04-01T20:21:34.603+0530] {processor.py:183} INFO - Processing /Users/aswin/Documents/data-engineering-practice/ETL_Airflow_DBT/airflow/airflow_env/lib/python3.11/site-packages/airflow/example_dags/example_sensors.py took 0.164 seconds
[2026-04-01T20:22:11.560+0530] {processor.py:161} INFO - Started process (PID=839) to work on /Users/aswin/Documents/data-engineering-practice/ETL_Airflow_DBT/airflow/airflow_env/lib/python3.11/site-packages/airflow/example_dags/example_sensors.py
[2026-04-01T20:22:11.561+0530] {processor.py:830} INFO - Processing file /Users/aswin/Documents/data-engineering-practice/ETL_Airflow_DBT/airflow/airflow_env/lib/python3.11/site-packages/airflow/example_dags/example_sensors.py for tasks to queue
[2026-04-01T20:22:11.562+0530] {logging_mixin.py:188} INFO - [2026-04-01T20:22:11.561+0530] {dagbag.py:540} INFO - Filling up the DagBag from /Users/aswin/Documents/data-engineering-practice/ETL_Airflow_DBT/airflow/airflow_env/lib/python3.11/site-packages/airflow/example_dags/example_sensors.py
[2026-04-01T20:22:11.573+0530] {processor.py:840} INFO - DAG(s) 'example_sensors' retrieved from /Users/aswin/Documents/data-engineering-practice/ETL_Airflow_DBT/airflow/airflow_env/lib/python3.11/site-packages/airflow/example_dags/example_sensors.py
[2026-04-01T20:22:11.664+0530] {logging_mixin.py:188} INFO - [2026-04-01T20:22:11.664+0530] {dag.py:3096} INFO - Sync 1 DAGs
[2026-04-01T20:22:11.673+0530] {logging_mixin.py:188} INFO - [2026-04-01T20:22:11.673+0530] {dag.py:3954} INFO - Setting next_dagrun for example_sensors to None, run_after=None
[2026-04-01T20:22:11.690+0530] {processor.py:183} INFO - Processing /Users/aswin/Documents/data-engineering-practice/ETL_Airflow_DBT/airflow/airflow_env/lib/python3.11/site-packages/airflow/example_dags/example_sensors.py took 0.131 seconds
[2026-04-01T20:22:49.913+0530] {processor.py:161} INFO - Started process (PID=983) to work on /Users/aswin/Documents/data-engineering-practice/ETL_Airflow_DBT/airflow/airflow_env/lib/python3.11/site-packages/airflow/example_dags/example_sensors.py
[2026-04-01T20:22:49.914+0530] {processor.py:830} INFO - Processing file /Users/aswin/Documents/data-engineering-practice/ETL_Airflow_DBT/airflow/airflow_env/lib/python3.11/site-packages/airflow/example_dags/example_sensors.py for tasks to queue
[2026-04-01T20:22:49.915+0530] {logging_mixin.py:188} INFO - [2026-04-01T20:22:49.915+0530] {dagbag.py:540} INFO - Filling up the DagBag from /Users/aswin/Documents/data-engineering-practice/ETL_Airflow_DBT/airflow/airflow_env/lib/python3.11/site-packages/airflow/example_dags/example_sensors.py
[2026-04-01T20:22:49.933+0530] {processor.py:840} INFO - DAG(s) 'example_sensors' retrieved from /Users/aswin/Documents/data-engineering-practice/ETL_Airflow_DBT/airflow/airflow_env/lib/python3.11/site-packages/airflow/example_dags/example_sensors.py
[2026-04-01T20:22:50.097+0530] {logging_mixin.py:188} INFO - [2026-04-01T20:22:50.097+0530] {dag.py:3096} INFO - Sync 1 DAGs
[2026-04-01T20:22:50.109+0530] {logging_mixin.py:188} INFO - [2026-04-01T20:22:50.109+0530] {dag.py:3954} INFO - Setting next_dagrun for example_sensors to None, run_after=None
[2026-04-01T20:22:50.127+0530] {processor.py:183} INFO - Processing /Users/aswin/Documents/data-engineering-practice/ETL_Airflow_DBT/airflow/airflow_env/lib/python3.11/site-packages/airflow/example_dags/example_sensors.py took 0.217 seconds
[2026-04-01T20:23:28.015+0530] {processor.py:161} INFO - Started process (PID=1113) to work on /Users/aswin/Documents/data-engineering-practice/ETL_Airflow_DBT/airflow/airflow_env/lib/python3.11/site-packages/airflow/example_dags/example_sensors.py
[2026-04-01T20:23:28.015+0530] {processor.py:830} INFO - Processing file /Users/aswin/Documents/data-engineering-practice/ETL_Airflow_DBT/airflow/airflow_env/lib/python3.11/site-packages/airflow/example_dags/example_sensors.py for tasks to queue
[2026-04-01T20:23:28.016+0530] {logging_mixin.py:188} INFO - [2026-04-01T20:23:28.016+0530] {dagbag.py:540} INFO - Filling up the DagBag from /Users/aswin/Documents/data-engineering-practice/ETL_Airflow_DBT/airflow/airflow_env/lib/python3.11/site-packages/airflow/example_dags/example_sensors.py
[2026-04-01T20:23:28.027+0530] {processor.py:840} INFO - DAG(s) 'example_sensors' retrieved from /Users/aswin/Documents/data-engineering-practice/ETL_Airflow_DBT/airflow/airflow_env/lib/python3.11/site-packages/airflow/example_dags/example_sensors.py
[2026-04-01T20:23:28.121+0530] {logging_mixin.py:188} INFO - [2026-04-01T20:23:28.120+0530] {dag.py:3096} INFO - Sync 1 DAGs
[2026-04-01T20:23:28.130+0530] {logging_mixin.py:188} INFO - [2026-04-01T20:23:28.129+0530] {dag.py:3954} INFO - Setting next_dagrun for example_sensors to None, run_after=None
[2026-04-01T20:23:28.143+0530] {processor.py:183} INFO - Processing /Users/aswin/Documents/data-engineering-practice/ETL_Airflow_DBT/airflow/airflow_env/lib/python3.11/site-packages/airflow/example_dags/example_sensors.py took 0.131 seconds
[2026-04-01T20:24:14.209+0530] {processor.py:161} INFO - Started process (PID=1282) to work on /Users/aswin/Documents/data-engineering-practice/ETL_Airflow_DBT/airflow/airflow_env/lib/python3.11/site-packages/airflow/example_dags/example_sensors.py
[2026-04-01T20:24:14.210+0530] {processor.py:830} INFO - Processing file /Users/aswin/Documents/data-engineering-practice/ETL_Airflow_DBT/airflow/airflow_env/lib/python3.11/site-packages/airflow/example_dags/example_sensors.py for tasks to queue
[2026-04-01T20:24:14.211+0530] {logging_mixin.py:188} INFO - [2026-04-01T20:24:14.211+0530] {dagbag.py:540} INFO - Filling up the DagBag from /Users/aswin/Documents/data-engineering-practice/ETL_Airflow_DBT/airflow/airflow_env/lib/python3.11/site-packages/airflow/example_dags/example_sensors.py
[2026-04-01T20:24:14.224+0530] {processor.py:840} INFO - DAG(s) 'example_sensors' retrieved from /Users/aswin/Documents/data-engineering-practice/ETL_Airflow_DBT/airflow/airflow_env/lib/python3.11/site-packages/airflow/example_dags/example_sensors.py
[2026-04-01T20:24:14.324+0530] {logging_mixin.py:188} INFO - [2026-04-01T20:24:14.324+0530] {dag.py:3096} INFO - Sync 1 DAGs
[2026-04-01T20:24:14.333+0530] {logging_mixin.py:188} INFO - [2026-04-01T20:24:14.333+0530] {dag.py:3954} INFO - Setting next_dagrun for example_sensors to None, run_after=None
[2026-04-01T20:24:14.348+0530] {processor.py:183} INFO - Processing /Users/aswin/Documents/data-engineering-practice/ETL_Airflow_DBT/airflow/airflow_env/lib/python3.11/site-packages/airflow/example_dags/example_sensors.py took 0.141 seconds
[2026-04-01T20:25:07.584+0530] {processor.py:161} INFO - Started process (PID=1434) to work on /Users/aswin/Documents/data-engineering-practice/ETL_Airflow_DBT/airflow/airflow_env/lib/python3.11/site-packages/airflow/example_dags/example_sensors.py
[2026-04-01T20:25:07.586+0530] {processor.py:830} INFO - Processing file /Users/aswin/Documents/data-engineering-practice/ETL_Airflow_DBT/airflow/airflow_env/lib/python3.11/site-packages/airflow/example_dags/example_sensors.py for tasks to queue
[2026-04-01T20:25:07.586+0530] {logging_mixin.py:188} INFO - [2026-04-01T20:25:07.586+0530] {dagbag.py:540} INFO - Filling up the DagBag from /Users/aswin/Documents/data-engineering-practice/ETL_Airflow_DBT/airflow/airflow_env/lib/python3.11/site-packages/airflow/example_dags/example_sensors.py
[2026-04-01T20:25:07.597+0530] {processor.py:840} INFO - DAG(s) 'example_sensors' retrieved from /Users/aswin/Documents/data-engineering-practice/ETL_Airflow_DBT/airflow/airflow_env/lib/python3.11/site-packages/airflow/example_dags/example_sensors.py
[2026-04-01T20:25:07.691+0530] {logging_mixin.py:188} INFO - [2026-04-01T20:25:07.691+0530] {dag.py:3096} INFO - Sync 1 DAGs
[2026-04-01T20:25:07.700+0530] {logging_mixin.py:188} INFO - [2026-04-01T20:25:07.700+0530] {dag.py:3954} INFO - Setting next_dagrun for example_sensors to None, run_after=None
[2026-04-01T20:25:07.714+0530] {processor.py:183} INFO - Processing /Users/aswin/Documents/data-engineering-practice/ETL_Airflow_DBT/airflow/airflow_env/lib/python3.11/site-packages/airflow/example_dags/example_sensors.py took 0.131 seconds
[2026-04-01T20:25:50.623+0530] {processor.py:161} INFO - Started process (PID=1561) to work on /Users/aswin/Documents/data-engineering-practice/ETL_Airflow_DBT/airflow/airflow_env/lib/python3.11/site-packages/airflow/example_dags/example_sensors.py
[2026-04-01T20:25:50.624+0530] {processor.py:830} INFO - Processing file /Users/aswin/Documents/data-engineering-practice/ETL_Airflow_DBT/airflow/airflow_env/lib/python3.11/site-packages/airflow/example_dags/example_sensors.py for tasks to queue
[2026-04-01T20:25:50.625+0530] {logging_mixin.py:188} INFO - [2026-04-01T20:25:50.625+0530] {dagbag.py:540} INFO - Filling up the DagBag from /Users/aswin/Documents/data-engineering-practice/ETL_Airflow_DBT/airflow/airflow_env/lib/python3.11/site-packages/airflow/example_dags/example_sensors.py
[2026-04-01T20:25:50.638+0530] {processor.py:840} INFO - DAG(s) 'example_sensors' retrieved from /Users/aswin/Documents/data-engineering-practice/ETL_Airflow_DBT/airflow/airflow_env/lib/python3.11/site-packages/airflow/example_dags/example_sensors.py
[2026-04-01T20:25:50.740+0530] {logging_mixin.py:188} INFO - [2026-04-01T20:25:50.740+0530] {dag.py:3096} INFO - Sync 1 DAGs
[2026-04-01T20:25:50.749+0530] {logging_mixin.py:188} INFO - [2026-04-01T20:25:50.749+0530] {dag.py:3954} INFO - Setting next_dagrun for example_sensors to None, run_after=None
[2026-04-01T20:25:50.764+0530] {processor.py:183} INFO - Processing /Users/aswin/Documents/data-engineering-practice/ETL_Airflow_DBT/airflow/airflow_env/lib/python3.11/site-packages/airflow/example_dags/example_sensors.py took 0.143 seconds
[2026-04-01T20:26:42.371+0530] {processor.py:161} INFO - Started process (PID=1690) to work on /Users/aswin/Documents/data-engineering-practice/ETL_Airflow_DBT/airflow/airflow_env/lib/python3.11/site-packages/airflow/example_dags/example_sensors.py
[2026-04-01T20:26:42.372+0530] {processor.py:830} INFO - Processing file /Users/aswin/Documents/data-engineering-practice/ETL_Airflow_DBT/airflow/airflow_env/lib/python3.11/site-packages/airflow/example_dags/example_sensors.py for tasks to queue
[2026-04-01T20:26:42.372+0530] {logging_mixin.py:188} INFO - [2026-04-01T20:26:42.372+0530] {dagbag.py:540} INFO - Filling up the DagBag from /Users/aswin/Documents/data-engineering-practice/ETL_Airflow_DBT/airflow/airflow_env/lib/python3.11/site-packages/airflow/example_dags/example_sensors.py
[2026-04-01T20:26:42.385+0530] {processor.py:840} INFO - DAG(s) 'example_sensors' retrieved from /Users/aswin/Documents/data-engineering-practice/ETL_Airflow_DBT/airflow/airflow_env/lib/python3.11/site-packages/airflow/example_dags/example_sensors.py
[2026-04-01T20:26:42.481+0530] {logging_mixin.py:188} INFO - [2026-04-01T20:26:42.480+0530] {dag.py:3096} INFO - Sync 1 DAGs
[2026-04-01T20:26:42.489+0530] {logging_mixin.py:188} INFO - [2026-04-01T20:26:42.489+0530] {dag.py:3954} INFO - Setting next_dagrun for example_sensors to None, run_after=None
[2026-04-01T20:26:42.502+0530] {processor.py:183} INFO - Processing /Users/aswin/Documents/data-engineering-practice/ETL_Airflow_DBT/airflow/airflow_env/lib/python3.11/site-packages/airflow/example_dags/example_sensors.py took 0.133 seconds
[2026-04-01T20:27:22.730+0530] {processor.py:161} INFO - Started process (PID=1799) to work on /Users/aswin/Documents/data-engineering-practice/ETL_Airflow_DBT/airflow/airflow_env/lib/python3.11/site-packages/airflow/example_dags/example_sensors.py
[2026-04-01T20:27:22.731+0530] {processor.py:830} INFO - Processing file /Users/aswin/Documents/data-engineering-practice/ETL_Airflow_DBT/airflow/airflow_env/lib/python3.11/site-packages/airflow/example_dags/example_sensors.py for tasks to queue
[2026-04-01T20:27:22.731+0530] {logging_mixin.py:188} INFO - [2026-04-01T20:27:22.731+0530] {dagbag.py:540} INFO - Filling up the DagBag from /Users/aswin/Documents/data-engineering-practice/ETL_Airflow_DBT/airflow/airflow_env/lib/python3.11/site-packages/airflow/example_dags/example_sensors.py
[2026-04-01T20:27:22.742+0530] {processor.py:840} INFO - DAG(s) 'example_sensors' retrieved from /Users/aswin/Documents/data-engineering-practice/ETL_Airflow_DBT/airflow/airflow_env/lib/python3.11/site-packages/airflow/example_dags/example_sensors.py
[2026-04-01T20:27:22.833+0530] {logging_mixin.py:188} INFO - [2026-04-01T20:27:22.832+0530] {dag.py:3096} INFO - Sync 1 DAGs
[2026-04-01T20:27:22.841+0530] {logging_mixin.py:188} INFO - [2026-04-01T20:27:22.841+0530] {dag.py:3954} INFO - Setting next_dagrun for example_sensors to None, run_after=None
[2026-04-01T20:27:22.853+0530] {processor.py:183} INFO - Processing /Users/aswin/Documents/data-engineering-practice/ETL_Airflow_DBT/airflow/airflow_env/lib/python3.11/site-packages/airflow/example_dags/example_sensors.py took 0.125 seconds
[2026-04-01T20:28:03.597+0530] {processor.py:161} INFO - Started process (PID=1958) to work on /Users/aswin/Documents/data-engineering-practice/ETL_Airflow_DBT/airflow/airflow_env/lib/python3.11/site-packages/airflow/example_dags/example_sensors.py
[2026-04-01T20:28:03.598+0530] {processor.py:830} INFO - Processing file /Users/aswin/Documents/data-engineering-practice/ETL_Airflow_DBT/airflow/airflow_env/lib/python3.11/site-packages/airflow/example_dags/example_sensors.py for tasks to queue
[2026-04-01T20:28:03.599+0530] {logging_mixin.py:188} INFO - [2026-04-01T20:28:03.599+0530] {dagbag.py:540} INFO - Filling up the DagBag from /Users/aswin/Documents/data-engineering-practice/ETL_Airflow_DBT/airflow/airflow_env/lib/python3.11/site-packages/airflow/example_dags/example_sensors.py
[2026-04-01T20:28:03.611+0530] {processor.py:840} INFO - DAG(s) 'example_sensors' retrieved from /Users/aswin/Documents/data-engineering-practice/ETL_Airflow_DBT/airflow/airflow_env/lib/python3.11/site-packages/airflow/example_dags/example_sensors.py
[2026-04-01T20:28:03.718+0530] {logging_mixin.py:188} INFO - [2026-04-01T20:28:03.718+0530] {dag.py:3096} INFO - Sync 1 DAGs
[2026-04-01T20:28:03.727+0530] {logging_mixin.py:188} INFO - [2026-04-01T20:28:03.727+0530] {dag.py:3954} INFO - Setting next_dagrun for example_sensors to None, run_after=None
[2026-04-01T20:28:03.739+0530] {processor.py:183} INFO - Processing /Users/aswin/Documents/data-engineering-practice/ETL_Airflow_DBT/airflow/airflow_env/lib/python3.11/site-packages/airflow/example_dags/example_sensors.py took 0.144 seconds
[2026-04-01T20:28:47.629+0530] {processor.py:161} INFO - Started process (PID=2082) to work on /Users/aswin/Documents/data-engineering-practice/ETL_Airflow_DBT/airflow/airflow_env/lib/python3.11/site-packages/airflow/example_dags/example_sensors.py
[2026-04-01T20:28:47.631+0530] {processor.py:830} INFO - Processing file /Users/aswin/Documents/data-engineering-practice/ETL_Airflow_DBT/airflow/airflow_env/lib/python3.11/site-packages/airflow/example_dags/example_sensors.py for tasks to queue
[2026-04-01T20:28:47.631+0530] {logging_mixin.py:188} INFO - [2026-04-01T20:28:47.631+0530] {dagbag.py:540} INFO - Filling up the DagBag from /Users/aswin/Documents/data-engineering-practice/ETL_Airflow_DBT/airflow/airflow_env/lib/python3.11/site-packages/airflow/example_dags/example_sensors.py
[2026-04-01T20:28:47.643+0530] {processor.py:840} INFO - DAG(s) 'example_sensors' retrieved from /Users/aswin/Documents/data-engineering-practice/ETL_Airflow_DBT/airflow/airflow_env/lib/python3.11/site-packages/airflow/example_dags/example_sensors.py
[2026-04-01T20:28:47.736+0530] {logging_mixin.py:188} INFO - [2026-04-01T20:28:47.735+0530] {dag.py:3096} INFO - Sync 1 DAGs
[2026-04-01T20:28:47.745+0530] {logging_mixin.py:188} INFO - [2026-04-01T20:28:47.745+0530] {dag.py:3954} INFO - Setting next_dagrun for example_sensors to None, run_after=None
[2026-04-01T20:28:47.761+0530] {processor.py:183} INFO - Processing /Users/aswin/Documents/data-engineering-practice/ETL_Airflow_DBT/airflow/airflow_env/lib/python3.11/site-packages/airflow/example_dags/example_sensors.py took 0.133 seconds
[2026-04-01T20:29:35.195+0530] {processor.py:161} INFO - Started process (PID=2198) to work on /Users/aswin/Documents/data-engineering-practice/ETL_Airflow_DBT/airflow/airflow_env/lib/python3.11/site-packages/airflow/example_dags/example_sensors.py
[2026-04-01T20:29:35.195+0530] {processor.py:830} INFO - Processing file /Users/aswin/Documents/data-engineering-practice/ETL_Airflow_DBT/airflow/airflow_env/lib/python3.11/site-packages/airflow/example_dags/example_sensors.py for tasks to queue
[2026-04-01T20:29:35.196+0530] {logging_mixin.py:188} INFO - [2026-04-01T20:29:35.196+0530] {dagbag.py:540} INFO - Filling up the DagBag from /Users/aswin/Documents/data-engineering-practice/ETL_Airflow_DBT/airflow/airflow_env/lib/python3.11/site-packages/airflow/example_dags/example_sensors.py
[2026-04-01T20:29:35.207+0530] {processor.py:840} INFO - DAG(s) 'example_sensors' retrieved from /Users/aswin/Documents/data-engineering-practice/ETL_Airflow_DBT/airflow/airflow_env/lib/python3.11/site-packages/airflow/example_dags/example_sensors.py
[2026-04-01T20:29:35.296+0530] {logging_mixin.py:188} INFO - [2026-04-01T20:29:35.295+0530] {dag.py:3096} INFO - Sync 1 DAGs
[2026-04-01T20:29:35.305+0530] {logging_mixin.py:188} INFO - [2026-04-01T20:29:35.305+0530] {dag.py:3954} INFO - Setting next_dagrun for example_sensors to None, run_after=None
[2026-04-01T20:29:35.319+0530] {processor.py:183} INFO - Processing /Users/aswin/Documents/data-engineering-practice/ETL_Airflow_DBT/airflow/airflow_env/lib/python3.11/site-packages/airflow/example_dags/example_sensors.py took 0.126 seconds
[2026-04-01T20:30:13.783+0530] {processor.py:161} INFO - Started process (PID=2302) to work on /Users/aswin/Documents/data-engineering-practice/ETL_Airflow_DBT/airflow/airflow_env/lib/python3.11/site-packages/airflow/example_dags/example_sensors.py
[2026-04-01T20:30:13.785+0530] {processor.py:830} INFO - Processing file /Users/aswin/Documents/data-engineering-practice/ETL_Airflow_DBT/airflow/airflow_env/lib/python3.11/site-packages/airflow/example_dags/example_sensors.py for tasks to queue
[2026-04-01T20:30:13.785+0530] {logging_mixin.py:188} INFO - [2026-04-01T20:30:13.785+0530] {dagbag.py:540} INFO - Filling up the DagBag from /Users/aswin/Documents/data-engineering-practice/ETL_Airflow_DBT/airflow/airflow_env/lib/python3.11/site-packages/airflow/example_dags/example_sensors.py
[2026-04-01T20:30:13.796+0530] {processor.py:840} INFO - DAG(s) 'example_sensors' retrieved from /Users/aswin/Documents/data-engineering-practice/ETL_Airflow_DBT/airflow/airflow_env/lib/python3.11/site-packages/airflow/example_dags/example_sensors.py
[2026-04-01T20:30:13.884+0530] {logging_mixin.py:188} INFO - [2026-04-01T20:30:13.884+0530] {dag.py:3096} INFO - Sync 1 DAGs
[2026-04-01T20:30:13.896+0530] {logging_mixin.py:188} INFO - [2026-04-01T20:30:13.896+0530] {dag.py:3954} INFO - Setting next_dagrun for example_sensors to None, run_after=None
[2026-04-01T20:30:13.909+0530] {processor.py:183} INFO - Processing /Users/aswin/Documents/data-engineering-practice/ETL_Airflow_DBT/airflow/airflow_env/lib/python3.11/site-packages/airflow/example_dags/example_sensors.py took 0.128 seconds
[2026-04-01T20:31:02.070+0530] {processor.py:161} INFO - Started process (PID=2430) to work on /Users/aswin/Documents/data-engineering-practice/ETL_Airflow_DBT/airflow/airflow_env/lib/python3.11/site-packages/airflow/example_dags/example_sensors.py
[2026-04-01T20:31:02.071+0530] {processor.py:830} INFO - Processing file /Users/aswin/Documents/data-engineering-practice/ETL_Airflow_DBT/airflow/airflow_env/lib/python3.11/site-packages/airflow/example_dags/example_sensors.py for tasks to queue
[2026-04-01T20:31:02.071+0530] {logging_mixin.py:188} INFO - [2026-04-01T20:31:02.071+0530] {dagbag.py:540} INFO - Filling up the DagBag from /Users/aswin/Documents/data-engineering-practice/ETL_Airflow_DBT/airflow/airflow_env/lib/python3.11/site-packages/airflow/example_dags/example_sensors.py
[2026-04-01T20:31:02.079+0530] {processor.py:840} INFO - DAG(s) 'example_sensors' retrieved from /Users/aswin/Documents/data-engineering-practice/ETL_Airflow_DBT/airflow/airflow_env/lib/python3.11/site-packages/airflow/example_dags/example_sensors.py
[2026-04-01T20:31:02.151+0530] {logging_mixin.py:188} INFO - [2026-04-01T20:31:02.151+0530] {dag.py:3096} INFO - Sync 1 DAGs
[2026-04-01T20:31:02.163+0530] {logging_mixin.py:188} INFO - [2026-04-01T20:31:02.163+0530] {dag.py:3954} INFO - Setting next_dagrun for example_sensors to None, run_after=None
[2026-04-01T20:31:02.172+0530] {processor.py:183} INFO - Processing /Users/aswin/Documents/data-engineering-practice/ETL_Airflow_DBT/airflow/airflow_env/lib/python3.11/site-packages/airflow/example_dags/example_sensors.py took 0.104 seconds
[2026-04-01T20:31:46.441+0530] {processor.py:161} INFO - Started process (PID=2581) to work on /Users/aswin/Documents/data-engineering-practice/ETL_Airflow_DBT/airflow/airflow_env/lib/python3.11/site-packages/airflow/example_dags/example_sensors.py
[2026-04-01T20:31:46.443+0530] {processor.py:830} INFO - Processing file /Users/aswin/Documents/data-engineering-practice/ETL_Airflow_DBT/airflow/airflow_env/lib/python3.11/site-packages/airflow/example_dags/example_sensors.py for tasks to queue
[2026-04-01T20:31:46.443+0530] {logging_mixin.py:188} INFO - [2026-04-01T20:31:46.443+0530] {dagbag.py:540} INFO - Filling up the DagBag from /Users/aswin/Documents/data-engineering-practice/ETL_Airflow_DBT/airflow/airflow_env/lib/python3.11/site-packages/airflow/example_dags/example_sensors.py
[2026-04-01T20:31:46.454+0530] {processor.py:840} INFO - DAG(s) 'example_sensors' retrieved from /Users/aswin/Documents/data-engineering-practice/ETL_Airflow_DBT/airflow/airflow_env/lib/python3.11/site-packages/airflow/example_dags/example_sensors.py
[2026-04-01T20:31:46.549+0530] {logging_mixin.py:188} INFO - [2026-04-01T20:31:46.548+0530] {dag.py:3096} INFO - Sync 1 DAGs
[2026-04-01T20:31:46.558+0530] {logging_mixin.py:188} INFO - [2026-04-01T20:31:46.558+0530] {dag.py:3954} INFO - Setting next_dagrun for example_sensors to None, run_after=None
[2026-04-01T20:31:46.571+0530] {processor.py:183} INFO - Processing /Users/aswin/Documents/data-engineering-practice/ETL_Airflow_DBT/airflow/airflow_env/lib/python3.11/site-packages/airflow/example_dags/example_sensors.py took 0.132 seconds
[2026-04-01T20:32:32.509+0530] {processor.py:161} INFO - Started process (PID=2701) to work on /Users/aswin/Documents/data-engineering-practice/ETL_Airflow_DBT/airflow/airflow_env/lib/python3.11/site-packages/airflow/example_dags/example_sensors.py
[2026-04-01T20:32:32.510+0530] {processor.py:830} INFO - Processing file /Users/aswin/Documents/data-engineering-practice/ETL_Airflow_DBT/airflow/airflow_env/lib/python3.11/site-packages/airflow/example_dags/example_sensors.py for tasks to queue
[2026-04-01T20:32:32.511+0530] {logging_mixin.py:188} INFO - [2026-04-01T20:32:32.510+0530] {dagbag.py:540} INFO - Filling up the DagBag from /Users/aswin/Documents/data-engineering-practice/ETL_Airflow_DBT/airflow/airflow_env/lib/python3.11/site-packages/airflow/example_dags/example_sensors.py
[2026-04-01T20:32:32.522+0530] {processor.py:840} INFO - DAG(s) 'example_sensors' retrieved from /Users/aswin/Documents/data-engineering-practice/ETL_Airflow_DBT/airflow/airflow_env/lib/python3.11/site-packages/airflow/example_dags/example_sensors.py
[2026-04-01T20:32:32.632+0530] {logging_mixin.py:188} INFO - [2026-04-01T20:32:32.632+0530] {dag.py:3096} INFO - Sync 1 DAGs
[2026-04-01T20:32:32.642+0530] {logging_mixin.py:188} INFO - [2026-04-01T20:32:32.642+0530] {dag.py:3954} INFO - Setting next_dagrun for example_sensors to None, run_after=None
[2026-04-01T20:32:32.658+0530] {processor.py:183} INFO - Processing /Users/aswin/Documents/data-engineering-practice/ETL_Airflow_DBT/airflow/airflow_env/lib/python3.11/site-packages/airflow/example_dags/example_sensors.py took 0.151 seconds
[2026-04-01T20:33:14.278+0530] {processor.py:161} INFO - Started process (PID=2812) to work on /Users/aswin/Documents/data-engineering-practice/ETL_Airflow_DBT/airflow/airflow_env/lib/python3.11/site-packages/airflow/example_dags/example_sensors.py
[2026-04-01T20:33:14.279+0530] {processor.py:830} INFO - Processing file /Users/aswin/Documents/data-engineering-practice/ETL_Airflow_DBT/airflow/airflow_env/lib/python3.11/site-packages/airflow/example_dags/example_sensors.py for tasks to queue
[2026-04-01T20:33:14.279+0530] {logging_mixin.py:188} INFO - [2026-04-01T20:33:14.279+0530] {dagbag.py:540} INFO - Filling up the DagBag from /Users/aswin/Documents/data-engineering-practice/ETL_Airflow_DBT/airflow/airflow_env/lib/python3.11/site-packages/airflow/example_dags/example_sensors.py
[2026-04-01T20:33:14.290+0530] {processor.py:840} INFO - DAG(s) 'example_sensors' retrieved from /Users/aswin/Documents/data-engineering-practice/ETL_Airflow_DBT/airflow/airflow_env/lib/python3.11/site-packages/airflow/example_dags/example_sensors.py
[2026-04-01T20:33:14.394+0530] {logging_mixin.py:188} INFO - [2026-04-01T20:33:14.394+0530] {dag.py:3096} INFO - Sync 1 DAGs
[2026-04-01T20:33:14.403+0530] {logging_mixin.py:188} INFO - [2026-04-01T20:33:14.403+0530] {dag.py:3954} INFO - Setting next_dagrun for example_sensors to None, run_after=None
[2026-04-01T20:33:14.419+0530] {processor.py:183} INFO - Processing /Users/aswin/Documents/data-engineering-practice/ETL_Airflow_DBT/airflow/airflow_env/lib/python3.11/site-packages/airflow/example_dags/example_sensors.py took 0.143 seconds
[2026-04-01T20:34:03.328+0530] {processor.py:161} INFO - Started process (PID=2942) to work on /Users/aswin/Documents/data-engineering-practice/ETL_Airflow_DBT/airflow/airflow_env/lib/python3.11/site-packages/airflow/example_dags/example_sensors.py
[2026-04-01T20:34:03.329+0530] {processor.py:830} INFO - Processing file /Users/aswin/Documents/data-engineering-practice/ETL_Airflow_DBT/airflow/airflow_env/lib/python3.11/site-packages/airflow/example_dags/example_sensors.py for tasks to queue
[2026-04-01T20:34:03.329+0530] {logging_mixin.py:188} INFO - [2026-04-01T20:34:03.329+0530] {dagbag.py:540} INFO - Filling up the DagBag from /Users/aswin/Documents/data-engineering-practice/ETL_Airflow_DBT/airflow/airflow_env/lib/python3.11/site-packages/airflow/example_dags/example_sensors.py
[2026-04-01T20:34:03.338+0530] {processor.py:840} INFO - DAG(s) 'example_sensors' retrieved from /Users/aswin/Documents/data-engineering-practice/ETL_Airflow_DBT/airflow/airflow_env/lib/python3.11/site-packages/airflow/example_dags/example_sensors.py
[2026-04-01T20:34:03.431+0530] {logging_mixin.py:188} INFO - [2026-04-01T20:34:03.431+0530] {dag.py:3096} INFO - Sync 1 DAGs
[2026-04-01T20:34:03.440+0530] {logging_mixin.py:188} INFO - [2026-04-01T20:34:03.440+0530] {dag.py:3954} INFO - Setting next_dagrun for example_sensors to None, run_after=None
[2026-04-01T20:34:03.454+0530] {processor.py:183} INFO - Processing /Users/aswin/Documents/data-engineering-practice/ETL_Airflow_DBT/airflow/airflow_env/lib/python3.11/site-packages/airflow/example_dags/example_sensors.py took 0.127 seconds
[2026-04-01T20:34:45.522+0530] {processor.py:161} INFO - Started process (PID=3040) to work on /Users/aswin/Documents/data-engineering-practice/ETL_Airflow_DBT/airflow/airflow_env/lib/python3.11/site-packages/airflow/example_dags/example_sensors.py
[2026-04-01T20:34:45.523+0530] {processor.py:830} INFO - Processing file /Users/aswin/Documents/data-engineering-practice/ETL_Airflow_DBT/airflow/airflow_env/lib/python3.11/site-packages/airflow/example_dags/example_sensors.py for tasks to queue
[2026-04-01T20:34:45.523+0530] {logging_mixin.py:188} INFO - [2026-04-01T20:34:45.523+0530] {dagbag.py:540} INFO - Filling up the DagBag from /Users/aswin/Documents/data-engineering-practice/ETL_Airflow_DBT/airflow/airflow_env/lib/python3.11/site-packages/airflow/example_dags/example_sensors.py
[2026-04-01T20:34:45.532+0530] {processor.py:840} INFO - DAG(s) 'example_sensors' retrieved from /Users/aswin/Documents/data-engineering-practice/ETL_Airflow_DBT/airflow/airflow_env/lib/python3.11/site-packages/airflow/example_dags/example_sensors.py
[2026-04-01T20:34:45.624+0530] {logging_mixin.py:188} INFO - [2026-04-01T20:34:45.624+0530] {dag.py:3096} INFO - Sync 1 DAGs
[2026-04-01T20:34:45.634+0530] {logging_mixin.py:188} INFO - [2026-04-01T20:34:45.634+0530] {dag.py:3954} INFO - Setting next_dagrun for example_sensors to None, run_after=None
[2026-04-01T20:34:45.649+0530] {processor.py:183} INFO - Processing /Users/aswin/Documents/data-engineering-practice/ETL_Airflow_DBT/airflow/airflow_env/lib/python3.11/site-packages/airflow/example_dags/example_sensors.py took 0.128 seconds
[2026-04-01T20:35:25.640+0530] {processor.py:161} INFO - Started process (PID=3147) to work on /Users/aswin/Documents/data-engineering-practice/ETL_Airflow_DBT/airflow/airflow_env/lib/python3.11/site-packages/airflow/example_dags/example_sensors.py
[2026-04-01T20:35:25.641+0530] {processor.py:830} INFO - Processing file /Users/aswin/Documents/data-engineering-practice/ETL_Airflow_DBT/airflow/airflow_env/lib/python3.11/site-packages/airflow/example_dags/example_sensors.py for tasks to queue
[2026-04-01T20:35:25.641+0530] {logging_mixin.py:188} INFO - [2026-04-01T20:35:25.641+0530] {dagbag.py:540} INFO - Filling up the DagBag from /Users/aswin/Documents/data-engineering-practice/ETL_Airflow_DBT/airflow/airflow_env/lib/python3.11/site-packages/airflow/example_dags/example_sensors.py
[2026-04-01T20:35:25.652+0530] {processor.py:840} INFO - DAG(s) 'example_sensors' retrieved from /Users/aswin/Documents/data-engineering-practice/ETL_Airflow_DBT/airflow/airflow_env/lib/python3.11/site-packages/airflow/example_dags/example_sensors.py
[2026-04-01T20:35:25.755+0530] {logging_mixin.py:188} INFO - [2026-04-01T20:35:25.755+0530] {dag.py:3096} INFO - Sync 1 DAGs
[2026-04-01T20:35:25.765+0530] {logging_mixin.py:188} INFO - [2026-04-01T20:35:25.765+0530] {dag.py:3954} INFO - Setting next_dagrun for example_sensors to None, run_after=None
[2026-04-01T20:35:25.780+0530] {processor.py:183} INFO - Processing /Users/aswin/Documents/data-engineering-practice/ETL_Airflow_DBT/airflow/airflow_env/lib/python3.11/site-packages/airflow/example_dags/example_sensors.py took 0.142 seconds
[2026-04-01T20:36:09.486+0530] {processor.py:161} INFO - Started process (PID=3253) to work on /Users/aswin/Documents/data-engineering-practice/ETL_Airflow_DBT/airflow/airflow_env/lib/python3.11/site-packages/airflow/example_dags/example_sensors.py
[2026-04-01T20:36:09.486+0530] {processor.py:830} INFO - Processing file /Users/aswin/Documents/data-engineering-practice/ETL_Airflow_DBT/airflow/airflow_env/lib/python3.11/site-packages/airflow/example_dags/example_sensors.py for tasks to queue
[2026-04-01T20:36:09.487+0530] {logging_mixin.py:188} INFO - [2026-04-01T20:36:09.487+0530] {dagbag.py:540} INFO - Filling up the DagBag from /Users/aswin/Documents/data-engineering-practice/ETL_Airflow_DBT/airflow/airflow_env/lib/python3.11/site-packages/airflow/example_dags/example_sensors.py
[2026-04-01T20:36:09.496+0530] {processor.py:840} INFO - DAG(s) 'example_sensors' retrieved from /Users/aswin/Documents/data-engineering-practice/ETL_Airflow_DBT/airflow/airflow_env/lib/python3.11/site-packages/airflow/example_dags/example_sensors.py
[2026-04-01T20:36:09.591+0530] {logging_mixin.py:188} INFO - [2026-04-01T20:36:09.590+0530] {dag.py:3096} INFO - Sync 1 DAGs
[2026-04-01T20:36:09.600+0530] {logging_mixin.py:188} INFO - [2026-04-01T20:36:09.600+0530] {dag.py:3954} INFO - Setting next_dagrun for example_sensors to None, run_after=None
[2026-04-01T20:36:09.614+0530] {processor.py:183} INFO - Processing /Users/aswin/Documents/data-engineering-practice/ETL_Airflow_DBT/airflow/airflow_env/lib/python3.11/site-packages/airflow/example_dags/example_sensors.py took 0.130 seconds
[2026-04-01T20:36:49.775+0530] {processor.py:161} INFO - Started process (PID=3363) to work on /Users/aswin/Documents/data-engineering-practice/ETL_Airflow_DBT/airflow/airflow_env/lib/python3.11/site-packages/airflow/example_dags/example_sensors.py
[2026-04-01T20:36:49.776+0530] {processor.py:830} INFO - Processing file /Users/aswin/Documents/data-engineering-practice/ETL_Airflow_DBT/airflow/airflow_env/lib/python3.11/site-packages/airflow/example_dags/example_sensors.py for tasks to queue
[2026-04-01T20:36:49.776+0530] {logging_mixin.py:188} INFO - [2026-04-01T20:36:49.776+0530] {dagbag.py:540} INFO - Filling up the DagBag from /Users/aswin/Documents/data-engineering-practice/ETL_Airflow_DBT/airflow/airflow_env/lib/python3.11/site-packages/airflow/example_dags/example_sensors.py
[2026-04-01T20:36:49.786+0530] {processor.py:840} INFO - DAG(s) 'example_sensors' retrieved from /Users/aswin/Documents/data-engineering-practice/ETL_Airflow_DBT/airflow/airflow_env/lib/python3.11/site-packages/airflow/example_dags/example_sensors.py
[2026-04-01T20:36:49.878+0530] {logging_mixin.py:188} INFO - [2026-04-01T20:36:49.878+0530] {dag.py:3096} INFO - Sync 1 DAGs
[2026-04-01T20:36:49.887+0530] {logging_mixin.py:188} INFO - [2026-04-01T20:36:49.887+0530] {dag.py:3954} INFO - Setting next_dagrun for example_sensors to None, run_after=None
[2026-04-01T20:36:49.901+0530] {processor.py:183} INFO - Processing /Users/aswin/Documents/data-engineering-practice/ETL_Airflow_DBT/airflow/airflow_env/lib/python3.11/site-packages/airflow/example_dags/example_sensors.py took 0.127 seconds
[2026-04-01T20:53:27.378+0530] {processor.py:161} INFO - Started process (PID=3515) to work on /Users/aswin/Documents/data-engineering-practice/ETL_Airflow_DBT/airflow/airflow_env/lib/python3.11/site-packages/airflow/example_dags/example_sensors.py
[2026-04-01T20:53:27.379+0530] {processor.py:830} INFO - Processing file /Users/aswin/Documents/data-engineering-practice/ETL_Airflow_DBT/airflow/airflow_env/lib/python3.11/site-packages/airflow/example_dags/example_sensors.py for tasks to queue
[2026-04-01T20:53:27.379+0530] {logging_mixin.py:188} INFO - [2026-04-01T20:53:27.379+0530] {dagbag.py:540} INFO - Filling up the DagBag from /Users/aswin/Documents/data-engineering-practice/ETL_Airflow_DBT/airflow/airflow_env/lib/python3.11/site-packages/airflow/example_dags/example_sensors.py
[2026-04-01T20:53:27.388+0530] {processor.py:840} INFO - DAG(s) 'example_sensors' retrieved from /Users/aswin/Documents/data-engineering-practice/ETL_Airflow_DBT/airflow/airflow_env/lib/python3.11/site-packages/airflow/example_dags/example_sensors.py
[2026-04-01T20:53:27.462+0530] {logging_mixin.py:188} INFO - [2026-04-01T20:53:27.462+0530] {dag.py:3096} INFO - Sync 1 DAGs
[2026-04-01T20:53:27.468+0530] {logging_mixin.py:188} INFO - [2026-04-01T20:53:27.468+0530] {dag.py:3954} INFO - Setting next_dagrun for example_sensors to None, run_after=None
[2026-04-01T20:53:27.479+0530] {processor.py:183} INFO - Processing /Users/aswin/Documents/data-engineering-practice/ETL_Airflow_DBT/airflow/airflow_env/lib/python3.11/site-packages/airflow/example_dags/example_sensors.py took 0.103 seconds
[2026-04-01T20:54:36.720+0530] {processor.py:161} INFO - Started process (PID=3617) to work on /Users/aswin/Documents/data-engineering-practice/ETL_Airflow_DBT/airflow/airflow_env/lib/python3.11/site-packages/airflow/example_dags/example_sensors.py
[2026-04-01T20:54:36.721+0530] {processor.py:830} INFO - Processing file /Users/aswin/Documents/data-engineering-practice/ETL_Airflow_DBT/airflow/airflow_env/lib/python3.11/site-packages/airflow/example_dags/example_sensors.py for tasks to queue
[2026-04-01T20:54:36.721+0530] {logging_mixin.py:188} INFO - [2026-04-01T20:54:36.721+0530] {dagbag.py:540} INFO - Filling up the DagBag from /Users/aswin/Documents/data-engineering-practice/ETL_Airflow_DBT/airflow/airflow_env/lib/python3.11/site-packages/airflow/example_dags/example_sensors.py
[2026-04-01T20:54:36.728+0530] {processor.py:840} INFO - DAG(s) 'example_sensors' retrieved from /Users/aswin/Documents/data-engineering-practice/ETL_Airflow_DBT/airflow/airflow_env/lib/python3.11/site-packages/airflow/example_dags/example_sensors.py
[2026-04-01T20:54:36.786+0530] {logging_mixin.py:188} INFO - [2026-04-01T20:54:36.786+0530] {dag.py:3096} INFO - Sync 1 DAGs
[2026-04-01T20:54:36.793+0530] {logging_mixin.py:188} INFO - [2026-04-01T20:54:36.793+0530] {dag.py:3954} INFO - Setting next_dagrun for example_sensors to None, run_after=None
[2026-04-01T20:54:36.802+0530] {processor.py:183} INFO - Processing /Users/aswin/Documents/data-engineering-practice/ETL_Airflow_DBT/airflow/airflow_env/lib/python3.11/site-packages/airflow/example_dags/example_sensors.py took 0.084 seconds
[2026-04-01T21:13:58.425+0530] {processor.py:161} INFO - Started process (PID=3791) to work on /Users/aswin/Documents/data-engineering-practice/ETL_Airflow_DBT/airflow/airflow_env/lib/python3.11/site-packages/airflow/example_dags/example_sensors.py
[2026-04-01T21:13:58.426+0530] {processor.py:830} INFO - Processing file /Users/aswin/Documents/data-engineering-practice/ETL_Airflow_DBT/airflow/airflow_env/lib/python3.11/site-packages/airflow/example_dags/example_sensors.py for tasks to queue
[2026-04-01T21:13:58.426+0530] {logging_mixin.py:188} INFO - [2026-04-01T21:13:58.426+0530] {dagbag.py:540} INFO - Filling up the DagBag from /Users/aswin/Documents/data-engineering-practice/ETL_Airflow_DBT/airflow/airflow_env/lib/python3.11/site-packages/airflow/example_dags/example_sensors.py
[2026-04-01T21:13:58.434+0530] {processor.py:840} INFO - DAG(s) 'example_sensors' retrieved from /Users/aswin/Documents/data-engineering-practice/ETL_Airflow_DBT/airflow/airflow_env/lib/python3.11/site-packages/airflow/example_dags/example_sensors.py
[2026-04-01T21:13:58.489+0530] {logging_mixin.py:188} INFO - [2026-04-01T21:13:58.489+0530] {dag.py:3096} INFO - Sync 1 DAGs
[2026-04-01T21:13:58.495+0530] {logging_mixin.py:188} INFO - [2026-04-01T21:13:58.495+0530] {dag.py:3954} INFO - Setting next_dagrun for example_sensors to None, run_after=None
[2026-04-01T21:13:58.504+0530] {processor.py:183} INFO - Processing /Users/aswin/Documents/data-engineering-practice/ETL_Airflow_DBT/airflow/airflow_env/lib/python3.11/site-packages/airflow/example_dags/example_sensors.py took 0.080 seconds
[2026-04-01T21:15:41.107+0530] {processor.py:161} INFO - Started process (PID=3946) to work on /Users/aswin/Documents/data-engineering-practice/ETL_Airflow_DBT/airflow/airflow_env/lib/python3.11/site-packages/airflow/example_dags/example_sensors.py
[2026-04-01T21:15:41.108+0530] {processor.py:830} INFO - Processing file /Users/aswin/Documents/data-engineering-practice/ETL_Airflow_DBT/airflow/airflow_env/lib/python3.11/site-packages/airflow/example_dags/example_sensors.py for tasks to queue
[2026-04-01T21:15:41.108+0530] {logging_mixin.py:188} INFO - [2026-04-01T21:15:41.108+0530] {dagbag.py:540} INFO - Filling up the DagBag from /Users/aswin/Documents/data-engineering-practice/ETL_Airflow_DBT/airflow/airflow_env/lib/python3.11/site-packages/airflow/example_dags/example_sensors.py
[2026-04-01T21:15:41.115+0530] {processor.py:840} INFO - DAG(s) 'example_sensors' retrieved from /Users/aswin/Documents/data-engineering-practice/ETL_Airflow_DBT/airflow/airflow_env/lib/python3.11/site-packages/airflow/example_dags/example_sensors.py
[2026-04-01T21:15:41.170+0530] {logging_mixin.py:188} INFO - [2026-04-01T21:15:41.170+0530] {dag.py:3096} INFO - Sync 1 DAGs
[2026-04-01T21:15:41.177+0530] {logging_mixin.py:188} INFO - [2026-04-01T21:15:41.176+0530] {dag.py:3954} INFO - Setting next_dagrun for example_sensors to None, run_after=None
[2026-04-01T21:15:41.187+0530] {processor.py:183} INFO - Processing /Users/aswin/Documents/data-engineering-practice/ETL_Airflow_DBT/airflow/airflow_env/lib/python3.11/site-packages/airflow/example_dags/example_sensors.py took 0.081 seconds
[2026-04-01T21:20:48.992+0530] {processor.py:161} INFO - Started process (PID=4035) to work on /Users/aswin/Documents/data-engineering-practice/ETL_Airflow_DBT/airflow/airflow_env/lib/python3.11/site-packages/airflow/example_dags/example_sensors.py
[2026-04-01T21:20:48.993+0530] {processor.py:830} INFO - Processing file /Users/aswin/Documents/data-engineering-practice/ETL_Airflow_DBT/airflow/airflow_env/lib/python3.11/site-packages/airflow/example_dags/example_sensors.py for tasks to queue
[2026-04-01T21:20:48.993+0530] {logging_mixin.py:188} INFO - [2026-04-01T21:20:48.993+0530] {dagbag.py:540} INFO - Filling up the DagBag from /Users/aswin/Documents/data-engineering-practice/ETL_Airflow_DBT/airflow/airflow_env/lib/python3.11/site-packages/airflow/example_dags/example_sensors.py
[2026-04-01T21:20:49.000+0530] {processor.py:840} INFO - DAG(s) 'example_sensors' retrieved from /Users/aswin/Documents/data-engineering-practice/ETL_Airflow_DBT/airflow/airflow_env/lib/python3.11/site-packages/airflow/example_dags/example_sensors.py
[2026-04-01T21:20:49.060+0530] {logging_mixin.py:188} INFO - [2026-04-01T21:20:49.060+0530] {dag.py:3096} INFO - Sync 1 DAGs
[2026-04-01T21:20:49.079+0530] {logging_mixin.py:188} INFO - [2026-04-01T21:20:49.079+0530] {dag.py:3954} INFO - Setting next_dagrun for example_sensors to None, run_after=None
[2026-04-01T21:20:49.088+0530] {processor.py:183} INFO - Processing /Users/aswin/Documents/data-engineering-practice/ETL_Airflow_DBT/airflow/airflow_env/lib/python3.11/site-packages/airflow/example_dags/example_sensors.py took 0.097 seconds
[2026-04-01T21:21:22.204+0530] {processor.py:161} INFO - Started process (PID=4147) to work on /Users/aswin/Documents/data-engineering-practice/ETL_Airflow_DBT/airflow/airflow_env/lib/python3.11/site-packages/airflow/example_dags/example_sensors.py
[2026-04-01T21:21:22.205+0530] {processor.py:830} INFO - Processing file /Users/aswin/Documents/data-engineering-practice/ETL_Airflow_DBT/airflow/airflow_env/lib/python3.11/site-packages/airflow/example_dags/example_sensors.py for tasks to queue
[2026-04-01T21:21:22.205+0530] {logging_mixin.py:188} INFO - [2026-04-01T21:21:22.205+0530] {dagbag.py:540} INFO - Filling up the DagBag from /Users/aswin/Documents/data-engineering-practice/ETL_Airflow_DBT/airflow/airflow_env/lib/python3.11/site-packages/airflow/example_dags/example_sensors.py
[2026-04-01T21:21:22.212+0530] {processor.py:840} INFO - DAG(s) 'example_sensors' retrieved from /Users/aswin/Documents/data-engineering-practice/ETL_Airflow_DBT/airflow/airflow_env/lib/python3.11/site-packages/airflow/example_dags/example_sensors.py
[2026-04-01T21:21:22.270+0530] {logging_mixin.py:188} INFO - [2026-04-01T21:21:22.270+0530] {dag.py:3096} INFO - Sync 1 DAGs
[2026-04-01T21:21:22.277+0530] {logging_mixin.py:188} INFO - [2026-04-01T21:21:22.276+0530] {dag.py:3954} INFO - Setting next_dagrun for example_sensors to None, run_after=None
[2026-04-01T21:21:22.285+0530] {processor.py:183} INFO - Processing /Users/aswin/Documents/data-engineering-practice/ETL_Airflow_DBT/airflow/airflow_env/lib/python3.11/site-packages/airflow/example_dags/example_sensors.py took 0.081 seconds
[2026-04-01T21:21:55.996+0530] {processor.py:161} INFO - Started process (PID=4263) to work on /Users/aswin/Documents/data-engineering-practice/ETL_Airflow_DBT/airflow/airflow_env/lib/python3.11/site-packages/airflow/example_dags/example_sensors.py
[2026-04-01T21:21:55.997+0530] {processor.py:830} INFO - Processing file /Users/aswin/Documents/data-engineering-practice/ETL_Airflow_DBT/airflow/airflow_env/lib/python3.11/site-packages/airflow/example_dags/example_sensors.py for tasks to queue
[2026-04-01T21:21:55.997+0530] {logging_mixin.py:188} INFO - [2026-04-01T21:21:55.997+0530] {dagbag.py:540} INFO - Filling up the DagBag from /Users/aswin/Documents/data-engineering-practice/ETL_Airflow_DBT/airflow/airflow_env/lib/python3.11/site-packages/airflow/example_dags/example_sensors.py
[2026-04-01T21:21:56.004+0530] {processor.py:840} INFO - DAG(s) 'example_sensors' retrieved from /Users/aswin/Documents/data-engineering-practice/ETL_Airflow_DBT/airflow/airflow_env/lib/python3.11/site-packages/airflow/example_dags/example_sensors.py
[2026-04-01T21:21:56.059+0530] {logging_mixin.py:188} INFO - [2026-04-01T21:21:56.059+0530] {dag.py:3096} INFO - Sync 1 DAGs
[2026-04-01T21:21:56.066+0530] {logging_mixin.py:188} INFO - [2026-04-01T21:21:56.066+0530] {dag.py:3954} INFO - Setting next_dagrun for example_sensors to None, run_after=None
[2026-04-01T21:21:56.075+0530] {processor.py:183} INFO - Processing /Users/aswin/Documents/data-engineering-practice/ETL_Airflow_DBT/airflow/airflow_env/lib/python3.11/site-packages/airflow/example_dags/example_sensors.py took 0.080 seconds
[2026-04-01T21:22:27.013+0530] {processor.py:161} INFO - Started process (PID=4377) to work on /Users/aswin/Documents/data-engineering-practice/ETL_Airflow_DBT/airflow/airflow_env/lib/python3.11/site-packages/airflow/example_dags/example_sensors.py
[2026-04-01T21:22:27.014+0530] {processor.py:830} INFO - Processing file /Users/aswin/Documents/data-engineering-practice/ETL_Airflow_DBT/airflow/airflow_env/lib/python3.11/site-packages/airflow/example_dags/example_sensors.py for tasks to queue
[2026-04-01T21:22:27.014+0530] {logging_mixin.py:188} INFO - [2026-04-01T21:22:27.014+0530] {dagbag.py:540} INFO - Filling up the DagBag from /Users/aswin/Documents/data-engineering-practice/ETL_Airflow_DBT/airflow/airflow_env/lib/python3.11/site-packages/airflow/example_dags/example_sensors.py
[2026-04-01T21:22:27.023+0530] {processor.py:840} INFO - DAG(s) 'example_sensors' retrieved from /Users/aswin/Documents/data-engineering-practice/ETL_Airflow_DBT/airflow/airflow_env/lib/python3.11/site-packages/airflow/example_dags/example_sensors.py
[2026-04-01T21:22:27.093+0530] {logging_mixin.py:188} INFO - [2026-04-01T21:22:27.093+0530] {dag.py:3096} INFO - Sync 1 DAGs
[2026-04-01T21:22:27.101+0530] {logging_mixin.py:188} INFO - [2026-04-01T21:22:27.101+0530] {dag.py:3954} INFO - Setting next_dagrun for example_sensors to None, run_after=None
[2026-04-01T21:22:27.112+0530] {processor.py:183} INFO - Processing /Users/aswin/Documents/data-engineering-practice/ETL_Airflow_DBT/airflow/airflow_env/lib/python3.11/site-packages/airflow/example_dags/example_sensors.py took 0.100 seconds
[2026-04-01T21:23:02.805+0530] {processor.py:161} INFO - Started process (PID=4504) to work on /Users/aswin/Documents/data-engineering-practice/ETL_Airflow_DBT/airflow/airflow_env/lib/python3.11/site-packages/airflow/example_dags/example_sensors.py
[2026-04-01T21:23:02.806+0530] {processor.py:830} INFO - Processing file /Users/aswin/Documents/data-engineering-practice/ETL_Airflow_DBT/airflow/airflow_env/lib/python3.11/site-packages/airflow/example_dags/example_sensors.py for tasks to queue
[2026-04-01T21:23:02.806+0530] {logging_mixin.py:188} INFO - [2026-04-01T21:23:02.806+0530] {dagbag.py:540} INFO - Filling up the DagBag from /Users/aswin/Documents/data-engineering-practice/ETL_Airflow_DBT/airflow/airflow_env/lib/python3.11/site-packages/airflow/example_dags/example_sensors.py
[2026-04-01T21:23:02.814+0530] {processor.py:840} INFO - DAG(s) 'example_sensors' retrieved from /Users/aswin/Documents/data-engineering-practice/ETL_Airflow_DBT/airflow/airflow_env/lib/python3.11/site-packages/airflow/example_dags/example_sensors.py
[2026-04-01T21:23:02.876+0530] {logging_mixin.py:188} INFO - [2026-04-01T21:23:02.876+0530] {dag.py:3096} INFO - Sync 1 DAGs
[2026-04-01T21:23:02.883+0530] {logging_mixin.py:188} INFO - [2026-04-01T21:23:02.883+0530] {dag.py:3954} INFO - Setting next_dagrun for example_sensors to None, run_after=None
[2026-04-01T21:23:02.890+0530] {processor.py:183} INFO - Processing /Users/aswin/Documents/data-engineering-practice/ETL_Airflow_DBT/airflow/airflow_env/lib/python3.11/site-packages/airflow/example_dags/example_sensors.py took 0.087 seconds
[2026-04-01T21:23:38.488+0530] {processor.py:161} INFO - Started process (PID=4617) to work on /Users/aswin/Documents/data-engineering-practice/ETL_Airflow_DBT/airflow/airflow_env/lib/python3.11/site-packages/airflow/example_dags/example_sensors.py
[2026-04-01T21:23:38.490+0530] {processor.py:830} INFO - Processing file /Users/aswin/Documents/data-engineering-practice/ETL_Airflow_DBT/airflow/airflow_env/lib/python3.11/site-packages/airflow/example_dags/example_sensors.py for tasks to queue
[2026-04-01T21:23:38.490+0530] {logging_mixin.py:188} INFO - [2026-04-01T21:23:38.490+0530] {dagbag.py:540} INFO - Filling up the DagBag from /Users/aswin/Documents/data-engineering-practice/ETL_Airflow_DBT/airflow/airflow_env/lib/python3.11/site-packages/airflow/example_dags/example_sensors.py
[2026-04-01T21:23:38.500+0530] {processor.py:840} INFO - DAG(s) 'example_sensors' retrieved from /Users/aswin/Documents/data-engineering-practice/ETL_Airflow_DBT/airflow/airflow_env/lib/python3.11/site-packages/airflow/example_dags/example_sensors.py
[2026-04-01T21:23:38.578+0530] {logging_mixin.py:188} INFO - [2026-04-01T21:23:38.578+0530] {dag.py:3096} INFO - Sync 1 DAGs
[2026-04-01T21:23:38.585+0530] {logging_mixin.py:188} INFO - [2026-04-01T21:23:38.584+0530] {dag.py:3954} INFO - Setting next_dagrun for example_sensors to None, run_after=None
[2026-04-01T21:23:38.600+0530] {processor.py:183} INFO - Processing /Users/aswin/Documents/data-engineering-practice/ETL_Airflow_DBT/airflow/airflow_env/lib/python3.11/site-packages/airflow/example_dags/example_sensors.py took 0.113 seconds
[2026-04-01T21:24:16.548+0530] {processor.py:161} INFO - Started process (PID=4728) to work on /Users/aswin/Documents/data-engineering-practice/ETL_Airflow_DBT/airflow/airflow_env/lib/python3.11/site-packages/airflow/example_dags/example_sensors.py
[2026-04-01T21:24:16.548+0530] {processor.py:830} INFO - Processing file /Users/aswin/Documents/data-engineering-practice/ETL_Airflow_DBT/airflow/airflow_env/lib/python3.11/site-packages/airflow/example_dags/example_sensors.py for tasks to queue
[2026-04-01T21:24:16.549+0530] {logging_mixin.py:188} INFO - [2026-04-01T21:24:16.549+0530] {dagbag.py:540} INFO - Filling up the DagBag from /Users/aswin/Documents/data-engineering-practice/ETL_Airflow_DBT/airflow/airflow_env/lib/python3.11/site-packages/airflow/example_dags/example_sensors.py
[2026-04-01T21:24:16.559+0530] {processor.py:840} INFO - DAG(s) 'example_sensors' retrieved from /Users/aswin/Documents/data-engineering-practice/ETL_Airflow_DBT/airflow/airflow_env/lib/python3.11/site-packages/airflow/example_dags/example_sensors.py
[2026-04-01T21:24:16.648+0530] {logging_mixin.py:188} INFO - [2026-04-01T21:24:16.648+0530] {dag.py:3096} INFO - Sync 1 DAGs
[2026-04-01T21:24:16.657+0530] {logging_mixin.py:188} INFO - [2026-04-01T21:24:16.657+0530] {dag.py:3954} INFO - Setting next_dagrun for example_sensors to None, run_after=None
[2026-04-01T21:24:16.670+0530] {processor.py:183} INFO - Processing /Users/aswin/Documents/data-engineering-practice/ETL_Airflow_DBT/airflow/airflow_env/lib/python3.11/site-packages/airflow/example_dags/example_sensors.py took 0.124 seconds
[2026-04-01T21:24:58.406+0530] {processor.py:161} INFO - Started process (PID=4842) to work on /Users/aswin/Documents/data-engineering-practice/ETL_Airflow_DBT/airflow/airflow_env/lib/python3.11/site-packages/airflow/example_dags/example_sensors.py
[2026-04-01T21:24:58.406+0530] {processor.py:830} INFO - Processing file /Users/aswin/Documents/data-engineering-practice/ETL_Airflow_DBT/airflow/airflow_env/lib/python3.11/site-packages/airflow/example_dags/example_sensors.py for tasks to queue
[2026-04-01T21:24:58.407+0530] {logging_mixin.py:188} INFO - [2026-04-01T21:24:58.407+0530] {dagbag.py:540} INFO - Filling up the DagBag from /Users/aswin/Documents/data-engineering-practice/ETL_Airflow_DBT/airflow/airflow_env/lib/python3.11/site-packages/airflow/example_dags/example_sensors.py
[2026-04-01T21:24:58.417+0530] {processor.py:840} INFO - DAG(s) 'example_sensors' retrieved from /Users/aswin/Documents/data-engineering-practice/ETL_Airflow_DBT/airflow/airflow_env/lib/python3.11/site-packages/airflow/example_dags/example_sensors.py
[2026-04-01T21:24:58.502+0530] {logging_mixin.py:188} INFO - [2026-04-01T21:24:58.502+0530] {dag.py:3096} INFO - Sync 1 DAGs
[2026-04-01T21:24:58.510+0530] {logging_mixin.py:188} INFO - [2026-04-01T21:24:58.510+0530] {dag.py:3954} INFO - Setting next_dagrun for example_sensors to None, run_after=None
[2026-04-01T21:24:58.521+0530] {processor.py:183} INFO - Processing /Users/aswin/Documents/data-engineering-practice/ETL_Airflow_DBT/airflow/airflow_env/lib/python3.11/site-packages/airflow/example_dags/example_sensors.py took 0.117 seconds
[2026-04-01T21:25:47.855+0530] {processor.py:161} INFO - Started process (PID=4967) to work on /Users/aswin/Documents/data-engineering-practice/ETL_Airflow_DBT/airflow/airflow_env/lib/python3.11/site-packages/airflow/example_dags/example_sensors.py
[2026-04-01T21:25:47.857+0530] {processor.py:830} INFO - Processing file /Users/aswin/Documents/data-engineering-practice/ETL_Airflow_DBT/airflow/airflow_env/lib/python3.11/site-packages/airflow/example_dags/example_sensors.py for tasks to queue
[2026-04-01T21:25:47.857+0530] {logging_mixin.py:188} INFO - [2026-04-01T21:25:47.857+0530] {dagbag.py:540} INFO - Filling up the DagBag from /Users/aswin/Documents/data-engineering-practice/ETL_Airflow_DBT/airflow/airflow_env/lib/python3.11/site-packages/airflow/example_dags/example_sensors.py
[2026-04-01T21:25:47.871+0530] {processor.py:840} INFO - DAG(s) 'example_sensors' retrieved from /Users/aswin/Documents/data-engineering-practice/ETL_Airflow_DBT/airflow/airflow_env/lib/python3.11/site-packages/airflow/example_dags/example_sensors.py
[2026-04-01T21:25:47.967+0530] {logging_mixin.py:188} INFO - [2026-04-01T21:25:47.966+0530] {dag.py:3096} INFO - Sync 1 DAGs
[2026-04-01T21:25:47.975+0530] {logging_mixin.py:188} INFO - [2026-04-01T21:25:47.975+0530] {dag.py:3954} INFO - Setting next_dagrun for example_sensors to None, run_after=None
[2026-04-01T21:25:47.989+0530] {processor.py:183} INFO - Processing /Users/aswin/Documents/data-engineering-practice/ETL_Airflow_DBT/airflow/airflow_env/lib/python3.11/site-packages/airflow/example_dags/example_sensors.py took 0.136 seconds
[2026-04-01T21:26:33.957+0530] {processor.py:161} INFO - Started process (PID=5087) to work on /Users/aswin/Documents/data-engineering-practice/ETL_Airflow_DBT/airflow/airflow_env/lib/python3.11/site-packages/airflow/example_dags/example_sensors.py
[2026-04-01T21:26:33.958+0530] {processor.py:830} INFO - Processing file /Users/aswin/Documents/data-engineering-practice/ETL_Airflow_DBT/airflow/airflow_env/lib/python3.11/site-packages/airflow/example_dags/example_sensors.py for tasks to queue
[2026-04-01T21:26:33.959+0530] {logging_mixin.py:188} INFO - [2026-04-01T21:26:33.959+0530] {dagbag.py:540} INFO - Filling up the DagBag from /Users/aswin/Documents/data-engineering-practice/ETL_Airflow_DBT/airflow/airflow_env/lib/python3.11/site-packages/airflow/example_dags/example_sensors.py
[2026-04-01T21:26:33.974+0530] {processor.py:840} INFO - DAG(s) 'example_sensors' retrieved from /Users/aswin/Documents/data-engineering-practice/ETL_Airflow_DBT/airflow/airflow_env/lib/python3.11/site-packages/airflow/example_dags/example_sensors.py
[2026-04-01T21:26:34.078+0530] {logging_mixin.py:188} INFO - [2026-04-01T21:26:34.077+0530] {dag.py:3096} INFO - Sync 1 DAGs
[2026-04-01T21:26:34.088+0530] {logging_mixin.py:188} INFO - [2026-04-01T21:26:34.088+0530] {dag.py:3954} INFO - Setting next_dagrun for example_sensors to None, run_after=None
[2026-04-01T21:26:34.103+0530] {processor.py:183} INFO - Processing /Users/aswin/Documents/data-engineering-practice/ETL_Airflow_DBT/airflow/airflow_env/lib/python3.11/site-packages/airflow/example_dags/example_sensors.py took 0.149 seconds
[2026-04-01T21:27:20.152+0530] {processor.py:161} INFO - Started process (PID=5214) to work on /Users/aswin/Documents/data-engineering-practice/ETL_Airflow_DBT/airflow/airflow_env/lib/python3.11/site-packages/airflow/example_dags/example_sensors.py
[2026-04-01T21:27:20.153+0530] {processor.py:830} INFO - Processing file /Users/aswin/Documents/data-engineering-practice/ETL_Airflow_DBT/airflow/airflow_env/lib/python3.11/site-packages/airflow/example_dags/example_sensors.py for tasks to queue
[2026-04-01T21:27:20.153+0530] {logging_mixin.py:188} INFO - [2026-04-01T21:27:20.153+0530] {dagbag.py:540} INFO - Filling up the DagBag from /Users/aswin/Documents/data-engineering-practice/ETL_Airflow_DBT/airflow/airflow_env/lib/python3.11/site-packages/airflow/example_dags/example_sensors.py
[2026-04-01T21:27:20.160+0530] {processor.py:840} INFO - DAG(s) 'example_sensors' retrieved from /Users/aswin/Documents/data-engineering-practice/ETL_Airflow_DBT/airflow/airflow_env/lib/python3.11/site-packages/airflow/example_dags/example_sensors.py
[2026-04-01T21:27:20.217+0530] {logging_mixin.py:188} INFO - [2026-04-01T21:27:20.217+0530] {dag.py:3096} INFO - Sync 1 DAGs
[2026-04-01T21:27:20.224+0530] {logging_mixin.py:188} INFO - [2026-04-01T21:27:20.224+0530] {dag.py:3954} INFO - Setting next_dagrun for example_sensors to None, run_after=None
[2026-04-01T21:27:20.235+0530] {processor.py:183} INFO - Processing /Users/aswin/Documents/data-engineering-practice/ETL_Airflow_DBT/airflow/airflow_env/lib/python3.11/site-packages/airflow/example_dags/example_sensors.py took 0.084 seconds
[2026-04-01T21:27:56.680+0530] {processor.py:161} INFO - Started process (PID=5327) to work on /Users/aswin/Documents/data-engineering-practice/ETL_Airflow_DBT/airflow/airflow_env/lib/python3.11/site-packages/airflow/example_dags/example_sensors.py
[2026-04-01T21:27:56.681+0530] {processor.py:830} INFO - Processing file /Users/aswin/Documents/data-engineering-practice/ETL_Airflow_DBT/airflow/airflow_env/lib/python3.11/site-packages/airflow/example_dags/example_sensors.py for tasks to queue
[2026-04-01T21:27:56.682+0530] {logging_mixin.py:188} INFO - [2026-04-01T21:27:56.682+0530] {dagbag.py:540} INFO - Filling up the DagBag from /Users/aswin/Documents/data-engineering-practice/ETL_Airflow_DBT/airflow/airflow_env/lib/python3.11/site-packages/airflow/example_dags/example_sensors.py
[2026-04-01T21:27:56.692+0530] {processor.py:840} INFO - DAG(s) 'example_sensors' retrieved from /Users/aswin/Documents/data-engineering-practice/ETL_Airflow_DBT/airflow/airflow_env/lib/python3.11/site-packages/airflow/example_dags/example_sensors.py
[2026-04-01T21:27:56.770+0530] {logging_mixin.py:188} INFO - [2026-04-01T21:27:56.770+0530] {dag.py:3096} INFO - Sync 1 DAGs
[2026-04-01T21:27:56.778+0530] {logging_mixin.py:188} INFO - [2026-04-01T21:27:56.778+0530] {dag.py:3954} INFO - Setting next_dagrun for example_sensors to None, run_after=None
[2026-04-01T21:27:56.791+0530] {processor.py:183} INFO - Processing /Users/aswin/Documents/data-engineering-practice/ETL_Airflow_DBT/airflow/airflow_env/lib/python3.11/site-packages/airflow/example_dags/example_sensors.py took 0.112 seconds
[2026-04-01T21:28:37.769+0530] {processor.py:161} INFO - Started process (PID=5444) to work on /Users/aswin/Documents/data-engineering-practice/ETL_Airflow_DBT/airflow/airflow_env/lib/python3.11/site-packages/airflow/example_dags/example_sensors.py
[2026-04-01T21:28:37.770+0530] {processor.py:830} INFO - Processing file /Users/aswin/Documents/data-engineering-practice/ETL_Airflow_DBT/airflow/airflow_env/lib/python3.11/site-packages/airflow/example_dags/example_sensors.py for tasks to queue
[2026-04-01T21:28:37.771+0530] {logging_mixin.py:188} INFO - [2026-04-01T21:28:37.771+0530] {dagbag.py:540} INFO - Filling up the DagBag from /Users/aswin/Documents/data-engineering-practice/ETL_Airflow_DBT/airflow/airflow_env/lib/python3.11/site-packages/airflow/example_dags/example_sensors.py
[2026-04-01T21:28:37.783+0530] {processor.py:840} INFO - DAG(s) 'example_sensors' retrieved from /Users/aswin/Documents/data-engineering-practice/ETL_Airflow_DBT/airflow/airflow_env/lib/python3.11/site-packages/airflow/example_dags/example_sensors.py
[2026-04-01T21:28:37.875+0530] {logging_mixin.py:188} INFO - [2026-04-01T21:28:37.875+0530] {dag.py:3096} INFO - Sync 1 DAGs
[2026-04-01T21:28:37.884+0530] {logging_mixin.py:188} INFO - [2026-04-01T21:28:37.884+0530] {dag.py:3954} INFO - Setting next_dagrun for example_sensors to None, run_after=None
[2026-04-01T21:28:37.898+0530] {processor.py:183} INFO - Processing /Users/aswin/Documents/data-engineering-practice/ETL_Airflow_DBT/airflow/airflow_env/lib/python3.11/site-packages/airflow/example_dags/example_sensors.py took 0.131 seconds
[2026-04-01T21:29:21.980+0530] {processor.py:161} INFO - Started process (PID=5563) to work on /Users/aswin/Documents/data-engineering-practice/ETL_Airflow_DBT/airflow/airflow_env/lib/python3.11/site-packages/airflow/example_dags/example_sensors.py
[2026-04-01T21:29:21.981+0530] {processor.py:830} INFO - Processing file /Users/aswin/Documents/data-engineering-practice/ETL_Airflow_DBT/airflow/airflow_env/lib/python3.11/site-packages/airflow/example_dags/example_sensors.py for tasks to queue
[2026-04-01T21:29:21.982+0530] {logging_mixin.py:188} INFO - [2026-04-01T21:29:21.982+0530] {dagbag.py:540} INFO - Filling up the DagBag from /Users/aswin/Documents/data-engineering-practice/ETL_Airflow_DBT/airflow/airflow_env/lib/python3.11/site-packages/airflow/example_dags/example_sensors.py
[2026-04-01T21:29:21.992+0530] {processor.py:840} INFO - DAG(s) 'example_sensors' retrieved from /Users/aswin/Documents/data-engineering-practice/ETL_Airflow_DBT/airflow/airflow_env/lib/python3.11/site-packages/airflow/example_dags/example_sensors.py
[2026-04-01T21:29:22.077+0530] {logging_mixin.py:188} INFO - [2026-04-01T21:29:22.077+0530] {dag.py:3096} INFO - Sync 1 DAGs
[2026-04-01T21:29:22.086+0530] {logging_mixin.py:188} INFO - [2026-04-01T21:29:22.086+0530] {dag.py:3954} INFO - Setting next_dagrun for example_sensors to None, run_after=None
[2026-04-01T21:29:22.098+0530] {processor.py:183} INFO - Processing /Users/aswin/Documents/data-engineering-practice/ETL_Airflow_DBT/airflow/airflow_env/lib/python3.11/site-packages/airflow/example_dags/example_sensors.py took 0.119 seconds
[2026-04-01T21:30:03.700+0530] {processor.py:161} INFO - Started process (PID=5680) to work on /Users/aswin/Documents/data-engineering-practice/ETL_Airflow_DBT/airflow/airflow_env/lib/python3.11/site-packages/airflow/example_dags/example_sensors.py
[2026-04-01T21:30:03.701+0530] {processor.py:830} INFO - Processing file /Users/aswin/Documents/data-engineering-practice/ETL_Airflow_DBT/airflow/airflow_env/lib/python3.11/site-packages/airflow/example_dags/example_sensors.py for tasks to queue
[2026-04-01T21:30:03.701+0530] {logging_mixin.py:188} INFO - [2026-04-01T21:30:03.701+0530] {dagbag.py:540} INFO - Filling up the DagBag from /Users/aswin/Documents/data-engineering-practice/ETL_Airflow_DBT/airflow/airflow_env/lib/python3.11/site-packages/airflow/example_dags/example_sensors.py
[2026-04-01T21:30:03.712+0530] {processor.py:840} INFO - DAG(s) 'example_sensors' retrieved from /Users/aswin/Documents/data-engineering-practice/ETL_Airflow_DBT/airflow/airflow_env/lib/python3.11/site-packages/airflow/example_dags/example_sensors.py
[2026-04-01T21:30:03.839+0530] {logging_mixin.py:188} INFO - [2026-04-01T21:30:03.839+0530] {dag.py:3096} INFO - Sync 1 DAGs
[2026-04-01T21:30:03.855+0530] {logging_mixin.py:188} INFO - [2026-04-01T21:30:03.854+0530] {dag.py:3954} INFO - Setting next_dagrun for example_sensors to None, run_after=None
[2026-04-01T21:30:03.882+0530] {processor.py:183} INFO - Processing /Users/aswin/Documents/data-engineering-practice/ETL_Airflow_DBT/airflow/airflow_env/lib/python3.11/site-packages/airflow/example_dags/example_sensors.py took 0.184 seconds
[2026-04-01T21:30:49.766+0530] {processor.py:161} INFO - Started process (PID=5795) to work on /Users/aswin/Documents/data-engineering-practice/ETL_Airflow_DBT/airflow/airflow_env/lib/python3.11/site-packages/airflow/example_dags/example_sensors.py
[2026-04-01T21:30:49.767+0530] {processor.py:830} INFO - Processing file /Users/aswin/Documents/data-engineering-practice/ETL_Airflow_DBT/airflow/airflow_env/lib/python3.11/site-packages/airflow/example_dags/example_sensors.py for tasks to queue
[2026-04-01T21:30:49.767+0530] {logging_mixin.py:188} INFO - [2026-04-01T21:30:49.767+0530] {dagbag.py:540} INFO - Filling up the DagBag from /Users/aswin/Documents/data-engineering-practice/ETL_Airflow_DBT/airflow/airflow_env/lib/python3.11/site-packages/airflow/example_dags/example_sensors.py
[2026-04-01T21:30:49.779+0530] {processor.py:840} INFO - DAG(s) 'example_sensors' retrieved from /Users/aswin/Documents/data-engineering-practice/ETL_Airflow_DBT/airflow/airflow_env/lib/python3.11/site-packages/airflow/example_dags/example_sensors.py
[2026-04-01T21:30:49.882+0530] {logging_mixin.py:188} INFO - [2026-04-01T21:30:49.882+0530] {dag.py:3096} INFO - Sync 1 DAGs
[2026-04-01T21:30:49.892+0530] {logging_mixin.py:188} INFO - [2026-04-01T21:30:49.892+0530] {dag.py:3954} INFO - Setting next_dagrun for example_sensors to None, run_after=None
[2026-04-01T21:30:49.910+0530] {processor.py:183} INFO - Processing /Users/aswin/Documents/data-engineering-practice/ETL_Airflow_DBT/airflow/airflow_env/lib/python3.11/site-packages/airflow/example_dags/example_sensors.py took 0.146 seconds
[2026-04-01T21:31:31.997+0530] {processor.py:161} INFO - Started process (PID=5898) to work on /Users/aswin/Documents/data-engineering-practice/ETL_Airflow_DBT/airflow/airflow_env/lib/python3.11/site-packages/airflow/example_dags/example_sensors.py
[2026-04-01T21:31:31.998+0530] {processor.py:830} INFO - Processing file /Users/aswin/Documents/data-engineering-practice/ETL_Airflow_DBT/airflow/airflow_env/lib/python3.11/site-packages/airflow/example_dags/example_sensors.py for tasks to queue
[2026-04-01T21:31:31.998+0530] {logging_mixin.py:188} INFO - [2026-04-01T21:31:31.998+0530] {dagbag.py:540} INFO - Filling up the DagBag from /Users/aswin/Documents/data-engineering-practice/ETL_Airflow_DBT/airflow/airflow_env/lib/python3.11/site-packages/airflow/example_dags/example_sensors.py
[2026-04-01T21:31:32.010+0530] {processor.py:840} INFO - DAG(s) 'example_sensors' retrieved from /Users/aswin/Documents/data-engineering-practice/ETL_Airflow_DBT/airflow/airflow_env/lib/python3.11/site-packages/airflow/example_dags/example_sensors.py
[2026-04-01T21:31:32.150+0530] {logging_mixin.py:188} INFO - [2026-04-01T21:31:32.149+0530] {dag.py:3096} INFO - Sync 1 DAGs
[2026-04-01T21:31:32.158+0530] {logging_mixin.py:188} INFO - [2026-04-01T21:31:32.158+0530] {dag.py:3954} INFO - Setting next_dagrun for example_sensors to None, run_after=None
[2026-04-01T21:31:32.172+0530] {processor.py:183} INFO - Processing /Users/aswin/Documents/data-engineering-practice/ETL_Airflow_DBT/airflow/airflow_env/lib/python3.11/site-packages/airflow/example_dags/example_sensors.py took 0.178 seconds
[2026-04-01T21:32:12.725+0530] {processor.py:161} INFO - Started process (PID=6005) to work on /Users/aswin/Documents/data-engineering-practice/ETL_Airflow_DBT/airflow/airflow_env/lib/python3.11/site-packages/airflow/example_dags/example_sensors.py
[2026-04-01T21:32:12.726+0530] {processor.py:830} INFO - Processing file /Users/aswin/Documents/data-engineering-practice/ETL_Airflow_DBT/airflow/airflow_env/lib/python3.11/site-packages/airflow/example_dags/example_sensors.py for tasks to queue
[2026-04-01T21:32:12.726+0530] {logging_mixin.py:188} INFO - [2026-04-01T21:32:12.726+0530] {dagbag.py:540} INFO - Filling up the DagBag from /Users/aswin/Documents/data-engineering-practice/ETL_Airflow_DBT/airflow/airflow_env/lib/python3.11/site-packages/airflow/example_dags/example_sensors.py
[2026-04-01T21:32:12.738+0530] {processor.py:840} INFO - DAG(s) 'example_sensors' retrieved from /Users/aswin/Documents/data-engineering-practice/ETL_Airflow_DBT/airflow/airflow_env/lib/python3.11/site-packages/airflow/example_dags/example_sensors.py
[2026-04-01T21:32:12.828+0530] {logging_mixin.py:188} INFO - [2026-04-01T21:32:12.828+0530] {dag.py:3096} INFO - Sync 1 DAGs
[2026-04-01T21:32:12.837+0530] {logging_mixin.py:188} INFO - [2026-04-01T21:32:12.837+0530] {dag.py:3954} INFO - Setting next_dagrun for example_sensors to None, run_after=None
[2026-04-01T21:32:12.851+0530] {processor.py:183} INFO - Processing /Users/aswin/Documents/data-engineering-practice/ETL_Airflow_DBT/airflow/airflow_env/lib/python3.11/site-packages/airflow/example_dags/example_sensors.py took 0.128 seconds
[2026-04-01T21:32:52.340+0530] {processor.py:161} INFO - Started process (PID=6104) to work on /Users/aswin/Documents/data-engineering-practice/ETL_Airflow_DBT/airflow/airflow_env/lib/python3.11/site-packages/airflow/example_dags/example_sensors.py
[2026-04-01T21:32:52.342+0530] {processor.py:830} INFO - Processing file /Users/aswin/Documents/data-engineering-practice/ETL_Airflow_DBT/airflow/airflow_env/lib/python3.11/site-packages/airflow/example_dags/example_sensors.py for tasks to queue
[2026-04-01T21:32:52.342+0530] {logging_mixin.py:188} INFO - [2026-04-01T21:32:52.342+0530] {dagbag.py:540} INFO - Filling up the DagBag from /Users/aswin/Documents/data-engineering-practice/ETL_Airflow_DBT/airflow/airflow_env/lib/python3.11/site-packages/airflow/example_dags/example_sensors.py
[2026-04-01T21:32:52.357+0530] {processor.py:840} INFO - DAG(s) 'example_sensors' retrieved from /Users/aswin/Documents/data-engineering-practice/ETL_Airflow_DBT/airflow/airflow_env/lib/python3.11/site-packages/airflow/example_dags/example_sensors.py
[2026-04-01T21:32:52.468+0530] {logging_mixin.py:188} INFO - [2026-04-01T21:32:52.468+0530] {dag.py:3096} INFO - Sync 1 DAGs
[2026-04-01T21:32:52.478+0530] {logging_mixin.py:188} INFO - [2026-04-01T21:32:52.478+0530] {dag.py:3954} INFO - Setting next_dagrun for example_sensors to None, run_after=None
[2026-04-01T21:32:52.494+0530] {processor.py:183} INFO - Processing /Users/aswin/Documents/data-engineering-practice/ETL_Airflow_DBT/airflow/airflow_env/lib/python3.11/site-packages/airflow/example_dags/example_sensors.py took 0.156 seconds
[2026-04-01T21:33:36.532+0530] {processor.py:161} INFO - Started process (PID=6213) to work on /Users/aswin/Documents/data-engineering-practice/ETL_Airflow_DBT/airflow/airflow_env/lib/python3.11/site-packages/airflow/example_dags/example_sensors.py
[2026-04-01T21:33:36.533+0530] {processor.py:830} INFO - Processing file /Users/aswin/Documents/data-engineering-practice/ETL_Airflow_DBT/airflow/airflow_env/lib/python3.11/site-packages/airflow/example_dags/example_sensors.py for tasks to queue
[2026-04-01T21:33:36.533+0530] {logging_mixin.py:188} INFO - [2026-04-01T21:33:36.533+0530] {dagbag.py:540} INFO - Filling up the DagBag from /Users/aswin/Documents/data-engineering-practice/ETL_Airflow_DBT/airflow/airflow_env/lib/python3.11/site-packages/airflow/example_dags/example_sensors.py
[2026-04-01T21:33:36.544+0530] {processor.py:840} INFO - DAG(s) 'example_sensors' retrieved from /Users/aswin/Documents/data-engineering-practice/ETL_Airflow_DBT/airflow/airflow_env/lib/python3.11/site-packages/airflow/example_dags/example_sensors.py
[2026-04-01T21:33:36.637+0530] {logging_mixin.py:188} INFO - [2026-04-01T21:33:36.636+0530] {dag.py:3096} INFO - Sync 1 DAGs
[2026-04-01T21:33:36.646+0530] {logging_mixin.py:188} INFO - [2026-04-01T21:33:36.646+0530] {dag.py:3954} INFO - Setting next_dagrun for example_sensors to None, run_after=None
[2026-04-01T21:33:36.661+0530] {processor.py:183} INFO - Processing /Users/aswin/Documents/data-engineering-practice/ETL_Airflow_DBT/airflow/airflow_env/lib/python3.11/site-packages/airflow/example_dags/example_sensors.py took 0.131 seconds
[2026-04-01T21:34:15.555+0530] {processor.py:161} INFO - Started process (PID=6313) to work on /Users/aswin/Documents/data-engineering-practice/ETL_Airflow_DBT/airflow/airflow_env/lib/python3.11/site-packages/airflow/example_dags/example_sensors.py
[2026-04-01T21:34:15.556+0530] {processor.py:830} INFO - Processing file /Users/aswin/Documents/data-engineering-practice/ETL_Airflow_DBT/airflow/airflow_env/lib/python3.11/site-packages/airflow/example_dags/example_sensors.py for tasks to queue
[2026-04-01T21:34:15.556+0530] {logging_mixin.py:188} INFO - [2026-04-01T21:34:15.556+0530] {dagbag.py:540} INFO - Filling up the DagBag from /Users/aswin/Documents/data-engineering-practice/ETL_Airflow_DBT/airflow/airflow_env/lib/python3.11/site-packages/airflow/example_dags/example_sensors.py
[2026-04-01T21:34:15.570+0530] {processor.py:840} INFO - DAG(s) 'example_sensors' retrieved from /Users/aswin/Documents/data-engineering-practice/ETL_Airflow_DBT/airflow/airflow_env/lib/python3.11/site-packages/airflow/example_dags/example_sensors.py
[2026-04-01T21:34:15.665+0530] {logging_mixin.py:188} INFO - [2026-04-01T21:34:15.665+0530] {dag.py:3096} INFO - Sync 1 DAGs
[2026-04-01T21:34:15.674+0530] {logging_mixin.py:188} INFO - [2026-04-01T21:34:15.674+0530] {dag.py:3954} INFO - Setting next_dagrun for example_sensors to None, run_after=None
[2026-04-01T21:34:15.688+0530] {processor.py:183} INFO - Processing /Users/aswin/Documents/data-engineering-practice/ETL_Airflow_DBT/airflow/airflow_env/lib/python3.11/site-packages/airflow/example_dags/example_sensors.py took 0.136 seconds
[2026-04-01T21:34:57.126+0530] {processor.py:161} INFO - Started process (PID=6420) to work on /Users/aswin/Documents/data-engineering-practice/ETL_Airflow_DBT/airflow/airflow_env/lib/python3.11/site-packages/airflow/example_dags/example_sensors.py
[2026-04-01T21:34:57.127+0530] {processor.py:830} INFO - Processing file /Users/aswin/Documents/data-engineering-practice/ETL_Airflow_DBT/airflow/airflow_env/lib/python3.11/site-packages/airflow/example_dags/example_sensors.py for tasks to queue
[2026-04-01T21:34:57.128+0530] {logging_mixin.py:188} INFO - [2026-04-01T21:34:57.128+0530] {dagbag.py:540} INFO - Filling up the DagBag from /Users/aswin/Documents/data-engineering-practice/ETL_Airflow_DBT/airflow/airflow_env/lib/python3.11/site-packages/airflow/example_dags/example_sensors.py
[2026-04-01T21:34:57.139+0530] {processor.py:840} INFO - DAG(s) 'example_sensors' retrieved from /Users/aswin/Documents/data-engineering-practice/ETL_Airflow_DBT/airflow/airflow_env/lib/python3.11/site-packages/airflow/example_dags/example_sensors.py
[2026-04-01T21:34:57.233+0530] {logging_mixin.py:188} INFO - [2026-04-01T21:34:57.233+0530] {dag.py:3096} INFO - Sync 1 DAGs
[2026-04-01T21:34:57.242+0530] {logging_mixin.py:188} INFO - [2026-04-01T21:34:57.242+0530] {dag.py:3954} INFO - Setting next_dagrun for example_sensors to None, run_after=None
[2026-04-01T21:34:57.256+0530] {processor.py:183} INFO - Processing /Users/aswin/Documents/data-engineering-practice/ETL_Airflow_DBT/airflow/airflow_env/lib/python3.11/site-packages/airflow/example_dags/example_sensors.py took 0.131 seconds
[2026-04-01T21:35:42.135+0530] {processor.py:161} INFO - Started process (PID=6525) to work on /Users/aswin/Documents/data-engineering-practice/ETL_Airflow_DBT/airflow/airflow_env/lib/python3.11/site-packages/airflow/example_dags/example_sensors.py
[2026-04-01T21:35:42.136+0530] {processor.py:830} INFO - Processing file /Users/aswin/Documents/data-engineering-practice/ETL_Airflow_DBT/airflow/airflow_env/lib/python3.11/site-packages/airflow/example_dags/example_sensors.py for tasks to queue
[2026-04-01T21:35:42.136+0530] {logging_mixin.py:188} INFO - [2026-04-01T21:35:42.136+0530] {dagbag.py:540} INFO - Filling up the DagBag from /Users/aswin/Documents/data-engineering-practice/ETL_Airflow_DBT/airflow/airflow_env/lib/python3.11/site-packages/airflow/example_dags/example_sensors.py
[2026-04-01T21:35:42.147+0530] {processor.py:840} INFO - DAG(s) 'example_sensors' retrieved from /Users/aswin/Documents/data-engineering-practice/ETL_Airflow_DBT/airflow/airflow_env/lib/python3.11/site-packages/airflow/example_dags/example_sensors.py
[2026-04-01T21:35:42.268+0530] {logging_mixin.py:188} INFO - [2026-04-01T21:35:42.268+0530] {dag.py:3096} INFO - Sync 1 DAGs
[2026-04-01T21:35:42.276+0530] {logging_mixin.py:188} INFO - [2026-04-01T21:35:42.276+0530] {dag.py:3954} INFO - Setting next_dagrun for example_sensors to None, run_after=None
[2026-04-01T21:35:42.288+0530] {processor.py:183} INFO - Processing /Users/aswin/Documents/data-engineering-practice/ETL_Airflow_DBT/airflow/airflow_env/lib/python3.11/site-packages/airflow/example_dags/example_sensors.py took 0.155 seconds
[2026-04-01T21:36:26.212+0530] {processor.py:161} INFO - Started process (PID=6649) to work on /Users/aswin/Documents/data-engineering-practice/ETL_Airflow_DBT/airflow/airflow_env/lib/python3.11/site-packages/airflow/example_dags/example_sensors.py
[2026-04-01T21:36:26.213+0530] {processor.py:830} INFO - Processing file /Users/aswin/Documents/data-engineering-practice/ETL_Airflow_DBT/airflow/airflow_env/lib/python3.11/site-packages/airflow/example_dags/example_sensors.py for tasks to queue
[2026-04-01T21:36:26.213+0530] {logging_mixin.py:188} INFO - [2026-04-01T21:36:26.213+0530] {dagbag.py:540} INFO - Filling up the DagBag from /Users/aswin/Documents/data-engineering-practice/ETL_Airflow_DBT/airflow/airflow_env/lib/python3.11/site-packages/airflow/example_dags/example_sensors.py
[2026-04-01T21:36:26.221+0530] {processor.py:840} INFO - DAG(s) 'example_sensors' retrieved from /Users/aswin/Documents/data-engineering-practice/ETL_Airflow_DBT/airflow/airflow_env/lib/python3.11/site-packages/airflow/example_dags/example_sensors.py
[2026-04-01T21:36:26.295+0530] {logging_mixin.py:188} INFO - [2026-04-01T21:36:26.294+0530] {dag.py:3096} INFO - Sync 1 DAGs
[2026-04-01T21:36:26.302+0530] {logging_mixin.py:188} INFO - [2026-04-01T21:36:26.302+0530] {dag.py:3954} INFO - Setting next_dagrun for example_sensors to None, run_after=None
[2026-04-01T21:36:26.314+0530] {processor.py:183} INFO - Processing /Users/aswin/Documents/data-engineering-practice/ETL_Airflow_DBT/airflow/airflow_env/lib/python3.11/site-packages/airflow/example_dags/example_sensors.py took 0.104 seconds
[2026-04-01T21:37:00.077+0530] {processor.py:161} INFO - Started process (PID=6772) to work on /Users/aswin/Documents/data-engineering-practice/ETL_Airflow_DBT/airflow/airflow_env/lib/python3.11/site-packages/airflow/example_dags/example_sensors.py
[2026-04-01T21:37:00.077+0530] {processor.py:830} INFO - Processing file /Users/aswin/Documents/data-engineering-practice/ETL_Airflow_DBT/airflow/airflow_env/lib/python3.11/site-packages/airflow/example_dags/example_sensors.py for tasks to queue
[2026-04-01T21:37:00.078+0530] {logging_mixin.py:188} INFO - [2026-04-01T21:37:00.078+0530] {dagbag.py:540} INFO - Filling up the DagBag from /Users/aswin/Documents/data-engineering-practice/ETL_Airflow_DBT/airflow/airflow_env/lib/python3.11/site-packages/airflow/example_dags/example_sensors.py
[2026-04-01T21:37:00.089+0530] {processor.py:840} INFO - DAG(s) 'example_sensors' retrieved from /Users/aswin/Documents/data-engineering-practice/ETL_Airflow_DBT/airflow/airflow_env/lib/python3.11/site-packages/airflow/example_dags/example_sensors.py
[2026-04-01T21:37:00.180+0530] {logging_mixin.py:188} INFO - [2026-04-01T21:37:00.179+0530] {dag.py:3096} INFO - Sync 1 DAGs
[2026-04-01T21:37:00.189+0530] {logging_mixin.py:188} INFO - [2026-04-01T21:37:00.188+0530] {dag.py:3954} INFO - Setting next_dagrun for example_sensors to None, run_after=None
[2026-04-01T21:37:00.203+0530] {processor.py:183} INFO - Processing /Users/aswin/Documents/data-engineering-practice/ETL_Airflow_DBT/airflow/airflow_env/lib/python3.11/site-packages/airflow/example_dags/example_sensors.py took 0.128 seconds
[2026-04-01T21:37:39.606+0530] {processor.py:161} INFO - Started process (PID=6884) to work on /Users/aswin/Documents/data-engineering-practice/ETL_Airflow_DBT/airflow/airflow_env/lib/python3.11/site-packages/airflow/example_dags/example_sensors.py
[2026-04-01T21:37:39.606+0530] {processor.py:830} INFO - Processing file /Users/aswin/Documents/data-engineering-practice/ETL_Airflow_DBT/airflow/airflow_env/lib/python3.11/site-packages/airflow/example_dags/example_sensors.py for tasks to queue
[2026-04-01T21:37:39.607+0530] {logging_mixin.py:188} INFO - [2026-04-01T21:37:39.607+0530] {dagbag.py:540} INFO - Filling up the DagBag from /Users/aswin/Documents/data-engineering-practice/ETL_Airflow_DBT/airflow/airflow_env/lib/python3.11/site-packages/airflow/example_dags/example_sensors.py
[2026-04-01T21:37:39.614+0530] {processor.py:840} INFO - DAG(s) 'example_sensors' retrieved from /Users/aswin/Documents/data-engineering-practice/ETL_Airflow_DBT/airflow/airflow_env/lib/python3.11/site-packages/airflow/example_dags/example_sensors.py
[2026-04-01T21:37:39.683+0530] {logging_mixin.py:188} INFO - [2026-04-01T21:37:39.683+0530] {dag.py:3096} INFO - Sync 1 DAGs
[2026-04-01T21:37:39.690+0530] {logging_mixin.py:188} INFO - [2026-04-01T21:37:39.690+0530] {dag.py:3954} INFO - Setting next_dagrun for example_sensors to None, run_after=None
[2026-04-01T21:37:39.702+0530] {processor.py:183} INFO - Processing /Users/aswin/Documents/data-engineering-practice/ETL_Airflow_DBT/airflow/airflow_env/lib/python3.11/site-packages/airflow/example_dags/example_sensors.py took 0.097 seconds
[2026-04-01T21:38:17.343+0530] {processor.py:161} INFO - Started process (PID=6999) to work on /Users/aswin/Documents/data-engineering-practice/ETL_Airflow_DBT/airflow/airflow_env/lib/python3.11/site-packages/airflow/example_dags/example_sensors.py
[2026-04-01T21:38:17.343+0530] {processor.py:830} INFO - Processing file /Users/aswin/Documents/data-engineering-practice/ETL_Airflow_DBT/airflow/airflow_env/lib/python3.11/site-packages/airflow/example_dags/example_sensors.py for tasks to queue
[2026-04-01T21:38:17.344+0530] {logging_mixin.py:188} INFO - [2026-04-01T21:38:17.343+0530] {dagbag.py:540} INFO - Filling up the DagBag from /Users/aswin/Documents/data-engineering-practice/ETL_Airflow_DBT/airflow/airflow_env/lib/python3.11/site-packages/airflow/example_dags/example_sensors.py
[2026-04-01T21:38:17.352+0530] {processor.py:840} INFO - DAG(s) 'example_sensors' retrieved from /Users/aswin/Documents/data-engineering-practice/ETL_Airflow_DBT/airflow/airflow_env/lib/python3.11/site-packages/airflow/example_dags/example_sensors.py
[2026-04-01T21:38:17.426+0530] {logging_mixin.py:188} INFO - [2026-04-01T21:38:17.426+0530] {dag.py:3096} INFO - Sync 1 DAGs
[2026-04-01T21:38:17.434+0530] {logging_mixin.py:188} INFO - [2026-04-01T21:38:17.434+0530] {dag.py:3954} INFO - Setting next_dagrun for example_sensors to None, run_after=None
[2026-04-01T21:38:17.446+0530] {processor.py:183} INFO - Processing /Users/aswin/Documents/data-engineering-practice/ETL_Airflow_DBT/airflow/airflow_env/lib/python3.11/site-packages/airflow/example_dags/example_sensors.py took 0.105 seconds
[2026-04-01T21:39:02.862+0530] {processor.py:161} INFO - Started process (PID=7135) to work on /Users/aswin/Documents/data-engineering-practice/ETL_Airflow_DBT/airflow/airflow_env/lib/python3.11/site-packages/airflow/example_dags/example_sensors.py
[2026-04-01T21:39:02.863+0530] {processor.py:830} INFO - Processing file /Users/aswin/Documents/data-engineering-practice/ETL_Airflow_DBT/airflow/airflow_env/lib/python3.11/site-packages/airflow/example_dags/example_sensors.py for tasks to queue
[2026-04-01T21:39:02.864+0530] {logging_mixin.py:188} INFO - [2026-04-01T21:39:02.864+0530] {dagbag.py:540} INFO - Filling up the DagBag from /Users/aswin/Documents/data-engineering-practice/ETL_Airflow_DBT/airflow/airflow_env/lib/python3.11/site-packages/airflow/example_dags/example_sensors.py
[2026-04-01T21:39:02.875+0530] {processor.py:840} INFO - DAG(s) 'example_sensors' retrieved from /Users/aswin/Documents/data-engineering-practice/ETL_Airflow_DBT/airflow/airflow_env/lib/python3.11/site-packages/airflow/example_dags/example_sensors.py
[2026-04-01T21:39:02.968+0530] {logging_mixin.py:188} INFO - [2026-04-01T21:39:02.968+0530] {dag.py:3096} INFO - Sync 1 DAGs
[2026-04-01T21:39:02.977+0530] {logging_mixin.py:188} INFO - [2026-04-01T21:39:02.977+0530] {dag.py:3954} INFO - Setting next_dagrun for example_sensors to None, run_after=None
[2026-04-01T21:39:02.991+0530] {processor.py:183} INFO - Processing /Users/aswin/Documents/data-engineering-practice/ETL_Airflow_DBT/airflow/airflow_env/lib/python3.11/site-packages/airflow/example_dags/example_sensors.py took 0.130 seconds
[2026-04-01T21:39:44.193+0530] {processor.py:161} INFO - Started process (PID=7260) to work on /Users/aswin/Documents/data-engineering-practice/ETL_Airflow_DBT/airflow/airflow_env/lib/python3.11/site-packages/airflow/example_dags/example_sensors.py
[2026-04-01T21:39:44.195+0530] {processor.py:830} INFO - Processing file /Users/aswin/Documents/data-engineering-practice/ETL_Airflow_DBT/airflow/airflow_env/lib/python3.11/site-packages/airflow/example_dags/example_sensors.py for tasks to queue
[2026-04-01T21:39:44.195+0530] {logging_mixin.py:188} INFO - [2026-04-01T21:39:44.195+0530] {dagbag.py:540} INFO - Filling up the DagBag from /Users/aswin/Documents/data-engineering-practice/ETL_Airflow_DBT/airflow/airflow_env/lib/python3.11/site-packages/airflow/example_dags/example_sensors.py
[2026-04-01T21:39:44.205+0530] {processor.py:840} INFO - DAG(s) 'example_sensors' retrieved from /Users/aswin/Documents/data-engineering-practice/ETL_Airflow_DBT/airflow/airflow_env/lib/python3.11/site-packages/airflow/example_dags/example_sensors.py
[2026-04-01T21:39:44.291+0530] {logging_mixin.py:188} INFO - [2026-04-01T21:39:44.291+0530] {dag.py:3096} INFO - Sync 1 DAGs
[2026-04-01T21:39:44.300+0530] {logging_mixin.py:188} INFO - [2026-04-01T21:39:44.300+0530] {dag.py:3954} INFO - Setting next_dagrun for example_sensors to None, run_after=None
[2026-04-01T21:39:44.313+0530] {processor.py:183} INFO - Processing /Users/aswin/Documents/data-engineering-practice/ETL_Airflow_DBT/airflow/airflow_env/lib/python3.11/site-packages/airflow/example_dags/example_sensors.py took 0.121 seconds
[2026-04-01T21:40:21.711+0530] {processor.py:161} INFO - Started process (PID=7375) to work on /Users/aswin/Documents/data-engineering-practice/ETL_Airflow_DBT/airflow/airflow_env/lib/python3.11/site-packages/airflow/example_dags/example_sensors.py
[2026-04-01T21:40:21.712+0530] {processor.py:830} INFO - Processing file /Users/aswin/Documents/data-engineering-practice/ETL_Airflow_DBT/airflow/airflow_env/lib/python3.11/site-packages/airflow/example_dags/example_sensors.py for tasks to queue
[2026-04-01T21:40:21.712+0530] {logging_mixin.py:188} INFO - [2026-04-01T21:40:21.712+0530] {dagbag.py:540} INFO - Filling up the DagBag from /Users/aswin/Documents/data-engineering-practice/ETL_Airflow_DBT/airflow/airflow_env/lib/python3.11/site-packages/airflow/example_dags/example_sensors.py
[2026-04-01T21:40:21.721+0530] {processor.py:840} INFO - DAG(s) 'example_sensors' retrieved from /Users/aswin/Documents/data-engineering-practice/ETL_Airflow_DBT/airflow/airflow_env/lib/python3.11/site-packages/airflow/example_dags/example_sensors.py
[2026-04-01T21:40:21.798+0530] {logging_mixin.py:188} INFO - [2026-04-01T21:40:21.798+0530] {dag.py:3096} INFO - Sync 1 DAGs
[2026-04-01T21:40:21.806+0530] {logging_mixin.py:188} INFO - [2026-04-01T21:40:21.806+0530] {dag.py:3954} INFO - Setting next_dagrun for example_sensors to None, run_after=None
[2026-04-01T21:40:21.845+0530] {processor.py:183} INFO - Processing /Users/aswin/Documents/data-engineering-practice/ETL_Airflow_DBT/airflow/airflow_env/lib/python3.11/site-packages/airflow/example_dags/example_sensors.py took 0.135 seconds
[2026-04-01T21:40:55.075+0530] {processor.py:161} INFO - Started process (PID=7491) to work on /Users/aswin/Documents/data-engineering-practice/ETL_Airflow_DBT/airflow/airflow_env/lib/python3.11/site-packages/airflow/example_dags/example_sensors.py
[2026-04-01T21:40:55.076+0530] {processor.py:830} INFO - Processing file /Users/aswin/Documents/data-engineering-practice/ETL_Airflow_DBT/airflow/airflow_env/lib/python3.11/site-packages/airflow/example_dags/example_sensors.py for tasks to queue
[2026-04-01T21:40:55.076+0530] {logging_mixin.py:188} INFO - [2026-04-01T21:40:55.076+0530] {dagbag.py:540} INFO - Filling up the DagBag from /Users/aswin/Documents/data-engineering-practice/ETL_Airflow_DBT/airflow/airflow_env/lib/python3.11/site-packages/airflow/example_dags/example_sensors.py
[2026-04-01T21:40:55.085+0530] {processor.py:840} INFO - DAG(s) 'example_sensors' retrieved from /Users/aswin/Documents/data-engineering-practice/ETL_Airflow_DBT/airflow/airflow_env/lib/python3.11/site-packages/airflow/example_dags/example_sensors.py
[2026-04-01T21:40:55.159+0530] {logging_mixin.py:188} INFO - [2026-04-01T21:40:55.159+0530] {dag.py:3096} INFO - Sync 1 DAGs
[2026-04-01T21:40:55.166+0530] {logging_mixin.py:188} INFO - [2026-04-01T21:40:55.166+0530] {dag.py:3954} INFO - Setting next_dagrun for example_sensors to None, run_after=None
[2026-04-01T21:40:55.178+0530] {processor.py:183} INFO - Processing /Users/aswin/Documents/data-engineering-practice/ETL_Airflow_DBT/airflow/airflow_env/lib/python3.11/site-packages/airflow/example_dags/example_sensors.py took 0.105 seconds
[2026-04-01T21:41:30.043+0530] {processor.py:161} INFO - Started process (PID=7607) to work on /Users/aswin/Documents/data-engineering-practice/ETL_Airflow_DBT/airflow/airflow_env/lib/python3.11/site-packages/airflow/example_dags/example_sensors.py
[2026-04-01T21:41:30.044+0530] {processor.py:830} INFO - Processing file /Users/aswin/Documents/data-engineering-practice/ETL_Airflow_DBT/airflow/airflow_env/lib/python3.11/site-packages/airflow/example_dags/example_sensors.py for tasks to queue
[2026-04-01T21:41:30.044+0530] {logging_mixin.py:188} INFO - [2026-04-01T21:41:30.044+0530] {dagbag.py:540} INFO - Filling up the DagBag from /Users/aswin/Documents/data-engineering-practice/ETL_Airflow_DBT/airflow/airflow_env/lib/python3.11/site-packages/airflow/example_dags/example_sensors.py
[2026-04-01T21:41:30.054+0530] {processor.py:840} INFO - DAG(s) 'example_sensors' retrieved from /Users/aswin/Documents/data-engineering-practice/ETL_Airflow_DBT/airflow/airflow_env/lib/python3.11/site-packages/airflow/example_dags/example_sensors.py
[2026-04-01T21:41:30.129+0530] {logging_mixin.py:188} INFO - [2026-04-01T21:41:30.129+0530] {dag.py:3096} INFO - Sync 1 DAGs
[2026-04-01T21:41:30.137+0530] {logging_mixin.py:188} INFO - [2026-04-01T21:41:30.137+0530] {dag.py:3954} INFO - Setting next_dagrun for example_sensors to None, run_after=None
[2026-04-01T21:41:30.149+0530] {processor.py:183} INFO - Processing /Users/aswin/Documents/data-engineering-practice/ETL_Airflow_DBT/airflow/airflow_env/lib/python3.11/site-packages/airflow/example_dags/example_sensors.py took 0.107 seconds
[2026-04-01T21:42:10.872+0530] {processor.py:161} INFO - Started process (PID=7733) to work on /Users/aswin/Documents/data-engineering-practice/ETL_Airflow_DBT/airflow/airflow_env/lib/python3.11/site-packages/airflow/example_dags/example_sensors.py
[2026-04-01T21:42:10.873+0530] {processor.py:830} INFO - Processing file /Users/aswin/Documents/data-engineering-practice/ETL_Airflow_DBT/airflow/airflow_env/lib/python3.11/site-packages/airflow/example_dags/example_sensors.py for tasks to queue
[2026-04-01T21:42:10.874+0530] {logging_mixin.py:188} INFO - [2026-04-01T21:42:10.874+0530] {dagbag.py:540} INFO - Filling up the DagBag from /Users/aswin/Documents/data-engineering-practice/ETL_Airflow_DBT/airflow/airflow_env/lib/python3.11/site-packages/airflow/example_dags/example_sensors.py
[2026-04-01T21:42:10.886+0530] {processor.py:840} INFO - DAG(s) 'example_sensors' retrieved from /Users/aswin/Documents/data-engineering-practice/ETL_Airflow_DBT/airflow/airflow_env/lib/python3.11/site-packages/airflow/example_dags/example_sensors.py
[2026-04-01T21:42:10.975+0530] {logging_mixin.py:188} INFO - [2026-04-01T21:42:10.974+0530] {dag.py:3096} INFO - Sync 1 DAGs
[2026-04-01T21:42:10.982+0530] {logging_mixin.py:188} INFO - [2026-04-01T21:42:10.982+0530] {dag.py:3954} INFO - Setting next_dagrun for example_sensors to None, run_after=None
[2026-04-01T21:42:10.999+0530] {processor.py:183} INFO - Processing /Users/aswin/Documents/data-engineering-practice/ETL_Airflow_DBT/airflow/airflow_env/lib/python3.11/site-packages/airflow/example_dags/example_sensors.py took 0.129 seconds
[2026-04-01T21:42:48.662+0530] {processor.py:161} INFO - Started process (PID=7838) to work on /Users/aswin/Documents/data-engineering-practice/ETL_Airflow_DBT/airflow/airflow_env/lib/python3.11/site-packages/airflow/example_dags/example_sensors.py
[2026-04-01T21:42:48.663+0530] {processor.py:830} INFO - Processing file /Users/aswin/Documents/data-engineering-practice/ETL_Airflow_DBT/airflow/airflow_env/lib/python3.11/site-packages/airflow/example_dags/example_sensors.py for tasks to queue
[2026-04-01T21:42:48.663+0530] {logging_mixin.py:188} INFO - [2026-04-01T21:42:48.663+0530] {dagbag.py:540} INFO - Filling up the DagBag from /Users/aswin/Documents/data-engineering-practice/ETL_Airflow_DBT/airflow/airflow_env/lib/python3.11/site-packages/airflow/example_dags/example_sensors.py
[2026-04-01T21:42:48.670+0530] {processor.py:840} INFO - DAG(s) 'example_sensors' retrieved from /Users/aswin/Documents/data-engineering-practice/ETL_Airflow_DBT/airflow/airflow_env/lib/python3.11/site-packages/airflow/example_dags/example_sensors.py
[2026-04-01T21:42:48.728+0530] {logging_mixin.py:188} INFO - [2026-04-01T21:42:48.728+0530] {dag.py:3096} INFO - Sync 1 DAGs
[2026-04-01T21:42:48.736+0530] {logging_mixin.py:188} INFO - [2026-04-01T21:42:48.736+0530] {dag.py:3954} INFO - Setting next_dagrun for example_sensors to None, run_after=None
[2026-04-01T21:42:48.743+0530] {processor.py:183} INFO - Processing /Users/aswin/Documents/data-engineering-practice/ETL_Airflow_DBT/airflow/airflow_env/lib/python3.11/site-packages/airflow/example_dags/example_sensors.py took 0.083 seconds
[2026-04-01T21:43:28.874+0530] {processor.py:161} INFO - Started process (PID=7955) to work on /Users/aswin/Documents/data-engineering-practice/ETL_Airflow_DBT/airflow/airflow_env/lib/python3.11/site-packages/airflow/example_dags/example_sensors.py
[2026-04-01T21:43:28.874+0530] {processor.py:830} INFO - Processing file /Users/aswin/Documents/data-engineering-practice/ETL_Airflow_DBT/airflow/airflow_env/lib/python3.11/site-packages/airflow/example_dags/example_sensors.py for tasks to queue
[2026-04-01T21:43:28.875+0530] {logging_mixin.py:188} INFO - [2026-04-01T21:43:28.874+0530] {dagbag.py:540} INFO - Filling up the DagBag from /Users/aswin/Documents/data-engineering-practice/ETL_Airflow_DBT/airflow/airflow_env/lib/python3.11/site-packages/airflow/example_dags/example_sensors.py
[2026-04-01T21:43:28.881+0530] {processor.py:840} INFO - DAG(s) 'example_sensors' retrieved from /Users/aswin/Documents/data-engineering-practice/ETL_Airflow_DBT/airflow/airflow_env/lib/python3.11/site-packages/airflow/example_dags/example_sensors.py
[2026-04-01T21:43:28.937+0530] {logging_mixin.py:188} INFO - [2026-04-01T21:43:28.937+0530] {dag.py:3096} INFO - Sync 1 DAGs
[2026-04-01T21:43:28.944+0530] {logging_mixin.py:188} INFO - [2026-04-01T21:43:28.944+0530] {dag.py:3954} INFO - Setting next_dagrun for example_sensors to None, run_after=None
[2026-04-01T21:43:28.953+0530] {processor.py:183} INFO - Processing /Users/aswin/Documents/data-engineering-practice/ETL_Airflow_DBT/airflow/airflow_env/lib/python3.11/site-packages/airflow/example_dags/example_sensors.py took 0.080 seconds
[2026-04-01T21:44:06.915+0530] {processor.py:161} INFO - Started process (PID=8064) to work on /Users/aswin/Documents/data-engineering-practice/ETL_Airflow_DBT/airflow/airflow_env/lib/python3.11/site-packages/airflow/example_dags/example_sensors.py
[2026-04-01T21:44:06.917+0530] {processor.py:830} INFO - Processing file /Users/aswin/Documents/data-engineering-practice/ETL_Airflow_DBT/airflow/airflow_env/lib/python3.11/site-packages/airflow/example_dags/example_sensors.py for tasks to queue
[2026-04-01T21:44:06.918+0530] {logging_mixin.py:188} INFO - [2026-04-01T21:44:06.918+0530] {dagbag.py:540} INFO - Filling up the DagBag from /Users/aswin/Documents/data-engineering-practice/ETL_Airflow_DBT/airflow/airflow_env/lib/python3.11/site-packages/airflow/example_dags/example_sensors.py
[2026-04-01T21:44:06.943+0530] {processor.py:840} INFO - DAG(s) 'example_sensors' retrieved from /Users/aswin/Documents/data-engineering-practice/ETL_Airflow_DBT/airflow/airflow_env/lib/python3.11/site-packages/airflow/example_dags/example_sensors.py
[2026-04-01T21:44:07.167+0530] {logging_mixin.py:188} INFO - [2026-04-01T21:44:07.167+0530] {dag.py:3096} INFO - Sync 1 DAGs
[2026-04-01T21:44:07.186+0530] {logging_mixin.py:188} INFO - [2026-04-01T21:44:07.186+0530] {dag.py:3954} INFO - Setting next_dagrun for example_sensors to None, run_after=None
[2026-04-01T21:44:07.216+0530] {processor.py:183} INFO - Processing /Users/aswin/Documents/data-engineering-practice/ETL_Airflow_DBT/airflow/airflow_env/lib/python3.11/site-packages/airflow/example_dags/example_sensors.py took 0.305 seconds
[2026-04-01T21:44:58.464+0530] {processor.py:161} INFO - Started process (PID=8170) to work on /Users/aswin/Documents/data-engineering-practice/ETL_Airflow_DBT/airflow/airflow_env/lib/python3.11/site-packages/airflow/example_dags/example_sensors.py
[2026-04-01T21:44:58.464+0530] {processor.py:830} INFO - Processing file /Users/aswin/Documents/data-engineering-practice/ETL_Airflow_DBT/airflow/airflow_env/lib/python3.11/site-packages/airflow/example_dags/example_sensors.py for tasks to queue
[2026-04-01T21:44:58.465+0530] {logging_mixin.py:188} INFO - [2026-04-01T21:44:58.464+0530] {dagbag.py:540} INFO - Filling up the DagBag from /Users/aswin/Documents/data-engineering-practice/ETL_Airflow_DBT/airflow/airflow_env/lib/python3.11/site-packages/airflow/example_dags/example_sensors.py
[2026-04-01T21:44:58.470+0530] {processor.py:840} INFO - DAG(s) 'example_sensors' retrieved from /Users/aswin/Documents/data-engineering-practice/ETL_Airflow_DBT/airflow/airflow_env/lib/python3.11/site-packages/airflow/example_dags/example_sensors.py
[2026-04-01T21:44:58.539+0530] {logging_mixin.py:188} INFO - [2026-04-01T21:44:58.539+0530] {dag.py:3096} INFO - Sync 1 DAGs
[2026-04-01T21:44:58.544+0530] {logging_mixin.py:188} INFO - [2026-04-01T21:44:58.544+0530] {dag.py:3954} INFO - Setting next_dagrun for example_sensors to None, run_after=None
[2026-04-01T21:44:58.552+0530] {processor.py:183} INFO - Processing /Users/aswin/Documents/data-engineering-practice/ETL_Airflow_DBT/airflow/airflow_env/lib/python3.11/site-packages/airflow/example_dags/example_sensors.py took 0.089 seconds
[2026-04-01T21:45:54.746+0530] {processor.py:161} INFO - Started process (PID=8298) to work on /Users/aswin/Documents/data-engineering-practice/ETL_Airflow_DBT/airflow/airflow_env/lib/python3.11/site-packages/airflow/example_dags/example_sensors.py
[2026-04-01T21:45:54.747+0530] {processor.py:830} INFO - Processing file /Users/aswin/Documents/data-engineering-practice/ETL_Airflow_DBT/airflow/airflow_env/lib/python3.11/site-packages/airflow/example_dags/example_sensors.py for tasks to queue
[2026-04-01T21:45:54.747+0530] {logging_mixin.py:188} INFO - [2026-04-01T21:45:54.747+0530] {dagbag.py:540} INFO - Filling up the DagBag from /Users/aswin/Documents/data-engineering-practice/ETL_Airflow_DBT/airflow/airflow_env/lib/python3.11/site-packages/airflow/example_dags/example_sensors.py
[2026-04-01T21:45:54.753+0530] {processor.py:840} INFO - DAG(s) 'example_sensors' retrieved from /Users/aswin/Documents/data-engineering-practice/ETL_Airflow_DBT/airflow/airflow_env/lib/python3.11/site-packages/airflow/example_dags/example_sensors.py
[2026-04-01T21:45:54.810+0530] {logging_mixin.py:188} INFO - [2026-04-01T21:45:54.809+0530] {dag.py:3096} INFO - Sync 1 DAGs
[2026-04-01T21:45:54.816+0530] {logging_mixin.py:188} INFO - [2026-04-01T21:45:54.816+0530] {dag.py:3954} INFO - Setting next_dagrun for example_sensors to None, run_after=None
[2026-04-01T21:45:54.828+0530] {processor.py:183} INFO - Processing /Users/aswin/Documents/data-engineering-practice/ETL_Airflow_DBT/airflow/airflow_env/lib/python3.11/site-packages/airflow/example_dags/example_sensors.py took 0.083 seconds
[2026-04-01T21:46:51.779+0530] {processor.py:161} INFO - Started process (PID=8428) to work on /Users/aswin/Documents/data-engineering-practice/ETL_Airflow_DBT/airflow/airflow_env/lib/python3.11/site-packages/airflow/example_dags/example_sensors.py
[2026-04-01T21:46:51.779+0530] {processor.py:830} INFO - Processing file /Users/aswin/Documents/data-engineering-practice/ETL_Airflow_DBT/airflow/airflow_env/lib/python3.11/site-packages/airflow/example_dags/example_sensors.py for tasks to queue
[2026-04-01T21:46:51.780+0530] {logging_mixin.py:188} INFO - [2026-04-01T21:46:51.779+0530] {dagbag.py:540} INFO - Filling up the DagBag from /Users/aswin/Documents/data-engineering-practice/ETL_Airflow_DBT/airflow/airflow_env/lib/python3.11/site-packages/airflow/example_dags/example_sensors.py
[2026-04-01T21:46:51.787+0530] {processor.py:840} INFO - DAG(s) 'example_sensors' retrieved from /Users/aswin/Documents/data-engineering-practice/ETL_Airflow_DBT/airflow/airflow_env/lib/python3.11/site-packages/airflow/example_dags/example_sensors.py
[2026-04-01T21:46:51.849+0530] {logging_mixin.py:188} INFO - [2026-04-01T21:46:51.849+0530] {dag.py:3096} INFO - Sync 1 DAGs
[2026-04-01T21:46:51.856+0530] {logging_mixin.py:188} INFO - [2026-04-01T21:46:51.856+0530] {dag.py:3954} INFO - Setting next_dagrun for example_sensors to None, run_after=None
[2026-04-01T21:46:51.864+0530] {processor.py:183} INFO - Processing /Users/aswin/Documents/data-engineering-practice/ETL_Airflow_DBT/airflow/airflow_env/lib/python3.11/site-packages/airflow/example_dags/example_sensors.py took 0.086 seconds
[2026-04-01T21:47:49.117+0530] {processor.py:161} INFO - Started process (PID=8557) to work on /Users/aswin/Documents/data-engineering-practice/ETL_Airflow_DBT/airflow/airflow_env/lib/python3.11/site-packages/airflow/example_dags/example_sensors.py
[2026-04-01T21:47:49.118+0530] {processor.py:830} INFO - Processing file /Users/aswin/Documents/data-engineering-practice/ETL_Airflow_DBT/airflow/airflow_env/lib/python3.11/site-packages/airflow/example_dags/example_sensors.py for tasks to queue
[2026-04-01T21:47:49.118+0530] {logging_mixin.py:188} INFO - [2026-04-01T21:47:49.118+0530] {dagbag.py:540} INFO - Filling up the DagBag from /Users/aswin/Documents/data-engineering-practice/ETL_Airflow_DBT/airflow/airflow_env/lib/python3.11/site-packages/airflow/example_dags/example_sensors.py
[2026-04-01T21:47:49.126+0530] {processor.py:840} INFO - DAG(s) 'example_sensors' retrieved from /Users/aswin/Documents/data-engineering-practice/ETL_Airflow_DBT/airflow/airflow_env/lib/python3.11/site-packages/airflow/example_dags/example_sensors.py
[2026-04-01T21:47:49.183+0530] {logging_mixin.py:188} INFO - [2026-04-01T21:47:49.183+0530] {dag.py:3096} INFO - Sync 1 DAGs
[2026-04-01T21:47:49.189+0530] {logging_mixin.py:188} INFO - [2026-04-01T21:47:49.189+0530] {dag.py:3954} INFO - Setting next_dagrun for example_sensors to None, run_after=None
[2026-04-01T21:47:49.198+0530] {processor.py:183} INFO - Processing /Users/aswin/Documents/data-engineering-practice/ETL_Airflow_DBT/airflow/airflow_env/lib/python3.11/site-packages/airflow/example_dags/example_sensors.py took 0.083 seconds
[2026-04-01T21:48:44.589+0530] {processor.py:161} INFO - Started process (PID=8681) to work on /Users/aswin/Documents/data-engineering-practice/ETL_Airflow_DBT/airflow/airflow_env/lib/python3.11/site-packages/airflow/example_dags/example_sensors.py
[2026-04-01T21:48:44.590+0530] {processor.py:830} INFO - Processing file /Users/aswin/Documents/data-engineering-practice/ETL_Airflow_DBT/airflow/airflow_env/lib/python3.11/site-packages/airflow/example_dags/example_sensors.py for tasks to queue
[2026-04-01T21:48:44.591+0530] {logging_mixin.py:188} INFO - [2026-04-01T21:48:44.590+0530] {dagbag.py:540} INFO - Filling up the DagBag from /Users/aswin/Documents/data-engineering-practice/ETL_Airflow_DBT/airflow/airflow_env/lib/python3.11/site-packages/airflow/example_dags/example_sensors.py
[2026-04-01T21:48:44.598+0530] {processor.py:840} INFO - DAG(s) 'example_sensors' retrieved from /Users/aswin/Documents/data-engineering-practice/ETL_Airflow_DBT/airflow/airflow_env/lib/python3.11/site-packages/airflow/example_dags/example_sensors.py
[2026-04-01T21:48:44.656+0530] {logging_mixin.py:188} INFO - [2026-04-01T21:48:44.656+0530] {dag.py:3096} INFO - Sync 1 DAGs
[2026-04-01T21:48:44.663+0530] {logging_mixin.py:188} INFO - [2026-04-01T21:48:44.663+0530] {dag.py:3954} INFO - Setting next_dagrun for example_sensors to None, run_after=None
[2026-04-01T21:48:44.672+0530] {processor.py:183} INFO - Processing /Users/aswin/Documents/data-engineering-practice/ETL_Airflow_DBT/airflow/airflow_env/lib/python3.11/site-packages/airflow/example_dags/example_sensors.py took 0.084 seconds
[2026-04-01T21:49:32.089+0530] {processor.py:161} INFO - Started process (PID=8802) to work on /Users/aswin/Documents/data-engineering-practice/ETL_Airflow_DBT/airflow/airflow_env/lib/python3.11/site-packages/airflow/example_dags/example_sensors.py
[2026-04-01T21:49:32.090+0530] {processor.py:830} INFO - Processing file /Users/aswin/Documents/data-engineering-practice/ETL_Airflow_DBT/airflow/airflow_env/lib/python3.11/site-packages/airflow/example_dags/example_sensors.py for tasks to queue
[2026-04-01T21:49:32.090+0530] {logging_mixin.py:188} INFO - [2026-04-01T21:49:32.090+0530] {dagbag.py:540} INFO - Filling up the DagBag from /Users/aswin/Documents/data-engineering-practice/ETL_Airflow_DBT/airflow/airflow_env/lib/python3.11/site-packages/airflow/example_dags/example_sensors.py
[2026-04-01T21:49:32.097+0530] {processor.py:840} INFO - DAG(s) 'example_sensors' retrieved from /Users/aswin/Documents/data-engineering-practice/ETL_Airflow_DBT/airflow/airflow_env/lib/python3.11/site-packages/airflow/example_dags/example_sensors.py
[2026-04-01T21:49:32.155+0530] {logging_mixin.py:188} INFO - [2026-04-01T21:49:32.155+0530] {dag.py:3096} INFO - Sync 1 DAGs
[2026-04-01T21:49:32.162+0530] {logging_mixin.py:188} INFO - [2026-04-01T21:49:32.162+0530] {dag.py:3954} INFO - Setting next_dagrun for example_sensors to None, run_after=None
[2026-04-01T21:49:32.171+0530] {processor.py:183} INFO - Processing /Users/aswin/Documents/data-engineering-practice/ETL_Airflow_DBT/airflow/airflow_env/lib/python3.11/site-packages/airflow/example_dags/example_sensors.py took 0.083 seconds
[2026-04-01T21:50:19.198+0530] {processor.py:161} INFO - Started process (PID=8925) to work on /Users/aswin/Documents/data-engineering-practice/ETL_Airflow_DBT/airflow/airflow_env/lib/python3.11/site-packages/airflow/example_dags/example_sensors.py
[2026-04-01T21:50:19.199+0530] {processor.py:830} INFO - Processing file /Users/aswin/Documents/data-engineering-practice/ETL_Airflow_DBT/airflow/airflow_env/lib/python3.11/site-packages/airflow/example_dags/example_sensors.py for tasks to queue
[2026-04-01T21:50:19.199+0530] {logging_mixin.py:188} INFO - [2026-04-01T21:50:19.199+0530] {dagbag.py:540} INFO - Filling up the DagBag from /Users/aswin/Documents/data-engineering-practice/ETL_Airflow_DBT/airflow/airflow_env/lib/python3.11/site-packages/airflow/example_dags/example_sensors.py
[2026-04-01T21:50:19.208+0530] {processor.py:840} INFO - DAG(s) 'example_sensors' retrieved from /Users/aswin/Documents/data-engineering-practice/ETL_Airflow_DBT/airflow/airflow_env/lib/python3.11/site-packages/airflow/example_dags/example_sensors.py
[2026-04-01T21:50:19.274+0530] {logging_mixin.py:188} INFO - [2026-04-01T21:50:19.274+0530] {dag.py:3096} INFO - Sync 1 DAGs
[2026-04-01T21:50:19.280+0530] {logging_mixin.py:188} INFO - [2026-04-01T21:50:19.280+0530] {dag.py:3954} INFO - Setting next_dagrun for example_sensors to None, run_after=None
[2026-04-01T21:50:19.290+0530] {processor.py:183} INFO - Processing /Users/aswin/Documents/data-engineering-practice/ETL_Airflow_DBT/airflow/airflow_env/lib/python3.11/site-packages/airflow/example_dags/example_sensors.py took 0.093 seconds
[2026-04-01T21:51:04.847+0530] {processor.py:161} INFO - Started process (PID=9046) to work on /Users/aswin/Documents/data-engineering-practice/ETL_Airflow_DBT/airflow/airflow_env/lib/python3.11/site-packages/airflow/example_dags/example_sensors.py
[2026-04-01T21:51:04.848+0530] {processor.py:830} INFO - Processing file /Users/aswin/Documents/data-engineering-practice/ETL_Airflow_DBT/airflow/airflow_env/lib/python3.11/site-packages/airflow/example_dags/example_sensors.py for tasks to queue
[2026-04-01T21:51:04.848+0530] {logging_mixin.py:188} INFO - [2026-04-01T21:51:04.848+0530] {dagbag.py:540} INFO - Filling up the DagBag from /Users/aswin/Documents/data-engineering-practice/ETL_Airflow_DBT/airflow/airflow_env/lib/python3.11/site-packages/airflow/example_dags/example_sensors.py
[2026-04-01T21:51:04.857+0530] {processor.py:840} INFO - DAG(s) 'example_sensors' retrieved from /Users/aswin/Documents/data-engineering-practice/ETL_Airflow_DBT/airflow/airflow_env/lib/python3.11/site-packages/airflow/example_dags/example_sensors.py
[2026-04-01T21:51:04.924+0530] {logging_mixin.py:188} INFO - [2026-04-01T21:51:04.924+0530] {dag.py:3096} INFO - Sync 1 DAGs
[2026-04-01T21:51:04.930+0530] {logging_mixin.py:188} INFO - [2026-04-01T21:51:04.929+0530] {dag.py:3954} INFO - Setting next_dagrun for example_sensors to None, run_after=None
[2026-04-01T21:51:04.938+0530] {processor.py:183} INFO - Processing /Users/aswin/Documents/data-engineering-practice/ETL_Airflow_DBT/airflow/airflow_env/lib/python3.11/site-packages/airflow/example_dags/example_sensors.py took 0.093 seconds
[2026-04-01T21:51:39.692+0530] {processor.py:161} INFO - Started process (PID=9158) to work on /Users/aswin/Documents/data-engineering-practice/ETL_Airflow_DBT/airflow/airflow_env/lib/python3.11/site-packages/airflow/example_dags/example_sensors.py
[2026-04-01T21:51:39.694+0530] {processor.py:830} INFO - Processing file /Users/aswin/Documents/data-engineering-practice/ETL_Airflow_DBT/airflow/airflow_env/lib/python3.11/site-packages/airflow/example_dags/example_sensors.py for tasks to queue
[2026-04-01T21:51:39.695+0530] {logging_mixin.py:188} INFO - [2026-04-01T21:51:39.695+0530] {dagbag.py:540} INFO - Filling up the DagBag from /Users/aswin/Documents/data-engineering-practice/ETL_Airflow_DBT/airflow/airflow_env/lib/python3.11/site-packages/airflow/example_dags/example_sensors.py
[2026-04-01T21:51:39.710+0530] {processor.py:840} INFO - DAG(s) 'example_sensors' retrieved from /Users/aswin/Documents/data-engineering-practice/ETL_Airflow_DBT/airflow/airflow_env/lib/python3.11/site-packages/airflow/example_dags/example_sensors.py
[2026-04-01T21:51:39.844+0530] {logging_mixin.py:188} INFO - [2026-04-01T21:51:39.844+0530] {dag.py:3096} INFO - Sync 1 DAGs
[2026-04-01T21:51:39.865+0530] {logging_mixin.py:188} INFO - [2026-04-01T21:51:39.864+0530] {dag.py:3954} INFO - Setting next_dagrun for example_sensors to None, run_after=None
[2026-04-01T21:51:39.892+0530] {processor.py:183} INFO - Processing /Users/aswin/Documents/data-engineering-practice/ETL_Airflow_DBT/airflow/airflow_env/lib/python3.11/site-packages/airflow/example_dags/example_sensors.py took 0.202 seconds
[2026-04-01T21:52:16.427+0530] {processor.py:161} INFO - Started process (PID=9274) to work on /Users/aswin/Documents/data-engineering-practice/ETL_Airflow_DBT/airflow/airflow_env/lib/python3.11/site-packages/airflow/example_dags/example_sensors.py
[2026-04-01T21:52:16.429+0530] {processor.py:830} INFO - Processing file /Users/aswin/Documents/data-engineering-practice/ETL_Airflow_DBT/airflow/airflow_env/lib/python3.11/site-packages/airflow/example_dags/example_sensors.py for tasks to queue
[2026-04-01T21:52:16.429+0530] {logging_mixin.py:188} INFO - [2026-04-01T21:52:16.429+0530] {dagbag.py:540} INFO - Filling up the DagBag from /Users/aswin/Documents/data-engineering-practice/ETL_Airflow_DBT/airflow/airflow_env/lib/python3.11/site-packages/airflow/example_dags/example_sensors.py
[2026-04-01T21:52:16.438+0530] {processor.py:840} INFO - DAG(s) 'example_sensors' retrieved from /Users/aswin/Documents/data-engineering-practice/ETL_Airflow_DBT/airflow/airflow_env/lib/python3.11/site-packages/airflow/example_dags/example_sensors.py
[2026-04-01T21:52:16.512+0530] {logging_mixin.py:188} INFO - [2026-04-01T21:52:16.512+0530] {dag.py:3096} INFO - Sync 1 DAGs
[2026-04-01T21:52:16.520+0530] {logging_mixin.py:188} INFO - [2026-04-01T21:52:16.520+0530] {dag.py:3954} INFO - Setting next_dagrun for example_sensors to None, run_after=None
[2026-04-01T21:52:16.532+0530] {processor.py:183} INFO - Processing /Users/aswin/Documents/data-engineering-practice/ETL_Airflow_DBT/airflow/airflow_env/lib/python3.11/site-packages/airflow/example_dags/example_sensors.py took 0.106 seconds
[2026-04-01T21:52:58.815+0530] {processor.py:161} INFO - Started process (PID=9392) to work on /Users/aswin/Documents/data-engineering-practice/ETL_Airflow_DBT/airflow/airflow_env/lib/python3.11/site-packages/airflow/example_dags/example_sensors.py
[2026-04-01T21:52:58.816+0530] {processor.py:830} INFO - Processing file /Users/aswin/Documents/data-engineering-practice/ETL_Airflow_DBT/airflow/airflow_env/lib/python3.11/site-packages/airflow/example_dags/example_sensors.py for tasks to queue
[2026-04-01T21:52:58.816+0530] {logging_mixin.py:188} INFO - [2026-04-01T21:52:58.816+0530] {dagbag.py:540} INFO - Filling up the DagBag from /Users/aswin/Documents/data-engineering-practice/ETL_Airflow_DBT/airflow/airflow_env/lib/python3.11/site-packages/airflow/example_dags/example_sensors.py
[2026-04-01T21:52:58.824+0530] {processor.py:840} INFO - DAG(s) 'example_sensors' retrieved from /Users/aswin/Documents/data-engineering-practice/ETL_Airflow_DBT/airflow/airflow_env/lib/python3.11/site-packages/airflow/example_dags/example_sensors.py
[2026-04-01T21:52:58.899+0530] {logging_mixin.py:188} INFO - [2026-04-01T21:52:58.898+0530] {dag.py:3096} INFO - Sync 1 DAGs
[2026-04-01T21:52:58.912+0530] {logging_mixin.py:188} INFO - [2026-04-01T21:52:58.912+0530] {dag.py:3954} INFO - Setting next_dagrun for example_sensors to None, run_after=None
[2026-04-01T21:52:58.939+0530] {processor.py:183} INFO - Processing /Users/aswin/Documents/data-engineering-practice/ETL_Airflow_DBT/airflow/airflow_env/lib/python3.11/site-packages/airflow/example_dags/example_sensors.py took 0.125 seconds
[2026-04-01T21:53:47.078+0530] {processor.py:161} INFO - Started process (PID=9512) to work on /Users/aswin/Documents/data-engineering-practice/ETL_Airflow_DBT/airflow/airflow_env/lib/python3.11/site-packages/airflow/example_dags/example_sensors.py
[2026-04-01T21:53:47.079+0530] {processor.py:830} INFO - Processing file /Users/aswin/Documents/data-engineering-practice/ETL_Airflow_DBT/airflow/airflow_env/lib/python3.11/site-packages/airflow/example_dags/example_sensors.py for tasks to queue
[2026-04-01T21:53:47.079+0530] {logging_mixin.py:188} INFO - [2026-04-01T21:53:47.079+0530] {dagbag.py:540} INFO - Filling up the DagBag from /Users/aswin/Documents/data-engineering-practice/ETL_Airflow_DBT/airflow/airflow_env/lib/python3.11/site-packages/airflow/example_dags/example_sensors.py
[2026-04-01T21:53:47.088+0530] {processor.py:840} INFO - DAG(s) 'example_sensors' retrieved from /Users/aswin/Documents/data-engineering-practice/ETL_Airflow_DBT/airflow/airflow_env/lib/python3.11/site-packages/airflow/example_dags/example_sensors.py
[2026-04-01T21:53:47.156+0530] {logging_mixin.py:188} INFO - [2026-04-01T21:53:47.156+0530] {dag.py:3096} INFO - Sync 1 DAGs
[2026-04-01T21:53:47.162+0530] {logging_mixin.py:188} INFO - [2026-04-01T21:53:47.162+0530] {dag.py:3954} INFO - Setting next_dagrun for example_sensors to None, run_after=None
[2026-04-01T21:53:47.171+0530] {processor.py:183} INFO - Processing /Users/aswin/Documents/data-engineering-practice/ETL_Airflow_DBT/airflow/airflow_env/lib/python3.11/site-packages/airflow/example_dags/example_sensors.py took 0.094 seconds
[2026-04-01T21:54:33.269+0530] {processor.py:161} INFO - Started process (PID=9630) to work on /Users/aswin/Documents/data-engineering-practice/ETL_Airflow_DBT/airflow/airflow_env/lib/python3.11/site-packages/airflow/example_dags/example_sensors.py
[2026-04-01T21:54:33.270+0530] {processor.py:830} INFO - Processing file /Users/aswin/Documents/data-engineering-practice/ETL_Airflow_DBT/airflow/airflow_env/lib/python3.11/site-packages/airflow/example_dags/example_sensors.py for tasks to queue
[2026-04-01T21:54:33.270+0530] {logging_mixin.py:188} INFO - [2026-04-01T21:54:33.270+0530] {dagbag.py:540} INFO - Filling up the DagBag from /Users/aswin/Documents/data-engineering-practice/ETL_Airflow_DBT/airflow/airflow_env/lib/python3.11/site-packages/airflow/example_dags/example_sensors.py
[2026-04-01T21:54:33.278+0530] {processor.py:840} INFO - DAG(s) 'example_sensors' retrieved from /Users/aswin/Documents/data-engineering-practice/ETL_Airflow_DBT/airflow/airflow_env/lib/python3.11/site-packages/airflow/example_dags/example_sensors.py
[2026-04-01T21:54:33.363+0530] {logging_mixin.py:188} INFO - [2026-04-01T21:54:33.363+0530] {dag.py:3096} INFO - Sync 1 DAGs
[2026-04-01T21:54:33.371+0530] {logging_mixin.py:188} INFO - [2026-04-01T21:54:33.371+0530] {dag.py:3954} INFO - Setting next_dagrun for example_sensors to None, run_after=None
[2026-04-01T21:54:33.381+0530] {processor.py:183} INFO - Processing /Users/aswin/Documents/data-engineering-practice/ETL_Airflow_DBT/airflow/airflow_env/lib/python3.11/site-packages/airflow/example_dags/example_sensors.py took 0.113 seconds
[2026-04-01T21:55:32.019+0530] {processor.py:161} INFO - Started process (PID=9770) to work on /Users/aswin/Documents/data-engineering-practice/ETL_Airflow_DBT/airflow/airflow_env/lib/python3.11/site-packages/airflow/example_dags/example_sensors.py
[2026-04-01T21:55:32.020+0530] {processor.py:830} INFO - Processing file /Users/aswin/Documents/data-engineering-practice/ETL_Airflow_DBT/airflow/airflow_env/lib/python3.11/site-packages/airflow/example_dags/example_sensors.py for tasks to queue
[2026-04-01T21:55:32.020+0530] {logging_mixin.py:188} INFO - [2026-04-01T21:55:32.020+0530] {dagbag.py:540} INFO - Filling up the DagBag from /Users/aswin/Documents/data-engineering-practice/ETL_Airflow_DBT/airflow/airflow_env/lib/python3.11/site-packages/airflow/example_dags/example_sensors.py
[2026-04-01T21:55:32.027+0530] {processor.py:840} INFO - DAG(s) 'example_sensors' retrieved from /Users/aswin/Documents/data-engineering-practice/ETL_Airflow_DBT/airflow/airflow_env/lib/python3.11/site-packages/airflow/example_dags/example_sensors.py
[2026-04-01T21:55:32.086+0530] {logging_mixin.py:188} INFO - [2026-04-01T21:55:32.086+0530] {dag.py:3096} INFO - Sync 1 DAGs
[2026-04-01T21:55:32.093+0530] {logging_mixin.py:188} INFO - [2026-04-01T21:55:32.093+0530] {dag.py:3954} INFO - Setting next_dagrun for example_sensors to None, run_after=None
[2026-04-01T21:55:32.102+0530] {processor.py:183} INFO - Processing /Users/aswin/Documents/data-engineering-practice/ETL_Airflow_DBT/airflow/airflow_env/lib/python3.11/site-packages/airflow/example_dags/example_sensors.py took 0.084 seconds
[2026-04-01T21:56:21.804+0530] {processor.py:161} INFO - Started process (PID=9899) to work on /Users/aswin/Documents/data-engineering-practice/ETL_Airflow_DBT/airflow/airflow_env/lib/python3.11/site-packages/airflow/example_dags/example_sensors.py
[2026-04-01T21:56:21.805+0530] {processor.py:830} INFO - Processing file /Users/aswin/Documents/data-engineering-practice/ETL_Airflow_DBT/airflow/airflow_env/lib/python3.11/site-packages/airflow/example_dags/example_sensors.py for tasks to queue
[2026-04-01T21:56:21.805+0530] {logging_mixin.py:188} INFO - [2026-04-01T21:56:21.805+0530] {dagbag.py:540} INFO - Filling up the DagBag from /Users/aswin/Documents/data-engineering-practice/ETL_Airflow_DBT/airflow/airflow_env/lib/python3.11/site-packages/airflow/example_dags/example_sensors.py
[2026-04-01T21:56:21.814+0530] {processor.py:840} INFO - DAG(s) 'example_sensors' retrieved from /Users/aswin/Documents/data-engineering-practice/ETL_Airflow_DBT/airflow/airflow_env/lib/python3.11/site-packages/airflow/example_dags/example_sensors.py
[2026-04-01T21:56:21.885+0530] {logging_mixin.py:188} INFO - [2026-04-01T21:56:21.884+0530] {dag.py:3096} INFO - Sync 1 DAGs
[2026-04-01T21:56:21.893+0530] {logging_mixin.py:188} INFO - [2026-04-01T21:56:21.892+0530] {dag.py:3954} INFO - Setting next_dagrun for example_sensors to None, run_after=None
[2026-04-01T21:56:21.904+0530] {processor.py:183} INFO - Processing /Users/aswin/Documents/data-engineering-practice/ETL_Airflow_DBT/airflow/airflow_env/lib/python3.11/site-packages/airflow/example_dags/example_sensors.py took 0.101 seconds
[2026-04-01T21:57:00.662+0530] {processor.py:161} INFO - Started process (PID=10014) to work on /Users/aswin/Documents/data-engineering-practice/ETL_Airflow_DBT/airflow/airflow_env/lib/python3.11/site-packages/airflow/example_dags/example_sensors.py
[2026-04-01T21:57:00.664+0530] {processor.py:830} INFO - Processing file /Users/aswin/Documents/data-engineering-practice/ETL_Airflow_DBT/airflow/airflow_env/lib/python3.11/site-packages/airflow/example_dags/example_sensors.py for tasks to queue
[2026-04-01T21:57:00.665+0530] {logging_mixin.py:188} INFO - [2026-04-01T21:57:00.665+0530] {dagbag.py:540} INFO - Filling up the DagBag from /Users/aswin/Documents/data-engineering-practice/ETL_Airflow_DBT/airflow/airflow_env/lib/python3.11/site-packages/airflow/example_dags/example_sensors.py
[2026-04-01T21:57:00.673+0530] {processor.py:840} INFO - DAG(s) 'example_sensors' retrieved from /Users/aswin/Documents/data-engineering-practice/ETL_Airflow_DBT/airflow/airflow_env/lib/python3.11/site-packages/airflow/example_dags/example_sensors.py
[2026-04-01T21:57:00.742+0530] {logging_mixin.py:188} INFO - [2026-04-01T21:57:00.742+0530] {dag.py:3096} INFO - Sync 1 DAGs
[2026-04-01T21:57:00.750+0530] {logging_mixin.py:188} INFO - [2026-04-01T21:57:00.749+0530] {dag.py:3954} INFO - Setting next_dagrun for example_sensors to None, run_after=None
[2026-04-01T21:57:00.762+0530] {processor.py:183} INFO - Processing /Users/aswin/Documents/data-engineering-practice/ETL_Airflow_DBT/airflow/airflow_env/lib/python3.11/site-packages/airflow/example_dags/example_sensors.py took 0.101 seconds
[2026-04-01T21:57:51.568+0530] {processor.py:161} INFO - Started process (PID=10133) to work on /Users/aswin/Documents/data-engineering-practice/ETL_Airflow_DBT/airflow/airflow_env/lib/python3.11/site-packages/airflow/example_dags/example_sensors.py
[2026-04-01T21:57:51.569+0530] {processor.py:830} INFO - Processing file /Users/aswin/Documents/data-engineering-practice/ETL_Airflow_DBT/airflow/airflow_env/lib/python3.11/site-packages/airflow/example_dags/example_sensors.py for tasks to queue
[2026-04-01T21:57:51.569+0530] {logging_mixin.py:188} INFO - [2026-04-01T21:57:51.569+0530] {dagbag.py:540} INFO - Filling up the DagBag from /Users/aswin/Documents/data-engineering-practice/ETL_Airflow_DBT/airflow/airflow_env/lib/python3.11/site-packages/airflow/example_dags/example_sensors.py
[2026-04-01T21:57:51.578+0530] {processor.py:840} INFO - DAG(s) 'example_sensors' retrieved from /Users/aswin/Documents/data-engineering-practice/ETL_Airflow_DBT/airflow/airflow_env/lib/python3.11/site-packages/airflow/example_dags/example_sensors.py
[2026-04-01T21:57:51.656+0530] {logging_mixin.py:188} INFO - [2026-04-01T21:57:51.656+0530] {dag.py:3096} INFO - Sync 1 DAGs
[2026-04-01T21:57:51.661+0530] {logging_mixin.py:188} INFO - [2026-04-01T21:57:51.661+0530] {dag.py:3954} INFO - Setting next_dagrun for example_sensors to None, run_after=None
[2026-04-01T21:57:51.670+0530] {processor.py:183} INFO - Processing /Users/aswin/Documents/data-engineering-practice/ETL_Airflow_DBT/airflow/airflow_env/lib/python3.11/site-packages/airflow/example_dags/example_sensors.py took 0.104 seconds
[2026-04-01T21:58:23.029+0530] {processor.py:161} INFO - Started process (PID=10250) to work on /Users/aswin/Documents/data-engineering-practice/ETL_Airflow_DBT/airflow/airflow_env/lib/python3.11/site-packages/airflow/example_dags/example_sensors.py
[2026-04-01T21:58:23.030+0530] {processor.py:830} INFO - Processing file /Users/aswin/Documents/data-engineering-practice/ETL_Airflow_DBT/airflow/airflow_env/lib/python3.11/site-packages/airflow/example_dags/example_sensors.py for tasks to queue
[2026-04-01T21:58:23.030+0530] {logging_mixin.py:188} INFO - [2026-04-01T21:58:23.030+0530] {dagbag.py:540} INFO - Filling up the DagBag from /Users/aswin/Documents/data-engineering-practice/ETL_Airflow_DBT/airflow/airflow_env/lib/python3.11/site-packages/airflow/example_dags/example_sensors.py
[2026-04-01T21:58:23.037+0530] {processor.py:840} INFO - DAG(s) 'example_sensors' retrieved from /Users/aswin/Documents/data-engineering-practice/ETL_Airflow_DBT/airflow/airflow_env/lib/python3.11/site-packages/airflow/example_dags/example_sensors.py
[2026-04-01T21:58:23.098+0530] {logging_mixin.py:188} INFO - [2026-04-01T21:58:23.097+0530] {dag.py:3096} INFO - Sync 1 DAGs
[2026-04-01T21:58:23.104+0530] {logging_mixin.py:188} INFO - [2026-04-01T21:58:23.104+0530] {dag.py:3954} INFO - Setting next_dagrun for example_sensors to None, run_after=None
[2026-04-01T21:58:23.113+0530] {processor.py:183} INFO - Processing /Users/aswin/Documents/data-engineering-practice/ETL_Airflow_DBT/airflow/airflow_env/lib/python3.11/site-packages/airflow/example_dags/example_sensors.py took 0.085 seconds
[2026-04-01T21:59:00.392+0530] {processor.py:161} INFO - Started process (PID=10372) to work on /Users/aswin/Documents/data-engineering-practice/ETL_Airflow_DBT/airflow/airflow_env/lib/python3.11/site-packages/airflow/example_dags/example_sensors.py
[2026-04-01T21:59:00.393+0530] {processor.py:830} INFO - Processing file /Users/aswin/Documents/data-engineering-practice/ETL_Airflow_DBT/airflow/airflow_env/lib/python3.11/site-packages/airflow/example_dags/example_sensors.py for tasks to queue
[2026-04-01T21:59:00.394+0530] {logging_mixin.py:188} INFO - [2026-04-01T21:59:00.393+0530] {dagbag.py:540} INFO - Filling up the DagBag from /Users/aswin/Documents/data-engineering-practice/ETL_Airflow_DBT/airflow/airflow_env/lib/python3.11/site-packages/airflow/example_dags/example_sensors.py
[2026-04-01T21:59:00.402+0530] {processor.py:840} INFO - DAG(s) 'example_sensors' retrieved from /Users/aswin/Documents/data-engineering-practice/ETL_Airflow_DBT/airflow/airflow_env/lib/python3.11/site-packages/airflow/example_dags/example_sensors.py
[2026-04-01T21:59:00.471+0530] {logging_mixin.py:188} INFO - [2026-04-01T21:59:00.471+0530] {dag.py:3096} INFO - Sync 1 DAGs
[2026-04-01T21:59:00.482+0530] {logging_mixin.py:188} INFO - [2026-04-01T21:59:00.482+0530] {dag.py:3954} INFO - Setting next_dagrun for example_sensors to None, run_after=None
[2026-04-01T21:59:00.490+0530] {processor.py:183} INFO - Processing /Users/aswin/Documents/data-engineering-practice/ETL_Airflow_DBT/airflow/airflow_env/lib/python3.11/site-packages/airflow/example_dags/example_sensors.py took 0.099 seconds
[2026-04-01T21:59:38.726+0530] {processor.py:161} INFO - Started process (PID=10491) to work on /Users/aswin/Documents/data-engineering-practice/ETL_Airflow_DBT/airflow/airflow_env/lib/python3.11/site-packages/airflow/example_dags/example_sensors.py
[2026-04-01T21:59:38.727+0530] {processor.py:830} INFO - Processing file /Users/aswin/Documents/data-engineering-practice/ETL_Airflow_DBT/airflow/airflow_env/lib/python3.11/site-packages/airflow/example_dags/example_sensors.py for tasks to queue
[2026-04-01T21:59:38.727+0530] {logging_mixin.py:188} INFO - [2026-04-01T21:59:38.727+0530] {dagbag.py:540} INFO - Filling up the DagBag from /Users/aswin/Documents/data-engineering-practice/ETL_Airflow_DBT/airflow/airflow_env/lib/python3.11/site-packages/airflow/example_dags/example_sensors.py
[2026-04-01T21:59:38.734+0530] {processor.py:840} INFO - DAG(s) 'example_sensors' retrieved from /Users/aswin/Documents/data-engineering-practice/ETL_Airflow_DBT/airflow/airflow_env/lib/python3.11/site-packages/airflow/example_dags/example_sensors.py
[2026-04-01T21:59:38.790+0530] {logging_mixin.py:188} INFO - [2026-04-01T21:59:38.790+0530] {dag.py:3096} INFO - Sync 1 DAGs
[2026-04-01T21:59:38.796+0530] {logging_mixin.py:188} INFO - [2026-04-01T21:59:38.796+0530] {dag.py:3954} INFO - Setting next_dagrun for example_sensors to None, run_after=None
[2026-04-01T21:59:38.806+0530] {processor.py:183} INFO - Processing /Users/aswin/Documents/data-engineering-practice/ETL_Airflow_DBT/airflow/airflow_env/lib/python3.11/site-packages/airflow/example_dags/example_sensors.py took 0.081 seconds
[2026-04-01T22:00:24.378+0530] {processor.py:161} INFO - Started process (PID=10613) to work on /Users/aswin/Documents/data-engineering-practice/ETL_Airflow_DBT/airflow/airflow_env/lib/python3.11/site-packages/airflow/example_dags/example_sensors.py
[2026-04-01T22:00:24.378+0530] {processor.py:830} INFO - Processing file /Users/aswin/Documents/data-engineering-practice/ETL_Airflow_DBT/airflow/airflow_env/lib/python3.11/site-packages/airflow/example_dags/example_sensors.py for tasks to queue
[2026-04-01T22:00:24.379+0530] {logging_mixin.py:188} INFO - [2026-04-01T22:00:24.379+0530] {dagbag.py:540} INFO - Filling up the DagBag from /Users/aswin/Documents/data-engineering-practice/ETL_Airflow_DBT/airflow/airflow_env/lib/python3.11/site-packages/airflow/example_dags/example_sensors.py
[2026-04-01T22:00:24.386+0530] {processor.py:840} INFO - DAG(s) 'example_sensors' retrieved from /Users/aswin/Documents/data-engineering-practice/ETL_Airflow_DBT/airflow/airflow_env/lib/python3.11/site-packages/airflow/example_dags/example_sensors.py
[2026-04-01T22:00:24.448+0530] {logging_mixin.py:188} INFO - [2026-04-01T22:00:24.448+0530] {dag.py:3096} INFO - Sync 1 DAGs
[2026-04-01T22:00:24.454+0530] {logging_mixin.py:188} INFO - [2026-04-01T22:00:24.453+0530] {dag.py:3954} INFO - Setting next_dagrun for example_sensors to None, run_after=None
[2026-04-01T22:00:24.462+0530] {processor.py:183} INFO - Processing /Users/aswin/Documents/data-engineering-practice/ETL_Airflow_DBT/airflow/airflow_env/lib/python3.11/site-packages/airflow/example_dags/example_sensors.py took 0.086 seconds
[2026-04-01T22:00:57.241+0530] {processor.py:161} INFO - Started process (PID=10738) to work on /Users/aswin/Documents/data-engineering-practice/ETL_Airflow_DBT/airflow/airflow_env/lib/python3.11/site-packages/airflow/example_dags/example_sensors.py
[2026-04-01T22:00:57.243+0530] {processor.py:830} INFO - Processing file /Users/aswin/Documents/data-engineering-practice/ETL_Airflow_DBT/airflow/airflow_env/lib/python3.11/site-packages/airflow/example_dags/example_sensors.py for tasks to queue
[2026-04-01T22:00:57.243+0530] {logging_mixin.py:188} INFO - [2026-04-01T22:00:57.243+0530] {dagbag.py:540} INFO - Filling up the DagBag from /Users/aswin/Documents/data-engineering-practice/ETL_Airflow_DBT/airflow/airflow_env/lib/python3.11/site-packages/airflow/example_dags/example_sensors.py
[2026-04-01T22:00:57.252+0530] {processor.py:840} INFO - DAG(s) 'example_sensors' retrieved from /Users/aswin/Documents/data-engineering-practice/ETL_Airflow_DBT/airflow/airflow_env/lib/python3.11/site-packages/airflow/example_dags/example_sensors.py
[2026-04-01T22:00:57.324+0530] {logging_mixin.py:188} INFO - [2026-04-01T22:00:57.324+0530] {dag.py:3096} INFO - Sync 1 DAGs
[2026-04-01T22:00:57.332+0530] {logging_mixin.py:188} INFO - [2026-04-01T22:00:57.332+0530] {dag.py:3954} INFO - Setting next_dagrun for example_sensors to None, run_after=None
[2026-04-01T22:00:57.344+0530] {processor.py:183} INFO - Processing /Users/aswin/Documents/data-engineering-practice/ETL_Airflow_DBT/airflow/airflow_env/lib/python3.11/site-packages/airflow/example_dags/example_sensors.py took 0.104 seconds
[2026-04-01T22:01:36.799+0530] {processor.py:161} INFO - Started process (PID=10863) to work on /Users/aswin/Documents/data-engineering-practice/ETL_Airflow_DBT/airflow/airflow_env/lib/python3.11/site-packages/airflow/example_dags/example_sensors.py
[2026-04-01T22:01:36.800+0530] {processor.py:830} INFO - Processing file /Users/aswin/Documents/data-engineering-practice/ETL_Airflow_DBT/airflow/airflow_env/lib/python3.11/site-packages/airflow/example_dags/example_sensors.py for tasks to queue
[2026-04-01T22:01:36.800+0530] {logging_mixin.py:188} INFO - [2026-04-01T22:01:36.800+0530] {dagbag.py:540} INFO - Filling up the DagBag from /Users/aswin/Documents/data-engineering-practice/ETL_Airflow_DBT/airflow/airflow_env/lib/python3.11/site-packages/airflow/example_dags/example_sensors.py
[2026-04-01T22:01:36.809+0530] {processor.py:840} INFO - DAG(s) 'example_sensors' retrieved from /Users/aswin/Documents/data-engineering-practice/ETL_Airflow_DBT/airflow/airflow_env/lib/python3.11/site-packages/airflow/example_dags/example_sensors.py
[2026-04-01T22:01:36.882+0530] {logging_mixin.py:188} INFO - [2026-04-01T22:01:36.881+0530] {dag.py:3096} INFO - Sync 1 DAGs
[2026-04-01T22:01:36.889+0530] {logging_mixin.py:188} INFO - [2026-04-01T22:01:36.889+0530] {dag.py:3954} INFO - Setting next_dagrun for example_sensors to None, run_after=None
[2026-04-01T22:01:36.901+0530] {processor.py:183} INFO - Processing /Users/aswin/Documents/data-engineering-practice/ETL_Airflow_DBT/airflow/airflow_env/lib/python3.11/site-packages/airflow/example_dags/example_sensors.py took 0.103 seconds
[2026-04-01T22:02:20.789+0530] {processor.py:161} INFO - Started process (PID=10988) to work on /Users/aswin/Documents/data-engineering-practice/ETL_Airflow_DBT/airflow/airflow_env/lib/python3.11/site-packages/airflow/example_dags/example_sensors.py
[2026-04-01T22:02:20.790+0530] {processor.py:830} INFO - Processing file /Users/aswin/Documents/data-engineering-practice/ETL_Airflow_DBT/airflow/airflow_env/lib/python3.11/site-packages/airflow/example_dags/example_sensors.py for tasks to queue
[2026-04-01T22:02:20.790+0530] {logging_mixin.py:188} INFO - [2026-04-01T22:02:20.790+0530] {dagbag.py:540} INFO - Filling up the DagBag from /Users/aswin/Documents/data-engineering-practice/ETL_Airflow_DBT/airflow/airflow_env/lib/python3.11/site-packages/airflow/example_dags/example_sensors.py
[2026-04-01T22:02:20.799+0530] {processor.py:840} INFO - DAG(s) 'example_sensors' retrieved from /Users/aswin/Documents/data-engineering-practice/ETL_Airflow_DBT/airflow/airflow_env/lib/python3.11/site-packages/airflow/example_dags/example_sensors.py
[2026-04-01T22:02:20.865+0530] {logging_mixin.py:188} INFO - [2026-04-01T22:02:20.865+0530] {dag.py:3096} INFO - Sync 1 DAGs
[2026-04-01T22:02:20.870+0530] {logging_mixin.py:188} INFO - [2026-04-01T22:02:20.870+0530] {dag.py:3954} INFO - Setting next_dagrun for example_sensors to None, run_after=None
[2026-04-01T22:02:20.882+0530] {processor.py:183} INFO - Processing /Users/aswin/Documents/data-engineering-practice/ETL_Airflow_DBT/airflow/airflow_env/lib/python3.11/site-packages/airflow/example_dags/example_sensors.py took 0.094 seconds
[2026-04-01T22:03:02.092+0530] {processor.py:161} INFO - Started process (PID=11117) to work on /Users/aswin/Documents/data-engineering-practice/ETL_Airflow_DBT/airflow/airflow_env/lib/python3.11/site-packages/airflow/example_dags/example_sensors.py
[2026-04-01T22:03:02.093+0530] {processor.py:830} INFO - Processing file /Users/aswin/Documents/data-engineering-practice/ETL_Airflow_DBT/airflow/airflow_env/lib/python3.11/site-packages/airflow/example_dags/example_sensors.py for tasks to queue
[2026-04-01T22:03:02.093+0530] {logging_mixin.py:188} INFO - [2026-04-01T22:03:02.093+0530] {dagbag.py:540} INFO - Filling up the DagBag from /Users/aswin/Documents/data-engineering-practice/ETL_Airflow_DBT/airflow/airflow_env/lib/python3.11/site-packages/airflow/example_dags/example_sensors.py
[2026-04-01T22:03:02.102+0530] {processor.py:840} INFO - DAG(s) 'example_sensors' retrieved from /Users/aswin/Documents/data-engineering-practice/ETL_Airflow_DBT/airflow/airflow_env/lib/python3.11/site-packages/airflow/example_dags/example_sensors.py
[2026-04-01T22:03:02.172+0530] {logging_mixin.py:188} INFO - [2026-04-01T22:03:02.172+0530] {dag.py:3096} INFO - Sync 1 DAGs
[2026-04-01T22:03:02.178+0530] {logging_mixin.py:188} INFO - [2026-04-01T22:03:02.178+0530] {dag.py:3954} INFO - Setting next_dagrun for example_sensors to None, run_after=None
[2026-04-01T22:03:02.189+0530] {processor.py:183} INFO - Processing /Users/aswin/Documents/data-engineering-practice/ETL_Airflow_DBT/airflow/airflow_env/lib/python3.11/site-packages/airflow/example_dags/example_sensors.py took 0.098 seconds
[2026-04-01T22:03:48.788+0530] {processor.py:161} INFO - Started process (PID=11245) to work on /Users/aswin/Documents/data-engineering-practice/ETL_Airflow_DBT/airflow/airflow_env/lib/python3.11/site-packages/airflow/example_dags/example_sensors.py
[2026-04-01T22:03:48.789+0530] {processor.py:830} INFO - Processing file /Users/aswin/Documents/data-engineering-practice/ETL_Airflow_DBT/airflow/airflow_env/lib/python3.11/site-packages/airflow/example_dags/example_sensors.py for tasks to queue
[2026-04-01T22:03:48.789+0530] {logging_mixin.py:188} INFO - [2026-04-01T22:03:48.789+0530] {dagbag.py:540} INFO - Filling up the DagBag from /Users/aswin/Documents/data-engineering-practice/ETL_Airflow_DBT/airflow/airflow_env/lib/python3.11/site-packages/airflow/example_dags/example_sensors.py
[2026-04-01T22:03:48.802+0530] {processor.py:840} INFO - DAG(s) 'example_sensors' retrieved from /Users/aswin/Documents/data-engineering-practice/ETL_Airflow_DBT/airflow/airflow_env/lib/python3.11/site-packages/airflow/example_dags/example_sensors.py
[2026-04-01T22:03:48.972+0530] {logging_mixin.py:188} INFO - [2026-04-01T22:03:48.971+0530] {dag.py:3096} INFO - Sync 1 DAGs
[2026-04-01T22:03:48.988+0530] {logging_mixin.py:188} INFO - [2026-04-01T22:03:48.988+0530] {dag.py:3954} INFO - Setting next_dagrun for example_sensors to None, run_after=None
[2026-04-01T22:03:49.013+0530] {processor.py:183} INFO - Processing /Users/aswin/Documents/data-engineering-practice/ETL_Airflow_DBT/airflow/airflow_env/lib/python3.11/site-packages/airflow/example_dags/example_sensors.py took 0.227 seconds
[2026-04-01T22:04:30.255+0530] {processor.py:161} INFO - Started process (PID=11372) to work on /Users/aswin/Documents/data-engineering-practice/ETL_Airflow_DBT/airflow/airflow_env/lib/python3.11/site-packages/airflow/example_dags/example_sensors.py
[2026-04-01T22:04:30.257+0530] {processor.py:830} INFO - Processing file /Users/aswin/Documents/data-engineering-practice/ETL_Airflow_DBT/airflow/airflow_env/lib/python3.11/site-packages/airflow/example_dags/example_sensors.py for tasks to queue
[2026-04-01T22:04:30.259+0530] {logging_mixin.py:188} INFO - [2026-04-01T22:04:30.258+0530] {dagbag.py:540} INFO - Filling up the DagBag from /Users/aswin/Documents/data-engineering-practice/ETL_Airflow_DBT/airflow/airflow_env/lib/python3.11/site-packages/airflow/example_dags/example_sensors.py
[2026-04-01T22:04:30.286+0530] {processor.py:840} INFO - DAG(s) 'example_sensors' retrieved from /Users/aswin/Documents/data-engineering-practice/ETL_Airflow_DBT/airflow/airflow_env/lib/python3.11/site-packages/airflow/example_dags/example_sensors.py
[2026-04-01T22:04:30.560+0530] {logging_mixin.py:188} INFO - [2026-04-01T22:04:30.560+0530] {dag.py:3096} INFO - Sync 1 DAGs
[2026-04-01T22:04:30.578+0530] {logging_mixin.py:188} INFO - [2026-04-01T22:04:30.578+0530] {dag.py:3954} INFO - Setting next_dagrun for example_sensors to None, run_after=None
[2026-04-01T22:04:30.610+0530] {processor.py:183} INFO - Processing /Users/aswin/Documents/data-engineering-practice/ETL_Airflow_DBT/airflow/airflow_env/lib/python3.11/site-packages/airflow/example_dags/example_sensors.py took 0.360 seconds
[2026-04-01T22:05:12.612+0530] {processor.py:161} INFO - Started process (PID=11491) to work on /Users/aswin/Documents/data-engineering-practice/ETL_Airflow_DBT/airflow/airflow_env/lib/python3.11/site-packages/airflow/example_dags/example_sensors.py
[2026-04-01T22:05:12.613+0530] {processor.py:830} INFO - Processing file /Users/aswin/Documents/data-engineering-practice/ETL_Airflow_DBT/airflow/airflow_env/lib/python3.11/site-packages/airflow/example_dags/example_sensors.py for tasks to queue
[2026-04-01T22:05:12.613+0530] {logging_mixin.py:188} INFO - [2026-04-01T22:05:12.613+0530] {dagbag.py:540} INFO - Filling up the DagBag from /Users/aswin/Documents/data-engineering-practice/ETL_Airflow_DBT/airflow/airflow_env/lib/python3.11/site-packages/airflow/example_dags/example_sensors.py
[2026-04-01T22:05:12.622+0530] {processor.py:840} INFO - DAG(s) 'example_sensors' retrieved from /Users/aswin/Documents/data-engineering-practice/ETL_Airflow_DBT/airflow/airflow_env/lib/python3.11/site-packages/airflow/example_dags/example_sensors.py
[2026-04-01T22:05:12.705+0530] {logging_mixin.py:188} INFO - [2026-04-01T22:05:12.705+0530] {dag.py:3096} INFO - Sync 1 DAGs
[2026-04-01T22:05:12.713+0530] {logging_mixin.py:188} INFO - [2026-04-01T22:05:12.713+0530] {dag.py:3954} INFO - Setting next_dagrun for example_sensors to None, run_after=None
[2026-04-01T22:05:12.726+0530] {processor.py:183} INFO - Processing /Users/aswin/Documents/data-engineering-practice/ETL_Airflow_DBT/airflow/airflow_env/lib/python3.11/site-packages/airflow/example_dags/example_sensors.py took 0.116 seconds
[2026-04-01T22:05:50.960+0530] {processor.py:161} INFO - Started process (PID=11599) to work on /Users/aswin/Documents/data-engineering-practice/ETL_Airflow_DBT/airflow/airflow_env/lib/python3.11/site-packages/airflow/example_dags/example_sensors.py
[2026-04-01T22:05:50.961+0530] {processor.py:830} INFO - Processing file /Users/aswin/Documents/data-engineering-practice/ETL_Airflow_DBT/airflow/airflow_env/lib/python3.11/site-packages/airflow/example_dags/example_sensors.py for tasks to queue
[2026-04-01T22:05:50.961+0530] {logging_mixin.py:188} INFO - [2026-04-01T22:05:50.961+0530] {dagbag.py:540} INFO - Filling up the DagBag from /Users/aswin/Documents/data-engineering-practice/ETL_Airflow_DBT/airflow/airflow_env/lib/python3.11/site-packages/airflow/example_dags/example_sensors.py
[2026-04-01T22:05:50.967+0530] {processor.py:840} INFO - DAG(s) 'example_sensors' retrieved from /Users/aswin/Documents/data-engineering-practice/ETL_Airflow_DBT/airflow/airflow_env/lib/python3.11/site-packages/airflow/example_dags/example_sensors.py
[2026-04-01T22:05:51.027+0530] {logging_mixin.py:188} INFO - [2026-04-01T22:05:51.026+0530] {dag.py:3096} INFO - Sync 1 DAGs
[2026-04-01T22:05:51.033+0530] {logging_mixin.py:188} INFO - [2026-04-01T22:05:51.033+0530] {dag.py:3954} INFO - Setting next_dagrun for example_sensors to None, run_after=None
[2026-04-01T22:05:51.042+0530] {processor.py:183} INFO - Processing /Users/aswin/Documents/data-engineering-practice/ETL_Airflow_DBT/airflow/airflow_env/lib/python3.11/site-packages/airflow/example_dags/example_sensors.py took 0.082 seconds
[2026-04-01T22:06:34.946+0530] {processor.py:161} INFO - Started process (PID=11724) to work on /Users/aswin/Documents/data-engineering-practice/ETL_Airflow_DBT/airflow/airflow_env/lib/python3.11/site-packages/airflow/example_dags/example_sensors.py
[2026-04-01T22:06:34.946+0530] {processor.py:830} INFO - Processing file /Users/aswin/Documents/data-engineering-practice/ETL_Airflow_DBT/airflow/airflow_env/lib/python3.11/site-packages/airflow/example_dags/example_sensors.py for tasks to queue
[2026-04-01T22:06:34.946+0530] {logging_mixin.py:188} INFO - [2026-04-01T22:06:34.946+0530] {dagbag.py:540} INFO - Filling up the DagBag from /Users/aswin/Documents/data-engineering-practice/ETL_Airflow_DBT/airflow/airflow_env/lib/python3.11/site-packages/airflow/example_dags/example_sensors.py
[2026-04-01T22:06:34.954+0530] {processor.py:840} INFO - DAG(s) 'example_sensors' retrieved from /Users/aswin/Documents/data-engineering-practice/ETL_Airflow_DBT/airflow/airflow_env/lib/python3.11/site-packages/airflow/example_dags/example_sensors.py
[2026-04-01T22:06:35.015+0530] {logging_mixin.py:188} INFO - [2026-04-01T22:06:35.015+0530] {dag.py:3096} INFO - Sync 1 DAGs
[2026-04-01T22:06:35.021+0530] {logging_mixin.py:188} INFO - [2026-04-01T22:06:35.021+0530] {dag.py:3954} INFO - Setting next_dagrun for example_sensors to None, run_after=None
[2026-04-01T22:06:35.029+0530] {processor.py:183} INFO - Processing /Users/aswin/Documents/data-engineering-practice/ETL_Airflow_DBT/airflow/airflow_env/lib/python3.11/site-packages/airflow/example_dags/example_sensors.py took 0.084 seconds
[2026-04-01T22:07:23.961+0530] {processor.py:161} INFO - Started process (PID=11845) to work on /Users/aswin/Documents/data-engineering-practice/ETL_Airflow_DBT/airflow/airflow_env/lib/python3.11/site-packages/airflow/example_dags/example_sensors.py
[2026-04-01T22:07:23.962+0530] {processor.py:830} INFO - Processing file /Users/aswin/Documents/data-engineering-practice/ETL_Airflow_DBT/airflow/airflow_env/lib/python3.11/site-packages/airflow/example_dags/example_sensors.py for tasks to queue
[2026-04-01T22:07:23.962+0530] {logging_mixin.py:188} INFO - [2026-04-01T22:07:23.962+0530] {dagbag.py:540} INFO - Filling up the DagBag from /Users/aswin/Documents/data-engineering-practice/ETL_Airflow_DBT/airflow/airflow_env/lib/python3.11/site-packages/airflow/example_dags/example_sensors.py
[2026-04-01T22:07:23.970+0530] {processor.py:840} INFO - DAG(s) 'example_sensors' retrieved from /Users/aswin/Documents/data-engineering-practice/ETL_Airflow_DBT/airflow/airflow_env/lib/python3.11/site-packages/airflow/example_dags/example_sensors.py
[2026-04-01T22:07:24.039+0530] {logging_mixin.py:188} INFO - [2026-04-01T22:07:24.039+0530] {dag.py:3096} INFO - Sync 1 DAGs
[2026-04-01T22:07:24.044+0530] {logging_mixin.py:188} INFO - [2026-04-01T22:07:24.044+0530] {dag.py:3954} INFO - Setting next_dagrun for example_sensors to None, run_after=None
[2026-04-01T22:07:24.058+0530] {processor.py:183} INFO - Processing /Users/aswin/Documents/data-engineering-practice/ETL_Airflow_DBT/airflow/airflow_env/lib/python3.11/site-packages/airflow/example_dags/example_sensors.py took 0.098 seconds
[2026-04-01T22:07:58.138+0530] {processor.py:161} INFO - Started process (PID=11967) to work on /Users/aswin/Documents/data-engineering-practice/ETL_Airflow_DBT/airflow/airflow_env/lib/python3.11/site-packages/airflow/example_dags/example_sensors.py
[2026-04-01T22:07:58.139+0530] {processor.py:830} INFO - Processing file /Users/aswin/Documents/data-engineering-practice/ETL_Airflow_DBT/airflow/airflow_env/lib/python3.11/site-packages/airflow/example_dags/example_sensors.py for tasks to queue
[2026-04-01T22:07:58.139+0530] {logging_mixin.py:188} INFO - [2026-04-01T22:07:58.139+0530] {dagbag.py:540} INFO - Filling up the DagBag from /Users/aswin/Documents/data-engineering-practice/ETL_Airflow_DBT/airflow/airflow_env/lib/python3.11/site-packages/airflow/example_dags/example_sensors.py
[2026-04-01T22:07:58.148+0530] {processor.py:840} INFO - DAG(s) 'example_sensors' retrieved from /Users/aswin/Documents/data-engineering-practice/ETL_Airflow_DBT/airflow/airflow_env/lib/python3.11/site-packages/airflow/example_dags/example_sensors.py
[2026-04-01T22:07:58.206+0530] {logging_mixin.py:188} INFO - [2026-04-01T22:07:58.206+0530] {dag.py:3096} INFO - Sync 1 DAGs
[2026-04-01T22:07:58.213+0530] {logging_mixin.py:188} INFO - [2026-04-01T22:07:58.212+0530] {dag.py:3954} INFO - Setting next_dagrun for example_sensors to None, run_after=None
[2026-04-01T22:07:58.220+0530] {processor.py:183} INFO - Processing /Users/aswin/Documents/data-engineering-practice/ETL_Airflow_DBT/airflow/airflow_env/lib/python3.11/site-packages/airflow/example_dags/example_sensors.py took 0.083 seconds
[2026-04-01T22:23:55.551+0530] {processor.py:161} INFO - Started process (PID=12084) to work on /Users/aswin/Documents/data-engineering-practice/ETL_Airflow_DBT/airflow/airflow_env/lib/python3.11/site-packages/airflow/example_dags/example_sensors.py
[2026-04-01T22:23:55.604+0530] {processor.py:830} INFO - Processing file /Users/aswin/Documents/data-engineering-practice/ETL_Airflow_DBT/airflow/airflow_env/lib/python3.11/site-packages/airflow/example_dags/example_sensors.py for tasks to queue
[2026-04-01T22:23:55.608+0530] {logging_mixin.py:188} INFO - [2026-04-01T22:23:55.607+0530] {dagbag.py:540} INFO - Filling up the DagBag from /Users/aswin/Documents/data-engineering-practice/ETL_Airflow_DBT/airflow/airflow_env/lib/python3.11/site-packages/airflow/example_dags/example_sensors.py
[2026-04-01T22:23:55.620+0530] {processor.py:840} INFO - DAG(s) 'example_sensors' retrieved from /Users/aswin/Documents/data-engineering-practice/ETL_Airflow_DBT/airflow/airflow_env/lib/python3.11/site-packages/airflow/example_dags/example_sensors.py
[2026-04-01T22:23:55.727+0530] {logging_mixin.py:188} INFO - [2026-04-01T22:23:55.727+0530] {dag.py:3096} INFO - Sync 1 DAGs
[2026-04-01T22:23:55.736+0530] {logging_mixin.py:188} INFO - [2026-04-01T22:23:55.735+0530] {dag.py:3954} INFO - Setting next_dagrun for example_sensors to None, run_after=None
[2026-04-01T22:23:55.747+0530] {processor.py:183} INFO - Processing /Users/aswin/Documents/data-engineering-practice/ETL_Airflow_DBT/airflow/airflow_env/lib/python3.11/site-packages/airflow/example_dags/example_sensors.py took 0.198 seconds
[2026-04-01T22:26:05.112+0530] {processor.py:161} INFO - Started process (PID=12250) to work on /Users/aswin/Documents/data-engineering-practice/ETL_Airflow_DBT/airflow/airflow_env/lib/python3.11/site-packages/airflow/example_dags/example_sensors.py
[2026-04-01T22:26:05.114+0530] {processor.py:830} INFO - Processing file /Users/aswin/Documents/data-engineering-practice/ETL_Airflow_DBT/airflow/airflow_env/lib/python3.11/site-packages/airflow/example_dags/example_sensors.py for tasks to queue
[2026-04-01T22:26:05.114+0530] {logging_mixin.py:188} INFO - [2026-04-01T22:26:05.114+0530] {dagbag.py:540} INFO - Filling up the DagBag from /Users/aswin/Documents/data-engineering-practice/ETL_Airflow_DBT/airflow/airflow_env/lib/python3.11/site-packages/airflow/example_dags/example_sensors.py
[2026-04-01T22:26:05.122+0530] {processor.py:840} INFO - DAG(s) 'example_sensors' retrieved from /Users/aswin/Documents/data-engineering-practice/ETL_Airflow_DBT/airflow/airflow_env/lib/python3.11/site-packages/airflow/example_dags/example_sensors.py
[2026-04-01T22:26:05.205+0530] {logging_mixin.py:188} INFO - [2026-04-01T22:26:05.205+0530] {dag.py:3096} INFO - Sync 1 DAGs
[2026-04-01T22:26:05.211+0530] {logging_mixin.py:188} INFO - [2026-04-01T22:26:05.211+0530] {dag.py:3954} INFO - Setting next_dagrun for example_sensors to None, run_after=None
[2026-04-01T22:26:05.221+0530] {processor.py:183} INFO - Processing /Users/aswin/Documents/data-engineering-practice/ETL_Airflow_DBT/airflow/airflow_env/lib/python3.11/site-packages/airflow/example_dags/example_sensors.py took 0.110 seconds
[2026-04-01T22:35:50.499+0530] {processor.py:161} INFO - Started process (PID=12487) to work on /Users/aswin/Documents/data-engineering-practice/ETL_Airflow_DBT/airflow/airflow_env/lib/python3.11/site-packages/airflow/example_dags/example_sensors.py
[2026-04-01T22:35:50.499+0530] {processor.py:830} INFO - Processing file /Users/aswin/Documents/data-engineering-practice/ETL_Airflow_DBT/airflow/airflow_env/lib/python3.11/site-packages/airflow/example_dags/example_sensors.py for tasks to queue
[2026-04-01T22:35:50.500+0530] {logging_mixin.py:188} INFO - [2026-04-01T22:35:50.500+0530] {dagbag.py:540} INFO - Filling up the DagBag from /Users/aswin/Documents/data-engineering-practice/ETL_Airflow_DBT/airflow/airflow_env/lib/python3.11/site-packages/airflow/example_dags/example_sensors.py
[2026-04-01T22:35:50.509+0530] {processor.py:840} INFO - DAG(s) 'example_sensors' retrieved from /Users/aswin/Documents/data-engineering-practice/ETL_Airflow_DBT/airflow/airflow_env/lib/python3.11/site-packages/airflow/example_dags/example_sensors.py
[2026-04-01T22:35:50.594+0530] {logging_mixin.py:188} INFO - [2026-04-01T22:35:50.593+0530] {dag.py:3096} INFO - Sync 1 DAGs
[2026-04-01T22:35:50.648+0530] {logging_mixin.py:188} INFO - [2026-04-01T22:35:50.648+0530] {dag.py:3954} INFO - Setting next_dagrun for example_sensors to None, run_after=None
[2026-04-01T22:35:50.660+0530] {processor.py:183} INFO - Processing /Users/aswin/Documents/data-engineering-practice/ETL_Airflow_DBT/airflow/airflow_env/lib/python3.11/site-packages/airflow/example_dags/example_sensors.py took 0.162 seconds
[2026-04-01T22:36:21.623+0530] {processor.py:161} INFO - Started process (PID=12680) to work on /Users/aswin/Documents/data-engineering-practice/ETL_Airflow_DBT/airflow/airflow_env/lib/python3.11/site-packages/airflow/example_dags/example_sensors.py
[2026-04-01T22:36:21.623+0530] {processor.py:830} INFO - Processing file /Users/aswin/Documents/data-engineering-practice/ETL_Airflow_DBT/airflow/airflow_env/lib/python3.11/site-packages/airflow/example_dags/example_sensors.py for tasks to queue
[2026-04-01T22:36:21.623+0530] {logging_mixin.py:188} INFO - [2026-04-01T22:36:21.623+0530] {dagbag.py:540} INFO - Filling up the DagBag from /Users/aswin/Documents/data-engineering-practice/ETL_Airflow_DBT/airflow/airflow_env/lib/python3.11/site-packages/airflow/example_dags/example_sensors.py
[2026-04-01T22:36:21.631+0530] {processor.py:840} INFO - DAG(s) 'example_sensors' retrieved from /Users/aswin/Documents/data-engineering-practice/ETL_Airflow_DBT/airflow/airflow_env/lib/python3.11/site-packages/airflow/example_dags/example_sensors.py
[2026-04-01T22:36:21.692+0530] {logging_mixin.py:188} INFO - [2026-04-01T22:36:21.692+0530] {dag.py:3096} INFO - Sync 1 DAGs
[2026-04-01T22:36:21.698+0530] {logging_mixin.py:188} INFO - [2026-04-01T22:36:21.698+0530] {dag.py:3954} INFO - Setting next_dagrun for example_sensors to None, run_after=None
[2026-04-01T22:36:21.707+0530] {processor.py:183} INFO - Processing /Users/aswin/Documents/data-engineering-practice/ETL_Airflow_DBT/airflow/airflow_env/lib/python3.11/site-packages/airflow/example_dags/example_sensors.py took 0.085 seconds
[2026-04-01T22:36:52.884+0530] {processor.py:161} INFO - Started process (PID=12796) to work on /Users/aswin/Documents/data-engineering-practice/ETL_Airflow_DBT/airflow/airflow_env/lib/python3.11/site-packages/airflow/example_dags/example_sensors.py
[2026-04-01T22:36:52.885+0530] {processor.py:830} INFO - Processing file /Users/aswin/Documents/data-engineering-practice/ETL_Airflow_DBT/airflow/airflow_env/lib/python3.11/site-packages/airflow/example_dags/example_sensors.py for tasks to queue
[2026-04-01T22:36:52.885+0530] {logging_mixin.py:188} INFO - [2026-04-01T22:36:52.885+0530] {dagbag.py:540} INFO - Filling up the DagBag from /Users/aswin/Documents/data-engineering-practice/ETL_Airflow_DBT/airflow/airflow_env/lib/python3.11/site-packages/airflow/example_dags/example_sensors.py
[2026-04-01T22:36:52.893+0530] {processor.py:840} INFO - DAG(s) 'example_sensors' retrieved from /Users/aswin/Documents/data-engineering-practice/ETL_Airflow_DBT/airflow/airflow_env/lib/python3.11/site-packages/airflow/example_dags/example_sensors.py
[2026-04-01T22:36:52.954+0530] {logging_mixin.py:188} INFO - [2026-04-01T22:36:52.954+0530] {dag.py:3096} INFO - Sync 1 DAGs
[2026-04-01T22:36:52.960+0530] {logging_mixin.py:188} INFO - [2026-04-01T22:36:52.959+0530] {dag.py:3954} INFO - Setting next_dagrun for example_sensors to None, run_after=None
[2026-04-01T22:36:52.968+0530] {processor.py:183} INFO - Processing /Users/aswin/Documents/data-engineering-practice/ETL_Airflow_DBT/airflow/airflow_env/lib/python3.11/site-packages/airflow/example_dags/example_sensors.py took 0.084 seconds
[2026-04-01T22:37:23.955+0530] {processor.py:161} INFO - Started process (PID=12928) to work on /Users/aswin/Documents/data-engineering-practice/ETL_Airflow_DBT/airflow/airflow_env/lib/python3.11/site-packages/airflow/example_dags/example_sensors.py
[2026-04-01T22:37:23.956+0530] {processor.py:830} INFO - Processing file /Users/aswin/Documents/data-engineering-practice/ETL_Airflow_DBT/airflow/airflow_env/lib/python3.11/site-packages/airflow/example_dags/example_sensors.py for tasks to queue
[2026-04-01T22:37:23.957+0530] {logging_mixin.py:188} INFO - [2026-04-01T22:37:23.957+0530] {dagbag.py:540} INFO - Filling up the DagBag from /Users/aswin/Documents/data-engineering-practice/ETL_Airflow_DBT/airflow/airflow_env/lib/python3.11/site-packages/airflow/example_dags/example_sensors.py
[2026-04-01T22:37:23.964+0530] {processor.py:840} INFO - DAG(s) 'example_sensors' retrieved from /Users/aswin/Documents/data-engineering-practice/ETL_Airflow_DBT/airflow/airflow_env/lib/python3.11/site-packages/airflow/example_dags/example_sensors.py
[2026-04-01T22:37:24.023+0530] {logging_mixin.py:188} INFO - [2026-04-01T22:37:24.023+0530] {dag.py:3096} INFO - Sync 1 DAGs
[2026-04-01T22:37:24.030+0530] {logging_mixin.py:188} INFO - [2026-04-01T22:37:24.030+0530] {dag.py:3954} INFO - Setting next_dagrun for example_sensors to None, run_after=None
[2026-04-01T22:37:24.038+0530] {processor.py:183} INFO - Processing /Users/aswin/Documents/data-engineering-practice/ETL_Airflow_DBT/airflow/airflow_env/lib/python3.11/site-packages/airflow/example_dags/example_sensors.py took 0.084 seconds
[2026-04-01T22:37:54.775+0530] {processor.py:161} INFO - Started process (PID=13052) to work on /Users/aswin/Documents/data-engineering-practice/ETL_Airflow_DBT/airflow/airflow_env/lib/python3.11/site-packages/airflow/example_dags/example_sensors.py
[2026-04-01T22:37:54.776+0530] {processor.py:830} INFO - Processing file /Users/aswin/Documents/data-engineering-practice/ETL_Airflow_DBT/airflow/airflow_env/lib/python3.11/site-packages/airflow/example_dags/example_sensors.py for tasks to queue
[2026-04-01T22:37:54.776+0530] {logging_mixin.py:188} INFO - [2026-04-01T22:37:54.776+0530] {dagbag.py:540} INFO - Filling up the DagBag from /Users/aswin/Documents/data-engineering-practice/ETL_Airflow_DBT/airflow/airflow_env/lib/python3.11/site-packages/airflow/example_dags/example_sensors.py
[2026-04-01T22:37:54.783+0530] {processor.py:840} INFO - DAG(s) 'example_sensors' retrieved from /Users/aswin/Documents/data-engineering-practice/ETL_Airflow_DBT/airflow/airflow_env/lib/python3.11/site-packages/airflow/example_dags/example_sensors.py
[2026-04-01T22:37:54.846+0530] {logging_mixin.py:188} INFO - [2026-04-01T22:37:54.846+0530] {dag.py:3096} INFO - Sync 1 DAGs
[2026-04-01T22:37:54.852+0530] {logging_mixin.py:188} INFO - [2026-04-01T22:37:54.852+0530] {dag.py:3954} INFO - Setting next_dagrun for example_sensors to None, run_after=None
[2026-04-01T22:37:54.860+0530] {processor.py:183} INFO - Processing /Users/aswin/Documents/data-engineering-practice/ETL_Airflow_DBT/airflow/airflow_env/lib/python3.11/site-packages/airflow/example_dags/example_sensors.py took 0.087 seconds
[2026-04-02T04:58:18.667+0530] {processor.py:161} INFO - Started process (PID=14252) to work on /Users/aswin/Documents/data-engineering-practice/ETL_Airflow_DBT/airflow/airflow_env/lib/python3.11/site-packages/airflow/example_dags/example_sensors.py
[2026-04-02T04:58:18.668+0530] {processor.py:830} INFO - Processing file /Users/aswin/Documents/data-engineering-practice/ETL_Airflow_DBT/airflow/airflow_env/lib/python3.11/site-packages/airflow/example_dags/example_sensors.py for tasks to queue
[2026-04-02T04:58:18.668+0530] {logging_mixin.py:188} INFO - [2026-04-02T04:58:18.668+0530] {dagbag.py:540} INFO - Filling up the DagBag from /Users/aswin/Documents/data-engineering-practice/ETL_Airflow_DBT/airflow/airflow_env/lib/python3.11/site-packages/airflow/example_dags/example_sensors.py
[2026-04-02T04:58:18.674+0530] {processor.py:840} INFO - DAG(s) 'example_sensors' retrieved from /Users/aswin/Documents/data-engineering-practice/ETL_Airflow_DBT/airflow/airflow_env/lib/python3.11/site-packages/airflow/example_dags/example_sensors.py
[2026-04-02T04:58:18.734+0530] {logging_mixin.py:188} INFO - [2026-04-02T04:58:18.734+0530] {dag.py:3096} INFO - Sync 1 DAGs
[2026-04-02T04:58:18.739+0530] {logging_mixin.py:188} INFO - [2026-04-02T04:58:18.739+0530] {dag.py:3954} INFO - Setting next_dagrun for example_sensors to None, run_after=None
[2026-04-02T04:58:18.747+0530] {processor.py:183} INFO - Processing /Users/aswin/Documents/data-engineering-practice/ETL_Airflow_DBT/airflow/airflow_env/lib/python3.11/site-packages/airflow/example_dags/example_sensors.py took 0.082 seconds
[2026-04-02T04:58:49.898+0530] {processor.py:161} INFO - Started process (PID=14395) to work on /Users/aswin/Documents/data-engineering-practice/ETL_Airflow_DBT/airflow/airflow_env/lib/python3.11/site-packages/airflow/example_dags/example_sensors.py
[2026-04-02T04:58:49.899+0530] {processor.py:830} INFO - Processing file /Users/aswin/Documents/data-engineering-practice/ETL_Airflow_DBT/airflow/airflow_env/lib/python3.11/site-packages/airflow/example_dags/example_sensors.py for tasks to queue
[2026-04-02T04:58:49.899+0530] {logging_mixin.py:188} INFO - [2026-04-02T04:58:49.899+0530] {dagbag.py:540} INFO - Filling up the DagBag from /Users/aswin/Documents/data-engineering-practice/ETL_Airflow_DBT/airflow/airflow_env/lib/python3.11/site-packages/airflow/example_dags/example_sensors.py
[2026-04-02T04:58:49.905+0530] {processor.py:840} INFO - DAG(s) 'example_sensors' retrieved from /Users/aswin/Documents/data-engineering-practice/ETL_Airflow_DBT/airflow/airflow_env/lib/python3.11/site-packages/airflow/example_dags/example_sensors.py
[2026-04-02T04:58:49.962+0530] {logging_mixin.py:188} INFO - [2026-04-02T04:58:49.962+0530] {dag.py:3096} INFO - Sync 1 DAGs
[2026-04-02T04:58:49.967+0530] {logging_mixin.py:188} INFO - [2026-04-02T04:58:49.967+0530] {dag.py:3954} INFO - Setting next_dagrun for example_sensors to None, run_after=None
[2026-04-02T04:58:49.978+0530] {processor.py:183} INFO - Processing /Users/aswin/Documents/data-engineering-practice/ETL_Airflow_DBT/airflow/airflow_env/lib/python3.11/site-packages/airflow/example_dags/example_sensors.py took 0.081 seconds
[2026-04-02T04:59:21.016+0530] {processor.py:161} INFO - Started process (PID=14520) to work on /Users/aswin/Documents/data-engineering-practice/ETL_Airflow_DBT/airflow/airflow_env/lib/python3.11/site-packages/airflow/example_dags/example_sensors.py
[2026-04-02T04:59:21.016+0530] {processor.py:830} INFO - Processing file /Users/aswin/Documents/data-engineering-practice/ETL_Airflow_DBT/airflow/airflow_env/lib/python3.11/site-packages/airflow/example_dags/example_sensors.py for tasks to queue
[2026-04-02T04:59:21.017+0530] {logging_mixin.py:188} INFO - [2026-04-02T04:59:21.017+0530] {dagbag.py:540} INFO - Filling up the DagBag from /Users/aswin/Documents/data-engineering-practice/ETL_Airflow_DBT/airflow/airflow_env/lib/python3.11/site-packages/airflow/example_dags/example_sensors.py
[2026-04-02T04:59:21.024+0530] {processor.py:840} INFO - DAG(s) 'example_sensors' retrieved from /Users/aswin/Documents/data-engineering-practice/ETL_Airflow_DBT/airflow/airflow_env/lib/python3.11/site-packages/airflow/example_dags/example_sensors.py
[2026-04-02T04:59:21.081+0530] {logging_mixin.py:188} INFO - [2026-04-02T04:59:21.081+0530] {dag.py:3096} INFO - Sync 1 DAGs
[2026-04-02T04:59:21.087+0530] {logging_mixin.py:188} INFO - [2026-04-02T04:59:21.087+0530] {dag.py:3954} INFO - Setting next_dagrun for example_sensors to None, run_after=None
[2026-04-02T04:59:21.095+0530] {processor.py:183} INFO - Processing /Users/aswin/Documents/data-engineering-practice/ETL_Airflow_DBT/airflow/airflow_env/lib/python3.11/site-packages/airflow/example_dags/example_sensors.py took 0.080 seconds
[2026-04-02T04:59:52.325+0530] {processor.py:161} INFO - Started process (PID=14649) to work on /Users/aswin/Documents/data-engineering-practice/ETL_Airflow_DBT/airflow/airflow_env/lib/python3.11/site-packages/airflow/example_dags/example_sensors.py
[2026-04-02T04:59:52.326+0530] {processor.py:830} INFO - Processing file /Users/aswin/Documents/data-engineering-practice/ETL_Airflow_DBT/airflow/airflow_env/lib/python3.11/site-packages/airflow/example_dags/example_sensors.py for tasks to queue
[2026-04-02T04:59:52.326+0530] {logging_mixin.py:188} INFO - [2026-04-02T04:59:52.326+0530] {dagbag.py:540} INFO - Filling up the DagBag from /Users/aswin/Documents/data-engineering-practice/ETL_Airflow_DBT/airflow/airflow_env/lib/python3.11/site-packages/airflow/example_dags/example_sensors.py
[2026-04-02T04:59:52.334+0530] {processor.py:840} INFO - DAG(s) 'example_sensors' retrieved from /Users/aswin/Documents/data-engineering-practice/ETL_Airflow_DBT/airflow/airflow_env/lib/python3.11/site-packages/airflow/example_dags/example_sensors.py
[2026-04-02T04:59:52.391+0530] {logging_mixin.py:188} INFO - [2026-04-02T04:59:52.391+0530] {dag.py:3096} INFO - Sync 1 DAGs
[2026-04-02T04:59:52.396+0530] {logging_mixin.py:188} INFO - [2026-04-02T04:59:52.396+0530] {dag.py:3954} INFO - Setting next_dagrun for example_sensors to None, run_after=None
[2026-04-02T04:59:52.405+0530] {processor.py:183} INFO - Processing /Users/aswin/Documents/data-engineering-practice/ETL_Airflow_DBT/airflow/airflow_env/lib/python3.11/site-packages/airflow/example_dags/example_sensors.py took 0.081 seconds
[2026-04-02T05:00:23.479+0530] {processor.py:161} INFO - Started process (PID=14780) to work on /Users/aswin/Documents/data-engineering-practice/ETL_Airflow_DBT/airflow/airflow_env/lib/python3.11/site-packages/airflow/example_dags/example_sensors.py
[2026-04-02T05:00:23.480+0530] {processor.py:830} INFO - Processing file /Users/aswin/Documents/data-engineering-practice/ETL_Airflow_DBT/airflow/airflow_env/lib/python3.11/site-packages/airflow/example_dags/example_sensors.py for tasks to queue
[2026-04-02T05:00:23.480+0530] {logging_mixin.py:188} INFO - [2026-04-02T05:00:23.480+0530] {dagbag.py:540} INFO - Filling up the DagBag from /Users/aswin/Documents/data-engineering-practice/ETL_Airflow_DBT/airflow/airflow_env/lib/python3.11/site-packages/airflow/example_dags/example_sensors.py
[2026-04-02T05:00:23.487+0530] {processor.py:840} INFO - DAG(s) 'example_sensors' retrieved from /Users/aswin/Documents/data-engineering-practice/ETL_Airflow_DBT/airflow/airflow_env/lib/python3.11/site-packages/airflow/example_dags/example_sensors.py
[2026-04-02T05:00:23.548+0530] {logging_mixin.py:188} INFO - [2026-04-02T05:00:23.547+0530] {dag.py:3096} INFO - Sync 1 DAGs
[2026-04-02T05:00:23.554+0530] {logging_mixin.py:188} INFO - [2026-04-02T05:00:23.554+0530] {dag.py:3954} INFO - Setting next_dagrun for example_sensors to None, run_after=None
[2026-04-02T05:00:23.562+0530] {processor.py:183} INFO - Processing /Users/aswin/Documents/data-engineering-practice/ETL_Airflow_DBT/airflow/airflow_env/lib/python3.11/site-packages/airflow/example_dags/example_sensors.py took 0.084 seconds
[2026-04-02T05:00:54.228+0530] {processor.py:161} INFO - Started process (PID=14920) to work on /Users/aswin/Documents/data-engineering-practice/ETL_Airflow_DBT/airflow/airflow_env/lib/python3.11/site-packages/airflow/example_dags/example_sensors.py
[2026-04-02T05:00:54.229+0530] {processor.py:830} INFO - Processing file /Users/aswin/Documents/data-engineering-practice/ETL_Airflow_DBT/airflow/airflow_env/lib/python3.11/site-packages/airflow/example_dags/example_sensors.py for tasks to queue
[2026-04-02T05:00:54.230+0530] {logging_mixin.py:188} INFO - [2026-04-02T05:00:54.230+0530] {dagbag.py:540} INFO - Filling up the DagBag from /Users/aswin/Documents/data-engineering-practice/ETL_Airflow_DBT/airflow/airflow_env/lib/python3.11/site-packages/airflow/example_dags/example_sensors.py
[2026-04-02T05:00:54.237+0530] {processor.py:840} INFO - DAG(s) 'example_sensors' retrieved from /Users/aswin/Documents/data-engineering-practice/ETL_Airflow_DBT/airflow/airflow_env/lib/python3.11/site-packages/airflow/example_dags/example_sensors.py
[2026-04-02T05:00:54.293+0530] {logging_mixin.py:188} INFO - [2026-04-02T05:00:54.293+0530] {dag.py:3096} INFO - Sync 1 DAGs
[2026-04-02T05:00:54.300+0530] {logging_mixin.py:188} INFO - [2026-04-02T05:00:54.300+0530] {dag.py:3954} INFO - Setting next_dagrun for example_sensors to None, run_after=None
[2026-04-02T05:00:54.309+0530] {processor.py:183} INFO - Processing /Users/aswin/Documents/data-engineering-practice/ETL_Airflow_DBT/airflow/airflow_env/lib/python3.11/site-packages/airflow/example_dags/example_sensors.py took 0.082 seconds
[2026-04-02T05:01:25.619+0530] {processor.py:161} INFO - Started process (PID=15046) to work on /Users/aswin/Documents/data-engineering-practice/ETL_Airflow_DBT/airflow/airflow_env/lib/python3.11/site-packages/airflow/example_dags/example_sensors.py
[2026-04-02T05:01:25.620+0530] {processor.py:830} INFO - Processing file /Users/aswin/Documents/data-engineering-practice/ETL_Airflow_DBT/airflow/airflow_env/lib/python3.11/site-packages/airflow/example_dags/example_sensors.py for tasks to queue
[2026-04-02T05:01:25.620+0530] {logging_mixin.py:188} INFO - [2026-04-02T05:01:25.620+0530] {dagbag.py:540} INFO - Filling up the DagBag from /Users/aswin/Documents/data-engineering-practice/ETL_Airflow_DBT/airflow/airflow_env/lib/python3.11/site-packages/airflow/example_dags/example_sensors.py
[2026-04-02T05:01:25.627+0530] {processor.py:840} INFO - DAG(s) 'example_sensors' retrieved from /Users/aswin/Documents/data-engineering-practice/ETL_Airflow_DBT/airflow/airflow_env/lib/python3.11/site-packages/airflow/example_dags/example_sensors.py
[2026-04-02T05:01:25.685+0530] {logging_mixin.py:188} INFO - [2026-04-02T05:01:25.685+0530] {dag.py:3096} INFO - Sync 1 DAGs
[2026-04-02T05:01:25.691+0530] {logging_mixin.py:188} INFO - [2026-04-02T05:01:25.691+0530] {dag.py:3954} INFO - Setting next_dagrun for example_sensors to None, run_after=None
[2026-04-02T05:01:25.700+0530] {processor.py:183} INFO - Processing /Users/aswin/Documents/data-engineering-practice/ETL_Airflow_DBT/airflow/airflow_env/lib/python3.11/site-packages/airflow/example_dags/example_sensors.py took 0.082 seconds
[2026-04-02T05:01:56.852+0530] {processor.py:161} INFO - Started process (PID=15172) to work on /Users/aswin/Documents/data-engineering-practice/ETL_Airflow_DBT/airflow/airflow_env/lib/python3.11/site-packages/airflow/example_dags/example_sensors.py
[2026-04-02T05:01:56.853+0530] {processor.py:830} INFO - Processing file /Users/aswin/Documents/data-engineering-practice/ETL_Airflow_DBT/airflow/airflow_env/lib/python3.11/site-packages/airflow/example_dags/example_sensors.py for tasks to queue
[2026-04-02T05:01:56.853+0530] {logging_mixin.py:188} INFO - [2026-04-02T05:01:56.853+0530] {dagbag.py:540} INFO - Filling up the DagBag from /Users/aswin/Documents/data-engineering-practice/ETL_Airflow_DBT/airflow/airflow_env/lib/python3.11/site-packages/airflow/example_dags/example_sensors.py
[2026-04-02T05:01:56.861+0530] {processor.py:840} INFO - DAG(s) 'example_sensors' retrieved from /Users/aswin/Documents/data-engineering-practice/ETL_Airflow_DBT/airflow/airflow_env/lib/python3.11/site-packages/airflow/example_dags/example_sensors.py
[2026-04-02T05:01:56.918+0530] {logging_mixin.py:188} INFO - [2026-04-02T05:01:56.918+0530] {dag.py:3096} INFO - Sync 1 DAGs
[2026-04-02T05:01:56.925+0530] {logging_mixin.py:188} INFO - [2026-04-02T05:01:56.925+0530] {dag.py:3954} INFO - Setting next_dagrun for example_sensors to None, run_after=None
[2026-04-02T05:01:56.933+0530] {processor.py:183} INFO - Processing /Users/aswin/Documents/data-engineering-practice/ETL_Airflow_DBT/airflow/airflow_env/lib/python3.11/site-packages/airflow/example_dags/example_sensors.py took 0.082 seconds
[2026-04-02T05:02:28.011+0530] {processor.py:161} INFO - Started process (PID=15297) to work on /Users/aswin/Documents/data-engineering-practice/ETL_Airflow_DBT/airflow/airflow_env/lib/python3.11/site-packages/airflow/example_dags/example_sensors.py
[2026-04-02T05:02:28.012+0530] {processor.py:830} INFO - Processing file /Users/aswin/Documents/data-engineering-practice/ETL_Airflow_DBT/airflow/airflow_env/lib/python3.11/site-packages/airflow/example_dags/example_sensors.py for tasks to queue
[2026-04-02T05:02:28.012+0530] {logging_mixin.py:188} INFO - [2026-04-02T05:02:28.012+0530] {dagbag.py:540} INFO - Filling up the DagBag from /Users/aswin/Documents/data-engineering-practice/ETL_Airflow_DBT/airflow/airflow_env/lib/python3.11/site-packages/airflow/example_dags/example_sensors.py
[2026-04-02T05:02:28.019+0530] {processor.py:840} INFO - DAG(s) 'example_sensors' retrieved from /Users/aswin/Documents/data-engineering-practice/ETL_Airflow_DBT/airflow/airflow_env/lib/python3.11/site-packages/airflow/example_dags/example_sensors.py
[2026-04-02T05:02:28.078+0530] {logging_mixin.py:188} INFO - [2026-04-02T05:02:28.078+0530] {dag.py:3096} INFO - Sync 1 DAGs
[2026-04-02T05:02:28.084+0530] {logging_mixin.py:188} INFO - [2026-04-02T05:02:28.084+0530] {dag.py:3954} INFO - Setting next_dagrun for example_sensors to None, run_after=None
[2026-04-02T05:02:28.092+0530] {processor.py:183} INFO - Processing /Users/aswin/Documents/data-engineering-practice/ETL_Airflow_DBT/airflow/airflow_env/lib/python3.11/site-packages/airflow/example_dags/example_sensors.py took 0.082 seconds
[2026-04-02T05:02:59.117+0530] {processor.py:161} INFO - Started process (PID=15415) to work on /Users/aswin/Documents/data-engineering-practice/ETL_Airflow_DBT/airflow/airflow_env/lib/python3.11/site-packages/airflow/example_dags/example_sensors.py
[2026-04-02T05:02:59.119+0530] {processor.py:830} INFO - Processing file /Users/aswin/Documents/data-engineering-practice/ETL_Airflow_DBT/airflow/airflow_env/lib/python3.11/site-packages/airflow/example_dags/example_sensors.py for tasks to queue
[2026-04-02T05:02:59.119+0530] {logging_mixin.py:188} INFO - [2026-04-02T05:02:59.119+0530] {dagbag.py:540} INFO - Filling up the DagBag from /Users/aswin/Documents/data-engineering-practice/ETL_Airflow_DBT/airflow/airflow_env/lib/python3.11/site-packages/airflow/example_dags/example_sensors.py
[2026-04-02T05:02:59.127+0530] {processor.py:840} INFO - DAG(s) 'example_sensors' retrieved from /Users/aswin/Documents/data-engineering-practice/ETL_Airflow_DBT/airflow/airflow_env/lib/python3.11/site-packages/airflow/example_dags/example_sensors.py
[2026-04-02T05:02:59.184+0530] {logging_mixin.py:188} INFO - [2026-04-02T05:02:59.184+0530] {dag.py:3096} INFO - Sync 1 DAGs
[2026-04-02T05:02:59.189+0530] {logging_mixin.py:188} INFO - [2026-04-02T05:02:59.189+0530] {dag.py:3954} INFO - Setting next_dagrun for example_sensors to None, run_after=None
[2026-04-02T05:02:59.197+0530] {processor.py:183} INFO - Processing /Users/aswin/Documents/data-engineering-practice/ETL_Airflow_DBT/airflow/airflow_env/lib/python3.11/site-packages/airflow/example_dags/example_sensors.py took 0.081 seconds
[2026-04-02T05:03:30.609+0530] {processor.py:161} INFO - Started process (PID=15532) to work on /Users/aswin/Documents/data-engineering-practice/ETL_Airflow_DBT/airflow/airflow_env/lib/python3.11/site-packages/airflow/example_dags/example_sensors.py
[2026-04-02T05:03:30.611+0530] {processor.py:830} INFO - Processing file /Users/aswin/Documents/data-engineering-practice/ETL_Airflow_DBT/airflow/airflow_env/lib/python3.11/site-packages/airflow/example_dags/example_sensors.py for tasks to queue
[2026-04-02T05:03:30.611+0530] {logging_mixin.py:188} INFO - [2026-04-02T05:03:30.611+0530] {dagbag.py:540} INFO - Filling up the DagBag from /Users/aswin/Documents/data-engineering-practice/ETL_Airflow_DBT/airflow/airflow_env/lib/python3.11/site-packages/airflow/example_dags/example_sensors.py
[2026-04-02T05:03:30.618+0530] {processor.py:840} INFO - DAG(s) 'example_sensors' retrieved from /Users/aswin/Documents/data-engineering-practice/ETL_Airflow_DBT/airflow/airflow_env/lib/python3.11/site-packages/airflow/example_dags/example_sensors.py
[2026-04-02T05:03:30.677+0530] {logging_mixin.py:188} INFO - [2026-04-02T05:03:30.677+0530] {dag.py:3096} INFO - Sync 1 DAGs
[2026-04-02T05:03:30.683+0530] {logging_mixin.py:188} INFO - [2026-04-02T05:03:30.683+0530] {dag.py:3954} INFO - Setting next_dagrun for example_sensors to None, run_after=None
[2026-04-02T05:03:30.692+0530] {processor.py:183} INFO - Processing /Users/aswin/Documents/data-engineering-practice/ETL_Airflow_DBT/airflow/airflow_env/lib/python3.11/site-packages/airflow/example_dags/example_sensors.py took 0.083 seconds
[2026-04-02T05:04:01.639+0530] {processor.py:161} INFO - Started process (PID=15658) to work on /Users/aswin/Documents/data-engineering-practice/ETL_Airflow_DBT/airflow/airflow_env/lib/python3.11/site-packages/airflow/example_dags/example_sensors.py
[2026-04-02T05:04:01.640+0530] {processor.py:830} INFO - Processing file /Users/aswin/Documents/data-engineering-practice/ETL_Airflow_DBT/airflow/airflow_env/lib/python3.11/site-packages/airflow/example_dags/example_sensors.py for tasks to queue
[2026-04-02T05:04:01.640+0530] {logging_mixin.py:188} INFO - [2026-04-02T05:04:01.640+0530] {dagbag.py:540} INFO - Filling up the DagBag from /Users/aswin/Documents/data-engineering-practice/ETL_Airflow_DBT/airflow/airflow_env/lib/python3.11/site-packages/airflow/example_dags/example_sensors.py
[2026-04-02T05:04:01.650+0530] {processor.py:840} INFO - DAG(s) 'example_sensors' retrieved from /Users/aswin/Documents/data-engineering-practice/ETL_Airflow_DBT/airflow/airflow_env/lib/python3.11/site-packages/airflow/example_dags/example_sensors.py
[2026-04-02T05:04:01.716+0530] {logging_mixin.py:188} INFO - [2026-04-02T05:04:01.716+0530] {dag.py:3096} INFO - Sync 1 DAGs
[2026-04-02T05:04:01.722+0530] {logging_mixin.py:188} INFO - [2026-04-02T05:04:01.722+0530] {dag.py:3954} INFO - Setting next_dagrun for example_sensors to None, run_after=None
[2026-04-02T05:04:01.730+0530] {processor.py:183} INFO - Processing /Users/aswin/Documents/data-engineering-practice/ETL_Airflow_DBT/airflow/airflow_env/lib/python3.11/site-packages/airflow/example_dags/example_sensors.py took 0.092 seconds
[2026-04-02T05:04:32.752+0530] {processor.py:161} INFO - Started process (PID=15774) to work on /Users/aswin/Documents/data-engineering-practice/ETL_Airflow_DBT/airflow/airflow_env/lib/python3.11/site-packages/airflow/example_dags/example_sensors.py
[2026-04-02T05:04:32.752+0530] {processor.py:830} INFO - Processing file /Users/aswin/Documents/data-engineering-practice/ETL_Airflow_DBT/airflow/airflow_env/lib/python3.11/site-packages/airflow/example_dags/example_sensors.py for tasks to queue
[2026-04-02T05:04:32.752+0530] {logging_mixin.py:188} INFO - [2026-04-02T05:04:32.752+0530] {dagbag.py:540} INFO - Filling up the DagBag from /Users/aswin/Documents/data-engineering-practice/ETL_Airflow_DBT/airflow/airflow_env/lib/python3.11/site-packages/airflow/example_dags/example_sensors.py
[2026-04-02T05:04:32.758+0530] {processor.py:840} INFO - DAG(s) 'example_sensors' retrieved from /Users/aswin/Documents/data-engineering-practice/ETL_Airflow_DBT/airflow/airflow_env/lib/python3.11/site-packages/airflow/example_dags/example_sensors.py
[2026-04-02T05:04:32.815+0530] {logging_mixin.py:188} INFO - [2026-04-02T05:04:32.815+0530] {dag.py:3096} INFO - Sync 1 DAGs
[2026-04-02T05:04:32.821+0530] {logging_mixin.py:188} INFO - [2026-04-02T05:04:32.821+0530] {dag.py:3954} INFO - Setting next_dagrun for example_sensors to None, run_after=None
[2026-04-02T05:04:32.829+0530] {processor.py:183} INFO - Processing /Users/aswin/Documents/data-engineering-practice/ETL_Airflow_DBT/airflow/airflow_env/lib/python3.11/site-packages/airflow/example_dags/example_sensors.py took 0.079 seconds
[2026-04-02T05:05:03.776+0530] {processor.py:161} INFO - Started process (PID=15889) to work on /Users/aswin/Documents/data-engineering-practice/ETL_Airflow_DBT/airflow/airflow_env/lib/python3.11/site-packages/airflow/example_dags/example_sensors.py
[2026-04-02T05:05:03.778+0530] {processor.py:830} INFO - Processing file /Users/aswin/Documents/data-engineering-practice/ETL_Airflow_DBT/airflow/airflow_env/lib/python3.11/site-packages/airflow/example_dags/example_sensors.py for tasks to queue
[2026-04-02T05:05:03.778+0530] {logging_mixin.py:188} INFO - [2026-04-02T05:05:03.778+0530] {dagbag.py:540} INFO - Filling up the DagBag from /Users/aswin/Documents/data-engineering-practice/ETL_Airflow_DBT/airflow/airflow_env/lib/python3.11/site-packages/airflow/example_dags/example_sensors.py
[2026-04-02T05:05:03.785+0530] {processor.py:840} INFO - DAG(s) 'example_sensors' retrieved from /Users/aswin/Documents/data-engineering-practice/ETL_Airflow_DBT/airflow/airflow_env/lib/python3.11/site-packages/airflow/example_dags/example_sensors.py
[2026-04-02T05:05:03.844+0530] {logging_mixin.py:188} INFO - [2026-04-02T05:05:03.844+0530] {dag.py:3096} INFO - Sync 1 DAGs
[2026-04-02T05:05:03.850+0530] {logging_mixin.py:188} INFO - [2026-04-02T05:05:03.850+0530] {dag.py:3954} INFO - Setting next_dagrun for example_sensors to None, run_after=None
[2026-04-02T05:05:03.859+0530] {processor.py:183} INFO - Processing /Users/aswin/Documents/data-engineering-practice/ETL_Airflow_DBT/airflow/airflow_env/lib/python3.11/site-packages/airflow/example_dags/example_sensors.py took 0.083 seconds
[2026-04-02T05:05:35.224+0530] {processor.py:161} INFO - Started process (PID=16008) to work on /Users/aswin/Documents/data-engineering-practice/ETL_Airflow_DBT/airflow/airflow_env/lib/python3.11/site-packages/airflow/example_dags/example_sensors.py
[2026-04-02T05:05:35.225+0530] {processor.py:830} INFO - Processing file /Users/aswin/Documents/data-engineering-practice/ETL_Airflow_DBT/airflow/airflow_env/lib/python3.11/site-packages/airflow/example_dags/example_sensors.py for tasks to queue
[2026-04-02T05:05:35.226+0530] {logging_mixin.py:188} INFO - [2026-04-02T05:05:35.226+0530] {dagbag.py:540} INFO - Filling up the DagBag from /Users/aswin/Documents/data-engineering-practice/ETL_Airflow_DBT/airflow/airflow_env/lib/python3.11/site-packages/airflow/example_dags/example_sensors.py
[2026-04-02T05:05:35.233+0530] {processor.py:840} INFO - DAG(s) 'example_sensors' retrieved from /Users/aswin/Documents/data-engineering-practice/ETL_Airflow_DBT/airflow/airflow_env/lib/python3.11/site-packages/airflow/example_dags/example_sensors.py
[2026-04-02T05:05:35.290+0530] {logging_mixin.py:188} INFO - [2026-04-02T05:05:35.290+0530] {dag.py:3096} INFO - Sync 1 DAGs
[2026-04-02T05:05:35.296+0530] {logging_mixin.py:188} INFO - [2026-04-02T05:05:35.296+0530] {dag.py:3954} INFO - Setting next_dagrun for example_sensors to None, run_after=None
[2026-04-02T05:05:35.305+0530] {processor.py:183} INFO - Processing /Users/aswin/Documents/data-engineering-practice/ETL_Airflow_DBT/airflow/airflow_env/lib/python3.11/site-packages/airflow/example_dags/example_sensors.py took 0.081 seconds
[2026-04-02T05:06:06.031+0530] {processor.py:161} INFO - Started process (PID=16129) to work on /Users/aswin/Documents/data-engineering-practice/ETL_Airflow_DBT/airflow/airflow_env/lib/python3.11/site-packages/airflow/example_dags/example_sensors.py
[2026-04-02T05:06:06.033+0530] {processor.py:830} INFO - Processing file /Users/aswin/Documents/data-engineering-practice/ETL_Airflow_DBT/airflow/airflow_env/lib/python3.11/site-packages/airflow/example_dags/example_sensors.py for tasks to queue
[2026-04-02T05:06:06.033+0530] {logging_mixin.py:188} INFO - [2026-04-02T05:06:06.033+0530] {dagbag.py:540} INFO - Filling up the DagBag from /Users/aswin/Documents/data-engineering-practice/ETL_Airflow_DBT/airflow/airflow_env/lib/python3.11/site-packages/airflow/example_dags/example_sensors.py
[2026-04-02T05:06:06.040+0530] {processor.py:840} INFO - DAG(s) 'example_sensors' retrieved from /Users/aswin/Documents/data-engineering-practice/ETL_Airflow_DBT/airflow/airflow_env/lib/python3.11/site-packages/airflow/example_dags/example_sensors.py
[2026-04-02T05:06:06.098+0530] {logging_mixin.py:188} INFO - [2026-04-02T05:06:06.097+0530] {dag.py:3096} INFO - Sync 1 DAGs
[2026-04-02T05:06:06.102+0530] {logging_mixin.py:188} INFO - [2026-04-02T05:06:06.102+0530] {dag.py:3954} INFO - Setting next_dagrun for example_sensors to None, run_after=None
[2026-04-02T05:06:06.111+0530] {processor.py:183} INFO - Processing /Users/aswin/Documents/data-engineering-practice/ETL_Airflow_DBT/airflow/airflow_env/lib/python3.11/site-packages/airflow/example_dags/example_sensors.py took 0.080 seconds
[2026-04-02T05:06:37.045+0530] {processor.py:161} INFO - Started process (PID=16243) to work on /Users/aswin/Documents/data-engineering-practice/ETL_Airflow_DBT/airflow/airflow_env/lib/python3.11/site-packages/airflow/example_dags/example_sensors.py
[2026-04-02T05:06:37.046+0530] {processor.py:830} INFO - Processing file /Users/aswin/Documents/data-engineering-practice/ETL_Airflow_DBT/airflow/airflow_env/lib/python3.11/site-packages/airflow/example_dags/example_sensors.py for tasks to queue
[2026-04-02T05:06:37.046+0530] {logging_mixin.py:188} INFO - [2026-04-02T05:06:37.046+0530] {dagbag.py:540} INFO - Filling up the DagBag from /Users/aswin/Documents/data-engineering-practice/ETL_Airflow_DBT/airflow/airflow_env/lib/python3.11/site-packages/airflow/example_dags/example_sensors.py
[2026-04-02T05:06:37.053+0530] {processor.py:840} INFO - DAG(s) 'example_sensors' retrieved from /Users/aswin/Documents/data-engineering-practice/ETL_Airflow_DBT/airflow/airflow_env/lib/python3.11/site-packages/airflow/example_dags/example_sensors.py
[2026-04-02T05:06:37.112+0530] {logging_mixin.py:188} INFO - [2026-04-02T05:06:37.112+0530] {dag.py:3096} INFO - Sync 1 DAGs
[2026-04-02T05:06:37.118+0530] {logging_mixin.py:188} INFO - [2026-04-02T05:06:37.118+0530] {dag.py:3954} INFO - Setting next_dagrun for example_sensors to None, run_after=None
[2026-04-02T05:06:37.127+0530] {processor.py:183} INFO - Processing /Users/aswin/Documents/data-engineering-practice/ETL_Airflow_DBT/airflow/airflow_env/lib/python3.11/site-packages/airflow/example_dags/example_sensors.py took 0.084 seconds
[2026-04-02T05:07:08.234+0530] {processor.py:161} INFO - Started process (PID=16355) to work on /Users/aswin/Documents/data-engineering-practice/ETL_Airflow_DBT/airflow/airflow_env/lib/python3.11/site-packages/airflow/example_dags/example_sensors.py
[2026-04-02T05:07:08.234+0530] {processor.py:830} INFO - Processing file /Users/aswin/Documents/data-engineering-practice/ETL_Airflow_DBT/airflow/airflow_env/lib/python3.11/site-packages/airflow/example_dags/example_sensors.py for tasks to queue
[2026-04-02T05:07:08.235+0530] {logging_mixin.py:188} INFO - [2026-04-02T05:07:08.234+0530] {dagbag.py:540} INFO - Filling up the DagBag from /Users/aswin/Documents/data-engineering-practice/ETL_Airflow_DBT/airflow/airflow_env/lib/python3.11/site-packages/airflow/example_dags/example_sensors.py
[2026-04-02T05:07:08.242+0530] {processor.py:840} INFO - DAG(s) 'example_sensors' retrieved from /Users/aswin/Documents/data-engineering-practice/ETL_Airflow_DBT/airflow/airflow_env/lib/python3.11/site-packages/airflow/example_dags/example_sensors.py
[2026-04-02T05:07:08.302+0530] {logging_mixin.py:188} INFO - [2026-04-02T05:07:08.302+0530] {dag.py:3096} INFO - Sync 1 DAGs
[2026-04-02T05:07:08.308+0530] {logging_mixin.py:188} INFO - [2026-04-02T05:07:08.308+0530] {dag.py:3954} INFO - Setting next_dagrun for example_sensors to None, run_after=None
[2026-04-02T05:07:08.316+0530] {processor.py:183} INFO - Processing /Users/aswin/Documents/data-engineering-practice/ETL_Airflow_DBT/airflow/airflow_env/lib/python3.11/site-packages/airflow/example_dags/example_sensors.py took 0.083 seconds
[2026-04-02T05:07:39.289+0530] {processor.py:161} INFO - Started process (PID=16470) to work on /Users/aswin/Documents/data-engineering-practice/ETL_Airflow_DBT/airflow/airflow_env/lib/python3.11/site-packages/airflow/example_dags/example_sensors.py
[2026-04-02T05:07:39.290+0530] {processor.py:830} INFO - Processing file /Users/aswin/Documents/data-engineering-practice/ETL_Airflow_DBT/airflow/airflow_env/lib/python3.11/site-packages/airflow/example_dags/example_sensors.py for tasks to queue
[2026-04-02T05:07:39.290+0530] {logging_mixin.py:188} INFO - [2026-04-02T05:07:39.290+0530] {dagbag.py:540} INFO - Filling up the DagBag from /Users/aswin/Documents/data-engineering-practice/ETL_Airflow_DBT/airflow/airflow_env/lib/python3.11/site-packages/airflow/example_dags/example_sensors.py
[2026-04-02T05:07:39.297+0530] {processor.py:840} INFO - DAG(s) 'example_sensors' retrieved from /Users/aswin/Documents/data-engineering-practice/ETL_Airflow_DBT/airflow/airflow_env/lib/python3.11/site-packages/airflow/example_dags/example_sensors.py
[2026-04-02T05:07:39.356+0530] {logging_mixin.py:188} INFO - [2026-04-02T05:07:39.355+0530] {dag.py:3096} INFO - Sync 1 DAGs
[2026-04-02T05:07:39.361+0530] {logging_mixin.py:188} INFO - [2026-04-02T05:07:39.361+0530] {dag.py:3954} INFO - Setting next_dagrun for example_sensors to None, run_after=None
[2026-04-02T05:07:39.369+0530] {processor.py:183} INFO - Processing /Users/aswin/Documents/data-engineering-practice/ETL_Airflow_DBT/airflow/airflow_env/lib/python3.11/site-packages/airflow/example_dags/example_sensors.py took 0.081 seconds
[2026-04-02T05:08:10.363+0530] {processor.py:161} INFO - Started process (PID=16583) to work on /Users/aswin/Documents/data-engineering-practice/ETL_Airflow_DBT/airflow/airflow_env/lib/python3.11/site-packages/airflow/example_dags/example_sensors.py
[2026-04-02T05:08:10.364+0530] {processor.py:830} INFO - Processing file /Users/aswin/Documents/data-engineering-practice/ETL_Airflow_DBT/airflow/airflow_env/lib/python3.11/site-packages/airflow/example_dags/example_sensors.py for tasks to queue
[2026-04-02T05:08:10.364+0530] {logging_mixin.py:188} INFO - [2026-04-02T05:08:10.364+0530] {dagbag.py:540} INFO - Filling up the DagBag from /Users/aswin/Documents/data-engineering-practice/ETL_Airflow_DBT/airflow/airflow_env/lib/python3.11/site-packages/airflow/example_dags/example_sensors.py
[2026-04-02T05:08:10.371+0530] {processor.py:840} INFO - DAG(s) 'example_sensors' retrieved from /Users/aswin/Documents/data-engineering-practice/ETL_Airflow_DBT/airflow/airflow_env/lib/python3.11/site-packages/airflow/example_dags/example_sensors.py
[2026-04-02T05:08:10.428+0530] {logging_mixin.py:188} INFO - [2026-04-02T05:08:10.428+0530] {dag.py:3096} INFO - Sync 1 DAGs
[2026-04-02T05:08:10.434+0530] {logging_mixin.py:188} INFO - [2026-04-02T05:08:10.434+0530] {dag.py:3954} INFO - Setting next_dagrun for example_sensors to None, run_after=None
[2026-04-02T05:08:10.443+0530] {processor.py:183} INFO - Processing /Users/aswin/Documents/data-engineering-practice/ETL_Airflow_DBT/airflow/airflow_env/lib/python3.11/site-packages/airflow/example_dags/example_sensors.py took 0.082 seconds
[2026-04-02T05:08:41.412+0530] {processor.py:161} INFO - Started process (PID=16696) to work on /Users/aswin/Documents/data-engineering-practice/ETL_Airflow_DBT/airflow/airflow_env/lib/python3.11/site-packages/airflow/example_dags/example_sensors.py
[2026-04-02T05:08:41.413+0530] {processor.py:830} INFO - Processing file /Users/aswin/Documents/data-engineering-practice/ETL_Airflow_DBT/airflow/airflow_env/lib/python3.11/site-packages/airflow/example_dags/example_sensors.py for tasks to queue
[2026-04-02T05:08:41.413+0530] {logging_mixin.py:188} INFO - [2026-04-02T05:08:41.413+0530] {dagbag.py:540} INFO - Filling up the DagBag from /Users/aswin/Documents/data-engineering-practice/ETL_Airflow_DBT/airflow/airflow_env/lib/python3.11/site-packages/airflow/example_dags/example_sensors.py
[2026-04-02T05:08:41.421+0530] {processor.py:840} INFO - DAG(s) 'example_sensors' retrieved from /Users/aswin/Documents/data-engineering-practice/ETL_Airflow_DBT/airflow/airflow_env/lib/python3.11/site-packages/airflow/example_dags/example_sensors.py
[2026-04-02T05:08:41.480+0530] {logging_mixin.py:188} INFO - [2026-04-02T05:08:41.480+0530] {dag.py:3096} INFO - Sync 1 DAGs
[2026-04-02T05:08:41.486+0530] {logging_mixin.py:188} INFO - [2026-04-02T05:08:41.486+0530] {dag.py:3954} INFO - Setting next_dagrun for example_sensors to None, run_after=None
[2026-04-02T05:08:41.494+0530] {processor.py:183} INFO - Processing /Users/aswin/Documents/data-engineering-practice/ETL_Airflow_DBT/airflow/airflow_env/lib/python3.11/site-packages/airflow/example_dags/example_sensors.py took 0.083 seconds
[2026-04-02T05:09:12.734+0530] {processor.py:161} INFO - Started process (PID=16808) to work on /Users/aswin/Documents/data-engineering-practice/ETL_Airflow_DBT/airflow/airflow_env/lib/python3.11/site-packages/airflow/example_dags/example_sensors.py
[2026-04-02T05:09:12.734+0530] {processor.py:830} INFO - Processing file /Users/aswin/Documents/data-engineering-practice/ETL_Airflow_DBT/airflow/airflow_env/lib/python3.11/site-packages/airflow/example_dags/example_sensors.py for tasks to queue
[2026-04-02T05:09:12.734+0530] {logging_mixin.py:188} INFO - [2026-04-02T05:09:12.734+0530] {dagbag.py:540} INFO - Filling up the DagBag from /Users/aswin/Documents/data-engineering-practice/ETL_Airflow_DBT/airflow/airflow_env/lib/python3.11/site-packages/airflow/example_dags/example_sensors.py
[2026-04-02T05:09:12.742+0530] {processor.py:840} INFO - DAG(s) 'example_sensors' retrieved from /Users/aswin/Documents/data-engineering-practice/ETL_Airflow_DBT/airflow/airflow_env/lib/python3.11/site-packages/airflow/example_dags/example_sensors.py
[2026-04-02T05:09:12.803+0530] {logging_mixin.py:188} INFO - [2026-04-02T05:09:12.803+0530] {dag.py:3096} INFO - Sync 1 DAGs
[2026-04-02T05:09:12.808+0530] {logging_mixin.py:188} INFO - [2026-04-02T05:09:12.808+0530] {dag.py:3954} INFO - Setting next_dagrun for example_sensors to None, run_after=None
[2026-04-02T05:09:12.817+0530] {processor.py:183} INFO - Processing /Users/aswin/Documents/data-engineering-practice/ETL_Airflow_DBT/airflow/airflow_env/lib/python3.11/site-packages/airflow/example_dags/example_sensors.py took 0.084 seconds
[2026-04-02T05:09:44.122+0530] {processor.py:161} INFO - Started process (PID=16925) to work on /Users/aswin/Documents/data-engineering-practice/ETL_Airflow_DBT/airflow/airflow_env/lib/python3.11/site-packages/airflow/example_dags/example_sensors.py
[2026-04-02T05:09:44.123+0530] {processor.py:830} INFO - Processing file /Users/aswin/Documents/data-engineering-practice/ETL_Airflow_DBT/airflow/airflow_env/lib/python3.11/site-packages/airflow/example_dags/example_sensors.py for tasks to queue
[2026-04-02T05:09:44.123+0530] {logging_mixin.py:188} INFO - [2026-04-02T05:09:44.123+0530] {dagbag.py:540} INFO - Filling up the DagBag from /Users/aswin/Documents/data-engineering-practice/ETL_Airflow_DBT/airflow/airflow_env/lib/python3.11/site-packages/airflow/example_dags/example_sensors.py
[2026-04-02T05:09:44.131+0530] {processor.py:840} INFO - DAG(s) 'example_sensors' retrieved from /Users/aswin/Documents/data-engineering-practice/ETL_Airflow_DBT/airflow/airflow_env/lib/python3.11/site-packages/airflow/example_dags/example_sensors.py
[2026-04-02T05:09:44.192+0530] {logging_mixin.py:188} INFO - [2026-04-02T05:09:44.192+0530] {dag.py:3096} INFO - Sync 1 DAGs
[2026-04-02T05:09:44.197+0530] {logging_mixin.py:188} INFO - [2026-04-02T05:09:44.197+0530] {dag.py:3954} INFO - Setting next_dagrun for example_sensors to None, run_after=None
[2026-04-02T05:09:44.223+0530] {processor.py:183} INFO - Processing /Users/aswin/Documents/data-engineering-practice/ETL_Airflow_DBT/airflow/airflow_env/lib/python3.11/site-packages/airflow/example_dags/example_sensors.py took 0.102 seconds
[2026-04-02T05:10:15.376+0530] {processor.py:161} INFO - Started process (PID=17052) to work on /Users/aswin/Documents/data-engineering-practice/ETL_Airflow_DBT/airflow/airflow_env/lib/python3.11/site-packages/airflow/example_dags/example_sensors.py
[2026-04-02T05:10:15.377+0530] {processor.py:830} INFO - Processing file /Users/aswin/Documents/data-engineering-practice/ETL_Airflow_DBT/airflow/airflow_env/lib/python3.11/site-packages/airflow/example_dags/example_sensors.py for tasks to queue
[2026-04-02T05:10:15.378+0530] {logging_mixin.py:188} INFO - [2026-04-02T05:10:15.378+0530] {dagbag.py:540} INFO - Filling up the DagBag from /Users/aswin/Documents/data-engineering-practice/ETL_Airflow_DBT/airflow/airflow_env/lib/python3.11/site-packages/airflow/example_dags/example_sensors.py
[2026-04-02T05:10:15.385+0530] {processor.py:840} INFO - DAG(s) 'example_sensors' retrieved from /Users/aswin/Documents/data-engineering-practice/ETL_Airflow_DBT/airflow/airflow_env/lib/python3.11/site-packages/airflow/example_dags/example_sensors.py
[2026-04-02T05:10:15.444+0530] {logging_mixin.py:188} INFO - [2026-04-02T05:10:15.444+0530] {dag.py:3096} INFO - Sync 1 DAGs
[2026-04-02T05:10:15.450+0530] {logging_mixin.py:188} INFO - [2026-04-02T05:10:15.450+0530] {dag.py:3954} INFO - Setting next_dagrun for example_sensors to None, run_after=None
[2026-04-02T05:10:15.458+0530] {processor.py:183} INFO - Processing /Users/aswin/Documents/data-engineering-practice/ETL_Airflow_DBT/airflow/airflow_env/lib/python3.11/site-packages/airflow/example_dags/example_sensors.py took 0.083 seconds
[2026-04-02T05:10:46.451+0530] {processor.py:161} INFO - Started process (PID=17171) to work on /Users/aswin/Documents/data-engineering-practice/ETL_Airflow_DBT/airflow/airflow_env/lib/python3.11/site-packages/airflow/example_dags/example_sensors.py
[2026-04-02T05:10:46.452+0530] {processor.py:830} INFO - Processing file /Users/aswin/Documents/data-engineering-practice/ETL_Airflow_DBT/airflow/airflow_env/lib/python3.11/site-packages/airflow/example_dags/example_sensors.py for tasks to queue
[2026-04-02T05:10:46.452+0530] {logging_mixin.py:188} INFO - [2026-04-02T05:10:46.452+0530] {dagbag.py:540} INFO - Filling up the DagBag from /Users/aswin/Documents/data-engineering-practice/ETL_Airflow_DBT/airflow/airflow_env/lib/python3.11/site-packages/airflow/example_dags/example_sensors.py
[2026-04-02T05:10:46.460+0530] {processor.py:840} INFO - DAG(s) 'example_sensors' retrieved from /Users/aswin/Documents/data-engineering-practice/ETL_Airflow_DBT/airflow/airflow_env/lib/python3.11/site-packages/airflow/example_dags/example_sensors.py
[2026-04-02T05:10:46.518+0530] {logging_mixin.py:188} INFO - [2026-04-02T05:10:46.518+0530] {dag.py:3096} INFO - Sync 1 DAGs
[2026-04-02T05:10:46.524+0530] {logging_mixin.py:188} INFO - [2026-04-02T05:10:46.524+0530] {dag.py:3954} INFO - Setting next_dagrun for example_sensors to None, run_after=None
[2026-04-02T05:10:46.532+0530] {processor.py:183} INFO - Processing /Users/aswin/Documents/data-engineering-practice/ETL_Airflow_DBT/airflow/airflow_env/lib/python3.11/site-packages/airflow/example_dags/example_sensors.py took 0.083 seconds
[2026-04-02T05:11:17.489+0530] {processor.py:161} INFO - Started process (PID=17288) to work on /Users/aswin/Documents/data-engineering-practice/ETL_Airflow_DBT/airflow/airflow_env/lib/python3.11/site-packages/airflow/example_dags/example_sensors.py
[2026-04-02T05:11:17.489+0530] {processor.py:830} INFO - Processing file /Users/aswin/Documents/data-engineering-practice/ETL_Airflow_DBT/airflow/airflow_env/lib/python3.11/site-packages/airflow/example_dags/example_sensors.py for tasks to queue
[2026-04-02T05:11:17.489+0530] {logging_mixin.py:188} INFO - [2026-04-02T05:11:17.489+0530] {dagbag.py:540} INFO - Filling up the DagBag from /Users/aswin/Documents/data-engineering-practice/ETL_Airflow_DBT/airflow/airflow_env/lib/python3.11/site-packages/airflow/example_dags/example_sensors.py
[2026-04-02T05:11:17.496+0530] {processor.py:840} INFO - DAG(s) 'example_sensors' retrieved from /Users/aswin/Documents/data-engineering-practice/ETL_Airflow_DBT/airflow/airflow_env/lib/python3.11/site-packages/airflow/example_dags/example_sensors.py
[2026-04-02T05:11:17.553+0530] {logging_mixin.py:188} INFO - [2026-04-02T05:11:17.553+0530] {dag.py:3096} INFO - Sync 1 DAGs
[2026-04-02T05:11:17.560+0530] {logging_mixin.py:188} INFO - [2026-04-02T05:11:17.560+0530] {dag.py:3954} INFO - Setting next_dagrun for example_sensors to None, run_after=None
[2026-04-02T05:11:17.568+0530] {processor.py:183} INFO - Processing /Users/aswin/Documents/data-engineering-practice/ETL_Airflow_DBT/airflow/airflow_env/lib/python3.11/site-packages/airflow/example_dags/example_sensors.py took 0.081 seconds
[2026-04-02T05:11:48.728+0530] {processor.py:161} INFO - Started process (PID=17402) to work on /Users/aswin/Documents/data-engineering-practice/ETL_Airflow_DBT/airflow/airflow_env/lib/python3.11/site-packages/airflow/example_dags/example_sensors.py
[2026-04-02T05:11:48.728+0530] {processor.py:830} INFO - Processing file /Users/aswin/Documents/data-engineering-practice/ETL_Airflow_DBT/airflow/airflow_env/lib/python3.11/site-packages/airflow/example_dags/example_sensors.py for tasks to queue
[2026-04-02T05:11:48.728+0530] {logging_mixin.py:188} INFO - [2026-04-02T05:11:48.728+0530] {dagbag.py:540} INFO - Filling up the DagBag from /Users/aswin/Documents/data-engineering-practice/ETL_Airflow_DBT/airflow/airflow_env/lib/python3.11/site-packages/airflow/example_dags/example_sensors.py
[2026-04-02T05:11:48.735+0530] {processor.py:840} INFO - DAG(s) 'example_sensors' retrieved from /Users/aswin/Documents/data-engineering-practice/ETL_Airflow_DBT/airflow/airflow_env/lib/python3.11/site-packages/airflow/example_dags/example_sensors.py
[2026-04-02T05:11:48.797+0530] {logging_mixin.py:188} INFO - [2026-04-02T05:11:48.796+0530] {dag.py:3096} INFO - Sync 1 DAGs
[2026-04-02T05:11:48.803+0530] {logging_mixin.py:188} INFO - [2026-04-02T05:11:48.803+0530] {dag.py:3954} INFO - Setting next_dagrun for example_sensors to None, run_after=None
[2026-04-02T05:11:48.813+0530] {processor.py:183} INFO - Processing /Users/aswin/Documents/data-engineering-practice/ETL_Airflow_DBT/airflow/airflow_env/lib/python3.11/site-packages/airflow/example_dags/example_sensors.py took 0.086 seconds
[2026-04-02T05:12:19.687+0530] {processor.py:161} INFO - Started process (PID=17514) to work on /Users/aswin/Documents/data-engineering-practice/ETL_Airflow_DBT/airflow/airflow_env/lib/python3.11/site-packages/airflow/example_dags/example_sensors.py
[2026-04-02T05:12:19.688+0530] {processor.py:830} INFO - Processing file /Users/aswin/Documents/data-engineering-practice/ETL_Airflow_DBT/airflow/airflow_env/lib/python3.11/site-packages/airflow/example_dags/example_sensors.py for tasks to queue
[2026-04-02T05:12:19.688+0530] {logging_mixin.py:188} INFO - [2026-04-02T05:12:19.688+0530] {dagbag.py:540} INFO - Filling up the DagBag from /Users/aswin/Documents/data-engineering-practice/ETL_Airflow_DBT/airflow/airflow_env/lib/python3.11/site-packages/airflow/example_dags/example_sensors.py
[2026-04-02T05:12:19.695+0530] {processor.py:840} INFO - DAG(s) 'example_sensors' retrieved from /Users/aswin/Documents/data-engineering-practice/ETL_Airflow_DBT/airflow/airflow_env/lib/python3.11/site-packages/airflow/example_dags/example_sensors.py
[2026-04-02T05:12:19.753+0530] {logging_mixin.py:188} INFO - [2026-04-02T05:12:19.753+0530] {dag.py:3096} INFO - Sync 1 DAGs
[2026-04-02T05:12:19.758+0530] {logging_mixin.py:188} INFO - [2026-04-02T05:12:19.758+0530] {dag.py:3954} INFO - Setting next_dagrun for example_sensors to None, run_after=None
[2026-04-02T05:12:19.767+0530] {processor.py:183} INFO - Processing /Users/aswin/Documents/data-engineering-practice/ETL_Airflow_DBT/airflow/airflow_env/lib/python3.11/site-packages/airflow/example_dags/example_sensors.py took 0.081 seconds
[2026-04-02T05:14:49.827+0530] {processor.py:161} INFO - Started process (PID=17674) to work on /Users/aswin/Documents/data-engineering-practice/ETL_Airflow_DBT/airflow/airflow_env/lib/python3.11/site-packages/airflow/example_dags/example_sensors.py
[2026-04-02T05:14:49.828+0530] {processor.py:830} INFO - Processing file /Users/aswin/Documents/data-engineering-practice/ETL_Airflow_DBT/airflow/airflow_env/lib/python3.11/site-packages/airflow/example_dags/example_sensors.py for tasks to queue
[2026-04-02T05:14:49.828+0530] {logging_mixin.py:188} INFO - [2026-04-02T05:14:49.828+0530] {dagbag.py:540} INFO - Filling up the DagBag from /Users/aswin/Documents/data-engineering-practice/ETL_Airflow_DBT/airflow/airflow_env/lib/python3.11/site-packages/airflow/example_dags/example_sensors.py
[2026-04-02T05:14:49.835+0530] {processor.py:840} INFO - DAG(s) 'example_sensors' retrieved from /Users/aswin/Documents/data-engineering-practice/ETL_Airflow_DBT/airflow/airflow_env/lib/python3.11/site-packages/airflow/example_dags/example_sensors.py
[2026-04-02T05:14:49.893+0530] {logging_mixin.py:188} INFO - [2026-04-02T05:14:49.893+0530] {dag.py:3096} INFO - Sync 1 DAGs
[2026-04-02T05:14:49.898+0530] {logging_mixin.py:188} INFO - [2026-04-02T05:14:49.898+0530] {dag.py:3954} INFO - Setting next_dagrun for example_sensors to None, run_after=None
[2026-04-02T05:14:49.907+0530] {processor.py:183} INFO - Processing /Users/aswin/Documents/data-engineering-practice/ETL_Airflow_DBT/airflow/airflow_env/lib/python3.11/site-packages/airflow/example_dags/example_sensors.py took 0.081 seconds
[2026-04-02T05:15:20.779+0530] {processor.py:161} INFO - Started process (PID=17811) to work on /Users/aswin/Documents/data-engineering-practice/ETL_Airflow_DBT/airflow/airflow_env/lib/python3.11/site-packages/airflow/example_dags/example_sensors.py
[2026-04-02T05:15:20.779+0530] {processor.py:830} INFO - Processing file /Users/aswin/Documents/data-engineering-practice/ETL_Airflow_DBT/airflow/airflow_env/lib/python3.11/site-packages/airflow/example_dags/example_sensors.py for tasks to queue
[2026-04-02T05:15:20.780+0530] {logging_mixin.py:188} INFO - [2026-04-02T05:15:20.780+0530] {dagbag.py:540} INFO - Filling up the DagBag from /Users/aswin/Documents/data-engineering-practice/ETL_Airflow_DBT/airflow/airflow_env/lib/python3.11/site-packages/airflow/example_dags/example_sensors.py
[2026-04-02T05:15:20.787+0530] {processor.py:840} INFO - DAG(s) 'example_sensors' retrieved from /Users/aswin/Documents/data-engineering-practice/ETL_Airflow_DBT/airflow/airflow_env/lib/python3.11/site-packages/airflow/example_dags/example_sensors.py
[2026-04-02T05:15:20.845+0530] {logging_mixin.py:188} INFO - [2026-04-02T05:15:20.845+0530] {dag.py:3096} INFO - Sync 1 DAGs
[2026-04-02T05:15:20.850+0530] {logging_mixin.py:188} INFO - [2026-04-02T05:15:20.850+0530] {dag.py:3954} INFO - Setting next_dagrun for example_sensors to None, run_after=None
[2026-04-02T05:15:20.859+0530] {processor.py:183} INFO - Processing /Users/aswin/Documents/data-engineering-practice/ETL_Airflow_DBT/airflow/airflow_env/lib/python3.11/site-packages/airflow/example_dags/example_sensors.py took 0.082 seconds
[2026-04-02T05:15:52.122+0530] {processor.py:161} INFO - Started process (PID=17938) to work on /Users/aswin/Documents/data-engineering-practice/ETL_Airflow_DBT/airflow/airflow_env/lib/python3.11/site-packages/airflow/example_dags/example_sensors.py
[2026-04-02T05:15:52.123+0530] {processor.py:830} INFO - Processing file /Users/aswin/Documents/data-engineering-practice/ETL_Airflow_DBT/airflow/airflow_env/lib/python3.11/site-packages/airflow/example_dags/example_sensors.py for tasks to queue
[2026-04-02T05:15:52.123+0530] {logging_mixin.py:188} INFO - [2026-04-02T05:15:52.123+0530] {dagbag.py:540} INFO - Filling up the DagBag from /Users/aswin/Documents/data-engineering-practice/ETL_Airflow_DBT/airflow/airflow_env/lib/python3.11/site-packages/airflow/example_dags/example_sensors.py
[2026-04-02T05:15:52.129+0530] {processor.py:840} INFO - DAG(s) 'example_sensors' retrieved from /Users/aswin/Documents/data-engineering-practice/ETL_Airflow_DBT/airflow/airflow_env/lib/python3.11/site-packages/airflow/example_dags/example_sensors.py
[2026-04-02T05:15:52.189+0530] {logging_mixin.py:188} INFO - [2026-04-02T05:15:52.188+0530] {dag.py:3096} INFO - Sync 1 DAGs
[2026-04-02T05:15:52.194+0530] {logging_mixin.py:188} INFO - [2026-04-02T05:15:52.194+0530] {dag.py:3954} INFO - Setting next_dagrun for example_sensors to None, run_after=None
[2026-04-02T05:15:52.202+0530] {processor.py:183} INFO - Processing /Users/aswin/Documents/data-engineering-practice/ETL_Airflow_DBT/airflow/airflow_env/lib/python3.11/site-packages/airflow/example_dags/example_sensors.py took 0.081 seconds
[2026-04-02T05:16:23.529+0530] {processor.py:161} INFO - Started process (PID=18067) to work on /Users/aswin/Documents/data-engineering-practice/ETL_Airflow_DBT/airflow/airflow_env/lib/python3.11/site-packages/airflow/example_dags/example_sensors.py
[2026-04-02T05:16:23.530+0530] {processor.py:830} INFO - Processing file /Users/aswin/Documents/data-engineering-practice/ETL_Airflow_DBT/airflow/airflow_env/lib/python3.11/site-packages/airflow/example_dags/example_sensors.py for tasks to queue
[2026-04-02T05:16:23.530+0530] {logging_mixin.py:188} INFO - [2026-04-02T05:16:23.530+0530] {dagbag.py:540} INFO - Filling up the DagBag from /Users/aswin/Documents/data-engineering-practice/ETL_Airflow_DBT/airflow/airflow_env/lib/python3.11/site-packages/airflow/example_dags/example_sensors.py
[2026-04-02T05:16:23.538+0530] {processor.py:840} INFO - DAG(s) 'example_sensors' retrieved from /Users/aswin/Documents/data-engineering-practice/ETL_Airflow_DBT/airflow/airflow_env/lib/python3.11/site-packages/airflow/example_dags/example_sensors.py
[2026-04-02T05:16:23.595+0530] {logging_mixin.py:188} INFO - [2026-04-02T05:16:23.595+0530] {dag.py:3096} INFO - Sync 1 DAGs
[2026-04-02T05:16:23.602+0530] {logging_mixin.py:188} INFO - [2026-04-02T05:16:23.602+0530] {dag.py:3954} INFO - Setting next_dagrun for example_sensors to None, run_after=None
[2026-04-02T05:16:23.610+0530] {processor.py:183} INFO - Processing /Users/aswin/Documents/data-engineering-practice/ETL_Airflow_DBT/airflow/airflow_env/lib/python3.11/site-packages/airflow/example_dags/example_sensors.py took 0.082 seconds
[2026-04-02T05:16:54.683+0530] {processor.py:161} INFO - Started process (PID=18193) to work on /Users/aswin/Documents/data-engineering-practice/ETL_Airflow_DBT/airflow/airflow_env/lib/python3.11/site-packages/airflow/example_dags/example_sensors.py
[2026-04-02T05:16:54.684+0530] {processor.py:830} INFO - Processing file /Users/aswin/Documents/data-engineering-practice/ETL_Airflow_DBT/airflow/airflow_env/lib/python3.11/site-packages/airflow/example_dags/example_sensors.py for tasks to queue
[2026-04-02T05:16:54.684+0530] {logging_mixin.py:188} INFO - [2026-04-02T05:16:54.684+0530] {dagbag.py:540} INFO - Filling up the DagBag from /Users/aswin/Documents/data-engineering-practice/ETL_Airflow_DBT/airflow/airflow_env/lib/python3.11/site-packages/airflow/example_dags/example_sensors.py
[2026-04-02T05:16:54.691+0530] {processor.py:840} INFO - DAG(s) 'example_sensors' retrieved from /Users/aswin/Documents/data-engineering-practice/ETL_Airflow_DBT/airflow/airflow_env/lib/python3.11/site-packages/airflow/example_dags/example_sensors.py
[2026-04-02T05:16:54.751+0530] {logging_mixin.py:188} INFO - [2026-04-02T05:16:54.750+0530] {dag.py:3096} INFO - Sync 1 DAGs
[2026-04-02T05:16:54.756+0530] {logging_mixin.py:188} INFO - [2026-04-02T05:16:54.756+0530] {dag.py:3954} INFO - Setting next_dagrun for example_sensors to None, run_after=None
[2026-04-02T05:16:54.765+0530] {processor.py:183} INFO - Processing /Users/aswin/Documents/data-engineering-practice/ETL_Airflow_DBT/airflow/airflow_env/lib/python3.11/site-packages/airflow/example_dags/example_sensors.py took 0.083 seconds
[2026-04-02T05:17:26.217+0530] {processor.py:161} INFO - Started process (PID=18328) to work on /Users/aswin/Documents/data-engineering-practice/ETL_Airflow_DBT/airflow/airflow_env/lib/python3.11/site-packages/airflow/example_dags/example_sensors.py
[2026-04-02T05:17:26.219+0530] {processor.py:830} INFO - Processing file /Users/aswin/Documents/data-engineering-practice/ETL_Airflow_DBT/airflow/airflow_env/lib/python3.11/site-packages/airflow/example_dags/example_sensors.py for tasks to queue
[2026-04-02T05:17:26.219+0530] {logging_mixin.py:188} INFO - [2026-04-02T05:17:26.219+0530] {dagbag.py:540} INFO - Filling up the DagBag from /Users/aswin/Documents/data-engineering-practice/ETL_Airflow_DBT/airflow/airflow_env/lib/python3.11/site-packages/airflow/example_dags/example_sensors.py
[2026-04-02T05:17:26.226+0530] {processor.py:840} INFO - DAG(s) 'example_sensors' retrieved from /Users/aswin/Documents/data-engineering-practice/ETL_Airflow_DBT/airflow/airflow_env/lib/python3.11/site-packages/airflow/example_dags/example_sensors.py
[2026-04-02T05:17:26.289+0530] {logging_mixin.py:188} INFO - [2026-04-02T05:17:26.289+0530] {dag.py:3096} INFO - Sync 1 DAGs
[2026-04-02T05:17:26.299+0530] {logging_mixin.py:188} INFO - [2026-04-02T05:17:26.299+0530] {dag.py:3954} INFO - Setting next_dagrun for example_sensors to None, run_after=None
[2026-04-02T05:17:26.309+0530] {processor.py:183} INFO - Processing /Users/aswin/Documents/data-engineering-practice/ETL_Airflow_DBT/airflow/airflow_env/lib/python3.11/site-packages/airflow/example_dags/example_sensors.py took 0.092 seconds
[2026-04-02T05:17:57.312+0530] {processor.py:161} INFO - Started process (PID=18458) to work on /Users/aswin/Documents/data-engineering-practice/ETL_Airflow_DBT/airflow/airflow_env/lib/python3.11/site-packages/airflow/example_dags/example_sensors.py
[2026-04-02T05:17:57.313+0530] {processor.py:830} INFO - Processing file /Users/aswin/Documents/data-engineering-practice/ETL_Airflow_DBT/airflow/airflow_env/lib/python3.11/site-packages/airflow/example_dags/example_sensors.py for tasks to queue
[2026-04-02T05:17:57.313+0530] {logging_mixin.py:188} INFO - [2026-04-02T05:17:57.313+0530] {dagbag.py:540} INFO - Filling up the DagBag from /Users/aswin/Documents/data-engineering-practice/ETL_Airflow_DBT/airflow/airflow_env/lib/python3.11/site-packages/airflow/example_dags/example_sensors.py
[2026-04-02T05:17:57.320+0530] {processor.py:840} INFO - DAG(s) 'example_sensors' retrieved from /Users/aswin/Documents/data-engineering-practice/ETL_Airflow_DBT/airflow/airflow_env/lib/python3.11/site-packages/airflow/example_dags/example_sensors.py
[2026-04-02T05:17:57.377+0530] {logging_mixin.py:188} INFO - [2026-04-02T05:17:57.377+0530] {dag.py:3096} INFO - Sync 1 DAGs
[2026-04-02T05:17:57.383+0530] {logging_mixin.py:188} INFO - [2026-04-02T05:17:57.383+0530] {dag.py:3954} INFO - Setting next_dagrun for example_sensors to None, run_after=None
[2026-04-02T05:17:57.393+0530] {processor.py:183} INFO - Processing /Users/aswin/Documents/data-engineering-practice/ETL_Airflow_DBT/airflow/airflow_env/lib/python3.11/site-packages/airflow/example_dags/example_sensors.py took 0.082 seconds
[2026-04-02T05:18:28.718+0530] {processor.py:161} INFO - Started process (PID=18585) to work on /Users/aswin/Documents/data-engineering-practice/ETL_Airflow_DBT/airflow/airflow_env/lib/python3.11/site-packages/airflow/example_dags/example_sensors.py
[2026-04-02T05:18:28.720+0530] {processor.py:830} INFO - Processing file /Users/aswin/Documents/data-engineering-practice/ETL_Airflow_DBT/airflow/airflow_env/lib/python3.11/site-packages/airflow/example_dags/example_sensors.py for tasks to queue
[2026-04-02T05:18:28.720+0530] {logging_mixin.py:188} INFO - [2026-04-02T05:18:28.720+0530] {dagbag.py:540} INFO - Filling up the DagBag from /Users/aswin/Documents/data-engineering-practice/ETL_Airflow_DBT/airflow/airflow_env/lib/python3.11/site-packages/airflow/example_dags/example_sensors.py
[2026-04-02T05:18:28.727+0530] {processor.py:840} INFO - DAG(s) 'example_sensors' retrieved from /Users/aswin/Documents/data-engineering-practice/ETL_Airflow_DBT/airflow/airflow_env/lib/python3.11/site-packages/airflow/example_dags/example_sensors.py
[2026-04-02T05:18:28.784+0530] {logging_mixin.py:188} INFO - [2026-04-02T05:18:28.784+0530] {dag.py:3096} INFO - Sync 1 DAGs
[2026-04-02T05:18:28.790+0530] {logging_mixin.py:188} INFO - [2026-04-02T05:18:28.790+0530] {dag.py:3954} INFO - Setting next_dagrun for example_sensors to None, run_after=None
[2026-04-02T05:18:28.799+0530] {processor.py:183} INFO - Processing /Users/aswin/Documents/data-engineering-practice/ETL_Airflow_DBT/airflow/airflow_env/lib/python3.11/site-packages/airflow/example_dags/example_sensors.py took 0.081 seconds
[2026-04-02T05:18:59.966+0530] {processor.py:161} INFO - Started process (PID=18709) to work on /Users/aswin/Documents/data-engineering-practice/ETL_Airflow_DBT/airflow/airflow_env/lib/python3.11/site-packages/airflow/example_dags/example_sensors.py
[2026-04-02T05:18:59.967+0530] {processor.py:830} INFO - Processing file /Users/aswin/Documents/data-engineering-practice/ETL_Airflow_DBT/airflow/airflow_env/lib/python3.11/site-packages/airflow/example_dags/example_sensors.py for tasks to queue
[2026-04-02T05:18:59.967+0530] {logging_mixin.py:188} INFO - [2026-04-02T05:18:59.967+0530] {dagbag.py:540} INFO - Filling up the DagBag from /Users/aswin/Documents/data-engineering-practice/ETL_Airflow_DBT/airflow/airflow_env/lib/python3.11/site-packages/airflow/example_dags/example_sensors.py
[2026-04-02T05:18:59.974+0530] {processor.py:840} INFO - DAG(s) 'example_sensors' retrieved from /Users/aswin/Documents/data-engineering-practice/ETL_Airflow_DBT/airflow/airflow_env/lib/python3.11/site-packages/airflow/example_dags/example_sensors.py
[2026-04-02T05:19:00.031+0530] {logging_mixin.py:188} INFO - [2026-04-02T05:19:00.030+0530] {dag.py:3096} INFO - Sync 1 DAGs
[2026-04-02T05:19:00.036+0530] {logging_mixin.py:188} INFO - [2026-04-02T05:19:00.036+0530] {dag.py:3954} INFO - Setting next_dagrun for example_sensors to None, run_after=None
[2026-04-02T05:19:00.045+0530] {processor.py:183} INFO - Processing /Users/aswin/Documents/data-engineering-practice/ETL_Airflow_DBT/airflow/airflow_env/lib/python3.11/site-packages/airflow/example_dags/example_sensors.py took 0.080 seconds
[2026-04-02T05:19:30.978+0530] {processor.py:161} INFO - Started process (PID=18834) to work on /Users/aswin/Documents/data-engineering-practice/ETL_Airflow_DBT/airflow/airflow_env/lib/python3.11/site-packages/airflow/example_dags/example_sensors.py
[2026-04-02T05:19:30.979+0530] {processor.py:830} INFO - Processing file /Users/aswin/Documents/data-engineering-practice/ETL_Airflow_DBT/airflow/airflow_env/lib/python3.11/site-packages/airflow/example_dags/example_sensors.py for tasks to queue
[2026-04-02T05:19:30.980+0530] {logging_mixin.py:188} INFO - [2026-04-02T05:19:30.980+0530] {dagbag.py:540} INFO - Filling up the DagBag from /Users/aswin/Documents/data-engineering-practice/ETL_Airflow_DBT/airflow/airflow_env/lib/python3.11/site-packages/airflow/example_dags/example_sensors.py
[2026-04-02T05:19:30.987+0530] {processor.py:840} INFO - DAG(s) 'example_sensors' retrieved from /Users/aswin/Documents/data-engineering-practice/ETL_Airflow_DBT/airflow/airflow_env/lib/python3.11/site-packages/airflow/example_dags/example_sensors.py
[2026-04-02T05:19:31.044+0530] {logging_mixin.py:188} INFO - [2026-04-02T05:19:31.044+0530] {dag.py:3096} INFO - Sync 1 DAGs
[2026-04-02T05:19:31.050+0530] {logging_mixin.py:188} INFO - [2026-04-02T05:19:31.050+0530] {dag.py:3954} INFO - Setting next_dagrun for example_sensors to None, run_after=None
[2026-04-02T05:19:31.058+0530] {processor.py:183} INFO - Processing /Users/aswin/Documents/data-engineering-practice/ETL_Airflow_DBT/airflow/airflow_env/lib/python3.11/site-packages/airflow/example_dags/example_sensors.py took 0.081 seconds
[2026-04-02T05:20:02.489+0530] {processor.py:161} INFO - Started process (PID=18961) to work on /Users/aswin/Documents/data-engineering-practice/ETL_Airflow_DBT/airflow/airflow_env/lib/python3.11/site-packages/airflow/example_dags/example_sensors.py
[2026-04-02T05:20:02.490+0530] {processor.py:830} INFO - Processing file /Users/aswin/Documents/data-engineering-practice/ETL_Airflow_DBT/airflow/airflow_env/lib/python3.11/site-packages/airflow/example_dags/example_sensors.py for tasks to queue
[2026-04-02T05:20:02.490+0530] {logging_mixin.py:188} INFO - [2026-04-02T05:20:02.490+0530] {dagbag.py:540} INFO - Filling up the DagBag from /Users/aswin/Documents/data-engineering-practice/ETL_Airflow_DBT/airflow/airflow_env/lib/python3.11/site-packages/airflow/example_dags/example_sensors.py
[2026-04-02T05:20:02.497+0530] {processor.py:840} INFO - DAG(s) 'example_sensors' retrieved from /Users/aswin/Documents/data-engineering-practice/ETL_Airflow_DBT/airflow/airflow_env/lib/python3.11/site-packages/airflow/example_dags/example_sensors.py
[2026-04-02T05:20:02.557+0530] {logging_mixin.py:188} INFO - [2026-04-02T05:20:02.556+0530] {dag.py:3096} INFO - Sync 1 DAGs
[2026-04-02T05:20:02.563+0530] {logging_mixin.py:188} INFO - [2026-04-02T05:20:02.562+0530] {dag.py:3954} INFO - Setting next_dagrun for example_sensors to None, run_after=None
[2026-04-02T05:20:02.571+0530] {processor.py:183} INFO - Processing /Users/aswin/Documents/data-engineering-practice/ETL_Airflow_DBT/airflow/airflow_env/lib/python3.11/site-packages/airflow/example_dags/example_sensors.py took 0.083 seconds
[2026-04-02T05:20:33.814+0530] {processor.py:161} INFO - Started process (PID=19100) to work on /Users/aswin/Documents/data-engineering-practice/ETL_Airflow_DBT/airflow/airflow_env/lib/python3.11/site-packages/airflow/example_dags/example_sensors.py
[2026-04-02T05:20:33.815+0530] {processor.py:830} INFO - Processing file /Users/aswin/Documents/data-engineering-practice/ETL_Airflow_DBT/airflow/airflow_env/lib/python3.11/site-packages/airflow/example_dags/example_sensors.py for tasks to queue
[2026-04-02T05:20:33.816+0530] {logging_mixin.py:188} INFO - [2026-04-02T05:20:33.816+0530] {dagbag.py:540} INFO - Filling up the DagBag from /Users/aswin/Documents/data-engineering-practice/ETL_Airflow_DBT/airflow/airflow_env/lib/python3.11/site-packages/airflow/example_dags/example_sensors.py
[2026-04-02T05:20:33.823+0530] {processor.py:840} INFO - DAG(s) 'example_sensors' retrieved from /Users/aswin/Documents/data-engineering-practice/ETL_Airflow_DBT/airflow/airflow_env/lib/python3.11/site-packages/airflow/example_dags/example_sensors.py
[2026-04-02T05:20:33.881+0530] {logging_mixin.py:188} INFO - [2026-04-02T05:20:33.881+0530] {dag.py:3096} INFO - Sync 1 DAGs
[2026-04-02T05:20:33.887+0530] {logging_mixin.py:188} INFO - [2026-04-02T05:20:33.887+0530] {dag.py:3954} INFO - Setting next_dagrun for example_sensors to None, run_after=None
[2026-04-02T05:20:33.894+0530] {processor.py:183} INFO - Processing /Users/aswin/Documents/data-engineering-practice/ETL_Airflow_DBT/airflow/airflow_env/lib/python3.11/site-packages/airflow/example_dags/example_sensors.py took 0.081 seconds
[2026-04-02T05:21:04.887+0530] {processor.py:161} INFO - Started process (PID=19225) to work on /Users/aswin/Documents/data-engineering-practice/ETL_Airflow_DBT/airflow/airflow_env/lib/python3.11/site-packages/airflow/example_dags/example_sensors.py
[2026-04-02T05:21:04.888+0530] {processor.py:830} INFO - Processing file /Users/aswin/Documents/data-engineering-practice/ETL_Airflow_DBT/airflow/airflow_env/lib/python3.11/site-packages/airflow/example_dags/example_sensors.py for tasks to queue
[2026-04-02T05:21:04.888+0530] {logging_mixin.py:188} INFO - [2026-04-02T05:21:04.888+0530] {dagbag.py:540} INFO - Filling up the DagBag from /Users/aswin/Documents/data-engineering-practice/ETL_Airflow_DBT/airflow/airflow_env/lib/python3.11/site-packages/airflow/example_dags/example_sensors.py
[2026-04-02T05:21:04.896+0530] {processor.py:840} INFO - DAG(s) 'example_sensors' retrieved from /Users/aswin/Documents/data-engineering-practice/ETL_Airflow_DBT/airflow/airflow_env/lib/python3.11/site-packages/airflow/example_dags/example_sensors.py
[2026-04-02T05:21:04.955+0530] {logging_mixin.py:188} INFO - [2026-04-02T05:21:04.955+0530] {dag.py:3096} INFO - Sync 1 DAGs
[2026-04-02T05:21:04.961+0530] {logging_mixin.py:188} INFO - [2026-04-02T05:21:04.961+0530] {dag.py:3954} INFO - Setting next_dagrun for example_sensors to None, run_after=None
[2026-04-02T05:21:04.969+0530] {processor.py:183} INFO - Processing /Users/aswin/Documents/data-engineering-practice/ETL_Airflow_DBT/airflow/airflow_env/lib/python3.11/site-packages/airflow/example_dags/example_sensors.py took 0.083 seconds
[2026-04-02T05:21:35.653+0530] {processor.py:161} INFO - Started process (PID=19349) to work on /Users/aswin/Documents/data-engineering-practice/ETL_Airflow_DBT/airflow/airflow_env/lib/python3.11/site-packages/airflow/example_dags/example_sensors.py
[2026-04-02T05:21:35.654+0530] {processor.py:830} INFO - Processing file /Users/aswin/Documents/data-engineering-practice/ETL_Airflow_DBT/airflow/airflow_env/lib/python3.11/site-packages/airflow/example_dags/example_sensors.py for tasks to queue
[2026-04-02T05:21:35.654+0530] {logging_mixin.py:188} INFO - [2026-04-02T05:21:35.654+0530] {dagbag.py:540} INFO - Filling up the DagBag from /Users/aswin/Documents/data-engineering-practice/ETL_Airflow_DBT/airflow/airflow_env/lib/python3.11/site-packages/airflow/example_dags/example_sensors.py
[2026-04-02T05:21:35.662+0530] {processor.py:840} INFO - DAG(s) 'example_sensors' retrieved from /Users/aswin/Documents/data-engineering-practice/ETL_Airflow_DBT/airflow/airflow_env/lib/python3.11/site-packages/airflow/example_dags/example_sensors.py
[2026-04-02T05:21:35.719+0530] {logging_mixin.py:188} INFO - [2026-04-02T05:21:35.719+0530] {dag.py:3096} INFO - Sync 1 DAGs
[2026-04-02T05:21:35.724+0530] {logging_mixin.py:188} INFO - [2026-04-02T05:21:35.724+0530] {dag.py:3954} INFO - Setting next_dagrun for example_sensors to None, run_after=None
[2026-04-02T05:21:35.732+0530] {processor.py:183} INFO - Processing /Users/aswin/Documents/data-engineering-practice/ETL_Airflow_DBT/airflow/airflow_env/lib/python3.11/site-packages/airflow/example_dags/example_sensors.py took 0.080 seconds
[2026-04-02T05:22:06.531+0530] {processor.py:161} INFO - Started process (PID=19473) to work on /Users/aswin/Documents/data-engineering-practice/ETL_Airflow_DBT/airflow/airflow_env/lib/python3.11/site-packages/airflow/example_dags/example_sensors.py
[2026-04-02T05:22:06.531+0530] {processor.py:830} INFO - Processing file /Users/aswin/Documents/data-engineering-practice/ETL_Airflow_DBT/airflow/airflow_env/lib/python3.11/site-packages/airflow/example_dags/example_sensors.py for tasks to queue
[2026-04-02T05:22:06.532+0530] {logging_mixin.py:188} INFO - [2026-04-02T05:22:06.532+0530] {dagbag.py:540} INFO - Filling up the DagBag from /Users/aswin/Documents/data-engineering-practice/ETL_Airflow_DBT/airflow/airflow_env/lib/python3.11/site-packages/airflow/example_dags/example_sensors.py
[2026-04-02T05:22:06.540+0530] {processor.py:840} INFO - DAG(s) 'example_sensors' retrieved from /Users/aswin/Documents/data-engineering-practice/ETL_Airflow_DBT/airflow/airflow_env/lib/python3.11/site-packages/airflow/example_dags/example_sensors.py
[2026-04-02T05:22:06.597+0530] {logging_mixin.py:188} INFO - [2026-04-02T05:22:06.597+0530] {dag.py:3096} INFO - Sync 1 DAGs
[2026-04-02T05:22:06.602+0530] {logging_mixin.py:188} INFO - [2026-04-02T05:22:06.602+0530] {dag.py:3954} INFO - Setting next_dagrun for example_sensors to None, run_after=None
[2026-04-02T05:22:06.612+0530] {processor.py:183} INFO - Processing /Users/aswin/Documents/data-engineering-practice/ETL_Airflow_DBT/airflow/airflow_env/lib/python3.11/site-packages/airflow/example_dags/example_sensors.py took 0.082 seconds
[2026-04-02T05:22:37.532+0530] {processor.py:161} INFO - Started process (PID=19598) to work on /Users/aswin/Documents/data-engineering-practice/ETL_Airflow_DBT/airflow/airflow_env/lib/python3.11/site-packages/airflow/example_dags/example_sensors.py
[2026-04-02T05:22:37.533+0530] {processor.py:830} INFO - Processing file /Users/aswin/Documents/data-engineering-practice/ETL_Airflow_DBT/airflow/airflow_env/lib/python3.11/site-packages/airflow/example_dags/example_sensors.py for tasks to queue
[2026-04-02T05:22:37.533+0530] {logging_mixin.py:188} INFO - [2026-04-02T05:22:37.533+0530] {dagbag.py:540} INFO - Filling up the DagBag from /Users/aswin/Documents/data-engineering-practice/ETL_Airflow_DBT/airflow/airflow_env/lib/python3.11/site-packages/airflow/example_dags/example_sensors.py
[2026-04-02T05:22:37.541+0530] {processor.py:840} INFO - DAG(s) 'example_sensors' retrieved from /Users/aswin/Documents/data-engineering-practice/ETL_Airflow_DBT/airflow/airflow_env/lib/python3.11/site-packages/airflow/example_dags/example_sensors.py
[2026-04-02T05:22:37.599+0530] {logging_mixin.py:188} INFO - [2026-04-02T05:22:37.599+0530] {dag.py:3096} INFO - Sync 1 DAGs
[2026-04-02T05:22:37.604+0530] {logging_mixin.py:188} INFO - [2026-04-02T05:22:37.604+0530] {dag.py:3954} INFO - Setting next_dagrun for example_sensors to None, run_after=None
[2026-04-02T05:22:37.616+0530] {processor.py:183} INFO - Processing /Users/aswin/Documents/data-engineering-practice/ETL_Airflow_DBT/airflow/airflow_env/lib/python3.11/site-packages/airflow/example_dags/example_sensors.py took 0.085 seconds
[2026-04-02T05:23:08.722+0530] {processor.py:161} INFO - Started process (PID=19737) to work on /Users/aswin/Documents/data-engineering-practice/ETL_Airflow_DBT/airflow/airflow_env/lib/python3.11/site-packages/airflow/example_dags/example_sensors.py
[2026-04-02T05:23:08.723+0530] {processor.py:830} INFO - Processing file /Users/aswin/Documents/data-engineering-practice/ETL_Airflow_DBT/airflow/airflow_env/lib/python3.11/site-packages/airflow/example_dags/example_sensors.py for tasks to queue
[2026-04-02T05:23:08.723+0530] {logging_mixin.py:188} INFO - [2026-04-02T05:23:08.723+0530] {dagbag.py:540} INFO - Filling up the DagBag from /Users/aswin/Documents/data-engineering-practice/ETL_Airflow_DBT/airflow/airflow_env/lib/python3.11/site-packages/airflow/example_dags/example_sensors.py
[2026-04-02T05:23:08.731+0530] {processor.py:840} INFO - DAG(s) 'example_sensors' retrieved from /Users/aswin/Documents/data-engineering-practice/ETL_Airflow_DBT/airflow/airflow_env/lib/python3.11/site-packages/airflow/example_dags/example_sensors.py
[2026-04-02T05:23:08.789+0530] {logging_mixin.py:188} INFO - [2026-04-02T05:23:08.789+0530] {dag.py:3096} INFO - Sync 1 DAGs
[2026-04-02T05:23:08.794+0530] {logging_mixin.py:188} INFO - [2026-04-02T05:23:08.794+0530] {dag.py:3954} INFO - Setting next_dagrun for example_sensors to None, run_after=None
[2026-04-02T05:23:08.803+0530] {processor.py:183} INFO - Processing /Users/aswin/Documents/data-engineering-practice/ETL_Airflow_DBT/airflow/airflow_env/lib/python3.11/site-packages/airflow/example_dags/example_sensors.py took 0.083 seconds
[2026-04-02T05:23:39.933+0530] {processor.py:161} INFO - Started process (PID=19871) to work on /Users/aswin/Documents/data-engineering-practice/ETL_Airflow_DBT/airflow/airflow_env/lib/python3.11/site-packages/airflow/example_dags/example_sensors.py
[2026-04-02T05:23:39.934+0530] {processor.py:830} INFO - Processing file /Users/aswin/Documents/data-engineering-practice/ETL_Airflow_DBT/airflow/airflow_env/lib/python3.11/site-packages/airflow/example_dags/example_sensors.py for tasks to queue
[2026-04-02T05:23:39.934+0530] {logging_mixin.py:188} INFO - [2026-04-02T05:23:39.934+0530] {dagbag.py:540} INFO - Filling up the DagBag from /Users/aswin/Documents/data-engineering-practice/ETL_Airflow_DBT/airflow/airflow_env/lib/python3.11/site-packages/airflow/example_dags/example_sensors.py
[2026-04-02T05:23:39.941+0530] {processor.py:840} INFO - DAG(s) 'example_sensors' retrieved from /Users/aswin/Documents/data-engineering-practice/ETL_Airflow_DBT/airflow/airflow_env/lib/python3.11/site-packages/airflow/example_dags/example_sensors.py
[2026-04-02T05:23:40.001+0530] {logging_mixin.py:188} INFO - [2026-04-02T05:23:40.000+0530] {dag.py:3096} INFO - Sync 1 DAGs
[2026-04-02T05:23:40.008+0530] {logging_mixin.py:188} INFO - [2026-04-02T05:23:40.008+0530] {dag.py:3954} INFO - Setting next_dagrun for example_sensors to None, run_after=None
[2026-04-02T05:23:40.018+0530] {processor.py:183} INFO - Processing /Users/aswin/Documents/data-engineering-practice/ETL_Airflow_DBT/airflow/airflow_env/lib/python3.11/site-packages/airflow/example_dags/example_sensors.py took 0.086 seconds
[2026-04-02T05:24:11.220+0530] {processor.py:161} INFO - Started process (PID=20004) to work on /Users/aswin/Documents/data-engineering-practice/ETL_Airflow_DBT/airflow/airflow_env/lib/python3.11/site-packages/airflow/example_dags/example_sensors.py
[2026-04-02T05:24:11.221+0530] {processor.py:830} INFO - Processing file /Users/aswin/Documents/data-engineering-practice/ETL_Airflow_DBT/airflow/airflow_env/lib/python3.11/site-packages/airflow/example_dags/example_sensors.py for tasks to queue
[2026-04-02T05:24:11.221+0530] {logging_mixin.py:188} INFO - [2026-04-02T05:24:11.221+0530] {dagbag.py:540} INFO - Filling up the DagBag from /Users/aswin/Documents/data-engineering-practice/ETL_Airflow_DBT/airflow/airflow_env/lib/python3.11/site-packages/airflow/example_dags/example_sensors.py
[2026-04-02T05:24:11.229+0530] {processor.py:840} INFO - DAG(s) 'example_sensors' retrieved from /Users/aswin/Documents/data-engineering-practice/ETL_Airflow_DBT/airflow/airflow_env/lib/python3.11/site-packages/airflow/example_dags/example_sensors.py
[2026-04-02T05:24:11.286+0530] {logging_mixin.py:188} INFO - [2026-04-02T05:24:11.286+0530] {dag.py:3096} INFO - Sync 1 DAGs
[2026-04-02T05:24:11.291+0530] {logging_mixin.py:188} INFO - [2026-04-02T05:24:11.291+0530] {dag.py:3954} INFO - Setting next_dagrun for example_sensors to None, run_after=None
[2026-04-02T05:24:11.300+0530] {processor.py:183} INFO - Processing /Users/aswin/Documents/data-engineering-practice/ETL_Airflow_DBT/airflow/airflow_env/lib/python3.11/site-packages/airflow/example_dags/example_sensors.py took 0.081 seconds
[2026-04-02T05:24:42.296+0530] {processor.py:161} INFO - Started process (PID=20137) to work on /Users/aswin/Documents/data-engineering-practice/ETL_Airflow_DBT/airflow/airflow_env/lib/python3.11/site-packages/airflow/example_dags/example_sensors.py
[2026-04-02T05:24:42.297+0530] {processor.py:830} INFO - Processing file /Users/aswin/Documents/data-engineering-practice/ETL_Airflow_DBT/airflow/airflow_env/lib/python3.11/site-packages/airflow/example_dags/example_sensors.py for tasks to queue
[2026-04-02T05:24:42.298+0530] {logging_mixin.py:188} INFO - [2026-04-02T05:24:42.298+0530] {dagbag.py:540} INFO - Filling up the DagBag from /Users/aswin/Documents/data-engineering-practice/ETL_Airflow_DBT/airflow/airflow_env/lib/python3.11/site-packages/airflow/example_dags/example_sensors.py
[2026-04-02T05:24:42.305+0530] {processor.py:840} INFO - DAG(s) 'example_sensors' retrieved from /Users/aswin/Documents/data-engineering-practice/ETL_Airflow_DBT/airflow/airflow_env/lib/python3.11/site-packages/airflow/example_dags/example_sensors.py
[2026-04-02T05:24:42.363+0530] {logging_mixin.py:188} INFO - [2026-04-02T05:24:42.363+0530] {dag.py:3096} INFO - Sync 1 DAGs
[2026-04-02T05:24:42.368+0530] {logging_mixin.py:188} INFO - [2026-04-02T05:24:42.368+0530] {dag.py:3954} INFO - Setting next_dagrun for example_sensors to None, run_after=None
[2026-04-02T05:24:42.377+0530] {processor.py:183} INFO - Processing /Users/aswin/Documents/data-engineering-practice/ETL_Airflow_DBT/airflow/airflow_env/lib/python3.11/site-packages/airflow/example_dags/example_sensors.py took 0.082 seconds
[2026-04-02T05:25:13.237+0530] {processor.py:161} INFO - Started process (PID=20263) to work on /Users/aswin/Documents/data-engineering-practice/ETL_Airflow_DBT/airflow/airflow_env/lib/python3.11/site-packages/airflow/example_dags/example_sensors.py
[2026-04-02T05:25:13.238+0530] {processor.py:830} INFO - Processing file /Users/aswin/Documents/data-engineering-practice/ETL_Airflow_DBT/airflow/airflow_env/lib/python3.11/site-packages/airflow/example_dags/example_sensors.py for tasks to queue
[2026-04-02T05:25:13.238+0530] {logging_mixin.py:188} INFO - [2026-04-02T05:25:13.238+0530] {dagbag.py:540} INFO - Filling up the DagBag from /Users/aswin/Documents/data-engineering-practice/ETL_Airflow_DBT/airflow/airflow_env/lib/python3.11/site-packages/airflow/example_dags/example_sensors.py
[2026-04-02T05:25:13.246+0530] {processor.py:840} INFO - DAG(s) 'example_sensors' retrieved from /Users/aswin/Documents/data-engineering-practice/ETL_Airflow_DBT/airflow/airflow_env/lib/python3.11/site-packages/airflow/example_dags/example_sensors.py
[2026-04-02T05:25:13.304+0530] {logging_mixin.py:188} INFO - [2026-04-02T05:25:13.304+0530] {dag.py:3096} INFO - Sync 1 DAGs
[2026-04-02T05:25:13.309+0530] {logging_mixin.py:188} INFO - [2026-04-02T05:25:13.309+0530] {dag.py:3954} INFO - Setting next_dagrun for example_sensors to None, run_after=None
[2026-04-02T05:25:13.317+0530] {processor.py:183} INFO - Processing /Users/aswin/Documents/data-engineering-practice/ETL_Airflow_DBT/airflow/airflow_env/lib/python3.11/site-packages/airflow/example_dags/example_sensors.py took 0.081 seconds
[2026-04-02T05:25:44.541+0530] {processor.py:161} INFO - Started process (PID=20394) to work on /Users/aswin/Documents/data-engineering-practice/ETL_Airflow_DBT/airflow/airflow_env/lib/python3.11/site-packages/airflow/example_dags/example_sensors.py
[2026-04-02T05:25:44.542+0530] {processor.py:830} INFO - Processing file /Users/aswin/Documents/data-engineering-practice/ETL_Airflow_DBT/airflow/airflow_env/lib/python3.11/site-packages/airflow/example_dags/example_sensors.py for tasks to queue
[2026-04-02T05:25:44.542+0530] {logging_mixin.py:188} INFO - [2026-04-02T05:25:44.542+0530] {dagbag.py:540} INFO - Filling up the DagBag from /Users/aswin/Documents/data-engineering-practice/ETL_Airflow_DBT/airflow/airflow_env/lib/python3.11/site-packages/airflow/example_dags/example_sensors.py
[2026-04-02T05:25:44.549+0530] {processor.py:840} INFO - DAG(s) 'example_sensors' retrieved from /Users/aswin/Documents/data-engineering-practice/ETL_Airflow_DBT/airflow/airflow_env/lib/python3.11/site-packages/airflow/example_dags/example_sensors.py
[2026-04-02T05:25:44.608+0530] {logging_mixin.py:188} INFO - [2026-04-02T05:25:44.608+0530] {dag.py:3096} INFO - Sync 1 DAGs
[2026-04-02T05:25:44.614+0530] {logging_mixin.py:188} INFO - [2026-04-02T05:25:44.614+0530] {dag.py:3954} INFO - Setting next_dagrun for example_sensors to None, run_after=None
[2026-04-02T05:25:44.622+0530] {processor.py:183} INFO - Processing /Users/aswin/Documents/data-engineering-practice/ETL_Airflow_DBT/airflow/airflow_env/lib/python3.11/site-packages/airflow/example_dags/example_sensors.py took 0.082 seconds
[2026-04-02T05:26:15.352+0530] {processor.py:161} INFO - Started process (PID=20522) to work on /Users/aswin/Documents/data-engineering-practice/ETL_Airflow_DBT/airflow/airflow_env/lib/python3.11/site-packages/airflow/example_dags/example_sensors.py
[2026-04-02T05:26:15.353+0530] {processor.py:830} INFO - Processing file /Users/aswin/Documents/data-engineering-practice/ETL_Airflow_DBT/airflow/airflow_env/lib/python3.11/site-packages/airflow/example_dags/example_sensors.py for tasks to queue
[2026-04-02T05:26:15.354+0530] {logging_mixin.py:188} INFO - [2026-04-02T05:26:15.353+0530] {dagbag.py:540} INFO - Filling up the DagBag from /Users/aswin/Documents/data-engineering-practice/ETL_Airflow_DBT/airflow/airflow_env/lib/python3.11/site-packages/airflow/example_dags/example_sensors.py
[2026-04-02T05:26:15.360+0530] {processor.py:840} INFO - DAG(s) 'example_sensors' retrieved from /Users/aswin/Documents/data-engineering-practice/ETL_Airflow_DBT/airflow/airflow_env/lib/python3.11/site-packages/airflow/example_dags/example_sensors.py
[2026-04-02T05:26:15.418+0530] {logging_mixin.py:188} INFO - [2026-04-02T05:26:15.418+0530] {dag.py:3096} INFO - Sync 1 DAGs
[2026-04-02T05:26:15.424+0530] {logging_mixin.py:188} INFO - [2026-04-02T05:26:15.424+0530] {dag.py:3954} INFO - Setting next_dagrun for example_sensors to None, run_after=None
[2026-04-02T05:26:15.432+0530] {processor.py:183} INFO - Processing /Users/aswin/Documents/data-engineering-practice/ETL_Airflow_DBT/airflow/airflow_env/lib/python3.11/site-packages/airflow/example_dags/example_sensors.py took 0.081 seconds
[2026-04-02T05:26:46.833+0530] {processor.py:161} INFO - Started process (PID=20655) to work on /Users/aswin/Documents/data-engineering-practice/ETL_Airflow_DBT/airflow/airflow_env/lib/python3.11/site-packages/airflow/example_dags/example_sensors.py
[2026-04-02T05:26:46.833+0530] {processor.py:830} INFO - Processing file /Users/aswin/Documents/data-engineering-practice/ETL_Airflow_DBT/airflow/airflow_env/lib/python3.11/site-packages/airflow/example_dags/example_sensors.py for tasks to queue
[2026-04-02T05:26:46.834+0530] {logging_mixin.py:188} INFO - [2026-04-02T05:26:46.834+0530] {dagbag.py:540} INFO - Filling up the DagBag from /Users/aswin/Documents/data-engineering-practice/ETL_Airflow_DBT/airflow/airflow_env/lib/python3.11/site-packages/airflow/example_dags/example_sensors.py
[2026-04-02T05:26:46.841+0530] {processor.py:840} INFO - DAG(s) 'example_sensors' retrieved from /Users/aswin/Documents/data-engineering-practice/ETL_Airflow_DBT/airflow/airflow_env/lib/python3.11/site-packages/airflow/example_dags/example_sensors.py
[2026-04-02T05:26:46.902+0530] {logging_mixin.py:188} INFO - [2026-04-02T05:26:46.902+0530] {dag.py:3096} INFO - Sync 1 DAGs
[2026-04-02T05:26:46.908+0530] {logging_mixin.py:188} INFO - [2026-04-02T05:26:46.908+0530] {dag.py:3954} INFO - Setting next_dagrun for example_sensors to None, run_after=None
[2026-04-02T05:26:46.916+0530] {processor.py:183} INFO - Processing /Users/aswin/Documents/data-engineering-practice/ETL_Airflow_DBT/airflow/airflow_env/lib/python3.11/site-packages/airflow/example_dags/example_sensors.py took 0.084 seconds
[2026-04-02T05:27:18.034+0530] {processor.py:161} INFO - Started process (PID=20793) to work on /Users/aswin/Documents/data-engineering-practice/ETL_Airflow_DBT/airflow/airflow_env/lib/python3.11/site-packages/airflow/example_dags/example_sensors.py
[2026-04-02T05:27:18.034+0530] {processor.py:830} INFO - Processing file /Users/aswin/Documents/data-engineering-practice/ETL_Airflow_DBT/airflow/airflow_env/lib/python3.11/site-packages/airflow/example_dags/example_sensors.py for tasks to queue
[2026-04-02T05:27:18.034+0530] {logging_mixin.py:188} INFO - [2026-04-02T05:27:18.034+0530] {dagbag.py:540} INFO - Filling up the DagBag from /Users/aswin/Documents/data-engineering-practice/ETL_Airflow_DBT/airflow/airflow_env/lib/python3.11/site-packages/airflow/example_dags/example_sensors.py
[2026-04-02T05:27:18.042+0530] {processor.py:840} INFO - DAG(s) 'example_sensors' retrieved from /Users/aswin/Documents/data-engineering-practice/ETL_Airflow_DBT/airflow/airflow_env/lib/python3.11/site-packages/airflow/example_dags/example_sensors.py
[2026-04-02T05:27:18.102+0530] {logging_mixin.py:188} INFO - [2026-04-02T05:27:18.101+0530] {dag.py:3096} INFO - Sync 1 DAGs
[2026-04-02T05:27:18.107+0530] {logging_mixin.py:188} INFO - [2026-04-02T05:27:18.107+0530] {dag.py:3954} INFO - Setting next_dagrun for example_sensors to None, run_after=None
[2026-04-02T05:27:18.115+0530] {processor.py:183} INFO - Processing /Users/aswin/Documents/data-engineering-practice/ETL_Airflow_DBT/airflow/airflow_env/lib/python3.11/site-packages/airflow/example_dags/example_sensors.py took 0.083 seconds
[2026-04-02T05:27:49.288+0530] {processor.py:161} INFO - Started process (PID=20920) to work on /Users/aswin/Documents/data-engineering-practice/ETL_Airflow_DBT/airflow/airflow_env/lib/python3.11/site-packages/airflow/example_dags/example_sensors.py
[2026-04-02T05:27:49.289+0530] {processor.py:830} INFO - Processing file /Users/aswin/Documents/data-engineering-practice/ETL_Airflow_DBT/airflow/airflow_env/lib/python3.11/site-packages/airflow/example_dags/example_sensors.py for tasks to queue
[2026-04-02T05:27:49.290+0530] {logging_mixin.py:188} INFO - [2026-04-02T05:27:49.290+0530] {dagbag.py:540} INFO - Filling up the DagBag from /Users/aswin/Documents/data-engineering-practice/ETL_Airflow_DBT/airflow/airflow_env/lib/python3.11/site-packages/airflow/example_dags/example_sensors.py
[2026-04-02T05:27:49.297+0530] {processor.py:840} INFO - DAG(s) 'example_sensors' retrieved from /Users/aswin/Documents/data-engineering-practice/ETL_Airflow_DBT/airflow/airflow_env/lib/python3.11/site-packages/airflow/example_dags/example_sensors.py
[2026-04-02T05:27:49.357+0530] {logging_mixin.py:188} INFO - [2026-04-02T05:27:49.357+0530] {dag.py:3096} INFO - Sync 1 DAGs
[2026-04-02T05:27:49.363+0530] {logging_mixin.py:188} INFO - [2026-04-02T05:27:49.363+0530] {dag.py:3954} INFO - Setting next_dagrun for example_sensors to None, run_after=None
[2026-04-02T05:27:49.371+0530] {processor.py:183} INFO - Processing /Users/aswin/Documents/data-engineering-practice/ETL_Airflow_DBT/airflow/airflow_env/lib/python3.11/site-packages/airflow/example_dags/example_sensors.py took 0.084 seconds
