[2026-04-01T05:31:15.757+0530] {processor.py:161} INFO - Started process (PID=73378) to work on /Users/aswin/Documents/data-engineering-practice/ETL_Airflow_DBT/airflow/airflow_env/lib/python3.11/site-packages/airflow/example_dags/example_dynamic_task_mapping.py
[2026-04-01T05:31:15.758+0530] {processor.py:830} INFO - Processing file /Users/aswin/Documents/data-engineering-practice/ETL_Airflow_DBT/airflow/airflow_env/lib/python3.11/site-packages/airflow/example_dags/example_dynamic_task_mapping.py for tasks to queue
[2026-04-01T05:31:15.758+0530] {logging_mixin.py:188} INFO - [2026-04-01T05:31:15.758+0530] {dagbag.py:540} INFO - Filling up the DagBag from /Users/aswin/Documents/data-engineering-practice/ETL_Airflow_DBT/airflow/airflow_env/lib/python3.11/site-packages/airflow/example_dags/example_dynamic_task_mapping.py
[2026-04-01T05:31:15.772+0530] {processor.py:840} INFO - DAG(s) 'example_dynamic_task_mapping' retrieved from /Users/aswin/Documents/data-engineering-practice/ETL_Airflow_DBT/airflow/airflow_env/lib/python3.11/site-packages/airflow/example_dags/example_dynamic_task_mapping.py
[2026-04-01T05:31:15.801+0530] {logging_mixin.py:188} INFO - [2026-04-01T05:31:15.801+0530] {dag.py:3096} INFO - Sync 1 DAGs
[2026-04-01T05:31:15.806+0530] {logging_mixin.py:188} INFO - [2026-04-01T05:31:15.806+0530] {dag.py:3954} INFO - Setting next_dagrun for example_dynamic_task_mapping to 2022-03-04 00:00:00+00:00, run_after=2022-03-05 00:00:00+00:00
[2026-04-01T05:31:15.811+0530] {processor.py:183} INFO - Processing /Users/aswin/Documents/data-engineering-practice/ETL_Airflow_DBT/airflow/airflow_env/lib/python3.11/site-packages/airflow/example_dags/example_dynamic_task_mapping.py took 0.055 seconds
[2026-04-01T05:33:21.830+0530] {processor.py:161} INFO - Started process (PID=73463) to work on /Users/aswin/Documents/data-engineering-practice/ETL_Airflow_DBT/airflow/airflow_env/lib/python3.11/site-packages/airflow/example_dags/example_dynamic_task_mapping.py
[2026-04-01T05:33:21.832+0530] {processor.py:830} INFO - Processing file /Users/aswin/Documents/data-engineering-practice/ETL_Airflow_DBT/airflow/airflow_env/lib/python3.11/site-packages/airflow/example_dags/example_dynamic_task_mapping.py for tasks to queue
[2026-04-01T05:33:21.832+0530] {logging_mixin.py:188} INFO - [2026-04-01T05:33:21.832+0530] {dagbag.py:540} INFO - Filling up the DagBag from /Users/aswin/Documents/data-engineering-practice/ETL_Airflow_DBT/airflow/airflow_env/lib/python3.11/site-packages/airflow/example_dags/example_dynamic_task_mapping.py
[2026-04-01T05:33:21.846+0530] {processor.py:840} INFO - DAG(s) 'example_dynamic_task_mapping' retrieved from /Users/aswin/Documents/data-engineering-practice/ETL_Airflow_DBT/airflow/airflow_env/lib/python3.11/site-packages/airflow/example_dags/example_dynamic_task_mapping.py
[2026-04-01T05:33:21.876+0530] {logging_mixin.py:188} INFO - [2026-04-01T05:33:21.876+0530] {dag.py:3096} INFO - Sync 1 DAGs
[2026-04-01T05:33:21.881+0530] {logging_mixin.py:188} INFO - [2026-04-01T05:33:21.881+0530] {dag.py:3954} INFO - Setting next_dagrun for example_dynamic_task_mapping to 2022-03-04 00:00:00+00:00, run_after=2022-03-05 00:00:00+00:00
[2026-04-01T05:33:21.887+0530] {processor.py:183} INFO - Processing /Users/aswin/Documents/data-engineering-practice/ETL_Airflow_DBT/airflow/airflow_env/lib/python3.11/site-packages/airflow/example_dags/example_dynamic_task_mapping.py took 0.058 seconds
[2026-04-01T05:35:16.329+0530] {processor.py:161} INFO - Started process (PID=73576) to work on /Users/aswin/Documents/data-engineering-practice/ETL_Airflow_DBT/airflow/airflow_env/lib/python3.11/site-packages/airflow/example_dags/example_dynamic_task_mapping.py
[2026-04-01T05:35:16.330+0530] {processor.py:830} INFO - Processing file /Users/aswin/Documents/data-engineering-practice/ETL_Airflow_DBT/airflow/airflow_env/lib/python3.11/site-packages/airflow/example_dags/example_dynamic_task_mapping.py for tasks to queue
[2026-04-01T05:35:16.330+0530] {logging_mixin.py:188} INFO - [2026-04-01T05:35:16.330+0530] {dagbag.py:540} INFO - Filling up the DagBag from /Users/aswin/Documents/data-engineering-practice/ETL_Airflow_DBT/airflow/airflow_env/lib/python3.11/site-packages/airflow/example_dags/example_dynamic_task_mapping.py
[2026-04-01T05:35:16.345+0530] {processor.py:840} INFO - DAG(s) 'example_dynamic_task_mapping' retrieved from /Users/aswin/Documents/data-engineering-practice/ETL_Airflow_DBT/airflow/airflow_env/lib/python3.11/site-packages/airflow/example_dags/example_dynamic_task_mapping.py
[2026-04-01T05:35:16.373+0530] {logging_mixin.py:188} INFO - [2026-04-01T05:35:16.373+0530] {dag.py:3096} INFO - Sync 1 DAGs
[2026-04-01T05:35:16.378+0530] {logging_mixin.py:188} INFO - [2026-04-01T05:35:16.378+0530] {dag.py:3954} INFO - Setting next_dagrun for example_dynamic_task_mapping to 2022-03-04 00:00:00+00:00, run_after=2022-03-05 00:00:00+00:00
[2026-04-01T05:35:16.383+0530] {processor.py:183} INFO - Processing /Users/aswin/Documents/data-engineering-practice/ETL_Airflow_DBT/airflow/airflow_env/lib/python3.11/site-packages/airflow/example_dags/example_dynamic_task_mapping.py took 0.055 seconds
[2026-04-01T05:54:34.225+0530] {processor.py:161} INFO - Started process (PID=74327) to work on /Users/aswin/Documents/data-engineering-practice/ETL_Airflow_DBT/airflow/airflow_env/lib/python3.11/site-packages/airflow/example_dags/example_dynamic_task_mapping.py
[2026-04-01T05:54:34.226+0530] {processor.py:830} INFO - Processing file /Users/aswin/Documents/data-engineering-practice/ETL_Airflow_DBT/airflow/airflow_env/lib/python3.11/site-packages/airflow/example_dags/example_dynamic_task_mapping.py for tasks to queue
[2026-04-01T05:54:34.226+0530] {logging_mixin.py:188} INFO - [2026-04-01T05:54:34.226+0530] {dagbag.py:540} INFO - Filling up the DagBag from /Users/aswin/Documents/data-engineering-practice/ETL_Airflow_DBT/airflow/airflow_env/lib/python3.11/site-packages/airflow/example_dags/example_dynamic_task_mapping.py
[2026-04-01T05:54:34.242+0530] {processor.py:840} INFO - DAG(s) 'example_dynamic_task_mapping' retrieved from /Users/aswin/Documents/data-engineering-practice/ETL_Airflow_DBT/airflow/airflow_env/lib/python3.11/site-packages/airflow/example_dags/example_dynamic_task_mapping.py
[2026-04-01T05:54:34.330+0530] {logging_mixin.py:188} INFO - [2026-04-01T05:54:34.330+0530] {override.py:1829} INFO - Created Permission View: can edit on DAG:example_dynamic_task_mapping
[2026-04-01T05:54:34.335+0530] {logging_mixin.py:188} INFO - [2026-04-01T05:54:34.335+0530] {override.py:1829} INFO - Created Permission View: can delete on DAG:example_dynamic_task_mapping
[2026-04-01T05:54:34.338+0530] {logging_mixin.py:188} INFO - [2026-04-01T05:54:34.338+0530] {override.py:1829} INFO - Created Permission View: can read on DAG:example_dynamic_task_mapping
[2026-04-01T05:54:34.338+0530] {logging_mixin.py:188} INFO - [2026-04-01T05:54:34.338+0530] {dag.py:3096} INFO - Sync 1 DAGs
[2026-04-01T05:54:34.367+0530] {logging_mixin.py:188} INFO - [2026-04-01T05:54:34.367+0530] {dag.py:3118} INFO - Creating ORM DAG for example_dynamic_task_mapping
[2026-04-01T05:54:34.371+0530] {logging_mixin.py:188} INFO - [2026-04-01T05:54:34.371+0530] {dag.py:3954} INFO - Setting next_dagrun for example_dynamic_task_mapping to 2022-03-04 00:00:00+00:00, run_after=2022-03-05 00:00:00+00:00
[2026-04-01T05:54:34.378+0530] {processor.py:183} INFO - Processing /Users/aswin/Documents/data-engineering-practice/ETL_Airflow_DBT/airflow/airflow_env/lib/python3.11/site-packages/airflow/example_dags/example_dynamic_task_mapping.py took 0.154 seconds
[2026-04-01T05:55:05.557+0530] {processor.py:161} INFO - Started process (PID=75020) to work on /Users/aswin/Documents/data-engineering-practice/ETL_Airflow_DBT/airflow/airflow_env/lib/python3.11/site-packages/airflow/example_dags/example_dynamic_task_mapping.py
[2026-04-01T05:55:05.558+0530] {processor.py:830} INFO - Processing file /Users/aswin/Documents/data-engineering-practice/ETL_Airflow_DBT/airflow/airflow_env/lib/python3.11/site-packages/airflow/example_dags/example_dynamic_task_mapping.py for tasks to queue
[2026-04-01T05:55:05.558+0530] {logging_mixin.py:188} INFO - [2026-04-01T05:55:05.558+0530] {dagbag.py:540} INFO - Filling up the DagBag from /Users/aswin/Documents/data-engineering-practice/ETL_Airflow_DBT/airflow/airflow_env/lib/python3.11/site-packages/airflow/example_dags/example_dynamic_task_mapping.py
[2026-04-01T05:55:05.576+0530] {processor.py:840} INFO - DAG(s) 'example_dynamic_task_mapping' retrieved from /Users/aswin/Documents/data-engineering-practice/ETL_Airflow_DBT/airflow/airflow_env/lib/python3.11/site-packages/airflow/example_dags/example_dynamic_task_mapping.py
[2026-04-01T05:55:05.631+0530] {logging_mixin.py:188} INFO - [2026-04-01T05:55:05.631+0530] {dag.py:3096} INFO - Sync 1 DAGs
[2026-04-01T05:55:05.642+0530] {logging_mixin.py:188} INFO - [2026-04-01T05:55:05.642+0530] {dag.py:3954} INFO - Setting next_dagrun for example_dynamic_task_mapping to 2022-03-04 00:00:00+00:00, run_after=2022-03-05 00:00:00+00:00
[2026-04-01T05:55:05.654+0530] {processor.py:183} INFO - Processing /Users/aswin/Documents/data-engineering-practice/ETL_Airflow_DBT/airflow/airflow_env/lib/python3.11/site-packages/airflow/example_dags/example_dynamic_task_mapping.py took 0.098 seconds
[2026-04-01T05:55:36.969+0530] {processor.py:161} INFO - Started process (PID=75758) to work on /Users/aswin/Documents/data-engineering-practice/ETL_Airflow_DBT/airflow/airflow_env/lib/python3.11/site-packages/airflow/example_dags/example_dynamic_task_mapping.py
[2026-04-01T05:55:36.970+0530] {processor.py:830} INFO - Processing file /Users/aswin/Documents/data-engineering-practice/ETL_Airflow_DBT/airflow/airflow_env/lib/python3.11/site-packages/airflow/example_dags/example_dynamic_task_mapping.py for tasks to queue
[2026-04-01T05:55:36.970+0530] {logging_mixin.py:188} INFO - [2026-04-01T05:55:36.970+0530] {dagbag.py:540} INFO - Filling up the DagBag from /Users/aswin/Documents/data-engineering-practice/ETL_Airflow_DBT/airflow/airflow_env/lib/python3.11/site-packages/airflow/example_dags/example_dynamic_task_mapping.py
[2026-04-01T05:55:36.985+0530] {processor.py:840} INFO - DAG(s) 'example_dynamic_task_mapping' retrieved from /Users/aswin/Documents/data-engineering-practice/ETL_Airflow_DBT/airflow/airflow_env/lib/python3.11/site-packages/airflow/example_dags/example_dynamic_task_mapping.py
[2026-04-01T05:55:37.036+0530] {logging_mixin.py:188} INFO - [2026-04-01T05:55:37.036+0530] {dag.py:3096} INFO - Sync 1 DAGs
[2026-04-01T05:55:37.046+0530] {logging_mixin.py:188} INFO - [2026-04-01T05:55:37.045+0530] {dag.py:3954} INFO - Setting next_dagrun for example_dynamic_task_mapping to 2022-03-04 00:00:00+00:00, run_after=2022-03-05 00:00:00+00:00
[2026-04-01T05:55:37.053+0530] {processor.py:183} INFO - Processing /Users/aswin/Documents/data-engineering-practice/ETL_Airflow_DBT/airflow/airflow_env/lib/python3.11/site-packages/airflow/example_dags/example_dynamic_task_mapping.py took 0.085 seconds
[2026-04-01T05:56:08.185+0530] {processor.py:161} INFO - Started process (PID=76344) to work on /Users/aswin/Documents/data-engineering-practice/ETL_Airflow_DBT/airflow/airflow_env/lib/python3.11/site-packages/airflow/example_dags/example_dynamic_task_mapping.py
[2026-04-01T05:56:08.186+0530] {processor.py:830} INFO - Processing file /Users/aswin/Documents/data-engineering-practice/ETL_Airflow_DBT/airflow/airflow_env/lib/python3.11/site-packages/airflow/example_dags/example_dynamic_task_mapping.py for tasks to queue
[2026-04-01T05:56:08.186+0530] {logging_mixin.py:188} INFO - [2026-04-01T05:56:08.186+0530] {dagbag.py:540} INFO - Filling up the DagBag from /Users/aswin/Documents/data-engineering-practice/ETL_Airflow_DBT/airflow/airflow_env/lib/python3.11/site-packages/airflow/example_dags/example_dynamic_task_mapping.py
[2026-04-01T05:56:08.201+0530] {processor.py:840} INFO - DAG(s) 'example_dynamic_task_mapping' retrieved from /Users/aswin/Documents/data-engineering-practice/ETL_Airflow_DBT/airflow/airflow_env/lib/python3.11/site-packages/airflow/example_dags/example_dynamic_task_mapping.py
[2026-04-01T05:56:08.258+0530] {logging_mixin.py:188} INFO - [2026-04-01T05:56:08.258+0530] {dag.py:3096} INFO - Sync 1 DAGs
[2026-04-01T05:56:08.267+0530] {logging_mixin.py:188} INFO - [2026-04-01T05:56:08.267+0530] {dag.py:3954} INFO - Setting next_dagrun for example_dynamic_task_mapping to 2022-03-04 00:00:00+00:00, run_after=2022-03-05 00:00:00+00:00
[2026-04-01T05:56:08.276+0530] {processor.py:183} INFO - Processing /Users/aswin/Documents/data-engineering-practice/ETL_Airflow_DBT/airflow/airflow_env/lib/python3.11/site-packages/airflow/example_dags/example_dynamic_task_mapping.py took 0.092 seconds
[2026-04-01T05:56:39.426+0530] {processor.py:161} INFO - Started process (PID=76459) to work on /Users/aswin/Documents/data-engineering-practice/ETL_Airflow_DBT/airflow/airflow_env/lib/python3.11/site-packages/airflow/example_dags/example_dynamic_task_mapping.py
[2026-04-01T05:56:39.427+0530] {processor.py:830} INFO - Processing file /Users/aswin/Documents/data-engineering-practice/ETL_Airflow_DBT/airflow/airflow_env/lib/python3.11/site-packages/airflow/example_dags/example_dynamic_task_mapping.py for tasks to queue
[2026-04-01T05:56:39.428+0530] {logging_mixin.py:188} INFO - [2026-04-01T05:56:39.428+0530] {dagbag.py:540} INFO - Filling up the DagBag from /Users/aswin/Documents/data-engineering-practice/ETL_Airflow_DBT/airflow/airflow_env/lib/python3.11/site-packages/airflow/example_dags/example_dynamic_task_mapping.py
[2026-04-01T05:56:39.442+0530] {processor.py:840} INFO - DAG(s) 'example_dynamic_task_mapping' retrieved from /Users/aswin/Documents/data-engineering-practice/ETL_Airflow_DBT/airflow/airflow_env/lib/python3.11/site-packages/airflow/example_dags/example_dynamic_task_mapping.py
[2026-04-01T05:56:39.494+0530] {logging_mixin.py:188} INFO - [2026-04-01T05:56:39.493+0530] {dag.py:3096} INFO - Sync 1 DAGs
[2026-04-01T05:56:39.504+0530] {logging_mixin.py:188} INFO - [2026-04-01T05:56:39.504+0530] {dag.py:3954} INFO - Setting next_dagrun for example_dynamic_task_mapping to 2022-03-04 00:00:00+00:00, run_after=2022-03-05 00:00:00+00:00
[2026-04-01T05:56:39.512+0530] {processor.py:183} INFO - Processing /Users/aswin/Documents/data-engineering-practice/ETL_Airflow_DBT/airflow/airflow_env/lib/python3.11/site-packages/airflow/example_dags/example_dynamic_task_mapping.py took 0.087 seconds
[2026-04-01T05:57:10.351+0530] {processor.py:161} INFO - Started process (PID=76577) to work on /Users/aswin/Documents/data-engineering-practice/ETL_Airflow_DBT/airflow/airflow_env/lib/python3.11/site-packages/airflow/example_dags/example_dynamic_task_mapping.py
[2026-04-01T05:57:10.352+0530] {processor.py:830} INFO - Processing file /Users/aswin/Documents/data-engineering-practice/ETL_Airflow_DBT/airflow/airflow_env/lib/python3.11/site-packages/airflow/example_dags/example_dynamic_task_mapping.py for tasks to queue
[2026-04-01T05:57:10.353+0530] {logging_mixin.py:188} INFO - [2026-04-01T05:57:10.353+0530] {dagbag.py:540} INFO - Filling up the DagBag from /Users/aswin/Documents/data-engineering-practice/ETL_Airflow_DBT/airflow/airflow_env/lib/python3.11/site-packages/airflow/example_dags/example_dynamic_task_mapping.py
[2026-04-01T05:57:10.370+0530] {processor.py:840} INFO - DAG(s) 'example_dynamic_task_mapping' retrieved from /Users/aswin/Documents/data-engineering-practice/ETL_Airflow_DBT/airflow/airflow_env/lib/python3.11/site-packages/airflow/example_dags/example_dynamic_task_mapping.py
[2026-04-01T05:57:10.421+0530] {logging_mixin.py:188} INFO - [2026-04-01T05:57:10.421+0530] {dag.py:3096} INFO - Sync 1 DAGs
[2026-04-01T05:57:10.429+0530] {logging_mixin.py:188} INFO - [2026-04-01T05:57:10.429+0530] {dag.py:3954} INFO - Setting next_dagrun for example_dynamic_task_mapping to 2022-03-04 00:00:00+00:00, run_after=2022-03-05 00:00:00+00:00
[2026-04-01T05:57:10.437+0530] {processor.py:183} INFO - Processing /Users/aswin/Documents/data-engineering-practice/ETL_Airflow_DBT/airflow/airflow_env/lib/python3.11/site-packages/airflow/example_dags/example_dynamic_task_mapping.py took 0.087 seconds
[2026-04-01T05:57:41.467+0530] {processor.py:161} INFO - Started process (PID=76699) to work on /Users/aswin/Documents/data-engineering-practice/ETL_Airflow_DBT/airflow/airflow_env/lib/python3.11/site-packages/airflow/example_dags/example_dynamic_task_mapping.py
[2026-04-01T05:57:41.467+0530] {processor.py:830} INFO - Processing file /Users/aswin/Documents/data-engineering-practice/ETL_Airflow_DBT/airflow/airflow_env/lib/python3.11/site-packages/airflow/example_dags/example_dynamic_task_mapping.py for tasks to queue
[2026-04-01T05:57:41.467+0530] {logging_mixin.py:188} INFO - [2026-04-01T05:57:41.467+0530] {dagbag.py:540} INFO - Filling up the DagBag from /Users/aswin/Documents/data-engineering-practice/ETL_Airflow_DBT/airflow/airflow_env/lib/python3.11/site-packages/airflow/example_dags/example_dynamic_task_mapping.py
[2026-04-01T05:57:41.483+0530] {processor.py:840} INFO - DAG(s) 'example_dynamic_task_mapping' retrieved from /Users/aswin/Documents/data-engineering-practice/ETL_Airflow_DBT/airflow/airflow_env/lib/python3.11/site-packages/airflow/example_dags/example_dynamic_task_mapping.py
[2026-04-01T05:57:41.534+0530] {logging_mixin.py:188} INFO - [2026-04-01T05:57:41.534+0530] {dag.py:3096} INFO - Sync 1 DAGs
[2026-04-01T05:57:41.544+0530] {logging_mixin.py:188} INFO - [2026-04-01T05:57:41.544+0530] {dag.py:3954} INFO - Setting next_dagrun for example_dynamic_task_mapping to 2022-03-04 00:00:00+00:00, run_after=2022-03-05 00:00:00+00:00
[2026-04-01T05:57:41.551+0530] {processor.py:183} INFO - Processing /Users/aswin/Documents/data-engineering-practice/ETL_Airflow_DBT/airflow/airflow_env/lib/python3.11/site-packages/airflow/example_dags/example_dynamic_task_mapping.py took 0.086 seconds
[2026-04-01T06:15:53.272+0530] {processor.py:161} INFO - Started process (PID=77430) to work on /Users/aswin/Documents/data-engineering-practice/ETL_Airflow_DBT/airflow/airflow_env/lib/python3.11/site-packages/airflow/example_dags/example_dynamic_task_mapping.py
[2026-04-01T06:15:53.274+0530] {processor.py:830} INFO - Processing file /Users/aswin/Documents/data-engineering-practice/ETL_Airflow_DBT/airflow/airflow_env/lib/python3.11/site-packages/airflow/example_dags/example_dynamic_task_mapping.py for tasks to queue
[2026-04-01T06:15:53.274+0530] {logging_mixin.py:188} INFO - [2026-04-01T06:15:53.274+0530] {dagbag.py:540} INFO - Filling up the DagBag from /Users/aswin/Documents/data-engineering-practice/ETL_Airflow_DBT/airflow/airflow_env/lib/python3.11/site-packages/airflow/example_dags/example_dynamic_task_mapping.py
[2026-04-01T06:15:53.289+0530] {processor.py:840} INFO - DAG(s) 'example_dynamic_task_mapping' retrieved from /Users/aswin/Documents/data-engineering-practice/ETL_Airflow_DBT/airflow/airflow_env/lib/python3.11/site-packages/airflow/example_dags/example_dynamic_task_mapping.py
[2026-04-01T06:15:53.341+0530] {logging_mixin.py:188} INFO - [2026-04-01T06:15:53.341+0530] {dag.py:3096} INFO - Sync 1 DAGs
[2026-04-01T06:15:53.350+0530] {logging_mixin.py:188} INFO - [2026-04-01T06:15:53.350+0530] {dag.py:3954} INFO - Setting next_dagrun for example_dynamic_task_mapping to 2022-03-04 00:00:00+00:00, run_after=2022-03-05 00:00:00+00:00
[2026-04-01T06:15:53.358+0530] {processor.py:183} INFO - Processing /Users/aswin/Documents/data-engineering-practice/ETL_Airflow_DBT/airflow/airflow_env/lib/python3.11/site-packages/airflow/example_dags/example_dynamic_task_mapping.py took 0.087 seconds
[2026-04-01T06:16:24.491+0530] {processor.py:161} INFO - Started process (PID=78147) to work on /Users/aswin/Documents/data-engineering-practice/ETL_Airflow_DBT/airflow/airflow_env/lib/python3.11/site-packages/airflow/example_dags/example_dynamic_task_mapping.py
[2026-04-01T06:16:24.493+0530] {processor.py:830} INFO - Processing file /Users/aswin/Documents/data-engineering-practice/ETL_Airflow_DBT/airflow/airflow_env/lib/python3.11/site-packages/airflow/example_dags/example_dynamic_task_mapping.py for tasks to queue
[2026-04-01T06:16:24.494+0530] {logging_mixin.py:188} INFO - [2026-04-01T06:16:24.494+0530] {dagbag.py:540} INFO - Filling up the DagBag from /Users/aswin/Documents/data-engineering-practice/ETL_Airflow_DBT/airflow/airflow_env/lib/python3.11/site-packages/airflow/example_dags/example_dynamic_task_mapping.py
[2026-04-01T06:16:24.509+0530] {processor.py:840} INFO - DAG(s) 'example_dynamic_task_mapping' retrieved from /Users/aswin/Documents/data-engineering-practice/ETL_Airflow_DBT/airflow/airflow_env/lib/python3.11/site-packages/airflow/example_dags/example_dynamic_task_mapping.py
[2026-04-01T06:16:24.560+0530] {logging_mixin.py:188} INFO - [2026-04-01T06:16:24.560+0530] {dag.py:3096} INFO - Sync 1 DAGs
[2026-04-01T06:16:24.570+0530] {logging_mixin.py:188} INFO - [2026-04-01T06:16:24.570+0530] {dag.py:3954} INFO - Setting next_dagrun for example_dynamic_task_mapping to 2022-03-04 00:00:00+00:00, run_after=2022-03-05 00:00:00+00:00
[2026-04-01T06:16:24.578+0530] {processor.py:183} INFO - Processing /Users/aswin/Documents/data-engineering-practice/ETL_Airflow_DBT/airflow/airflow_env/lib/python3.11/site-packages/airflow/example_dags/example_dynamic_task_mapping.py took 0.087 seconds
[2026-04-01T06:16:55.783+0530] {processor.py:161} INFO - Started process (PID=78388) to work on /Users/aswin/Documents/data-engineering-practice/ETL_Airflow_DBT/airflow/airflow_env/lib/python3.11/site-packages/airflow/example_dags/example_dynamic_task_mapping.py
[2026-04-01T06:16:55.785+0530] {processor.py:830} INFO - Processing file /Users/aswin/Documents/data-engineering-practice/ETL_Airflow_DBT/airflow/airflow_env/lib/python3.11/site-packages/airflow/example_dags/example_dynamic_task_mapping.py for tasks to queue
[2026-04-01T06:16:55.785+0530] {logging_mixin.py:188} INFO - [2026-04-01T06:16:55.785+0530] {dagbag.py:540} INFO - Filling up the DagBag from /Users/aswin/Documents/data-engineering-practice/ETL_Airflow_DBT/airflow/airflow_env/lib/python3.11/site-packages/airflow/example_dags/example_dynamic_task_mapping.py
[2026-04-01T06:16:55.803+0530] {processor.py:840} INFO - DAG(s) 'example_dynamic_task_mapping' retrieved from /Users/aswin/Documents/data-engineering-practice/ETL_Airflow_DBT/airflow/airflow_env/lib/python3.11/site-packages/airflow/example_dags/example_dynamic_task_mapping.py
[2026-04-01T06:16:55.858+0530] {logging_mixin.py:188} INFO - [2026-04-01T06:16:55.858+0530] {dag.py:3096} INFO - Sync 1 DAGs
[2026-04-01T06:16:55.871+0530] {logging_mixin.py:188} INFO - [2026-04-01T06:16:55.871+0530] {dag.py:3954} INFO - Setting next_dagrun for example_dynamic_task_mapping to 2022-03-04 00:00:00+00:00, run_after=2022-03-05 00:00:00+00:00
[2026-04-01T06:16:55.881+0530] {processor.py:183} INFO - Processing /Users/aswin/Documents/data-engineering-practice/ETL_Airflow_DBT/airflow/airflow_env/lib/python3.11/site-packages/airflow/example_dags/example_dynamic_task_mapping.py took 0.099 seconds
[2026-04-01T06:17:26.978+0530] {processor.py:161} INFO - Started process (PID=78502) to work on /Users/aswin/Documents/data-engineering-practice/ETL_Airflow_DBT/airflow/airflow_env/lib/python3.11/site-packages/airflow/example_dags/example_dynamic_task_mapping.py
[2026-04-01T06:17:26.979+0530] {processor.py:830} INFO - Processing file /Users/aswin/Documents/data-engineering-practice/ETL_Airflow_DBT/airflow/airflow_env/lib/python3.11/site-packages/airflow/example_dags/example_dynamic_task_mapping.py for tasks to queue
[2026-04-01T06:17:26.979+0530] {logging_mixin.py:188} INFO - [2026-04-01T06:17:26.979+0530] {dagbag.py:540} INFO - Filling up the DagBag from /Users/aswin/Documents/data-engineering-practice/ETL_Airflow_DBT/airflow/airflow_env/lib/python3.11/site-packages/airflow/example_dags/example_dynamic_task_mapping.py
[2026-04-01T06:17:26.994+0530] {processor.py:840} INFO - DAG(s) 'example_dynamic_task_mapping' retrieved from /Users/aswin/Documents/data-engineering-practice/ETL_Airflow_DBT/airflow/airflow_env/lib/python3.11/site-packages/airflow/example_dags/example_dynamic_task_mapping.py
[2026-04-01T06:17:27.049+0530] {logging_mixin.py:188} INFO - [2026-04-01T06:17:27.049+0530] {dag.py:3096} INFO - Sync 1 DAGs
[2026-04-01T06:17:27.060+0530] {logging_mixin.py:188} INFO - [2026-04-01T06:17:27.060+0530] {dag.py:3954} INFO - Setting next_dagrun for example_dynamic_task_mapping to 2022-03-04 00:00:00+00:00, run_after=2022-03-05 00:00:00+00:00
[2026-04-01T06:17:27.069+0530] {processor.py:183} INFO - Processing /Users/aswin/Documents/data-engineering-practice/ETL_Airflow_DBT/airflow/airflow_env/lib/python3.11/site-packages/airflow/example_dags/example_dynamic_task_mapping.py took 0.092 seconds
[2026-04-01T06:17:58.169+0530] {processor.py:161} INFO - Started process (PID=78614) to work on /Users/aswin/Documents/data-engineering-practice/ETL_Airflow_DBT/airflow/airflow_env/lib/python3.11/site-packages/airflow/example_dags/example_dynamic_task_mapping.py
[2026-04-01T06:17:58.171+0530] {processor.py:830} INFO - Processing file /Users/aswin/Documents/data-engineering-practice/ETL_Airflow_DBT/airflow/airflow_env/lib/python3.11/site-packages/airflow/example_dags/example_dynamic_task_mapping.py for tasks to queue
[2026-04-01T06:17:58.171+0530] {logging_mixin.py:188} INFO - [2026-04-01T06:17:58.171+0530] {dagbag.py:540} INFO - Filling up the DagBag from /Users/aswin/Documents/data-engineering-practice/ETL_Airflow_DBT/airflow/airflow_env/lib/python3.11/site-packages/airflow/example_dags/example_dynamic_task_mapping.py
[2026-04-01T06:17:58.188+0530] {processor.py:840} INFO - DAG(s) 'example_dynamic_task_mapping' retrieved from /Users/aswin/Documents/data-engineering-practice/ETL_Airflow_DBT/airflow/airflow_env/lib/python3.11/site-packages/airflow/example_dags/example_dynamic_task_mapping.py
[2026-04-01T06:17:58.239+0530] {logging_mixin.py:188} INFO - [2026-04-01T06:17:58.238+0530] {dag.py:3096} INFO - Sync 1 DAGs
[2026-04-01T06:17:58.249+0530] {logging_mixin.py:188} INFO - [2026-04-01T06:17:58.248+0530] {dag.py:3954} INFO - Setting next_dagrun for example_dynamic_task_mapping to 2022-03-04 00:00:00+00:00, run_after=2022-03-05 00:00:00+00:00
[2026-04-01T06:17:58.256+0530] {processor.py:183} INFO - Processing /Users/aswin/Documents/data-engineering-practice/ETL_Airflow_DBT/airflow/airflow_env/lib/python3.11/site-packages/airflow/example_dags/example_dynamic_task_mapping.py took 0.088 seconds
[2026-04-01T06:23:37.693+0530] {processor.py:161} INFO - Started process (PID=78831) to work on /Users/aswin/Documents/data-engineering-practice/ETL_Airflow_DBT/airflow/airflow_env/lib/python3.11/site-packages/airflow/example_dags/example_dynamic_task_mapping.py
[2026-04-01T06:23:37.694+0530] {processor.py:830} INFO - Processing file /Users/aswin/Documents/data-engineering-practice/ETL_Airflow_DBT/airflow/airflow_env/lib/python3.11/site-packages/airflow/example_dags/example_dynamic_task_mapping.py for tasks to queue
[2026-04-01T06:23:37.694+0530] {logging_mixin.py:188} INFO - [2026-04-01T06:23:37.694+0530] {dagbag.py:540} INFO - Filling up the DagBag from /Users/aswin/Documents/data-engineering-practice/ETL_Airflow_DBT/airflow/airflow_env/lib/python3.11/site-packages/airflow/example_dags/example_dynamic_task_mapping.py
[2026-04-01T06:23:37.711+0530] {processor.py:840} INFO - DAG(s) 'example_dynamic_task_mapping' retrieved from /Users/aswin/Documents/data-engineering-practice/ETL_Airflow_DBT/airflow/airflow_env/lib/python3.11/site-packages/airflow/example_dags/example_dynamic_task_mapping.py
[2026-04-01T06:23:37.768+0530] {logging_mixin.py:188} INFO - [2026-04-01T06:23:37.768+0530] {dag.py:3096} INFO - Sync 1 DAGs
[2026-04-01T06:23:37.779+0530] {logging_mixin.py:188} INFO - [2026-04-01T06:23:37.779+0530] {dag.py:3954} INFO - Setting next_dagrun for example_dynamic_task_mapping to 2022-03-04 00:00:00+00:00, run_after=2022-03-05 00:00:00+00:00
[2026-04-01T06:23:37.788+0530] {processor.py:183} INFO - Processing /Users/aswin/Documents/data-engineering-practice/ETL_Airflow_DBT/airflow/airflow_env/lib/python3.11/site-packages/airflow/example_dags/example_dynamic_task_mapping.py took 0.096 seconds
[2026-04-01T06:24:09.017+0530] {processor.py:161} INFO - Started process (PID=78959) to work on /Users/aswin/Documents/data-engineering-practice/ETL_Airflow_DBT/airflow/airflow_env/lib/python3.11/site-packages/airflow/example_dags/example_dynamic_task_mapping.py
[2026-04-01T06:24:09.018+0530] {processor.py:830} INFO - Processing file /Users/aswin/Documents/data-engineering-practice/ETL_Airflow_DBT/airflow/airflow_env/lib/python3.11/site-packages/airflow/example_dags/example_dynamic_task_mapping.py for tasks to queue
[2026-04-01T06:24:09.019+0530] {logging_mixin.py:188} INFO - [2026-04-01T06:24:09.019+0530] {dagbag.py:540} INFO - Filling up the DagBag from /Users/aswin/Documents/data-engineering-practice/ETL_Airflow_DBT/airflow/airflow_env/lib/python3.11/site-packages/airflow/example_dags/example_dynamic_task_mapping.py
[2026-04-01T06:24:09.033+0530] {processor.py:840} INFO - DAG(s) 'example_dynamic_task_mapping' retrieved from /Users/aswin/Documents/data-engineering-practice/ETL_Airflow_DBT/airflow/airflow_env/lib/python3.11/site-packages/airflow/example_dags/example_dynamic_task_mapping.py
[2026-04-01T06:24:09.087+0530] {logging_mixin.py:188} INFO - [2026-04-01T06:24:09.087+0530] {dag.py:3096} INFO - Sync 1 DAGs
[2026-04-01T06:24:09.098+0530] {logging_mixin.py:188} INFO - [2026-04-01T06:24:09.098+0530] {dag.py:3954} INFO - Setting next_dagrun for example_dynamic_task_mapping to 2022-03-04 00:00:00+00:00, run_after=2022-03-05 00:00:00+00:00
[2026-04-01T06:24:09.107+0530] {processor.py:183} INFO - Processing /Users/aswin/Documents/data-engineering-practice/ETL_Airflow_DBT/airflow/airflow_env/lib/python3.11/site-packages/airflow/example_dags/example_dynamic_task_mapping.py took 0.091 seconds
[2026-04-01T06:24:39.981+0530] {processor.py:161} INFO - Started process (PID=79085) to work on /Users/aswin/Documents/data-engineering-practice/ETL_Airflow_DBT/airflow/airflow_env/lib/python3.11/site-packages/airflow/example_dags/example_dynamic_task_mapping.py
[2026-04-01T06:24:39.982+0530] {processor.py:830} INFO - Processing file /Users/aswin/Documents/data-engineering-practice/ETL_Airflow_DBT/airflow/airflow_env/lib/python3.11/site-packages/airflow/example_dags/example_dynamic_task_mapping.py for tasks to queue
[2026-04-01T06:24:39.982+0530] {logging_mixin.py:188} INFO - [2026-04-01T06:24:39.982+0530] {dagbag.py:540} INFO - Filling up the DagBag from /Users/aswin/Documents/data-engineering-practice/ETL_Airflow_DBT/airflow/airflow_env/lib/python3.11/site-packages/airflow/example_dags/example_dynamic_task_mapping.py
[2026-04-01T06:24:39.998+0530] {processor.py:840} INFO - DAG(s) 'example_dynamic_task_mapping' retrieved from /Users/aswin/Documents/data-engineering-practice/ETL_Airflow_DBT/airflow/airflow_env/lib/python3.11/site-packages/airflow/example_dags/example_dynamic_task_mapping.py
[2026-04-01T06:24:40.050+0530] {logging_mixin.py:188} INFO - [2026-04-01T06:24:40.049+0530] {dag.py:3096} INFO - Sync 1 DAGs
[2026-04-01T06:24:40.067+0530] {logging_mixin.py:188} INFO - [2026-04-01T06:24:40.067+0530] {dag.py:3954} INFO - Setting next_dagrun for example_dynamic_task_mapping to 2022-03-04 00:00:00+00:00, run_after=2022-03-05 00:00:00+00:00
[2026-04-01T06:24:40.075+0530] {processor.py:183} INFO - Processing /Users/aswin/Documents/data-engineering-practice/ETL_Airflow_DBT/airflow/airflow_env/lib/python3.11/site-packages/airflow/example_dags/example_dynamic_task_mapping.py took 0.094 seconds
[2026-04-01T06:25:11.121+0530] {processor.py:161} INFO - Started process (PID=79199) to work on /Users/aswin/Documents/data-engineering-practice/ETL_Airflow_DBT/airflow/airflow_env/lib/python3.11/site-packages/airflow/example_dags/example_dynamic_task_mapping.py
[2026-04-01T06:25:11.121+0530] {processor.py:830} INFO - Processing file /Users/aswin/Documents/data-engineering-practice/ETL_Airflow_DBT/airflow/airflow_env/lib/python3.11/site-packages/airflow/example_dags/example_dynamic_task_mapping.py for tasks to queue
[2026-04-01T06:25:11.121+0530] {logging_mixin.py:188} INFO - [2026-04-01T06:25:11.121+0530] {dagbag.py:540} INFO - Filling up the DagBag from /Users/aswin/Documents/data-engineering-practice/ETL_Airflow_DBT/airflow/airflow_env/lib/python3.11/site-packages/airflow/example_dags/example_dynamic_task_mapping.py
[2026-04-01T06:25:11.137+0530] {processor.py:840} INFO - DAG(s) 'example_dynamic_task_mapping' retrieved from /Users/aswin/Documents/data-engineering-practice/ETL_Airflow_DBT/airflow/airflow_env/lib/python3.11/site-packages/airflow/example_dags/example_dynamic_task_mapping.py
[2026-04-01T06:25:11.190+0530] {logging_mixin.py:188} INFO - [2026-04-01T06:25:11.190+0530] {dag.py:3096} INFO - Sync 1 DAGs
[2026-04-01T06:25:11.201+0530] {logging_mixin.py:188} INFO - [2026-04-01T06:25:11.201+0530] {dag.py:3954} INFO - Setting next_dagrun for example_dynamic_task_mapping to 2022-03-04 00:00:00+00:00, run_after=2022-03-05 00:00:00+00:00
[2026-04-01T06:25:11.212+0530] {processor.py:183} INFO - Processing /Users/aswin/Documents/data-engineering-practice/ETL_Airflow_DBT/airflow/airflow_env/lib/python3.11/site-packages/airflow/example_dags/example_dynamic_task_mapping.py took 0.092 seconds
[2026-04-01T06:25:42.345+0530] {processor.py:161} INFO - Started process (PID=79313) to work on /Users/aswin/Documents/data-engineering-practice/ETL_Airflow_DBT/airflow/airflow_env/lib/python3.11/site-packages/airflow/example_dags/example_dynamic_task_mapping.py
[2026-04-01T06:25:42.346+0530] {processor.py:830} INFO - Processing file /Users/aswin/Documents/data-engineering-practice/ETL_Airflow_DBT/airflow/airflow_env/lib/python3.11/site-packages/airflow/example_dags/example_dynamic_task_mapping.py for tasks to queue
[2026-04-01T06:25:42.347+0530] {logging_mixin.py:188} INFO - [2026-04-01T06:25:42.347+0530] {dagbag.py:540} INFO - Filling up the DagBag from /Users/aswin/Documents/data-engineering-practice/ETL_Airflow_DBT/airflow/airflow_env/lib/python3.11/site-packages/airflow/example_dags/example_dynamic_task_mapping.py
[2026-04-01T06:25:42.361+0530] {processor.py:840} INFO - DAG(s) 'example_dynamic_task_mapping' retrieved from /Users/aswin/Documents/data-engineering-practice/ETL_Airflow_DBT/airflow/airflow_env/lib/python3.11/site-packages/airflow/example_dags/example_dynamic_task_mapping.py
[2026-04-01T06:25:42.413+0530] {logging_mixin.py:188} INFO - [2026-04-01T06:25:42.413+0530] {dag.py:3096} INFO - Sync 1 DAGs
[2026-04-01T06:25:42.422+0530] {logging_mixin.py:188} INFO - [2026-04-01T06:25:42.422+0530] {dag.py:3954} INFO - Setting next_dagrun for example_dynamic_task_mapping to 2022-03-04 00:00:00+00:00, run_after=2022-03-05 00:00:00+00:00
[2026-04-01T06:25:42.430+0530] {processor.py:183} INFO - Processing /Users/aswin/Documents/data-engineering-practice/ETL_Airflow_DBT/airflow/airflow_env/lib/python3.11/site-packages/airflow/example_dags/example_dynamic_task_mapping.py took 0.086 seconds
[2026-04-01T06:26:14.700+0530] {processor.py:161} INFO - Started process (PID=79427) to work on /Users/aswin/Documents/data-engineering-practice/ETL_Airflow_DBT/airflow/airflow_env/lib/python3.11/site-packages/airflow/example_dags/example_dynamic_task_mapping.py
[2026-04-01T06:26:14.701+0530] {processor.py:830} INFO - Processing file /Users/aswin/Documents/data-engineering-practice/ETL_Airflow_DBT/airflow/airflow_env/lib/python3.11/site-packages/airflow/example_dags/example_dynamic_task_mapping.py for tasks to queue
[2026-04-01T06:26:14.702+0530] {logging_mixin.py:188} INFO - [2026-04-01T06:26:14.701+0530] {dagbag.py:540} INFO - Filling up the DagBag from /Users/aswin/Documents/data-engineering-practice/ETL_Airflow_DBT/airflow/airflow_env/lib/python3.11/site-packages/airflow/example_dags/example_dynamic_task_mapping.py
[2026-04-01T06:26:14.717+0530] {processor.py:840} INFO - DAG(s) 'example_dynamic_task_mapping' retrieved from /Users/aswin/Documents/data-engineering-practice/ETL_Airflow_DBT/airflow/airflow_env/lib/python3.11/site-packages/airflow/example_dags/example_dynamic_task_mapping.py
[2026-04-01T06:26:14.773+0530] {logging_mixin.py:188} INFO - [2026-04-01T06:26:14.772+0530] {dag.py:3096} INFO - Sync 1 DAGs
[2026-04-01T06:26:14.785+0530] {logging_mixin.py:188} INFO - [2026-04-01T06:26:14.785+0530] {dag.py:3954} INFO - Setting next_dagrun for example_dynamic_task_mapping to 2022-03-04 00:00:00+00:00, run_after=2022-03-05 00:00:00+00:00
[2026-04-01T06:26:14.795+0530] {processor.py:183} INFO - Processing /Users/aswin/Documents/data-engineering-practice/ETL_Airflow_DBT/airflow/airflow_env/lib/python3.11/site-packages/airflow/example_dags/example_dynamic_task_mapping.py took 0.096 seconds
[2026-04-01T06:26:46.217+0530] {processor.py:161} INFO - Started process (PID=79541) to work on /Users/aswin/Documents/data-engineering-practice/ETL_Airflow_DBT/airflow/airflow_env/lib/python3.11/site-packages/airflow/example_dags/example_dynamic_task_mapping.py
[2026-04-01T06:26:46.218+0530] {processor.py:830} INFO - Processing file /Users/aswin/Documents/data-engineering-practice/ETL_Airflow_DBT/airflow/airflow_env/lib/python3.11/site-packages/airflow/example_dags/example_dynamic_task_mapping.py for tasks to queue
[2026-04-01T06:26:46.218+0530] {logging_mixin.py:188} INFO - [2026-04-01T06:26:46.218+0530] {dagbag.py:540} INFO - Filling up the DagBag from /Users/aswin/Documents/data-engineering-practice/ETL_Airflow_DBT/airflow/airflow_env/lib/python3.11/site-packages/airflow/example_dags/example_dynamic_task_mapping.py
[2026-04-01T06:26:46.233+0530] {processor.py:840} INFO - DAG(s) 'example_dynamic_task_mapping' retrieved from /Users/aswin/Documents/data-engineering-practice/ETL_Airflow_DBT/airflow/airflow_env/lib/python3.11/site-packages/airflow/example_dags/example_dynamic_task_mapping.py
[2026-04-01T06:26:46.284+0530] {logging_mixin.py:188} INFO - [2026-04-01T06:26:46.284+0530] {dag.py:3096} INFO - Sync 1 DAGs
[2026-04-01T06:26:46.293+0530] {logging_mixin.py:188} INFO - [2026-04-01T06:26:46.293+0530] {dag.py:3954} INFO - Setting next_dagrun for example_dynamic_task_mapping to 2022-03-04 00:00:00+00:00, run_after=2022-03-05 00:00:00+00:00
[2026-04-01T06:26:46.308+0530] {processor.py:183} INFO - Processing /Users/aswin/Documents/data-engineering-practice/ETL_Airflow_DBT/airflow/airflow_env/lib/python3.11/site-packages/airflow/example_dags/example_dynamic_task_mapping.py took 0.092 seconds
[2026-04-01T06:27:17.056+0530] {processor.py:161} INFO - Started process (PID=79653) to work on /Users/aswin/Documents/data-engineering-practice/ETL_Airflow_DBT/airflow/airflow_env/lib/python3.11/site-packages/airflow/example_dags/example_dynamic_task_mapping.py
[2026-04-01T06:27:17.057+0530] {processor.py:830} INFO - Processing file /Users/aswin/Documents/data-engineering-practice/ETL_Airflow_DBT/airflow/airflow_env/lib/python3.11/site-packages/airflow/example_dags/example_dynamic_task_mapping.py for tasks to queue
[2026-04-01T06:27:17.058+0530] {logging_mixin.py:188} INFO - [2026-04-01T06:27:17.057+0530] {dagbag.py:540} INFO - Filling up the DagBag from /Users/aswin/Documents/data-engineering-practice/ETL_Airflow_DBT/airflow/airflow_env/lib/python3.11/site-packages/airflow/example_dags/example_dynamic_task_mapping.py
[2026-04-01T06:27:17.072+0530] {processor.py:840} INFO - DAG(s) 'example_dynamic_task_mapping' retrieved from /Users/aswin/Documents/data-engineering-practice/ETL_Airflow_DBT/airflow/airflow_env/lib/python3.11/site-packages/airflow/example_dags/example_dynamic_task_mapping.py
[2026-04-01T06:27:17.128+0530] {logging_mixin.py:188} INFO - [2026-04-01T06:27:17.128+0530] {dag.py:3096} INFO - Sync 1 DAGs
[2026-04-01T06:27:17.138+0530] {logging_mixin.py:188} INFO - [2026-04-01T06:27:17.137+0530] {dag.py:3954} INFO - Setting next_dagrun for example_dynamic_task_mapping to 2022-03-04 00:00:00+00:00, run_after=2022-03-05 00:00:00+00:00
[2026-04-01T06:27:17.146+0530] {processor.py:183} INFO - Processing /Users/aswin/Documents/data-engineering-practice/ETL_Airflow_DBT/airflow/airflow_env/lib/python3.11/site-packages/airflow/example_dags/example_dynamic_task_mapping.py took 0.091 seconds
[2026-04-01T06:27:47.959+0530] {processor.py:161} INFO - Started process (PID=79768) to work on /Users/aswin/Documents/data-engineering-practice/ETL_Airflow_DBT/airflow/airflow_env/lib/python3.11/site-packages/airflow/example_dags/example_dynamic_task_mapping.py
[2026-04-01T06:27:47.960+0530] {processor.py:830} INFO - Processing file /Users/aswin/Documents/data-engineering-practice/ETL_Airflow_DBT/airflow/airflow_env/lib/python3.11/site-packages/airflow/example_dags/example_dynamic_task_mapping.py for tasks to queue
[2026-04-01T06:27:47.960+0530] {logging_mixin.py:188} INFO - [2026-04-01T06:27:47.960+0530] {dagbag.py:540} INFO - Filling up the DagBag from /Users/aswin/Documents/data-engineering-practice/ETL_Airflow_DBT/airflow/airflow_env/lib/python3.11/site-packages/airflow/example_dags/example_dynamic_task_mapping.py
[2026-04-01T06:27:47.975+0530] {processor.py:840} INFO - DAG(s) 'example_dynamic_task_mapping' retrieved from /Users/aswin/Documents/data-engineering-practice/ETL_Airflow_DBT/airflow/airflow_env/lib/python3.11/site-packages/airflow/example_dags/example_dynamic_task_mapping.py
[2026-04-01T06:27:48.025+0530] {logging_mixin.py:188} INFO - [2026-04-01T06:27:48.025+0530] {dag.py:3096} INFO - Sync 1 DAGs
[2026-04-01T06:27:48.035+0530] {logging_mixin.py:188} INFO - [2026-04-01T06:27:48.035+0530] {dag.py:3954} INFO - Setting next_dagrun for example_dynamic_task_mapping to 2022-03-04 00:00:00+00:00, run_after=2022-03-05 00:00:00+00:00
[2026-04-01T06:27:48.043+0530] {processor.py:183} INFO - Processing /Users/aswin/Documents/data-engineering-practice/ETL_Airflow_DBT/airflow/airflow_env/lib/python3.11/site-packages/airflow/example_dags/example_dynamic_task_mapping.py took 0.085 seconds
[2026-04-01T07:35:37.478+0530] {processor.py:161} INFO - Started process (PID=80557) to work on /Users/aswin/Documents/data-engineering-practice/ETL_Airflow_DBT/airflow/airflow_env/lib/python3.11/site-packages/airflow/example_dags/example_dynamic_task_mapping.py
[2026-04-01T07:35:37.479+0530] {processor.py:830} INFO - Processing file /Users/aswin/Documents/data-engineering-practice/ETL_Airflow_DBT/airflow/airflow_env/lib/python3.11/site-packages/airflow/example_dags/example_dynamic_task_mapping.py for tasks to queue
[2026-04-01T07:35:37.479+0530] {logging_mixin.py:188} INFO - [2026-04-01T07:35:37.479+0530] {dagbag.py:540} INFO - Filling up the DagBag from /Users/aswin/Documents/data-engineering-practice/ETL_Airflow_DBT/airflow/airflow_env/lib/python3.11/site-packages/airflow/example_dags/example_dynamic_task_mapping.py
[2026-04-01T07:35:37.494+0530] {processor.py:840} INFO - DAG(s) 'example_dynamic_task_mapping' retrieved from /Users/aswin/Documents/data-engineering-practice/ETL_Airflow_DBT/airflow/airflow_env/lib/python3.11/site-packages/airflow/example_dags/example_dynamic_task_mapping.py
[2026-04-01T07:35:37.549+0530] {logging_mixin.py:188} INFO - [2026-04-01T07:35:37.549+0530] {dag.py:3096} INFO - Sync 1 DAGs
[2026-04-01T07:35:37.560+0530] {logging_mixin.py:188} INFO - [2026-04-01T07:35:37.560+0530] {dag.py:3954} INFO - Setting next_dagrun for example_dynamic_task_mapping to 2022-03-04 00:00:00+00:00, run_after=2022-03-05 00:00:00+00:00
[2026-04-01T07:35:37.570+0530] {processor.py:183} INFO - Processing /Users/aswin/Documents/data-engineering-practice/ETL_Airflow_DBT/airflow/airflow_env/lib/python3.11/site-packages/airflow/example_dags/example_dynamic_task_mapping.py took 0.094 seconds
[2026-04-01T07:36:08.557+0530] {processor.py:161} INFO - Started process (PID=80701) to work on /Users/aswin/Documents/data-engineering-practice/ETL_Airflow_DBT/airflow/airflow_env/lib/python3.11/site-packages/airflow/example_dags/example_dynamic_task_mapping.py
[2026-04-01T07:36:08.558+0530] {processor.py:830} INFO - Processing file /Users/aswin/Documents/data-engineering-practice/ETL_Airflow_DBT/airflow/airflow_env/lib/python3.11/site-packages/airflow/example_dags/example_dynamic_task_mapping.py for tasks to queue
[2026-04-01T07:36:08.558+0530] {logging_mixin.py:188} INFO - [2026-04-01T07:36:08.558+0530] {dagbag.py:540} INFO - Filling up the DagBag from /Users/aswin/Documents/data-engineering-practice/ETL_Airflow_DBT/airflow/airflow_env/lib/python3.11/site-packages/airflow/example_dags/example_dynamic_task_mapping.py
[2026-04-01T07:36:08.574+0530] {processor.py:840} INFO - DAG(s) 'example_dynamic_task_mapping' retrieved from /Users/aswin/Documents/data-engineering-practice/ETL_Airflow_DBT/airflow/airflow_env/lib/python3.11/site-packages/airflow/example_dags/example_dynamic_task_mapping.py
[2026-04-01T07:36:08.625+0530] {logging_mixin.py:188} INFO - [2026-04-01T07:36:08.625+0530] {dag.py:3096} INFO - Sync 1 DAGs
[2026-04-01T07:36:08.634+0530] {logging_mixin.py:188} INFO - [2026-04-01T07:36:08.634+0530] {dag.py:3954} INFO - Setting next_dagrun for example_dynamic_task_mapping to 2022-03-04 00:00:00+00:00, run_after=2022-03-05 00:00:00+00:00
[2026-04-01T07:36:08.643+0530] {processor.py:183} INFO - Processing /Users/aswin/Documents/data-engineering-practice/ETL_Airflow_DBT/airflow/airflow_env/lib/python3.11/site-packages/airflow/example_dags/example_dynamic_task_mapping.py took 0.087 seconds
[2026-04-01T07:36:39.582+0530] {processor.py:161} INFO - Started process (PID=80836) to work on /Users/aswin/Documents/data-engineering-practice/ETL_Airflow_DBT/airflow/airflow_env/lib/python3.11/site-packages/airflow/example_dags/example_dynamic_task_mapping.py
[2026-04-01T07:36:39.583+0530] {processor.py:830} INFO - Processing file /Users/aswin/Documents/data-engineering-practice/ETL_Airflow_DBT/airflow/airflow_env/lib/python3.11/site-packages/airflow/example_dags/example_dynamic_task_mapping.py for tasks to queue
[2026-04-01T07:36:39.583+0530] {logging_mixin.py:188} INFO - [2026-04-01T07:36:39.583+0530] {dagbag.py:540} INFO - Filling up the DagBag from /Users/aswin/Documents/data-engineering-practice/ETL_Airflow_DBT/airflow/airflow_env/lib/python3.11/site-packages/airflow/example_dags/example_dynamic_task_mapping.py
[2026-04-01T07:36:39.598+0530] {processor.py:840} INFO - DAG(s) 'example_dynamic_task_mapping' retrieved from /Users/aswin/Documents/data-engineering-practice/ETL_Airflow_DBT/airflow/airflow_env/lib/python3.11/site-packages/airflow/example_dags/example_dynamic_task_mapping.py
[2026-04-01T07:36:39.651+0530] {logging_mixin.py:188} INFO - [2026-04-01T07:36:39.650+0530] {dag.py:3096} INFO - Sync 1 DAGs
[2026-04-01T07:36:39.660+0530] {logging_mixin.py:188} INFO - [2026-04-01T07:36:39.660+0530] {dag.py:3954} INFO - Setting next_dagrun for example_dynamic_task_mapping to 2022-03-04 00:00:00+00:00, run_after=2022-03-05 00:00:00+00:00
[2026-04-01T07:36:39.669+0530] {processor.py:183} INFO - Processing /Users/aswin/Documents/data-engineering-practice/ETL_Airflow_DBT/airflow/airflow_env/lib/python3.11/site-packages/airflow/example_dags/example_dynamic_task_mapping.py took 0.089 seconds
[2026-04-01T07:37:10.766+0530] {processor.py:161} INFO - Started process (PID=80961) to work on /Users/aswin/Documents/data-engineering-practice/ETL_Airflow_DBT/airflow/airflow_env/lib/python3.11/site-packages/airflow/example_dags/example_dynamic_task_mapping.py
[2026-04-01T07:37:10.767+0530] {processor.py:830} INFO - Processing file /Users/aswin/Documents/data-engineering-practice/ETL_Airflow_DBT/airflow/airflow_env/lib/python3.11/site-packages/airflow/example_dags/example_dynamic_task_mapping.py for tasks to queue
[2026-04-01T07:37:10.767+0530] {logging_mixin.py:188} INFO - [2026-04-01T07:37:10.767+0530] {dagbag.py:540} INFO - Filling up the DagBag from /Users/aswin/Documents/data-engineering-practice/ETL_Airflow_DBT/airflow/airflow_env/lib/python3.11/site-packages/airflow/example_dags/example_dynamic_task_mapping.py
[2026-04-01T07:37:10.782+0530] {processor.py:840} INFO - DAG(s) 'example_dynamic_task_mapping' retrieved from /Users/aswin/Documents/data-engineering-practice/ETL_Airflow_DBT/airflow/airflow_env/lib/python3.11/site-packages/airflow/example_dags/example_dynamic_task_mapping.py
[2026-04-01T07:37:10.835+0530] {logging_mixin.py:188} INFO - [2026-04-01T07:37:10.835+0530] {dag.py:3096} INFO - Sync 1 DAGs
[2026-04-01T07:37:10.845+0530] {logging_mixin.py:188} INFO - [2026-04-01T07:37:10.845+0530] {dag.py:3954} INFO - Setting next_dagrun for example_dynamic_task_mapping to 2022-03-04 00:00:00+00:00, run_after=2022-03-05 00:00:00+00:00
[2026-04-01T07:37:10.853+0530] {processor.py:183} INFO - Processing /Users/aswin/Documents/data-engineering-practice/ETL_Airflow_DBT/airflow/airflow_env/lib/python3.11/site-packages/airflow/example_dags/example_dynamic_task_mapping.py took 0.089 seconds
[2026-04-01T07:37:41.712+0530] {processor.py:161} INFO - Started process (PID=81088) to work on /Users/aswin/Documents/data-engineering-practice/ETL_Airflow_DBT/airflow/airflow_env/lib/python3.11/site-packages/airflow/example_dags/example_dynamic_task_mapping.py
[2026-04-01T07:37:41.712+0530] {processor.py:830} INFO - Processing file /Users/aswin/Documents/data-engineering-practice/ETL_Airflow_DBT/airflow/airflow_env/lib/python3.11/site-packages/airflow/example_dags/example_dynamic_task_mapping.py for tasks to queue
[2026-04-01T07:37:41.713+0530] {logging_mixin.py:188} INFO - [2026-04-01T07:37:41.713+0530] {dagbag.py:540} INFO - Filling up the DagBag from /Users/aswin/Documents/data-engineering-practice/ETL_Airflow_DBT/airflow/airflow_env/lib/python3.11/site-packages/airflow/example_dags/example_dynamic_task_mapping.py
[2026-04-01T07:37:41.728+0530] {processor.py:840} INFO - DAG(s) 'example_dynamic_task_mapping' retrieved from /Users/aswin/Documents/data-engineering-practice/ETL_Airflow_DBT/airflow/airflow_env/lib/python3.11/site-packages/airflow/example_dags/example_dynamic_task_mapping.py
[2026-04-01T07:37:41.780+0530] {logging_mixin.py:188} INFO - [2026-04-01T07:37:41.780+0530] {dag.py:3096} INFO - Sync 1 DAGs
[2026-04-01T07:37:41.791+0530] {logging_mixin.py:188} INFO - [2026-04-01T07:37:41.791+0530] {dag.py:3954} INFO - Setting next_dagrun for example_dynamic_task_mapping to 2022-03-04 00:00:00+00:00, run_after=2022-03-05 00:00:00+00:00
[2026-04-01T07:37:41.799+0530] {processor.py:183} INFO - Processing /Users/aswin/Documents/data-engineering-practice/ETL_Airflow_DBT/airflow/airflow_env/lib/python3.11/site-packages/airflow/example_dags/example_dynamic_task_mapping.py took 0.088 seconds
[2026-04-01T07:38:13.048+0530] {processor.py:161} INFO - Started process (PID=81215) to work on /Users/aswin/Documents/data-engineering-practice/ETL_Airflow_DBT/airflow/airflow_env/lib/python3.11/site-packages/airflow/example_dags/example_dynamic_task_mapping.py
[2026-04-01T07:38:13.049+0530] {processor.py:830} INFO - Processing file /Users/aswin/Documents/data-engineering-practice/ETL_Airflow_DBT/airflow/airflow_env/lib/python3.11/site-packages/airflow/example_dags/example_dynamic_task_mapping.py for tasks to queue
[2026-04-01T07:38:13.049+0530] {logging_mixin.py:188} INFO - [2026-04-01T07:38:13.049+0530] {dagbag.py:540} INFO - Filling up the DagBag from /Users/aswin/Documents/data-engineering-practice/ETL_Airflow_DBT/airflow/airflow_env/lib/python3.11/site-packages/airflow/example_dags/example_dynamic_task_mapping.py
[2026-04-01T07:38:13.065+0530] {processor.py:840} INFO - DAG(s) 'example_dynamic_task_mapping' retrieved from /Users/aswin/Documents/data-engineering-practice/ETL_Airflow_DBT/airflow/airflow_env/lib/python3.11/site-packages/airflow/example_dags/example_dynamic_task_mapping.py
[2026-04-01T07:38:13.117+0530] {logging_mixin.py:188} INFO - [2026-04-01T07:38:13.117+0530] {dag.py:3096} INFO - Sync 1 DAGs
[2026-04-01T07:38:13.128+0530] {logging_mixin.py:188} INFO - [2026-04-01T07:38:13.128+0530] {dag.py:3954} INFO - Setting next_dagrun for example_dynamic_task_mapping to 2022-03-04 00:00:00+00:00, run_after=2022-03-05 00:00:00+00:00
[2026-04-01T07:38:13.136+0530] {processor.py:183} INFO - Processing /Users/aswin/Documents/data-engineering-practice/ETL_Airflow_DBT/airflow/airflow_env/lib/python3.11/site-packages/airflow/example_dags/example_dynamic_task_mapping.py took 0.089 seconds
[2026-04-01T07:38:44.036+0530] {processor.py:161} INFO - Started process (PID=81340) to work on /Users/aswin/Documents/data-engineering-practice/ETL_Airflow_DBT/airflow/airflow_env/lib/python3.11/site-packages/airflow/example_dags/example_dynamic_task_mapping.py
[2026-04-01T07:38:44.037+0530] {processor.py:830} INFO - Processing file /Users/aswin/Documents/data-engineering-practice/ETL_Airflow_DBT/airflow/airflow_env/lib/python3.11/site-packages/airflow/example_dags/example_dynamic_task_mapping.py for tasks to queue
[2026-04-01T07:38:44.038+0530] {logging_mixin.py:188} INFO - [2026-04-01T07:38:44.038+0530] {dagbag.py:540} INFO - Filling up the DagBag from /Users/aswin/Documents/data-engineering-practice/ETL_Airflow_DBT/airflow/airflow_env/lib/python3.11/site-packages/airflow/example_dags/example_dynamic_task_mapping.py
[2026-04-01T07:38:44.053+0530] {processor.py:840} INFO - DAG(s) 'example_dynamic_task_mapping' retrieved from /Users/aswin/Documents/data-engineering-practice/ETL_Airflow_DBT/airflow/airflow_env/lib/python3.11/site-packages/airflow/example_dags/example_dynamic_task_mapping.py
[2026-04-01T07:38:44.108+0530] {logging_mixin.py:188} INFO - [2026-04-01T07:38:44.108+0530] {dag.py:3096} INFO - Sync 1 DAGs
[2026-04-01T07:38:44.118+0530] {logging_mixin.py:188} INFO - [2026-04-01T07:38:44.118+0530] {dag.py:3954} INFO - Setting next_dagrun for example_dynamic_task_mapping to 2022-03-04 00:00:00+00:00, run_after=2022-03-05 00:00:00+00:00
[2026-04-01T07:38:44.127+0530] {processor.py:183} INFO - Processing /Users/aswin/Documents/data-engineering-practice/ETL_Airflow_DBT/airflow/airflow_env/lib/python3.11/site-packages/airflow/example_dags/example_dynamic_task_mapping.py took 0.091 seconds
[2026-04-01T07:39:15.337+0530] {processor.py:161} INFO - Started process (PID=81466) to work on /Users/aswin/Documents/data-engineering-practice/ETL_Airflow_DBT/airflow/airflow_env/lib/python3.11/site-packages/airflow/example_dags/example_dynamic_task_mapping.py
[2026-04-01T07:39:15.338+0530] {processor.py:830} INFO - Processing file /Users/aswin/Documents/data-engineering-practice/ETL_Airflow_DBT/airflow/airflow_env/lib/python3.11/site-packages/airflow/example_dags/example_dynamic_task_mapping.py for tasks to queue
[2026-04-01T07:39:15.338+0530] {logging_mixin.py:188} INFO - [2026-04-01T07:39:15.338+0530] {dagbag.py:540} INFO - Filling up the DagBag from /Users/aswin/Documents/data-engineering-practice/ETL_Airflow_DBT/airflow/airflow_env/lib/python3.11/site-packages/airflow/example_dags/example_dynamic_task_mapping.py
[2026-04-01T07:39:15.353+0530] {processor.py:840} INFO - DAG(s) 'example_dynamic_task_mapping' retrieved from /Users/aswin/Documents/data-engineering-practice/ETL_Airflow_DBT/airflow/airflow_env/lib/python3.11/site-packages/airflow/example_dags/example_dynamic_task_mapping.py
[2026-04-01T07:39:15.408+0530] {logging_mixin.py:188} INFO - [2026-04-01T07:39:15.407+0530] {dag.py:3096} INFO - Sync 1 DAGs
[2026-04-01T07:39:15.416+0530] {logging_mixin.py:188} INFO - [2026-04-01T07:39:15.416+0530] {dag.py:3954} INFO - Setting next_dagrun for example_dynamic_task_mapping to 2022-03-04 00:00:00+00:00, run_after=2022-03-05 00:00:00+00:00
[2026-04-01T07:39:15.426+0530] {processor.py:183} INFO - Processing /Users/aswin/Documents/data-engineering-practice/ETL_Airflow_DBT/airflow/airflow_env/lib/python3.11/site-packages/airflow/example_dags/example_dynamic_task_mapping.py took 0.090 seconds
[2026-04-01T07:39:46.562+0530] {processor.py:161} INFO - Started process (PID=81590) to work on /Users/aswin/Documents/data-engineering-practice/ETL_Airflow_DBT/airflow/airflow_env/lib/python3.11/site-packages/airflow/example_dags/example_dynamic_task_mapping.py
[2026-04-01T07:39:46.563+0530] {processor.py:830} INFO - Processing file /Users/aswin/Documents/data-engineering-practice/ETL_Airflow_DBT/airflow/airflow_env/lib/python3.11/site-packages/airflow/example_dags/example_dynamic_task_mapping.py for tasks to queue
[2026-04-01T07:39:46.563+0530] {logging_mixin.py:188} INFO - [2026-04-01T07:39:46.563+0530] {dagbag.py:540} INFO - Filling up the DagBag from /Users/aswin/Documents/data-engineering-practice/ETL_Airflow_DBT/airflow/airflow_env/lib/python3.11/site-packages/airflow/example_dags/example_dynamic_task_mapping.py
[2026-04-01T07:39:46.579+0530] {processor.py:840} INFO - DAG(s) 'example_dynamic_task_mapping' retrieved from /Users/aswin/Documents/data-engineering-practice/ETL_Airflow_DBT/airflow/airflow_env/lib/python3.11/site-packages/airflow/example_dags/example_dynamic_task_mapping.py
[2026-04-01T07:39:46.632+0530] {logging_mixin.py:188} INFO - [2026-04-01T07:39:46.632+0530] {dag.py:3096} INFO - Sync 1 DAGs
[2026-04-01T07:39:46.642+0530] {logging_mixin.py:188} INFO - [2026-04-01T07:39:46.642+0530] {dag.py:3954} INFO - Setting next_dagrun for example_dynamic_task_mapping to 2022-03-04 00:00:00+00:00, run_after=2022-03-05 00:00:00+00:00
[2026-04-01T07:39:46.651+0530] {processor.py:183} INFO - Processing /Users/aswin/Documents/data-engineering-practice/ETL_Airflow_DBT/airflow/airflow_env/lib/python3.11/site-packages/airflow/example_dags/example_dynamic_task_mapping.py took 0.090 seconds
[2026-04-01T07:40:17.788+0530] {processor.py:161} INFO - Started process (PID=81717) to work on /Users/aswin/Documents/data-engineering-practice/ETL_Airflow_DBT/airflow/airflow_env/lib/python3.11/site-packages/airflow/example_dags/example_dynamic_task_mapping.py
[2026-04-01T07:40:17.789+0530] {processor.py:830} INFO - Processing file /Users/aswin/Documents/data-engineering-practice/ETL_Airflow_DBT/airflow/airflow_env/lib/python3.11/site-packages/airflow/example_dags/example_dynamic_task_mapping.py for tasks to queue
[2026-04-01T07:40:17.789+0530] {logging_mixin.py:188} INFO - [2026-04-01T07:40:17.789+0530] {dagbag.py:540} INFO - Filling up the DagBag from /Users/aswin/Documents/data-engineering-practice/ETL_Airflow_DBT/airflow/airflow_env/lib/python3.11/site-packages/airflow/example_dags/example_dynamic_task_mapping.py
[2026-04-01T07:40:17.804+0530] {processor.py:840} INFO - DAG(s) 'example_dynamic_task_mapping' retrieved from /Users/aswin/Documents/data-engineering-practice/ETL_Airflow_DBT/airflow/airflow_env/lib/python3.11/site-packages/airflow/example_dags/example_dynamic_task_mapping.py
[2026-04-01T07:40:17.855+0530] {logging_mixin.py:188} INFO - [2026-04-01T07:40:17.855+0530] {dag.py:3096} INFO - Sync 1 DAGs
[2026-04-01T07:40:17.865+0530] {logging_mixin.py:188} INFO - [2026-04-01T07:40:17.865+0530] {dag.py:3954} INFO - Setting next_dagrun for example_dynamic_task_mapping to 2022-03-04 00:00:00+00:00, run_after=2022-03-05 00:00:00+00:00
[2026-04-01T07:40:17.872+0530] {processor.py:183} INFO - Processing /Users/aswin/Documents/data-engineering-practice/ETL_Airflow_DBT/airflow/airflow_env/lib/python3.11/site-packages/airflow/example_dags/example_dynamic_task_mapping.py took 0.085 seconds
[2026-04-01T07:40:48.986+0530] {processor.py:161} INFO - Started process (PID=81845) to work on /Users/aswin/Documents/data-engineering-practice/ETL_Airflow_DBT/airflow/airflow_env/lib/python3.11/site-packages/airflow/example_dags/example_dynamic_task_mapping.py
[2026-04-01T07:40:48.988+0530] {processor.py:830} INFO - Processing file /Users/aswin/Documents/data-engineering-practice/ETL_Airflow_DBT/airflow/airflow_env/lib/python3.11/site-packages/airflow/example_dags/example_dynamic_task_mapping.py for tasks to queue
[2026-04-01T07:40:48.988+0530] {logging_mixin.py:188} INFO - [2026-04-01T07:40:48.988+0530] {dagbag.py:540} INFO - Filling up the DagBag from /Users/aswin/Documents/data-engineering-practice/ETL_Airflow_DBT/airflow/airflow_env/lib/python3.11/site-packages/airflow/example_dags/example_dynamic_task_mapping.py
[2026-04-01T07:40:49.002+0530] {processor.py:840} INFO - DAG(s) 'example_dynamic_task_mapping' retrieved from /Users/aswin/Documents/data-engineering-practice/ETL_Airflow_DBT/airflow/airflow_env/lib/python3.11/site-packages/airflow/example_dags/example_dynamic_task_mapping.py
[2026-04-01T07:40:49.054+0530] {logging_mixin.py:188} INFO - [2026-04-01T07:40:49.054+0530] {dag.py:3096} INFO - Sync 1 DAGs
[2026-04-01T07:40:49.065+0530] {logging_mixin.py:188} INFO - [2026-04-01T07:40:49.065+0530] {dag.py:3954} INFO - Setting next_dagrun for example_dynamic_task_mapping to 2022-03-04 00:00:00+00:00, run_after=2022-03-05 00:00:00+00:00
[2026-04-01T07:40:49.072+0530] {processor.py:183} INFO - Processing /Users/aswin/Documents/data-engineering-practice/ETL_Airflow_DBT/airflow/airflow_env/lib/python3.11/site-packages/airflow/example_dags/example_dynamic_task_mapping.py took 0.086 seconds
[2026-04-01T07:41:20.185+0530] {processor.py:161} INFO - Started process (PID=81970) to work on /Users/aswin/Documents/data-engineering-practice/ETL_Airflow_DBT/airflow/airflow_env/lib/python3.11/site-packages/airflow/example_dags/example_dynamic_task_mapping.py
[2026-04-01T07:41:20.185+0530] {processor.py:830} INFO - Processing file /Users/aswin/Documents/data-engineering-practice/ETL_Airflow_DBT/airflow/airflow_env/lib/python3.11/site-packages/airflow/example_dags/example_dynamic_task_mapping.py for tasks to queue
[2026-04-01T07:41:20.185+0530] {logging_mixin.py:188} INFO - [2026-04-01T07:41:20.185+0530] {dagbag.py:540} INFO - Filling up the DagBag from /Users/aswin/Documents/data-engineering-practice/ETL_Airflow_DBT/airflow/airflow_env/lib/python3.11/site-packages/airflow/example_dags/example_dynamic_task_mapping.py
[2026-04-01T07:41:20.202+0530] {processor.py:840} INFO - DAG(s) 'example_dynamic_task_mapping' retrieved from /Users/aswin/Documents/data-engineering-practice/ETL_Airflow_DBT/airflow/airflow_env/lib/python3.11/site-packages/airflow/example_dags/example_dynamic_task_mapping.py
[2026-04-01T07:41:20.256+0530] {logging_mixin.py:188} INFO - [2026-04-01T07:41:20.256+0530] {dag.py:3096} INFO - Sync 1 DAGs
[2026-04-01T07:41:20.265+0530] {logging_mixin.py:188} INFO - [2026-04-01T07:41:20.265+0530] {dag.py:3954} INFO - Setting next_dagrun for example_dynamic_task_mapping to 2022-03-04 00:00:00+00:00, run_after=2022-03-05 00:00:00+00:00
[2026-04-01T07:41:20.274+0530] {processor.py:183} INFO - Processing /Users/aswin/Documents/data-engineering-practice/ETL_Airflow_DBT/airflow/airflow_env/lib/python3.11/site-packages/airflow/example_dags/example_dynamic_task_mapping.py took 0.091 seconds
[2026-04-01T07:41:51.329+0530] {processor.py:161} INFO - Started process (PID=82094) to work on /Users/aswin/Documents/data-engineering-practice/ETL_Airflow_DBT/airflow/airflow_env/lib/python3.11/site-packages/airflow/example_dags/example_dynamic_task_mapping.py
[2026-04-01T07:41:51.330+0530] {processor.py:830} INFO - Processing file /Users/aswin/Documents/data-engineering-practice/ETL_Airflow_DBT/airflow/airflow_env/lib/python3.11/site-packages/airflow/example_dags/example_dynamic_task_mapping.py for tasks to queue
[2026-04-01T07:41:51.331+0530] {logging_mixin.py:188} INFO - [2026-04-01T07:41:51.331+0530] {dagbag.py:540} INFO - Filling up the DagBag from /Users/aswin/Documents/data-engineering-practice/ETL_Airflow_DBT/airflow/airflow_env/lib/python3.11/site-packages/airflow/example_dags/example_dynamic_task_mapping.py
[2026-04-01T07:41:51.346+0530] {processor.py:840} INFO - DAG(s) 'example_dynamic_task_mapping' retrieved from /Users/aswin/Documents/data-engineering-practice/ETL_Airflow_DBT/airflow/airflow_env/lib/python3.11/site-packages/airflow/example_dags/example_dynamic_task_mapping.py
[2026-04-01T07:41:51.398+0530] {logging_mixin.py:188} INFO - [2026-04-01T07:41:51.398+0530] {dag.py:3096} INFO - Sync 1 DAGs
[2026-04-01T07:41:51.409+0530] {logging_mixin.py:188} INFO - [2026-04-01T07:41:51.409+0530] {dag.py:3954} INFO - Setting next_dagrun for example_dynamic_task_mapping to 2022-03-04 00:00:00+00:00, run_after=2022-03-05 00:00:00+00:00
[2026-04-01T07:41:51.416+0530] {processor.py:183} INFO - Processing /Users/aswin/Documents/data-engineering-practice/ETL_Airflow_DBT/airflow/airflow_env/lib/python3.11/site-packages/airflow/example_dags/example_dynamic_task_mapping.py took 0.088 seconds
[2026-04-01T07:42:22.874+0530] {processor.py:161} INFO - Started process (PID=82246) to work on /Users/aswin/Documents/data-engineering-practice/ETL_Airflow_DBT/airflow/airflow_env/lib/python3.11/site-packages/airflow/example_dags/example_dynamic_task_mapping.py
[2026-04-01T07:42:22.874+0530] {processor.py:830} INFO - Processing file /Users/aswin/Documents/data-engineering-practice/ETL_Airflow_DBT/airflow/airflow_env/lib/python3.11/site-packages/airflow/example_dags/example_dynamic_task_mapping.py for tasks to queue
[2026-04-01T07:42:22.875+0530] {logging_mixin.py:188} INFO - [2026-04-01T07:42:22.875+0530] {dagbag.py:540} INFO - Filling up the DagBag from /Users/aswin/Documents/data-engineering-practice/ETL_Airflow_DBT/airflow/airflow_env/lib/python3.11/site-packages/airflow/example_dags/example_dynamic_task_mapping.py
[2026-04-01T07:42:22.890+0530] {processor.py:840} INFO - DAG(s) 'example_dynamic_task_mapping' retrieved from /Users/aswin/Documents/data-engineering-practice/ETL_Airflow_DBT/airflow/airflow_env/lib/python3.11/site-packages/airflow/example_dags/example_dynamic_task_mapping.py
[2026-04-01T07:42:22.945+0530] {logging_mixin.py:188} INFO - [2026-04-01T07:42:22.945+0530] {dag.py:3096} INFO - Sync 1 DAGs
[2026-04-01T07:42:22.957+0530] {logging_mixin.py:188} INFO - [2026-04-01T07:42:22.957+0530] {dag.py:3954} INFO - Setting next_dagrun for example_dynamic_task_mapping to 2022-03-04 00:00:00+00:00, run_after=2022-03-05 00:00:00+00:00
[2026-04-01T07:42:22.966+0530] {processor.py:183} INFO - Processing /Users/aswin/Documents/data-engineering-practice/ETL_Airflow_DBT/airflow/airflow_env/lib/python3.11/site-packages/airflow/example_dags/example_dynamic_task_mapping.py took 0.093 seconds
[2026-04-01T07:42:53.691+0530] {processor.py:161} INFO - Started process (PID=82390) to work on /Users/aswin/Documents/data-engineering-practice/ETL_Airflow_DBT/airflow/airflow_env/lib/python3.11/site-packages/airflow/example_dags/example_dynamic_task_mapping.py
[2026-04-01T07:42:53.692+0530] {processor.py:830} INFO - Processing file /Users/aswin/Documents/data-engineering-practice/ETL_Airflow_DBT/airflow/airflow_env/lib/python3.11/site-packages/airflow/example_dags/example_dynamic_task_mapping.py for tasks to queue
[2026-04-01T07:42:53.692+0530] {logging_mixin.py:188} INFO - [2026-04-01T07:42:53.692+0530] {dagbag.py:540} INFO - Filling up the DagBag from /Users/aswin/Documents/data-engineering-practice/ETL_Airflow_DBT/airflow/airflow_env/lib/python3.11/site-packages/airflow/example_dags/example_dynamic_task_mapping.py
[2026-04-01T07:42:53.708+0530] {processor.py:840} INFO - DAG(s) 'example_dynamic_task_mapping' retrieved from /Users/aswin/Documents/data-engineering-practice/ETL_Airflow_DBT/airflow/airflow_env/lib/python3.11/site-packages/airflow/example_dags/example_dynamic_task_mapping.py
[2026-04-01T07:42:53.759+0530] {logging_mixin.py:188} INFO - [2026-04-01T07:42:53.759+0530] {dag.py:3096} INFO - Sync 1 DAGs
[2026-04-01T07:42:53.772+0530] {logging_mixin.py:188} INFO - [2026-04-01T07:42:53.772+0530] {dag.py:3954} INFO - Setting next_dagrun for example_dynamic_task_mapping to 2022-03-04 00:00:00+00:00, run_after=2022-03-05 00:00:00+00:00
[2026-04-01T07:42:53.779+0530] {processor.py:183} INFO - Processing /Users/aswin/Documents/data-engineering-practice/ETL_Airflow_DBT/airflow/airflow_env/lib/python3.11/site-packages/airflow/example_dags/example_dynamic_task_mapping.py took 0.089 seconds
[2026-04-01T07:43:24.989+0530] {processor.py:161} INFO - Started process (PID=82526) to work on /Users/aswin/Documents/data-engineering-practice/ETL_Airflow_DBT/airflow/airflow_env/lib/python3.11/site-packages/airflow/example_dags/example_dynamic_task_mapping.py
[2026-04-01T07:43:24.990+0530] {processor.py:830} INFO - Processing file /Users/aswin/Documents/data-engineering-practice/ETL_Airflow_DBT/airflow/airflow_env/lib/python3.11/site-packages/airflow/example_dags/example_dynamic_task_mapping.py for tasks to queue
[2026-04-01T07:43:24.990+0530] {logging_mixin.py:188} INFO - [2026-04-01T07:43:24.990+0530] {dagbag.py:540} INFO - Filling up the DagBag from /Users/aswin/Documents/data-engineering-practice/ETL_Airflow_DBT/airflow/airflow_env/lib/python3.11/site-packages/airflow/example_dags/example_dynamic_task_mapping.py
[2026-04-01T07:43:25.005+0530] {processor.py:840} INFO - DAG(s) 'example_dynamic_task_mapping' retrieved from /Users/aswin/Documents/data-engineering-practice/ETL_Airflow_DBT/airflow/airflow_env/lib/python3.11/site-packages/airflow/example_dags/example_dynamic_task_mapping.py
[2026-04-01T07:43:25.061+0530] {logging_mixin.py:188} INFO - [2026-04-01T07:43:25.060+0530] {dag.py:3096} INFO - Sync 1 DAGs
[2026-04-01T07:43:25.071+0530] {logging_mixin.py:188} INFO - [2026-04-01T07:43:25.071+0530] {dag.py:3954} INFO - Setting next_dagrun for example_dynamic_task_mapping to 2022-03-04 00:00:00+00:00, run_after=2022-03-05 00:00:00+00:00
[2026-04-01T07:43:25.080+0530] {processor.py:183} INFO - Processing /Users/aswin/Documents/data-engineering-practice/ETL_Airflow_DBT/airflow/airflow_env/lib/python3.11/site-packages/airflow/example_dags/example_dynamic_task_mapping.py took 0.092 seconds
[2026-04-01T07:43:56.162+0530] {processor.py:161} INFO - Started process (PID=82663) to work on /Users/aswin/Documents/data-engineering-practice/ETL_Airflow_DBT/airflow/airflow_env/lib/python3.11/site-packages/airflow/example_dags/example_dynamic_task_mapping.py
[2026-04-01T07:43:56.163+0530] {processor.py:830} INFO - Processing file /Users/aswin/Documents/data-engineering-practice/ETL_Airflow_DBT/airflow/airflow_env/lib/python3.11/site-packages/airflow/example_dags/example_dynamic_task_mapping.py for tasks to queue
[2026-04-01T07:43:56.163+0530] {logging_mixin.py:188} INFO - [2026-04-01T07:43:56.163+0530] {dagbag.py:540} INFO - Filling up the DagBag from /Users/aswin/Documents/data-engineering-practice/ETL_Airflow_DBT/airflow/airflow_env/lib/python3.11/site-packages/airflow/example_dags/example_dynamic_task_mapping.py
[2026-04-01T07:43:56.178+0530] {processor.py:840} INFO - DAG(s) 'example_dynamic_task_mapping' retrieved from /Users/aswin/Documents/data-engineering-practice/ETL_Airflow_DBT/airflow/airflow_env/lib/python3.11/site-packages/airflow/example_dags/example_dynamic_task_mapping.py
[2026-04-01T07:43:56.233+0530] {logging_mixin.py:188} INFO - [2026-04-01T07:43:56.233+0530] {dag.py:3096} INFO - Sync 1 DAGs
[2026-04-01T07:43:56.246+0530] {logging_mixin.py:188} INFO - [2026-04-01T07:43:56.246+0530] {dag.py:3954} INFO - Setting next_dagrun for example_dynamic_task_mapping to 2022-03-04 00:00:00+00:00, run_after=2022-03-05 00:00:00+00:00
[2026-04-01T07:43:56.253+0530] {processor.py:183} INFO - Processing /Users/aswin/Documents/data-engineering-practice/ETL_Airflow_DBT/airflow/airflow_env/lib/python3.11/site-packages/airflow/example_dags/example_dynamic_task_mapping.py took 0.092 seconds
[2026-04-01T07:44:27.181+0530] {processor.py:161} INFO - Started process (PID=82790) to work on /Users/aswin/Documents/data-engineering-practice/ETL_Airflow_DBT/airflow/airflow_env/lib/python3.11/site-packages/airflow/example_dags/example_dynamic_task_mapping.py
[2026-04-01T07:44:27.182+0530] {processor.py:830} INFO - Processing file /Users/aswin/Documents/data-engineering-practice/ETL_Airflow_DBT/airflow/airflow_env/lib/python3.11/site-packages/airflow/example_dags/example_dynamic_task_mapping.py for tasks to queue
[2026-04-01T07:44:27.182+0530] {logging_mixin.py:188} INFO - [2026-04-01T07:44:27.182+0530] {dagbag.py:540} INFO - Filling up the DagBag from /Users/aswin/Documents/data-engineering-practice/ETL_Airflow_DBT/airflow/airflow_env/lib/python3.11/site-packages/airflow/example_dags/example_dynamic_task_mapping.py
[2026-04-01T07:44:27.197+0530] {processor.py:840} INFO - DAG(s) 'example_dynamic_task_mapping' retrieved from /Users/aswin/Documents/data-engineering-practice/ETL_Airflow_DBT/airflow/airflow_env/lib/python3.11/site-packages/airflow/example_dags/example_dynamic_task_mapping.py
[2026-04-01T07:44:27.249+0530] {logging_mixin.py:188} INFO - [2026-04-01T07:44:27.249+0530] {dag.py:3096} INFO - Sync 1 DAGs
[2026-04-01T07:44:27.260+0530] {logging_mixin.py:188} INFO - [2026-04-01T07:44:27.260+0530] {dag.py:3954} INFO - Setting next_dagrun for example_dynamic_task_mapping to 2022-03-04 00:00:00+00:00, run_after=2022-03-05 00:00:00+00:00
[2026-04-01T07:44:27.268+0530] {processor.py:183} INFO - Processing /Users/aswin/Documents/data-engineering-practice/ETL_Airflow_DBT/airflow/airflow_env/lib/python3.11/site-packages/airflow/example_dags/example_dynamic_task_mapping.py took 0.089 seconds
[2026-04-01T07:44:58.403+0530] {processor.py:161} INFO - Started process (PID=82916) to work on /Users/aswin/Documents/data-engineering-practice/ETL_Airflow_DBT/airflow/airflow_env/lib/python3.11/site-packages/airflow/example_dags/example_dynamic_task_mapping.py
[2026-04-01T07:44:58.404+0530] {processor.py:830} INFO - Processing file /Users/aswin/Documents/data-engineering-practice/ETL_Airflow_DBT/airflow/airflow_env/lib/python3.11/site-packages/airflow/example_dags/example_dynamic_task_mapping.py for tasks to queue
[2026-04-01T07:44:58.404+0530] {logging_mixin.py:188} INFO - [2026-04-01T07:44:58.404+0530] {dagbag.py:540} INFO - Filling up the DagBag from /Users/aswin/Documents/data-engineering-practice/ETL_Airflow_DBT/airflow/airflow_env/lib/python3.11/site-packages/airflow/example_dags/example_dynamic_task_mapping.py
[2026-04-01T07:44:58.420+0530] {processor.py:840} INFO - DAG(s) 'example_dynamic_task_mapping' retrieved from /Users/aswin/Documents/data-engineering-practice/ETL_Airflow_DBT/airflow/airflow_env/lib/python3.11/site-packages/airflow/example_dags/example_dynamic_task_mapping.py
[2026-04-01T07:44:58.471+0530] {logging_mixin.py:188} INFO - [2026-04-01T07:44:58.471+0530] {dag.py:3096} INFO - Sync 1 DAGs
[2026-04-01T07:44:58.484+0530] {logging_mixin.py:188} INFO - [2026-04-01T07:44:58.484+0530] {dag.py:3954} INFO - Setting next_dagrun for example_dynamic_task_mapping to 2022-03-04 00:00:00+00:00, run_after=2022-03-05 00:00:00+00:00
[2026-04-01T07:44:58.492+0530] {processor.py:183} INFO - Processing /Users/aswin/Documents/data-engineering-practice/ETL_Airflow_DBT/airflow/airflow_env/lib/python3.11/site-packages/airflow/example_dags/example_dynamic_task_mapping.py took 0.090 seconds
[2026-04-01T07:45:29.927+0530] {processor.py:161} INFO - Started process (PID=83049) to work on /Users/aswin/Documents/data-engineering-practice/ETL_Airflow_DBT/airflow/airflow_env/lib/python3.11/site-packages/airflow/example_dags/example_dynamic_task_mapping.py
[2026-04-01T07:45:29.928+0530] {processor.py:830} INFO - Processing file /Users/aswin/Documents/data-engineering-practice/ETL_Airflow_DBT/airflow/airflow_env/lib/python3.11/site-packages/airflow/example_dags/example_dynamic_task_mapping.py for tasks to queue
[2026-04-01T07:45:29.929+0530] {logging_mixin.py:188} INFO - [2026-04-01T07:45:29.929+0530] {dagbag.py:540} INFO - Filling up the DagBag from /Users/aswin/Documents/data-engineering-practice/ETL_Airflow_DBT/airflow/airflow_env/lib/python3.11/site-packages/airflow/example_dags/example_dynamic_task_mapping.py
[2026-04-01T07:45:29.944+0530] {processor.py:840} INFO - DAG(s) 'example_dynamic_task_mapping' retrieved from /Users/aswin/Documents/data-engineering-practice/ETL_Airflow_DBT/airflow/airflow_env/lib/python3.11/site-packages/airflow/example_dags/example_dynamic_task_mapping.py
[2026-04-01T07:45:29.995+0530] {logging_mixin.py:188} INFO - [2026-04-01T07:45:29.995+0530] {dag.py:3096} INFO - Sync 1 DAGs
[2026-04-01T07:45:30.004+0530] {logging_mixin.py:188} INFO - [2026-04-01T07:45:30.004+0530] {dag.py:3954} INFO - Setting next_dagrun for example_dynamic_task_mapping to 2022-03-04 00:00:00+00:00, run_after=2022-03-05 00:00:00+00:00
[2026-04-01T07:45:30.013+0530] {processor.py:183} INFO - Processing /Users/aswin/Documents/data-engineering-practice/ETL_Airflow_DBT/airflow/airflow_env/lib/python3.11/site-packages/airflow/example_dags/example_dynamic_task_mapping.py took 0.087 seconds
[2026-04-01T07:46:01.157+0530] {processor.py:161} INFO - Started process (PID=83182) to work on /Users/aswin/Documents/data-engineering-practice/ETL_Airflow_DBT/airflow/airflow_env/lib/python3.11/site-packages/airflow/example_dags/example_dynamic_task_mapping.py
[2026-04-01T07:46:01.158+0530] {processor.py:830} INFO - Processing file /Users/aswin/Documents/data-engineering-practice/ETL_Airflow_DBT/airflow/airflow_env/lib/python3.11/site-packages/airflow/example_dags/example_dynamic_task_mapping.py for tasks to queue
[2026-04-01T07:46:01.158+0530] {logging_mixin.py:188} INFO - [2026-04-01T07:46:01.158+0530] {dagbag.py:540} INFO - Filling up the DagBag from /Users/aswin/Documents/data-engineering-practice/ETL_Airflow_DBT/airflow/airflow_env/lib/python3.11/site-packages/airflow/example_dags/example_dynamic_task_mapping.py
[2026-04-01T07:46:01.174+0530] {processor.py:840} INFO - DAG(s) 'example_dynamic_task_mapping' retrieved from /Users/aswin/Documents/data-engineering-practice/ETL_Airflow_DBT/airflow/airflow_env/lib/python3.11/site-packages/airflow/example_dags/example_dynamic_task_mapping.py
[2026-04-01T07:46:01.231+0530] {logging_mixin.py:188} INFO - [2026-04-01T07:46:01.231+0530] {dag.py:3096} INFO - Sync 1 DAGs
[2026-04-01T07:46:01.240+0530] {logging_mixin.py:188} INFO - [2026-04-01T07:46:01.240+0530] {dag.py:3954} INFO - Setting next_dagrun for example_dynamic_task_mapping to 2022-03-04 00:00:00+00:00, run_after=2022-03-05 00:00:00+00:00
[2026-04-01T07:46:01.248+0530] {processor.py:183} INFO - Processing /Users/aswin/Documents/data-engineering-practice/ETL_Airflow_DBT/airflow/airflow_env/lib/python3.11/site-packages/airflow/example_dags/example_dynamic_task_mapping.py took 0.092 seconds
[2026-04-01T07:46:32.616+0530] {processor.py:161} INFO - Started process (PID=83309) to work on /Users/aswin/Documents/data-engineering-practice/ETL_Airflow_DBT/airflow/airflow_env/lib/python3.11/site-packages/airflow/example_dags/example_dynamic_task_mapping.py
[2026-04-01T07:46:32.616+0530] {processor.py:830} INFO - Processing file /Users/aswin/Documents/data-engineering-practice/ETL_Airflow_DBT/airflow/airflow_env/lib/python3.11/site-packages/airflow/example_dags/example_dynamic_task_mapping.py for tasks to queue
[2026-04-01T07:46:32.617+0530] {logging_mixin.py:188} INFO - [2026-04-01T07:46:32.617+0530] {dagbag.py:540} INFO - Filling up the DagBag from /Users/aswin/Documents/data-engineering-practice/ETL_Airflow_DBT/airflow/airflow_env/lib/python3.11/site-packages/airflow/example_dags/example_dynamic_task_mapping.py
[2026-04-01T07:46:32.633+0530] {processor.py:840} INFO - DAG(s) 'example_dynamic_task_mapping' retrieved from /Users/aswin/Documents/data-engineering-practice/ETL_Airflow_DBT/airflow/airflow_env/lib/python3.11/site-packages/airflow/example_dags/example_dynamic_task_mapping.py
[2026-04-01T07:46:32.685+0530] {logging_mixin.py:188} INFO - [2026-04-01T07:46:32.685+0530] {dag.py:3096} INFO - Sync 1 DAGs
[2026-04-01T07:46:32.696+0530] {logging_mixin.py:188} INFO - [2026-04-01T07:46:32.696+0530] {dag.py:3954} INFO - Setting next_dagrun for example_dynamic_task_mapping to 2022-03-04 00:00:00+00:00, run_after=2022-03-05 00:00:00+00:00
[2026-04-01T07:46:32.705+0530] {processor.py:183} INFO - Processing /Users/aswin/Documents/data-engineering-practice/ETL_Airflow_DBT/airflow/airflow_env/lib/python3.11/site-packages/airflow/example_dags/example_dynamic_task_mapping.py took 0.090 seconds
[2026-04-01T07:47:03.980+0530] {processor.py:161} INFO - Started process (PID=83436) to work on /Users/aswin/Documents/data-engineering-practice/ETL_Airflow_DBT/airflow/airflow_env/lib/python3.11/site-packages/airflow/example_dags/example_dynamic_task_mapping.py
[2026-04-01T07:47:03.981+0530] {processor.py:830} INFO - Processing file /Users/aswin/Documents/data-engineering-practice/ETL_Airflow_DBT/airflow/airflow_env/lib/python3.11/site-packages/airflow/example_dags/example_dynamic_task_mapping.py for tasks to queue
[2026-04-01T07:47:03.981+0530] {logging_mixin.py:188} INFO - [2026-04-01T07:47:03.981+0530] {dagbag.py:540} INFO - Filling up the DagBag from /Users/aswin/Documents/data-engineering-practice/ETL_Airflow_DBT/airflow/airflow_env/lib/python3.11/site-packages/airflow/example_dags/example_dynamic_task_mapping.py
[2026-04-01T07:47:03.998+0530] {processor.py:840} INFO - DAG(s) 'example_dynamic_task_mapping' retrieved from /Users/aswin/Documents/data-engineering-practice/ETL_Airflow_DBT/airflow/airflow_env/lib/python3.11/site-packages/airflow/example_dags/example_dynamic_task_mapping.py
[2026-04-01T07:47:04.051+0530] {logging_mixin.py:188} INFO - [2026-04-01T07:47:04.051+0530] {dag.py:3096} INFO - Sync 1 DAGs
[2026-04-01T07:47:04.062+0530] {logging_mixin.py:188} INFO - [2026-04-01T07:47:04.061+0530] {dag.py:3954} INFO - Setting next_dagrun for example_dynamic_task_mapping to 2022-03-04 00:00:00+00:00, run_after=2022-03-05 00:00:00+00:00
[2026-04-01T07:47:04.069+0530] {processor.py:183} INFO - Processing /Users/aswin/Documents/data-engineering-practice/ETL_Airflow_DBT/airflow/airflow_env/lib/python3.11/site-packages/airflow/example_dags/example_dynamic_task_mapping.py took 0.090 seconds
[2026-04-01T07:47:34.920+0530] {processor.py:161} INFO - Started process (PID=83590) to work on /Users/aswin/Documents/data-engineering-practice/ETL_Airflow_DBT/airflow/airflow_env/lib/python3.11/site-packages/airflow/example_dags/example_dynamic_task_mapping.py
[2026-04-01T07:47:34.921+0530] {processor.py:830} INFO - Processing file /Users/aswin/Documents/data-engineering-practice/ETL_Airflow_DBT/airflow/airflow_env/lib/python3.11/site-packages/airflow/example_dags/example_dynamic_task_mapping.py for tasks to queue
[2026-04-01T07:47:34.922+0530] {logging_mixin.py:188} INFO - [2026-04-01T07:47:34.922+0530] {dagbag.py:540} INFO - Filling up the DagBag from /Users/aswin/Documents/data-engineering-practice/ETL_Airflow_DBT/airflow/airflow_env/lib/python3.11/site-packages/airflow/example_dags/example_dynamic_task_mapping.py
[2026-04-01T07:47:34.939+0530] {processor.py:840} INFO - DAG(s) 'example_dynamic_task_mapping' retrieved from /Users/aswin/Documents/data-engineering-practice/ETL_Airflow_DBT/airflow/airflow_env/lib/python3.11/site-packages/airflow/example_dags/example_dynamic_task_mapping.py
[2026-04-01T07:47:34.990+0530] {logging_mixin.py:188} INFO - [2026-04-01T07:47:34.990+0530] {dag.py:3096} INFO - Sync 1 DAGs
[2026-04-01T07:47:34.999+0530] {logging_mixin.py:188} INFO - [2026-04-01T07:47:34.999+0530] {dag.py:3954} INFO - Setting next_dagrun for example_dynamic_task_mapping to 2022-03-04 00:00:00+00:00, run_after=2022-03-05 00:00:00+00:00
[2026-04-01T07:47:35.006+0530] {processor.py:183} INFO - Processing /Users/aswin/Documents/data-engineering-practice/ETL_Airflow_DBT/airflow/airflow_env/lib/python3.11/site-packages/airflow/example_dags/example_dynamic_task_mapping.py took 0.087 seconds
[2026-04-01T07:48:06.272+0530] {processor.py:161} INFO - Started process (PID=83725) to work on /Users/aswin/Documents/data-engineering-practice/ETL_Airflow_DBT/airflow/airflow_env/lib/python3.11/site-packages/airflow/example_dags/example_dynamic_task_mapping.py
[2026-04-01T07:48:06.273+0530] {processor.py:830} INFO - Processing file /Users/aswin/Documents/data-engineering-practice/ETL_Airflow_DBT/airflow/airflow_env/lib/python3.11/site-packages/airflow/example_dags/example_dynamic_task_mapping.py for tasks to queue
[2026-04-01T07:48:06.273+0530] {logging_mixin.py:188} INFO - [2026-04-01T07:48:06.273+0530] {dagbag.py:540} INFO - Filling up the DagBag from /Users/aswin/Documents/data-engineering-practice/ETL_Airflow_DBT/airflow/airflow_env/lib/python3.11/site-packages/airflow/example_dags/example_dynamic_task_mapping.py
[2026-04-01T07:48:06.289+0530] {processor.py:840} INFO - DAG(s) 'example_dynamic_task_mapping' retrieved from /Users/aswin/Documents/data-engineering-practice/ETL_Airflow_DBT/airflow/airflow_env/lib/python3.11/site-packages/airflow/example_dags/example_dynamic_task_mapping.py
[2026-04-01T07:48:06.340+0530] {logging_mixin.py:188} INFO - [2026-04-01T07:48:06.340+0530] {dag.py:3096} INFO - Sync 1 DAGs
[2026-04-01T07:48:06.349+0530] {logging_mixin.py:188} INFO - [2026-04-01T07:48:06.349+0530] {dag.py:3954} INFO - Setting next_dagrun for example_dynamic_task_mapping to 2022-03-04 00:00:00+00:00, run_after=2022-03-05 00:00:00+00:00
[2026-04-01T07:48:06.357+0530] {processor.py:183} INFO - Processing /Users/aswin/Documents/data-engineering-practice/ETL_Airflow_DBT/airflow/airflow_env/lib/python3.11/site-packages/airflow/example_dags/example_dynamic_task_mapping.py took 0.086 seconds
[2026-04-01T07:48:37.446+0530] {processor.py:161} INFO - Started process (PID=83851) to work on /Users/aswin/Documents/data-engineering-practice/ETL_Airflow_DBT/airflow/airflow_env/lib/python3.11/site-packages/airflow/example_dags/example_dynamic_task_mapping.py
[2026-04-01T07:48:37.447+0530] {processor.py:830} INFO - Processing file /Users/aswin/Documents/data-engineering-practice/ETL_Airflow_DBT/airflow/airflow_env/lib/python3.11/site-packages/airflow/example_dags/example_dynamic_task_mapping.py for tasks to queue
[2026-04-01T07:48:37.447+0530] {logging_mixin.py:188} INFO - [2026-04-01T07:48:37.447+0530] {dagbag.py:540} INFO - Filling up the DagBag from /Users/aswin/Documents/data-engineering-practice/ETL_Airflow_DBT/airflow/airflow_env/lib/python3.11/site-packages/airflow/example_dags/example_dynamic_task_mapping.py
[2026-04-01T07:48:37.463+0530] {processor.py:840} INFO - DAG(s) 'example_dynamic_task_mapping' retrieved from /Users/aswin/Documents/data-engineering-practice/ETL_Airflow_DBT/airflow/airflow_env/lib/python3.11/site-packages/airflow/example_dags/example_dynamic_task_mapping.py
[2026-04-01T07:48:37.514+0530] {logging_mixin.py:188} INFO - [2026-04-01T07:48:37.514+0530] {dag.py:3096} INFO - Sync 1 DAGs
[2026-04-01T07:48:37.523+0530] {logging_mixin.py:188} INFO - [2026-04-01T07:48:37.523+0530] {dag.py:3954} INFO - Setting next_dagrun for example_dynamic_task_mapping to 2022-03-04 00:00:00+00:00, run_after=2022-03-05 00:00:00+00:00
[2026-04-01T07:48:37.530+0530] {processor.py:183} INFO - Processing /Users/aswin/Documents/data-engineering-practice/ETL_Airflow_DBT/airflow/airflow_env/lib/python3.11/site-packages/airflow/example_dags/example_dynamic_task_mapping.py took 0.086 seconds
[2026-04-01T07:49:08.397+0530] {processor.py:161} INFO - Started process (PID=83980) to work on /Users/aswin/Documents/data-engineering-practice/ETL_Airflow_DBT/airflow/airflow_env/lib/python3.11/site-packages/airflow/example_dags/example_dynamic_task_mapping.py
[2026-04-01T07:49:08.397+0530] {processor.py:830} INFO - Processing file /Users/aswin/Documents/data-engineering-practice/ETL_Airflow_DBT/airflow/airflow_env/lib/python3.11/site-packages/airflow/example_dags/example_dynamic_task_mapping.py for tasks to queue
[2026-04-01T07:49:08.398+0530] {logging_mixin.py:188} INFO - [2026-04-01T07:49:08.398+0530] {dagbag.py:540} INFO - Filling up the DagBag from /Users/aswin/Documents/data-engineering-practice/ETL_Airflow_DBT/airflow/airflow_env/lib/python3.11/site-packages/airflow/example_dags/example_dynamic_task_mapping.py
[2026-04-01T07:49:08.413+0530] {processor.py:840} INFO - DAG(s) 'example_dynamic_task_mapping' retrieved from /Users/aswin/Documents/data-engineering-practice/ETL_Airflow_DBT/airflow/airflow_env/lib/python3.11/site-packages/airflow/example_dags/example_dynamic_task_mapping.py
[2026-04-01T07:49:08.467+0530] {logging_mixin.py:188} INFO - [2026-04-01T07:49:08.466+0530] {dag.py:3096} INFO - Sync 1 DAGs
[2026-04-01T07:49:08.476+0530] {logging_mixin.py:188} INFO - [2026-04-01T07:49:08.476+0530] {dag.py:3954} INFO - Setting next_dagrun for example_dynamic_task_mapping to 2022-03-04 00:00:00+00:00, run_after=2022-03-05 00:00:00+00:00
[2026-04-01T07:49:08.483+0530] {processor.py:183} INFO - Processing /Users/aswin/Documents/data-engineering-practice/ETL_Airflow_DBT/airflow/airflow_env/lib/python3.11/site-packages/airflow/example_dags/example_dynamic_task_mapping.py took 0.088 seconds
[2026-04-01T07:49:39.658+0530] {processor.py:161} INFO - Started process (PID=84106) to work on /Users/aswin/Documents/data-engineering-practice/ETL_Airflow_DBT/airflow/airflow_env/lib/python3.11/site-packages/airflow/example_dags/example_dynamic_task_mapping.py
[2026-04-01T07:49:39.659+0530] {processor.py:830} INFO - Processing file /Users/aswin/Documents/data-engineering-practice/ETL_Airflow_DBT/airflow/airflow_env/lib/python3.11/site-packages/airflow/example_dags/example_dynamic_task_mapping.py for tasks to queue
[2026-04-01T07:49:39.660+0530] {logging_mixin.py:188} INFO - [2026-04-01T07:49:39.660+0530] {dagbag.py:540} INFO - Filling up the DagBag from /Users/aswin/Documents/data-engineering-practice/ETL_Airflow_DBT/airflow/airflow_env/lib/python3.11/site-packages/airflow/example_dags/example_dynamic_task_mapping.py
[2026-04-01T07:49:39.675+0530] {processor.py:840} INFO - DAG(s) 'example_dynamic_task_mapping' retrieved from /Users/aswin/Documents/data-engineering-practice/ETL_Airflow_DBT/airflow/airflow_env/lib/python3.11/site-packages/airflow/example_dags/example_dynamic_task_mapping.py
[2026-04-01T07:49:39.727+0530] {logging_mixin.py:188} INFO - [2026-04-01T07:49:39.727+0530] {dag.py:3096} INFO - Sync 1 DAGs
[2026-04-01T07:49:39.736+0530] {logging_mixin.py:188} INFO - [2026-04-01T07:49:39.736+0530] {dag.py:3954} INFO - Setting next_dagrun for example_dynamic_task_mapping to 2022-03-04 00:00:00+00:00, run_after=2022-03-05 00:00:00+00:00
[2026-04-01T07:49:39.744+0530] {processor.py:183} INFO - Processing /Users/aswin/Documents/data-engineering-practice/ETL_Airflow_DBT/airflow/airflow_env/lib/python3.11/site-packages/airflow/example_dags/example_dynamic_task_mapping.py took 0.087 seconds
[2026-04-01T07:50:11.235+0530] {processor.py:161} INFO - Started process (PID=84231) to work on /Users/aswin/Documents/data-engineering-practice/ETL_Airflow_DBT/airflow/airflow_env/lib/python3.11/site-packages/airflow/example_dags/example_dynamic_task_mapping.py
[2026-04-01T07:50:11.236+0530] {processor.py:830} INFO - Processing file /Users/aswin/Documents/data-engineering-practice/ETL_Airflow_DBT/airflow/airflow_env/lib/python3.11/site-packages/airflow/example_dags/example_dynamic_task_mapping.py for tasks to queue
[2026-04-01T07:50:11.236+0530] {logging_mixin.py:188} INFO - [2026-04-01T07:50:11.236+0530] {dagbag.py:540} INFO - Filling up the DagBag from /Users/aswin/Documents/data-engineering-practice/ETL_Airflow_DBT/airflow/airflow_env/lib/python3.11/site-packages/airflow/example_dags/example_dynamic_task_mapping.py
[2026-04-01T07:50:11.252+0530] {processor.py:840} INFO - DAG(s) 'example_dynamic_task_mapping' retrieved from /Users/aswin/Documents/data-engineering-practice/ETL_Airflow_DBT/airflow/airflow_env/lib/python3.11/site-packages/airflow/example_dags/example_dynamic_task_mapping.py
[2026-04-01T07:50:11.304+0530] {logging_mixin.py:188} INFO - [2026-04-01T07:50:11.304+0530] {dag.py:3096} INFO - Sync 1 DAGs
[2026-04-01T07:50:11.313+0530] {logging_mixin.py:188} INFO - [2026-04-01T07:50:11.313+0530] {dag.py:3954} INFO - Setting next_dagrun for example_dynamic_task_mapping to 2022-03-04 00:00:00+00:00, run_after=2022-03-05 00:00:00+00:00
[2026-04-01T07:50:11.321+0530] {processor.py:183} INFO - Processing /Users/aswin/Documents/data-engineering-practice/ETL_Airflow_DBT/airflow/airflow_env/lib/python3.11/site-packages/airflow/example_dags/example_dynamic_task_mapping.py took 0.087 seconds
[2026-04-01T07:50:42.335+0530] {processor.py:161} INFO - Started process (PID=84362) to work on /Users/aswin/Documents/data-engineering-practice/ETL_Airflow_DBT/airflow/airflow_env/lib/python3.11/site-packages/airflow/example_dags/example_dynamic_task_mapping.py
[2026-04-01T07:50:42.335+0530] {processor.py:830} INFO - Processing file /Users/aswin/Documents/data-engineering-practice/ETL_Airflow_DBT/airflow/airflow_env/lib/python3.11/site-packages/airflow/example_dags/example_dynamic_task_mapping.py for tasks to queue
[2026-04-01T07:50:42.336+0530] {logging_mixin.py:188} INFO - [2026-04-01T07:50:42.336+0530] {dagbag.py:540} INFO - Filling up the DagBag from /Users/aswin/Documents/data-engineering-practice/ETL_Airflow_DBT/airflow/airflow_env/lib/python3.11/site-packages/airflow/example_dags/example_dynamic_task_mapping.py
[2026-04-01T07:50:42.353+0530] {processor.py:840} INFO - DAG(s) 'example_dynamic_task_mapping' retrieved from /Users/aswin/Documents/data-engineering-practice/ETL_Airflow_DBT/airflow/airflow_env/lib/python3.11/site-packages/airflow/example_dags/example_dynamic_task_mapping.py
[2026-04-01T07:50:42.406+0530] {logging_mixin.py:188} INFO - [2026-04-01T07:50:42.406+0530] {dag.py:3096} INFO - Sync 1 DAGs
[2026-04-01T07:50:42.416+0530] {logging_mixin.py:188} INFO - [2026-04-01T07:50:42.416+0530] {dag.py:3954} INFO - Setting next_dagrun for example_dynamic_task_mapping to 2022-03-04 00:00:00+00:00, run_after=2022-03-05 00:00:00+00:00
[2026-04-01T07:50:42.424+0530] {processor.py:183} INFO - Processing /Users/aswin/Documents/data-engineering-practice/ETL_Airflow_DBT/airflow/airflow_env/lib/python3.11/site-packages/airflow/example_dags/example_dynamic_task_mapping.py took 0.091 seconds
[2026-04-01T07:51:13.373+0530] {processor.py:161} INFO - Started process (PID=84489) to work on /Users/aswin/Documents/data-engineering-practice/ETL_Airflow_DBT/airflow/airflow_env/lib/python3.11/site-packages/airflow/example_dags/example_dynamic_task_mapping.py
[2026-04-01T07:51:13.373+0530] {processor.py:830} INFO - Processing file /Users/aswin/Documents/data-engineering-practice/ETL_Airflow_DBT/airflow/airflow_env/lib/python3.11/site-packages/airflow/example_dags/example_dynamic_task_mapping.py for tasks to queue
[2026-04-01T07:51:13.374+0530] {logging_mixin.py:188} INFO - [2026-04-01T07:51:13.374+0530] {dagbag.py:540} INFO - Filling up the DagBag from /Users/aswin/Documents/data-engineering-practice/ETL_Airflow_DBT/airflow/airflow_env/lib/python3.11/site-packages/airflow/example_dags/example_dynamic_task_mapping.py
[2026-04-01T07:51:13.389+0530] {processor.py:840} INFO - DAG(s) 'example_dynamic_task_mapping' retrieved from /Users/aswin/Documents/data-engineering-practice/ETL_Airflow_DBT/airflow/airflow_env/lib/python3.11/site-packages/airflow/example_dags/example_dynamic_task_mapping.py
[2026-04-01T07:51:13.441+0530] {logging_mixin.py:188} INFO - [2026-04-01T07:51:13.440+0530] {dag.py:3096} INFO - Sync 1 DAGs
[2026-04-01T07:51:13.450+0530] {logging_mixin.py:188} INFO - [2026-04-01T07:51:13.449+0530] {dag.py:3954} INFO - Setting next_dagrun for example_dynamic_task_mapping to 2022-03-04 00:00:00+00:00, run_after=2022-03-05 00:00:00+00:00
[2026-04-01T07:51:13.457+0530] {processor.py:183} INFO - Processing /Users/aswin/Documents/data-engineering-practice/ETL_Airflow_DBT/airflow/airflow_env/lib/python3.11/site-packages/airflow/example_dags/example_dynamic_task_mapping.py took 0.086 seconds
[2026-04-01T07:51:44.299+0530] {processor.py:161} INFO - Started process (PID=84613) to work on /Users/aswin/Documents/data-engineering-practice/ETL_Airflow_DBT/airflow/airflow_env/lib/python3.11/site-packages/airflow/example_dags/example_dynamic_task_mapping.py
[2026-04-01T07:51:44.300+0530] {processor.py:830} INFO - Processing file /Users/aswin/Documents/data-engineering-practice/ETL_Airflow_DBT/airflow/airflow_env/lib/python3.11/site-packages/airflow/example_dags/example_dynamic_task_mapping.py for tasks to queue
[2026-04-01T07:51:44.300+0530] {logging_mixin.py:188} INFO - [2026-04-01T07:51:44.300+0530] {dagbag.py:540} INFO - Filling up the DagBag from /Users/aswin/Documents/data-engineering-practice/ETL_Airflow_DBT/airflow/airflow_env/lib/python3.11/site-packages/airflow/example_dags/example_dynamic_task_mapping.py
[2026-04-01T07:51:44.317+0530] {processor.py:840} INFO - DAG(s) 'example_dynamic_task_mapping' retrieved from /Users/aswin/Documents/data-engineering-practice/ETL_Airflow_DBT/airflow/airflow_env/lib/python3.11/site-packages/airflow/example_dags/example_dynamic_task_mapping.py
[2026-04-01T07:51:44.371+0530] {logging_mixin.py:188} INFO - [2026-04-01T07:51:44.371+0530] {dag.py:3096} INFO - Sync 1 DAGs
[2026-04-01T07:51:44.381+0530] {logging_mixin.py:188} INFO - [2026-04-01T07:51:44.381+0530] {dag.py:3954} INFO - Setting next_dagrun for example_dynamic_task_mapping to 2022-03-04 00:00:00+00:00, run_after=2022-03-05 00:00:00+00:00
[2026-04-01T07:51:44.389+0530] {processor.py:183} INFO - Processing /Users/aswin/Documents/data-engineering-practice/ETL_Airflow_DBT/airflow/airflow_env/lib/python3.11/site-packages/airflow/example_dags/example_dynamic_task_mapping.py took 0.091 seconds
[2026-04-01T07:52:15.443+0530] {processor.py:161} INFO - Started process (PID=84740) to work on /Users/aswin/Documents/data-engineering-practice/ETL_Airflow_DBT/airflow/airflow_env/lib/python3.11/site-packages/airflow/example_dags/example_dynamic_task_mapping.py
[2026-04-01T07:52:15.443+0530] {processor.py:830} INFO - Processing file /Users/aswin/Documents/data-engineering-practice/ETL_Airflow_DBT/airflow/airflow_env/lib/python3.11/site-packages/airflow/example_dags/example_dynamic_task_mapping.py for tasks to queue
[2026-04-01T07:52:15.444+0530] {logging_mixin.py:188} INFO - [2026-04-01T07:52:15.444+0530] {dagbag.py:540} INFO - Filling up the DagBag from /Users/aswin/Documents/data-engineering-practice/ETL_Airflow_DBT/airflow/airflow_env/lib/python3.11/site-packages/airflow/example_dags/example_dynamic_task_mapping.py
[2026-04-01T07:52:15.460+0530] {processor.py:840} INFO - DAG(s) 'example_dynamic_task_mapping' retrieved from /Users/aswin/Documents/data-engineering-practice/ETL_Airflow_DBT/airflow/airflow_env/lib/python3.11/site-packages/airflow/example_dags/example_dynamic_task_mapping.py
[2026-04-01T07:52:15.513+0530] {logging_mixin.py:188} INFO - [2026-04-01T07:52:15.513+0530] {dag.py:3096} INFO - Sync 1 DAGs
[2026-04-01T07:52:15.523+0530] {logging_mixin.py:188} INFO - [2026-04-01T07:52:15.523+0530] {dag.py:3954} INFO - Setting next_dagrun for example_dynamic_task_mapping to 2022-03-04 00:00:00+00:00, run_after=2022-03-05 00:00:00+00:00
[2026-04-01T07:52:15.531+0530] {processor.py:183} INFO - Processing /Users/aswin/Documents/data-engineering-practice/ETL_Airflow_DBT/airflow/airflow_env/lib/python3.11/site-packages/airflow/example_dags/example_dynamic_task_mapping.py took 0.089 seconds
[2026-04-01T07:52:46.577+0530] {processor.py:161} INFO - Started process (PID=84883) to work on /Users/aswin/Documents/data-engineering-practice/ETL_Airflow_DBT/airflow/airflow_env/lib/python3.11/site-packages/airflow/example_dags/example_dynamic_task_mapping.py
[2026-04-01T07:52:46.578+0530] {processor.py:830} INFO - Processing file /Users/aswin/Documents/data-engineering-practice/ETL_Airflow_DBT/airflow/airflow_env/lib/python3.11/site-packages/airflow/example_dags/example_dynamic_task_mapping.py for tasks to queue
[2026-04-01T07:52:46.578+0530] {logging_mixin.py:188} INFO - [2026-04-01T07:52:46.578+0530] {dagbag.py:540} INFO - Filling up the DagBag from /Users/aswin/Documents/data-engineering-practice/ETL_Airflow_DBT/airflow/airflow_env/lib/python3.11/site-packages/airflow/example_dags/example_dynamic_task_mapping.py
[2026-04-01T07:52:46.594+0530] {processor.py:840} INFO - DAG(s) 'example_dynamic_task_mapping' retrieved from /Users/aswin/Documents/data-engineering-practice/ETL_Airflow_DBT/airflow/airflow_env/lib/python3.11/site-packages/airflow/example_dags/example_dynamic_task_mapping.py
[2026-04-01T07:52:46.645+0530] {logging_mixin.py:188} INFO - [2026-04-01T07:52:46.644+0530] {dag.py:3096} INFO - Sync 1 DAGs
[2026-04-01T07:52:46.654+0530] {logging_mixin.py:188} INFO - [2026-04-01T07:52:46.654+0530] {dag.py:3954} INFO - Setting next_dagrun for example_dynamic_task_mapping to 2022-03-04 00:00:00+00:00, run_after=2022-03-05 00:00:00+00:00
[2026-04-01T07:52:46.663+0530] {processor.py:183} INFO - Processing /Users/aswin/Documents/data-engineering-practice/ETL_Airflow_DBT/airflow/airflow_env/lib/python3.11/site-packages/airflow/example_dags/example_dynamic_task_mapping.py took 0.087 seconds
[2026-04-01T07:53:17.846+0530] {processor.py:161} INFO - Started process (PID=85020) to work on /Users/aswin/Documents/data-engineering-practice/ETL_Airflow_DBT/airflow/airflow_env/lib/python3.11/site-packages/airflow/example_dags/example_dynamic_task_mapping.py
[2026-04-01T07:53:17.847+0530] {processor.py:830} INFO - Processing file /Users/aswin/Documents/data-engineering-practice/ETL_Airflow_DBT/airflow/airflow_env/lib/python3.11/site-packages/airflow/example_dags/example_dynamic_task_mapping.py for tasks to queue
[2026-04-01T07:53:17.847+0530] {logging_mixin.py:188} INFO - [2026-04-01T07:53:17.847+0530] {dagbag.py:540} INFO - Filling up the DagBag from /Users/aswin/Documents/data-engineering-practice/ETL_Airflow_DBT/airflow/airflow_env/lib/python3.11/site-packages/airflow/example_dags/example_dynamic_task_mapping.py
[2026-04-01T07:53:17.862+0530] {processor.py:840} INFO - DAG(s) 'example_dynamic_task_mapping' retrieved from /Users/aswin/Documents/data-engineering-practice/ETL_Airflow_DBT/airflow/airflow_env/lib/python3.11/site-packages/airflow/example_dags/example_dynamic_task_mapping.py
[2026-04-01T07:53:17.913+0530] {logging_mixin.py:188} INFO - [2026-04-01T07:53:17.913+0530] {dag.py:3096} INFO - Sync 1 DAGs
[2026-04-01T07:53:17.923+0530] {logging_mixin.py:188} INFO - [2026-04-01T07:53:17.923+0530] {dag.py:3954} INFO - Setting next_dagrun for example_dynamic_task_mapping to 2022-03-04 00:00:00+00:00, run_after=2022-03-05 00:00:00+00:00
[2026-04-01T07:53:17.931+0530] {processor.py:183} INFO - Processing /Users/aswin/Documents/data-engineering-practice/ETL_Airflow_DBT/airflow/airflow_env/lib/python3.11/site-packages/airflow/example_dags/example_dynamic_task_mapping.py took 0.086 seconds
[2026-04-01T07:53:49.439+0530] {processor.py:161} INFO - Started process (PID=85157) to work on /Users/aswin/Documents/data-engineering-practice/ETL_Airflow_DBT/airflow/airflow_env/lib/python3.11/site-packages/airflow/example_dags/example_dynamic_task_mapping.py
[2026-04-01T07:53:49.440+0530] {processor.py:830} INFO - Processing file /Users/aswin/Documents/data-engineering-practice/ETL_Airflow_DBT/airflow/airflow_env/lib/python3.11/site-packages/airflow/example_dags/example_dynamic_task_mapping.py for tasks to queue
[2026-04-01T07:53:49.440+0530] {logging_mixin.py:188} INFO - [2026-04-01T07:53:49.440+0530] {dagbag.py:540} INFO - Filling up the DagBag from /Users/aswin/Documents/data-engineering-practice/ETL_Airflow_DBT/airflow/airflow_env/lib/python3.11/site-packages/airflow/example_dags/example_dynamic_task_mapping.py
[2026-04-01T07:53:49.458+0530] {processor.py:840} INFO - DAG(s) 'example_dynamic_task_mapping' retrieved from /Users/aswin/Documents/data-engineering-practice/ETL_Airflow_DBT/airflow/airflow_env/lib/python3.11/site-packages/airflow/example_dags/example_dynamic_task_mapping.py
[2026-04-01T07:53:49.511+0530] {logging_mixin.py:188} INFO - [2026-04-01T07:53:49.510+0530] {dag.py:3096} INFO - Sync 1 DAGs
[2026-04-01T07:53:49.520+0530] {logging_mixin.py:188} INFO - [2026-04-01T07:53:49.520+0530] {dag.py:3954} INFO - Setting next_dagrun for example_dynamic_task_mapping to 2022-03-04 00:00:00+00:00, run_after=2022-03-05 00:00:00+00:00
[2026-04-01T07:53:49.528+0530] {processor.py:183} INFO - Processing /Users/aswin/Documents/data-engineering-practice/ETL_Airflow_DBT/airflow/airflow_env/lib/python3.11/site-packages/airflow/example_dags/example_dynamic_task_mapping.py took 0.090 seconds
[2026-04-01T07:54:20.449+0530] {processor.py:161} INFO - Started process (PID=85282) to work on /Users/aswin/Documents/data-engineering-practice/ETL_Airflow_DBT/airflow/airflow_env/lib/python3.11/site-packages/airflow/example_dags/example_dynamic_task_mapping.py
[2026-04-01T07:54:20.449+0530] {processor.py:830} INFO - Processing file /Users/aswin/Documents/data-engineering-practice/ETL_Airflow_DBT/airflow/airflow_env/lib/python3.11/site-packages/airflow/example_dags/example_dynamic_task_mapping.py for tasks to queue
[2026-04-01T07:54:20.450+0530] {logging_mixin.py:188} INFO - [2026-04-01T07:54:20.449+0530] {dagbag.py:540} INFO - Filling up the DagBag from /Users/aswin/Documents/data-engineering-practice/ETL_Airflow_DBT/airflow/airflow_env/lib/python3.11/site-packages/airflow/example_dags/example_dynamic_task_mapping.py
[2026-04-01T07:54:20.465+0530] {processor.py:840} INFO - DAG(s) 'example_dynamic_task_mapping' retrieved from /Users/aswin/Documents/data-engineering-practice/ETL_Airflow_DBT/airflow/airflow_env/lib/python3.11/site-packages/airflow/example_dags/example_dynamic_task_mapping.py
[2026-04-01T07:54:20.519+0530] {logging_mixin.py:188} INFO - [2026-04-01T07:54:20.519+0530] {dag.py:3096} INFO - Sync 1 DAGs
[2026-04-01T07:54:20.529+0530] {logging_mixin.py:188} INFO - [2026-04-01T07:54:20.529+0530] {dag.py:3954} INFO - Setting next_dagrun for example_dynamic_task_mapping to 2022-03-04 00:00:00+00:00, run_after=2022-03-05 00:00:00+00:00
[2026-04-01T07:54:20.536+0530] {processor.py:183} INFO - Processing /Users/aswin/Documents/data-engineering-practice/ETL_Airflow_DBT/airflow/airflow_env/lib/python3.11/site-packages/airflow/example_dags/example_dynamic_task_mapping.py took 0.089 seconds
[2026-04-01T07:54:51.574+0530] {processor.py:161} INFO - Started process (PID=85409) to work on /Users/aswin/Documents/data-engineering-practice/ETL_Airflow_DBT/airflow/airflow_env/lib/python3.11/site-packages/airflow/example_dags/example_dynamic_task_mapping.py
[2026-04-01T07:54:51.575+0530] {processor.py:830} INFO - Processing file /Users/aswin/Documents/data-engineering-practice/ETL_Airflow_DBT/airflow/airflow_env/lib/python3.11/site-packages/airflow/example_dags/example_dynamic_task_mapping.py for tasks to queue
[2026-04-01T07:54:51.575+0530] {logging_mixin.py:188} INFO - [2026-04-01T07:54:51.575+0530] {dagbag.py:540} INFO - Filling up the DagBag from /Users/aswin/Documents/data-engineering-practice/ETL_Airflow_DBT/airflow/airflow_env/lib/python3.11/site-packages/airflow/example_dags/example_dynamic_task_mapping.py
[2026-04-01T07:54:51.591+0530] {processor.py:840} INFO - DAG(s) 'example_dynamic_task_mapping' retrieved from /Users/aswin/Documents/data-engineering-practice/ETL_Airflow_DBT/airflow/airflow_env/lib/python3.11/site-packages/airflow/example_dags/example_dynamic_task_mapping.py
[2026-04-01T07:54:51.641+0530] {logging_mixin.py:188} INFO - [2026-04-01T07:54:51.641+0530] {dag.py:3096} INFO - Sync 1 DAGs
[2026-04-01T07:54:51.650+0530] {logging_mixin.py:188} INFO - [2026-04-01T07:54:51.650+0530] {dag.py:3954} INFO - Setting next_dagrun for example_dynamic_task_mapping to 2022-03-04 00:00:00+00:00, run_after=2022-03-05 00:00:00+00:00
[2026-04-01T07:54:51.659+0530] {processor.py:183} INFO - Processing /Users/aswin/Documents/data-engineering-practice/ETL_Airflow_DBT/airflow/airflow_env/lib/python3.11/site-packages/airflow/example_dags/example_dynamic_task_mapping.py took 0.086 seconds
[2026-04-01T07:55:22.635+0530] {processor.py:161} INFO - Started process (PID=85535) to work on /Users/aswin/Documents/data-engineering-practice/ETL_Airflow_DBT/airflow/airflow_env/lib/python3.11/site-packages/airflow/example_dags/example_dynamic_task_mapping.py
[2026-04-01T07:55:22.636+0530] {processor.py:830} INFO - Processing file /Users/aswin/Documents/data-engineering-practice/ETL_Airflow_DBT/airflow/airflow_env/lib/python3.11/site-packages/airflow/example_dags/example_dynamic_task_mapping.py for tasks to queue
[2026-04-01T07:55:22.636+0530] {logging_mixin.py:188} INFO - [2026-04-01T07:55:22.636+0530] {dagbag.py:540} INFO - Filling up the DagBag from /Users/aswin/Documents/data-engineering-practice/ETL_Airflow_DBT/airflow/airflow_env/lib/python3.11/site-packages/airflow/example_dags/example_dynamic_task_mapping.py
[2026-04-01T07:55:22.652+0530] {processor.py:840} INFO - DAG(s) 'example_dynamic_task_mapping' retrieved from /Users/aswin/Documents/data-engineering-practice/ETL_Airflow_DBT/airflow/airflow_env/lib/python3.11/site-packages/airflow/example_dags/example_dynamic_task_mapping.py
[2026-04-01T07:55:22.703+0530] {logging_mixin.py:188} INFO - [2026-04-01T07:55:22.703+0530] {dag.py:3096} INFO - Sync 1 DAGs
[2026-04-01T07:55:22.713+0530] {logging_mixin.py:188} INFO - [2026-04-01T07:55:22.713+0530] {dag.py:3954} INFO - Setting next_dagrun for example_dynamic_task_mapping to 2022-03-04 00:00:00+00:00, run_after=2022-03-05 00:00:00+00:00
[2026-04-01T07:55:22.721+0530] {processor.py:183} INFO - Processing /Users/aswin/Documents/data-engineering-practice/ETL_Airflow_DBT/airflow/airflow_env/lib/python3.11/site-packages/airflow/example_dags/example_dynamic_task_mapping.py took 0.087 seconds
[2026-04-01T07:55:54.118+0530] {processor.py:161} INFO - Started process (PID=85664) to work on /Users/aswin/Documents/data-engineering-practice/ETL_Airflow_DBT/airflow/airflow_env/lib/python3.11/site-packages/airflow/example_dags/example_dynamic_task_mapping.py
[2026-04-01T07:55:54.119+0530] {processor.py:830} INFO - Processing file /Users/aswin/Documents/data-engineering-practice/ETL_Airflow_DBT/airflow/airflow_env/lib/python3.11/site-packages/airflow/example_dags/example_dynamic_task_mapping.py for tasks to queue
[2026-04-01T07:55:54.119+0530] {logging_mixin.py:188} INFO - [2026-04-01T07:55:54.119+0530] {dagbag.py:540} INFO - Filling up the DagBag from /Users/aswin/Documents/data-engineering-practice/ETL_Airflow_DBT/airflow/airflow_env/lib/python3.11/site-packages/airflow/example_dags/example_dynamic_task_mapping.py
[2026-04-01T07:55:54.135+0530] {processor.py:840} INFO - DAG(s) 'example_dynamic_task_mapping' retrieved from /Users/aswin/Documents/data-engineering-practice/ETL_Airflow_DBT/airflow/airflow_env/lib/python3.11/site-packages/airflow/example_dags/example_dynamic_task_mapping.py
[2026-04-01T07:55:54.185+0530] {logging_mixin.py:188} INFO - [2026-04-01T07:55:54.185+0530] {dag.py:3096} INFO - Sync 1 DAGs
[2026-04-01T07:55:54.193+0530] {logging_mixin.py:188} INFO - [2026-04-01T07:55:54.193+0530] {dag.py:3954} INFO - Setting next_dagrun for example_dynamic_task_mapping to 2022-03-04 00:00:00+00:00, run_after=2022-03-05 00:00:00+00:00
[2026-04-01T07:55:54.201+0530] {processor.py:183} INFO - Processing /Users/aswin/Documents/data-engineering-practice/ETL_Airflow_DBT/airflow/airflow_env/lib/python3.11/site-packages/airflow/example_dags/example_dynamic_task_mapping.py took 0.085 seconds
[2026-04-01T07:56:25.372+0530] {processor.py:161} INFO - Started process (PID=85791) to work on /Users/aswin/Documents/data-engineering-practice/ETL_Airflow_DBT/airflow/airflow_env/lib/python3.11/site-packages/airflow/example_dags/example_dynamic_task_mapping.py
[2026-04-01T07:56:25.374+0530] {processor.py:830} INFO - Processing file /Users/aswin/Documents/data-engineering-practice/ETL_Airflow_DBT/airflow/airflow_env/lib/python3.11/site-packages/airflow/example_dags/example_dynamic_task_mapping.py for tasks to queue
[2026-04-01T07:56:25.374+0530] {logging_mixin.py:188} INFO - [2026-04-01T07:56:25.374+0530] {dagbag.py:540} INFO - Filling up the DagBag from /Users/aswin/Documents/data-engineering-practice/ETL_Airflow_DBT/airflow/airflow_env/lib/python3.11/site-packages/airflow/example_dags/example_dynamic_task_mapping.py
[2026-04-01T07:56:25.390+0530] {processor.py:840} INFO - DAG(s) 'example_dynamic_task_mapping' retrieved from /Users/aswin/Documents/data-engineering-practice/ETL_Airflow_DBT/airflow/airflow_env/lib/python3.11/site-packages/airflow/example_dags/example_dynamic_task_mapping.py
[2026-04-01T07:56:25.440+0530] {logging_mixin.py:188} INFO - [2026-04-01T07:56:25.440+0530] {dag.py:3096} INFO - Sync 1 DAGs
[2026-04-01T07:56:25.450+0530] {logging_mixin.py:188} INFO - [2026-04-01T07:56:25.450+0530] {dag.py:3954} INFO - Setting next_dagrun for example_dynamic_task_mapping to 2022-03-04 00:00:00+00:00, run_after=2022-03-05 00:00:00+00:00
[2026-04-01T07:56:25.460+0530] {processor.py:183} INFO - Processing /Users/aswin/Documents/data-engineering-practice/ETL_Airflow_DBT/airflow/airflow_env/lib/python3.11/site-packages/airflow/example_dags/example_dynamic_task_mapping.py took 0.088 seconds
[2026-04-01T07:56:56.393+0530] {processor.py:161} INFO - Started process (PID=85920) to work on /Users/aswin/Documents/data-engineering-practice/ETL_Airflow_DBT/airflow/airflow_env/lib/python3.11/site-packages/airflow/example_dags/example_dynamic_task_mapping.py
[2026-04-01T07:56:56.393+0530] {processor.py:830} INFO - Processing file /Users/aswin/Documents/data-engineering-practice/ETL_Airflow_DBT/airflow/airflow_env/lib/python3.11/site-packages/airflow/example_dags/example_dynamic_task_mapping.py for tasks to queue
[2026-04-01T07:56:56.394+0530] {logging_mixin.py:188} INFO - [2026-04-01T07:56:56.393+0530] {dagbag.py:540} INFO - Filling up the DagBag from /Users/aswin/Documents/data-engineering-practice/ETL_Airflow_DBT/airflow/airflow_env/lib/python3.11/site-packages/airflow/example_dags/example_dynamic_task_mapping.py
[2026-04-01T07:56:56.409+0530] {processor.py:840} INFO - DAG(s) 'example_dynamic_task_mapping' retrieved from /Users/aswin/Documents/data-engineering-practice/ETL_Airflow_DBT/airflow/airflow_env/lib/python3.11/site-packages/airflow/example_dags/example_dynamic_task_mapping.py
[2026-04-01T07:56:56.463+0530] {logging_mixin.py:188} INFO - [2026-04-01T07:56:56.462+0530] {dag.py:3096} INFO - Sync 1 DAGs
[2026-04-01T07:56:56.475+0530] {logging_mixin.py:188} INFO - [2026-04-01T07:56:56.474+0530] {dag.py:3954} INFO - Setting next_dagrun for example_dynamic_task_mapping to 2022-03-04 00:00:00+00:00, run_after=2022-03-05 00:00:00+00:00
[2026-04-01T07:56:56.483+0530] {processor.py:183} INFO - Processing /Users/aswin/Documents/data-engineering-practice/ETL_Airflow_DBT/airflow/airflow_env/lib/python3.11/site-packages/airflow/example_dags/example_dynamic_task_mapping.py took 0.091 seconds
[2026-04-01T07:57:28.160+0530] {processor.py:161} INFO - Started process (PID=86049) to work on /Users/aswin/Documents/data-engineering-practice/ETL_Airflow_DBT/airflow/airflow_env/lib/python3.11/site-packages/airflow/example_dags/example_dynamic_task_mapping.py
[2026-04-01T07:57:28.161+0530] {processor.py:830} INFO - Processing file /Users/aswin/Documents/data-engineering-practice/ETL_Airflow_DBT/airflow/airflow_env/lib/python3.11/site-packages/airflow/example_dags/example_dynamic_task_mapping.py for tasks to queue
[2026-04-01T07:57:28.162+0530] {logging_mixin.py:188} INFO - [2026-04-01T07:57:28.162+0530] {dagbag.py:540} INFO - Filling up the DagBag from /Users/aswin/Documents/data-engineering-practice/ETL_Airflow_DBT/airflow/airflow_env/lib/python3.11/site-packages/airflow/example_dags/example_dynamic_task_mapping.py
[2026-04-01T07:57:28.178+0530] {processor.py:840} INFO - DAG(s) 'example_dynamic_task_mapping' retrieved from /Users/aswin/Documents/data-engineering-practice/ETL_Airflow_DBT/airflow/airflow_env/lib/python3.11/site-packages/airflow/example_dags/example_dynamic_task_mapping.py
[2026-04-01T07:57:28.233+0530] {logging_mixin.py:188} INFO - [2026-04-01T07:57:28.233+0530] {dag.py:3096} INFO - Sync 1 DAGs
[2026-04-01T07:57:28.244+0530] {logging_mixin.py:188} INFO - [2026-04-01T07:57:28.244+0530] {dag.py:3954} INFO - Setting next_dagrun for example_dynamic_task_mapping to 2022-03-04 00:00:00+00:00, run_after=2022-03-05 00:00:00+00:00
[2026-04-01T07:57:28.251+0530] {processor.py:183} INFO - Processing /Users/aswin/Documents/data-engineering-practice/ETL_Airflow_DBT/airflow/airflow_env/lib/python3.11/site-packages/airflow/example_dags/example_dynamic_task_mapping.py took 0.092 seconds
[2026-04-01T08:15:22.722+0530] {processor.py:161} INFO - Started process (PID=86233) to work on /Users/aswin/Documents/data-engineering-practice/ETL_Airflow_DBT/airflow/airflow_env/lib/python3.11/site-packages/airflow/example_dags/example_dynamic_task_mapping.py
[2026-04-01T08:15:22.724+0530] {processor.py:830} INFO - Processing file /Users/aswin/Documents/data-engineering-practice/ETL_Airflow_DBT/airflow/airflow_env/lib/python3.11/site-packages/airflow/example_dags/example_dynamic_task_mapping.py for tasks to queue
[2026-04-01T08:15:22.724+0530] {logging_mixin.py:188} INFO - [2026-04-01T08:15:22.724+0530] {dagbag.py:540} INFO - Filling up the DagBag from /Users/aswin/Documents/data-engineering-practice/ETL_Airflow_DBT/airflow/airflow_env/lib/python3.11/site-packages/airflow/example_dags/example_dynamic_task_mapping.py
[2026-04-01T08:15:22.742+0530] {processor.py:840} INFO - DAG(s) 'example_dynamic_task_mapping' retrieved from /Users/aswin/Documents/data-engineering-practice/ETL_Airflow_DBT/airflow/airflow_env/lib/python3.11/site-packages/airflow/example_dags/example_dynamic_task_mapping.py
[2026-04-01T08:15:22.798+0530] {logging_mixin.py:188} INFO - [2026-04-01T08:15:22.798+0530] {dag.py:3096} INFO - Sync 1 DAGs
[2026-04-01T08:15:22.808+0530] {logging_mixin.py:188} INFO - [2026-04-01T08:15:22.808+0530] {dag.py:3954} INFO - Setting next_dagrun for example_dynamic_task_mapping to 2022-03-04 00:00:00+00:00, run_after=2022-03-05 00:00:00+00:00
[2026-04-01T08:15:22.818+0530] {processor.py:183} INFO - Processing /Users/aswin/Documents/data-engineering-practice/ETL_Airflow_DBT/airflow/airflow_env/lib/python3.11/site-packages/airflow/example_dags/example_dynamic_task_mapping.py took 0.097 seconds
[2026-04-01T08:16:34.105+0530] {processor.py:161} INFO - Started process (PID=86356) to work on /Users/aswin/Documents/data-engineering-practice/ETL_Airflow_DBT/airflow/airflow_env/lib/python3.11/site-packages/airflow/example_dags/example_dynamic_task_mapping.py
[2026-04-01T08:16:34.105+0530] {processor.py:830} INFO - Processing file /Users/aswin/Documents/data-engineering-practice/ETL_Airflow_DBT/airflow/airflow_env/lib/python3.11/site-packages/airflow/example_dags/example_dynamic_task_mapping.py for tasks to queue
[2026-04-01T08:16:34.105+0530] {logging_mixin.py:188} INFO - [2026-04-01T08:16:34.105+0530] {dagbag.py:540} INFO - Filling up the DagBag from /Users/aswin/Documents/data-engineering-practice/ETL_Airflow_DBT/airflow/airflow_env/lib/python3.11/site-packages/airflow/example_dags/example_dynamic_task_mapping.py
[2026-04-01T08:16:34.127+0530] {processor.py:840} INFO - DAG(s) 'example_dynamic_task_mapping' retrieved from /Users/aswin/Documents/data-engineering-practice/ETL_Airflow_DBT/airflow/airflow_env/lib/python3.11/site-packages/airflow/example_dags/example_dynamic_task_mapping.py
[2026-04-01T08:16:34.208+0530] {logging_mixin.py:188} INFO - [2026-04-01T08:16:34.208+0530] {dag.py:3096} INFO - Sync 1 DAGs
[2026-04-01T08:16:34.224+0530] {logging_mixin.py:188} INFO - [2026-04-01T08:16:34.224+0530] {dag.py:3954} INFO - Setting next_dagrun for example_dynamic_task_mapping to 2022-03-04 00:00:00+00:00, run_after=2022-03-05 00:00:00+00:00
[2026-04-01T08:16:34.237+0530] {processor.py:183} INFO - Processing /Users/aswin/Documents/data-engineering-practice/ETL_Airflow_DBT/airflow/airflow_env/lib/python3.11/site-packages/airflow/example_dags/example_dynamic_task_mapping.py took 0.134 seconds
[2026-04-01T08:17:49.041+0530] {processor.py:161} INFO - Started process (PID=86489) to work on /Users/aswin/Documents/data-engineering-practice/ETL_Airflow_DBT/airflow/airflow_env/lib/python3.11/site-packages/airflow/example_dags/example_dynamic_task_mapping.py
[2026-04-01T08:17:49.041+0530] {processor.py:830} INFO - Processing file /Users/aswin/Documents/data-engineering-practice/ETL_Airflow_DBT/airflow/airflow_env/lib/python3.11/site-packages/airflow/example_dags/example_dynamic_task_mapping.py for tasks to queue
[2026-04-01T08:17:49.041+0530] {logging_mixin.py:188} INFO - [2026-04-01T08:17:49.041+0530] {dagbag.py:540} INFO - Filling up the DagBag from /Users/aswin/Documents/data-engineering-practice/ETL_Airflow_DBT/airflow/airflow_env/lib/python3.11/site-packages/airflow/example_dags/example_dynamic_task_mapping.py
[2026-04-01T08:17:49.057+0530] {processor.py:840} INFO - DAG(s) 'example_dynamic_task_mapping' retrieved from /Users/aswin/Documents/data-engineering-practice/ETL_Airflow_DBT/airflow/airflow_env/lib/python3.11/site-packages/airflow/example_dags/example_dynamic_task_mapping.py
[2026-04-01T08:17:49.109+0530] {logging_mixin.py:188} INFO - [2026-04-01T08:17:49.109+0530] {dag.py:3096} INFO - Sync 1 DAGs
[2026-04-01T08:17:49.121+0530] {logging_mixin.py:188} INFO - [2026-04-01T08:17:49.121+0530] {dag.py:3954} INFO - Setting next_dagrun for example_dynamic_task_mapping to 2022-03-04 00:00:00+00:00, run_after=2022-03-05 00:00:00+00:00
[2026-04-01T08:17:49.129+0530] {processor.py:183} INFO - Processing /Users/aswin/Documents/data-engineering-practice/ETL_Airflow_DBT/airflow/airflow_env/lib/python3.11/site-packages/airflow/example_dags/example_dynamic_task_mapping.py took 0.089 seconds
[2026-04-01T08:35:03.271+0530] {processor.py:161} INFO - Started process (PID=86647) to work on /Users/aswin/Documents/data-engineering-practice/ETL_Airflow_DBT/airflow/airflow_env/lib/python3.11/site-packages/airflow/example_dags/example_dynamic_task_mapping.py
[2026-04-01T08:35:03.271+0530] {processor.py:830} INFO - Processing file /Users/aswin/Documents/data-engineering-practice/ETL_Airflow_DBT/airflow/airflow_env/lib/python3.11/site-packages/airflow/example_dags/example_dynamic_task_mapping.py for tasks to queue
[2026-04-01T08:35:03.271+0530] {logging_mixin.py:188} INFO - [2026-04-01T08:35:03.271+0530] {dagbag.py:540} INFO - Filling up the DagBag from /Users/aswin/Documents/data-engineering-practice/ETL_Airflow_DBT/airflow/airflow_env/lib/python3.11/site-packages/airflow/example_dags/example_dynamic_task_mapping.py
[2026-04-01T08:35:03.286+0530] {processor.py:840} INFO - DAG(s) 'example_dynamic_task_mapping' retrieved from /Users/aswin/Documents/data-engineering-practice/ETL_Airflow_DBT/airflow/airflow_env/lib/python3.11/site-packages/airflow/example_dags/example_dynamic_task_mapping.py
[2026-04-01T08:35:03.337+0530] {logging_mixin.py:188} INFO - [2026-04-01T08:35:03.337+0530] {dag.py:3096} INFO - Sync 1 DAGs
[2026-04-01T08:35:03.349+0530] {logging_mixin.py:188} INFO - [2026-04-01T08:35:03.349+0530] {dag.py:3954} INFO - Setting next_dagrun for example_dynamic_task_mapping to 2022-03-04 00:00:00+00:00, run_after=2022-03-05 00:00:00+00:00
[2026-04-01T08:35:03.356+0530] {processor.py:183} INFO - Processing /Users/aswin/Documents/data-engineering-practice/ETL_Airflow_DBT/airflow/airflow_env/lib/python3.11/site-packages/airflow/example_dags/example_dynamic_task_mapping.py took 0.086 seconds
[2026-04-01T08:37:10.349+0530] {processor.py:161} INFO - Started process (PID=86807) to work on /Users/aswin/Documents/data-engineering-practice/ETL_Airflow_DBT/airflow/airflow_env/lib/python3.11/site-packages/airflow/example_dags/example_dynamic_task_mapping.py
[2026-04-01T08:37:10.349+0530] {processor.py:830} INFO - Processing file /Users/aswin/Documents/data-engineering-practice/ETL_Airflow_DBT/airflow/airflow_env/lib/python3.11/site-packages/airflow/example_dags/example_dynamic_task_mapping.py for tasks to queue
[2026-04-01T08:37:10.350+0530] {logging_mixin.py:188} INFO - [2026-04-01T08:37:10.349+0530] {dagbag.py:540} INFO - Filling up the DagBag from /Users/aswin/Documents/data-engineering-practice/ETL_Airflow_DBT/airflow/airflow_env/lib/python3.11/site-packages/airflow/example_dags/example_dynamic_task_mapping.py
[2026-04-01T08:37:10.365+0530] {processor.py:840} INFO - DAG(s) 'example_dynamic_task_mapping' retrieved from /Users/aswin/Documents/data-engineering-practice/ETL_Airflow_DBT/airflow/airflow_env/lib/python3.11/site-packages/airflow/example_dags/example_dynamic_task_mapping.py
[2026-04-01T08:37:10.426+0530] {logging_mixin.py:188} INFO - [2026-04-01T08:37:10.426+0530] {dag.py:3096} INFO - Sync 1 DAGs
[2026-04-01T08:37:10.434+0530] {logging_mixin.py:188} INFO - [2026-04-01T08:37:10.434+0530] {dag.py:3954} INFO - Setting next_dagrun for example_dynamic_task_mapping to 2022-03-04 00:00:00+00:00, run_after=2022-03-05 00:00:00+00:00
[2026-04-01T08:37:10.444+0530] {processor.py:183} INFO - Processing /Users/aswin/Documents/data-engineering-practice/ETL_Airflow_DBT/airflow/airflow_env/lib/python3.11/site-packages/airflow/example_dags/example_dynamic_task_mapping.py took 0.096 seconds
[2026-04-01T08:56:25.530+0530] {processor.py:161} INFO - Started process (PID=86993) to work on /Users/aswin/Documents/data-engineering-practice/ETL_Airflow_DBT/airflow/airflow_env/lib/python3.11/site-packages/airflow/example_dags/example_dynamic_task_mapping.py
[2026-04-01T08:56:25.530+0530] {processor.py:830} INFO - Processing file /Users/aswin/Documents/data-engineering-practice/ETL_Airflow_DBT/airflow/airflow_env/lib/python3.11/site-packages/airflow/example_dags/example_dynamic_task_mapping.py for tasks to queue
[2026-04-01T08:56:25.531+0530] {logging_mixin.py:188} INFO - [2026-04-01T08:56:25.531+0530] {dagbag.py:540} INFO - Filling up the DagBag from /Users/aswin/Documents/data-engineering-practice/ETL_Airflow_DBT/airflow/airflow_env/lib/python3.11/site-packages/airflow/example_dags/example_dynamic_task_mapping.py
[2026-04-01T08:56:25.545+0530] {processor.py:840} INFO - DAG(s) 'example_dynamic_task_mapping' retrieved from /Users/aswin/Documents/data-engineering-practice/ETL_Airflow_DBT/airflow/airflow_env/lib/python3.11/site-packages/airflow/example_dags/example_dynamic_task_mapping.py
[2026-04-01T08:56:25.601+0530] {logging_mixin.py:188} INFO - [2026-04-01T08:56:25.601+0530] {dag.py:3096} INFO - Sync 1 DAGs
[2026-04-01T08:56:25.612+0530] {logging_mixin.py:188} INFO - [2026-04-01T08:56:25.612+0530] {dag.py:3954} INFO - Setting next_dagrun for example_dynamic_task_mapping to 2022-03-04 00:00:00+00:00, run_after=2022-03-05 00:00:00+00:00
[2026-04-01T08:56:25.619+0530] {processor.py:183} INFO - Processing /Users/aswin/Documents/data-engineering-practice/ETL_Airflow_DBT/airflow/airflow_env/lib/python3.11/site-packages/airflow/example_dags/example_dynamic_task_mapping.py took 0.090 seconds
[2026-04-01T08:59:02.388+0530] {processor.py:161} INFO - Started process (PID=87125) to work on /Users/aswin/Documents/data-engineering-practice/ETL_Airflow_DBT/airflow/airflow_env/lib/python3.11/site-packages/airflow/example_dags/example_dynamic_task_mapping.py
[2026-04-01T08:59:02.390+0530] {processor.py:830} INFO - Processing file /Users/aswin/Documents/data-engineering-practice/ETL_Airflow_DBT/airflow/airflow_env/lib/python3.11/site-packages/airflow/example_dags/example_dynamic_task_mapping.py for tasks to queue
[2026-04-01T08:59:02.390+0530] {logging_mixin.py:188} INFO - [2026-04-01T08:59:02.390+0530] {dagbag.py:540} INFO - Filling up the DagBag from /Users/aswin/Documents/data-engineering-practice/ETL_Airflow_DBT/airflow/airflow_env/lib/python3.11/site-packages/airflow/example_dags/example_dynamic_task_mapping.py
[2026-04-01T08:59:02.405+0530] {processor.py:840} INFO - DAG(s) 'example_dynamic_task_mapping' retrieved from /Users/aswin/Documents/data-engineering-practice/ETL_Airflow_DBT/airflow/airflow_env/lib/python3.11/site-packages/airflow/example_dags/example_dynamic_task_mapping.py
[2026-04-01T08:59:02.460+0530] {logging_mixin.py:188} INFO - [2026-04-01T08:59:02.460+0530] {dag.py:3096} INFO - Sync 1 DAGs
[2026-04-01T08:59:02.470+0530] {logging_mixin.py:188} INFO - [2026-04-01T08:59:02.470+0530] {dag.py:3954} INFO - Setting next_dagrun for example_dynamic_task_mapping to 2022-03-04 00:00:00+00:00, run_after=2022-03-05 00:00:00+00:00
[2026-04-01T08:59:02.479+0530] {processor.py:183} INFO - Processing /Users/aswin/Documents/data-engineering-practice/ETL_Airflow_DBT/airflow/airflow_env/lib/python3.11/site-packages/airflow/example_dags/example_dynamic_task_mapping.py took 0.091 seconds
[2026-04-01T09:16:13.388+0530] {processor.py:161} INFO - Started process (PID=87312) to work on /Users/aswin/Documents/data-engineering-practice/ETL_Airflow_DBT/airflow/airflow_env/lib/python3.11/site-packages/airflow/example_dags/example_dynamic_task_mapping.py
[2026-04-01T09:16:13.389+0530] {processor.py:830} INFO - Processing file /Users/aswin/Documents/data-engineering-practice/ETL_Airflow_DBT/airflow/airflow_env/lib/python3.11/site-packages/airflow/example_dags/example_dynamic_task_mapping.py for tasks to queue
[2026-04-01T09:16:13.389+0530] {logging_mixin.py:188} INFO - [2026-04-01T09:16:13.389+0530] {dagbag.py:540} INFO - Filling up the DagBag from /Users/aswin/Documents/data-engineering-practice/ETL_Airflow_DBT/airflow/airflow_env/lib/python3.11/site-packages/airflow/example_dags/example_dynamic_task_mapping.py
[2026-04-01T09:16:13.405+0530] {processor.py:840} INFO - DAG(s) 'example_dynamic_task_mapping' retrieved from /Users/aswin/Documents/data-engineering-practice/ETL_Airflow_DBT/airflow/airflow_env/lib/python3.11/site-packages/airflow/example_dags/example_dynamic_task_mapping.py
[2026-04-01T09:16:13.510+0530] {logging_mixin.py:188} INFO - [2026-04-01T09:16:13.510+0530] {dag.py:3096} INFO - Sync 1 DAGs
[2026-04-01T09:16:13.524+0530] {logging_mixin.py:188} INFO - [2026-04-01T09:16:13.523+0530] {dag.py:3954} INFO - Setting next_dagrun for example_dynamic_task_mapping to 2022-03-04 00:00:00+00:00, run_after=2022-03-05 00:00:00+00:00
[2026-04-01T09:16:13.535+0530] {processor.py:183} INFO - Processing /Users/aswin/Documents/data-engineering-practice/ETL_Airflow_DBT/airflow/airflow_env/lib/python3.11/site-packages/airflow/example_dags/example_dynamic_task_mapping.py took 0.147 seconds
[2026-04-01T09:34:55.038+0530] {processor.py:161} INFO - Started process (PID=87496) to work on /Users/aswin/Documents/data-engineering-practice/ETL_Airflow_DBT/airflow/airflow_env/lib/python3.11/site-packages/airflow/example_dags/example_dynamic_task_mapping.py
[2026-04-01T09:34:55.040+0530] {processor.py:830} INFO - Processing file /Users/aswin/Documents/data-engineering-practice/ETL_Airflow_DBT/airflow/airflow_env/lib/python3.11/site-packages/airflow/example_dags/example_dynamic_task_mapping.py for tasks to queue
[2026-04-01T09:34:55.040+0530] {logging_mixin.py:188} INFO - [2026-04-01T09:34:55.040+0530] {dagbag.py:540} INFO - Filling up the DagBag from /Users/aswin/Documents/data-engineering-practice/ETL_Airflow_DBT/airflow/airflow_env/lib/python3.11/site-packages/airflow/example_dags/example_dynamic_task_mapping.py
[2026-04-01T09:34:55.055+0530] {processor.py:840} INFO - DAG(s) 'example_dynamic_task_mapping' retrieved from /Users/aswin/Documents/data-engineering-practice/ETL_Airflow_DBT/airflow/airflow_env/lib/python3.11/site-packages/airflow/example_dags/example_dynamic_task_mapping.py
[2026-04-01T09:34:55.107+0530] {logging_mixin.py:188} INFO - [2026-04-01T09:34:55.106+0530] {dag.py:3096} INFO - Sync 1 DAGs
[2026-04-01T09:34:55.119+0530] {logging_mixin.py:188} INFO - [2026-04-01T09:34:55.119+0530] {dag.py:3954} INFO - Setting next_dagrun for example_dynamic_task_mapping to 2022-03-04 00:00:00+00:00, run_after=2022-03-05 00:00:00+00:00
[2026-04-01T09:34:55.126+0530] {processor.py:183} INFO - Processing /Users/aswin/Documents/data-engineering-practice/ETL_Airflow_DBT/airflow/airflow_env/lib/python3.11/site-packages/airflow/example_dags/example_dynamic_task_mapping.py took 0.089 seconds
[2026-04-01T09:37:05.215+0530] {processor.py:161} INFO - Started process (PID=87673) to work on /Users/aswin/Documents/data-engineering-practice/ETL_Airflow_DBT/airflow/airflow_env/lib/python3.11/site-packages/airflow/example_dags/example_dynamic_task_mapping.py
[2026-04-01T09:37:05.217+0530] {processor.py:830} INFO - Processing file /Users/aswin/Documents/data-engineering-practice/ETL_Airflow_DBT/airflow/airflow_env/lib/python3.11/site-packages/airflow/example_dags/example_dynamic_task_mapping.py for tasks to queue
[2026-04-01T09:37:05.217+0530] {logging_mixin.py:188} INFO - [2026-04-01T09:37:05.217+0530] {dagbag.py:540} INFO - Filling up the DagBag from /Users/aswin/Documents/data-engineering-practice/ETL_Airflow_DBT/airflow/airflow_env/lib/python3.11/site-packages/airflow/example_dags/example_dynamic_task_mapping.py
[2026-04-01T09:37:05.232+0530] {processor.py:840} INFO - DAG(s) 'example_dynamic_task_mapping' retrieved from /Users/aswin/Documents/data-engineering-practice/ETL_Airflow_DBT/airflow/airflow_env/lib/python3.11/site-packages/airflow/example_dags/example_dynamic_task_mapping.py
[2026-04-01T09:37:05.287+0530] {logging_mixin.py:188} INFO - [2026-04-01T09:37:05.287+0530] {dag.py:3096} INFO - Sync 1 DAGs
[2026-04-01T09:37:05.298+0530] {logging_mixin.py:188} INFO - [2026-04-01T09:37:05.298+0530] {dag.py:3954} INFO - Setting next_dagrun for example_dynamic_task_mapping to 2022-03-04 00:00:00+00:00, run_after=2022-03-05 00:00:00+00:00
[2026-04-01T09:37:05.307+0530] {processor.py:183} INFO - Processing /Users/aswin/Documents/data-engineering-practice/ETL_Airflow_DBT/airflow/airflow_env/lib/python3.11/site-packages/airflow/example_dags/example_dynamic_task_mapping.py took 0.092 seconds
[2026-04-01T10:01:15.635+0530] {processor.py:161} INFO - Started process (PID=87878) to work on /Users/aswin/Documents/data-engineering-practice/ETL_Airflow_DBT/airflow/airflow_env/lib/python3.11/site-packages/airflow/example_dags/example_dynamic_task_mapping.py
[2026-04-01T10:01:15.636+0530] {processor.py:830} INFO - Processing file /Users/aswin/Documents/data-engineering-practice/ETL_Airflow_DBT/airflow/airflow_env/lib/python3.11/site-packages/airflow/example_dags/example_dynamic_task_mapping.py for tasks to queue
[2026-04-01T10:01:15.637+0530] {logging_mixin.py:188} INFO - [2026-04-01T10:01:15.637+0530] {dagbag.py:540} INFO - Filling up the DagBag from /Users/aswin/Documents/data-engineering-practice/ETL_Airflow_DBT/airflow/airflow_env/lib/python3.11/site-packages/airflow/example_dags/example_dynamic_task_mapping.py
[2026-04-01T10:01:15.654+0530] {processor.py:840} INFO - DAG(s) 'example_dynamic_task_mapping' retrieved from /Users/aswin/Documents/data-engineering-practice/ETL_Airflow_DBT/airflow/airflow_env/lib/python3.11/site-packages/airflow/example_dags/example_dynamic_task_mapping.py
[2026-04-01T10:01:15.714+0530] {logging_mixin.py:188} INFO - [2026-04-01T10:01:15.714+0530] {dag.py:3096} INFO - Sync 1 DAGs
[2026-04-01T10:01:15.723+0530] {logging_mixin.py:188} INFO - [2026-04-01T10:01:15.723+0530] {dag.py:3954} INFO - Setting next_dagrun for example_dynamic_task_mapping to 2022-03-04 00:00:00+00:00, run_after=2022-03-05 00:00:00+00:00
[2026-04-01T10:01:15.733+0530] {processor.py:183} INFO - Processing /Users/aswin/Documents/data-engineering-practice/ETL_Airflow_DBT/airflow/airflow_env/lib/python3.11/site-packages/airflow/example_dags/example_dynamic_task_mapping.py took 0.099 seconds
[2026-04-01T10:03:25.301+0530] {processor.py:161} INFO - Started process (PID=88069) to work on /Users/aswin/Documents/data-engineering-practice/ETL_Airflow_DBT/airflow/airflow_env/lib/python3.11/site-packages/airflow/example_dags/example_dynamic_task_mapping.py
[2026-04-01T10:03:25.302+0530] {processor.py:830} INFO - Processing file /Users/aswin/Documents/data-engineering-practice/ETL_Airflow_DBT/airflow/airflow_env/lib/python3.11/site-packages/airflow/example_dags/example_dynamic_task_mapping.py for tasks to queue
[2026-04-01T10:03:25.302+0530] {logging_mixin.py:188} INFO - [2026-04-01T10:03:25.302+0530] {dagbag.py:540} INFO - Filling up the DagBag from /Users/aswin/Documents/data-engineering-practice/ETL_Airflow_DBT/airflow/airflow_env/lib/python3.11/site-packages/airflow/example_dags/example_dynamic_task_mapping.py
[2026-04-01T10:03:25.318+0530] {processor.py:840} INFO - DAG(s) 'example_dynamic_task_mapping' retrieved from /Users/aswin/Documents/data-engineering-practice/ETL_Airflow_DBT/airflow/airflow_env/lib/python3.11/site-packages/airflow/example_dags/example_dynamic_task_mapping.py
[2026-04-01T10:03:25.369+0530] {logging_mixin.py:188} INFO - [2026-04-01T10:03:25.369+0530] {dag.py:3096} INFO - Sync 1 DAGs
[2026-04-01T10:03:25.380+0530] {logging_mixin.py:188} INFO - [2026-04-01T10:03:25.380+0530] {dag.py:3954} INFO - Setting next_dagrun for example_dynamic_task_mapping to 2022-03-04 00:00:00+00:00, run_after=2022-03-05 00:00:00+00:00
[2026-04-01T10:03:25.388+0530] {processor.py:183} INFO - Processing /Users/aswin/Documents/data-engineering-practice/ETL_Airflow_DBT/airflow/airflow_env/lib/python3.11/site-packages/airflow/example_dags/example_dynamic_task_mapping.py took 0.088 seconds
[2026-04-01T10:21:38.894+0530] {processor.py:161} INFO - Started process (PID=88197) to work on /Users/aswin/Documents/data-engineering-practice/ETL_Airflow_DBT/airflow/airflow_env/lib/python3.11/site-packages/airflow/example_dags/example_dynamic_task_mapping.py
[2026-04-01T10:21:38.894+0530] {processor.py:830} INFO - Processing file /Users/aswin/Documents/data-engineering-practice/ETL_Airflow_DBT/airflow/airflow_env/lib/python3.11/site-packages/airflow/example_dags/example_dynamic_task_mapping.py for tasks to queue
[2026-04-01T10:21:38.894+0530] {logging_mixin.py:188} INFO - [2026-04-01T10:21:38.894+0530] {dagbag.py:540} INFO - Filling up the DagBag from /Users/aswin/Documents/data-engineering-practice/ETL_Airflow_DBT/airflow/airflow_env/lib/python3.11/site-packages/airflow/example_dags/example_dynamic_task_mapping.py
[2026-04-01T10:21:38.910+0530] {processor.py:840} INFO - DAG(s) 'example_dynamic_task_mapping' retrieved from /Users/aswin/Documents/data-engineering-practice/ETL_Airflow_DBT/airflow/airflow_env/lib/python3.11/site-packages/airflow/example_dags/example_dynamic_task_mapping.py
[2026-04-01T10:21:38.967+0530] {logging_mixin.py:188} INFO - [2026-04-01T10:21:38.967+0530] {dag.py:3096} INFO - Sync 1 DAGs
[2026-04-01T10:21:38.978+0530] {logging_mixin.py:188} INFO - [2026-04-01T10:21:38.978+0530] {dag.py:3954} INFO - Setting next_dagrun for example_dynamic_task_mapping to 2022-03-04 00:00:00+00:00, run_after=2022-03-05 00:00:00+00:00
[2026-04-01T10:21:38.987+0530] {processor.py:183} INFO - Processing /Users/aswin/Documents/data-engineering-practice/ETL_Airflow_DBT/airflow/airflow_env/lib/python3.11/site-packages/airflow/example_dags/example_dynamic_task_mapping.py took 0.094 seconds
[2026-04-01T10:23:21.647+0530] {processor.py:161} INFO - Started process (PID=88357) to work on /Users/aswin/Documents/data-engineering-practice/ETL_Airflow_DBT/airflow/airflow_env/lib/python3.11/site-packages/airflow/example_dags/example_dynamic_task_mapping.py
[2026-04-01T10:23:21.647+0530] {processor.py:830} INFO - Processing file /Users/aswin/Documents/data-engineering-practice/ETL_Airflow_DBT/airflow/airflow_env/lib/python3.11/site-packages/airflow/example_dags/example_dynamic_task_mapping.py for tasks to queue
[2026-04-01T10:23:21.648+0530] {logging_mixin.py:188} INFO - [2026-04-01T10:23:21.648+0530] {dagbag.py:540} INFO - Filling up the DagBag from /Users/aswin/Documents/data-engineering-practice/ETL_Airflow_DBT/airflow/airflow_env/lib/python3.11/site-packages/airflow/example_dags/example_dynamic_task_mapping.py
[2026-04-01T10:23:21.664+0530] {processor.py:840} INFO - DAG(s) 'example_dynamic_task_mapping' retrieved from /Users/aswin/Documents/data-engineering-practice/ETL_Airflow_DBT/airflow/airflow_env/lib/python3.11/site-packages/airflow/example_dags/example_dynamic_task_mapping.py
[2026-04-01T10:23:21.723+0530] {logging_mixin.py:188} INFO - [2026-04-01T10:23:21.723+0530] {dag.py:3096} INFO - Sync 1 DAGs
[2026-04-01T10:23:21.737+0530] {logging_mixin.py:188} INFO - [2026-04-01T10:23:21.737+0530] {dag.py:3954} INFO - Setting next_dagrun for example_dynamic_task_mapping to 2022-03-04 00:00:00+00:00, run_after=2022-03-05 00:00:00+00:00
[2026-04-01T10:23:21.746+0530] {processor.py:183} INFO - Processing /Users/aswin/Documents/data-engineering-practice/ETL_Airflow_DBT/airflow/airflow_env/lib/python3.11/site-packages/airflow/example_dags/example_dynamic_task_mapping.py took 0.101 seconds
[2026-04-01T10:43:00.128+0530] {processor.py:161} INFO - Started process (PID=88526) to work on /Users/aswin/Documents/data-engineering-practice/ETL_Airflow_DBT/airflow/airflow_env/lib/python3.11/site-packages/airflow/example_dags/example_dynamic_task_mapping.py
[2026-04-01T10:43:00.129+0530] {processor.py:830} INFO - Processing file /Users/aswin/Documents/data-engineering-practice/ETL_Airflow_DBT/airflow/airflow_env/lib/python3.11/site-packages/airflow/example_dags/example_dynamic_task_mapping.py for tasks to queue
[2026-04-01T10:43:00.129+0530] {logging_mixin.py:188} INFO - [2026-04-01T10:43:00.129+0530] {dagbag.py:540} INFO - Filling up the DagBag from /Users/aswin/Documents/data-engineering-practice/ETL_Airflow_DBT/airflow/airflow_env/lib/python3.11/site-packages/airflow/example_dags/example_dynamic_task_mapping.py
[2026-04-01T10:43:00.145+0530] {processor.py:840} INFO - DAG(s) 'example_dynamic_task_mapping' retrieved from /Users/aswin/Documents/data-engineering-practice/ETL_Airflow_DBT/airflow/airflow_env/lib/python3.11/site-packages/airflow/example_dags/example_dynamic_task_mapping.py
[2026-04-01T10:43:00.200+0530] {logging_mixin.py:188} INFO - [2026-04-01T10:43:00.200+0530] {dag.py:3096} INFO - Sync 1 DAGs
[2026-04-01T10:43:00.211+0530] {logging_mixin.py:188} INFO - [2026-04-01T10:43:00.211+0530] {dag.py:3954} INFO - Setting next_dagrun for example_dynamic_task_mapping to 2022-03-04 00:00:00+00:00, run_after=2022-03-05 00:00:00+00:00
[2026-04-01T10:43:00.219+0530] {processor.py:183} INFO - Processing /Users/aswin/Documents/data-engineering-practice/ETL_Airflow_DBT/airflow/airflow_env/lib/python3.11/site-packages/airflow/example_dags/example_dynamic_task_mapping.py took 0.093 seconds
[2026-04-01T10:44:43.785+0530] {processor.py:161} INFO - Started process (PID=88687) to work on /Users/aswin/Documents/data-engineering-practice/ETL_Airflow_DBT/airflow/airflow_env/lib/python3.11/site-packages/airflow/example_dags/example_dynamic_task_mapping.py
[2026-04-01T10:44:43.786+0530] {processor.py:830} INFO - Processing file /Users/aswin/Documents/data-engineering-practice/ETL_Airflow_DBT/airflow/airflow_env/lib/python3.11/site-packages/airflow/example_dags/example_dynamic_task_mapping.py for tasks to queue
[2026-04-01T10:44:43.786+0530] {logging_mixin.py:188} INFO - [2026-04-01T10:44:43.786+0530] {dagbag.py:540} INFO - Filling up the DagBag from /Users/aswin/Documents/data-engineering-practice/ETL_Airflow_DBT/airflow/airflow_env/lib/python3.11/site-packages/airflow/example_dags/example_dynamic_task_mapping.py
[2026-04-01T10:44:43.801+0530] {processor.py:840} INFO - DAG(s) 'example_dynamic_task_mapping' retrieved from /Users/aswin/Documents/data-engineering-practice/ETL_Airflow_DBT/airflow/airflow_env/lib/python3.11/site-packages/airflow/example_dags/example_dynamic_task_mapping.py
[2026-04-01T10:44:43.855+0530] {logging_mixin.py:188} INFO - [2026-04-01T10:44:43.854+0530] {dag.py:3096} INFO - Sync 1 DAGs
[2026-04-01T10:44:43.867+0530] {logging_mixin.py:188} INFO - [2026-04-01T10:44:43.867+0530] {dag.py:3954} INFO - Setting next_dagrun for example_dynamic_task_mapping to 2022-03-04 00:00:00+00:00, run_after=2022-03-05 00:00:00+00:00
[2026-04-01T10:44:43.877+0530] {processor.py:183} INFO - Processing /Users/aswin/Documents/data-engineering-practice/ETL_Airflow_DBT/airflow/airflow_env/lib/python3.11/site-packages/airflow/example_dags/example_dynamic_task_mapping.py took 0.092 seconds
[2026-04-01T11:01:32.846+0530] {processor.py:161} INFO - Started process (PID=88798) to work on /Users/aswin/Documents/data-engineering-practice/ETL_Airflow_DBT/airflow/airflow_env/lib/python3.11/site-packages/airflow/example_dags/example_dynamic_task_mapping.py
[2026-04-01T11:01:32.846+0530] {processor.py:830} INFO - Processing file /Users/aswin/Documents/data-engineering-practice/ETL_Airflow_DBT/airflow/airflow_env/lib/python3.11/site-packages/airflow/example_dags/example_dynamic_task_mapping.py for tasks to queue
[2026-04-01T11:01:32.847+0530] {logging_mixin.py:188} INFO - [2026-04-01T11:01:32.846+0530] {dagbag.py:540} INFO - Filling up the DagBag from /Users/aswin/Documents/data-engineering-practice/ETL_Airflow_DBT/airflow/airflow_env/lib/python3.11/site-packages/airflow/example_dags/example_dynamic_task_mapping.py
[2026-04-01T11:01:32.861+0530] {processor.py:840} INFO - DAG(s) 'example_dynamic_task_mapping' retrieved from /Users/aswin/Documents/data-engineering-practice/ETL_Airflow_DBT/airflow/airflow_env/lib/python3.11/site-packages/airflow/example_dags/example_dynamic_task_mapping.py
[2026-04-01T11:01:32.917+0530] {logging_mixin.py:188} INFO - [2026-04-01T11:01:32.917+0530] {dag.py:3096} INFO - Sync 1 DAGs
[2026-04-01T11:01:32.929+0530] {logging_mixin.py:188} INFO - [2026-04-01T11:01:32.929+0530] {dag.py:3954} INFO - Setting next_dagrun for example_dynamic_task_mapping to 2022-03-04 00:00:00+00:00, run_after=2022-03-05 00:00:00+00:00
[2026-04-01T11:01:32.936+0530] {processor.py:183} INFO - Processing /Users/aswin/Documents/data-engineering-practice/ETL_Airflow_DBT/airflow/airflow_env/lib/python3.11/site-packages/airflow/example_dags/example_dynamic_task_mapping.py took 0.091 seconds
[2026-04-01T11:03:39.848+0530] {processor.py:161} INFO - Started process (PID=88951) to work on /Users/aswin/Documents/data-engineering-practice/ETL_Airflow_DBT/airflow/airflow_env/lib/python3.11/site-packages/airflow/example_dags/example_dynamic_task_mapping.py
[2026-04-01T11:03:39.848+0530] {processor.py:830} INFO - Processing file /Users/aswin/Documents/data-engineering-practice/ETL_Airflow_DBT/airflow/airflow_env/lib/python3.11/site-packages/airflow/example_dags/example_dynamic_task_mapping.py for tasks to queue
[2026-04-01T11:03:39.848+0530] {logging_mixin.py:188} INFO - [2026-04-01T11:03:39.848+0530] {dagbag.py:540} INFO - Filling up the DagBag from /Users/aswin/Documents/data-engineering-practice/ETL_Airflow_DBT/airflow/airflow_env/lib/python3.11/site-packages/airflow/example_dags/example_dynamic_task_mapping.py
[2026-04-01T11:03:39.863+0530] {processor.py:840} INFO - DAG(s) 'example_dynamic_task_mapping' retrieved from /Users/aswin/Documents/data-engineering-practice/ETL_Airflow_DBT/airflow/airflow_env/lib/python3.11/site-packages/airflow/example_dags/example_dynamic_task_mapping.py
[2026-04-01T11:03:39.913+0530] {logging_mixin.py:188} INFO - [2026-04-01T11:03:39.913+0530] {dag.py:3096} INFO - Sync 1 DAGs
[2026-04-01T11:03:39.925+0530] {logging_mixin.py:188} INFO - [2026-04-01T11:03:39.925+0530] {dag.py:3954} INFO - Setting next_dagrun for example_dynamic_task_mapping to 2022-03-04 00:00:00+00:00, run_after=2022-03-05 00:00:00+00:00
[2026-04-01T11:03:39.932+0530] {processor.py:183} INFO - Processing /Users/aswin/Documents/data-engineering-practice/ETL_Airflow_DBT/airflow/airflow_env/lib/python3.11/site-packages/airflow/example_dags/example_dynamic_task_mapping.py took 0.085 seconds
[2026-04-01T11:08:11.873+0530] {processor.py:161} INFO - Started process (PID=89134) to work on /Users/aswin/Documents/data-engineering-practice/ETL_Airflow_DBT/airflow/airflow_env/lib/python3.11/site-packages/airflow/example_dags/example_dynamic_task_mapping.py
[2026-04-01T11:08:11.873+0530] {processor.py:830} INFO - Processing file /Users/aswin/Documents/data-engineering-practice/ETL_Airflow_DBT/airflow/airflow_env/lib/python3.11/site-packages/airflow/example_dags/example_dynamic_task_mapping.py for tasks to queue
[2026-04-01T11:08:11.873+0530] {logging_mixin.py:188} INFO - [2026-04-01T11:08:11.873+0530] {dagbag.py:540} INFO - Filling up the DagBag from /Users/aswin/Documents/data-engineering-practice/ETL_Airflow_DBT/airflow/airflow_env/lib/python3.11/site-packages/airflow/example_dags/example_dynamic_task_mapping.py
[2026-04-01T11:08:11.890+0530] {processor.py:840} INFO - DAG(s) 'example_dynamic_task_mapping' retrieved from /Users/aswin/Documents/data-engineering-practice/ETL_Airflow_DBT/airflow/airflow_env/lib/python3.11/site-packages/airflow/example_dags/example_dynamic_task_mapping.py
[2026-04-01T11:08:11.949+0530] {logging_mixin.py:188} INFO - [2026-04-01T11:08:11.949+0530] {dag.py:3096} INFO - Sync 1 DAGs
[2026-04-01T11:08:11.962+0530] {logging_mixin.py:188} INFO - [2026-04-01T11:08:11.962+0530] {dag.py:3954} INFO - Setting next_dagrun for example_dynamic_task_mapping to 2022-03-04 00:00:00+00:00, run_after=2022-03-05 00:00:00+00:00
[2026-04-01T11:08:11.973+0530] {processor.py:183} INFO - Processing /Users/aswin/Documents/data-engineering-practice/ETL_Airflow_DBT/airflow/airflow_env/lib/python3.11/site-packages/airflow/example_dags/example_dynamic_task_mapping.py took 0.101 seconds
[2026-04-01T11:22:46.045+0530] {processor.py:161} INFO - Started process (PID=89271) to work on /Users/aswin/Documents/data-engineering-practice/ETL_Airflow_DBT/airflow/airflow_env/lib/python3.11/site-packages/airflow/example_dags/example_dynamic_task_mapping.py
[2026-04-01T11:22:46.047+0530] {processor.py:830} INFO - Processing file /Users/aswin/Documents/data-engineering-practice/ETL_Airflow_DBT/airflow/airflow_env/lib/python3.11/site-packages/airflow/example_dags/example_dynamic_task_mapping.py for tasks to queue
[2026-04-01T11:22:46.047+0530] {logging_mixin.py:188} INFO - [2026-04-01T11:22:46.047+0530] {dagbag.py:540} INFO - Filling up the DagBag from /Users/aswin/Documents/data-engineering-practice/ETL_Airflow_DBT/airflow/airflow_env/lib/python3.11/site-packages/airflow/example_dags/example_dynamic_task_mapping.py
[2026-04-01T11:22:46.061+0530] {processor.py:840} INFO - DAG(s) 'example_dynamic_task_mapping' retrieved from /Users/aswin/Documents/data-engineering-practice/ETL_Airflow_DBT/airflow/airflow_env/lib/python3.11/site-packages/airflow/example_dags/example_dynamic_task_mapping.py
[2026-04-01T11:22:46.114+0530] {logging_mixin.py:188} INFO - [2026-04-01T11:22:46.114+0530] {dag.py:3096} INFO - Sync 1 DAGs
[2026-04-01T11:22:46.126+0530] {logging_mixin.py:188} INFO - [2026-04-01T11:22:46.126+0530] {dag.py:3954} INFO - Setting next_dagrun for example_dynamic_task_mapping to 2022-03-04 00:00:00+00:00, run_after=2022-03-05 00:00:00+00:00
[2026-04-01T11:22:46.133+0530] {processor.py:183} INFO - Processing /Users/aswin/Documents/data-engineering-practice/ETL_Airflow_DBT/airflow/airflow_env/lib/python3.11/site-packages/airflow/example_dags/example_dynamic_task_mapping.py took 0.089 seconds
[2026-04-01T11:24:29.946+0530] {processor.py:161} INFO - Started process (PID=89433) to work on /Users/aswin/Documents/data-engineering-practice/ETL_Airflow_DBT/airflow/airflow_env/lib/python3.11/site-packages/airflow/example_dags/example_dynamic_task_mapping.py
[2026-04-01T11:24:29.946+0530] {processor.py:830} INFO - Processing file /Users/aswin/Documents/data-engineering-practice/ETL_Airflow_DBT/airflow/airflow_env/lib/python3.11/site-packages/airflow/example_dags/example_dynamic_task_mapping.py for tasks to queue
[2026-04-01T11:24:29.947+0530] {logging_mixin.py:188} INFO - [2026-04-01T11:24:29.947+0530] {dagbag.py:540} INFO - Filling up the DagBag from /Users/aswin/Documents/data-engineering-practice/ETL_Airflow_DBT/airflow/airflow_env/lib/python3.11/site-packages/airflow/example_dags/example_dynamic_task_mapping.py
[2026-04-01T11:24:29.962+0530] {processor.py:840} INFO - DAG(s) 'example_dynamic_task_mapping' retrieved from /Users/aswin/Documents/data-engineering-practice/ETL_Airflow_DBT/airflow/airflow_env/lib/python3.11/site-packages/airflow/example_dags/example_dynamic_task_mapping.py
[2026-04-01T11:24:30.014+0530] {logging_mixin.py:188} INFO - [2026-04-01T11:24:30.014+0530] {dag.py:3096} INFO - Sync 1 DAGs
[2026-04-01T11:24:30.026+0530] {logging_mixin.py:188} INFO - [2026-04-01T11:24:30.026+0530] {dag.py:3954} INFO - Setting next_dagrun for example_dynamic_task_mapping to 2022-03-04 00:00:00+00:00, run_after=2022-03-05 00:00:00+00:00
[2026-04-01T11:24:30.033+0530] {processor.py:183} INFO - Processing /Users/aswin/Documents/data-engineering-practice/ETL_Airflow_DBT/airflow/airflow_env/lib/python3.11/site-packages/airflow/example_dags/example_dynamic_task_mapping.py took 0.089 seconds
[2026-04-01T11:43:00.248+0530] {processor.py:161} INFO - Started process (PID=89623) to work on /Users/aswin/Documents/data-engineering-practice/ETL_Airflow_DBT/airflow/airflow_env/lib/python3.11/site-packages/airflow/example_dags/example_dynamic_task_mapping.py
[2026-04-01T11:43:00.249+0530] {processor.py:830} INFO - Processing file /Users/aswin/Documents/data-engineering-practice/ETL_Airflow_DBT/airflow/airflow_env/lib/python3.11/site-packages/airflow/example_dags/example_dynamic_task_mapping.py for tasks to queue
[2026-04-01T11:43:00.249+0530] {logging_mixin.py:188} INFO - [2026-04-01T11:43:00.249+0530] {dagbag.py:540} INFO - Filling up the DagBag from /Users/aswin/Documents/data-engineering-practice/ETL_Airflow_DBT/airflow/airflow_env/lib/python3.11/site-packages/airflow/example_dags/example_dynamic_task_mapping.py
[2026-04-01T11:43:00.264+0530] {processor.py:840} INFO - DAG(s) 'example_dynamic_task_mapping' retrieved from /Users/aswin/Documents/data-engineering-practice/ETL_Airflow_DBT/airflow/airflow_env/lib/python3.11/site-packages/airflow/example_dags/example_dynamic_task_mapping.py
[2026-04-01T11:43:00.316+0530] {logging_mixin.py:188} INFO - [2026-04-01T11:43:00.316+0530] {dag.py:3096} INFO - Sync 1 DAGs
[2026-04-01T11:43:00.328+0530] {logging_mixin.py:188} INFO - [2026-04-01T11:43:00.328+0530] {dag.py:3954} INFO - Setting next_dagrun for example_dynamic_task_mapping to 2022-03-04 00:00:00+00:00, run_after=2022-03-05 00:00:00+00:00
[2026-04-01T11:43:00.335+0530] {processor.py:183} INFO - Processing /Users/aswin/Documents/data-engineering-practice/ETL_Airflow_DBT/airflow/airflow_env/lib/python3.11/site-packages/airflow/example_dags/example_dynamic_task_mapping.py took 0.088 seconds
[2026-04-01T11:45:08.750+0530] {processor.py:161} INFO - Started process (PID=89785) to work on /Users/aswin/Documents/data-engineering-practice/ETL_Airflow_DBT/airflow/airflow_env/lib/python3.11/site-packages/airflow/example_dags/example_dynamic_task_mapping.py
[2026-04-01T11:45:08.751+0530] {processor.py:830} INFO - Processing file /Users/aswin/Documents/data-engineering-practice/ETL_Airflow_DBT/airflow/airflow_env/lib/python3.11/site-packages/airflow/example_dags/example_dynamic_task_mapping.py for tasks to queue
[2026-04-01T11:45:08.751+0530] {logging_mixin.py:188} INFO - [2026-04-01T11:45:08.751+0530] {dagbag.py:540} INFO - Filling up the DagBag from /Users/aswin/Documents/data-engineering-practice/ETL_Airflow_DBT/airflow/airflow_env/lib/python3.11/site-packages/airflow/example_dags/example_dynamic_task_mapping.py
[2026-04-01T11:45:08.765+0530] {processor.py:840} INFO - DAG(s) 'example_dynamic_task_mapping' retrieved from /Users/aswin/Documents/data-engineering-practice/ETL_Airflow_DBT/airflow/airflow_env/lib/python3.11/site-packages/airflow/example_dags/example_dynamic_task_mapping.py
[2026-04-01T11:45:08.816+0530] {logging_mixin.py:188} INFO - [2026-04-01T11:45:08.816+0530] {dag.py:3096} INFO - Sync 1 DAGs
[2026-04-01T11:45:08.828+0530] {logging_mixin.py:188} INFO - [2026-04-01T11:45:08.828+0530] {dag.py:3954} INFO - Setting next_dagrun for example_dynamic_task_mapping to 2022-03-04 00:00:00+00:00, run_after=2022-03-05 00:00:00+00:00
[2026-04-01T11:45:08.835+0530] {processor.py:183} INFO - Processing /Users/aswin/Documents/data-engineering-practice/ETL_Airflow_DBT/airflow/airflow_env/lib/python3.11/site-packages/airflow/example_dags/example_dynamic_task_mapping.py took 0.086 seconds
[2026-04-01T12:02:37.730+0530] {processor.py:161} INFO - Started process (PID=89983) to work on /Users/aswin/Documents/data-engineering-practice/ETL_Airflow_DBT/airflow/airflow_env/lib/python3.11/site-packages/airflow/example_dags/example_dynamic_task_mapping.py
[2026-04-01T12:02:37.730+0530] {processor.py:830} INFO - Processing file /Users/aswin/Documents/data-engineering-practice/ETL_Airflow_DBT/airflow/airflow_env/lib/python3.11/site-packages/airflow/example_dags/example_dynamic_task_mapping.py for tasks to queue
[2026-04-01T12:02:37.731+0530] {logging_mixin.py:188} INFO - [2026-04-01T12:02:37.731+0530] {dagbag.py:540} INFO - Filling up the DagBag from /Users/aswin/Documents/data-engineering-practice/ETL_Airflow_DBT/airflow/airflow_env/lib/python3.11/site-packages/airflow/example_dags/example_dynamic_task_mapping.py
[2026-04-01T12:02:37.745+0530] {processor.py:840} INFO - DAG(s) 'example_dynamic_task_mapping' retrieved from /Users/aswin/Documents/data-engineering-practice/ETL_Airflow_DBT/airflow/airflow_env/lib/python3.11/site-packages/airflow/example_dags/example_dynamic_task_mapping.py
[2026-04-01T12:02:37.798+0530] {logging_mixin.py:188} INFO - [2026-04-01T12:02:37.798+0530] {dag.py:3096} INFO - Sync 1 DAGs
[2026-04-01T12:02:37.810+0530] {logging_mixin.py:188} INFO - [2026-04-01T12:02:37.810+0530] {dag.py:3954} INFO - Setting next_dagrun for example_dynamic_task_mapping to 2022-03-04 00:00:00+00:00, run_after=2022-03-05 00:00:00+00:00
[2026-04-01T12:02:37.816+0530] {processor.py:183} INFO - Processing /Users/aswin/Documents/data-engineering-practice/ETL_Airflow_DBT/airflow/airflow_env/lib/python3.11/site-packages/airflow/example_dags/example_dynamic_task_mapping.py took 0.088 seconds
[2026-04-01T12:04:46.590+0530] {processor.py:161} INFO - Started process (PID=90145) to work on /Users/aswin/Documents/data-engineering-practice/ETL_Airflow_DBT/airflow/airflow_env/lib/python3.11/site-packages/airflow/example_dags/example_dynamic_task_mapping.py
[2026-04-01T12:04:46.590+0530] {processor.py:830} INFO - Processing file /Users/aswin/Documents/data-engineering-practice/ETL_Airflow_DBT/airflow/airflow_env/lib/python3.11/site-packages/airflow/example_dags/example_dynamic_task_mapping.py for tasks to queue
[2026-04-01T12:04:46.591+0530] {logging_mixin.py:188} INFO - [2026-04-01T12:04:46.591+0530] {dagbag.py:540} INFO - Filling up the DagBag from /Users/aswin/Documents/data-engineering-practice/ETL_Airflow_DBT/airflow/airflow_env/lib/python3.11/site-packages/airflow/example_dags/example_dynamic_task_mapping.py
[2026-04-01T12:04:46.605+0530] {processor.py:840} INFO - DAG(s) 'example_dynamic_task_mapping' retrieved from /Users/aswin/Documents/data-engineering-practice/ETL_Airflow_DBT/airflow/airflow_env/lib/python3.11/site-packages/airflow/example_dags/example_dynamic_task_mapping.py
[2026-04-01T12:04:46.662+0530] {logging_mixin.py:188} INFO - [2026-04-01T12:04:46.662+0530] {dag.py:3096} INFO - Sync 1 DAGs
[2026-04-01T12:04:46.672+0530] {logging_mixin.py:188} INFO - [2026-04-01T12:04:46.672+0530] {dag.py:3954} INFO - Setting next_dagrun for example_dynamic_task_mapping to 2022-03-04 00:00:00+00:00, run_after=2022-03-05 00:00:00+00:00
[2026-04-01T12:04:46.680+0530] {processor.py:183} INFO - Processing /Users/aswin/Documents/data-engineering-practice/ETL_Airflow_DBT/airflow/airflow_env/lib/python3.11/site-packages/airflow/example_dags/example_dynamic_task_mapping.py took 0.092 seconds
[2026-04-01T12:23:08.329+0530] {processor.py:161} INFO - Started process (PID=90246) to work on /Users/aswin/Documents/data-engineering-practice/ETL_Airflow_DBT/airflow/airflow_env/lib/python3.11/site-packages/airflow/example_dags/example_dynamic_task_mapping.py
[2026-04-01T12:23:08.330+0530] {processor.py:830} INFO - Processing file /Users/aswin/Documents/data-engineering-practice/ETL_Airflow_DBT/airflow/airflow_env/lib/python3.11/site-packages/airflow/example_dags/example_dynamic_task_mapping.py for tasks to queue
[2026-04-01T12:23:08.330+0530] {logging_mixin.py:188} INFO - [2026-04-01T12:23:08.330+0530] {dagbag.py:540} INFO - Filling up the DagBag from /Users/aswin/Documents/data-engineering-practice/ETL_Airflow_DBT/airflow/airflow_env/lib/python3.11/site-packages/airflow/example_dags/example_dynamic_task_mapping.py
[2026-04-01T12:23:08.345+0530] {processor.py:840} INFO - DAG(s) 'example_dynamic_task_mapping' retrieved from /Users/aswin/Documents/data-engineering-practice/ETL_Airflow_DBT/airflow/airflow_env/lib/python3.11/site-packages/airflow/example_dags/example_dynamic_task_mapping.py
[2026-04-01T12:23:08.414+0530] {logging_mixin.py:188} INFO - [2026-04-01T12:23:08.413+0530] {dag.py:3096} INFO - Sync 1 DAGs
[2026-04-01T12:23:08.426+0530] {logging_mixin.py:188} INFO - [2026-04-01T12:23:08.426+0530] {dag.py:3954} INFO - Setting next_dagrun for example_dynamic_task_mapping to 2022-03-04 00:00:00+00:00, run_after=2022-03-05 00:00:00+00:00
[2026-04-01T12:23:08.436+0530] {processor.py:183} INFO - Processing /Users/aswin/Documents/data-engineering-practice/ETL_Airflow_DBT/airflow/airflow_env/lib/python3.11/site-packages/airflow/example_dags/example_dynamic_task_mapping.py took 0.108 seconds
[2026-04-01T12:24:52.196+0530] {processor.py:161} INFO - Started process (PID=90410) to work on /Users/aswin/Documents/data-engineering-practice/ETL_Airflow_DBT/airflow/airflow_env/lib/python3.11/site-packages/airflow/example_dags/example_dynamic_task_mapping.py
[2026-04-01T12:24:52.196+0530] {processor.py:830} INFO - Processing file /Users/aswin/Documents/data-engineering-practice/ETL_Airflow_DBT/airflow/airflow_env/lib/python3.11/site-packages/airflow/example_dags/example_dynamic_task_mapping.py for tasks to queue
[2026-04-01T12:24:52.196+0530] {logging_mixin.py:188} INFO - [2026-04-01T12:24:52.196+0530] {dagbag.py:540} INFO - Filling up the DagBag from /Users/aswin/Documents/data-engineering-practice/ETL_Airflow_DBT/airflow/airflow_env/lib/python3.11/site-packages/airflow/example_dags/example_dynamic_task_mapping.py
[2026-04-01T12:24:52.212+0530] {processor.py:840} INFO - DAG(s) 'example_dynamic_task_mapping' retrieved from /Users/aswin/Documents/data-engineering-practice/ETL_Airflow_DBT/airflow/airflow_env/lib/python3.11/site-packages/airflow/example_dags/example_dynamic_task_mapping.py
[2026-04-01T12:24:52.266+0530] {logging_mixin.py:188} INFO - [2026-04-01T12:24:52.265+0530] {dag.py:3096} INFO - Sync 1 DAGs
[2026-04-01T12:24:52.276+0530] {logging_mixin.py:188} INFO - [2026-04-01T12:24:52.276+0530] {dag.py:3954} INFO - Setting next_dagrun for example_dynamic_task_mapping to 2022-03-04 00:00:00+00:00, run_after=2022-03-05 00:00:00+00:00
[2026-04-01T12:24:52.283+0530] {processor.py:183} INFO - Processing /Users/aswin/Documents/data-engineering-practice/ETL_Airflow_DBT/airflow/airflow_env/lib/python3.11/site-packages/airflow/example_dags/example_dynamic_task_mapping.py took 0.089 seconds
[2026-04-01T12:44:32.804+0530] {processor.py:161} INFO - Started process (PID=90571) to work on /Users/aswin/Documents/data-engineering-practice/ETL_Airflow_DBT/airflow/airflow_env/lib/python3.11/site-packages/airflow/example_dags/example_dynamic_task_mapping.py
[2026-04-01T12:44:32.806+0530] {processor.py:830} INFO - Processing file /Users/aswin/Documents/data-engineering-practice/ETL_Airflow_DBT/airflow/airflow_env/lib/python3.11/site-packages/airflow/example_dags/example_dynamic_task_mapping.py for tasks to queue
[2026-04-01T12:44:32.806+0530] {logging_mixin.py:188} INFO - [2026-04-01T12:44:32.806+0530] {dagbag.py:540} INFO - Filling up the DagBag from /Users/aswin/Documents/data-engineering-practice/ETL_Airflow_DBT/airflow/airflow_env/lib/python3.11/site-packages/airflow/example_dags/example_dynamic_task_mapping.py
[2026-04-01T12:44:32.821+0530] {processor.py:840} INFO - DAG(s) 'example_dynamic_task_mapping' retrieved from /Users/aswin/Documents/data-engineering-practice/ETL_Airflow_DBT/airflow/airflow_env/lib/python3.11/site-packages/airflow/example_dags/example_dynamic_task_mapping.py
[2026-04-01T12:44:32.879+0530] {logging_mixin.py:188} INFO - [2026-04-01T12:44:32.878+0530] {dag.py:3096} INFO - Sync 1 DAGs
[2026-04-01T12:44:32.888+0530] {logging_mixin.py:188} INFO - [2026-04-01T12:44:32.888+0530] {dag.py:3954} INFO - Setting next_dagrun for example_dynamic_task_mapping to 2022-03-04 00:00:00+00:00, run_after=2022-03-05 00:00:00+00:00
[2026-04-01T12:44:32.895+0530] {processor.py:183} INFO - Processing /Users/aswin/Documents/data-engineering-practice/ETL_Airflow_DBT/airflow/airflow_env/lib/python3.11/site-packages/airflow/example_dags/example_dynamic_task_mapping.py took 0.092 seconds
[2026-04-01T13:02:57.730+0530] {processor.py:161} INFO - Started process (PID=90732) to work on /Users/aswin/Documents/data-engineering-practice/ETL_Airflow_DBT/airflow/airflow_env/lib/python3.11/site-packages/airflow/example_dags/example_dynamic_task_mapping.py
[2026-04-01T13:02:57.730+0530] {processor.py:830} INFO - Processing file /Users/aswin/Documents/data-engineering-practice/ETL_Airflow_DBT/airflow/airflow_env/lib/python3.11/site-packages/airflow/example_dags/example_dynamic_task_mapping.py for tasks to queue
[2026-04-01T13:02:57.731+0530] {logging_mixin.py:188} INFO - [2026-04-01T13:02:57.731+0530] {dagbag.py:540} INFO - Filling up the DagBag from /Users/aswin/Documents/data-engineering-practice/ETL_Airflow_DBT/airflow/airflow_env/lib/python3.11/site-packages/airflow/example_dags/example_dynamic_task_mapping.py
[2026-04-01T13:02:57.747+0530] {processor.py:840} INFO - DAG(s) 'example_dynamic_task_mapping' retrieved from /Users/aswin/Documents/data-engineering-practice/ETL_Airflow_DBT/airflow/airflow_env/lib/python3.11/site-packages/airflow/example_dags/example_dynamic_task_mapping.py
[2026-04-01T13:02:57.800+0530] {logging_mixin.py:188} INFO - [2026-04-01T13:02:57.800+0530] {dag.py:3096} INFO - Sync 1 DAGs
[2026-04-01T13:02:57.811+0530] {logging_mixin.py:188} INFO - [2026-04-01T13:02:57.810+0530] {dag.py:3954} INFO - Setting next_dagrun for example_dynamic_task_mapping to 2022-03-04 00:00:00+00:00, run_after=2022-03-05 00:00:00+00:00
[2026-04-01T13:02:57.823+0530] {processor.py:183} INFO - Processing /Users/aswin/Documents/data-engineering-practice/ETL_Airflow_DBT/airflow/airflow_env/lib/python3.11/site-packages/airflow/example_dags/example_dynamic_task_mapping.py took 0.094 seconds
[2026-04-01T13:04:44.647+0530] {processor.py:161} INFO - Started process (PID=90928) to work on /Users/aswin/Documents/data-engineering-practice/ETL_Airflow_DBT/airflow/airflow_env/lib/python3.11/site-packages/airflow/example_dags/example_dynamic_task_mapping.py
[2026-04-01T13:04:44.648+0530] {processor.py:830} INFO - Processing file /Users/aswin/Documents/data-engineering-practice/ETL_Airflow_DBT/airflow/airflow_env/lib/python3.11/site-packages/airflow/example_dags/example_dynamic_task_mapping.py for tasks to queue
[2026-04-01T13:04:44.649+0530] {logging_mixin.py:188} INFO - [2026-04-01T13:04:44.649+0530] {dagbag.py:540} INFO - Filling up the DagBag from /Users/aswin/Documents/data-engineering-practice/ETL_Airflow_DBT/airflow/airflow_env/lib/python3.11/site-packages/airflow/example_dags/example_dynamic_task_mapping.py
[2026-04-01T13:04:44.665+0530] {processor.py:840} INFO - DAG(s) 'example_dynamic_task_mapping' retrieved from /Users/aswin/Documents/data-engineering-practice/ETL_Airflow_DBT/airflow/airflow_env/lib/python3.11/site-packages/airflow/example_dags/example_dynamic_task_mapping.py
[2026-04-01T13:04:44.718+0530] {logging_mixin.py:188} INFO - [2026-04-01T13:04:44.717+0530] {dag.py:3096} INFO - Sync 1 DAGs
[2026-04-01T13:04:44.731+0530] {logging_mixin.py:188} INFO - [2026-04-01T13:04:44.731+0530] {dag.py:3954} INFO - Setting next_dagrun for example_dynamic_task_mapping to 2022-03-04 00:00:00+00:00, run_after=2022-03-05 00:00:00+00:00
[2026-04-01T13:04:44.739+0530] {processor.py:183} INFO - Processing /Users/aswin/Documents/data-engineering-practice/ETL_Airflow_DBT/airflow/airflow_env/lib/python3.11/site-packages/airflow/example_dags/example_dynamic_task_mapping.py took 0.093 seconds
[2026-04-01T13:20:55.532+0530] {processor.py:161} INFO - Started process (PID=91043) to work on /Users/aswin/Documents/data-engineering-practice/ETL_Airflow_DBT/airflow/airflow_env/lib/python3.11/site-packages/airflow/example_dags/example_dynamic_task_mapping.py
[2026-04-01T13:20:55.532+0530] {processor.py:830} INFO - Processing file /Users/aswin/Documents/data-engineering-practice/ETL_Airflow_DBT/airflow/airflow_env/lib/python3.11/site-packages/airflow/example_dags/example_dynamic_task_mapping.py for tasks to queue
[2026-04-01T13:20:55.533+0530] {logging_mixin.py:188} INFO - [2026-04-01T13:20:55.533+0530] {dagbag.py:540} INFO - Filling up the DagBag from /Users/aswin/Documents/data-engineering-practice/ETL_Airflow_DBT/airflow/airflow_env/lib/python3.11/site-packages/airflow/example_dags/example_dynamic_task_mapping.py
[2026-04-01T13:20:55.549+0530] {processor.py:840} INFO - DAG(s) 'example_dynamic_task_mapping' retrieved from /Users/aswin/Documents/data-engineering-practice/ETL_Airflow_DBT/airflow/airflow_env/lib/python3.11/site-packages/airflow/example_dags/example_dynamic_task_mapping.py
[2026-04-01T13:20:55.608+0530] {logging_mixin.py:188} INFO - [2026-04-01T13:20:55.607+0530] {dag.py:3096} INFO - Sync 1 DAGs
[2026-04-01T13:20:55.616+0530] {logging_mixin.py:188} INFO - [2026-04-01T13:20:55.616+0530] {dag.py:3954} INFO - Setting next_dagrun for example_dynamic_task_mapping to 2022-03-04 00:00:00+00:00, run_after=2022-03-05 00:00:00+00:00
[2026-04-01T13:20:55.626+0530] {processor.py:183} INFO - Processing /Users/aswin/Documents/data-engineering-practice/ETL_Airflow_DBT/airflow/airflow_env/lib/python3.11/site-packages/airflow/example_dags/example_dynamic_task_mapping.py took 0.095 seconds
[2026-04-01T13:23:05.023+0530] {processor.py:161} INFO - Started process (PID=91209) to work on /Users/aswin/Documents/data-engineering-practice/ETL_Airflow_DBT/airflow/airflow_env/lib/python3.11/site-packages/airflow/example_dags/example_dynamic_task_mapping.py
[2026-04-01T13:23:05.024+0530] {processor.py:830} INFO - Processing file /Users/aswin/Documents/data-engineering-practice/ETL_Airflow_DBT/airflow/airflow_env/lib/python3.11/site-packages/airflow/example_dags/example_dynamic_task_mapping.py for tasks to queue
[2026-04-01T13:23:05.024+0530] {logging_mixin.py:188} INFO - [2026-04-01T13:23:05.024+0530] {dagbag.py:540} INFO - Filling up the DagBag from /Users/aswin/Documents/data-engineering-practice/ETL_Airflow_DBT/airflow/airflow_env/lib/python3.11/site-packages/airflow/example_dags/example_dynamic_task_mapping.py
[2026-04-01T13:23:05.041+0530] {processor.py:840} INFO - DAG(s) 'example_dynamic_task_mapping' retrieved from /Users/aswin/Documents/data-engineering-practice/ETL_Airflow_DBT/airflow/airflow_env/lib/python3.11/site-packages/airflow/example_dags/example_dynamic_task_mapping.py
[2026-04-01T13:23:05.092+0530] {logging_mixin.py:188} INFO - [2026-04-01T13:23:05.091+0530] {dag.py:3096} INFO - Sync 1 DAGs
[2026-04-01T13:23:05.104+0530] {logging_mixin.py:188} INFO - [2026-04-01T13:23:05.104+0530] {dag.py:3954} INFO - Setting next_dagrun for example_dynamic_task_mapping to 2022-03-04 00:00:00+00:00, run_after=2022-03-05 00:00:00+00:00
[2026-04-01T13:23:05.111+0530] {processor.py:183} INFO - Processing /Users/aswin/Documents/data-engineering-practice/ETL_Airflow_DBT/airflow/airflow_env/lib/python3.11/site-packages/airflow/example_dags/example_dynamic_task_mapping.py took 0.089 seconds
[2026-04-01T13:41:32.342+0530] {processor.py:161} INFO - Started process (PID=91318) to work on /Users/aswin/Documents/data-engineering-practice/ETL_Airflow_DBT/airflow/airflow_env/lib/python3.11/site-packages/airflow/example_dags/example_dynamic_task_mapping.py
[2026-04-01T13:41:32.343+0530] {processor.py:830} INFO - Processing file /Users/aswin/Documents/data-engineering-practice/ETL_Airflow_DBT/airflow/airflow_env/lib/python3.11/site-packages/airflow/example_dags/example_dynamic_task_mapping.py for tasks to queue
[2026-04-01T13:41:32.344+0530] {logging_mixin.py:188} INFO - [2026-04-01T13:41:32.344+0530] {dagbag.py:540} INFO - Filling up the DagBag from /Users/aswin/Documents/data-engineering-practice/ETL_Airflow_DBT/airflow/airflow_env/lib/python3.11/site-packages/airflow/example_dags/example_dynamic_task_mapping.py
[2026-04-01T13:41:32.364+0530] {processor.py:840} INFO - DAG(s) 'example_dynamic_task_mapping' retrieved from /Users/aswin/Documents/data-engineering-practice/ETL_Airflow_DBT/airflow/airflow_env/lib/python3.11/site-packages/airflow/example_dags/example_dynamic_task_mapping.py
[2026-04-01T13:41:32.428+0530] {logging_mixin.py:188} INFO - [2026-04-01T13:41:32.427+0530] {dag.py:3096} INFO - Sync 1 DAGs
[2026-04-01T13:41:32.441+0530] {logging_mixin.py:188} INFO - [2026-04-01T13:41:32.441+0530] {dag.py:3954} INFO - Setting next_dagrun for example_dynamic_task_mapping to 2022-03-04 00:00:00+00:00, run_after=2022-03-05 00:00:00+00:00
[2026-04-01T13:41:32.448+0530] {processor.py:183} INFO - Processing /Users/aswin/Documents/data-engineering-practice/ETL_Airflow_DBT/airflow/airflow_env/lib/python3.11/site-packages/airflow/example_dags/example_dynamic_task_mapping.py took 0.108 seconds
[2026-04-01T14:00:15.005+0530] {processor.py:161} INFO - Started process (PID=91472) to work on /Users/aswin/Documents/data-engineering-practice/ETL_Airflow_DBT/airflow/airflow_env/lib/python3.11/site-packages/airflow/example_dags/example_dynamic_task_mapping.py
[2026-04-01T14:00:15.007+0530] {processor.py:830} INFO - Processing file /Users/aswin/Documents/data-engineering-practice/ETL_Airflow_DBT/airflow/airflow_env/lib/python3.11/site-packages/airflow/example_dags/example_dynamic_task_mapping.py for tasks to queue
[2026-04-01T14:00:15.007+0530] {logging_mixin.py:188} INFO - [2026-04-01T14:00:15.007+0530] {dagbag.py:540} INFO - Filling up the DagBag from /Users/aswin/Documents/data-engineering-practice/ETL_Airflow_DBT/airflow/airflow_env/lib/python3.11/site-packages/airflow/example_dags/example_dynamic_task_mapping.py
[2026-04-01T14:00:15.022+0530] {processor.py:840} INFO - DAG(s) 'example_dynamic_task_mapping' retrieved from /Users/aswin/Documents/data-engineering-practice/ETL_Airflow_DBT/airflow/airflow_env/lib/python3.11/site-packages/airflow/example_dags/example_dynamic_task_mapping.py
[2026-04-01T14:00:15.075+0530] {logging_mixin.py:188} INFO - [2026-04-01T14:00:15.074+0530] {dag.py:3096} INFO - Sync 1 DAGs
[2026-04-01T14:00:15.085+0530] {logging_mixin.py:188} INFO - [2026-04-01T14:00:15.085+0530] {dag.py:3954} INFO - Setting next_dagrun for example_dynamic_task_mapping to 2022-03-04 00:00:00+00:00, run_after=2022-03-05 00:00:00+00:00
[2026-04-01T14:00:15.094+0530] {processor.py:183} INFO - Processing /Users/aswin/Documents/data-engineering-practice/ETL_Airflow_DBT/airflow/airflow_env/lib/python3.11/site-packages/airflow/example_dags/example_dynamic_task_mapping.py took 0.089 seconds
[2026-04-01T14:02:24.489+0530] {processor.py:161} INFO - Started process (PID=91641) to work on /Users/aswin/Documents/data-engineering-practice/ETL_Airflow_DBT/airflow/airflow_env/lib/python3.11/site-packages/airflow/example_dags/example_dynamic_task_mapping.py
[2026-04-01T14:02:24.489+0530] {processor.py:830} INFO - Processing file /Users/aswin/Documents/data-engineering-practice/ETL_Airflow_DBT/airflow/airflow_env/lib/python3.11/site-packages/airflow/example_dags/example_dynamic_task_mapping.py for tasks to queue
[2026-04-01T14:02:24.490+0530] {logging_mixin.py:188} INFO - [2026-04-01T14:02:24.490+0530] {dagbag.py:540} INFO - Filling up the DagBag from /Users/aswin/Documents/data-engineering-practice/ETL_Airflow_DBT/airflow/airflow_env/lib/python3.11/site-packages/airflow/example_dags/example_dynamic_task_mapping.py
[2026-04-01T14:02:24.505+0530] {processor.py:840} INFO - DAG(s) 'example_dynamic_task_mapping' retrieved from /Users/aswin/Documents/data-engineering-practice/ETL_Airflow_DBT/airflow/airflow_env/lib/python3.11/site-packages/airflow/example_dags/example_dynamic_task_mapping.py
[2026-04-01T14:02:24.560+0530] {logging_mixin.py:188} INFO - [2026-04-01T14:02:24.560+0530] {dag.py:3096} INFO - Sync 1 DAGs
[2026-04-01T14:02:24.573+0530] {logging_mixin.py:188} INFO - [2026-04-01T14:02:24.573+0530] {dag.py:3954} INFO - Setting next_dagrun for example_dynamic_task_mapping to 2022-03-04 00:00:00+00:00, run_after=2022-03-05 00:00:00+00:00
[2026-04-01T14:02:24.584+0530] {processor.py:183} INFO - Processing /Users/aswin/Documents/data-engineering-practice/ETL_Airflow_DBT/airflow/airflow_env/lib/python3.11/site-packages/airflow/example_dags/example_dynamic_task_mapping.py took 0.096 seconds
[2026-04-01T14:20:05.896+0530] {processor.py:161} INFO - Started process (PID=91821) to work on /Users/aswin/Documents/data-engineering-practice/ETL_Airflow_DBT/airflow/airflow_env/lib/python3.11/site-packages/airflow/example_dags/example_dynamic_task_mapping.py
[2026-04-01T14:20:05.897+0530] {processor.py:830} INFO - Processing file /Users/aswin/Documents/data-engineering-practice/ETL_Airflow_DBT/airflow/airflow_env/lib/python3.11/site-packages/airflow/example_dags/example_dynamic_task_mapping.py for tasks to queue
[2026-04-01T14:20:05.898+0530] {logging_mixin.py:188} INFO - [2026-04-01T14:20:05.898+0530] {dagbag.py:540} INFO - Filling up the DagBag from /Users/aswin/Documents/data-engineering-practice/ETL_Airflow_DBT/airflow/airflow_env/lib/python3.11/site-packages/airflow/example_dags/example_dynamic_task_mapping.py
[2026-04-01T14:20:05.913+0530] {processor.py:840} INFO - DAG(s) 'example_dynamic_task_mapping' retrieved from /Users/aswin/Documents/data-engineering-practice/ETL_Airflow_DBT/airflow/airflow_env/lib/python3.11/site-packages/airflow/example_dags/example_dynamic_task_mapping.py
[2026-04-01T14:20:05.966+0530] {logging_mixin.py:188} INFO - [2026-04-01T14:20:05.966+0530] {dag.py:3096} INFO - Sync 1 DAGs
[2026-04-01T14:20:05.979+0530] {logging_mixin.py:188} INFO - [2026-04-01T14:20:05.979+0530] {dag.py:3954} INFO - Setting next_dagrun for example_dynamic_task_mapping to 2022-03-04 00:00:00+00:00, run_after=2022-03-05 00:00:00+00:00
[2026-04-01T14:20:05.986+0530] {processor.py:183} INFO - Processing /Users/aswin/Documents/data-engineering-practice/ETL_Airflow_DBT/airflow/airflow_env/lib/python3.11/site-packages/airflow/example_dags/example_dynamic_task_mapping.py took 0.090 seconds
[2026-04-01T14:39:46.700+0530] {processor.py:161} INFO - Started process (PID=92134) to work on /Users/aswin/Documents/data-engineering-practice/ETL_Airflow_DBT/airflow/airflow_env/lib/python3.11/site-packages/airflow/example_dags/example_dynamic_task_mapping.py
[2026-04-01T14:39:46.701+0530] {processor.py:830} INFO - Processing file /Users/aswin/Documents/data-engineering-practice/ETL_Airflow_DBT/airflow/airflow_env/lib/python3.11/site-packages/airflow/example_dags/example_dynamic_task_mapping.py for tasks to queue
[2026-04-01T14:39:46.701+0530] {logging_mixin.py:188} INFO - [2026-04-01T14:39:46.701+0530] {dagbag.py:540} INFO - Filling up the DagBag from /Users/aswin/Documents/data-engineering-practice/ETL_Airflow_DBT/airflow/airflow_env/lib/python3.11/site-packages/airflow/example_dags/example_dynamic_task_mapping.py
[2026-04-01T14:39:46.717+0530] {processor.py:840} INFO - DAG(s) 'example_dynamic_task_mapping' retrieved from /Users/aswin/Documents/data-engineering-practice/ETL_Airflow_DBT/airflow/airflow_env/lib/python3.11/site-packages/airflow/example_dags/example_dynamic_task_mapping.py
[2026-04-01T14:39:46.808+0530] {logging_mixin.py:188} INFO - [2026-04-01T14:39:46.808+0530] {dag.py:3096} INFO - Sync 1 DAGs
[2026-04-01T14:39:46.850+0530] {logging_mixin.py:188} INFO - [2026-04-01T14:39:46.850+0530] {dag.py:3954} INFO - Setting next_dagrun for example_dynamic_task_mapping to 2022-03-04 00:00:00+00:00, run_after=2022-03-05 00:00:00+00:00
[2026-04-01T14:39:46.859+0530] {processor.py:183} INFO - Processing /Users/aswin/Documents/data-engineering-practice/ETL_Airflow_DBT/airflow/airflow_env/lib/python3.11/site-packages/airflow/example_dags/example_dynamic_task_mapping.py took 0.160 seconds
[2026-04-01T14:57:25.141+0530] {processor.py:161} INFO - Started process (PID=92306) to work on /Users/aswin/Documents/data-engineering-practice/ETL_Airflow_DBT/airflow/airflow_env/lib/python3.11/site-packages/airflow/example_dags/example_dynamic_task_mapping.py
[2026-04-01T14:57:25.142+0530] {processor.py:830} INFO - Processing file /Users/aswin/Documents/data-engineering-practice/ETL_Airflow_DBT/airflow/airflow_env/lib/python3.11/site-packages/airflow/example_dags/example_dynamic_task_mapping.py for tasks to queue
[2026-04-01T14:57:25.142+0530] {logging_mixin.py:188} INFO - [2026-04-01T14:57:25.142+0530] {dagbag.py:540} INFO - Filling up the DagBag from /Users/aswin/Documents/data-engineering-practice/ETL_Airflow_DBT/airflow/airflow_env/lib/python3.11/site-packages/airflow/example_dags/example_dynamic_task_mapping.py
[2026-04-01T14:57:25.157+0530] {processor.py:840} INFO - DAG(s) 'example_dynamic_task_mapping' retrieved from /Users/aswin/Documents/data-engineering-practice/ETL_Airflow_DBT/airflow/airflow_env/lib/python3.11/site-packages/airflow/example_dags/example_dynamic_task_mapping.py
[2026-04-01T14:57:25.211+0530] {logging_mixin.py:188} INFO - [2026-04-01T14:57:25.211+0530] {dag.py:3096} INFO - Sync 1 DAGs
[2026-04-01T14:57:25.223+0530] {logging_mixin.py:188} INFO - [2026-04-01T14:57:25.223+0530] {dag.py:3954} INFO - Setting next_dagrun for example_dynamic_task_mapping to 2022-03-04 00:00:00+00:00, run_after=2022-03-05 00:00:00+00:00
[2026-04-01T14:57:25.230+0530] {processor.py:183} INFO - Processing /Users/aswin/Documents/data-engineering-practice/ETL_Airflow_DBT/airflow/airflow_env/lib/python3.11/site-packages/airflow/example_dags/example_dynamic_task_mapping.py took 0.090 seconds
[2026-04-01T14:59:31.819+0530] {processor.py:161} INFO - Started process (PID=92468) to work on /Users/aswin/Documents/data-engineering-practice/ETL_Airflow_DBT/airflow/airflow_env/lib/python3.11/site-packages/airflow/example_dags/example_dynamic_task_mapping.py
[2026-04-01T14:59:31.820+0530] {processor.py:830} INFO - Processing file /Users/aswin/Documents/data-engineering-practice/ETL_Airflow_DBT/airflow/airflow_env/lib/python3.11/site-packages/airflow/example_dags/example_dynamic_task_mapping.py for tasks to queue
[2026-04-01T14:59:31.820+0530] {logging_mixin.py:188} INFO - [2026-04-01T14:59:31.820+0530] {dagbag.py:540} INFO - Filling up the DagBag from /Users/aswin/Documents/data-engineering-practice/ETL_Airflow_DBT/airflow/airflow_env/lib/python3.11/site-packages/airflow/example_dags/example_dynamic_task_mapping.py
[2026-04-01T14:59:31.837+0530] {processor.py:840} INFO - DAG(s) 'example_dynamic_task_mapping' retrieved from /Users/aswin/Documents/data-engineering-practice/ETL_Airflow_DBT/airflow/airflow_env/lib/python3.11/site-packages/airflow/example_dags/example_dynamic_task_mapping.py
[2026-04-01T14:59:31.888+0530] {logging_mixin.py:188} INFO - [2026-04-01T14:59:31.888+0530] {dag.py:3096} INFO - Sync 1 DAGs
[2026-04-01T14:59:31.897+0530] {logging_mixin.py:188} INFO - [2026-04-01T14:59:31.897+0530] {dag.py:3954} INFO - Setting next_dagrun for example_dynamic_task_mapping to 2022-03-04 00:00:00+00:00, run_after=2022-03-05 00:00:00+00:00
[2026-04-01T14:59:31.905+0530] {processor.py:183} INFO - Processing /Users/aswin/Documents/data-engineering-practice/ETL_Airflow_DBT/airflow/airflow_env/lib/python3.11/site-packages/airflow/example_dags/example_dynamic_task_mapping.py took 0.087 seconds
[2026-04-01T15:00:26.730+0530] {processor.py:161} INFO - Started process (PID=92590) to work on /Users/aswin/Documents/data-engineering-practice/ETL_Airflow_DBT/airflow/airflow_env/lib/python3.11/site-packages/airflow/example_dags/example_dynamic_task_mapping.py
[2026-04-01T15:00:26.731+0530] {processor.py:830} INFO - Processing file /Users/aswin/Documents/data-engineering-practice/ETL_Airflow_DBT/airflow/airflow_env/lib/python3.11/site-packages/airflow/example_dags/example_dynamic_task_mapping.py for tasks to queue
[2026-04-01T15:00:26.731+0530] {logging_mixin.py:188} INFO - [2026-04-01T15:00:26.731+0530] {dagbag.py:540} INFO - Filling up the DagBag from /Users/aswin/Documents/data-engineering-practice/ETL_Airflow_DBT/airflow/airflow_env/lib/python3.11/site-packages/airflow/example_dags/example_dynamic_task_mapping.py
[2026-04-01T15:00:26.746+0530] {processor.py:840} INFO - DAG(s) 'example_dynamic_task_mapping' retrieved from /Users/aswin/Documents/data-engineering-practice/ETL_Airflow_DBT/airflow/airflow_env/lib/python3.11/site-packages/airflow/example_dags/example_dynamic_task_mapping.py
[2026-04-01T15:00:26.809+0530] {logging_mixin.py:188} INFO - [2026-04-01T15:00:26.809+0530] {dag.py:3096} INFO - Sync 1 DAGs
[2026-04-01T15:00:26.819+0530] {logging_mixin.py:188} INFO - [2026-04-01T15:00:26.819+0530] {dag.py:3954} INFO - Setting next_dagrun for example_dynamic_task_mapping to 2022-03-04 00:00:00+00:00, run_after=2022-03-05 00:00:00+00:00
[2026-04-01T15:00:26.828+0530] {processor.py:183} INFO - Processing /Users/aswin/Documents/data-engineering-practice/ETL_Airflow_DBT/airflow/airflow_env/lib/python3.11/site-packages/airflow/example_dags/example_dynamic_task_mapping.py took 0.099 seconds
[2026-04-01T15:19:10.678+0530] {processor.py:161} INFO - Started process (PID=92761) to work on /Users/aswin/Documents/data-engineering-practice/ETL_Airflow_DBT/airflow/airflow_env/lib/python3.11/site-packages/airflow/example_dags/example_dynamic_task_mapping.py
[2026-04-01T15:19:10.679+0530] {processor.py:830} INFO - Processing file /Users/aswin/Documents/data-engineering-practice/ETL_Airflow_DBT/airflow/airflow_env/lib/python3.11/site-packages/airflow/example_dags/example_dynamic_task_mapping.py for tasks to queue
[2026-04-01T15:19:10.679+0530] {logging_mixin.py:188} INFO - [2026-04-01T15:19:10.679+0530] {dagbag.py:540} INFO - Filling up the DagBag from /Users/aswin/Documents/data-engineering-practice/ETL_Airflow_DBT/airflow/airflow_env/lib/python3.11/site-packages/airflow/example_dags/example_dynamic_task_mapping.py
[2026-04-01T15:19:10.695+0530] {processor.py:840} INFO - DAG(s) 'example_dynamic_task_mapping' retrieved from /Users/aswin/Documents/data-engineering-practice/ETL_Airflow_DBT/airflow/airflow_env/lib/python3.11/site-packages/airflow/example_dags/example_dynamic_task_mapping.py
[2026-04-01T15:19:10.798+0530] {logging_mixin.py:188} INFO - [2026-04-01T15:19:10.798+0530] {dag.py:3096} INFO - Sync 1 DAGs
[2026-04-01T15:19:10.833+0530] {logging_mixin.py:188} INFO - [2026-04-01T15:19:10.833+0530] {dag.py:3954} INFO - Setting next_dagrun for example_dynamic_task_mapping to 2022-03-04 00:00:00+00:00, run_after=2022-03-05 00:00:00+00:00
[2026-04-01T15:19:10.844+0530] {processor.py:183} INFO - Processing /Users/aswin/Documents/data-engineering-practice/ETL_Airflow_DBT/airflow/airflow_env/lib/python3.11/site-packages/airflow/example_dags/example_dynamic_task_mapping.py took 0.167 seconds
[2026-04-01T15:35:59.830+0530] {processor.py:161} INFO - Started process (PID=92931) to work on /Users/aswin/Documents/data-engineering-practice/ETL_Airflow_DBT/airflow/airflow_env/lib/python3.11/site-packages/airflow/example_dags/example_dynamic_task_mapping.py
[2026-04-01T15:35:59.831+0530] {processor.py:830} INFO - Processing file /Users/aswin/Documents/data-engineering-practice/ETL_Airflow_DBT/airflow/airflow_env/lib/python3.11/site-packages/airflow/example_dags/example_dynamic_task_mapping.py for tasks to queue
[2026-04-01T15:35:59.831+0530] {logging_mixin.py:188} INFO - [2026-04-01T15:35:59.831+0530] {dagbag.py:540} INFO - Filling up the DagBag from /Users/aswin/Documents/data-engineering-practice/ETL_Airflow_DBT/airflow/airflow_env/lib/python3.11/site-packages/airflow/example_dags/example_dynamic_task_mapping.py
[2026-04-01T15:35:59.847+0530] {processor.py:840} INFO - DAG(s) 'example_dynamic_task_mapping' retrieved from /Users/aswin/Documents/data-engineering-practice/ETL_Airflow_DBT/airflow/airflow_env/lib/python3.11/site-packages/airflow/example_dags/example_dynamic_task_mapping.py
[2026-04-01T15:35:59.905+0530] {logging_mixin.py:188} INFO - [2026-04-01T15:35:59.905+0530] {dag.py:3096} INFO - Sync 1 DAGs
[2026-04-01T15:35:59.915+0530] {logging_mixin.py:188} INFO - [2026-04-01T15:35:59.915+0530] {dag.py:3954} INFO - Setting next_dagrun for example_dynamic_task_mapping to 2022-03-04 00:00:00+00:00, run_after=2022-03-05 00:00:00+00:00
[2026-04-01T15:35:59.924+0530] {processor.py:183} INFO - Processing /Users/aswin/Documents/data-engineering-practice/ETL_Airflow_DBT/airflow/airflow_env/lib/python3.11/site-packages/airflow/example_dags/example_dynamic_task_mapping.py took 0.094 seconds
[2026-04-01T15:37:42.071+0530] {processor.py:161} INFO - Started process (PID=93081) to work on /Users/aswin/Documents/data-engineering-practice/ETL_Airflow_DBT/airflow/airflow_env/lib/python3.11/site-packages/airflow/example_dags/example_dynamic_task_mapping.py
[2026-04-01T15:37:42.072+0530] {processor.py:830} INFO - Processing file /Users/aswin/Documents/data-engineering-practice/ETL_Airflow_DBT/airflow/airflow_env/lib/python3.11/site-packages/airflow/example_dags/example_dynamic_task_mapping.py for tasks to queue
[2026-04-01T15:37:42.073+0530] {logging_mixin.py:188} INFO - [2026-04-01T15:37:42.073+0530] {dagbag.py:540} INFO - Filling up the DagBag from /Users/aswin/Documents/data-engineering-practice/ETL_Airflow_DBT/airflow/airflow_env/lib/python3.11/site-packages/airflow/example_dags/example_dynamic_task_mapping.py
[2026-04-01T15:37:42.088+0530] {processor.py:840} INFO - DAG(s) 'example_dynamic_task_mapping' retrieved from /Users/aswin/Documents/data-engineering-practice/ETL_Airflow_DBT/airflow/airflow_env/lib/python3.11/site-packages/airflow/example_dags/example_dynamic_task_mapping.py
[2026-04-01T15:37:42.140+0530] {logging_mixin.py:188} INFO - [2026-04-01T15:37:42.140+0530] {dag.py:3096} INFO - Sync 1 DAGs
[2026-04-01T15:37:42.152+0530] {logging_mixin.py:188} INFO - [2026-04-01T15:37:42.152+0530] {dag.py:3954} INFO - Setting next_dagrun for example_dynamic_task_mapping to 2022-03-04 00:00:00+00:00, run_after=2022-03-05 00:00:00+00:00
[2026-04-01T15:37:42.160+0530] {processor.py:183} INFO - Processing /Users/aswin/Documents/data-engineering-practice/ETL_Airflow_DBT/airflow/airflow_env/lib/python3.11/site-packages/airflow/example_dags/example_dynamic_task_mapping.py took 0.090 seconds
[2026-04-01T15:56:50.578+0530] {processor.py:161} INFO - Started process (PID=93268) to work on /Users/aswin/Documents/data-engineering-practice/ETL_Airflow_DBT/airflow/airflow_env/lib/python3.11/site-packages/airflow/example_dags/example_dynamic_task_mapping.py
[2026-04-01T15:56:50.578+0530] {processor.py:830} INFO - Processing file /Users/aswin/Documents/data-engineering-practice/ETL_Airflow_DBT/airflow/airflow_env/lib/python3.11/site-packages/airflow/example_dags/example_dynamic_task_mapping.py for tasks to queue
[2026-04-01T15:56:50.579+0530] {logging_mixin.py:188} INFO - [2026-04-01T15:56:50.578+0530] {dagbag.py:540} INFO - Filling up the DagBag from /Users/aswin/Documents/data-engineering-practice/ETL_Airflow_DBT/airflow/airflow_env/lib/python3.11/site-packages/airflow/example_dags/example_dynamic_task_mapping.py
[2026-04-01T15:56:50.593+0530] {processor.py:840} INFO - DAG(s) 'example_dynamic_task_mapping' retrieved from /Users/aswin/Documents/data-engineering-practice/ETL_Airflow_DBT/airflow/airflow_env/lib/python3.11/site-packages/airflow/example_dags/example_dynamic_task_mapping.py
[2026-04-01T15:56:50.642+0530] {logging_mixin.py:188} INFO - [2026-04-01T15:56:50.642+0530] {dag.py:3096} INFO - Sync 1 DAGs
[2026-04-01T15:56:50.653+0530] {logging_mixin.py:188} INFO - [2026-04-01T15:56:50.653+0530] {dag.py:3954} INFO - Setting next_dagrun for example_dynamic_task_mapping to 2022-03-04 00:00:00+00:00, run_after=2022-03-05 00:00:00+00:00
[2026-04-01T15:56:50.662+0530] {processor.py:183} INFO - Processing /Users/aswin/Documents/data-engineering-practice/ETL_Airflow_DBT/airflow/airflow_env/lib/python3.11/site-packages/airflow/example_dags/example_dynamic_task_mapping.py took 0.085 seconds
[2026-04-01T15:59:00.068+0530] {processor.py:161} INFO - Started process (PID=93438) to work on /Users/aswin/Documents/data-engineering-practice/ETL_Airflow_DBT/airflow/airflow_env/lib/python3.11/site-packages/airflow/example_dags/example_dynamic_task_mapping.py
[2026-04-01T15:59:00.069+0530] {processor.py:830} INFO - Processing file /Users/aswin/Documents/data-engineering-practice/ETL_Airflow_DBT/airflow/airflow_env/lib/python3.11/site-packages/airflow/example_dags/example_dynamic_task_mapping.py for tasks to queue
[2026-04-01T15:59:00.069+0530] {logging_mixin.py:188} INFO - [2026-04-01T15:59:00.069+0530] {dagbag.py:540} INFO - Filling up the DagBag from /Users/aswin/Documents/data-engineering-practice/ETL_Airflow_DBT/airflow/airflow_env/lib/python3.11/site-packages/airflow/example_dags/example_dynamic_task_mapping.py
[2026-04-01T15:59:00.084+0530] {processor.py:840} INFO - DAG(s) 'example_dynamic_task_mapping' retrieved from /Users/aswin/Documents/data-engineering-practice/ETL_Airflow_DBT/airflow/airflow_env/lib/python3.11/site-packages/airflow/example_dags/example_dynamic_task_mapping.py
[2026-04-01T15:59:00.137+0530] {logging_mixin.py:188} INFO - [2026-04-01T15:59:00.137+0530] {dag.py:3096} INFO - Sync 1 DAGs
[2026-04-01T15:59:00.148+0530] {logging_mixin.py:188} INFO - [2026-04-01T15:59:00.148+0530] {dag.py:3954} INFO - Setting next_dagrun for example_dynamic_task_mapping to 2022-03-04 00:00:00+00:00, run_after=2022-03-05 00:00:00+00:00
[2026-04-01T15:59:00.160+0530] {processor.py:183} INFO - Processing /Users/aswin/Documents/data-engineering-practice/ETL_Airflow_DBT/airflow/airflow_env/lib/python3.11/site-packages/airflow/example_dags/example_dynamic_task_mapping.py took 0.093 seconds
[2026-04-01T16:22:00.443+0530] {processor.py:161} INFO - Started process (PID=93559) to work on /Users/aswin/Documents/data-engineering-practice/ETL_Airflow_DBT/airflow/airflow_env/lib/python3.11/site-packages/airflow/example_dags/example_dynamic_task_mapping.py
[2026-04-01T16:22:00.445+0530] {processor.py:830} INFO - Processing file /Users/aswin/Documents/data-engineering-practice/ETL_Airflow_DBT/airflow/airflow_env/lib/python3.11/site-packages/airflow/example_dags/example_dynamic_task_mapping.py for tasks to queue
[2026-04-01T16:22:00.445+0530] {logging_mixin.py:188} INFO - [2026-04-01T16:22:00.445+0530] {dagbag.py:540} INFO - Filling up the DagBag from /Users/aswin/Documents/data-engineering-practice/ETL_Airflow_DBT/airflow/airflow_env/lib/python3.11/site-packages/airflow/example_dags/example_dynamic_task_mapping.py
[2026-04-01T16:22:00.490+0530] {processor.py:840} INFO - DAG(s) 'example_dynamic_task_mapping' retrieved from /Users/aswin/Documents/data-engineering-practice/ETL_Airflow_DBT/airflow/airflow_env/lib/python3.11/site-packages/airflow/example_dags/example_dynamic_task_mapping.py
[2026-04-01T16:22:00.622+0530] {logging_mixin.py:188} INFO - [2026-04-01T16:22:00.621+0530] {dag.py:3096} INFO - Sync 1 DAGs
[2026-04-01T16:22:00.641+0530] {logging_mixin.py:188} INFO - [2026-04-01T16:22:00.641+0530] {dag.py:3954} INFO - Setting next_dagrun for example_dynamic_task_mapping to 2022-03-04 00:00:00+00:00, run_after=2022-03-05 00:00:00+00:00
[2026-04-01T16:22:00.658+0530] {processor.py:183} INFO - Processing /Users/aswin/Documents/data-engineering-practice/ETL_Airflow_DBT/airflow/airflow_env/lib/python3.11/site-packages/airflow/example_dags/example_dynamic_task_mapping.py took 0.218 seconds
[2026-04-01T16:38:15.907+0530] {processor.py:161} INFO - Started process (PID=93676) to work on /Users/aswin/Documents/data-engineering-practice/ETL_Airflow_DBT/airflow/airflow_env/lib/python3.11/site-packages/airflow/example_dags/example_dynamic_task_mapping.py
[2026-04-01T16:38:15.908+0530] {processor.py:830} INFO - Processing file /Users/aswin/Documents/data-engineering-practice/ETL_Airflow_DBT/airflow/airflow_env/lib/python3.11/site-packages/airflow/example_dags/example_dynamic_task_mapping.py for tasks to queue
[2026-04-01T16:38:15.908+0530] {logging_mixin.py:188} INFO - [2026-04-01T16:38:15.908+0530] {dagbag.py:540} INFO - Filling up the DagBag from /Users/aswin/Documents/data-engineering-practice/ETL_Airflow_DBT/airflow/airflow_env/lib/python3.11/site-packages/airflow/example_dags/example_dynamic_task_mapping.py
[2026-04-01T16:38:15.925+0530] {processor.py:840} INFO - DAG(s) 'example_dynamic_task_mapping' retrieved from /Users/aswin/Documents/data-engineering-practice/ETL_Airflow_DBT/airflow/airflow_env/lib/python3.11/site-packages/airflow/example_dags/example_dynamic_task_mapping.py
[2026-04-01T16:38:15.980+0530] {logging_mixin.py:188} INFO - [2026-04-01T16:38:15.980+0530] {dag.py:3096} INFO - Sync 1 DAGs
[2026-04-01T16:38:15.989+0530] {logging_mixin.py:188} INFO - [2026-04-01T16:38:15.989+0530] {dag.py:3954} INFO - Setting next_dagrun for example_dynamic_task_mapping to 2022-03-04 00:00:00+00:00, run_after=2022-03-05 00:00:00+00:00
[2026-04-01T16:38:15.996+0530] {processor.py:183} INFO - Processing /Users/aswin/Documents/data-engineering-practice/ETL_Airflow_DBT/airflow/airflow_env/lib/python3.11/site-packages/airflow/example_dags/example_dynamic_task_mapping.py took 0.090 seconds
[2026-04-01T16:39:58.857+0530] {processor.py:161} INFO - Started process (PID=93838) to work on /Users/aswin/Documents/data-engineering-practice/ETL_Airflow_DBT/airflow/airflow_env/lib/python3.11/site-packages/airflow/example_dags/example_dynamic_task_mapping.py
[2026-04-01T16:39:58.858+0530] {processor.py:830} INFO - Processing file /Users/aswin/Documents/data-engineering-practice/ETL_Airflow_DBT/airflow/airflow_env/lib/python3.11/site-packages/airflow/example_dags/example_dynamic_task_mapping.py for tasks to queue
[2026-04-01T16:39:58.858+0530] {logging_mixin.py:188} INFO - [2026-04-01T16:39:58.858+0530] {dagbag.py:540} INFO - Filling up the DagBag from /Users/aswin/Documents/data-engineering-practice/ETL_Airflow_DBT/airflow/airflow_env/lib/python3.11/site-packages/airflow/example_dags/example_dynamic_task_mapping.py
[2026-04-01T16:39:58.873+0530] {processor.py:840} INFO - DAG(s) 'example_dynamic_task_mapping' retrieved from /Users/aswin/Documents/data-engineering-practice/ETL_Airflow_DBT/airflow/airflow_env/lib/python3.11/site-packages/airflow/example_dags/example_dynamic_task_mapping.py
[2026-04-01T16:39:58.922+0530] {logging_mixin.py:188} INFO - [2026-04-01T16:39:58.922+0530] {dag.py:3096} INFO - Sync 1 DAGs
[2026-04-01T16:39:58.930+0530] {logging_mixin.py:188} INFO - [2026-04-01T16:39:58.930+0530] {dag.py:3954} INFO - Setting next_dagrun for example_dynamic_task_mapping to 2022-03-04 00:00:00+00:00, run_after=2022-03-05 00:00:00+00:00
[2026-04-01T16:39:58.937+0530] {processor.py:183} INFO - Processing /Users/aswin/Documents/data-engineering-practice/ETL_Airflow_DBT/airflow/airflow_env/lib/python3.11/site-packages/airflow/example_dags/example_dynamic_task_mapping.py took 0.081 seconds
[2026-04-01T17:00:00.244+0530] {processor.py:161} INFO - Started process (PID=94005) to work on /Users/aswin/Documents/data-engineering-practice/ETL_Airflow_DBT/airflow/airflow_env/lib/python3.11/site-packages/airflow/example_dags/example_dynamic_task_mapping.py
[2026-04-01T17:00:00.246+0530] {processor.py:830} INFO - Processing file /Users/aswin/Documents/data-engineering-practice/ETL_Airflow_DBT/airflow/airflow_env/lib/python3.11/site-packages/airflow/example_dags/example_dynamic_task_mapping.py for tasks to queue
[2026-04-01T17:00:00.246+0530] {logging_mixin.py:188} INFO - [2026-04-01T17:00:00.246+0530] {dagbag.py:540} INFO - Filling up the DagBag from /Users/aswin/Documents/data-engineering-practice/ETL_Airflow_DBT/airflow/airflow_env/lib/python3.11/site-packages/airflow/example_dags/example_dynamic_task_mapping.py
[2026-04-01T17:00:00.261+0530] {processor.py:840} INFO - DAG(s) 'example_dynamic_task_mapping' retrieved from /Users/aswin/Documents/data-engineering-practice/ETL_Airflow_DBT/airflow/airflow_env/lib/python3.11/site-packages/airflow/example_dags/example_dynamic_task_mapping.py
[2026-04-01T17:00:00.314+0530] {logging_mixin.py:188} INFO - [2026-04-01T17:00:00.314+0530] {dag.py:3096} INFO - Sync 1 DAGs
[2026-04-01T17:00:00.326+0530] {logging_mixin.py:188} INFO - [2026-04-01T17:00:00.326+0530] {dag.py:3954} INFO - Setting next_dagrun for example_dynamic_task_mapping to 2022-03-04 00:00:00+00:00, run_after=2022-03-05 00:00:00+00:00
[2026-04-01T17:00:00.334+0530] {processor.py:183} INFO - Processing /Users/aswin/Documents/data-engineering-practice/ETL_Airflow_DBT/airflow/airflow_env/lib/python3.11/site-packages/airflow/example_dags/example_dynamic_task_mapping.py took 0.090 seconds
[2026-04-01T17:03:05.266+0530] {processor.py:161} INFO - Started process (PID=94131) to work on /Users/aswin/Documents/data-engineering-practice/ETL_Airflow_DBT/airflow/airflow_env/lib/python3.11/site-packages/airflow/example_dags/example_dynamic_task_mapping.py
[2026-04-01T17:03:05.266+0530] {processor.py:830} INFO - Processing file /Users/aswin/Documents/data-engineering-practice/ETL_Airflow_DBT/airflow/airflow_env/lib/python3.11/site-packages/airflow/example_dags/example_dynamic_task_mapping.py for tasks to queue
[2026-04-01T17:03:05.267+0530] {logging_mixin.py:188} INFO - [2026-04-01T17:03:05.267+0530] {dagbag.py:540} INFO - Filling up the DagBag from /Users/aswin/Documents/data-engineering-practice/ETL_Airflow_DBT/airflow/airflow_env/lib/python3.11/site-packages/airflow/example_dags/example_dynamic_task_mapping.py
[2026-04-01T17:03:05.283+0530] {processor.py:840} INFO - DAG(s) 'example_dynamic_task_mapping' retrieved from /Users/aswin/Documents/data-engineering-practice/ETL_Airflow_DBT/airflow/airflow_env/lib/python3.11/site-packages/airflow/example_dags/example_dynamic_task_mapping.py
[2026-04-01T17:03:05.336+0530] {logging_mixin.py:188} INFO - [2026-04-01T17:03:05.336+0530] {dag.py:3096} INFO - Sync 1 DAGs
[2026-04-01T17:03:05.345+0530] {logging_mixin.py:188} INFO - [2026-04-01T17:03:05.345+0530] {dag.py:3954} INFO - Setting next_dagrun for example_dynamic_task_mapping to 2022-03-04 00:00:00+00:00, run_after=2022-03-05 00:00:00+00:00
[2026-04-01T17:03:05.351+0530] {processor.py:183} INFO - Processing /Users/aswin/Documents/data-engineering-practice/ETL_Airflow_DBT/airflow/airflow_env/lib/python3.11/site-packages/airflow/example_dags/example_dynamic_task_mapping.py took 0.087 seconds
[2026-04-01T17:22:18.973+0530] {processor.py:161} INFO - Started process (PID=94294) to work on /Users/aswin/Documents/data-engineering-practice/ETL_Airflow_DBT/airflow/airflow_env/lib/python3.11/site-packages/airflow/example_dags/example_dynamic_task_mapping.py
[2026-04-01T17:22:18.974+0530] {processor.py:830} INFO - Processing file /Users/aswin/Documents/data-engineering-practice/ETL_Airflow_DBT/airflow/airflow_env/lib/python3.11/site-packages/airflow/example_dags/example_dynamic_task_mapping.py for tasks to queue
[2026-04-01T17:22:18.974+0530] {logging_mixin.py:188} INFO - [2026-04-01T17:22:18.974+0530] {dagbag.py:540} INFO - Filling up the DagBag from /Users/aswin/Documents/data-engineering-practice/ETL_Airflow_DBT/airflow/airflow_env/lib/python3.11/site-packages/airflow/example_dags/example_dynamic_task_mapping.py
[2026-04-01T17:22:18.990+0530] {processor.py:840} INFO - DAG(s) 'example_dynamic_task_mapping' retrieved from /Users/aswin/Documents/data-engineering-practice/ETL_Airflow_DBT/airflow/airflow_env/lib/python3.11/site-packages/airflow/example_dags/example_dynamic_task_mapping.py
[2026-04-01T17:22:19.044+0530] {logging_mixin.py:188} INFO - [2026-04-01T17:22:19.044+0530] {dag.py:3096} INFO - Sync 1 DAGs
[2026-04-01T17:22:19.055+0530] {logging_mixin.py:188} INFO - [2026-04-01T17:22:19.055+0530] {dag.py:3954} INFO - Setting next_dagrun for example_dynamic_task_mapping to 2022-03-04 00:00:00+00:00, run_after=2022-03-05 00:00:00+00:00
[2026-04-01T17:22:19.072+0530] {processor.py:183} INFO - Processing /Users/aswin/Documents/data-engineering-practice/ETL_Airflow_DBT/airflow/airflow_env/lib/python3.11/site-packages/airflow/example_dags/example_dynamic_task_mapping.py took 0.100 seconds
[2026-04-01T17:41:18.489+0530] {processor.py:161} INFO - Started process (PID=94633) to work on /Users/aswin/Documents/data-engineering-practice/ETL_Airflow_DBT/airflow/airflow_env/lib/python3.11/site-packages/airflow/example_dags/example_dynamic_task_mapping.py
[2026-04-01T17:41:18.490+0530] {processor.py:830} INFO - Processing file /Users/aswin/Documents/data-engineering-practice/ETL_Airflow_DBT/airflow/airflow_env/lib/python3.11/site-packages/airflow/example_dags/example_dynamic_task_mapping.py for tasks to queue
[2026-04-01T17:41:18.490+0530] {logging_mixin.py:188} INFO - [2026-04-01T17:41:18.490+0530] {dagbag.py:540} INFO - Filling up the DagBag from /Users/aswin/Documents/data-engineering-practice/ETL_Airflow_DBT/airflow/airflow_env/lib/python3.11/site-packages/airflow/example_dags/example_dynamic_task_mapping.py
[2026-04-01T17:41:18.508+0530] {processor.py:840} INFO - DAG(s) 'example_dynamic_task_mapping' retrieved from /Users/aswin/Documents/data-engineering-practice/ETL_Airflow_DBT/airflow/airflow_env/lib/python3.11/site-packages/airflow/example_dags/example_dynamic_task_mapping.py
[2026-04-01T17:41:18.615+0530] {logging_mixin.py:188} INFO - [2026-04-01T17:41:18.615+0530] {dag.py:3096} INFO - Sync 1 DAGs
[2026-04-01T17:41:18.653+0530] {logging_mixin.py:188} INFO - [2026-04-01T17:41:18.652+0530] {dag.py:3954} INFO - Setting next_dagrun for example_dynamic_task_mapping to 2022-03-04 00:00:00+00:00, run_after=2022-03-05 00:00:00+00:00
[2026-04-01T17:41:18.664+0530] {processor.py:183} INFO - Processing /Users/aswin/Documents/data-engineering-practice/ETL_Airflow_DBT/airflow/airflow_env/lib/python3.11/site-packages/airflow/example_dags/example_dynamic_task_mapping.py took 0.176 seconds
[2026-04-01T18:01:18.651+0530] {processor.py:161} INFO - Started process (PID=94809) to work on /Users/aswin/Documents/data-engineering-practice/ETL_Airflow_DBT/airflow/airflow_env/lib/python3.11/site-packages/airflow/example_dags/example_dynamic_task_mapping.py
[2026-04-01T18:01:18.652+0530] {processor.py:830} INFO - Processing file /Users/aswin/Documents/data-engineering-practice/ETL_Airflow_DBT/airflow/airflow_env/lib/python3.11/site-packages/airflow/example_dags/example_dynamic_task_mapping.py for tasks to queue
[2026-04-01T18:01:18.652+0530] {logging_mixin.py:188} INFO - [2026-04-01T18:01:18.652+0530] {dagbag.py:540} INFO - Filling up the DagBag from /Users/aswin/Documents/data-engineering-practice/ETL_Airflow_DBT/airflow/airflow_env/lib/python3.11/site-packages/airflow/example_dags/example_dynamic_task_mapping.py
[2026-04-01T18:01:18.667+0530] {processor.py:840} INFO - DAG(s) 'example_dynamic_task_mapping' retrieved from /Users/aswin/Documents/data-engineering-practice/ETL_Airflow_DBT/airflow/airflow_env/lib/python3.11/site-packages/airflow/example_dags/example_dynamic_task_mapping.py
[2026-04-01T18:01:18.717+0530] {logging_mixin.py:188} INFO - [2026-04-01T18:01:18.717+0530] {dag.py:3096} INFO - Sync 1 DAGs
[2026-04-01T18:01:18.730+0530] {logging_mixin.py:188} INFO - [2026-04-01T18:01:18.730+0530] {dag.py:3954} INFO - Setting next_dagrun for example_dynamic_task_mapping to 2022-03-04 00:00:00+00:00, run_after=2022-03-05 00:00:00+00:00
[2026-04-01T18:01:18.739+0530] {processor.py:183} INFO - Processing /Users/aswin/Documents/data-engineering-practice/ETL_Airflow_DBT/airflow/airflow_env/lib/python3.11/site-packages/airflow/example_dags/example_dynamic_task_mapping.py took 0.089 seconds
[2026-04-01T18:03:26.620+0530] {processor.py:161} INFO - Started process (PID=94965) to work on /Users/aswin/Documents/data-engineering-practice/ETL_Airflow_DBT/airflow/airflow_env/lib/python3.11/site-packages/airflow/example_dags/example_dynamic_task_mapping.py
[2026-04-01T18:03:26.621+0530] {processor.py:830} INFO - Processing file /Users/aswin/Documents/data-engineering-practice/ETL_Airflow_DBT/airflow/airflow_env/lib/python3.11/site-packages/airflow/example_dags/example_dynamic_task_mapping.py for tasks to queue
[2026-04-01T18:03:26.621+0530] {logging_mixin.py:188} INFO - [2026-04-01T18:03:26.621+0530] {dagbag.py:540} INFO - Filling up the DagBag from /Users/aswin/Documents/data-engineering-practice/ETL_Airflow_DBT/airflow/airflow_env/lib/python3.11/site-packages/airflow/example_dags/example_dynamic_task_mapping.py
[2026-04-01T18:03:26.637+0530] {processor.py:840} INFO - DAG(s) 'example_dynamic_task_mapping' retrieved from /Users/aswin/Documents/data-engineering-practice/ETL_Airflow_DBT/airflow/airflow_env/lib/python3.11/site-packages/airflow/example_dags/example_dynamic_task_mapping.py
[2026-04-01T18:03:26.690+0530] {logging_mixin.py:188} INFO - [2026-04-01T18:03:26.690+0530] {dag.py:3096} INFO - Sync 1 DAGs
[2026-04-01T18:03:26.699+0530] {logging_mixin.py:188} INFO - [2026-04-01T18:03:26.699+0530] {dag.py:3954} INFO - Setting next_dagrun for example_dynamic_task_mapping to 2022-03-04 00:00:00+00:00, run_after=2022-03-05 00:00:00+00:00
[2026-04-01T18:03:26.706+0530] {processor.py:183} INFO - Processing /Users/aswin/Documents/data-engineering-practice/ETL_Airflow_DBT/airflow/airflow_env/lib/python3.11/site-packages/airflow/example_dags/example_dynamic_task_mapping.py took 0.087 seconds
[2026-04-01T18:21:27.303+0530] {processor.py:161} INFO - Started process (PID=95132) to work on /Users/aswin/Documents/data-engineering-practice/ETL_Airflow_DBT/airflow/airflow_env/lib/python3.11/site-packages/airflow/example_dags/example_dynamic_task_mapping.py
[2026-04-01T18:21:27.304+0530] {processor.py:830} INFO - Processing file /Users/aswin/Documents/data-engineering-practice/ETL_Airflow_DBT/airflow/airflow_env/lib/python3.11/site-packages/airflow/example_dags/example_dynamic_task_mapping.py for tasks to queue
[2026-04-01T18:21:27.304+0530] {logging_mixin.py:188} INFO - [2026-04-01T18:21:27.304+0530] {dagbag.py:540} INFO - Filling up the DagBag from /Users/aswin/Documents/data-engineering-practice/ETL_Airflow_DBT/airflow/airflow_env/lib/python3.11/site-packages/airflow/example_dags/example_dynamic_task_mapping.py
[2026-04-01T18:21:27.320+0530] {processor.py:840} INFO - DAG(s) 'example_dynamic_task_mapping' retrieved from /Users/aswin/Documents/data-engineering-practice/ETL_Airflow_DBT/airflow/airflow_env/lib/python3.11/site-packages/airflow/example_dags/example_dynamic_task_mapping.py
[2026-04-01T18:21:27.375+0530] {logging_mixin.py:188} INFO - [2026-04-01T18:21:27.375+0530] {dag.py:3096} INFO - Sync 1 DAGs
[2026-04-01T18:21:27.385+0530] {logging_mixin.py:188} INFO - [2026-04-01T18:21:27.385+0530] {dag.py:3954} INFO - Setting next_dagrun for example_dynamic_task_mapping to 2022-03-04 00:00:00+00:00, run_after=2022-03-05 00:00:00+00:00
[2026-04-01T18:21:27.393+0530] {processor.py:183} INFO - Processing /Users/aswin/Documents/data-engineering-practice/ETL_Airflow_DBT/airflow/airflow_env/lib/python3.11/site-packages/airflow/example_dags/example_dynamic_task_mapping.py took 0.091 seconds
[2026-04-01T18:23:36.777+0530] {processor.py:161} INFO - Started process (PID=95324) to work on /Users/aswin/Documents/data-engineering-practice/ETL_Airflow_DBT/airflow/airflow_env/lib/python3.11/site-packages/airflow/example_dags/example_dynamic_task_mapping.py
[2026-04-01T18:23:36.778+0530] {processor.py:830} INFO - Processing file /Users/aswin/Documents/data-engineering-practice/ETL_Airflow_DBT/airflow/airflow_env/lib/python3.11/site-packages/airflow/example_dags/example_dynamic_task_mapping.py for tasks to queue
[2026-04-01T18:23:36.779+0530] {logging_mixin.py:188} INFO - [2026-04-01T18:23:36.779+0530] {dagbag.py:540} INFO - Filling up the DagBag from /Users/aswin/Documents/data-engineering-practice/ETL_Airflow_DBT/airflow/airflow_env/lib/python3.11/site-packages/airflow/example_dags/example_dynamic_task_mapping.py
[2026-04-01T18:23:36.796+0530] {processor.py:840} INFO - DAG(s) 'example_dynamic_task_mapping' retrieved from /Users/aswin/Documents/data-engineering-practice/ETL_Airflow_DBT/airflow/airflow_env/lib/python3.11/site-packages/airflow/example_dags/example_dynamic_task_mapping.py
[2026-04-01T18:23:36.849+0530] {logging_mixin.py:188} INFO - [2026-04-01T18:23:36.848+0530] {dag.py:3096} INFO - Sync 1 DAGs
[2026-04-01T18:23:36.858+0530] {logging_mixin.py:188} INFO - [2026-04-01T18:23:36.858+0530] {dag.py:3954} INFO - Setting next_dagrun for example_dynamic_task_mapping to 2022-03-04 00:00:00+00:00, run_after=2022-03-05 00:00:00+00:00
[2026-04-01T18:23:36.869+0530] {processor.py:183} INFO - Processing /Users/aswin/Documents/data-engineering-practice/ETL_Airflow_DBT/airflow/airflow_env/lib/python3.11/site-packages/airflow/example_dags/example_dynamic_task_mapping.py took 0.093 seconds
[2026-04-01T18:42:38.406+0530] {processor.py:161} INFO - Started process (PID=95499) to work on /Users/aswin/Documents/data-engineering-practice/ETL_Airflow_DBT/airflow/airflow_env/lib/python3.11/site-packages/airflow/example_dags/example_dynamic_task_mapping.py
[2026-04-01T18:42:38.407+0530] {processor.py:830} INFO - Processing file /Users/aswin/Documents/data-engineering-practice/ETL_Airflow_DBT/airflow/airflow_env/lib/python3.11/site-packages/airflow/example_dags/example_dynamic_task_mapping.py for tasks to queue
[2026-04-01T18:42:38.407+0530] {logging_mixin.py:188} INFO - [2026-04-01T18:42:38.407+0530] {dagbag.py:540} INFO - Filling up the DagBag from /Users/aswin/Documents/data-engineering-practice/ETL_Airflow_DBT/airflow/airflow_env/lib/python3.11/site-packages/airflow/example_dags/example_dynamic_task_mapping.py
[2026-04-01T18:42:38.423+0530] {processor.py:840} INFO - DAG(s) 'example_dynamic_task_mapping' retrieved from /Users/aswin/Documents/data-engineering-practice/ETL_Airflow_DBT/airflow/airflow_env/lib/python3.11/site-packages/airflow/example_dags/example_dynamic_task_mapping.py
[2026-04-01T18:42:38.475+0530] {logging_mixin.py:188} INFO - [2026-04-01T18:42:38.474+0530] {dag.py:3096} INFO - Sync 1 DAGs
[2026-04-01T18:42:38.485+0530] {logging_mixin.py:188} INFO - [2026-04-01T18:42:38.484+0530] {dag.py:3954} INFO - Setting next_dagrun for example_dynamic_task_mapping to 2022-03-04 00:00:00+00:00, run_after=2022-03-05 00:00:00+00:00
[2026-04-01T18:42:38.493+0530] {processor.py:183} INFO - Processing /Users/aswin/Documents/data-engineering-practice/ETL_Airflow_DBT/airflow/airflow_env/lib/python3.11/site-packages/airflow/example_dags/example_dynamic_task_mapping.py took 0.088 seconds
[2026-04-01T18:59:50.746+0530] {processor.py:161} INFO - Started process (PID=95665) to work on /Users/aswin/Documents/data-engineering-practice/ETL_Airflow_DBT/airflow/airflow_env/lib/python3.11/site-packages/airflow/example_dags/example_dynamic_task_mapping.py
[2026-04-01T18:59:50.747+0530] {processor.py:830} INFO - Processing file /Users/aswin/Documents/data-engineering-practice/ETL_Airflow_DBT/airflow/airflow_env/lib/python3.11/site-packages/airflow/example_dags/example_dynamic_task_mapping.py for tasks to queue
[2026-04-01T18:59:50.747+0530] {logging_mixin.py:188} INFO - [2026-04-01T18:59:50.747+0530] {dagbag.py:540} INFO - Filling up the DagBag from /Users/aswin/Documents/data-engineering-practice/ETL_Airflow_DBT/airflow/airflow_env/lib/python3.11/site-packages/airflow/example_dags/example_dynamic_task_mapping.py
[2026-04-01T18:59:50.764+0530] {processor.py:840} INFO - DAG(s) 'example_dynamic_task_mapping' retrieved from /Users/aswin/Documents/data-engineering-practice/ETL_Airflow_DBT/airflow/airflow_env/lib/python3.11/site-packages/airflow/example_dags/example_dynamic_task_mapping.py
[2026-04-01T18:59:50.818+0530] {logging_mixin.py:188} INFO - [2026-04-01T18:59:50.818+0530] {dag.py:3096} INFO - Sync 1 DAGs
[2026-04-01T18:59:50.829+0530] {logging_mixin.py:188} INFO - [2026-04-01T18:59:50.829+0530] {dag.py:3954} INFO - Setting next_dagrun for example_dynamic_task_mapping to 2022-03-04 00:00:00+00:00, run_after=2022-03-05 00:00:00+00:00
[2026-04-01T18:59:50.836+0530] {processor.py:183} INFO - Processing /Users/aswin/Documents/data-engineering-practice/ETL_Airflow_DBT/airflow/airflow_env/lib/python3.11/site-packages/airflow/example_dags/example_dynamic_task_mapping.py took 0.091 seconds
[2026-04-01T19:02:00.620+0530] {processor.py:161} INFO - Started process (PID=95842) to work on /Users/aswin/Documents/data-engineering-practice/ETL_Airflow_DBT/airflow/airflow_env/lib/python3.11/site-packages/airflow/example_dags/example_dynamic_task_mapping.py
[2026-04-01T19:02:00.622+0530] {processor.py:830} INFO - Processing file /Users/aswin/Documents/data-engineering-practice/ETL_Airflow_DBT/airflow/airflow_env/lib/python3.11/site-packages/airflow/example_dags/example_dynamic_task_mapping.py for tasks to queue
[2026-04-01T19:02:00.622+0530] {logging_mixin.py:188} INFO - [2026-04-01T19:02:00.622+0530] {dagbag.py:540} INFO - Filling up the DagBag from /Users/aswin/Documents/data-engineering-practice/ETL_Airflow_DBT/airflow/airflow_env/lib/python3.11/site-packages/airflow/example_dags/example_dynamic_task_mapping.py
[2026-04-01T19:02:00.637+0530] {processor.py:840} INFO - DAG(s) 'example_dynamic_task_mapping' retrieved from /Users/aswin/Documents/data-engineering-practice/ETL_Airflow_DBT/airflow/airflow_env/lib/python3.11/site-packages/airflow/example_dags/example_dynamic_task_mapping.py
[2026-04-01T19:02:00.687+0530] {logging_mixin.py:188} INFO - [2026-04-01T19:02:00.687+0530] {dag.py:3096} INFO - Sync 1 DAGs
[2026-04-01T19:02:00.699+0530] {logging_mixin.py:188} INFO - [2026-04-01T19:02:00.699+0530] {dag.py:3954} INFO - Setting next_dagrun for example_dynamic_task_mapping to 2022-03-04 00:00:00+00:00, run_after=2022-03-05 00:00:00+00:00
[2026-04-01T19:02:00.708+0530] {processor.py:183} INFO - Processing /Users/aswin/Documents/data-engineering-practice/ETL_Airflow_DBT/airflow/airflow_env/lib/python3.11/site-packages/airflow/example_dags/example_dynamic_task_mapping.py took 0.089 seconds
[2026-04-01T19:21:18.895+0530] {processor.py:161} INFO - Started process (PID=96025) to work on /Users/aswin/Documents/data-engineering-practice/ETL_Airflow_DBT/airflow/airflow_env/lib/python3.11/site-packages/airflow/example_dags/example_dynamic_task_mapping.py
[2026-04-01T19:21:18.896+0530] {processor.py:830} INFO - Processing file /Users/aswin/Documents/data-engineering-practice/ETL_Airflow_DBT/airflow/airflow_env/lib/python3.11/site-packages/airflow/example_dags/example_dynamic_task_mapping.py for tasks to queue
[2026-04-01T19:21:18.896+0530] {logging_mixin.py:188} INFO - [2026-04-01T19:21:18.896+0530] {dagbag.py:540} INFO - Filling up the DagBag from /Users/aswin/Documents/data-engineering-practice/ETL_Airflow_DBT/airflow/airflow_env/lib/python3.11/site-packages/airflow/example_dags/example_dynamic_task_mapping.py
[2026-04-01T19:21:18.914+0530] {processor.py:840} INFO - DAG(s) 'example_dynamic_task_mapping' retrieved from /Users/aswin/Documents/data-engineering-practice/ETL_Airflow_DBT/airflow/airflow_env/lib/python3.11/site-packages/airflow/example_dags/example_dynamic_task_mapping.py
[2026-04-01T19:21:18.972+0530] {logging_mixin.py:188} INFO - [2026-04-01T19:21:18.972+0530] {dag.py:3096} INFO - Sync 1 DAGs
[2026-04-01T19:21:18.985+0530] {logging_mixin.py:188} INFO - [2026-04-01T19:21:18.985+0530] {dag.py:3954} INFO - Setting next_dagrun for example_dynamic_task_mapping to 2022-03-04 00:00:00+00:00, run_after=2022-03-05 00:00:00+00:00
[2026-04-01T19:21:18.994+0530] {processor.py:183} INFO - Processing /Users/aswin/Documents/data-engineering-practice/ETL_Airflow_DBT/airflow/airflow_env/lib/python3.11/site-packages/airflow/example_dags/example_dynamic_task_mapping.py took 0.099 seconds
[2026-04-01T19:23:29.368+0530] {processor.py:161} INFO - Started process (PID=96198) to work on /Users/aswin/Documents/data-engineering-practice/ETL_Airflow_DBT/airflow/airflow_env/lib/python3.11/site-packages/airflow/example_dags/example_dynamic_task_mapping.py
[2026-04-01T19:23:29.370+0530] {processor.py:830} INFO - Processing file /Users/aswin/Documents/data-engineering-practice/ETL_Airflow_DBT/airflow/airflow_env/lib/python3.11/site-packages/airflow/example_dags/example_dynamic_task_mapping.py for tasks to queue
[2026-04-01T19:23:29.370+0530] {logging_mixin.py:188} INFO - [2026-04-01T19:23:29.370+0530] {dagbag.py:540} INFO - Filling up the DagBag from /Users/aswin/Documents/data-engineering-practice/ETL_Airflow_DBT/airflow/airflow_env/lib/python3.11/site-packages/airflow/example_dags/example_dynamic_task_mapping.py
[2026-04-01T19:23:29.385+0530] {processor.py:840} INFO - DAG(s) 'example_dynamic_task_mapping' retrieved from /Users/aswin/Documents/data-engineering-practice/ETL_Airflow_DBT/airflow/airflow_env/lib/python3.11/site-packages/airflow/example_dags/example_dynamic_task_mapping.py
[2026-04-01T19:23:29.438+0530] {logging_mixin.py:188} INFO - [2026-04-01T19:23:29.438+0530] {dag.py:3096} INFO - Sync 1 DAGs
[2026-04-01T19:23:29.450+0530] {logging_mixin.py:188} INFO - [2026-04-01T19:23:29.449+0530] {dag.py:3954} INFO - Setting next_dagrun for example_dynamic_task_mapping to 2022-03-04 00:00:00+00:00, run_after=2022-03-05 00:00:00+00:00
[2026-04-01T19:23:29.457+0530] {processor.py:183} INFO - Processing /Users/aswin/Documents/data-engineering-practice/ETL_Airflow_DBT/airflow/airflow_env/lib/python3.11/site-packages/airflow/example_dags/example_dynamic_task_mapping.py took 0.089 seconds
[2026-04-01T19:42:51.427+0530] {processor.py:161} INFO - Started process (PID=96341) to work on /Users/aswin/Documents/data-engineering-practice/ETL_Airflow_DBT/airflow/airflow_env/lib/python3.11/site-packages/airflow/example_dags/example_dynamic_task_mapping.py
[2026-04-01T19:42:51.427+0530] {processor.py:830} INFO - Processing file /Users/aswin/Documents/data-engineering-practice/ETL_Airflow_DBT/airflow/airflow_env/lib/python3.11/site-packages/airflow/example_dags/example_dynamic_task_mapping.py for tasks to queue
[2026-04-01T19:42:51.428+0530] {logging_mixin.py:188} INFO - [2026-04-01T19:42:51.428+0530] {dagbag.py:540} INFO - Filling up the DagBag from /Users/aswin/Documents/data-engineering-practice/ETL_Airflow_DBT/airflow/airflow_env/lib/python3.11/site-packages/airflow/example_dags/example_dynamic_task_mapping.py
[2026-04-01T19:42:51.443+0530] {processor.py:840} INFO - DAG(s) 'example_dynamic_task_mapping' retrieved from /Users/aswin/Documents/data-engineering-practice/ETL_Airflow_DBT/airflow/airflow_env/lib/python3.11/site-packages/airflow/example_dags/example_dynamic_task_mapping.py
[2026-04-01T19:42:51.498+0530] {logging_mixin.py:188} INFO - [2026-04-01T19:42:51.498+0530] {dag.py:3096} INFO - Sync 1 DAGs
[2026-04-01T19:42:51.507+0530] {logging_mixin.py:188} INFO - [2026-04-01T19:42:51.507+0530] {dag.py:3954} INFO - Setting next_dagrun for example_dynamic_task_mapping to 2022-03-04 00:00:00+00:00, run_after=2022-03-05 00:00:00+00:00
[2026-04-01T19:42:51.517+0530] {processor.py:183} INFO - Processing /Users/aswin/Documents/data-engineering-practice/ETL_Airflow_DBT/airflow/airflow_env/lib/python3.11/site-packages/airflow/example_dags/example_dynamic_task_mapping.py took 0.092 seconds
[2026-04-01T19:45:07.218+0530] {processor.py:161} INFO - Started process (PID=96552) to work on /Users/aswin/Documents/data-engineering-practice/ETL_Airflow_DBT/airflow/airflow_env/lib/python3.11/site-packages/airflow/example_dags/example_dynamic_task_mapping.py
[2026-04-01T19:45:07.219+0530] {processor.py:830} INFO - Processing file /Users/aswin/Documents/data-engineering-practice/ETL_Airflow_DBT/airflow/airflow_env/lib/python3.11/site-packages/airflow/example_dags/example_dynamic_task_mapping.py for tasks to queue
[2026-04-01T19:45:07.219+0530] {logging_mixin.py:188} INFO - [2026-04-01T19:45:07.219+0530] {dagbag.py:540} INFO - Filling up the DagBag from /Users/aswin/Documents/data-engineering-practice/ETL_Airflow_DBT/airflow/airflow_env/lib/python3.11/site-packages/airflow/example_dags/example_dynamic_task_mapping.py
[2026-04-01T19:45:07.234+0530] {processor.py:840} INFO - DAG(s) 'example_dynamic_task_mapping' retrieved from /Users/aswin/Documents/data-engineering-practice/ETL_Airflow_DBT/airflow/airflow_env/lib/python3.11/site-packages/airflow/example_dags/example_dynamic_task_mapping.py
[2026-04-01T19:45:07.366+0530] {logging_mixin.py:188} INFO - [2026-04-01T19:45:07.366+0530] {dag.py:3096} INFO - Sync 1 DAGs
[2026-04-01T19:45:07.378+0530] {logging_mixin.py:188} INFO - [2026-04-01T19:45:07.378+0530] {dag.py:3954} INFO - Setting next_dagrun for example_dynamic_task_mapping to 2022-03-04 00:00:00+00:00, run_after=2022-03-05 00:00:00+00:00
[2026-04-01T19:45:07.393+0530] {processor.py:183} INFO - Processing /Users/aswin/Documents/data-engineering-practice/ETL_Airflow_DBT/airflow/airflow_env/lib/python3.11/site-packages/airflow/example_dags/example_dynamic_task_mapping.py took 0.177 seconds
[2026-04-01T20:00:29.516+0530] {processor.py:161} INFO - Started process (PID=96722) to work on /Users/aswin/Documents/data-engineering-practice/ETL_Airflow_DBT/airflow/airflow_env/lib/python3.11/site-packages/airflow/example_dags/example_dynamic_task_mapping.py
[2026-04-01T20:00:29.516+0530] {processor.py:830} INFO - Processing file /Users/aswin/Documents/data-engineering-practice/ETL_Airflow_DBT/airflow/airflow_env/lib/python3.11/site-packages/airflow/example_dags/example_dynamic_task_mapping.py for tasks to queue
[2026-04-01T20:00:29.516+0530] {logging_mixin.py:188} INFO - [2026-04-01T20:00:29.516+0530] {dagbag.py:540} INFO - Filling up the DagBag from /Users/aswin/Documents/data-engineering-practice/ETL_Airflow_DBT/airflow/airflow_env/lib/python3.11/site-packages/airflow/example_dags/example_dynamic_task_mapping.py
[2026-04-01T20:00:29.530+0530] {processor.py:840} INFO - DAG(s) 'example_dynamic_task_mapping' retrieved from /Users/aswin/Documents/data-engineering-practice/ETL_Airflow_DBT/airflow/airflow_env/lib/python3.11/site-packages/airflow/example_dags/example_dynamic_task_mapping.py
[2026-04-01T20:00:29.583+0530] {logging_mixin.py:188} INFO - [2026-04-01T20:00:29.582+0530] {dag.py:3096} INFO - Sync 1 DAGs
[2026-04-01T20:00:29.594+0530] {logging_mixin.py:188} INFO - [2026-04-01T20:00:29.594+0530] {dag.py:3954} INFO - Setting next_dagrun for example_dynamic_task_mapping to 2022-03-04 00:00:00+00:00, run_after=2022-03-05 00:00:00+00:00
[2026-04-01T20:00:29.601+0530] {processor.py:183} INFO - Processing /Users/aswin/Documents/data-engineering-practice/ETL_Airflow_DBT/airflow/airflow_env/lib/python3.11/site-packages/airflow/example_dags/example_dynamic_task_mapping.py took 0.087 seconds
[2026-04-01T20:01:02.407+0530] {processor.py:161} INFO - Started process (PID=96839) to work on /Users/aswin/Documents/data-engineering-practice/ETL_Airflow_DBT/airflow/airflow_env/lib/python3.11/site-packages/airflow/example_dags/example_dynamic_task_mapping.py
[2026-04-01T20:01:02.408+0530] {processor.py:830} INFO - Processing file /Users/aswin/Documents/data-engineering-practice/ETL_Airflow_DBT/airflow/airflow_env/lib/python3.11/site-packages/airflow/example_dags/example_dynamic_task_mapping.py for tasks to queue
[2026-04-01T20:01:02.408+0530] {logging_mixin.py:188} INFO - [2026-04-01T20:01:02.408+0530] {dagbag.py:540} INFO - Filling up the DagBag from /Users/aswin/Documents/data-engineering-practice/ETL_Airflow_DBT/airflow/airflow_env/lib/python3.11/site-packages/airflow/example_dags/example_dynamic_task_mapping.py
[2026-04-01T20:01:02.423+0530] {processor.py:840} INFO - DAG(s) 'example_dynamic_task_mapping' retrieved from /Users/aswin/Documents/data-engineering-practice/ETL_Airflow_DBT/airflow/airflow_env/lib/python3.11/site-packages/airflow/example_dags/example_dynamic_task_mapping.py
[2026-04-01T20:01:02.473+0530] {logging_mixin.py:188} INFO - [2026-04-01T20:01:02.473+0530] {dag.py:3096} INFO - Sync 1 DAGs
[2026-04-01T20:01:02.485+0530] {logging_mixin.py:188} INFO - [2026-04-01T20:01:02.484+0530] {dag.py:3954} INFO - Setting next_dagrun for example_dynamic_task_mapping to 2022-03-04 00:00:00+00:00, run_after=2022-03-05 00:00:00+00:00
[2026-04-01T20:01:02.494+0530] {processor.py:183} INFO - Processing /Users/aswin/Documents/data-engineering-practice/ETL_Airflow_DBT/airflow/airflow_env/lib/python3.11/site-packages/airflow/example_dags/example_dynamic_task_mapping.py took 0.087 seconds
[2026-04-01T20:01:35.617+0530] {processor.py:161} INFO - Started process (PID=96959) to work on /Users/aswin/Documents/data-engineering-practice/ETL_Airflow_DBT/airflow/airflow_env/lib/python3.11/site-packages/airflow/example_dags/example_dynamic_task_mapping.py
[2026-04-01T20:01:35.619+0530] {processor.py:830} INFO - Processing file /Users/aswin/Documents/data-engineering-practice/ETL_Airflow_DBT/airflow/airflow_env/lib/python3.11/site-packages/airflow/example_dags/example_dynamic_task_mapping.py for tasks to queue
[2026-04-01T20:01:35.619+0530] {logging_mixin.py:188} INFO - [2026-04-01T20:01:35.619+0530] {dagbag.py:540} INFO - Filling up the DagBag from /Users/aswin/Documents/data-engineering-practice/ETL_Airflow_DBT/airflow/airflow_env/lib/python3.11/site-packages/airflow/example_dags/example_dynamic_task_mapping.py
[2026-04-01T20:01:35.633+0530] {processor.py:840} INFO - DAG(s) 'example_dynamic_task_mapping' retrieved from /Users/aswin/Documents/data-engineering-practice/ETL_Airflow_DBT/airflow/airflow_env/lib/python3.11/site-packages/airflow/example_dags/example_dynamic_task_mapping.py
[2026-04-01T20:01:35.686+0530] {logging_mixin.py:188} INFO - [2026-04-01T20:01:35.685+0530] {dag.py:3096} INFO - Sync 1 DAGs
[2026-04-01T20:01:35.698+0530] {logging_mixin.py:188} INFO - [2026-04-01T20:01:35.697+0530] {dag.py:3954} INFO - Setting next_dagrun for example_dynamic_task_mapping to 2022-03-04 00:00:00+00:00, run_after=2022-03-05 00:00:00+00:00
[2026-04-01T20:01:35.717+0530] {processor.py:183} INFO - Processing /Users/aswin/Documents/data-engineering-practice/ETL_Airflow_DBT/airflow/airflow_env/lib/python3.11/site-packages/airflow/example_dags/example_dynamic_task_mapping.py took 0.101 seconds
[2026-04-01T20:02:06.777+0530] {processor.py:161} INFO - Started process (PID=97073) to work on /Users/aswin/Documents/data-engineering-practice/ETL_Airflow_DBT/airflow/airflow_env/lib/python3.11/site-packages/airflow/example_dags/example_dynamic_task_mapping.py
[2026-04-01T20:02:06.777+0530] {processor.py:830} INFO - Processing file /Users/aswin/Documents/data-engineering-practice/ETL_Airflow_DBT/airflow/airflow_env/lib/python3.11/site-packages/airflow/example_dags/example_dynamic_task_mapping.py for tasks to queue
[2026-04-01T20:02:06.778+0530] {logging_mixin.py:188} INFO - [2026-04-01T20:02:06.777+0530] {dagbag.py:540} INFO - Filling up the DagBag from /Users/aswin/Documents/data-engineering-practice/ETL_Airflow_DBT/airflow/airflow_env/lib/python3.11/site-packages/airflow/example_dags/example_dynamic_task_mapping.py
[2026-04-01T20:02:06.792+0530] {processor.py:840} INFO - DAG(s) 'example_dynamic_task_mapping' retrieved from /Users/aswin/Documents/data-engineering-practice/ETL_Airflow_DBT/airflow/airflow_env/lib/python3.11/site-packages/airflow/example_dags/example_dynamic_task_mapping.py
[2026-04-01T20:02:06.844+0530] {logging_mixin.py:188} INFO - [2026-04-01T20:02:06.844+0530] {dag.py:3096} INFO - Sync 1 DAGs
[2026-04-01T20:02:06.855+0530] {logging_mixin.py:188} INFO - [2026-04-01T20:02:06.855+0530] {dag.py:3954} INFO - Setting next_dagrun for example_dynamic_task_mapping to 2022-03-04 00:00:00+00:00, run_after=2022-03-05 00:00:00+00:00
[2026-04-01T20:02:06.862+0530] {processor.py:183} INFO - Processing /Users/aswin/Documents/data-engineering-practice/ETL_Airflow_DBT/airflow/airflow_env/lib/python3.11/site-packages/airflow/example_dags/example_dynamic_task_mapping.py took 0.087 seconds
[2026-04-01T20:02:40.338+0530] {processor.py:161} INFO - Started process (PID=97185) to work on /Users/aswin/Documents/data-engineering-practice/ETL_Airflow_DBT/airflow/airflow_env/lib/python3.11/site-packages/airflow/example_dags/example_dynamic_task_mapping.py
[2026-04-01T20:02:40.340+0530] {processor.py:830} INFO - Processing file /Users/aswin/Documents/data-engineering-practice/ETL_Airflow_DBT/airflow/airflow_env/lib/python3.11/site-packages/airflow/example_dags/example_dynamic_task_mapping.py for tasks to queue
[2026-04-01T20:02:40.341+0530] {logging_mixin.py:188} INFO - [2026-04-01T20:02:40.341+0530] {dagbag.py:540} INFO - Filling up the DagBag from /Users/aswin/Documents/data-engineering-practice/ETL_Airflow_DBT/airflow/airflow_env/lib/python3.11/site-packages/airflow/example_dags/example_dynamic_task_mapping.py
[2026-04-01T20:02:40.394+0530] {processor.py:840} INFO - DAG(s) 'example_dynamic_task_mapping' retrieved from /Users/aswin/Documents/data-engineering-practice/ETL_Airflow_DBT/airflow/airflow_env/lib/python3.11/site-packages/airflow/example_dags/example_dynamic_task_mapping.py
[2026-04-01T20:02:40.535+0530] {logging_mixin.py:188} INFO - [2026-04-01T20:02:40.535+0530] {dag.py:3096} INFO - Sync 1 DAGs
[2026-04-01T20:02:40.557+0530] {logging_mixin.py:188} INFO - [2026-04-01T20:02:40.556+0530] {dag.py:3954} INFO - Setting next_dagrun for example_dynamic_task_mapping to 2022-03-04 00:00:00+00:00, run_after=2022-03-05 00:00:00+00:00
[2026-04-01T20:02:40.577+0530] {processor.py:183} INFO - Processing /Users/aswin/Documents/data-engineering-practice/ETL_Airflow_DBT/airflow/airflow_env/lib/python3.11/site-packages/airflow/example_dags/example_dynamic_task_mapping.py took 0.243 seconds
[2026-04-01T20:03:19.274+0530] {processor.py:161} INFO - Started process (PID=97300) to work on /Users/aswin/Documents/data-engineering-practice/ETL_Airflow_DBT/airflow/airflow_env/lib/python3.11/site-packages/airflow/example_dags/example_dynamic_task_mapping.py
[2026-04-01T20:03:19.275+0530] {processor.py:830} INFO - Processing file /Users/aswin/Documents/data-engineering-practice/ETL_Airflow_DBT/airflow/airflow_env/lib/python3.11/site-packages/airflow/example_dags/example_dynamic_task_mapping.py for tasks to queue
[2026-04-01T20:03:19.276+0530] {logging_mixin.py:188} INFO - [2026-04-01T20:03:19.276+0530] {dagbag.py:540} INFO - Filling up the DagBag from /Users/aswin/Documents/data-engineering-practice/ETL_Airflow_DBT/airflow/airflow_env/lib/python3.11/site-packages/airflow/example_dags/example_dynamic_task_mapping.py
[2026-04-01T20:03:19.291+0530] {processor.py:840} INFO - DAG(s) 'example_dynamic_task_mapping' retrieved from /Users/aswin/Documents/data-engineering-practice/ETL_Airflow_DBT/airflow/airflow_env/lib/python3.11/site-packages/airflow/example_dags/example_dynamic_task_mapping.py
[2026-04-01T20:03:19.356+0530] {logging_mixin.py:188} INFO - [2026-04-01T20:03:19.356+0530] {dag.py:3096} INFO - Sync 1 DAGs
[2026-04-01T20:03:19.365+0530] {logging_mixin.py:188} INFO - [2026-04-01T20:03:19.365+0530] {dag.py:3954} INFO - Setting next_dagrun for example_dynamic_task_mapping to 2022-03-04 00:00:00+00:00, run_after=2022-03-05 00:00:00+00:00
[2026-04-01T20:03:19.375+0530] {processor.py:183} INFO - Processing /Users/aswin/Documents/data-engineering-practice/ETL_Airflow_DBT/airflow/airflow_env/lib/python3.11/site-packages/airflow/example_dags/example_dynamic_task_mapping.py took 0.102 seconds
[2026-04-01T20:03:50.146+0530] {processor.py:161} INFO - Started process (PID=97416) to work on /Users/aswin/Documents/data-engineering-practice/ETL_Airflow_DBT/airflow/airflow_env/lib/python3.11/site-packages/airflow/example_dags/example_dynamic_task_mapping.py
[2026-04-01T20:03:50.147+0530] {processor.py:830} INFO - Processing file /Users/aswin/Documents/data-engineering-practice/ETL_Airflow_DBT/airflow/airflow_env/lib/python3.11/site-packages/airflow/example_dags/example_dynamic_task_mapping.py for tasks to queue
[2026-04-01T20:03:50.148+0530] {logging_mixin.py:188} INFO - [2026-04-01T20:03:50.148+0530] {dagbag.py:540} INFO - Filling up the DagBag from /Users/aswin/Documents/data-engineering-practice/ETL_Airflow_DBT/airflow/airflow_env/lib/python3.11/site-packages/airflow/example_dags/example_dynamic_task_mapping.py
[2026-04-01T20:03:50.163+0530] {processor.py:840} INFO - DAG(s) 'example_dynamic_task_mapping' retrieved from /Users/aswin/Documents/data-engineering-practice/ETL_Airflow_DBT/airflow/airflow_env/lib/python3.11/site-packages/airflow/example_dags/example_dynamic_task_mapping.py
[2026-04-01T20:03:50.219+0530] {logging_mixin.py:188} INFO - [2026-04-01T20:03:50.219+0530] {dag.py:3096} INFO - Sync 1 DAGs
[2026-04-01T20:03:50.229+0530] {logging_mixin.py:188} INFO - [2026-04-01T20:03:50.229+0530] {dag.py:3954} INFO - Setting next_dagrun for example_dynamic_task_mapping to 2022-03-04 00:00:00+00:00, run_after=2022-03-05 00:00:00+00:00
[2026-04-01T20:03:50.236+0530] {processor.py:183} INFO - Processing /Users/aswin/Documents/data-engineering-practice/ETL_Airflow_DBT/airflow/airflow_env/lib/python3.11/site-packages/airflow/example_dags/example_dynamic_task_mapping.py took 0.091 seconds
[2026-04-01T20:04:25.411+0530] {processor.py:161} INFO - Started process (PID=97529) to work on /Users/aswin/Documents/data-engineering-practice/ETL_Airflow_DBT/airflow/airflow_env/lib/python3.11/site-packages/airflow/example_dags/example_dynamic_task_mapping.py
[2026-04-01T20:04:25.412+0530] {processor.py:830} INFO - Processing file /Users/aswin/Documents/data-engineering-practice/ETL_Airflow_DBT/airflow/airflow_env/lib/python3.11/site-packages/airflow/example_dags/example_dynamic_task_mapping.py for tasks to queue
[2026-04-01T20:04:25.412+0530] {logging_mixin.py:188} INFO - [2026-04-01T20:04:25.412+0530] {dagbag.py:540} INFO - Filling up the DagBag from /Users/aswin/Documents/data-engineering-practice/ETL_Airflow_DBT/airflow/airflow_env/lib/python3.11/site-packages/airflow/example_dags/example_dynamic_task_mapping.py
[2026-04-01T20:04:25.435+0530] {processor.py:840} INFO - DAG(s) 'example_dynamic_task_mapping' retrieved from /Users/aswin/Documents/data-engineering-practice/ETL_Airflow_DBT/airflow/airflow_env/lib/python3.11/site-packages/airflow/example_dags/example_dynamic_task_mapping.py
[2026-04-01T20:04:25.513+0530] {logging_mixin.py:188} INFO - [2026-04-01T20:04:25.513+0530] {dag.py:3096} INFO - Sync 1 DAGs
[2026-04-01T20:04:25.526+0530] {logging_mixin.py:188} INFO - [2026-04-01T20:04:25.526+0530] {dag.py:3954} INFO - Setting next_dagrun for example_dynamic_task_mapping to 2022-03-04 00:00:00+00:00, run_after=2022-03-05 00:00:00+00:00
[2026-04-01T20:04:25.539+0530] {processor.py:183} INFO - Processing /Users/aswin/Documents/data-engineering-practice/ETL_Airflow_DBT/airflow/airflow_env/lib/python3.11/site-packages/airflow/example_dags/example_dynamic_task_mapping.py took 0.129 seconds
[2026-04-01T20:05:04.452+0530] {processor.py:161} INFO - Started process (PID=97646) to work on /Users/aswin/Documents/data-engineering-practice/ETL_Airflow_DBT/airflow/airflow_env/lib/python3.11/site-packages/airflow/example_dags/example_dynamic_task_mapping.py
[2026-04-01T20:05:04.453+0530] {processor.py:830} INFO - Processing file /Users/aswin/Documents/data-engineering-practice/ETL_Airflow_DBT/airflow/airflow_env/lib/python3.11/site-packages/airflow/example_dags/example_dynamic_task_mapping.py for tasks to queue
[2026-04-01T20:05:04.454+0530] {logging_mixin.py:188} INFO - [2026-04-01T20:05:04.454+0530] {dagbag.py:540} INFO - Filling up the DagBag from /Users/aswin/Documents/data-engineering-practice/ETL_Airflow_DBT/airflow/airflow_env/lib/python3.11/site-packages/airflow/example_dags/example_dynamic_task_mapping.py
[2026-04-01T20:05:04.473+0530] {processor.py:840} INFO - DAG(s) 'example_dynamic_task_mapping' retrieved from /Users/aswin/Documents/data-engineering-practice/ETL_Airflow_DBT/airflow/airflow_env/lib/python3.11/site-packages/airflow/example_dags/example_dynamic_task_mapping.py
[2026-04-01T20:05:04.539+0530] {logging_mixin.py:188} INFO - [2026-04-01T20:05:04.539+0530] {dag.py:3096} INFO - Sync 1 DAGs
[2026-04-01T20:05:04.552+0530] {logging_mixin.py:188} INFO - [2026-04-01T20:05:04.552+0530] {dag.py:3954} INFO - Setting next_dagrun for example_dynamic_task_mapping to 2022-03-04 00:00:00+00:00, run_after=2022-03-05 00:00:00+00:00
[2026-04-01T20:05:04.564+0530] {processor.py:183} INFO - Processing /Users/aswin/Documents/data-engineering-practice/ETL_Airflow_DBT/airflow/airflow_env/lib/python3.11/site-packages/airflow/example_dags/example_dynamic_task_mapping.py took 0.113 seconds
[2026-04-01T20:05:42.799+0530] {processor.py:161} INFO - Started process (PID=97762) to work on /Users/aswin/Documents/data-engineering-practice/ETL_Airflow_DBT/airflow/airflow_env/lib/python3.11/site-packages/airflow/example_dags/example_dynamic_task_mapping.py
[2026-04-01T20:05:42.800+0530] {processor.py:830} INFO - Processing file /Users/aswin/Documents/data-engineering-practice/ETL_Airflow_DBT/airflow/airflow_env/lib/python3.11/site-packages/airflow/example_dags/example_dynamic_task_mapping.py for tasks to queue
[2026-04-01T20:05:42.800+0530] {logging_mixin.py:188} INFO - [2026-04-01T20:05:42.800+0530] {dagbag.py:540} INFO - Filling up the DagBag from /Users/aswin/Documents/data-engineering-practice/ETL_Airflow_DBT/airflow/airflow_env/lib/python3.11/site-packages/airflow/example_dags/example_dynamic_task_mapping.py
[2026-04-01T20:05:42.820+0530] {processor.py:840} INFO - DAG(s) 'example_dynamic_task_mapping' retrieved from /Users/aswin/Documents/data-engineering-practice/ETL_Airflow_DBT/airflow/airflow_env/lib/python3.11/site-packages/airflow/example_dags/example_dynamic_task_mapping.py
[2026-04-01T20:05:42.886+0530] {logging_mixin.py:188} INFO - [2026-04-01T20:05:42.886+0530] {dag.py:3096} INFO - Sync 1 DAGs
[2026-04-01T20:05:42.900+0530] {logging_mixin.py:188} INFO - [2026-04-01T20:05:42.899+0530] {dag.py:3954} INFO - Setting next_dagrun for example_dynamic_task_mapping to 2022-03-04 00:00:00+00:00, run_after=2022-03-05 00:00:00+00:00
[2026-04-01T20:05:42.911+0530] {processor.py:183} INFO - Processing /Users/aswin/Documents/data-engineering-practice/ETL_Airflow_DBT/airflow/airflow_env/lib/python3.11/site-packages/airflow/example_dags/example_dynamic_task_mapping.py took 0.113 seconds
[2026-04-01T20:06:23.198+0530] {processor.py:161} INFO - Started process (PID=97897) to work on /Users/aswin/Documents/data-engineering-practice/ETL_Airflow_DBT/airflow/airflow_env/lib/python3.11/site-packages/airflow/example_dags/example_dynamic_task_mapping.py
[2026-04-01T20:06:23.199+0530] {processor.py:830} INFO - Processing file /Users/aswin/Documents/data-engineering-practice/ETL_Airflow_DBT/airflow/airflow_env/lib/python3.11/site-packages/airflow/example_dags/example_dynamic_task_mapping.py for tasks to queue
[2026-04-01T20:06:23.199+0530] {logging_mixin.py:188} INFO - [2026-04-01T20:06:23.199+0530] {dagbag.py:540} INFO - Filling up the DagBag from /Users/aswin/Documents/data-engineering-practice/ETL_Airflow_DBT/airflow/airflow_env/lib/python3.11/site-packages/airflow/example_dags/example_dynamic_task_mapping.py
[2026-04-01T20:06:23.224+0530] {processor.py:840} INFO - DAG(s) 'example_dynamic_task_mapping' retrieved from /Users/aswin/Documents/data-engineering-practice/ETL_Airflow_DBT/airflow/airflow_env/lib/python3.11/site-packages/airflow/example_dags/example_dynamic_task_mapping.py
[2026-04-01T20:06:23.306+0530] {logging_mixin.py:188} INFO - [2026-04-01T20:06:23.305+0530] {dag.py:3096} INFO - Sync 1 DAGs
[2026-04-01T20:06:23.322+0530] {logging_mixin.py:188} INFO - [2026-04-01T20:06:23.322+0530] {dag.py:3954} INFO - Setting next_dagrun for example_dynamic_task_mapping to 2022-03-04 00:00:00+00:00, run_after=2022-03-05 00:00:00+00:00
[2026-04-01T20:06:23.337+0530] {processor.py:183} INFO - Processing /Users/aswin/Documents/data-engineering-practice/ETL_Airflow_DBT/airflow/airflow_env/lib/python3.11/site-packages/airflow/example_dags/example_dynamic_task_mapping.py took 0.141 seconds
[2026-04-01T20:07:08.131+0530] {processor.py:161} INFO - Started process (PID=98033) to work on /Users/aswin/Documents/data-engineering-practice/ETL_Airflow_DBT/airflow/airflow_env/lib/python3.11/site-packages/airflow/example_dags/example_dynamic_task_mapping.py
[2026-04-01T20:07:08.132+0530] {processor.py:830} INFO - Processing file /Users/aswin/Documents/data-engineering-practice/ETL_Airflow_DBT/airflow/airflow_env/lib/python3.11/site-packages/airflow/example_dags/example_dynamic_task_mapping.py for tasks to queue
[2026-04-01T20:07:08.132+0530] {logging_mixin.py:188} INFO - [2026-04-01T20:07:08.132+0530] {dagbag.py:540} INFO - Filling up the DagBag from /Users/aswin/Documents/data-engineering-practice/ETL_Airflow_DBT/airflow/airflow_env/lib/python3.11/site-packages/airflow/example_dags/example_dynamic_task_mapping.py
[2026-04-01T20:07:08.152+0530] {processor.py:840} INFO - DAG(s) 'example_dynamic_task_mapping' retrieved from /Users/aswin/Documents/data-engineering-practice/ETL_Airflow_DBT/airflow/airflow_env/lib/python3.11/site-packages/airflow/example_dags/example_dynamic_task_mapping.py
[2026-04-01T20:07:08.218+0530] {logging_mixin.py:188} INFO - [2026-04-01T20:07:08.218+0530] {dag.py:3096} INFO - Sync 1 DAGs
[2026-04-01T20:07:08.228+0530] {logging_mixin.py:188} INFO - [2026-04-01T20:07:08.228+0530] {dag.py:3954} INFO - Setting next_dagrun for example_dynamic_task_mapping to 2022-03-04 00:00:00+00:00, run_after=2022-03-05 00:00:00+00:00
[2026-04-01T20:07:08.244+0530] {processor.py:183} INFO - Processing /Users/aswin/Documents/data-engineering-practice/ETL_Airflow_DBT/airflow/airflow_env/lib/python3.11/site-packages/airflow/example_dags/example_dynamic_task_mapping.py took 0.114 seconds
[2026-04-01T20:07:53.267+0530] {processor.py:161} INFO - Started process (PID=98167) to work on /Users/aswin/Documents/data-engineering-practice/ETL_Airflow_DBT/airflow/airflow_env/lib/python3.11/site-packages/airflow/example_dags/example_dynamic_task_mapping.py
[2026-04-01T20:07:53.268+0530] {processor.py:830} INFO - Processing file /Users/aswin/Documents/data-engineering-practice/ETL_Airflow_DBT/airflow/airflow_env/lib/python3.11/site-packages/airflow/example_dags/example_dynamic_task_mapping.py for tasks to queue
[2026-04-01T20:07:53.268+0530] {logging_mixin.py:188} INFO - [2026-04-01T20:07:53.268+0530] {dagbag.py:540} INFO - Filling up the DagBag from /Users/aswin/Documents/data-engineering-practice/ETL_Airflow_DBT/airflow/airflow_env/lib/python3.11/site-packages/airflow/example_dags/example_dynamic_task_mapping.py
[2026-04-01T20:07:53.293+0530] {processor.py:840} INFO - DAG(s) 'example_dynamic_task_mapping' retrieved from /Users/aswin/Documents/data-engineering-practice/ETL_Airflow_DBT/airflow/airflow_env/lib/python3.11/site-packages/airflow/example_dags/example_dynamic_task_mapping.py
[2026-04-01T20:07:53.423+0530] {logging_mixin.py:188} INFO - [2026-04-01T20:07:53.423+0530] {dag.py:3096} INFO - Sync 1 DAGs
[2026-04-01T20:07:53.445+0530] {logging_mixin.py:188} INFO - [2026-04-01T20:07:53.444+0530] {dag.py:3954} INFO - Setting next_dagrun for example_dynamic_task_mapping to 2022-03-04 00:00:00+00:00, run_after=2022-03-05 00:00:00+00:00
[2026-04-01T20:07:53.458+0530] {processor.py:183} INFO - Processing /Users/aswin/Documents/data-engineering-practice/ETL_Airflow_DBT/airflow/airflow_env/lib/python3.11/site-packages/airflow/example_dags/example_dynamic_task_mapping.py took 0.193 seconds
[2026-04-01T20:08:42.276+0530] {processor.py:161} INFO - Started process (PID=98319) to work on /Users/aswin/Documents/data-engineering-practice/ETL_Airflow_DBT/airflow/airflow_env/lib/python3.11/site-packages/airflow/example_dags/example_dynamic_task_mapping.py
[2026-04-01T20:08:42.277+0530] {processor.py:830} INFO - Processing file /Users/aswin/Documents/data-engineering-practice/ETL_Airflow_DBT/airflow/airflow_env/lib/python3.11/site-packages/airflow/example_dags/example_dynamic_task_mapping.py for tasks to queue
[2026-04-01T20:08:42.278+0530] {logging_mixin.py:188} INFO - [2026-04-01T20:08:42.278+0530] {dagbag.py:540} INFO - Filling up the DagBag from /Users/aswin/Documents/data-engineering-practice/ETL_Airflow_DBT/airflow/airflow_env/lib/python3.11/site-packages/airflow/example_dags/example_dynamic_task_mapping.py
[2026-04-01T20:08:42.300+0530] {processor.py:840} INFO - DAG(s) 'example_dynamic_task_mapping' retrieved from /Users/aswin/Documents/data-engineering-practice/ETL_Airflow_DBT/airflow/airflow_env/lib/python3.11/site-packages/airflow/example_dags/example_dynamic_task_mapping.py
[2026-04-01T20:08:42.376+0530] {logging_mixin.py:188} INFO - [2026-04-01T20:08:42.376+0530] {dag.py:3096} INFO - Sync 1 DAGs
[2026-04-01T20:08:42.393+0530] {logging_mixin.py:188} INFO - [2026-04-01T20:08:42.392+0530] {dag.py:3954} INFO - Setting next_dagrun for example_dynamic_task_mapping to 2022-03-04 00:00:00+00:00, run_after=2022-03-05 00:00:00+00:00
[2026-04-01T20:08:42.406+0530] {processor.py:183} INFO - Processing /Users/aswin/Documents/data-engineering-practice/ETL_Airflow_DBT/airflow/airflow_env/lib/python3.11/site-packages/airflow/example_dags/example_dynamic_task_mapping.py took 0.131 seconds
[2026-04-01T20:09:28.370+0530] {processor.py:161} INFO - Started process (PID=98435) to work on /Users/aswin/Documents/data-engineering-practice/ETL_Airflow_DBT/airflow/airflow_env/lib/python3.11/site-packages/airflow/example_dags/example_dynamic_task_mapping.py
[2026-04-01T20:09:28.371+0530] {processor.py:830} INFO - Processing file /Users/aswin/Documents/data-engineering-practice/ETL_Airflow_DBT/airflow/airflow_env/lib/python3.11/site-packages/airflow/example_dags/example_dynamic_task_mapping.py for tasks to queue
[2026-04-01T20:09:28.371+0530] {logging_mixin.py:188} INFO - [2026-04-01T20:09:28.371+0530] {dagbag.py:540} INFO - Filling up the DagBag from /Users/aswin/Documents/data-engineering-practice/ETL_Airflow_DBT/airflow/airflow_env/lib/python3.11/site-packages/airflow/example_dags/example_dynamic_task_mapping.py
[2026-04-01T20:09:28.396+0530] {processor.py:840} INFO - DAG(s) 'example_dynamic_task_mapping' retrieved from /Users/aswin/Documents/data-engineering-practice/ETL_Airflow_DBT/airflow/airflow_env/lib/python3.11/site-packages/airflow/example_dags/example_dynamic_task_mapping.py
[2026-04-01T20:09:28.479+0530] {logging_mixin.py:188} INFO - [2026-04-01T20:09:28.479+0530] {dag.py:3096} INFO - Sync 1 DAGs
[2026-04-01T20:09:28.496+0530] {logging_mixin.py:188} INFO - [2026-04-01T20:09:28.496+0530] {dag.py:3954} INFO - Setting next_dagrun for example_dynamic_task_mapping to 2022-03-04 00:00:00+00:00, run_after=2022-03-05 00:00:00+00:00
[2026-04-01T20:09:28.510+0530] {processor.py:183} INFO - Processing /Users/aswin/Documents/data-engineering-practice/ETL_Airflow_DBT/airflow/airflow_env/lib/python3.11/site-packages/airflow/example_dags/example_dynamic_task_mapping.py took 0.141 seconds
[2026-04-01T20:10:09.141+0530] {processor.py:161} INFO - Started process (PID=98559) to work on /Users/aswin/Documents/data-engineering-practice/ETL_Airflow_DBT/airflow/airflow_env/lib/python3.11/site-packages/airflow/example_dags/example_dynamic_task_mapping.py
[2026-04-01T20:10:09.142+0530] {processor.py:830} INFO - Processing file /Users/aswin/Documents/data-engineering-practice/ETL_Airflow_DBT/airflow/airflow_env/lib/python3.11/site-packages/airflow/example_dags/example_dynamic_task_mapping.py for tasks to queue
[2026-04-01T20:10:09.143+0530] {logging_mixin.py:188} INFO - [2026-04-01T20:10:09.142+0530] {dagbag.py:540} INFO - Filling up the DagBag from /Users/aswin/Documents/data-engineering-practice/ETL_Airflow_DBT/airflow/airflow_env/lib/python3.11/site-packages/airflow/example_dags/example_dynamic_task_mapping.py
[2026-04-01T20:10:09.162+0530] {processor.py:840} INFO - DAG(s) 'example_dynamic_task_mapping' retrieved from /Users/aswin/Documents/data-engineering-practice/ETL_Airflow_DBT/airflow/airflow_env/lib/python3.11/site-packages/airflow/example_dags/example_dynamic_task_mapping.py
[2026-04-01T20:10:09.223+0530] {logging_mixin.py:188} INFO - [2026-04-01T20:10:09.223+0530] {dag.py:3096} INFO - Sync 1 DAGs
[2026-04-01T20:10:09.237+0530] {logging_mixin.py:188} INFO - [2026-04-01T20:10:09.236+0530] {dag.py:3954} INFO - Setting next_dagrun for example_dynamic_task_mapping to 2022-03-04 00:00:00+00:00, run_after=2022-03-05 00:00:00+00:00
[2026-04-01T20:10:09.248+0530] {processor.py:183} INFO - Processing /Users/aswin/Documents/data-engineering-practice/ETL_Airflow_DBT/airflow/airflow_env/lib/python3.11/site-packages/airflow/example_dags/example_dynamic_task_mapping.py took 0.109 seconds
[2026-04-01T20:10:49.992+0530] {processor.py:161} INFO - Started process (PID=98673) to work on /Users/aswin/Documents/data-engineering-practice/ETL_Airflow_DBT/airflow/airflow_env/lib/python3.11/site-packages/airflow/example_dags/example_dynamic_task_mapping.py
[2026-04-01T20:10:49.993+0530] {processor.py:830} INFO - Processing file /Users/aswin/Documents/data-engineering-practice/ETL_Airflow_DBT/airflow/airflow_env/lib/python3.11/site-packages/airflow/example_dags/example_dynamic_task_mapping.py for tasks to queue
[2026-04-01T20:10:49.993+0530] {logging_mixin.py:188} INFO - [2026-04-01T20:10:49.993+0530] {dagbag.py:540} INFO - Filling up the DagBag from /Users/aswin/Documents/data-engineering-practice/ETL_Airflow_DBT/airflow/airflow_env/lib/python3.11/site-packages/airflow/example_dags/example_dynamic_task_mapping.py
[2026-04-01T20:10:50.014+0530] {processor.py:840} INFO - DAG(s) 'example_dynamic_task_mapping' retrieved from /Users/aswin/Documents/data-engineering-practice/ETL_Airflow_DBT/airflow/airflow_env/lib/python3.11/site-packages/airflow/example_dags/example_dynamic_task_mapping.py
[2026-04-01T20:10:50.082+0530] {logging_mixin.py:188} INFO - [2026-04-01T20:10:50.081+0530] {dag.py:3096} INFO - Sync 1 DAGs
[2026-04-01T20:10:50.095+0530] {logging_mixin.py:188} INFO - [2026-04-01T20:10:50.095+0530] {dag.py:3954} INFO - Setting next_dagrun for example_dynamic_task_mapping to 2022-03-04 00:00:00+00:00, run_after=2022-03-05 00:00:00+00:00
[2026-04-01T20:10:50.106+0530] {processor.py:183} INFO - Processing /Users/aswin/Documents/data-engineering-practice/ETL_Airflow_DBT/airflow/airflow_env/lib/python3.11/site-packages/airflow/example_dags/example_dynamic_task_mapping.py took 0.116 seconds
[2026-04-01T20:11:27.105+0530] {processor.py:161} INFO - Started process (PID=98784) to work on /Users/aswin/Documents/data-engineering-practice/ETL_Airflow_DBT/airflow/airflow_env/lib/python3.11/site-packages/airflow/example_dags/example_dynamic_task_mapping.py
[2026-04-01T20:11:27.105+0530] {processor.py:830} INFO - Processing file /Users/aswin/Documents/data-engineering-practice/ETL_Airflow_DBT/airflow/airflow_env/lib/python3.11/site-packages/airflow/example_dags/example_dynamic_task_mapping.py for tasks to queue
[2026-04-01T20:11:27.106+0530] {logging_mixin.py:188} INFO - [2026-04-01T20:11:27.106+0530] {dagbag.py:540} INFO - Filling up the DagBag from /Users/aswin/Documents/data-engineering-practice/ETL_Airflow_DBT/airflow/airflow_env/lib/python3.11/site-packages/airflow/example_dags/example_dynamic_task_mapping.py
[2026-04-01T20:11:27.127+0530] {processor.py:840} INFO - DAG(s) 'example_dynamic_task_mapping' retrieved from /Users/aswin/Documents/data-engineering-practice/ETL_Airflow_DBT/airflow/airflow_env/lib/python3.11/site-packages/airflow/example_dags/example_dynamic_task_mapping.py
[2026-04-01T20:11:27.195+0530] {logging_mixin.py:188} INFO - [2026-04-01T20:11:27.195+0530] {dag.py:3096} INFO - Sync 1 DAGs
[2026-04-01T20:11:27.209+0530] {logging_mixin.py:188} INFO - [2026-04-01T20:11:27.209+0530] {dag.py:3954} INFO - Setting next_dagrun for example_dynamic_task_mapping to 2022-03-04 00:00:00+00:00, run_after=2022-03-05 00:00:00+00:00
[2026-04-01T20:11:27.221+0530] {processor.py:183} INFO - Processing /Users/aswin/Documents/data-engineering-practice/ETL_Airflow_DBT/airflow/airflow_env/lib/python3.11/site-packages/airflow/example_dags/example_dynamic_task_mapping.py took 0.117 seconds
[2026-04-01T20:12:04.266+0530] {processor.py:161} INFO - Started process (PID=98905) to work on /Users/aswin/Documents/data-engineering-practice/ETL_Airflow_DBT/airflow/airflow_env/lib/python3.11/site-packages/airflow/example_dags/example_dynamic_task_mapping.py
[2026-04-01T20:12:04.267+0530] {processor.py:830} INFO - Processing file /Users/aswin/Documents/data-engineering-practice/ETL_Airflow_DBT/airflow/airflow_env/lib/python3.11/site-packages/airflow/example_dags/example_dynamic_task_mapping.py for tasks to queue
[2026-04-01T20:12:04.267+0530] {logging_mixin.py:188} INFO - [2026-04-01T20:12:04.267+0530] {dagbag.py:540} INFO - Filling up the DagBag from /Users/aswin/Documents/data-engineering-practice/ETL_Airflow_DBT/airflow/airflow_env/lib/python3.11/site-packages/airflow/example_dags/example_dynamic_task_mapping.py
[2026-04-01T20:12:04.292+0530] {processor.py:840} INFO - DAG(s) 'example_dynamic_task_mapping' retrieved from /Users/aswin/Documents/data-engineering-practice/ETL_Airflow_DBT/airflow/airflow_env/lib/python3.11/site-packages/airflow/example_dags/example_dynamic_task_mapping.py
[2026-04-01T20:12:04.372+0530] {logging_mixin.py:188} INFO - [2026-04-01T20:12:04.372+0530] {dag.py:3096} INFO - Sync 1 DAGs
[2026-04-01T20:12:04.388+0530] {logging_mixin.py:188} INFO - [2026-04-01T20:12:04.388+0530] {dag.py:3954} INFO - Setting next_dagrun for example_dynamic_task_mapping to 2022-03-04 00:00:00+00:00, run_after=2022-03-05 00:00:00+00:00
[2026-04-01T20:12:04.401+0530] {processor.py:183} INFO - Processing /Users/aswin/Documents/data-engineering-practice/ETL_Airflow_DBT/airflow/airflow_env/lib/python3.11/site-packages/airflow/example_dags/example_dynamic_task_mapping.py took 0.137 seconds
[2026-04-01T20:12:44.694+0530] {processor.py:161} INFO - Started process (PID=99018) to work on /Users/aswin/Documents/data-engineering-practice/ETL_Airflow_DBT/airflow/airflow_env/lib/python3.11/site-packages/airflow/example_dags/example_dynamic_task_mapping.py
[2026-04-01T20:12:44.696+0530] {processor.py:830} INFO - Processing file /Users/aswin/Documents/data-engineering-practice/ETL_Airflow_DBT/airflow/airflow_env/lib/python3.11/site-packages/airflow/example_dags/example_dynamic_task_mapping.py for tasks to queue
[2026-04-01T20:12:44.696+0530] {logging_mixin.py:188} INFO - [2026-04-01T20:12:44.696+0530] {dagbag.py:540} INFO - Filling up the DagBag from /Users/aswin/Documents/data-engineering-practice/ETL_Airflow_DBT/airflow/airflow_env/lib/python3.11/site-packages/airflow/example_dags/example_dynamic_task_mapping.py
[2026-04-01T20:12:44.724+0530] {processor.py:840} INFO - DAG(s) 'example_dynamic_task_mapping' retrieved from /Users/aswin/Documents/data-engineering-practice/ETL_Airflow_DBT/airflow/airflow_env/lib/python3.11/site-packages/airflow/example_dags/example_dynamic_task_mapping.py
[2026-04-01T20:12:44.813+0530] {logging_mixin.py:188} INFO - [2026-04-01T20:12:44.813+0530] {dag.py:3096} INFO - Sync 1 DAGs
[2026-04-01T20:12:44.827+0530] {logging_mixin.py:188} INFO - [2026-04-01T20:12:44.827+0530] {dag.py:3954} INFO - Setting next_dagrun for example_dynamic_task_mapping to 2022-03-04 00:00:00+00:00, run_after=2022-03-05 00:00:00+00:00
[2026-04-01T20:12:44.840+0530] {processor.py:183} INFO - Processing /Users/aswin/Documents/data-engineering-practice/ETL_Airflow_DBT/airflow/airflow_env/lib/python3.11/site-packages/airflow/example_dags/example_dynamic_task_mapping.py took 0.147 seconds
[2026-04-01T20:13:29.768+0530] {processor.py:161} INFO - Started process (PID=99132) to work on /Users/aswin/Documents/data-engineering-practice/ETL_Airflow_DBT/airflow/airflow_env/lib/python3.11/site-packages/airflow/example_dags/example_dynamic_task_mapping.py
[2026-04-01T20:13:29.769+0530] {processor.py:830} INFO - Processing file /Users/aswin/Documents/data-engineering-practice/ETL_Airflow_DBT/airflow/airflow_env/lib/python3.11/site-packages/airflow/example_dags/example_dynamic_task_mapping.py for tasks to queue
[2026-04-01T20:13:29.769+0530] {logging_mixin.py:188} INFO - [2026-04-01T20:13:29.769+0530] {dagbag.py:540} INFO - Filling up the DagBag from /Users/aswin/Documents/data-engineering-practice/ETL_Airflow_DBT/airflow/airflow_env/lib/python3.11/site-packages/airflow/example_dags/example_dynamic_task_mapping.py
[2026-04-01T20:13:29.794+0530] {processor.py:840} INFO - DAG(s) 'example_dynamic_task_mapping' retrieved from /Users/aswin/Documents/data-engineering-practice/ETL_Airflow_DBT/airflow/airflow_env/lib/python3.11/site-packages/airflow/example_dags/example_dynamic_task_mapping.py
[2026-04-01T20:13:29.876+0530] {logging_mixin.py:188} INFO - [2026-04-01T20:13:29.876+0530] {dag.py:3096} INFO - Sync 1 DAGs
[2026-04-01T20:13:29.892+0530] {logging_mixin.py:188} INFO - [2026-04-01T20:13:29.892+0530] {dag.py:3954} INFO - Setting next_dagrun for example_dynamic_task_mapping to 2022-03-04 00:00:00+00:00, run_after=2022-03-05 00:00:00+00:00
[2026-04-01T20:13:29.905+0530] {processor.py:183} INFO - Processing /Users/aswin/Documents/data-engineering-practice/ETL_Airflow_DBT/airflow/airflow_env/lib/python3.11/site-packages/airflow/example_dags/example_dynamic_task_mapping.py took 0.138 seconds
[2026-04-01T20:14:13.030+0530] {processor.py:161} INFO - Started process (PID=99243) to work on /Users/aswin/Documents/data-engineering-practice/ETL_Airflow_DBT/airflow/airflow_env/lib/python3.11/site-packages/airflow/example_dags/example_dynamic_task_mapping.py
[2026-04-01T20:14:13.031+0530] {processor.py:830} INFO - Processing file /Users/aswin/Documents/data-engineering-practice/ETL_Airflow_DBT/airflow/airflow_env/lib/python3.11/site-packages/airflow/example_dags/example_dynamic_task_mapping.py for tasks to queue
[2026-04-01T20:14:13.031+0530] {logging_mixin.py:188} INFO - [2026-04-01T20:14:13.031+0530] {dagbag.py:540} INFO - Filling up the DagBag from /Users/aswin/Documents/data-engineering-practice/ETL_Airflow_DBT/airflow/airflow_env/lib/python3.11/site-packages/airflow/example_dags/example_dynamic_task_mapping.py
[2026-04-01T20:14:13.060+0530] {processor.py:840} INFO - DAG(s) 'example_dynamic_task_mapping' retrieved from /Users/aswin/Documents/data-engineering-practice/ETL_Airflow_DBT/airflow/airflow_env/lib/python3.11/site-packages/airflow/example_dags/example_dynamic_task_mapping.py
[2026-04-01T20:14:13.148+0530] {logging_mixin.py:188} INFO - [2026-04-01T20:14:13.147+0530] {dag.py:3096} INFO - Sync 1 DAGs
[2026-04-01T20:14:13.164+0530] {logging_mixin.py:188} INFO - [2026-04-01T20:14:13.164+0530] {dag.py:3954} INFO - Setting next_dagrun for example_dynamic_task_mapping to 2022-03-04 00:00:00+00:00, run_after=2022-03-05 00:00:00+00:00
[2026-04-01T20:14:13.180+0530] {processor.py:183} INFO - Processing /Users/aswin/Documents/data-engineering-practice/ETL_Airflow_DBT/airflow/airflow_env/lib/python3.11/site-packages/airflow/example_dags/example_dynamic_task_mapping.py took 0.152 seconds
[2026-04-01T20:15:02.598+0530] {processor.py:161} INFO - Started process (PID=99360) to work on /Users/aswin/Documents/data-engineering-practice/ETL_Airflow_DBT/airflow/airflow_env/lib/python3.11/site-packages/airflow/example_dags/example_dynamic_task_mapping.py
[2026-04-01T20:15:02.599+0530] {processor.py:830} INFO - Processing file /Users/aswin/Documents/data-engineering-practice/ETL_Airflow_DBT/airflow/airflow_env/lib/python3.11/site-packages/airflow/example_dags/example_dynamic_task_mapping.py for tasks to queue
[2026-04-01T20:15:02.599+0530] {logging_mixin.py:188} INFO - [2026-04-01T20:15:02.599+0530] {dagbag.py:540} INFO - Filling up the DagBag from /Users/aswin/Documents/data-engineering-practice/ETL_Airflow_DBT/airflow/airflow_env/lib/python3.11/site-packages/airflow/example_dags/example_dynamic_task_mapping.py
[2026-04-01T20:15:02.624+0530] {processor.py:840} INFO - DAG(s) 'example_dynamic_task_mapping' retrieved from /Users/aswin/Documents/data-engineering-practice/ETL_Airflow_DBT/airflow/airflow_env/lib/python3.11/site-packages/airflow/example_dags/example_dynamic_task_mapping.py
[2026-04-01T20:15:02.704+0530] {logging_mixin.py:188} INFO - [2026-04-01T20:15:02.703+0530] {dag.py:3096} INFO - Sync 1 DAGs
[2026-04-01T20:15:02.716+0530] {logging_mixin.py:188} INFO - [2026-04-01T20:15:02.716+0530] {dag.py:3954} INFO - Setting next_dagrun for example_dynamic_task_mapping to 2022-03-04 00:00:00+00:00, run_after=2022-03-05 00:00:00+00:00
[2026-04-01T20:15:02.726+0530] {processor.py:183} INFO - Processing /Users/aswin/Documents/data-engineering-practice/ETL_Airflow_DBT/airflow/airflow_env/lib/python3.11/site-packages/airflow/example_dags/example_dynamic_task_mapping.py took 0.130 seconds
[2026-04-01T20:15:50.247+0530] {processor.py:161} INFO - Started process (PID=99492) to work on /Users/aswin/Documents/data-engineering-practice/ETL_Airflow_DBT/airflow/airflow_env/lib/python3.11/site-packages/airflow/example_dags/example_dynamic_task_mapping.py
[2026-04-01T20:15:50.247+0530] {processor.py:830} INFO - Processing file /Users/aswin/Documents/data-engineering-practice/ETL_Airflow_DBT/airflow/airflow_env/lib/python3.11/site-packages/airflow/example_dags/example_dynamic_task_mapping.py for tasks to queue
[2026-04-01T20:15:50.248+0530] {logging_mixin.py:188} INFO - [2026-04-01T20:15:50.247+0530] {dagbag.py:540} INFO - Filling up the DagBag from /Users/aswin/Documents/data-engineering-practice/ETL_Airflow_DBT/airflow/airflow_env/lib/python3.11/site-packages/airflow/example_dags/example_dynamic_task_mapping.py
[2026-04-01T20:15:50.265+0530] {processor.py:840} INFO - DAG(s) 'example_dynamic_task_mapping' retrieved from /Users/aswin/Documents/data-engineering-practice/ETL_Airflow_DBT/airflow/airflow_env/lib/python3.11/site-packages/airflow/example_dags/example_dynamic_task_mapping.py
[2026-04-01T20:15:50.324+0530] {logging_mixin.py:188} INFO - [2026-04-01T20:15:50.324+0530] {dag.py:3096} INFO - Sync 1 DAGs
[2026-04-01T20:15:50.335+0530] {logging_mixin.py:188} INFO - [2026-04-01T20:15:50.335+0530] {dag.py:3954} INFO - Setting next_dagrun for example_dynamic_task_mapping to 2022-03-04 00:00:00+00:00, run_after=2022-03-05 00:00:00+00:00
[2026-04-01T20:15:50.344+0530] {processor.py:183} INFO - Processing /Users/aswin/Documents/data-engineering-practice/ETL_Airflow_DBT/airflow/airflow_env/lib/python3.11/site-packages/airflow/example_dags/example_dynamic_task_mapping.py took 0.098 seconds
[2026-04-01T20:16:25.983+0530] {processor.py:161} INFO - Started process (PID=99611) to work on /Users/aswin/Documents/data-engineering-practice/ETL_Airflow_DBT/airflow/airflow_env/lib/python3.11/site-packages/airflow/example_dags/example_dynamic_task_mapping.py
[2026-04-01T20:16:25.984+0530] {processor.py:830} INFO - Processing file /Users/aswin/Documents/data-engineering-practice/ETL_Airflow_DBT/airflow/airflow_env/lib/python3.11/site-packages/airflow/example_dags/example_dynamic_task_mapping.py for tasks to queue
[2026-04-01T20:16:25.984+0530] {logging_mixin.py:188} INFO - [2026-04-01T20:16:25.984+0530] {dagbag.py:540} INFO - Filling up the DagBag from /Users/aswin/Documents/data-engineering-practice/ETL_Airflow_DBT/airflow/airflow_env/lib/python3.11/site-packages/airflow/example_dags/example_dynamic_task_mapping.py
[2026-04-01T20:16:26.005+0530] {processor.py:840} INFO - DAG(s) 'example_dynamic_task_mapping' retrieved from /Users/aswin/Documents/data-engineering-practice/ETL_Airflow_DBT/airflow/airflow_env/lib/python3.11/site-packages/airflow/example_dags/example_dynamic_task_mapping.py
[2026-04-01T20:16:26.074+0530] {logging_mixin.py:188} INFO - [2026-04-01T20:16:26.073+0530] {dag.py:3096} INFO - Sync 1 DAGs
[2026-04-01T20:16:26.086+0530] {logging_mixin.py:188} INFO - [2026-04-01T20:16:26.086+0530] {dag.py:3954} INFO - Setting next_dagrun for example_dynamic_task_mapping to 2022-03-04 00:00:00+00:00, run_after=2022-03-05 00:00:00+00:00
[2026-04-01T20:16:26.097+0530] {processor.py:183} INFO - Processing /Users/aswin/Documents/data-engineering-practice/ETL_Airflow_DBT/airflow/airflow_env/lib/python3.11/site-packages/airflow/example_dags/example_dynamic_task_mapping.py took 0.116 seconds
[2026-04-01T20:17:03.771+0530] {processor.py:161} INFO - Started process (PID=99727) to work on /Users/aswin/Documents/data-engineering-practice/ETL_Airflow_DBT/airflow/airflow_env/lib/python3.11/site-packages/airflow/example_dags/example_dynamic_task_mapping.py
[2026-04-01T20:17:03.771+0530] {processor.py:830} INFO - Processing file /Users/aswin/Documents/data-engineering-practice/ETL_Airflow_DBT/airflow/airflow_env/lib/python3.11/site-packages/airflow/example_dags/example_dynamic_task_mapping.py for tasks to queue
[2026-04-01T20:17:03.772+0530] {logging_mixin.py:188} INFO - [2026-04-01T20:17:03.772+0530] {dagbag.py:540} INFO - Filling up the DagBag from /Users/aswin/Documents/data-engineering-practice/ETL_Airflow_DBT/airflow/airflow_env/lib/python3.11/site-packages/airflow/example_dags/example_dynamic_task_mapping.py
[2026-04-01T20:17:03.795+0530] {processor.py:840} INFO - DAG(s) 'example_dynamic_task_mapping' retrieved from /Users/aswin/Documents/data-engineering-practice/ETL_Airflow_DBT/airflow/airflow_env/lib/python3.11/site-packages/airflow/example_dags/example_dynamic_task_mapping.py
[2026-04-01T20:17:03.866+0530] {logging_mixin.py:188} INFO - [2026-04-01T20:17:03.865+0530] {dag.py:3096} INFO - Sync 1 DAGs
[2026-04-01T20:17:03.880+0530] {logging_mixin.py:188} INFO - [2026-04-01T20:17:03.880+0530] {dag.py:3954} INFO - Setting next_dagrun for example_dynamic_task_mapping to 2022-03-04 00:00:00+00:00, run_after=2022-03-05 00:00:00+00:00
[2026-04-01T20:17:03.914+0530] {processor.py:183} INFO - Processing /Users/aswin/Documents/data-engineering-practice/ETL_Airflow_DBT/airflow/airflow_env/lib/python3.11/site-packages/airflow/example_dags/example_dynamic_task_mapping.py took 0.145 seconds
[2026-04-01T20:17:46.332+0530] {processor.py:161} INFO - Started process (PID=99852) to work on /Users/aswin/Documents/data-engineering-practice/ETL_Airflow_DBT/airflow/airflow_env/lib/python3.11/site-packages/airflow/example_dags/example_dynamic_task_mapping.py
[2026-04-01T20:17:46.333+0530] {processor.py:830} INFO - Processing file /Users/aswin/Documents/data-engineering-practice/ETL_Airflow_DBT/airflow/airflow_env/lib/python3.11/site-packages/airflow/example_dags/example_dynamic_task_mapping.py for tasks to queue
[2026-04-01T20:17:46.334+0530] {logging_mixin.py:188} INFO - [2026-04-01T20:17:46.334+0530] {dagbag.py:540} INFO - Filling up the DagBag from /Users/aswin/Documents/data-engineering-practice/ETL_Airflow_DBT/airflow/airflow_env/lib/python3.11/site-packages/airflow/example_dags/example_dynamic_task_mapping.py
[2026-04-01T20:17:46.363+0530] {processor.py:840} INFO - DAG(s) 'example_dynamic_task_mapping' retrieved from /Users/aswin/Documents/data-engineering-practice/ETL_Airflow_DBT/airflow/airflow_env/lib/python3.11/site-packages/airflow/example_dags/example_dynamic_task_mapping.py
[2026-04-01T20:17:46.455+0530] {logging_mixin.py:188} INFO - [2026-04-01T20:17:46.455+0530] {dag.py:3096} INFO - Sync 1 DAGs
[2026-04-01T20:17:46.473+0530] {logging_mixin.py:188} INFO - [2026-04-01T20:17:46.473+0530] {dag.py:3954} INFO - Setting next_dagrun for example_dynamic_task_mapping to 2022-03-04 00:00:00+00:00, run_after=2022-03-05 00:00:00+00:00
[2026-04-01T20:17:46.488+0530] {processor.py:183} INFO - Processing /Users/aswin/Documents/data-engineering-practice/ETL_Airflow_DBT/airflow/airflow_env/lib/python3.11/site-packages/airflow/example_dags/example_dynamic_task_mapping.py took 0.158 seconds
[2026-04-01T20:18:39.178+0530] {processor.py:161} INFO - Started process (PID=99986) to work on /Users/aswin/Documents/data-engineering-practice/ETL_Airflow_DBT/airflow/airflow_env/lib/python3.11/site-packages/airflow/example_dags/example_dynamic_task_mapping.py
[2026-04-01T20:18:39.179+0530] {processor.py:830} INFO - Processing file /Users/aswin/Documents/data-engineering-practice/ETL_Airflow_DBT/airflow/airflow_env/lib/python3.11/site-packages/airflow/example_dags/example_dynamic_task_mapping.py for tasks to queue
[2026-04-01T20:18:39.179+0530] {logging_mixin.py:188} INFO - [2026-04-01T20:18:39.179+0530] {dagbag.py:540} INFO - Filling up the DagBag from /Users/aswin/Documents/data-engineering-practice/ETL_Airflow_DBT/airflow/airflow_env/lib/python3.11/site-packages/airflow/example_dags/example_dynamic_task_mapping.py
[2026-04-01T20:18:39.202+0530] {processor.py:840} INFO - DAG(s) 'example_dynamic_task_mapping' retrieved from /Users/aswin/Documents/data-engineering-practice/ETL_Airflow_DBT/airflow/airflow_env/lib/python3.11/site-packages/airflow/example_dags/example_dynamic_task_mapping.py
[2026-04-01T20:18:39.276+0530] {logging_mixin.py:188} INFO - [2026-04-01T20:18:39.275+0530] {dag.py:3096} INFO - Sync 1 DAGs
[2026-04-01T20:18:39.290+0530] {logging_mixin.py:188} INFO - [2026-04-01T20:18:39.290+0530] {dag.py:3954} INFO - Setting next_dagrun for example_dynamic_task_mapping to 2022-03-04 00:00:00+00:00, run_after=2022-03-05 00:00:00+00:00
[2026-04-01T20:18:39.301+0530] {processor.py:183} INFO - Processing /Users/aswin/Documents/data-engineering-practice/ETL_Airflow_DBT/airflow/airflow_env/lib/python3.11/site-packages/airflow/example_dags/example_dynamic_task_mapping.py took 0.124 seconds
[2026-04-01T20:19:17.474+0530] {processor.py:161} INFO - Started process (PID=223) to work on /Users/aswin/Documents/data-engineering-practice/ETL_Airflow_DBT/airflow/airflow_env/lib/python3.11/site-packages/airflow/example_dags/example_dynamic_task_mapping.py
[2026-04-01T20:19:17.475+0530] {processor.py:830} INFO - Processing file /Users/aswin/Documents/data-engineering-practice/ETL_Airflow_DBT/airflow/airflow_env/lib/python3.11/site-packages/airflow/example_dags/example_dynamic_task_mapping.py for tasks to queue
[2026-04-01T20:19:17.476+0530] {logging_mixin.py:188} INFO - [2026-04-01T20:19:17.476+0530] {dagbag.py:540} INFO - Filling up the DagBag from /Users/aswin/Documents/data-engineering-practice/ETL_Airflow_DBT/airflow/airflow_env/lib/python3.11/site-packages/airflow/example_dags/example_dynamic_task_mapping.py
[2026-04-01T20:19:17.501+0530] {processor.py:840} INFO - DAG(s) 'example_dynamic_task_mapping' retrieved from /Users/aswin/Documents/data-engineering-practice/ETL_Airflow_DBT/airflow/airflow_env/lib/python3.11/site-packages/airflow/example_dags/example_dynamic_task_mapping.py
[2026-04-01T20:19:17.577+0530] {logging_mixin.py:188} INFO - [2026-04-01T20:19:17.577+0530] {dag.py:3096} INFO - Sync 1 DAGs
[2026-04-01T20:19:17.592+0530] {logging_mixin.py:188} INFO - [2026-04-01T20:19:17.592+0530] {dag.py:3954} INFO - Setting next_dagrun for example_dynamic_task_mapping to 2022-03-04 00:00:00+00:00, run_after=2022-03-05 00:00:00+00:00
[2026-04-01T20:19:17.604+0530] {processor.py:183} INFO - Processing /Users/aswin/Documents/data-engineering-practice/ETL_Airflow_DBT/airflow/airflow_env/lib/python3.11/site-packages/airflow/example_dags/example_dynamic_task_mapping.py took 0.132 seconds
[2026-04-01T20:19:58.721+0530] {processor.py:161} INFO - Started process (PID=350) to work on /Users/aswin/Documents/data-engineering-practice/ETL_Airflow_DBT/airflow/airflow_env/lib/python3.11/site-packages/airflow/example_dags/example_dynamic_task_mapping.py
[2026-04-01T20:19:58.722+0530] {processor.py:830} INFO - Processing file /Users/aswin/Documents/data-engineering-practice/ETL_Airflow_DBT/airflow/airflow_env/lib/python3.11/site-packages/airflow/example_dags/example_dynamic_task_mapping.py for tasks to queue
[2026-04-01T20:19:58.722+0530] {logging_mixin.py:188} INFO - [2026-04-01T20:19:58.722+0530] {dagbag.py:540} INFO - Filling up the DagBag from /Users/aswin/Documents/data-engineering-practice/ETL_Airflow_DBT/airflow/airflow_env/lib/python3.11/site-packages/airflow/example_dags/example_dynamic_task_mapping.py
[2026-04-01T20:19:58.748+0530] {processor.py:840} INFO - DAG(s) 'example_dynamic_task_mapping' retrieved from /Users/aswin/Documents/data-engineering-practice/ETL_Airflow_DBT/airflow/airflow_env/lib/python3.11/site-packages/airflow/example_dags/example_dynamic_task_mapping.py
[2026-04-01T20:19:58.831+0530] {logging_mixin.py:188} INFO - [2026-04-01T20:19:58.831+0530] {dag.py:3096} INFO - Sync 1 DAGs
[2026-04-01T20:19:58.847+0530] {logging_mixin.py:188} INFO - [2026-04-01T20:19:58.847+0530] {dag.py:3954} INFO - Setting next_dagrun for example_dynamic_task_mapping to 2022-03-04 00:00:00+00:00, run_after=2022-03-05 00:00:00+00:00
[2026-04-01T20:19:58.860+0530] {processor.py:183} INFO - Processing /Users/aswin/Documents/data-engineering-practice/ETL_Airflow_DBT/airflow/airflow_env/lib/python3.11/site-packages/airflow/example_dags/example_dynamic_task_mapping.py took 0.141 seconds
[2026-04-01T20:20:43.476+0530] {processor.py:161} INFO - Started process (PID=489) to work on /Users/aswin/Documents/data-engineering-practice/ETL_Airflow_DBT/airflow/airflow_env/lib/python3.11/site-packages/airflow/example_dags/example_dynamic_task_mapping.py
[2026-04-01T20:20:43.477+0530] {processor.py:830} INFO - Processing file /Users/aswin/Documents/data-engineering-practice/ETL_Airflow_DBT/airflow/airflow_env/lib/python3.11/site-packages/airflow/example_dags/example_dynamic_task_mapping.py for tasks to queue
[2026-04-01T20:20:43.477+0530] {logging_mixin.py:188} INFO - [2026-04-01T20:20:43.477+0530] {dagbag.py:540} INFO - Filling up the DagBag from /Users/aswin/Documents/data-engineering-practice/ETL_Airflow_DBT/airflow/airflow_env/lib/python3.11/site-packages/airflow/example_dags/example_dynamic_task_mapping.py
[2026-04-01T20:20:43.497+0530] {processor.py:840} INFO - DAG(s) 'example_dynamic_task_mapping' retrieved from /Users/aswin/Documents/data-engineering-practice/ETL_Airflow_DBT/airflow/airflow_env/lib/python3.11/site-packages/airflow/example_dags/example_dynamic_task_mapping.py
[2026-04-01T20:20:43.564+0530] {logging_mixin.py:188} INFO - [2026-04-01T20:20:43.563+0530] {dag.py:3096} INFO - Sync 1 DAGs
[2026-04-01T20:20:43.577+0530] {logging_mixin.py:188} INFO - [2026-04-01T20:20:43.577+0530] {dag.py:3954} INFO - Setting next_dagrun for example_dynamic_task_mapping to 2022-03-04 00:00:00+00:00, run_after=2022-03-05 00:00:00+00:00
[2026-04-01T20:20:43.589+0530] {processor.py:183} INFO - Processing /Users/aswin/Documents/data-engineering-practice/ETL_Airflow_DBT/airflow/airflow_env/lib/python3.11/site-packages/airflow/example_dags/example_dynamic_task_mapping.py took 0.114 seconds
[2026-04-01T20:21:23.910+0530] {processor.py:161} INFO - Started process (PID=682) to work on /Users/aswin/Documents/data-engineering-practice/ETL_Airflow_DBT/airflow/airflow_env/lib/python3.11/site-packages/airflow/example_dags/example_dynamic_task_mapping.py
[2026-04-01T20:21:23.912+0530] {processor.py:830} INFO - Processing file /Users/aswin/Documents/data-engineering-practice/ETL_Airflow_DBT/airflow/airflow_env/lib/python3.11/site-packages/airflow/example_dags/example_dynamic_task_mapping.py for tasks to queue
[2026-04-01T20:21:23.912+0530] {logging_mixin.py:188} INFO - [2026-04-01T20:21:23.912+0530] {dagbag.py:540} INFO - Filling up the DagBag from /Users/aswin/Documents/data-engineering-practice/ETL_Airflow_DBT/airflow/airflow_env/lib/python3.11/site-packages/airflow/example_dags/example_dynamic_task_mapping.py
[2026-04-01T20:21:23.937+0530] {processor.py:840} INFO - DAG(s) 'example_dynamic_task_mapping' retrieved from /Users/aswin/Documents/data-engineering-practice/ETL_Airflow_DBT/airflow/airflow_env/lib/python3.11/site-packages/airflow/example_dags/example_dynamic_task_mapping.py
[2026-04-01T20:21:24.018+0530] {logging_mixin.py:188} INFO - [2026-04-01T20:21:24.017+0530] {dag.py:3096} INFO - Sync 1 DAGs
[2026-04-01T20:21:24.034+0530] {logging_mixin.py:188} INFO - [2026-04-01T20:21:24.034+0530] {dag.py:3954} INFO - Setting next_dagrun for example_dynamic_task_mapping to 2022-03-04 00:00:00+00:00, run_after=2022-03-05 00:00:00+00:00
[2026-04-01T20:21:24.047+0530] {processor.py:183} INFO - Processing /Users/aswin/Documents/data-engineering-practice/ETL_Airflow_DBT/airflow/airflow_env/lib/python3.11/site-packages/airflow/example_dags/example_dynamic_task_mapping.py took 0.138 seconds
[2026-04-01T20:22:00.534+0530] {processor.py:161} INFO - Started process (PID=806) to work on /Users/aswin/Documents/data-engineering-practice/ETL_Airflow_DBT/airflow/airflow_env/lib/python3.11/site-packages/airflow/example_dags/example_dynamic_task_mapping.py
[2026-04-01T20:22:00.535+0530] {processor.py:830} INFO - Processing file /Users/aswin/Documents/data-engineering-practice/ETL_Airflow_DBT/airflow/airflow_env/lib/python3.11/site-packages/airflow/example_dags/example_dynamic_task_mapping.py for tasks to queue
[2026-04-01T20:22:00.535+0530] {logging_mixin.py:188} INFO - [2026-04-01T20:22:00.535+0530] {dagbag.py:540} INFO - Filling up the DagBag from /Users/aswin/Documents/data-engineering-practice/ETL_Airflow_DBT/airflow/airflow_env/lib/python3.11/site-packages/airflow/example_dags/example_dynamic_task_mapping.py
[2026-04-01T20:22:00.557+0530] {processor.py:840} INFO - DAG(s) 'example_dynamic_task_mapping' retrieved from /Users/aswin/Documents/data-engineering-practice/ETL_Airflow_DBT/airflow/airflow_env/lib/python3.11/site-packages/airflow/example_dags/example_dynamic_task_mapping.py
[2026-04-01T20:22:00.632+0530] {logging_mixin.py:188} INFO - [2026-04-01T20:22:00.632+0530] {dag.py:3096} INFO - Sync 1 DAGs
[2026-04-01T20:22:00.648+0530] {logging_mixin.py:188} INFO - [2026-04-01T20:22:00.648+0530] {dag.py:3954} INFO - Setting next_dagrun for example_dynamic_task_mapping to 2022-03-04 00:00:00+00:00, run_after=2022-03-05 00:00:00+00:00
[2026-04-01T20:22:00.666+0530] {processor.py:183} INFO - Processing /Users/aswin/Documents/data-engineering-practice/ETL_Airflow_DBT/airflow/airflow_env/lib/python3.11/site-packages/airflow/example_dags/example_dynamic_task_mapping.py took 0.133 seconds
[2026-04-01T20:22:39.102+0530] {processor.py:161} INFO - Started process (PID=935) to work on /Users/aswin/Documents/data-engineering-practice/ETL_Airflow_DBT/airflow/airflow_env/lib/python3.11/site-packages/airflow/example_dags/example_dynamic_task_mapping.py
[2026-04-01T20:22:39.102+0530] {processor.py:830} INFO - Processing file /Users/aswin/Documents/data-engineering-practice/ETL_Airflow_DBT/airflow/airflow_env/lib/python3.11/site-packages/airflow/example_dags/example_dynamic_task_mapping.py for tasks to queue
[2026-04-01T20:22:39.103+0530] {logging_mixin.py:188} INFO - [2026-04-01T20:22:39.103+0530] {dagbag.py:540} INFO - Filling up the DagBag from /Users/aswin/Documents/data-engineering-practice/ETL_Airflow_DBT/airflow/airflow_env/lib/python3.11/site-packages/airflow/example_dags/example_dynamic_task_mapping.py
[2026-04-01T20:22:39.125+0530] {processor.py:840} INFO - DAG(s) 'example_dynamic_task_mapping' retrieved from /Users/aswin/Documents/data-engineering-practice/ETL_Airflow_DBT/airflow/airflow_env/lib/python3.11/site-packages/airflow/example_dags/example_dynamic_task_mapping.py
[2026-04-01T20:22:39.197+0530] {logging_mixin.py:188} INFO - [2026-04-01T20:22:39.197+0530] {dag.py:3096} INFO - Sync 1 DAGs
[2026-04-01T20:22:39.208+0530] {logging_mixin.py:188} INFO - [2026-04-01T20:22:39.208+0530] {dag.py:3954} INFO - Setting next_dagrun for example_dynamic_task_mapping to 2022-03-04 00:00:00+00:00, run_after=2022-03-05 00:00:00+00:00
[2026-04-01T20:22:39.219+0530] {processor.py:183} INFO - Processing /Users/aswin/Documents/data-engineering-practice/ETL_Airflow_DBT/airflow/airflow_env/lib/python3.11/site-packages/airflow/example_dags/example_dynamic_task_mapping.py took 0.119 seconds
[2026-04-01T20:23:18.415+0530] {processor.py:161} INFO - Started process (PID=1077) to work on /Users/aswin/Documents/data-engineering-practice/ETL_Airflow_DBT/airflow/airflow_env/lib/python3.11/site-packages/airflow/example_dags/example_dynamic_task_mapping.py
[2026-04-01T20:23:18.416+0530] {processor.py:830} INFO - Processing file /Users/aswin/Documents/data-engineering-practice/ETL_Airflow_DBT/airflow/airflow_env/lib/python3.11/site-packages/airflow/example_dags/example_dynamic_task_mapping.py for tasks to queue
[2026-04-01T20:23:18.416+0530] {logging_mixin.py:188} INFO - [2026-04-01T20:23:18.416+0530] {dagbag.py:540} INFO - Filling up the DagBag from /Users/aswin/Documents/data-engineering-practice/ETL_Airflow_DBT/airflow/airflow_env/lib/python3.11/site-packages/airflow/example_dags/example_dynamic_task_mapping.py
[2026-04-01T20:23:18.447+0530] {processor.py:840} INFO - DAG(s) 'example_dynamic_task_mapping' retrieved from /Users/aswin/Documents/data-engineering-practice/ETL_Airflow_DBT/airflow/airflow_env/lib/python3.11/site-packages/airflow/example_dags/example_dynamic_task_mapping.py
[2026-04-01T20:23:18.545+0530] {logging_mixin.py:188} INFO - [2026-04-01T20:23:18.545+0530] {dag.py:3096} INFO - Sync 1 DAGs
[2026-04-01T20:23:18.563+0530] {logging_mixin.py:188} INFO - [2026-04-01T20:23:18.563+0530] {dag.py:3954} INFO - Setting next_dagrun for example_dynamic_task_mapping to 2022-03-04 00:00:00+00:00, run_after=2022-03-05 00:00:00+00:00
[2026-04-01T20:23:18.577+0530] {processor.py:183} INFO - Processing /Users/aswin/Documents/data-engineering-practice/ETL_Airflow_DBT/airflow/airflow_env/lib/python3.11/site-packages/airflow/example_dags/example_dynamic_task_mapping.py took 0.164 seconds
[2026-04-01T20:24:02.309+0530] {processor.py:161} INFO - Started process (PID=1211) to work on /Users/aswin/Documents/data-engineering-practice/ETL_Airflow_DBT/airflow/airflow_env/lib/python3.11/site-packages/airflow/example_dags/example_dynamic_task_mapping.py
[2026-04-01T20:24:02.310+0530] {processor.py:830} INFO - Processing file /Users/aswin/Documents/data-engineering-practice/ETL_Airflow_DBT/airflow/airflow_env/lib/python3.11/site-packages/airflow/example_dags/example_dynamic_task_mapping.py for tasks to queue
[2026-04-01T20:24:02.311+0530] {logging_mixin.py:188} INFO - [2026-04-01T20:24:02.310+0530] {dagbag.py:540} INFO - Filling up the DagBag from /Users/aswin/Documents/data-engineering-practice/ETL_Airflow_DBT/airflow/airflow_env/lib/python3.11/site-packages/airflow/example_dags/example_dynamic_task_mapping.py
[2026-04-01T20:24:02.336+0530] {processor.py:840} INFO - DAG(s) 'example_dynamic_task_mapping' retrieved from /Users/aswin/Documents/data-engineering-practice/ETL_Airflow_DBT/airflow/airflow_env/lib/python3.11/site-packages/airflow/example_dags/example_dynamic_task_mapping.py
[2026-04-01T20:24:02.417+0530] {logging_mixin.py:188} INFO - [2026-04-01T20:24:02.417+0530] {dag.py:3096} INFO - Sync 1 DAGs
[2026-04-01T20:24:02.433+0530] {logging_mixin.py:188} INFO - [2026-04-01T20:24:02.433+0530] {dag.py:3954} INFO - Setting next_dagrun for example_dynamic_task_mapping to 2022-03-04 00:00:00+00:00, run_after=2022-03-05 00:00:00+00:00
[2026-04-01T20:24:02.446+0530] {processor.py:183} INFO - Processing /Users/aswin/Documents/data-engineering-practice/ETL_Airflow_DBT/airflow/airflow_env/lib/python3.11/site-packages/airflow/example_dags/example_dynamic_task_mapping.py took 0.138 seconds
[2026-04-01T20:24:50.254+0530] {processor.py:161} INFO - Started process (PID=1384) to work on /Users/aswin/Documents/data-engineering-practice/ETL_Airflow_DBT/airflow/airflow_env/lib/python3.11/site-packages/airflow/example_dags/example_dynamic_task_mapping.py
[2026-04-01T20:24:50.254+0530] {processor.py:830} INFO - Processing file /Users/aswin/Documents/data-engineering-practice/ETL_Airflow_DBT/airflow/airflow_env/lib/python3.11/site-packages/airflow/example_dags/example_dynamic_task_mapping.py for tasks to queue
[2026-04-01T20:24:50.255+0530] {logging_mixin.py:188} INFO - [2026-04-01T20:24:50.255+0530] {dagbag.py:540} INFO - Filling up the DagBag from /Users/aswin/Documents/data-engineering-practice/ETL_Airflow_DBT/airflow/airflow_env/lib/python3.11/site-packages/airflow/example_dags/example_dynamic_task_mapping.py
[2026-04-01T20:24:50.279+0530] {processor.py:840} INFO - DAG(s) 'example_dynamic_task_mapping' retrieved from /Users/aswin/Documents/data-engineering-practice/ETL_Airflow_DBT/airflow/airflow_env/lib/python3.11/site-packages/airflow/example_dags/example_dynamic_task_mapping.py
[2026-04-01T20:24:50.355+0530] {logging_mixin.py:188} INFO - [2026-04-01T20:24:50.355+0530] {dag.py:3096} INFO - Sync 1 DAGs
[2026-04-01T20:24:50.372+0530] {logging_mixin.py:188} INFO - [2026-04-01T20:24:50.371+0530] {dag.py:3954} INFO - Setting next_dagrun for example_dynamic_task_mapping to 2022-03-04 00:00:00+00:00, run_after=2022-03-05 00:00:00+00:00
[2026-04-01T20:24:50.382+0530] {processor.py:183} INFO - Processing /Users/aswin/Documents/data-engineering-practice/ETL_Airflow_DBT/airflow/airflow_env/lib/python3.11/site-packages/airflow/example_dags/example_dynamic_task_mapping.py took 0.130 seconds
[2026-04-01T20:25:35.874+0530] {processor.py:161} INFO - Started process (PID=1516) to work on /Users/aswin/Documents/data-engineering-practice/ETL_Airflow_DBT/airflow/airflow_env/lib/python3.11/site-packages/airflow/example_dags/example_dynamic_task_mapping.py
[2026-04-01T20:25:35.875+0530] {processor.py:830} INFO - Processing file /Users/aswin/Documents/data-engineering-practice/ETL_Airflow_DBT/airflow/airflow_env/lib/python3.11/site-packages/airflow/example_dags/example_dynamic_task_mapping.py for tasks to queue
[2026-04-01T20:25:35.875+0530] {logging_mixin.py:188} INFO - [2026-04-01T20:25:35.875+0530] {dagbag.py:540} INFO - Filling up the DagBag from /Users/aswin/Documents/data-engineering-practice/ETL_Airflow_DBT/airflow/airflow_env/lib/python3.11/site-packages/airflow/example_dags/example_dynamic_task_mapping.py
[2026-04-01T20:25:35.903+0530] {processor.py:840} INFO - DAG(s) 'example_dynamic_task_mapping' retrieved from /Users/aswin/Documents/data-engineering-practice/ETL_Airflow_DBT/airflow/airflow_env/lib/python3.11/site-packages/airflow/example_dags/example_dynamic_task_mapping.py
[2026-04-01T20:25:35.992+0530] {logging_mixin.py:188} INFO - [2026-04-01T20:25:35.992+0530] {dag.py:3096} INFO - Sync 1 DAGs
[2026-04-01T20:25:36.011+0530] {logging_mixin.py:188} INFO - [2026-04-01T20:25:36.011+0530] {dag.py:3954} INFO - Setting next_dagrun for example_dynamic_task_mapping to 2022-03-04 00:00:00+00:00, run_after=2022-03-05 00:00:00+00:00
[2026-04-01T20:25:36.024+0530] {processor.py:183} INFO - Processing /Users/aswin/Documents/data-engineering-practice/ETL_Airflow_DBT/airflow/airflow_env/lib/python3.11/site-packages/airflow/example_dags/example_dynamic_task_mapping.py took 0.152 seconds
[2026-04-01T20:26:17.108+0530] {processor.py:161} INFO - Started process (PID=1627) to work on /Users/aswin/Documents/data-engineering-practice/ETL_Airflow_DBT/airflow/airflow_env/lib/python3.11/site-packages/airflow/example_dags/example_dynamic_task_mapping.py
[2026-04-01T20:26:17.109+0530] {processor.py:830} INFO - Processing file /Users/aswin/Documents/data-engineering-practice/ETL_Airflow_DBT/airflow/airflow_env/lib/python3.11/site-packages/airflow/example_dags/example_dynamic_task_mapping.py for tasks to queue
[2026-04-01T20:26:17.109+0530] {logging_mixin.py:188} INFO - [2026-04-01T20:26:17.109+0530] {dagbag.py:540} INFO - Filling up the DagBag from /Users/aswin/Documents/data-engineering-practice/ETL_Airflow_DBT/airflow/airflow_env/lib/python3.11/site-packages/airflow/example_dags/example_dynamic_task_mapping.py
[2026-04-01T20:26:17.134+0530] {processor.py:840} INFO - DAG(s) 'example_dynamic_task_mapping' retrieved from /Users/aswin/Documents/data-engineering-practice/ETL_Airflow_DBT/airflow/airflow_env/lib/python3.11/site-packages/airflow/example_dags/example_dynamic_task_mapping.py
[2026-04-01T20:26:17.215+0530] {logging_mixin.py:188} INFO - [2026-04-01T20:26:17.215+0530] {dag.py:3096} INFO - Sync 1 DAGs
[2026-04-01T20:26:17.231+0530] {logging_mixin.py:188} INFO - [2026-04-01T20:26:17.231+0530] {dag.py:3954} INFO - Setting next_dagrun for example_dynamic_task_mapping to 2022-03-04 00:00:00+00:00, run_after=2022-03-05 00:00:00+00:00
[2026-04-01T20:26:17.245+0530] {processor.py:183} INFO - Processing /Users/aswin/Documents/data-engineering-practice/ETL_Airflow_DBT/airflow/airflow_env/lib/python3.11/site-packages/airflow/example_dags/example_dynamic_task_mapping.py took 0.139 seconds
[2026-04-01T20:27:11.585+0530] {processor.py:161} INFO - Started process (PID=1764) to work on /Users/aswin/Documents/data-engineering-practice/ETL_Airflow_DBT/airflow/airflow_env/lib/python3.11/site-packages/airflow/example_dags/example_dynamic_task_mapping.py
[2026-04-01T20:27:11.586+0530] {processor.py:830} INFO - Processing file /Users/aswin/Documents/data-engineering-practice/ETL_Airflow_DBT/airflow/airflow_env/lib/python3.11/site-packages/airflow/example_dags/example_dynamic_task_mapping.py for tasks to queue
[2026-04-01T20:27:11.586+0530] {logging_mixin.py:188} INFO - [2026-04-01T20:27:11.586+0530] {dagbag.py:540} INFO - Filling up the DagBag from /Users/aswin/Documents/data-engineering-practice/ETL_Airflow_DBT/airflow/airflow_env/lib/python3.11/site-packages/airflow/example_dags/example_dynamic_task_mapping.py
[2026-04-01T20:27:11.615+0530] {processor.py:840} INFO - DAG(s) 'example_dynamic_task_mapping' retrieved from /Users/aswin/Documents/data-engineering-practice/ETL_Airflow_DBT/airflow/airflow_env/lib/python3.11/site-packages/airflow/example_dags/example_dynamic_task_mapping.py
[2026-04-01T20:27:11.706+0530] {logging_mixin.py:188} INFO - [2026-04-01T20:27:11.706+0530] {dag.py:3096} INFO - Sync 1 DAGs
[2026-04-01T20:27:11.722+0530] {logging_mixin.py:188} INFO - [2026-04-01T20:27:11.722+0530] {dag.py:3954} INFO - Setting next_dagrun for example_dynamic_task_mapping to 2022-03-04 00:00:00+00:00, run_after=2022-03-05 00:00:00+00:00
[2026-04-01T20:27:11.735+0530] {processor.py:183} INFO - Processing /Users/aswin/Documents/data-engineering-practice/ETL_Airflow_DBT/airflow/airflow_env/lib/python3.11/site-packages/airflow/example_dags/example_dynamic_task_mapping.py took 0.153 seconds
[2026-04-01T20:27:52.175+0530] {processor.py:161} INFO - Started process (PID=1913) to work on /Users/aswin/Documents/data-engineering-practice/ETL_Airflow_DBT/airflow/airflow_env/lib/python3.11/site-packages/airflow/example_dags/example_dynamic_task_mapping.py
[2026-04-01T20:27:52.177+0530] {processor.py:830} INFO - Processing file /Users/aswin/Documents/data-engineering-practice/ETL_Airflow_DBT/airflow/airflow_env/lib/python3.11/site-packages/airflow/example_dags/example_dynamic_task_mapping.py for tasks to queue
[2026-04-01T20:27:52.178+0530] {logging_mixin.py:188} INFO - [2026-04-01T20:27:52.178+0530] {dagbag.py:540} INFO - Filling up the DagBag from /Users/aswin/Documents/data-engineering-practice/ETL_Airflow_DBT/airflow/airflow_env/lib/python3.11/site-packages/airflow/example_dags/example_dynamic_task_mapping.py
[2026-04-01T20:27:52.208+0530] {processor.py:840} INFO - DAG(s) 'example_dynamic_task_mapping' retrieved from /Users/aswin/Documents/data-engineering-practice/ETL_Airflow_DBT/airflow/airflow_env/lib/python3.11/site-packages/airflow/example_dags/example_dynamic_task_mapping.py
[2026-04-01T20:27:52.309+0530] {logging_mixin.py:188} INFO - [2026-04-01T20:27:52.309+0530] {dag.py:3096} INFO - Sync 1 DAGs
[2026-04-01T20:27:52.326+0530] {logging_mixin.py:188} INFO - [2026-04-01T20:27:52.326+0530] {dag.py:3954} INFO - Setting next_dagrun for example_dynamic_task_mapping to 2022-03-04 00:00:00+00:00, run_after=2022-03-05 00:00:00+00:00
[2026-04-01T20:27:52.342+0530] {processor.py:183} INFO - Processing /Users/aswin/Documents/data-engineering-practice/ETL_Airflow_DBT/airflow/airflow_env/lib/python3.11/site-packages/airflow/example_dags/example_dynamic_task_mapping.py took 0.168 seconds
[2026-04-01T20:28:37.807+0530] {processor.py:161} INFO - Started process (PID=2055) to work on /Users/aswin/Documents/data-engineering-practice/ETL_Airflow_DBT/airflow/airflow_env/lib/python3.11/site-packages/airflow/example_dags/example_dynamic_task_mapping.py
[2026-04-01T20:28:37.808+0530] {processor.py:830} INFO - Processing file /Users/aswin/Documents/data-engineering-practice/ETL_Airflow_DBT/airflow/airflow_env/lib/python3.11/site-packages/airflow/example_dags/example_dynamic_task_mapping.py for tasks to queue
[2026-04-01T20:28:37.808+0530] {logging_mixin.py:188} INFO - [2026-04-01T20:28:37.808+0530] {dagbag.py:540} INFO - Filling up the DagBag from /Users/aswin/Documents/data-engineering-practice/ETL_Airflow_DBT/airflow/airflow_env/lib/python3.11/site-packages/airflow/example_dags/example_dynamic_task_mapping.py
[2026-04-01T20:28:37.833+0530] {processor.py:840} INFO - DAG(s) 'example_dynamic_task_mapping' retrieved from /Users/aswin/Documents/data-engineering-practice/ETL_Airflow_DBT/airflow/airflow_env/lib/python3.11/site-packages/airflow/example_dags/example_dynamic_task_mapping.py
[2026-04-01T20:28:37.917+0530] {logging_mixin.py:188} INFO - [2026-04-01T20:28:37.916+0530] {dag.py:3096} INFO - Sync 1 DAGs
[2026-04-01T20:28:37.934+0530] {logging_mixin.py:188} INFO - [2026-04-01T20:28:37.933+0530] {dag.py:3954} INFO - Setting next_dagrun for example_dynamic_task_mapping to 2022-03-04 00:00:00+00:00, run_after=2022-03-05 00:00:00+00:00
[2026-04-01T20:28:37.947+0530] {processor.py:183} INFO - Processing /Users/aswin/Documents/data-engineering-practice/ETL_Airflow_DBT/airflow/airflow_env/lib/python3.11/site-packages/airflow/example_dags/example_dynamic_task_mapping.py took 0.142 seconds
[2026-04-01T20:29:25.915+0530] {processor.py:161} INFO - Started process (PID=2176) to work on /Users/aswin/Documents/data-engineering-practice/ETL_Airflow_DBT/airflow/airflow_env/lib/python3.11/site-packages/airflow/example_dags/example_dynamic_task_mapping.py
[2026-04-01T20:29:25.917+0530] {processor.py:830} INFO - Processing file /Users/aswin/Documents/data-engineering-practice/ETL_Airflow_DBT/airflow/airflow_env/lib/python3.11/site-packages/airflow/example_dags/example_dynamic_task_mapping.py for tasks to queue
[2026-04-01T20:29:25.917+0530] {logging_mixin.py:188} INFO - [2026-04-01T20:29:25.917+0530] {dagbag.py:540} INFO - Filling up the DagBag from /Users/aswin/Documents/data-engineering-practice/ETL_Airflow_DBT/airflow/airflow_env/lib/python3.11/site-packages/airflow/example_dags/example_dynamic_task_mapping.py
[2026-04-01T20:29:25.942+0530] {processor.py:840} INFO - DAG(s) 'example_dynamic_task_mapping' retrieved from /Users/aswin/Documents/data-engineering-practice/ETL_Airflow_DBT/airflow/airflow_env/lib/python3.11/site-packages/airflow/example_dags/example_dynamic_task_mapping.py
[2026-04-01T20:29:26.024+0530] {logging_mixin.py:188} INFO - [2026-04-01T20:29:26.024+0530] {dag.py:3096} INFO - Sync 1 DAGs
[2026-04-01T20:29:26.040+0530] {logging_mixin.py:188} INFO - [2026-04-01T20:29:26.040+0530] {dag.py:3954} INFO - Setting next_dagrun for example_dynamic_task_mapping to 2022-03-04 00:00:00+00:00, run_after=2022-03-05 00:00:00+00:00
[2026-04-01T20:29:26.053+0530] {processor.py:183} INFO - Processing /Users/aswin/Documents/data-engineering-practice/ETL_Airflow_DBT/airflow/airflow_env/lib/python3.11/site-packages/airflow/example_dags/example_dynamic_task_mapping.py took 0.139 seconds
[2026-04-01T20:30:19.015+0530] {processor.py:161} INFO - Started process (PID=2312) to work on /Users/aswin/Documents/data-engineering-practice/ETL_Airflow_DBT/airflow/airflow_env/lib/python3.11/site-packages/airflow/example_dags/example_dynamic_task_mapping.py
[2026-04-01T20:30:19.016+0530] {processor.py:830} INFO - Processing file /Users/aswin/Documents/data-engineering-practice/ETL_Airflow_DBT/airflow/airflow_env/lib/python3.11/site-packages/airflow/example_dags/example_dynamic_task_mapping.py for tasks to queue
[2026-04-01T20:30:19.016+0530] {logging_mixin.py:188} INFO - [2026-04-01T20:30:19.016+0530] {dagbag.py:540} INFO - Filling up the DagBag from /Users/aswin/Documents/data-engineering-practice/ETL_Airflow_DBT/airflow/airflow_env/lib/python3.11/site-packages/airflow/example_dags/example_dynamic_task_mapping.py
[2026-04-01T20:30:19.041+0530] {processor.py:840} INFO - DAG(s) 'example_dynamic_task_mapping' retrieved from /Users/aswin/Documents/data-engineering-practice/ETL_Airflow_DBT/airflow/airflow_env/lib/python3.11/site-packages/airflow/example_dags/example_dynamic_task_mapping.py
[2026-04-01T20:30:19.122+0530] {logging_mixin.py:188} INFO - [2026-04-01T20:30:19.122+0530] {dag.py:3096} INFO - Sync 1 DAGs
[2026-04-01T20:30:19.138+0530] {logging_mixin.py:188} INFO - [2026-04-01T20:30:19.137+0530] {dag.py:3954} INFO - Setting next_dagrun for example_dynamic_task_mapping to 2022-03-04 00:00:00+00:00, run_after=2022-03-05 00:00:00+00:00
[2026-04-01T20:30:19.151+0530] {processor.py:183} INFO - Processing /Users/aswin/Documents/data-engineering-practice/ETL_Airflow_DBT/airflow/airflow_env/lib/python3.11/site-packages/airflow/example_dags/example_dynamic_task_mapping.py took 0.138 seconds
[2026-04-01T20:31:07.869+0530] {processor.py:161} INFO - Started process (PID=2443) to work on /Users/aswin/Documents/data-engineering-practice/ETL_Airflow_DBT/airflow/airflow_env/lib/python3.11/site-packages/airflow/example_dags/example_dynamic_task_mapping.py
[2026-04-01T20:31:07.871+0530] {processor.py:830} INFO - Processing file /Users/aswin/Documents/data-engineering-practice/ETL_Airflow_DBT/airflow/airflow_env/lib/python3.11/site-packages/airflow/example_dags/example_dynamic_task_mapping.py for tasks to queue
[2026-04-01T20:31:07.872+0530] {logging_mixin.py:188} INFO - [2026-04-01T20:31:07.872+0530] {dagbag.py:540} INFO - Filling up the DagBag from /Users/aswin/Documents/data-engineering-practice/ETL_Airflow_DBT/airflow/airflow_env/lib/python3.11/site-packages/airflow/example_dags/example_dynamic_task_mapping.py
[2026-04-01T20:31:07.912+0530] {processor.py:840} INFO - DAG(s) 'example_dynamic_task_mapping' retrieved from /Users/aswin/Documents/data-engineering-practice/ETL_Airflow_DBT/airflow/airflow_env/lib/python3.11/site-packages/airflow/example_dags/example_dynamic_task_mapping.py
[2026-04-01T20:31:08.037+0530] {logging_mixin.py:188} INFO - [2026-04-01T20:31:08.037+0530] {dag.py:3096} INFO - Sync 1 DAGs
[2026-04-01T20:31:08.059+0530] {logging_mixin.py:188} INFO - [2026-04-01T20:31:08.059+0530] {dag.py:3954} INFO - Setting next_dagrun for example_dynamic_task_mapping to 2022-03-04 00:00:00+00:00, run_after=2022-03-05 00:00:00+00:00
[2026-04-01T20:31:08.075+0530] {processor.py:183} INFO - Processing /Users/aswin/Documents/data-engineering-practice/ETL_Airflow_DBT/airflow/airflow_env/lib/python3.11/site-packages/airflow/example_dags/example_dynamic_task_mapping.py took 0.209 seconds
[2026-04-01T20:32:03.361+0530] {processor.py:161} INFO - Started process (PID=2628) to work on /Users/aswin/Documents/data-engineering-practice/ETL_Airflow_DBT/airflow/airflow_env/lib/python3.11/site-packages/airflow/example_dags/example_dynamic_task_mapping.py
[2026-04-01T20:32:03.362+0530] {processor.py:830} INFO - Processing file /Users/aswin/Documents/data-engineering-practice/ETL_Airflow_DBT/airflow/airflow_env/lib/python3.11/site-packages/airflow/example_dags/example_dynamic_task_mapping.py for tasks to queue
[2026-04-01T20:32:03.363+0530] {logging_mixin.py:188} INFO - [2026-04-01T20:32:03.363+0530] {dagbag.py:540} INFO - Filling up the DagBag from /Users/aswin/Documents/data-engineering-practice/ETL_Airflow_DBT/airflow/airflow_env/lib/python3.11/site-packages/airflow/example_dags/example_dynamic_task_mapping.py
[2026-04-01T20:32:03.389+0530] {processor.py:840} INFO - DAG(s) 'example_dynamic_task_mapping' retrieved from /Users/aswin/Documents/data-engineering-practice/ETL_Airflow_DBT/airflow/airflow_env/lib/python3.11/site-packages/airflow/example_dags/example_dynamic_task_mapping.py
[2026-04-01T20:32:03.467+0530] {logging_mixin.py:188} INFO - [2026-04-01T20:32:03.467+0530] {dag.py:3096} INFO - Sync 1 DAGs
[2026-04-01T20:32:03.483+0530] {logging_mixin.py:188} INFO - [2026-04-01T20:32:03.483+0530] {dag.py:3954} INFO - Setting next_dagrun for example_dynamic_task_mapping to 2022-03-04 00:00:00+00:00, run_after=2022-03-05 00:00:00+00:00
[2026-04-01T20:32:03.498+0530] {processor.py:183} INFO - Processing /Users/aswin/Documents/data-engineering-practice/ETL_Airflow_DBT/airflow/airflow_env/lib/python3.11/site-packages/airflow/example_dags/example_dynamic_task_mapping.py took 0.138 seconds
[2026-04-01T20:32:46.030+0530] {processor.py:161} INFO - Started process (PID=2739) to work on /Users/aswin/Documents/data-engineering-practice/ETL_Airflow_DBT/airflow/airflow_env/lib/python3.11/site-packages/airflow/example_dags/example_dynamic_task_mapping.py
[2026-04-01T20:32:46.031+0530] {processor.py:830} INFO - Processing file /Users/aswin/Documents/data-engineering-practice/ETL_Airflow_DBT/airflow/airflow_env/lib/python3.11/site-packages/airflow/example_dags/example_dynamic_task_mapping.py for tasks to queue
[2026-04-01T20:32:46.032+0530] {logging_mixin.py:188} INFO - [2026-04-01T20:32:46.031+0530] {dagbag.py:540} INFO - Filling up the DagBag from /Users/aswin/Documents/data-engineering-practice/ETL_Airflow_DBT/airflow/airflow_env/lib/python3.11/site-packages/airflow/example_dags/example_dynamic_task_mapping.py
[2026-04-01T20:32:46.061+0530] {processor.py:840} INFO - DAG(s) 'example_dynamic_task_mapping' retrieved from /Users/aswin/Documents/data-engineering-practice/ETL_Airflow_DBT/airflow/airflow_env/lib/python3.11/site-packages/airflow/example_dags/example_dynamic_task_mapping.py
[2026-04-01T20:32:46.158+0530] {logging_mixin.py:188} INFO - [2026-04-01T20:32:46.157+0530] {dag.py:3096} INFO - Sync 1 DAGs
[2026-04-01T20:32:46.176+0530] {logging_mixin.py:188} INFO - [2026-04-01T20:32:46.176+0530] {dag.py:3954} INFO - Setting next_dagrun for example_dynamic_task_mapping to 2022-03-04 00:00:00+00:00, run_after=2022-03-05 00:00:00+00:00
[2026-04-01T20:32:46.191+0530] {processor.py:183} INFO - Processing /Users/aswin/Documents/data-engineering-practice/ETL_Airflow_DBT/airflow/airflow_env/lib/python3.11/site-packages/airflow/example_dags/example_dynamic_task_mapping.py took 0.162 seconds
[2026-04-01T20:33:39.510+0530] {processor.py:161} INFO - Started process (PID=2876) to work on /Users/aswin/Documents/data-engineering-practice/ETL_Airflow_DBT/airflow/airflow_env/lib/python3.11/site-packages/airflow/example_dags/example_dynamic_task_mapping.py
[2026-04-01T20:33:39.511+0530] {processor.py:830} INFO - Processing file /Users/aswin/Documents/data-engineering-practice/ETL_Airflow_DBT/airflow/airflow_env/lib/python3.11/site-packages/airflow/example_dags/example_dynamic_task_mapping.py for tasks to queue
[2026-04-01T20:33:39.511+0530] {logging_mixin.py:188} INFO - [2026-04-01T20:33:39.511+0530] {dagbag.py:540} INFO - Filling up the DagBag from /Users/aswin/Documents/data-engineering-practice/ETL_Airflow_DBT/airflow/airflow_env/lib/python3.11/site-packages/airflow/example_dags/example_dynamic_task_mapping.py
[2026-04-01T20:33:39.536+0530] {processor.py:840} INFO - DAG(s) 'example_dynamic_task_mapping' retrieved from /Users/aswin/Documents/data-engineering-practice/ETL_Airflow_DBT/airflow/airflow_env/lib/python3.11/site-packages/airflow/example_dags/example_dynamic_task_mapping.py
[2026-04-01T20:33:39.617+0530] {logging_mixin.py:188} INFO - [2026-04-01T20:33:39.616+0530] {dag.py:3096} INFO - Sync 1 DAGs
[2026-04-01T20:33:39.633+0530] {logging_mixin.py:188} INFO - [2026-04-01T20:33:39.633+0530] {dag.py:3954} INFO - Setting next_dagrun for example_dynamic_task_mapping to 2022-03-04 00:00:00+00:00, run_after=2022-03-05 00:00:00+00:00
[2026-04-01T20:33:39.646+0530] {processor.py:183} INFO - Processing /Users/aswin/Documents/data-engineering-practice/ETL_Airflow_DBT/airflow/airflow_env/lib/python3.11/site-packages/airflow/example_dags/example_dynamic_task_mapping.py took 0.138 seconds
[2026-04-01T20:34:22.885+0530] {processor.py:161} INFO - Started process (PID=2989) to work on /Users/aswin/Documents/data-engineering-practice/ETL_Airflow_DBT/airflow/airflow_env/lib/python3.11/site-packages/airflow/example_dags/example_dynamic_task_mapping.py
[2026-04-01T20:34:22.886+0530] {processor.py:830} INFO - Processing file /Users/aswin/Documents/data-engineering-practice/ETL_Airflow_DBT/airflow/airflow_env/lib/python3.11/site-packages/airflow/example_dags/example_dynamic_task_mapping.py for tasks to queue
[2026-04-01T20:34:22.887+0530] {logging_mixin.py:188} INFO - [2026-04-01T20:34:22.886+0530] {dagbag.py:540} INFO - Filling up the DagBag from /Users/aswin/Documents/data-engineering-practice/ETL_Airflow_DBT/airflow/airflow_env/lib/python3.11/site-packages/airflow/example_dags/example_dynamic_task_mapping.py
[2026-04-01T20:34:22.940+0530] {processor.py:840} INFO - DAG(s) 'example_dynamic_task_mapping' retrieved from /Users/aswin/Documents/data-engineering-practice/ETL_Airflow_DBT/airflow/airflow_env/lib/python3.11/site-packages/airflow/example_dags/example_dynamic_task_mapping.py
[2026-04-01T20:34:25.241+0530] {logging_mixin.py:188} INFO - [2026-04-01T20:34:25.240+0530] {dag.py:3096} INFO - Sync 1 DAGs
[2026-04-01T20:34:25.260+0530] {logging_mixin.py:188} INFO - [2026-04-01T20:34:25.260+0530] {dag.py:3954} INFO - Setting next_dagrun for example_dynamic_task_mapping to 2022-03-04 00:00:00+00:00, run_after=2022-03-05 00:00:00+00:00
[2026-04-01T20:34:25.275+0530] {processor.py:183} INFO - Processing /Users/aswin/Documents/data-engineering-practice/ETL_Airflow_DBT/airflow/airflow_env/lib/python3.11/site-packages/airflow/example_dags/example_dynamic_task_mapping.py took 0.414 seconds
[2026-04-01T20:35:17.120+0530] {processor.py:161} INFO - Started process (PID=3126) to work on /Users/aswin/Documents/data-engineering-practice/ETL_Airflow_DBT/airflow/airflow_env/lib/python3.11/site-packages/airflow/example_dags/example_dynamic_task_mapping.py
[2026-04-01T20:35:17.121+0530] {processor.py:830} INFO - Processing file /Users/aswin/Documents/data-engineering-practice/ETL_Airflow_DBT/airflow/airflow_env/lib/python3.11/site-packages/airflow/example_dags/example_dynamic_task_mapping.py for tasks to queue
[2026-04-01T20:35:17.121+0530] {logging_mixin.py:188} INFO - [2026-04-01T20:35:17.121+0530] {dagbag.py:540} INFO - Filling up the DagBag from /Users/aswin/Documents/data-engineering-practice/ETL_Airflow_DBT/airflow/airflow_env/lib/python3.11/site-packages/airflow/example_dags/example_dynamic_task_mapping.py
[2026-04-01T20:35:17.150+0530] {processor.py:840} INFO - DAG(s) 'example_dynamic_task_mapping' retrieved from /Users/aswin/Documents/data-engineering-practice/ETL_Airflow_DBT/airflow/airflow_env/lib/python3.11/site-packages/airflow/example_dags/example_dynamic_task_mapping.py
[2026-04-01T20:35:17.244+0530] {logging_mixin.py:188} INFO - [2026-04-01T20:35:17.243+0530] {dag.py:3096} INFO - Sync 1 DAGs
[2026-04-01T20:35:17.258+0530] {logging_mixin.py:188} INFO - [2026-04-01T20:35:17.258+0530] {dag.py:3954} INFO - Setting next_dagrun for example_dynamic_task_mapping to 2022-03-04 00:00:00+00:00, run_after=2022-03-05 00:00:00+00:00
[2026-04-01T20:35:17.272+0530] {processor.py:183} INFO - Processing /Users/aswin/Documents/data-engineering-practice/ETL_Airflow_DBT/airflow/airflow_env/lib/python3.11/site-packages/airflow/example_dags/example_dynamic_task_mapping.py took 0.154 seconds
[2026-04-01T20:36:12.184+0530] {processor.py:161} INFO - Started process (PID=3264) to work on /Users/aswin/Documents/data-engineering-practice/ETL_Airflow_DBT/airflow/airflow_env/lib/python3.11/site-packages/airflow/example_dags/example_dynamic_task_mapping.py
[2026-04-01T20:36:12.185+0530] {processor.py:830} INFO - Processing file /Users/aswin/Documents/data-engineering-practice/ETL_Airflow_DBT/airflow/airflow_env/lib/python3.11/site-packages/airflow/example_dags/example_dynamic_task_mapping.py for tasks to queue
[2026-04-01T20:36:12.185+0530] {logging_mixin.py:188} INFO - [2026-04-01T20:36:12.185+0530] {dagbag.py:540} INFO - Filling up the DagBag from /Users/aswin/Documents/data-engineering-practice/ETL_Airflow_DBT/airflow/airflow_env/lib/python3.11/site-packages/airflow/example_dags/example_dynamic_task_mapping.py
[2026-04-01T20:36:12.213+0530] {processor.py:840} INFO - DAG(s) 'example_dynamic_task_mapping' retrieved from /Users/aswin/Documents/data-engineering-practice/ETL_Airflow_DBT/airflow/airflow_env/lib/python3.11/site-packages/airflow/example_dags/example_dynamic_task_mapping.py
[2026-04-01T20:36:12.299+0530] {logging_mixin.py:188} INFO - [2026-04-01T20:36:12.299+0530] {dag.py:3096} INFO - Sync 1 DAGs
[2026-04-01T20:36:12.316+0530] {logging_mixin.py:188} INFO - [2026-04-01T20:36:12.316+0530] {dag.py:3954} INFO - Setting next_dagrun for example_dynamic_task_mapping to 2022-03-04 00:00:00+00:00, run_after=2022-03-05 00:00:00+00:00
[2026-04-01T20:36:12.329+0530] {processor.py:183} INFO - Processing /Users/aswin/Documents/data-engineering-practice/ETL_Airflow_DBT/airflow/airflow_env/lib/python3.11/site-packages/airflow/example_dags/example_dynamic_task_mapping.py took 0.146 seconds
[2026-04-01T20:37:02.953+0530] {processor.py:161} INFO - Started process (PID=3399) to work on /Users/aswin/Documents/data-engineering-practice/ETL_Airflow_DBT/airflow/airflow_env/lib/python3.11/site-packages/airflow/example_dags/example_dynamic_task_mapping.py
[2026-04-01T20:37:02.954+0530] {processor.py:830} INFO - Processing file /Users/aswin/Documents/data-engineering-practice/ETL_Airflow_DBT/airflow/airflow_env/lib/python3.11/site-packages/airflow/example_dags/example_dynamic_task_mapping.py for tasks to queue
[2026-04-01T20:37:02.954+0530] {logging_mixin.py:188} INFO - [2026-04-01T20:37:02.954+0530] {dagbag.py:540} INFO - Filling up the DagBag from /Users/aswin/Documents/data-engineering-practice/ETL_Airflow_DBT/airflow/airflow_env/lib/python3.11/site-packages/airflow/example_dags/example_dynamic_task_mapping.py
[2026-04-01T20:37:02.979+0530] {processor.py:840} INFO - DAG(s) 'example_dynamic_task_mapping' retrieved from /Users/aswin/Documents/data-engineering-practice/ETL_Airflow_DBT/airflow/airflow_env/lib/python3.11/site-packages/airflow/example_dags/example_dynamic_task_mapping.py
[2026-04-01T20:37:03.060+0530] {logging_mixin.py:188} INFO - [2026-04-01T20:37:03.060+0530] {dag.py:3096} INFO - Sync 1 DAGs
[2026-04-01T20:37:03.078+0530] {logging_mixin.py:188} INFO - [2026-04-01T20:37:03.078+0530] {dag.py:3954} INFO - Setting next_dagrun for example_dynamic_task_mapping to 2022-03-04 00:00:00+00:00, run_after=2022-03-05 00:00:00+00:00
[2026-04-01T20:37:03.092+0530] {processor.py:183} INFO - Processing /Users/aswin/Documents/data-engineering-practice/ETL_Airflow_DBT/airflow/airflow_env/lib/python3.11/site-packages/airflow/example_dags/example_dynamic_task_mapping.py took 0.140 seconds
[2026-04-01T20:53:58.195+0530] {processor.py:161} INFO - Started process (PID=3538) to work on /Users/aswin/Documents/data-engineering-practice/ETL_Airflow_DBT/airflow/airflow_env/lib/python3.11/site-packages/airflow/example_dags/example_dynamic_task_mapping.py
[2026-04-01T20:53:58.196+0530] {processor.py:830} INFO - Processing file /Users/aswin/Documents/data-engineering-practice/ETL_Airflow_DBT/airflow/airflow_env/lib/python3.11/site-packages/airflow/example_dags/example_dynamic_task_mapping.py for tasks to queue
[2026-04-01T20:53:58.196+0530] {logging_mixin.py:188} INFO - [2026-04-01T20:53:58.196+0530] {dagbag.py:540} INFO - Filling up the DagBag from /Users/aswin/Documents/data-engineering-practice/ETL_Airflow_DBT/airflow/airflow_env/lib/python3.11/site-packages/airflow/example_dags/example_dynamic_task_mapping.py
[2026-04-01T20:53:58.211+0530] {processor.py:840} INFO - DAG(s) 'example_dynamic_task_mapping' retrieved from /Users/aswin/Documents/data-engineering-practice/ETL_Airflow_DBT/airflow/airflow_env/lib/python3.11/site-packages/airflow/example_dags/example_dynamic_task_mapping.py
[2026-04-01T20:53:58.277+0530] {logging_mixin.py:188} INFO - [2026-04-01T20:53:58.277+0530] {dag.py:3096} INFO - Sync 1 DAGs
[2026-04-01T20:53:58.288+0530] {logging_mixin.py:188} INFO - [2026-04-01T20:53:58.288+0530] {dag.py:3954} INFO - Setting next_dagrun for example_dynamic_task_mapping to 2022-03-04 00:00:00+00:00, run_after=2022-03-05 00:00:00+00:00
[2026-04-01T20:53:58.296+0530] {processor.py:183} INFO - Processing /Users/aswin/Documents/data-engineering-practice/ETL_Airflow_DBT/airflow/airflow_env/lib/python3.11/site-packages/airflow/example_dags/example_dynamic_task_mapping.py took 0.102 seconds
[2026-04-01T20:55:41.693+0530] {processor.py:161} INFO - Started process (PID=3707) to work on /Users/aswin/Documents/data-engineering-practice/ETL_Airflow_DBT/airflow/airflow_env/lib/python3.11/site-packages/airflow/example_dags/example_dynamic_task_mapping.py
[2026-04-01T20:55:41.694+0530] {processor.py:830} INFO - Processing file /Users/aswin/Documents/data-engineering-practice/ETL_Airflow_DBT/airflow/airflow_env/lib/python3.11/site-packages/airflow/example_dags/example_dynamic_task_mapping.py for tasks to queue
[2026-04-01T20:55:41.694+0530] {logging_mixin.py:188} INFO - [2026-04-01T20:55:41.694+0530] {dagbag.py:540} INFO - Filling up the DagBag from /Users/aswin/Documents/data-engineering-practice/ETL_Airflow_DBT/airflow/airflow_env/lib/python3.11/site-packages/airflow/example_dags/example_dynamic_task_mapping.py
[2026-04-01T20:55:41.709+0530] {processor.py:840} INFO - DAG(s) 'example_dynamic_task_mapping' retrieved from /Users/aswin/Documents/data-engineering-practice/ETL_Airflow_DBT/airflow/airflow_env/lib/python3.11/site-packages/airflow/example_dags/example_dynamic_task_mapping.py
[2026-04-01T21:12:54.623+0530] {logging_mixin.py:188} INFO - [2026-04-01T21:12:54.623+0530] {dag.py:3096} INFO - Sync 1 DAGs
[2026-04-01T21:12:54.636+0530] {logging_mixin.py:188} INFO - [2026-04-01T21:12:54.636+0530] {dag.py:3954} INFO - Setting next_dagrun for example_dynamic_task_mapping to 2022-03-04 00:00:00+00:00, run_after=2022-03-05 00:00:00+00:00
[2026-04-01T21:12:54.647+0530] {processor.py:183} INFO - Processing /Users/aswin/Documents/data-engineering-practice/ETL_Airflow_DBT/airflow/airflow_env/lib/python3.11/site-packages/airflow/example_dags/example_dynamic_task_mapping.py took 0.302 seconds
[2026-04-01T21:15:02.606+0530] {processor.py:161} INFO - Started process (PID=3873) to work on /Users/aswin/Documents/data-engineering-practice/ETL_Airflow_DBT/airflow/airflow_env/lib/python3.11/site-packages/airflow/example_dags/example_dynamic_task_mapping.py
[2026-04-01T21:15:02.607+0530] {processor.py:830} INFO - Processing file /Users/aswin/Documents/data-engineering-practice/ETL_Airflow_DBT/airflow/airflow_env/lib/python3.11/site-packages/airflow/example_dags/example_dynamic_task_mapping.py for tasks to queue
[2026-04-01T21:15:02.607+0530] {logging_mixin.py:188} INFO - [2026-04-01T21:15:02.607+0530] {dagbag.py:540} INFO - Filling up the DagBag from /Users/aswin/Documents/data-engineering-practice/ETL_Airflow_DBT/airflow/airflow_env/lib/python3.11/site-packages/airflow/example_dags/example_dynamic_task_mapping.py
[2026-04-01T21:15:02.622+0530] {processor.py:840} INFO - DAG(s) 'example_dynamic_task_mapping' retrieved from /Users/aswin/Documents/data-engineering-practice/ETL_Airflow_DBT/airflow/airflow_env/lib/python3.11/site-packages/airflow/example_dags/example_dynamic_task_mapping.py
[2026-04-01T21:15:02.740+0530] {logging_mixin.py:188} INFO - [2026-04-01T21:15:02.739+0530] {dag.py:3096} INFO - Sync 1 DAGs
[2026-04-01T21:15:02.750+0530] {logging_mixin.py:188} INFO - [2026-04-01T21:15:02.750+0530] {dag.py:3954} INFO - Setting next_dagrun for example_dynamic_task_mapping to 2022-03-04 00:00:00+00:00, run_after=2022-03-05 00:00:00+00:00
[2026-04-01T21:15:02.758+0530] {processor.py:183} INFO - Processing /Users/aswin/Documents/data-engineering-practice/ETL_Airflow_DBT/airflow/airflow_env/lib/python3.11/site-packages/airflow/example_dags/example_dynamic_task_mapping.py took 0.153 seconds
[2026-04-01T21:20:49.706+0530] {processor.py:161} INFO - Started process (PID=4039) to work on /Users/aswin/Documents/data-engineering-practice/ETL_Airflow_DBT/airflow/airflow_env/lib/python3.11/site-packages/airflow/example_dags/example_dynamic_task_mapping.py
[2026-04-01T21:20:49.707+0530] {processor.py:830} INFO - Processing file /Users/aswin/Documents/data-engineering-practice/ETL_Airflow_DBT/airflow/airflow_env/lib/python3.11/site-packages/airflow/example_dags/example_dynamic_task_mapping.py for tasks to queue
[2026-04-01T21:20:49.707+0530] {logging_mixin.py:188} INFO - [2026-04-01T21:20:49.707+0530] {dagbag.py:540} INFO - Filling up the DagBag from /Users/aswin/Documents/data-engineering-practice/ETL_Airflow_DBT/airflow/airflow_env/lib/python3.11/site-packages/airflow/example_dags/example_dynamic_task_mapping.py
[2026-04-01T21:20:49.723+0530] {processor.py:840} INFO - DAG(s) 'example_dynamic_task_mapping' retrieved from /Users/aswin/Documents/data-engineering-practice/ETL_Airflow_DBT/airflow/airflow_env/lib/python3.11/site-packages/airflow/example_dags/example_dynamic_task_mapping.py
[2026-04-01T21:20:56.953+0530] {logging_mixin.py:188} INFO - [2026-04-01T21:20:56.953+0530] {dag.py:3096} INFO - Sync 1 DAGs
[2026-04-01T21:20:56.968+0530] {logging_mixin.py:188} INFO - [2026-04-01T21:20:56.968+0530] {dag.py:3954} INFO - Setting next_dagrun for example_dynamic_task_mapping to 2022-03-04 00:00:00+00:00, run_after=2022-03-05 00:00:00+00:00
[2026-04-01T21:20:56.980+0530] {processor.py:183} INFO - Processing /Users/aswin/Documents/data-engineering-practice/ETL_Airflow_DBT/airflow/airflow_env/lib/python3.11/site-packages/airflow/example_dags/example_dynamic_task_mapping.py took 0.243 seconds
[2026-04-01T21:21:27.904+0530] {processor.py:161} INFO - Started process (PID=4152) to work on /Users/aswin/Documents/data-engineering-practice/ETL_Airflow_DBT/airflow/airflow_env/lib/python3.11/site-packages/airflow/example_dags/example_dynamic_task_mapping.py
[2026-04-01T21:21:27.905+0530] {processor.py:830} INFO - Processing file /Users/aswin/Documents/data-engineering-practice/ETL_Airflow_DBT/airflow/airflow_env/lib/python3.11/site-packages/airflow/example_dags/example_dynamic_task_mapping.py for tasks to queue
[2026-04-01T21:21:27.905+0530] {logging_mixin.py:188} INFO - [2026-04-01T21:21:27.905+0530] {dagbag.py:540} INFO - Filling up the DagBag from /Users/aswin/Documents/data-engineering-practice/ETL_Airflow_DBT/airflow/airflow_env/lib/python3.11/site-packages/airflow/example_dags/example_dynamic_task_mapping.py
[2026-04-01T21:21:27.920+0530] {processor.py:840} INFO - DAG(s) 'example_dynamic_task_mapping' retrieved from /Users/aswin/Documents/data-engineering-practice/ETL_Airflow_DBT/airflow/airflow_env/lib/python3.11/site-packages/airflow/example_dags/example_dynamic_task_mapping.py
[2026-04-01T21:21:27.972+0530] {logging_mixin.py:188} INFO - [2026-04-01T21:21:27.971+0530] {dag.py:3096} INFO - Sync 1 DAGs
[2026-04-01T21:21:27.982+0530] {logging_mixin.py:188} INFO - [2026-04-01T21:21:27.982+0530] {dag.py:3954} INFO - Setting next_dagrun for example_dynamic_task_mapping to 2022-03-04 00:00:00+00:00, run_after=2022-03-05 00:00:00+00:00
[2026-04-01T21:21:27.990+0530] {processor.py:183} INFO - Processing /Users/aswin/Documents/data-engineering-practice/ETL_Airflow_DBT/airflow/airflow_env/lib/python3.11/site-packages/airflow/example_dags/example_dynamic_task_mapping.py took 0.086 seconds
[2026-04-01T21:21:58.722+0530] {processor.py:161} INFO - Started process (PID=4268) to work on /Users/aswin/Documents/data-engineering-practice/ETL_Airflow_DBT/airflow/airflow_env/lib/python3.11/site-packages/airflow/example_dags/example_dynamic_task_mapping.py
[2026-04-01T21:21:58.723+0530] {processor.py:830} INFO - Processing file /Users/aswin/Documents/data-engineering-practice/ETL_Airflow_DBT/airflow/airflow_env/lib/python3.11/site-packages/airflow/example_dags/example_dynamic_task_mapping.py for tasks to queue
[2026-04-01T21:21:58.723+0530] {logging_mixin.py:188} INFO - [2026-04-01T21:21:58.723+0530] {dagbag.py:540} INFO - Filling up the DagBag from /Users/aswin/Documents/data-engineering-practice/ETL_Airflow_DBT/airflow/airflow_env/lib/python3.11/site-packages/airflow/example_dags/example_dynamic_task_mapping.py
[2026-04-01T21:21:58.738+0530] {processor.py:840} INFO - DAG(s) 'example_dynamic_task_mapping' retrieved from /Users/aswin/Documents/data-engineering-practice/ETL_Airflow_DBT/airflow/airflow_env/lib/python3.11/site-packages/airflow/example_dags/example_dynamic_task_mapping.py
[2026-04-01T21:21:58.793+0530] {logging_mixin.py:188} INFO - [2026-04-01T21:21:58.793+0530] {dag.py:3096} INFO - Sync 1 DAGs
[2026-04-01T21:21:58.805+0530] {logging_mixin.py:188} INFO - [2026-04-01T21:21:58.805+0530] {dag.py:3954} INFO - Setting next_dagrun for example_dynamic_task_mapping to 2022-03-04 00:00:00+00:00, run_after=2022-03-05 00:00:00+00:00
[2026-04-01T21:21:58.813+0530] {processor.py:183} INFO - Processing /Users/aswin/Documents/data-engineering-practice/ETL_Airflow_DBT/airflow/airflow_env/lib/python3.11/site-packages/airflow/example_dags/example_dynamic_task_mapping.py took 0.092 seconds
[2026-04-01T21:22:32.061+0530] {processor.py:161} INFO - Started process (PID=4382) to work on /Users/aswin/Documents/data-engineering-practice/ETL_Airflow_DBT/airflow/airflow_env/lib/python3.11/site-packages/airflow/example_dags/example_dynamic_task_mapping.py
[2026-04-01T21:22:32.061+0530] {processor.py:830} INFO - Processing file /Users/aswin/Documents/data-engineering-practice/ETL_Airflow_DBT/airflow/airflow_env/lib/python3.11/site-packages/airflow/example_dags/example_dynamic_task_mapping.py for tasks to queue
[2026-04-01T21:22:32.062+0530] {logging_mixin.py:188} INFO - [2026-04-01T21:22:32.062+0530] {dagbag.py:540} INFO - Filling up the DagBag from /Users/aswin/Documents/data-engineering-practice/ETL_Airflow_DBT/airflow/airflow_env/lib/python3.11/site-packages/airflow/example_dags/example_dynamic_task_mapping.py
[2026-04-01T21:22:32.079+0530] {processor.py:840} INFO - DAG(s) 'example_dynamic_task_mapping' retrieved from /Users/aswin/Documents/data-engineering-practice/ETL_Airflow_DBT/airflow/airflow_env/lib/python3.11/site-packages/airflow/example_dags/example_dynamic_task_mapping.py
[2026-04-01T21:22:32.186+0530] {logging_mixin.py:188} INFO - [2026-04-01T21:22:32.186+0530] {dag.py:3096} INFO - Sync 1 DAGs
[2026-04-01T21:22:32.199+0530] {logging_mixin.py:188} INFO - [2026-04-01T21:22:32.199+0530] {dag.py:3954} INFO - Setting next_dagrun for example_dynamic_task_mapping to 2022-03-04 00:00:00+00:00, run_after=2022-03-05 00:00:00+00:00
[2026-04-01T21:22:32.208+0530] {processor.py:183} INFO - Processing /Users/aswin/Documents/data-engineering-practice/ETL_Airflow_DBT/airflow/airflow_env/lib/python3.11/site-packages/airflow/example_dags/example_dynamic_task_mapping.py took 0.149 seconds
[2026-04-01T21:23:03.567+0530] {processor.py:161} INFO - Started process (PID=4508) to work on /Users/aswin/Documents/data-engineering-practice/ETL_Airflow_DBT/airflow/airflow_env/lib/python3.11/site-packages/airflow/example_dags/example_dynamic_task_mapping.py
[2026-04-01T21:23:03.568+0530] {processor.py:830} INFO - Processing file /Users/aswin/Documents/data-engineering-practice/ETL_Airflow_DBT/airflow/airflow_env/lib/python3.11/site-packages/airflow/example_dags/example_dynamic_task_mapping.py for tasks to queue
[2026-04-01T21:23:03.568+0530] {logging_mixin.py:188} INFO - [2026-04-01T21:23:03.568+0530] {dagbag.py:540} INFO - Filling up the DagBag from /Users/aswin/Documents/data-engineering-practice/ETL_Airflow_DBT/airflow/airflow_env/lib/python3.11/site-packages/airflow/example_dags/example_dynamic_task_mapping.py
[2026-04-01T21:23:03.585+0530] {processor.py:840} INFO - DAG(s) 'example_dynamic_task_mapping' retrieved from /Users/aswin/Documents/data-engineering-practice/ETL_Airflow_DBT/airflow/airflow_env/lib/python3.11/site-packages/airflow/example_dags/example_dynamic_task_mapping.py
[2026-04-01T21:23:03.641+0530] {logging_mixin.py:188} INFO - [2026-04-01T21:23:03.641+0530] {dag.py:3096} INFO - Sync 1 DAGs
[2026-04-01T21:23:03.652+0530] {logging_mixin.py:188} INFO - [2026-04-01T21:23:03.652+0530] {dag.py:3954} INFO - Setting next_dagrun for example_dynamic_task_mapping to 2022-03-04 00:00:00+00:00, run_after=2022-03-05 00:00:00+00:00
[2026-04-01T21:23:03.663+0530] {processor.py:183} INFO - Processing /Users/aswin/Documents/data-engineering-practice/ETL_Airflow_DBT/airflow/airflow_env/lib/python3.11/site-packages/airflow/example_dags/example_dynamic_task_mapping.py took 0.097 seconds
[2026-04-01T21:23:39.478+0530] {processor.py:161} INFO - Started process (PID=4621) to work on /Users/aswin/Documents/data-engineering-practice/ETL_Airflow_DBT/airflow/airflow_env/lib/python3.11/site-packages/airflow/example_dags/example_dynamic_task_mapping.py
[2026-04-01T21:23:39.480+0530] {processor.py:830} INFO - Processing file /Users/aswin/Documents/data-engineering-practice/ETL_Airflow_DBT/airflow/airflow_env/lib/python3.11/site-packages/airflow/example_dags/example_dynamic_task_mapping.py for tasks to queue
[2026-04-01T21:23:39.480+0530] {logging_mixin.py:188} INFO - [2026-04-01T21:23:39.480+0530] {dagbag.py:540} INFO - Filling up the DagBag from /Users/aswin/Documents/data-engineering-practice/ETL_Airflow_DBT/airflow/airflow_env/lib/python3.11/site-packages/airflow/example_dags/example_dynamic_task_mapping.py
[2026-04-01T21:23:39.500+0530] {processor.py:840} INFO - DAG(s) 'example_dynamic_task_mapping' retrieved from /Users/aswin/Documents/data-engineering-practice/ETL_Airflow_DBT/airflow/airflow_env/lib/python3.11/site-packages/airflow/example_dags/example_dynamic_task_mapping.py
[2026-04-01T21:23:39.571+0530] {logging_mixin.py:188} INFO - [2026-04-01T21:23:39.571+0530] {dag.py:3096} INFO - Sync 1 DAGs
[2026-04-01T21:23:39.585+0530] {logging_mixin.py:188} INFO - [2026-04-01T21:23:39.584+0530] {dag.py:3954} INFO - Setting next_dagrun for example_dynamic_task_mapping to 2022-03-04 00:00:00+00:00, run_after=2022-03-05 00:00:00+00:00
[2026-04-01T21:23:39.596+0530] {processor.py:183} INFO - Processing /Users/aswin/Documents/data-engineering-practice/ETL_Airflow_DBT/airflow/airflow_env/lib/python3.11/site-packages/airflow/example_dags/example_dynamic_task_mapping.py took 0.119 seconds
[2026-04-01T21:24:17.571+0530] {processor.py:161} INFO - Started process (PID=4732) to work on /Users/aswin/Documents/data-engineering-practice/ETL_Airflow_DBT/airflow/airflow_env/lib/python3.11/site-packages/airflow/example_dags/example_dynamic_task_mapping.py
[2026-04-01T21:24:17.571+0530] {processor.py:830} INFO - Processing file /Users/aswin/Documents/data-engineering-practice/ETL_Airflow_DBT/airflow/airflow_env/lib/python3.11/site-packages/airflow/example_dags/example_dynamic_task_mapping.py for tasks to queue
[2026-04-01T21:24:17.572+0530] {logging_mixin.py:188} INFO - [2026-04-01T21:24:17.572+0530] {dagbag.py:540} INFO - Filling up the DagBag from /Users/aswin/Documents/data-engineering-practice/ETL_Airflow_DBT/airflow/airflow_env/lib/python3.11/site-packages/airflow/example_dags/example_dynamic_task_mapping.py
[2026-04-01T21:24:17.596+0530] {processor.py:840} INFO - DAG(s) 'example_dynamic_task_mapping' retrieved from /Users/aswin/Documents/data-engineering-practice/ETL_Airflow_DBT/airflow/airflow_env/lib/python3.11/site-packages/airflow/example_dags/example_dynamic_task_mapping.py
[2026-04-01T21:24:17.670+0530] {logging_mixin.py:188} INFO - [2026-04-01T21:24:17.670+0530] {dag.py:3096} INFO - Sync 1 DAGs
[2026-04-01T21:24:17.683+0530] {logging_mixin.py:188} INFO - [2026-04-01T21:24:17.683+0530] {dag.py:3954} INFO - Setting next_dagrun for example_dynamic_task_mapping to 2022-03-04 00:00:00+00:00, run_after=2022-03-05 00:00:00+00:00
[2026-04-01T21:24:17.694+0530] {processor.py:183} INFO - Processing /Users/aswin/Documents/data-engineering-practice/ETL_Airflow_DBT/airflow/airflow_env/lib/python3.11/site-packages/airflow/example_dags/example_dynamic_task_mapping.py took 0.125 seconds
[2026-04-01T21:25:05.140+0530] {processor.py:161} INFO - Started process (PID=4856) to work on /Users/aswin/Documents/data-engineering-practice/ETL_Airflow_DBT/airflow/airflow_env/lib/python3.11/site-packages/airflow/example_dags/example_dynamic_task_mapping.py
[2026-04-01T21:25:05.141+0530] {processor.py:830} INFO - Processing file /Users/aswin/Documents/data-engineering-practice/ETL_Airflow_DBT/airflow/airflow_env/lib/python3.11/site-packages/airflow/example_dags/example_dynamic_task_mapping.py for tasks to queue
[2026-04-01T21:25:05.141+0530] {logging_mixin.py:188} INFO - [2026-04-01T21:25:05.141+0530] {dagbag.py:540} INFO - Filling up the DagBag from /Users/aswin/Documents/data-engineering-practice/ETL_Airflow_DBT/airflow/airflow_env/lib/python3.11/site-packages/airflow/example_dags/example_dynamic_task_mapping.py
[2026-04-01T21:25:05.167+0530] {processor.py:840} INFO - DAG(s) 'example_dynamic_task_mapping' retrieved from /Users/aswin/Documents/data-engineering-practice/ETL_Airflow_DBT/airflow/airflow_env/lib/python3.11/site-packages/airflow/example_dags/example_dynamic_task_mapping.py
[2026-04-01T21:25:05.247+0530] {logging_mixin.py:188} INFO - [2026-04-01T21:25:05.247+0530] {dag.py:3096} INFO - Sync 1 DAGs
[2026-04-01T21:25:05.265+0530] {logging_mixin.py:188} INFO - [2026-04-01T21:25:05.265+0530] {dag.py:3954} INFO - Setting next_dagrun for example_dynamic_task_mapping to 2022-03-04 00:00:00+00:00, run_after=2022-03-05 00:00:00+00:00
[2026-04-01T21:25:05.279+0530] {processor.py:183} INFO - Processing /Users/aswin/Documents/data-engineering-practice/ETL_Airflow_DBT/airflow/airflow_env/lib/python3.11/site-packages/airflow/example_dags/example_dynamic_task_mapping.py took 0.140 seconds
[2026-04-01T21:25:51.249+0530] {processor.py:161} INFO - Started process (PID=4971) to work on /Users/aswin/Documents/data-engineering-practice/ETL_Airflow_DBT/airflow/airflow_env/lib/python3.11/site-packages/airflow/example_dags/example_dynamic_task_mapping.py
[2026-04-01T21:25:51.250+0530] {processor.py:830} INFO - Processing file /Users/aswin/Documents/data-engineering-practice/ETL_Airflow_DBT/airflow/airflow_env/lib/python3.11/site-packages/airflow/example_dags/example_dynamic_task_mapping.py for tasks to queue
[2026-04-01T21:25:51.251+0530] {logging_mixin.py:188} INFO - [2026-04-01T21:25:51.251+0530] {dagbag.py:540} INFO - Filling up the DagBag from /Users/aswin/Documents/data-engineering-practice/ETL_Airflow_DBT/airflow/airflow_env/lib/python3.11/site-packages/airflow/example_dags/example_dynamic_task_mapping.py
[2026-04-01T21:25:51.279+0530] {processor.py:840} INFO - DAG(s) 'example_dynamic_task_mapping' retrieved from /Users/aswin/Documents/data-engineering-practice/ETL_Airflow_DBT/airflow/airflow_env/lib/python3.11/site-packages/airflow/example_dags/example_dynamic_task_mapping.py
[2026-04-01T21:25:51.371+0530] {logging_mixin.py:188} INFO - [2026-04-01T21:25:51.371+0530] {dag.py:3096} INFO - Sync 1 DAGs
[2026-04-01T21:25:51.389+0530] {logging_mixin.py:188} INFO - [2026-04-01T21:25:51.388+0530] {dag.py:3954} INFO - Setting next_dagrun for example_dynamic_task_mapping to 2022-03-04 00:00:00+00:00, run_after=2022-03-05 00:00:00+00:00
[2026-04-01T21:25:51.401+0530] {processor.py:183} INFO - Processing /Users/aswin/Documents/data-engineering-practice/ETL_Airflow_DBT/airflow/airflow_env/lib/python3.11/site-packages/airflow/example_dags/example_dynamic_task_mapping.py took 0.154 seconds
[2026-04-01T21:26:35.262+0530] {processor.py:161} INFO - Started process (PID=5091) to work on /Users/aswin/Documents/data-engineering-practice/ETL_Airflow_DBT/airflow/airflow_env/lib/python3.11/site-packages/airflow/example_dags/example_dynamic_task_mapping.py
[2026-04-01T21:26:35.263+0530] {processor.py:830} INFO - Processing file /Users/aswin/Documents/data-engineering-practice/ETL_Airflow_DBT/airflow/airflow_env/lib/python3.11/site-packages/airflow/example_dags/example_dynamic_task_mapping.py for tasks to queue
[2026-04-01T21:26:35.263+0530] {logging_mixin.py:188} INFO - [2026-04-01T21:26:35.263+0530] {dagbag.py:540} INFO - Filling up the DagBag from /Users/aswin/Documents/data-engineering-practice/ETL_Airflow_DBT/airflow/airflow_env/lib/python3.11/site-packages/airflow/example_dags/example_dynamic_task_mapping.py
[2026-04-01T21:26:35.291+0530] {processor.py:840} INFO - DAG(s) 'example_dynamic_task_mapping' retrieved from /Users/aswin/Documents/data-engineering-practice/ETL_Airflow_DBT/airflow/airflow_env/lib/python3.11/site-packages/airflow/example_dags/example_dynamic_task_mapping.py
[2026-04-01T21:26:35.377+0530] {logging_mixin.py:188} INFO - [2026-04-01T21:26:35.377+0530] {dag.py:3096} INFO - Sync 1 DAGs
[2026-04-01T21:26:35.393+0530] {logging_mixin.py:188} INFO - [2026-04-01T21:26:35.393+0530] {dag.py:3954} INFO - Setting next_dagrun for example_dynamic_task_mapping to 2022-03-04 00:00:00+00:00, run_after=2022-03-05 00:00:00+00:00
[2026-04-01T21:26:35.406+0530] {processor.py:183} INFO - Processing /Users/aswin/Documents/data-engineering-practice/ETL_Airflow_DBT/airflow/airflow_env/lib/python3.11/site-packages/airflow/example_dags/example_dynamic_task_mapping.py took 0.146 seconds
[2026-04-01T21:27:25.647+0530] {processor.py:161} INFO - Started process (PID=5222) to work on /Users/aswin/Documents/data-engineering-practice/ETL_Airflow_DBT/airflow/airflow_env/lib/python3.11/site-packages/airflow/example_dags/example_dynamic_task_mapping.py
[2026-04-01T21:27:25.647+0530] {processor.py:830} INFO - Processing file /Users/aswin/Documents/data-engineering-practice/ETL_Airflow_DBT/airflow/airflow_env/lib/python3.11/site-packages/airflow/example_dags/example_dynamic_task_mapping.py for tasks to queue
[2026-04-01T21:27:25.648+0530] {logging_mixin.py:188} INFO - [2026-04-01T21:27:25.647+0530] {dagbag.py:540} INFO - Filling up the DagBag from /Users/aswin/Documents/data-engineering-practice/ETL_Airflow_DBT/airflow/airflow_env/lib/python3.11/site-packages/airflow/example_dags/example_dynamic_task_mapping.py
[2026-04-01T21:27:25.664+0530] {processor.py:840} INFO - DAG(s) 'example_dynamic_task_mapping' retrieved from /Users/aswin/Documents/data-engineering-practice/ETL_Airflow_DBT/airflow/airflow_env/lib/python3.11/site-packages/airflow/example_dags/example_dynamic_task_mapping.py
[2026-04-01T21:27:25.723+0530] {logging_mixin.py:188} INFO - [2026-04-01T21:27:25.722+0530] {dag.py:3096} INFO - Sync 1 DAGs
[2026-04-01T21:27:25.734+0530] {logging_mixin.py:188} INFO - [2026-04-01T21:27:25.734+0530] {dag.py:3954} INFO - Setting next_dagrun for example_dynamic_task_mapping to 2022-03-04 00:00:00+00:00, run_after=2022-03-05 00:00:00+00:00
[2026-04-01T21:27:25.747+0530] {processor.py:183} INFO - Processing /Users/aswin/Documents/data-engineering-practice/ETL_Airflow_DBT/airflow/airflow_env/lib/python3.11/site-packages/airflow/example_dags/example_dynamic_task_mapping.py took 0.102 seconds
[2026-04-01T21:28:05.048+0530] {processor.py:161} INFO - Started process (PID=5351) to work on /Users/aswin/Documents/data-engineering-practice/ETL_Airflow_DBT/airflow/airflow_env/lib/python3.11/site-packages/airflow/example_dags/example_dynamic_task_mapping.py
[2026-04-01T21:28:05.050+0530] {processor.py:830} INFO - Processing file /Users/aswin/Documents/data-engineering-practice/ETL_Airflow_DBT/airflow/airflow_env/lib/python3.11/site-packages/airflow/example_dags/example_dynamic_task_mapping.py for tasks to queue
[2026-04-01T21:28:05.050+0530] {logging_mixin.py:188} INFO - [2026-04-01T21:28:05.050+0530] {dagbag.py:540} INFO - Filling up the DagBag from /Users/aswin/Documents/data-engineering-practice/ETL_Airflow_DBT/airflow/airflow_env/lib/python3.11/site-packages/airflow/example_dags/example_dynamic_task_mapping.py
[2026-04-01T21:28:05.073+0530] {processor.py:840} INFO - DAG(s) 'example_dynamic_task_mapping' retrieved from /Users/aswin/Documents/data-engineering-practice/ETL_Airflow_DBT/airflow/airflow_env/lib/python3.11/site-packages/airflow/example_dags/example_dynamic_task_mapping.py
[2026-04-01T21:28:05.154+0530] {logging_mixin.py:188} INFO - [2026-04-01T21:28:05.154+0530] {dag.py:3096} INFO - Sync 1 DAGs
[2026-04-01T21:28:05.168+0530] {logging_mixin.py:188} INFO - [2026-04-01T21:28:05.168+0530] {dag.py:3954} INFO - Setting next_dagrun for example_dynamic_task_mapping to 2022-03-04 00:00:00+00:00, run_after=2022-03-05 00:00:00+00:00
[2026-04-01T21:28:05.180+0530] {processor.py:183} INFO - Processing /Users/aswin/Documents/data-engineering-practice/ETL_Airflow_DBT/airflow/airflow_env/lib/python3.11/site-packages/airflow/example_dags/example_dynamic_task_mapping.py took 0.133 seconds
[2026-04-01T21:28:51.723+0530] {processor.py:161} INFO - Started process (PID=5476) to work on /Users/aswin/Documents/data-engineering-practice/ETL_Airflow_DBT/airflow/airflow_env/lib/python3.11/site-packages/airflow/example_dags/example_dynamic_task_mapping.py
[2026-04-01T21:28:51.724+0530] {processor.py:830} INFO - Processing file /Users/aswin/Documents/data-engineering-practice/ETL_Airflow_DBT/airflow/airflow_env/lib/python3.11/site-packages/airflow/example_dags/example_dynamic_task_mapping.py for tasks to queue
[2026-04-01T21:28:51.725+0530] {logging_mixin.py:188} INFO - [2026-04-01T21:28:51.725+0530] {dagbag.py:540} INFO - Filling up the DagBag from /Users/aswin/Documents/data-engineering-practice/ETL_Airflow_DBT/airflow/airflow_env/lib/python3.11/site-packages/airflow/example_dags/example_dynamic_task_mapping.py
[2026-04-01T21:28:51.753+0530] {processor.py:840} INFO - DAG(s) 'example_dynamic_task_mapping' retrieved from /Users/aswin/Documents/data-engineering-practice/ETL_Airflow_DBT/airflow/airflow_env/lib/python3.11/site-packages/airflow/example_dags/example_dynamic_task_mapping.py
[2026-04-01T21:28:51.837+0530] {logging_mixin.py:188} INFO - [2026-04-01T21:28:51.836+0530] {dag.py:3096} INFO - Sync 1 DAGs
[2026-04-01T21:28:51.852+0530] {logging_mixin.py:188} INFO - [2026-04-01T21:28:51.852+0530] {dag.py:3954} INFO - Setting next_dagrun for example_dynamic_task_mapping to 2022-03-04 00:00:00+00:00, run_after=2022-03-05 00:00:00+00:00
[2026-04-01T21:28:51.865+0530] {processor.py:183} INFO - Processing /Users/aswin/Documents/data-engineering-practice/ETL_Airflow_DBT/airflow/airflow_env/lib/python3.11/site-packages/airflow/example_dags/example_dynamic_task_mapping.py took 0.145 seconds
[2026-04-01T21:29:32.218+0530] {processor.py:161} INFO - Started process (PID=5590) to work on /Users/aswin/Documents/data-engineering-practice/ETL_Airflow_DBT/airflow/airflow_env/lib/python3.11/site-packages/airflow/example_dags/example_dynamic_task_mapping.py
[2026-04-01T21:29:32.220+0530] {processor.py:830} INFO - Processing file /Users/aswin/Documents/data-engineering-practice/ETL_Airflow_DBT/airflow/airflow_env/lib/python3.11/site-packages/airflow/example_dags/example_dynamic_task_mapping.py for tasks to queue
[2026-04-01T21:29:32.220+0530] {logging_mixin.py:188} INFO - [2026-04-01T21:29:32.220+0530] {dagbag.py:540} INFO - Filling up the DagBag from /Users/aswin/Documents/data-engineering-practice/ETL_Airflow_DBT/airflow/airflow_env/lib/python3.11/site-packages/airflow/example_dags/example_dynamic_task_mapping.py
[2026-04-01T21:29:32.244+0530] {processor.py:840} INFO - DAG(s) 'example_dynamic_task_mapping' retrieved from /Users/aswin/Documents/data-engineering-practice/ETL_Airflow_DBT/airflow/airflow_env/lib/python3.11/site-packages/airflow/example_dags/example_dynamic_task_mapping.py
[2026-04-01T21:29:32.325+0530] {logging_mixin.py:188} INFO - [2026-04-01T21:29:32.325+0530] {dag.py:3096} INFO - Sync 1 DAGs
[2026-04-01T21:29:32.341+0530] {logging_mixin.py:188} INFO - [2026-04-01T21:29:32.341+0530] {dag.py:3954} INFO - Setting next_dagrun for example_dynamic_task_mapping to 2022-03-04 00:00:00+00:00, run_after=2022-03-05 00:00:00+00:00
[2026-04-01T21:29:32.354+0530] {processor.py:183} INFO - Processing /Users/aswin/Documents/data-engineering-practice/ETL_Airflow_DBT/airflow/airflow_env/lib/python3.11/site-packages/airflow/example_dags/example_dynamic_task_mapping.py took 0.137 seconds
[2026-04-01T21:30:16.279+0530] {processor.py:161} INFO - Started process (PID=5707) to work on /Users/aswin/Documents/data-engineering-practice/ETL_Airflow_DBT/airflow/airflow_env/lib/python3.11/site-packages/airflow/example_dags/example_dynamic_task_mapping.py
[2026-04-01T21:30:16.280+0530] {processor.py:830} INFO - Processing file /Users/aswin/Documents/data-engineering-practice/ETL_Airflow_DBT/airflow/airflow_env/lib/python3.11/site-packages/airflow/example_dags/example_dynamic_task_mapping.py for tasks to queue
[2026-04-01T21:30:16.280+0530] {logging_mixin.py:188} INFO - [2026-04-01T21:30:16.280+0530] {dagbag.py:540} INFO - Filling up the DagBag from /Users/aswin/Documents/data-engineering-practice/ETL_Airflow_DBT/airflow/airflow_env/lib/python3.11/site-packages/airflow/example_dags/example_dynamic_task_mapping.py
[2026-04-01T21:30:16.308+0530] {processor.py:840} INFO - DAG(s) 'example_dynamic_task_mapping' retrieved from /Users/aswin/Documents/data-engineering-practice/ETL_Airflow_DBT/airflow/airflow_env/lib/python3.11/site-packages/airflow/example_dags/example_dynamic_task_mapping.py
[2026-04-01T21:30:16.407+0530] {logging_mixin.py:188} INFO - [2026-04-01T21:30:16.407+0530] {dag.py:3096} INFO - Sync 1 DAGs
[2026-04-01T21:30:16.426+0530] {logging_mixin.py:188} INFO - [2026-04-01T21:30:16.425+0530] {dag.py:3954} INFO - Setting next_dagrun for example_dynamic_task_mapping to 2022-03-04 00:00:00+00:00, run_after=2022-03-05 00:00:00+00:00
[2026-04-01T21:30:16.440+0530] {processor.py:183} INFO - Processing /Users/aswin/Documents/data-engineering-practice/ETL_Airflow_DBT/airflow/airflow_env/lib/python3.11/site-packages/airflow/example_dags/example_dynamic_task_mapping.py took 0.163 seconds
[2026-04-01T21:31:07.106+0530] {processor.py:161} INFO - Started process (PID=5839) to work on /Users/aswin/Documents/data-engineering-practice/ETL_Airflow_DBT/airflow/airflow_env/lib/python3.11/site-packages/airflow/example_dags/example_dynamic_task_mapping.py
[2026-04-01T21:31:07.107+0530] {processor.py:830} INFO - Processing file /Users/aswin/Documents/data-engineering-practice/ETL_Airflow_DBT/airflow/airflow_env/lib/python3.11/site-packages/airflow/example_dags/example_dynamic_task_mapping.py for tasks to queue
[2026-04-01T21:31:07.108+0530] {logging_mixin.py:188} INFO - [2026-04-01T21:31:07.107+0530] {dagbag.py:540} INFO - Filling up the DagBag from /Users/aswin/Documents/data-engineering-practice/ETL_Airflow_DBT/airflow/airflow_env/lib/python3.11/site-packages/airflow/example_dags/example_dynamic_task_mapping.py
[2026-04-01T21:31:07.137+0530] {processor.py:840} INFO - DAG(s) 'example_dynamic_task_mapping' retrieved from /Users/aswin/Documents/data-engineering-practice/ETL_Airflow_DBT/airflow/airflow_env/lib/python3.11/site-packages/airflow/example_dags/example_dynamic_task_mapping.py
[2026-04-01T21:31:07.229+0530] {logging_mixin.py:188} INFO - [2026-04-01T21:31:07.229+0530] {dag.py:3096} INFO - Sync 1 DAGs
[2026-04-01T21:31:07.247+0530] {logging_mixin.py:188} INFO - [2026-04-01T21:31:07.246+0530] {dag.py:3954} INFO - Setting next_dagrun for example_dynamic_task_mapping to 2022-03-04 00:00:00+00:00, run_after=2022-03-05 00:00:00+00:00
[2026-04-01T21:31:07.261+0530] {processor.py:183} INFO - Processing /Users/aswin/Documents/data-engineering-practice/ETL_Airflow_DBT/airflow/airflow_env/lib/python3.11/site-packages/airflow/example_dags/example_dynamic_task_mapping.py took 0.157 seconds
[2026-04-01T21:32:02.078+0530] {processor.py:161} INFO - Started process (PID=5979) to work on /Users/aswin/Documents/data-engineering-practice/ETL_Airflow_DBT/airflow/airflow_env/lib/python3.11/site-packages/airflow/example_dags/example_dynamic_task_mapping.py
[2026-04-01T21:32:02.079+0530] {processor.py:830} INFO - Processing file /Users/aswin/Documents/data-engineering-practice/ETL_Airflow_DBT/airflow/airflow_env/lib/python3.11/site-packages/airflow/example_dags/example_dynamic_task_mapping.py for tasks to queue
[2026-04-01T21:32:02.080+0530] {logging_mixin.py:188} INFO - [2026-04-01T21:32:02.079+0530] {dagbag.py:540} INFO - Filling up the DagBag from /Users/aswin/Documents/data-engineering-practice/ETL_Airflow_DBT/airflow/airflow_env/lib/python3.11/site-packages/airflow/example_dags/example_dynamic_task_mapping.py
[2026-04-01T21:32:02.107+0530] {processor.py:840} INFO - DAG(s) 'example_dynamic_task_mapping' retrieved from /Users/aswin/Documents/data-engineering-practice/ETL_Airflow_DBT/airflow/airflow_env/lib/python3.11/site-packages/airflow/example_dags/example_dynamic_task_mapping.py
[2026-04-01T21:32:02.191+0530] {logging_mixin.py:188} INFO - [2026-04-01T21:32:02.190+0530] {dag.py:3096} INFO - Sync 1 DAGs
[2026-04-01T21:32:02.205+0530] {logging_mixin.py:188} INFO - [2026-04-01T21:32:02.205+0530] {dag.py:3954} INFO - Setting next_dagrun for example_dynamic_task_mapping to 2022-03-04 00:00:00+00:00, run_after=2022-03-05 00:00:00+00:00
[2026-04-01T21:32:02.218+0530] {processor.py:183} INFO - Processing /Users/aswin/Documents/data-engineering-practice/ETL_Airflow_DBT/airflow/airflow_env/lib/python3.11/site-packages/airflow/example_dags/example_dynamic_task_mapping.py took 0.142 seconds
[2026-04-01T21:32:58.245+0530] {processor.py:161} INFO - Started process (PID=6114) to work on /Users/aswin/Documents/data-engineering-practice/ETL_Airflow_DBT/airflow/airflow_env/lib/python3.11/site-packages/airflow/example_dags/example_dynamic_task_mapping.py
[2026-04-01T21:32:58.246+0530] {processor.py:830} INFO - Processing file /Users/aswin/Documents/data-engineering-practice/ETL_Airflow_DBT/airflow/airflow_env/lib/python3.11/site-packages/airflow/example_dags/example_dynamic_task_mapping.py for tasks to queue
[2026-04-01T21:32:58.246+0530] {logging_mixin.py:188} INFO - [2026-04-01T21:32:58.246+0530] {dagbag.py:540} INFO - Filling up the DagBag from /Users/aswin/Documents/data-engineering-practice/ETL_Airflow_DBT/airflow/airflow_env/lib/python3.11/site-packages/airflow/example_dags/example_dynamic_task_mapping.py
[2026-04-01T21:32:58.271+0530] {processor.py:840} INFO - DAG(s) 'example_dynamic_task_mapping' retrieved from /Users/aswin/Documents/data-engineering-practice/ETL_Airflow_DBT/airflow/airflow_env/lib/python3.11/site-packages/airflow/example_dags/example_dynamic_task_mapping.py
[2026-04-01T21:32:58.356+0530] {logging_mixin.py:188} INFO - [2026-04-01T21:32:58.355+0530] {dag.py:3096} INFO - Sync 1 DAGs
[2026-04-01T21:32:58.371+0530] {logging_mixin.py:188} INFO - [2026-04-01T21:32:58.371+0530] {dag.py:3954} INFO - Setting next_dagrun for example_dynamic_task_mapping to 2022-03-04 00:00:00+00:00, run_after=2022-03-05 00:00:00+00:00
[2026-04-01T21:32:58.384+0530] {processor.py:183} INFO - Processing /Users/aswin/Documents/data-engineering-practice/ETL_Airflow_DBT/airflow/airflow_env/lib/python3.11/site-packages/airflow/example_dags/example_dynamic_task_mapping.py took 0.140 seconds
[2026-04-01T21:33:39.596+0530] {processor.py:161} INFO - Started process (PID=6223) to work on /Users/aswin/Documents/data-engineering-practice/ETL_Airflow_DBT/airflow/airflow_env/lib/python3.11/site-packages/airflow/example_dags/example_dynamic_task_mapping.py
[2026-04-01T21:33:39.598+0530] {processor.py:830} INFO - Processing file /Users/aswin/Documents/data-engineering-practice/ETL_Airflow_DBT/airflow/airflow_env/lib/python3.11/site-packages/airflow/example_dags/example_dynamic_task_mapping.py for tasks to queue
[2026-04-01T21:33:39.598+0530] {logging_mixin.py:188} INFO - [2026-04-01T21:33:39.598+0530] {dagbag.py:540} INFO - Filling up the DagBag from /Users/aswin/Documents/data-engineering-practice/ETL_Airflow_DBT/airflow/airflow_env/lib/python3.11/site-packages/airflow/example_dags/example_dynamic_task_mapping.py
[2026-04-01T21:33:39.627+0530] {processor.py:840} INFO - DAG(s) 'example_dynamic_task_mapping' retrieved from /Users/aswin/Documents/data-engineering-practice/ETL_Airflow_DBT/airflow/airflow_env/lib/python3.11/site-packages/airflow/example_dags/example_dynamic_task_mapping.py
[2026-04-01T21:33:39.722+0530] {logging_mixin.py:188} INFO - [2026-04-01T21:33:39.721+0530] {dag.py:3096} INFO - Sync 1 DAGs
[2026-04-01T21:33:39.739+0530] {logging_mixin.py:188} INFO - [2026-04-01T21:33:39.739+0530] {dag.py:3954} INFO - Setting next_dagrun for example_dynamic_task_mapping to 2022-03-04 00:00:00+00:00, run_after=2022-03-05 00:00:00+00:00
[2026-04-01T21:33:39.753+0530] {processor.py:183} INFO - Processing /Users/aswin/Documents/data-engineering-practice/ETL_Airflow_DBT/airflow/airflow_env/lib/python3.11/site-packages/airflow/example_dags/example_dynamic_task_mapping.py took 0.159 seconds
[2026-04-01T21:34:34.986+0530] {processor.py:161} INFO - Started process (PID=6361) to work on /Users/aswin/Documents/data-engineering-practice/ETL_Airflow_DBT/airflow/airflow_env/lib/python3.11/site-packages/airflow/example_dags/example_dynamic_task_mapping.py
[2026-04-01T21:34:34.986+0530] {processor.py:830} INFO - Processing file /Users/aswin/Documents/data-engineering-practice/ETL_Airflow_DBT/airflow/airflow_env/lib/python3.11/site-packages/airflow/example_dags/example_dynamic_task_mapping.py for tasks to queue
[2026-04-01T21:34:34.987+0530] {logging_mixin.py:188} INFO - [2026-04-01T21:34:34.987+0530] {dagbag.py:540} INFO - Filling up the DagBag from /Users/aswin/Documents/data-engineering-practice/ETL_Airflow_DBT/airflow/airflow_env/lib/python3.11/site-packages/airflow/example_dags/example_dynamic_task_mapping.py
[2026-04-01T21:34:35.012+0530] {processor.py:840} INFO - DAG(s) 'example_dynamic_task_mapping' retrieved from /Users/aswin/Documents/data-engineering-practice/ETL_Airflow_DBT/airflow/airflow_env/lib/python3.11/site-packages/airflow/example_dags/example_dynamic_task_mapping.py
[2026-04-01T21:34:35.089+0530] {logging_mixin.py:188} INFO - [2026-04-01T21:34:35.089+0530] {dag.py:3096} INFO - Sync 1 DAGs
[2026-04-01T21:34:35.104+0530] {logging_mixin.py:188} INFO - [2026-04-01T21:34:35.104+0530] {dag.py:3954} INFO - Setting next_dagrun for example_dynamic_task_mapping to 2022-03-04 00:00:00+00:00, run_after=2022-03-05 00:00:00+00:00
[2026-04-01T21:34:35.116+0530] {processor.py:183} INFO - Processing /Users/aswin/Documents/data-engineering-practice/ETL_Airflow_DBT/airflow/airflow_env/lib/python3.11/site-packages/airflow/example_dags/example_dynamic_task_mapping.py took 0.133 seconds
[2026-04-01T21:35:19.512+0530] {processor.py:161} INFO - Started process (PID=6471) to work on /Users/aswin/Documents/data-engineering-practice/ETL_Airflow_DBT/airflow/airflow_env/lib/python3.11/site-packages/airflow/example_dags/example_dynamic_task_mapping.py
[2026-04-01T21:35:19.512+0530] {processor.py:830} INFO - Processing file /Users/aswin/Documents/data-engineering-practice/ETL_Airflow_DBT/airflow/airflow_env/lib/python3.11/site-packages/airflow/example_dags/example_dynamic_task_mapping.py for tasks to queue
[2026-04-01T21:35:19.513+0530] {logging_mixin.py:188} INFO - [2026-04-01T21:35:19.513+0530] {dagbag.py:540} INFO - Filling up the DagBag from /Users/aswin/Documents/data-engineering-practice/ETL_Airflow_DBT/airflow/airflow_env/lib/python3.11/site-packages/airflow/example_dags/example_dynamic_task_mapping.py
[2026-04-01T21:35:19.542+0530] {processor.py:840} INFO - DAG(s) 'example_dynamic_task_mapping' retrieved from /Users/aswin/Documents/data-engineering-practice/ETL_Airflow_DBT/airflow/airflow_env/lib/python3.11/site-packages/airflow/example_dags/example_dynamic_task_mapping.py
[2026-04-01T21:35:19.633+0530] {logging_mixin.py:188} INFO - [2026-04-01T21:35:19.633+0530] {dag.py:3096} INFO - Sync 1 DAGs
[2026-04-01T21:35:19.650+0530] {logging_mixin.py:188} INFO - [2026-04-01T21:35:19.649+0530] {dag.py:3954} INFO - Setting next_dagrun for example_dynamic_task_mapping to 2022-03-04 00:00:00+00:00, run_after=2022-03-05 00:00:00+00:00
[2026-04-01T21:35:19.664+0530] {processor.py:183} INFO - Processing /Users/aswin/Documents/data-engineering-practice/ETL_Airflow_DBT/airflow/airflow_env/lib/python3.11/site-packages/airflow/example_dags/example_dynamic_task_mapping.py took 0.154 seconds
[2026-04-01T21:36:09.843+0530] {processor.py:161} INFO - Started process (PID=6600) to work on /Users/aswin/Documents/data-engineering-practice/ETL_Airflow_DBT/airflow/airflow_env/lib/python3.11/site-packages/airflow/example_dags/example_dynamic_task_mapping.py
[2026-04-01T21:36:09.844+0530] {processor.py:830} INFO - Processing file /Users/aswin/Documents/data-engineering-practice/ETL_Airflow_DBT/airflow/airflow_env/lib/python3.11/site-packages/airflow/example_dags/example_dynamic_task_mapping.py for tasks to queue
[2026-04-01T21:36:09.844+0530] {logging_mixin.py:188} INFO - [2026-04-01T21:36:09.844+0530] {dagbag.py:540} INFO - Filling up the DagBag from /Users/aswin/Documents/data-engineering-practice/ETL_Airflow_DBT/airflow/airflow_env/lib/python3.11/site-packages/airflow/example_dags/example_dynamic_task_mapping.py
[2026-04-01T21:36:09.865+0530] {processor.py:840} INFO - DAG(s) 'example_dynamic_task_mapping' retrieved from /Users/aswin/Documents/data-engineering-practice/ETL_Airflow_DBT/airflow/airflow_env/lib/python3.11/site-packages/airflow/example_dags/example_dynamic_task_mapping.py
[2026-04-01T21:36:09.932+0530] {logging_mixin.py:188} INFO - [2026-04-01T21:36:09.932+0530] {dag.py:3096} INFO - Sync 1 DAGs
[2026-04-01T21:36:09.947+0530] {logging_mixin.py:188} INFO - [2026-04-01T21:36:09.946+0530] {dag.py:3954} INFO - Setting next_dagrun for example_dynamic_task_mapping to 2022-03-04 00:00:00+00:00, run_after=2022-03-05 00:00:00+00:00
[2026-04-01T21:36:09.958+0530] {processor.py:183} INFO - Processing /Users/aswin/Documents/data-engineering-practice/ETL_Airflow_DBT/airflow/airflow_env/lib/python3.11/site-packages/airflow/example_dags/example_dynamic_task_mapping.py took 0.116 seconds
[2026-04-01T21:36:49.428+0530] {processor.py:161} INFO - Started process (PID=6740) to work on /Users/aswin/Documents/data-engineering-practice/ETL_Airflow_DBT/airflow/airflow_env/lib/python3.11/site-packages/airflow/example_dags/example_dynamic_task_mapping.py
[2026-04-01T21:36:49.429+0530] {processor.py:830} INFO - Processing file /Users/aswin/Documents/data-engineering-practice/ETL_Airflow_DBT/airflow/airflow_env/lib/python3.11/site-packages/airflow/example_dags/example_dynamic_task_mapping.py for tasks to queue
[2026-04-01T21:36:49.430+0530] {logging_mixin.py:188} INFO - [2026-04-01T21:36:49.430+0530] {dagbag.py:540} INFO - Filling up the DagBag from /Users/aswin/Documents/data-engineering-practice/ETL_Airflow_DBT/airflow/airflow_env/lib/python3.11/site-packages/airflow/example_dags/example_dynamic_task_mapping.py
[2026-04-01T21:36:49.450+0530] {processor.py:840} INFO - DAG(s) 'example_dynamic_task_mapping' retrieved from /Users/aswin/Documents/data-engineering-practice/ETL_Airflow_DBT/airflow/airflow_env/lib/python3.11/site-packages/airflow/example_dags/example_dynamic_task_mapping.py
[2026-04-01T21:36:49.518+0530] {logging_mixin.py:188} INFO - [2026-04-01T21:36:49.518+0530] {dag.py:3096} INFO - Sync 1 DAGs
[2026-04-01T21:36:49.532+0530] {logging_mixin.py:188} INFO - [2026-04-01T21:36:49.532+0530] {dag.py:3954} INFO - Setting next_dagrun for example_dynamic_task_mapping to 2022-03-04 00:00:00+00:00, run_after=2022-03-05 00:00:00+00:00
[2026-04-01T21:36:49.544+0530] {processor.py:183} INFO - Processing /Users/aswin/Documents/data-engineering-practice/ETL_Airflow_DBT/airflow/airflow_env/lib/python3.11/site-packages/airflow/example_dags/example_dynamic_task_mapping.py took 0.117 seconds
[2026-04-01T21:37:26.702+0530] {processor.py:161} INFO - Started process (PID=6852) to work on /Users/aswin/Documents/data-engineering-practice/ETL_Airflow_DBT/airflow/airflow_env/lib/python3.11/site-packages/airflow/example_dags/example_dynamic_task_mapping.py
[2026-04-01T21:37:26.702+0530] {processor.py:830} INFO - Processing file /Users/aswin/Documents/data-engineering-practice/ETL_Airflow_DBT/airflow/airflow_env/lib/python3.11/site-packages/airflow/example_dags/example_dynamic_task_mapping.py for tasks to queue
[2026-04-01T21:37:26.703+0530] {logging_mixin.py:188} INFO - [2026-04-01T21:37:26.703+0530] {dagbag.py:540} INFO - Filling up the DagBag from /Users/aswin/Documents/data-engineering-practice/ETL_Airflow_DBT/airflow/airflow_env/lib/python3.11/site-packages/airflow/example_dags/example_dynamic_task_mapping.py
[2026-04-01T21:37:26.725+0530] {processor.py:840} INFO - DAG(s) 'example_dynamic_task_mapping' retrieved from /Users/aswin/Documents/data-engineering-practice/ETL_Airflow_DBT/airflow/airflow_env/lib/python3.11/site-packages/airflow/example_dags/example_dynamic_task_mapping.py
[2026-04-01T21:37:26.795+0530] {logging_mixin.py:188} INFO - [2026-04-01T21:37:26.795+0530] {dag.py:3096} INFO - Sync 1 DAGs
[2026-04-01T21:37:26.810+0530] {logging_mixin.py:188} INFO - [2026-04-01T21:37:26.810+0530] {dag.py:3954} INFO - Setting next_dagrun for example_dynamic_task_mapping to 2022-03-04 00:00:00+00:00, run_after=2022-03-05 00:00:00+00:00
[2026-04-01T21:37:26.821+0530] {processor.py:183} INFO - Processing /Users/aswin/Documents/data-engineering-practice/ETL_Airflow_DBT/airflow/airflow_env/lib/python3.11/site-packages/airflow/example_dags/example_dynamic_task_mapping.py took 0.121 seconds
[2026-04-01T21:38:07.953+0530] {processor.py:161} INFO - Started process (PID=6972) to work on /Users/aswin/Documents/data-engineering-practice/ETL_Airflow_DBT/airflow/airflow_env/lib/python3.11/site-packages/airflow/example_dags/example_dynamic_task_mapping.py
[2026-04-01T21:38:07.953+0530] {processor.py:830} INFO - Processing file /Users/aswin/Documents/data-engineering-practice/ETL_Airflow_DBT/airflow/airflow_env/lib/python3.11/site-packages/airflow/example_dags/example_dynamic_task_mapping.py for tasks to queue
[2026-04-01T21:38:07.953+0530] {logging_mixin.py:188} INFO - [2026-04-01T21:38:07.953+0530] {dagbag.py:540} INFO - Filling up the DagBag from /Users/aswin/Documents/data-engineering-practice/ETL_Airflow_DBT/airflow/airflow_env/lib/python3.11/site-packages/airflow/example_dags/example_dynamic_task_mapping.py
[2026-04-01T21:38:07.973+0530] {processor.py:840} INFO - DAG(s) 'example_dynamic_task_mapping' retrieved from /Users/aswin/Documents/data-engineering-practice/ETL_Airflow_DBT/airflow/airflow_env/lib/python3.11/site-packages/airflow/example_dags/example_dynamic_task_mapping.py
[2026-04-01T21:38:08.040+0530] {logging_mixin.py:188} INFO - [2026-04-01T21:38:08.040+0530] {dag.py:3096} INFO - Sync 1 DAGs
[2026-04-01T21:38:08.055+0530] {logging_mixin.py:188} INFO - [2026-04-01T21:38:08.055+0530] {dag.py:3954} INFO - Setting next_dagrun for example_dynamic_task_mapping to 2022-03-04 00:00:00+00:00, run_after=2022-03-05 00:00:00+00:00
[2026-04-01T21:38:08.067+0530] {processor.py:183} INFO - Processing /Users/aswin/Documents/data-engineering-practice/ETL_Airflow_DBT/airflow/airflow_env/lib/python3.11/site-packages/airflow/example_dags/example_dynamic_task_mapping.py took 0.116 seconds
[2026-04-01T21:38:56.539+0530] {processor.py:161} INFO - Started process (PID=7101) to work on /Users/aswin/Documents/data-engineering-practice/ETL_Airflow_DBT/airflow/airflow_env/lib/python3.11/site-packages/airflow/example_dags/example_dynamic_task_mapping.py
[2026-04-01T21:38:56.540+0530] {processor.py:830} INFO - Processing file /Users/aswin/Documents/data-engineering-practice/ETL_Airflow_DBT/airflow/airflow_env/lib/python3.11/site-packages/airflow/example_dags/example_dynamic_task_mapping.py for tasks to queue
[2026-04-01T21:38:56.541+0530] {logging_mixin.py:188} INFO - [2026-04-01T21:38:56.540+0530] {dagbag.py:540} INFO - Filling up the DagBag from /Users/aswin/Documents/data-engineering-practice/ETL_Airflow_DBT/airflow/airflow_env/lib/python3.11/site-packages/airflow/example_dags/example_dynamic_task_mapping.py
[2026-04-01T21:38:56.566+0530] {processor.py:840} INFO - DAG(s) 'example_dynamic_task_mapping' retrieved from /Users/aswin/Documents/data-engineering-practice/ETL_Airflow_DBT/airflow/airflow_env/lib/python3.11/site-packages/airflow/example_dags/example_dynamic_task_mapping.py
[2026-04-01T21:38:56.668+0530] {logging_mixin.py:188} INFO - [2026-04-01T21:38:56.668+0530] {dag.py:3096} INFO - Sync 1 DAGs
[2026-04-01T21:38:56.686+0530] {logging_mixin.py:188} INFO - [2026-04-01T21:38:56.685+0530] {dag.py:3954} INFO - Setting next_dagrun for example_dynamic_task_mapping to 2022-03-04 00:00:00+00:00, run_after=2022-03-05 00:00:00+00:00
[2026-04-01T21:38:56.699+0530] {processor.py:183} INFO - Processing /Users/aswin/Documents/data-engineering-practice/ETL_Airflow_DBT/airflow/airflow_env/lib/python3.11/site-packages/airflow/example_dags/example_dynamic_task_mapping.py took 0.161 seconds
[2026-04-01T21:39:35.774+0530] {processor.py:161} INFO - Started process (PID=7236) to work on /Users/aswin/Documents/data-engineering-practice/ETL_Airflow_DBT/airflow/airflow_env/lib/python3.11/site-packages/airflow/example_dags/example_dynamic_task_mapping.py
[2026-04-01T21:39:35.775+0530] {processor.py:830} INFO - Processing file /Users/aswin/Documents/data-engineering-practice/ETL_Airflow_DBT/airflow/airflow_env/lib/python3.11/site-packages/airflow/example_dags/example_dynamic_task_mapping.py for tasks to queue
[2026-04-01T21:39:35.776+0530] {logging_mixin.py:188} INFO - [2026-04-01T21:39:35.775+0530] {dagbag.py:540} INFO - Filling up the DagBag from /Users/aswin/Documents/data-engineering-practice/ETL_Airflow_DBT/airflow/airflow_env/lib/python3.11/site-packages/airflow/example_dags/example_dynamic_task_mapping.py
[2026-04-01T21:39:35.801+0530] {processor.py:840} INFO - DAG(s) 'example_dynamic_task_mapping' retrieved from /Users/aswin/Documents/data-engineering-practice/ETL_Airflow_DBT/airflow/airflow_env/lib/python3.11/site-packages/airflow/example_dags/example_dynamic_task_mapping.py
[2026-04-01T21:39:35.878+0530] {logging_mixin.py:188} INFO - [2026-04-01T21:39:35.878+0530] {dag.py:3096} INFO - Sync 1 DAGs
[2026-04-01T21:39:35.893+0530] {logging_mixin.py:188} INFO - [2026-04-01T21:39:35.893+0530] {dag.py:3954} INFO - Setting next_dagrun for example_dynamic_task_mapping to 2022-03-04 00:00:00+00:00, run_after=2022-03-05 00:00:00+00:00
[2026-04-01T21:39:35.905+0530] {processor.py:183} INFO - Processing /Users/aswin/Documents/data-engineering-practice/ETL_Airflow_DBT/airflow/airflow_env/lib/python3.11/site-packages/airflow/example_dags/example_dynamic_task_mapping.py took 0.133 seconds
[2026-04-01T21:40:15.867+0530] {processor.py:161} INFO - Started process (PID=7359) to work on /Users/aswin/Documents/data-engineering-practice/ETL_Airflow_DBT/airflow/airflow_env/lib/python3.11/site-packages/airflow/example_dags/example_dynamic_task_mapping.py
[2026-04-01T21:40:15.868+0530] {processor.py:830} INFO - Processing file /Users/aswin/Documents/data-engineering-practice/ETL_Airflow_DBT/airflow/airflow_env/lib/python3.11/site-packages/airflow/example_dags/example_dynamic_task_mapping.py for tasks to queue
[2026-04-01T21:40:15.868+0530] {logging_mixin.py:188} INFO - [2026-04-01T21:40:15.868+0530] {dagbag.py:540} INFO - Filling up the DagBag from /Users/aswin/Documents/data-engineering-practice/ETL_Airflow_DBT/airflow/airflow_env/lib/python3.11/site-packages/airflow/example_dags/example_dynamic_task_mapping.py
[2026-04-01T21:40:15.884+0530] {processor.py:840} INFO - DAG(s) 'example_dynamic_task_mapping' retrieved from /Users/aswin/Documents/data-engineering-practice/ETL_Airflow_DBT/airflow/airflow_env/lib/python3.11/site-packages/airflow/example_dags/example_dynamic_task_mapping.py
[2026-04-01T21:40:15.939+0530] {logging_mixin.py:188} INFO - [2026-04-01T21:40:15.939+0530] {dag.py:3096} INFO - Sync 1 DAGs
[2026-04-01T21:40:15.949+0530] {logging_mixin.py:188} INFO - [2026-04-01T21:40:15.949+0530] {dag.py:3954} INFO - Setting next_dagrun for example_dynamic_task_mapping to 2022-03-04 00:00:00+00:00, run_after=2022-03-05 00:00:00+00:00
[2026-04-01T21:40:15.958+0530] {processor.py:183} INFO - Processing /Users/aswin/Documents/data-engineering-practice/ETL_Airflow_DBT/airflow/airflow_env/lib/python3.11/site-packages/airflow/example_dags/example_dynamic_task_mapping.py took 0.093 seconds
[2026-04-01T21:40:51.640+0530] {processor.py:161} INFO - Started process (PID=7475) to work on /Users/aswin/Documents/data-engineering-practice/ETL_Airflow_DBT/airflow/airflow_env/lib/python3.11/site-packages/airflow/example_dags/example_dynamic_task_mapping.py
[2026-04-01T21:40:51.640+0530] {processor.py:830} INFO - Processing file /Users/aswin/Documents/data-engineering-practice/ETL_Airflow_DBT/airflow/airflow_env/lib/python3.11/site-packages/airflow/example_dags/example_dynamic_task_mapping.py for tasks to queue
[2026-04-01T21:40:51.641+0530] {logging_mixin.py:188} INFO - [2026-04-01T21:40:51.641+0530] {dagbag.py:540} INFO - Filling up the DagBag from /Users/aswin/Documents/data-engineering-practice/ETL_Airflow_DBT/airflow/airflow_env/lib/python3.11/site-packages/airflow/example_dags/example_dynamic_task_mapping.py
[2026-04-01T21:40:51.660+0530] {processor.py:840} INFO - DAG(s) 'example_dynamic_task_mapping' retrieved from /Users/aswin/Documents/data-engineering-practice/ETL_Airflow_DBT/airflow/airflow_env/lib/python3.11/site-packages/airflow/example_dags/example_dynamic_task_mapping.py
[2026-04-01T21:40:51.727+0530] {logging_mixin.py:188} INFO - [2026-04-01T21:40:51.726+0530] {dag.py:3096} INFO - Sync 1 DAGs
[2026-04-01T21:40:51.740+0530] {logging_mixin.py:188} INFO - [2026-04-01T21:40:51.740+0530] {dag.py:3954} INFO - Setting next_dagrun for example_dynamic_task_mapping to 2022-03-04 00:00:00+00:00, run_after=2022-03-05 00:00:00+00:00
[2026-04-01T21:40:51.751+0530] {processor.py:183} INFO - Processing /Users/aswin/Documents/data-engineering-practice/ETL_Airflow_DBT/airflow/airflow_env/lib/python3.11/site-packages/airflow/example_dags/example_dynamic_task_mapping.py took 0.113 seconds
[2026-04-01T21:41:24.289+0530] {processor.py:161} INFO - Started process (PID=7593) to work on /Users/aswin/Documents/data-engineering-practice/ETL_Airflow_DBT/airflow/airflow_env/lib/python3.11/site-packages/airflow/example_dags/example_dynamic_task_mapping.py
[2026-04-01T21:41:24.291+0530] {processor.py:830} INFO - Processing file /Users/aswin/Documents/data-engineering-practice/ETL_Airflow_DBT/airflow/airflow_env/lib/python3.11/site-packages/airflow/example_dags/example_dynamic_task_mapping.py for tasks to queue
[2026-04-01T21:41:24.292+0530] {logging_mixin.py:188} INFO - [2026-04-01T21:41:24.291+0530] {dagbag.py:540} INFO - Filling up the DagBag from /Users/aswin/Documents/data-engineering-practice/ETL_Airflow_DBT/airflow/airflow_env/lib/python3.11/site-packages/airflow/example_dags/example_dynamic_task_mapping.py
[2026-04-01T21:41:24.322+0530] {processor.py:840} INFO - DAG(s) 'example_dynamic_task_mapping' retrieved from /Users/aswin/Documents/data-engineering-practice/ETL_Airflow_DBT/airflow/airflow_env/lib/python3.11/site-packages/airflow/example_dags/example_dynamic_task_mapping.py
[2026-04-01T21:41:24.406+0530] {logging_mixin.py:188} INFO - [2026-04-01T21:41:24.405+0530] {dag.py:3096} INFO - Sync 1 DAGs
[2026-04-01T21:41:24.422+0530] {logging_mixin.py:188} INFO - [2026-04-01T21:41:24.422+0530] {dag.py:3954} INFO - Setting next_dagrun for example_dynamic_task_mapping to 2022-03-04 00:00:00+00:00, run_after=2022-03-05 00:00:00+00:00
[2026-04-01T21:41:24.435+0530] {processor.py:183} INFO - Processing /Users/aswin/Documents/data-engineering-practice/ETL_Airflow_DBT/airflow/airflow_env/lib/python3.11/site-packages/airflow/example_dags/example_dynamic_task_mapping.py took 0.149 seconds
[2026-04-01T21:42:05.634+0530] {processor.py:161} INFO - Started process (PID=7712) to work on /Users/aswin/Documents/data-engineering-practice/ETL_Airflow_DBT/airflow/airflow_env/lib/python3.11/site-packages/airflow/example_dags/example_dynamic_task_mapping.py
[2026-04-01T21:42:05.691+0530] {processor.py:830} INFO - Processing file /Users/aswin/Documents/data-engineering-practice/ETL_Airflow_DBT/airflow/airflow_env/lib/python3.11/site-packages/airflow/example_dags/example_dynamic_task_mapping.py for tasks to queue
[2026-04-01T21:42:05.692+0530] {logging_mixin.py:188} INFO - [2026-04-01T21:42:05.692+0530] {dagbag.py:540} INFO - Filling up the DagBag from /Users/aswin/Documents/data-engineering-practice/ETL_Airflow_DBT/airflow/airflow_env/lib/python3.11/site-packages/airflow/example_dags/example_dynamic_task_mapping.py
[2026-04-01T21:42:05.724+0530] {processor.py:840} INFO - DAG(s) 'example_dynamic_task_mapping' retrieved from /Users/aswin/Documents/data-engineering-practice/ETL_Airflow_DBT/airflow/airflow_env/lib/python3.11/site-packages/airflow/example_dags/example_dynamic_task_mapping.py
[2026-04-01T21:42:05.835+0530] {logging_mixin.py:188} INFO - [2026-04-01T21:42:05.835+0530] {dag.py:3096} INFO - Sync 1 DAGs
[2026-04-01T21:42:05.852+0530] {logging_mixin.py:188} INFO - [2026-04-01T21:42:05.852+0530] {dag.py:3954} INFO - Setting next_dagrun for example_dynamic_task_mapping to 2022-03-04 00:00:00+00:00, run_after=2022-03-05 00:00:00+00:00
[2026-04-01T21:42:05.865+0530] {processor.py:183} INFO - Processing /Users/aswin/Documents/data-engineering-practice/ETL_Airflow_DBT/airflow/airflow_env/lib/python3.11/site-packages/airflow/example_dags/example_dynamic_task_mapping.py took 0.233 seconds
[2026-04-01T21:42:51.791+0530] {processor.py:161} INFO - Started process (PID=7852) to work on /Users/aswin/Documents/data-engineering-practice/ETL_Airflow_DBT/airflow/airflow_env/lib/python3.11/site-packages/airflow/example_dags/example_dynamic_task_mapping.py
[2026-04-01T21:42:51.792+0530] {processor.py:830} INFO - Processing file /Users/aswin/Documents/data-engineering-practice/ETL_Airflow_DBT/airflow/airflow_env/lib/python3.11/site-packages/airflow/example_dags/example_dynamic_task_mapping.py for tasks to queue
[2026-04-01T21:42:51.793+0530] {logging_mixin.py:188} INFO - [2026-04-01T21:42:51.793+0530] {dagbag.py:540} INFO - Filling up the DagBag from /Users/aswin/Documents/data-engineering-practice/ETL_Airflow_DBT/airflow/airflow_env/lib/python3.11/site-packages/airflow/example_dags/example_dynamic_task_mapping.py
[2026-04-01T21:42:51.832+0530] {processor.py:840} INFO - DAG(s) 'example_dynamic_task_mapping' retrieved from /Users/aswin/Documents/data-engineering-practice/ETL_Airflow_DBT/airflow/airflow_env/lib/python3.11/site-packages/airflow/example_dags/example_dynamic_task_mapping.py
[2026-04-01T21:42:51.956+0530] {logging_mixin.py:188} INFO - [2026-04-01T21:42:51.956+0530] {dag.py:3096} INFO - Sync 1 DAGs
[2026-04-01T21:42:51.978+0530] {logging_mixin.py:188} INFO - [2026-04-01T21:42:51.978+0530] {dag.py:3954} INFO - Setting next_dagrun for example_dynamic_task_mapping to 2022-03-04 00:00:00+00:00, run_after=2022-03-05 00:00:00+00:00
[2026-04-01T21:42:51.996+0530] {processor.py:183} INFO - Processing /Users/aswin/Documents/data-engineering-practice/ETL_Airflow_DBT/airflow/airflow_env/lib/python3.11/site-packages/airflow/example_dags/example_dynamic_task_mapping.py took 0.208 seconds
[2026-04-01T21:43:31.469+0530] {processor.py:161} INFO - Started process (PID=7972) to work on /Users/aswin/Documents/data-engineering-practice/ETL_Airflow_DBT/airflow/airflow_env/lib/python3.11/site-packages/airflow/example_dags/example_dynamic_task_mapping.py
[2026-04-01T21:43:31.470+0530] {processor.py:830} INFO - Processing file /Users/aswin/Documents/data-engineering-practice/ETL_Airflow_DBT/airflow/airflow_env/lib/python3.11/site-packages/airflow/example_dags/example_dynamic_task_mapping.py for tasks to queue
[2026-04-01T21:43:31.470+0530] {logging_mixin.py:188} INFO - [2026-04-01T21:43:31.470+0530] {dagbag.py:540} INFO - Filling up the DagBag from /Users/aswin/Documents/data-engineering-practice/ETL_Airflow_DBT/airflow/airflow_env/lib/python3.11/site-packages/airflow/example_dags/example_dynamic_task_mapping.py
[2026-04-01T21:43:31.488+0530] {processor.py:840} INFO - DAG(s) 'example_dynamic_task_mapping' retrieved from /Users/aswin/Documents/data-engineering-practice/ETL_Airflow_DBT/airflow/airflow_env/lib/python3.11/site-packages/airflow/example_dags/example_dynamic_task_mapping.py
[2026-04-01T21:43:31.547+0530] {logging_mixin.py:188} INFO - [2026-04-01T21:43:31.547+0530] {dag.py:3096} INFO - Sync 1 DAGs
[2026-04-01T21:43:31.560+0530] {logging_mixin.py:188} INFO - [2026-04-01T21:43:31.560+0530] {dag.py:3954} INFO - Setting next_dagrun for example_dynamic_task_mapping to 2022-03-04 00:00:00+00:00, run_after=2022-03-05 00:00:00+00:00
[2026-04-01T21:43:31.571+0530] {processor.py:183} INFO - Processing /Users/aswin/Documents/data-engineering-practice/ETL_Airflow_DBT/airflow/airflow_env/lib/python3.11/site-packages/airflow/example_dags/example_dynamic_task_mapping.py took 0.103 seconds
[2026-04-01T21:44:20.964+0530] {processor.py:161} INFO - Started process (PID=8084) to work on /Users/aswin/Documents/data-engineering-practice/ETL_Airflow_DBT/airflow/airflow_env/lib/python3.11/site-packages/airflow/example_dags/example_dynamic_task_mapping.py
[2026-04-01T21:44:20.966+0530] {processor.py:830} INFO - Processing file /Users/aswin/Documents/data-engineering-practice/ETL_Airflow_DBT/airflow/airflow_env/lib/python3.11/site-packages/airflow/example_dags/example_dynamic_task_mapping.py for tasks to queue
[2026-04-01T21:44:20.966+0530] {logging_mixin.py:188} INFO - [2026-04-01T21:44:20.966+0530] {dagbag.py:540} INFO - Filling up the DagBag from /Users/aswin/Documents/data-engineering-practice/ETL_Airflow_DBT/airflow/airflow_env/lib/python3.11/site-packages/airflow/example_dags/example_dynamic_task_mapping.py
[2026-04-01T21:44:20.983+0530] {processor.py:840} INFO - DAG(s) 'example_dynamic_task_mapping' retrieved from /Users/aswin/Documents/data-engineering-practice/ETL_Airflow_DBT/airflow/airflow_env/lib/python3.11/site-packages/airflow/example_dags/example_dynamic_task_mapping.py
[2026-04-01T21:44:21.034+0530] {logging_mixin.py:188} INFO - [2026-04-01T21:44:21.034+0530] {dag.py:3096} INFO - Sync 1 DAGs
[2026-04-01T21:44:21.045+0530] {logging_mixin.py:188} INFO - [2026-04-01T21:44:21.045+0530] {dag.py:3954} INFO - Setting next_dagrun for example_dynamic_task_mapping to 2022-03-04 00:00:00+00:00, run_after=2022-03-05 00:00:00+00:00
[2026-04-01T21:44:21.062+0530] {processor.py:183} INFO - Processing /Users/aswin/Documents/data-engineering-practice/ETL_Airflow_DBT/airflow/airflow_env/lib/python3.11/site-packages/airflow/example_dags/example_dynamic_task_mapping.py took 0.098 seconds
[2026-04-01T21:45:18.067+0530] {processor.py:161} INFO - Started process (PID=8217) to work on /Users/aswin/Documents/data-engineering-practice/ETL_Airflow_DBT/airflow/airflow_env/lib/python3.11/site-packages/airflow/example_dags/example_dynamic_task_mapping.py
[2026-04-01T21:45:18.067+0530] {processor.py:830} INFO - Processing file /Users/aswin/Documents/data-engineering-practice/ETL_Airflow_DBT/airflow/airflow_env/lib/python3.11/site-packages/airflow/example_dags/example_dynamic_task_mapping.py for tasks to queue
[2026-04-01T21:45:18.067+0530] {logging_mixin.py:188} INFO - [2026-04-01T21:45:18.067+0530] {dagbag.py:540} INFO - Filling up the DagBag from /Users/aswin/Documents/data-engineering-practice/ETL_Airflow_DBT/airflow/airflow_env/lib/python3.11/site-packages/airflow/example_dags/example_dynamic_task_mapping.py
[2026-04-01T21:45:18.082+0530] {processor.py:840} INFO - DAG(s) 'example_dynamic_task_mapping' retrieved from /Users/aswin/Documents/data-engineering-practice/ETL_Airflow_DBT/airflow/airflow_env/lib/python3.11/site-packages/airflow/example_dags/example_dynamic_task_mapping.py
[2026-04-01T21:45:18.136+0530] {logging_mixin.py:188} INFO - [2026-04-01T21:45:18.136+0530] {dag.py:3096} INFO - Sync 1 DAGs
[2026-04-01T21:45:18.146+0530] {logging_mixin.py:188} INFO - [2026-04-01T21:45:18.146+0530] {dag.py:3954} INFO - Setting next_dagrun for example_dynamic_task_mapping to 2022-03-04 00:00:00+00:00, run_after=2022-03-05 00:00:00+00:00
[2026-04-01T21:45:18.154+0530] {processor.py:183} INFO - Processing /Users/aswin/Documents/data-engineering-practice/ETL_Airflow_DBT/airflow/airflow_env/lib/python3.11/site-packages/airflow/example_dags/example_dynamic_task_mapping.py took 0.088 seconds
[2026-04-01T21:46:14.313+0530] {processor.py:161} INFO - Started process (PID=8347) to work on /Users/aswin/Documents/data-engineering-practice/ETL_Airflow_DBT/airflow/airflow_env/lib/python3.11/site-packages/airflow/example_dags/example_dynamic_task_mapping.py
[2026-04-01T21:46:14.313+0530] {processor.py:830} INFO - Processing file /Users/aswin/Documents/data-engineering-practice/ETL_Airflow_DBT/airflow/airflow_env/lib/python3.11/site-packages/airflow/example_dags/example_dynamic_task_mapping.py for tasks to queue
[2026-04-01T21:46:14.313+0530] {logging_mixin.py:188} INFO - [2026-04-01T21:46:14.313+0530] {dagbag.py:540} INFO - Filling up the DagBag from /Users/aswin/Documents/data-engineering-practice/ETL_Airflow_DBT/airflow/airflow_env/lib/python3.11/site-packages/airflow/example_dags/example_dynamic_task_mapping.py
[2026-04-01T21:46:14.329+0530] {processor.py:840} INFO - DAG(s) 'example_dynamic_task_mapping' retrieved from /Users/aswin/Documents/data-engineering-practice/ETL_Airflow_DBT/airflow/airflow_env/lib/python3.11/site-packages/airflow/example_dags/example_dynamic_task_mapping.py
[2026-04-01T21:46:14.384+0530] {logging_mixin.py:188} INFO - [2026-04-01T21:46:14.384+0530] {dag.py:3096} INFO - Sync 1 DAGs
[2026-04-01T21:46:14.398+0530] {logging_mixin.py:188} INFO - [2026-04-01T21:46:14.397+0530] {dag.py:3954} INFO - Setting next_dagrun for example_dynamic_task_mapping to 2022-03-04 00:00:00+00:00, run_after=2022-03-05 00:00:00+00:00
[2026-04-01T21:46:14.407+0530] {processor.py:183} INFO - Processing /Users/aswin/Documents/data-engineering-practice/ETL_Airflow_DBT/airflow/airflow_env/lib/python3.11/site-packages/airflow/example_dags/example_dynamic_task_mapping.py took 0.095 seconds
[2026-04-01T21:47:12.476+0530] {processor.py:161} INFO - Started process (PID=8481) to work on /Users/aswin/Documents/data-engineering-practice/ETL_Airflow_DBT/airflow/airflow_env/lib/python3.11/site-packages/airflow/example_dags/example_dynamic_task_mapping.py
[2026-04-01T21:47:12.477+0530] {processor.py:830} INFO - Processing file /Users/aswin/Documents/data-engineering-practice/ETL_Airflow_DBT/airflow/airflow_env/lib/python3.11/site-packages/airflow/example_dags/example_dynamic_task_mapping.py for tasks to queue
[2026-04-01T21:47:12.477+0530] {logging_mixin.py:188} INFO - [2026-04-01T21:47:12.477+0530] {dagbag.py:540} INFO - Filling up the DagBag from /Users/aswin/Documents/data-engineering-practice/ETL_Airflow_DBT/airflow/airflow_env/lib/python3.11/site-packages/airflow/example_dags/example_dynamic_task_mapping.py
[2026-04-01T21:47:12.494+0530] {processor.py:840} INFO - DAG(s) 'example_dynamic_task_mapping' retrieved from /Users/aswin/Documents/data-engineering-practice/ETL_Airflow_DBT/airflow/airflow_env/lib/python3.11/site-packages/airflow/example_dags/example_dynamic_task_mapping.py
[2026-04-01T21:47:12.558+0530] {logging_mixin.py:188} INFO - [2026-04-01T21:47:12.558+0530] {dag.py:3096} INFO - Sync 1 DAGs
[2026-04-01T21:47:12.569+0530] {logging_mixin.py:188} INFO - [2026-04-01T21:47:12.569+0530] {dag.py:3954} INFO - Setting next_dagrun for example_dynamic_task_mapping to 2022-03-04 00:00:00+00:00, run_after=2022-03-05 00:00:00+00:00
[2026-04-01T21:47:12.578+0530] {processor.py:183} INFO - Processing /Users/aswin/Documents/data-engineering-practice/ETL_Airflow_DBT/airflow/airflow_env/lib/python3.11/site-packages/airflow/example_dags/example_dynamic_task_mapping.py took 0.104 seconds
[2026-04-01T21:48:09.004+0530] {processor.py:161} INFO - Started process (PID=8603) to work on /Users/aswin/Documents/data-engineering-practice/ETL_Airflow_DBT/airflow/airflow_env/lib/python3.11/site-packages/airflow/example_dags/example_dynamic_task_mapping.py
[2026-04-01T21:48:09.005+0530] {processor.py:830} INFO - Processing file /Users/aswin/Documents/data-engineering-practice/ETL_Airflow_DBT/airflow/airflow_env/lib/python3.11/site-packages/airflow/example_dags/example_dynamic_task_mapping.py for tasks to queue
[2026-04-01T21:48:09.005+0530] {logging_mixin.py:188} INFO - [2026-04-01T21:48:09.005+0530] {dagbag.py:540} INFO - Filling up the DagBag from /Users/aswin/Documents/data-engineering-practice/ETL_Airflow_DBT/airflow/airflow_env/lib/python3.11/site-packages/airflow/example_dags/example_dynamic_task_mapping.py
[2026-04-01T21:48:09.021+0530] {processor.py:840} INFO - DAG(s) 'example_dynamic_task_mapping' retrieved from /Users/aswin/Documents/data-engineering-practice/ETL_Airflow_DBT/airflow/airflow_env/lib/python3.11/site-packages/airflow/example_dags/example_dynamic_task_mapping.py
[2026-04-01T21:48:09.076+0530] {logging_mixin.py:188} INFO - [2026-04-01T21:48:09.076+0530] {dag.py:3096} INFO - Sync 1 DAGs
[2026-04-01T21:48:09.086+0530] {logging_mixin.py:188} INFO - [2026-04-01T21:48:09.086+0530] {dag.py:3954} INFO - Setting next_dagrun for example_dynamic_task_mapping to 2022-03-04 00:00:00+00:00, run_after=2022-03-05 00:00:00+00:00
[2026-04-01T21:48:09.096+0530] {processor.py:183} INFO - Processing /Users/aswin/Documents/data-engineering-practice/ETL_Airflow_DBT/airflow/airflow_env/lib/python3.11/site-packages/airflow/example_dags/example_dynamic_task_mapping.py took 0.094 seconds
[2026-04-01T21:48:55.691+0530] {processor.py:161} INFO - Started process (PID=8726) to work on /Users/aswin/Documents/data-engineering-practice/ETL_Airflow_DBT/airflow/airflow_env/lib/python3.11/site-packages/airflow/example_dags/example_dynamic_task_mapping.py
[2026-04-01T21:48:55.692+0530] {processor.py:830} INFO - Processing file /Users/aswin/Documents/data-engineering-practice/ETL_Airflow_DBT/airflow/airflow_env/lib/python3.11/site-packages/airflow/example_dags/example_dynamic_task_mapping.py for tasks to queue
[2026-04-01T21:48:55.692+0530] {logging_mixin.py:188} INFO - [2026-04-01T21:48:55.692+0530] {dagbag.py:540} INFO - Filling up the DagBag from /Users/aswin/Documents/data-engineering-practice/ETL_Airflow_DBT/airflow/airflow_env/lib/python3.11/site-packages/airflow/example_dags/example_dynamic_task_mapping.py
[2026-04-01T21:48:55.708+0530] {processor.py:840} INFO - DAG(s) 'example_dynamic_task_mapping' retrieved from /Users/aswin/Documents/data-engineering-practice/ETL_Airflow_DBT/airflow/airflow_env/lib/python3.11/site-packages/airflow/example_dags/example_dynamic_task_mapping.py
[2026-04-01T21:48:55.763+0530] {logging_mixin.py:188} INFO - [2026-04-01T21:48:55.762+0530] {dag.py:3096} INFO - Sync 1 DAGs
[2026-04-01T21:48:55.775+0530] {logging_mixin.py:188} INFO - [2026-04-01T21:48:55.775+0530] {dag.py:3954} INFO - Setting next_dagrun for example_dynamic_task_mapping to 2022-03-04 00:00:00+00:00, run_after=2022-03-05 00:00:00+00:00
[2026-04-01T21:48:55.783+0530] {processor.py:183} INFO - Processing /Users/aswin/Documents/data-engineering-practice/ETL_Airflow_DBT/airflow/airflow_env/lib/python3.11/site-packages/airflow/example_dags/example_dynamic_task_mapping.py took 0.092 seconds
[2026-04-01T21:49:52.445+0530] {processor.py:161} INFO - Started process (PID=8852) to work on /Users/aswin/Documents/data-engineering-practice/ETL_Airflow_DBT/airflow/airflow_env/lib/python3.11/site-packages/airflow/example_dags/example_dynamic_task_mapping.py
[2026-04-01T21:49:52.446+0530] {processor.py:830} INFO - Processing file /Users/aswin/Documents/data-engineering-practice/ETL_Airflow_DBT/airflow/airflow_env/lib/python3.11/site-packages/airflow/example_dags/example_dynamic_task_mapping.py for tasks to queue
[2026-04-01T21:49:52.447+0530] {logging_mixin.py:188} INFO - [2026-04-01T21:49:52.447+0530] {dagbag.py:540} INFO - Filling up the DagBag from /Users/aswin/Documents/data-engineering-practice/ETL_Airflow_DBT/airflow/airflow_env/lib/python3.11/site-packages/airflow/example_dags/example_dynamic_task_mapping.py
[2026-04-01T21:49:52.462+0530] {processor.py:840} INFO - DAG(s) 'example_dynamic_task_mapping' retrieved from /Users/aswin/Documents/data-engineering-practice/ETL_Airflow_DBT/airflow/airflow_env/lib/python3.11/site-packages/airflow/example_dags/example_dynamic_task_mapping.py
[2026-04-01T21:49:52.517+0530] {logging_mixin.py:188} INFO - [2026-04-01T21:49:52.517+0530] {dag.py:3096} INFO - Sync 1 DAGs
[2026-04-01T21:49:52.529+0530] {logging_mixin.py:188} INFO - [2026-04-01T21:49:52.528+0530] {dag.py:3954} INFO - Setting next_dagrun for example_dynamic_task_mapping to 2022-03-04 00:00:00+00:00, run_after=2022-03-05 00:00:00+00:00
[2026-04-01T21:49:52.537+0530] {processor.py:183} INFO - Processing /Users/aswin/Documents/data-engineering-practice/ETL_Airflow_DBT/airflow/airflow_env/lib/python3.11/site-packages/airflow/example_dags/example_dynamic_task_mapping.py took 0.093 seconds
[2026-04-01T21:50:37.934+0530] {processor.py:161} INFO - Started process (PID=8971) to work on /Users/aswin/Documents/data-engineering-practice/ETL_Airflow_DBT/airflow/airflow_env/lib/python3.11/site-packages/airflow/example_dags/example_dynamic_task_mapping.py
[2026-04-01T21:50:37.935+0530] {processor.py:830} INFO - Processing file /Users/aswin/Documents/data-engineering-practice/ETL_Airflow_DBT/airflow/airflow_env/lib/python3.11/site-packages/airflow/example_dags/example_dynamic_task_mapping.py for tasks to queue
[2026-04-01T21:50:37.935+0530] {logging_mixin.py:188} INFO - [2026-04-01T21:50:37.935+0530] {dagbag.py:540} INFO - Filling up the DagBag from /Users/aswin/Documents/data-engineering-practice/ETL_Airflow_DBT/airflow/airflow_env/lib/python3.11/site-packages/airflow/example_dags/example_dynamic_task_mapping.py
[2026-04-01T21:50:37.950+0530] {processor.py:840} INFO - DAG(s) 'example_dynamic_task_mapping' retrieved from /Users/aswin/Documents/data-engineering-practice/ETL_Airflow_DBT/airflow/airflow_env/lib/python3.11/site-packages/airflow/example_dags/example_dynamic_task_mapping.py
[2026-04-01T21:50:38.005+0530] {logging_mixin.py:188} INFO - [2026-04-01T21:50:38.005+0530] {dag.py:3096} INFO - Sync 1 DAGs
[2026-04-01T21:50:38.017+0530] {logging_mixin.py:188} INFO - [2026-04-01T21:50:38.017+0530] {dag.py:3954} INFO - Setting next_dagrun for example_dynamic_task_mapping to 2022-03-04 00:00:00+00:00, run_after=2022-03-05 00:00:00+00:00
[2026-04-01T21:50:38.027+0530] {processor.py:183} INFO - Processing /Users/aswin/Documents/data-engineering-practice/ETL_Airflow_DBT/airflow/airflow_env/lib/python3.11/site-packages/airflow/example_dags/example_dynamic_task_mapping.py took 0.094 seconds
[2026-04-01T21:51:18.985+0530] {processor.py:161} INFO - Started process (PID=9105) to work on /Users/aswin/Documents/data-engineering-practice/ETL_Airflow_DBT/airflow/airflow_env/lib/python3.11/site-packages/airflow/example_dags/example_dynamic_task_mapping.py
[2026-04-01T21:51:18.986+0530] {processor.py:830} INFO - Processing file /Users/aswin/Documents/data-engineering-practice/ETL_Airflow_DBT/airflow/airflow_env/lib/python3.11/site-packages/airflow/example_dags/example_dynamic_task_mapping.py for tasks to queue
[2026-04-01T21:51:18.986+0530] {logging_mixin.py:188} INFO - [2026-04-01T21:51:18.986+0530] {dagbag.py:540} INFO - Filling up the DagBag from /Users/aswin/Documents/data-engineering-practice/ETL_Airflow_DBT/airflow/airflow_env/lib/python3.11/site-packages/airflow/example_dags/example_dynamic_task_mapping.py
[2026-04-01T21:51:19.004+0530] {processor.py:840} INFO - DAG(s) 'example_dynamic_task_mapping' retrieved from /Users/aswin/Documents/data-engineering-practice/ETL_Airflow_DBT/airflow/airflow_env/lib/python3.11/site-packages/airflow/example_dags/example_dynamic_task_mapping.py
[2026-04-01T21:51:19.067+0530] {logging_mixin.py:188} INFO - [2026-04-01T21:51:19.067+0530] {dag.py:3096} INFO - Sync 1 DAGs
[2026-04-01T21:51:19.080+0530] {logging_mixin.py:188} INFO - [2026-04-01T21:51:19.080+0530] {dag.py:3954} INFO - Setting next_dagrun for example_dynamic_task_mapping to 2022-03-04 00:00:00+00:00, run_after=2022-03-05 00:00:00+00:00
[2026-04-01T21:51:19.091+0530] {processor.py:183} INFO - Processing /Users/aswin/Documents/data-engineering-practice/ETL_Airflow_DBT/airflow/airflow_env/lib/python3.11/site-packages/airflow/example_dags/example_dynamic_task_mapping.py took 0.107 seconds
[2026-04-01T21:52:04.467+0530] {processor.py:161} INFO - Started process (PID=9222) to work on /Users/aswin/Documents/data-engineering-practice/ETL_Airflow_DBT/airflow/airflow_env/lib/python3.11/site-packages/airflow/example_dags/example_dynamic_task_mapping.py
[2026-04-01T21:52:04.468+0530] {processor.py:830} INFO - Processing file /Users/aswin/Documents/data-engineering-practice/ETL_Airflow_DBT/airflow/airflow_env/lib/python3.11/site-packages/airflow/example_dags/example_dynamic_task_mapping.py for tasks to queue
[2026-04-01T21:52:04.469+0530] {logging_mixin.py:188} INFO - [2026-04-01T21:52:04.469+0530] {dagbag.py:540} INFO - Filling up the DagBag from /Users/aswin/Documents/data-engineering-practice/ETL_Airflow_DBT/airflow/airflow_env/lib/python3.11/site-packages/airflow/example_dags/example_dynamic_task_mapping.py
[2026-04-01T21:52:04.485+0530] {processor.py:840} INFO - DAG(s) 'example_dynamic_task_mapping' retrieved from /Users/aswin/Documents/data-engineering-practice/ETL_Airflow_DBT/airflow/airflow_env/lib/python3.11/site-packages/airflow/example_dags/example_dynamic_task_mapping.py
[2026-04-01T21:52:04.542+0530] {logging_mixin.py:188} INFO - [2026-04-01T21:52:04.542+0530] {dag.py:3096} INFO - Sync 1 DAGs
[2026-04-01T21:52:04.551+0530] {logging_mixin.py:188} INFO - [2026-04-01T21:52:04.551+0530] {dag.py:3954} INFO - Setting next_dagrun for example_dynamic_task_mapping to 2022-03-04 00:00:00+00:00, run_after=2022-03-05 00:00:00+00:00
[2026-04-01T21:52:04.561+0530] {processor.py:183} INFO - Processing /Users/aswin/Documents/data-engineering-practice/ETL_Airflow_DBT/airflow/airflow_env/lib/python3.11/site-packages/airflow/example_dags/example_dynamic_task_mapping.py took 0.095 seconds
[2026-04-01T21:52:36.835+0530] {processor.py:161} INFO - Started process (PID=9340) to work on /Users/aswin/Documents/data-engineering-practice/ETL_Airflow_DBT/airflow/airflow_env/lib/python3.11/site-packages/airflow/example_dags/example_dynamic_task_mapping.py
[2026-04-01T21:52:36.836+0530] {processor.py:830} INFO - Processing file /Users/aswin/Documents/data-engineering-practice/ETL_Airflow_DBT/airflow/airflow_env/lib/python3.11/site-packages/airflow/example_dags/example_dynamic_task_mapping.py for tasks to queue
[2026-04-01T21:52:36.837+0530] {logging_mixin.py:188} INFO - [2026-04-01T21:52:36.837+0530] {dagbag.py:540} INFO - Filling up the DagBag from /Users/aswin/Documents/data-engineering-practice/ETL_Airflow_DBT/airflow/airflow_env/lib/python3.11/site-packages/airflow/example_dags/example_dynamic_task_mapping.py
[2026-04-01T21:52:36.875+0530] {processor.py:840} INFO - DAG(s) 'example_dynamic_task_mapping' retrieved from /Users/aswin/Documents/data-engineering-practice/ETL_Airflow_DBT/airflow/airflow_env/lib/python3.11/site-packages/airflow/example_dags/example_dynamic_task_mapping.py
[2026-04-01T21:52:36.995+0530] {logging_mixin.py:188} INFO - [2026-04-01T21:52:36.994+0530] {dag.py:3096} INFO - Sync 1 DAGs
[2026-04-01T21:52:37.016+0530] {logging_mixin.py:188} INFO - [2026-04-01T21:52:37.016+0530] {dag.py:3954} INFO - Setting next_dagrun for example_dynamic_task_mapping to 2022-03-04 00:00:00+00:00, run_after=2022-03-05 00:00:00+00:00
[2026-04-01T21:52:37.033+0530] {processor.py:183} INFO - Processing /Users/aswin/Documents/data-engineering-practice/ETL_Airflow_DBT/airflow/airflow_env/lib/python3.11/site-packages/airflow/example_dags/example_dynamic_task_mapping.py took 0.201 seconds
[2026-04-01T21:53:13.135+0530] {processor.py:161} INFO - Started process (PID=9448) to work on /Users/aswin/Documents/data-engineering-practice/ETL_Airflow_DBT/airflow/airflow_env/lib/python3.11/site-packages/airflow/example_dags/example_dynamic_task_mapping.py
[2026-04-01T21:53:13.136+0530] {processor.py:830} INFO - Processing file /Users/aswin/Documents/data-engineering-practice/ETL_Airflow_DBT/airflow/airflow_env/lib/python3.11/site-packages/airflow/example_dags/example_dynamic_task_mapping.py for tasks to queue
[2026-04-01T21:53:13.136+0530] {logging_mixin.py:188} INFO - [2026-04-01T21:53:13.136+0530] {dagbag.py:540} INFO - Filling up the DagBag from /Users/aswin/Documents/data-engineering-practice/ETL_Airflow_DBT/airflow/airflow_env/lib/python3.11/site-packages/airflow/example_dags/example_dynamic_task_mapping.py
[2026-04-01T21:53:13.153+0530] {processor.py:840} INFO - DAG(s) 'example_dynamic_task_mapping' retrieved from /Users/aswin/Documents/data-engineering-practice/ETL_Airflow_DBT/airflow/airflow_env/lib/python3.11/site-packages/airflow/example_dags/example_dynamic_task_mapping.py
[2026-04-01T21:53:13.211+0530] {logging_mixin.py:188} INFO - [2026-04-01T21:53:13.211+0530] {dag.py:3096} INFO - Sync 1 DAGs
[2026-04-01T21:53:13.221+0530] {logging_mixin.py:188} INFO - [2026-04-01T21:53:13.221+0530] {dag.py:3954} INFO - Setting next_dagrun for example_dynamic_task_mapping to 2022-03-04 00:00:00+00:00, run_after=2022-03-05 00:00:00+00:00
[2026-04-01T21:53:13.231+0530] {processor.py:183} INFO - Processing /Users/aswin/Documents/data-engineering-practice/ETL_Airflow_DBT/airflow/airflow_env/lib/python3.11/site-packages/airflow/example_dags/example_dynamic_task_mapping.py took 0.097 seconds
[2026-04-01T21:53:57.307+0530] {processor.py:161} INFO - Started process (PID=9557) to work on /Users/aswin/Documents/data-engineering-practice/ETL_Airflow_DBT/airflow/airflow_env/lib/python3.11/site-packages/airflow/example_dags/example_dynamic_task_mapping.py
[2026-04-01T21:53:57.308+0530] {processor.py:830} INFO - Processing file /Users/aswin/Documents/data-engineering-practice/ETL_Airflow_DBT/airflow/airflow_env/lib/python3.11/site-packages/airflow/example_dags/example_dynamic_task_mapping.py for tasks to queue
[2026-04-01T21:53:57.308+0530] {logging_mixin.py:188} INFO - [2026-04-01T21:53:57.308+0530] {dagbag.py:540} INFO - Filling up the DagBag from /Users/aswin/Documents/data-engineering-practice/ETL_Airflow_DBT/airflow/airflow_env/lib/python3.11/site-packages/airflow/example_dags/example_dynamic_task_mapping.py
[2026-04-01T21:53:57.324+0530] {processor.py:840} INFO - DAG(s) 'example_dynamic_task_mapping' retrieved from /Users/aswin/Documents/data-engineering-practice/ETL_Airflow_DBT/airflow/airflow_env/lib/python3.11/site-packages/airflow/example_dags/example_dynamic_task_mapping.py
[2026-04-01T21:53:57.380+0530] {logging_mixin.py:188} INFO - [2026-04-01T21:53:57.380+0530] {dag.py:3096} INFO - Sync 1 DAGs
[2026-04-01T21:53:57.391+0530] {logging_mixin.py:188} INFO - [2026-04-01T21:53:57.391+0530] {dag.py:3954} INFO - Setting next_dagrun for example_dynamic_task_mapping to 2022-03-04 00:00:00+00:00, run_after=2022-03-05 00:00:00+00:00
[2026-04-01T21:53:57.398+0530] {processor.py:183} INFO - Processing /Users/aswin/Documents/data-engineering-practice/ETL_Airflow_DBT/airflow/airflow_env/lib/python3.11/site-packages/airflow/example_dags/example_dynamic_task_mapping.py took 0.093 seconds
[2026-04-01T21:54:54.931+0530] {processor.py:161} INFO - Started process (PID=9685) to work on /Users/aswin/Documents/data-engineering-practice/ETL_Airflow_DBT/airflow/airflow_env/lib/python3.11/site-packages/airflow/example_dags/example_dynamic_task_mapping.py
[2026-04-01T21:54:54.931+0530] {processor.py:830} INFO - Processing file /Users/aswin/Documents/data-engineering-practice/ETL_Airflow_DBT/airflow/airflow_env/lib/python3.11/site-packages/airflow/example_dags/example_dynamic_task_mapping.py for tasks to queue
[2026-04-01T21:54:54.931+0530] {logging_mixin.py:188} INFO - [2026-04-01T21:54:54.931+0530] {dagbag.py:540} INFO - Filling up the DagBag from /Users/aswin/Documents/data-engineering-practice/ETL_Airflow_DBT/airflow/airflow_env/lib/python3.11/site-packages/airflow/example_dags/example_dynamic_task_mapping.py
[2026-04-01T21:54:54.946+0530] {processor.py:840} INFO - DAG(s) 'example_dynamic_task_mapping' retrieved from /Users/aswin/Documents/data-engineering-practice/ETL_Airflow_DBT/airflow/airflow_env/lib/python3.11/site-packages/airflow/example_dags/example_dynamic_task_mapping.py
[2026-04-01T21:54:54.996+0530] {logging_mixin.py:188} INFO - [2026-04-01T21:54:54.996+0530] {dag.py:3096} INFO - Sync 1 DAGs
[2026-04-01T21:54:55.006+0530] {logging_mixin.py:188} INFO - [2026-04-01T21:54:55.006+0530] {dag.py:3954} INFO - Setting next_dagrun for example_dynamic_task_mapping to 2022-03-04 00:00:00+00:00, run_after=2022-03-05 00:00:00+00:00
[2026-04-01T21:54:55.013+0530] {processor.py:183} INFO - Processing /Users/aswin/Documents/data-engineering-practice/ETL_Airflow_DBT/airflow/airflow_env/lib/python3.11/site-packages/airflow/example_dags/example_dynamic_task_mapping.py took 0.084 seconds
[2026-04-01T21:55:50.888+0530] {processor.py:161} INFO - Started process (PID=9809) to work on /Users/aswin/Documents/data-engineering-practice/ETL_Airflow_DBT/airflow/airflow_env/lib/python3.11/site-packages/airflow/example_dags/example_dynamic_task_mapping.py
[2026-04-01T21:55:50.888+0530] {processor.py:830} INFO - Processing file /Users/aswin/Documents/data-engineering-practice/ETL_Airflow_DBT/airflow/airflow_env/lib/python3.11/site-packages/airflow/example_dags/example_dynamic_task_mapping.py for tasks to queue
[2026-04-01T21:55:50.888+0530] {logging_mixin.py:188} INFO - [2026-04-01T21:55:50.888+0530] {dagbag.py:540} INFO - Filling up the DagBag from /Users/aswin/Documents/data-engineering-practice/ETL_Airflow_DBT/airflow/airflow_env/lib/python3.11/site-packages/airflow/example_dags/example_dynamic_task_mapping.py
[2026-04-01T21:55:50.904+0530] {processor.py:840} INFO - DAG(s) 'example_dynamic_task_mapping' retrieved from /Users/aswin/Documents/data-engineering-practice/ETL_Airflow_DBT/airflow/airflow_env/lib/python3.11/site-packages/airflow/example_dags/example_dynamic_task_mapping.py
[2026-04-01T21:55:50.962+0530] {logging_mixin.py:188} INFO - [2026-04-01T21:55:50.962+0530] {dag.py:3096} INFO - Sync 1 DAGs
[2026-04-01T21:55:50.970+0530] {logging_mixin.py:188} INFO - [2026-04-01T21:55:50.970+0530] {dag.py:3954} INFO - Setting next_dagrun for example_dynamic_task_mapping to 2022-03-04 00:00:00+00:00, run_after=2022-03-05 00:00:00+00:00
[2026-04-01T21:55:50.979+0530] {processor.py:183} INFO - Processing /Users/aswin/Documents/data-engineering-practice/ETL_Airflow_DBT/airflow/airflow_env/lib/python3.11/site-packages/airflow/example_dags/example_dynamic_task_mapping.py took 0.092 seconds
[2026-04-01T21:56:39.416+0530] {processor.py:161} INFO - Started process (PID=9933) to work on /Users/aswin/Documents/data-engineering-practice/ETL_Airflow_DBT/airflow/airflow_env/lib/python3.11/site-packages/airflow/example_dags/example_dynamic_task_mapping.py
[2026-04-01T21:56:39.417+0530] {processor.py:830} INFO - Processing file /Users/aswin/Documents/data-engineering-practice/ETL_Airflow_DBT/airflow/airflow_env/lib/python3.11/site-packages/airflow/example_dags/example_dynamic_task_mapping.py for tasks to queue
[2026-04-01T21:56:39.418+0530] {logging_mixin.py:188} INFO - [2026-04-01T21:56:39.418+0530] {dagbag.py:540} INFO - Filling up the DagBag from /Users/aswin/Documents/data-engineering-practice/ETL_Airflow_DBT/airflow/airflow_env/lib/python3.11/site-packages/airflow/example_dags/example_dynamic_task_mapping.py
[2026-04-01T21:56:39.436+0530] {processor.py:840} INFO - DAG(s) 'example_dynamic_task_mapping' retrieved from /Users/aswin/Documents/data-engineering-practice/ETL_Airflow_DBT/airflow/airflow_env/lib/python3.11/site-packages/airflow/example_dags/example_dynamic_task_mapping.py
[2026-04-01T21:56:39.499+0530] {logging_mixin.py:188} INFO - [2026-04-01T21:56:39.499+0530] {dag.py:3096} INFO - Sync 1 DAGs
[2026-04-01T21:56:39.512+0530] {logging_mixin.py:188} INFO - [2026-04-01T21:56:39.512+0530] {dag.py:3954} INFO - Setting next_dagrun for example_dynamic_task_mapping to 2022-03-04 00:00:00+00:00, run_after=2022-03-05 00:00:00+00:00
[2026-04-01T21:56:39.523+0530] {processor.py:183} INFO - Processing /Users/aswin/Documents/data-engineering-practice/ETL_Airflow_DBT/airflow/airflow_env/lib/python3.11/site-packages/airflow/example_dags/example_dynamic_task_mapping.py took 0.108 seconds
[2026-04-01T21:57:18.778+0530] {processor.py:161} INFO - Started process (PID=10054) to work on /Users/aswin/Documents/data-engineering-practice/ETL_Airflow_DBT/airflow/airflow_env/lib/python3.11/site-packages/airflow/example_dags/example_dynamic_task_mapping.py
[2026-04-01T21:57:18.778+0530] {processor.py:830} INFO - Processing file /Users/aswin/Documents/data-engineering-practice/ETL_Airflow_DBT/airflow/airflow_env/lib/python3.11/site-packages/airflow/example_dags/example_dynamic_task_mapping.py for tasks to queue
[2026-04-01T21:57:18.778+0530] {logging_mixin.py:188} INFO - [2026-04-01T21:57:18.778+0530] {dagbag.py:540} INFO - Filling up the DagBag from /Users/aswin/Documents/data-engineering-practice/ETL_Airflow_DBT/airflow/airflow_env/lib/python3.11/site-packages/airflow/example_dags/example_dynamic_task_mapping.py
[2026-04-01T21:57:18.799+0530] {processor.py:840} INFO - DAG(s) 'example_dynamic_task_mapping' retrieved from /Users/aswin/Documents/data-engineering-practice/ETL_Airflow_DBT/airflow/airflow_env/lib/python3.11/site-packages/airflow/example_dags/example_dynamic_task_mapping.py
[2026-04-01T21:57:18.870+0530] {logging_mixin.py:188} INFO - [2026-04-01T21:57:18.870+0530] {dag.py:3096} INFO - Sync 1 DAGs
[2026-04-01T21:57:18.884+0530] {logging_mixin.py:188} INFO - [2026-04-01T21:57:18.884+0530] {dag.py:3954} INFO - Setting next_dagrun for example_dynamic_task_mapping to 2022-03-04 00:00:00+00:00, run_after=2022-03-05 00:00:00+00:00
[2026-04-01T21:57:18.896+0530] {processor.py:183} INFO - Processing /Users/aswin/Documents/data-engineering-practice/ETL_Airflow_DBT/airflow/airflow_env/lib/python3.11/site-packages/airflow/example_dags/example_dynamic_task_mapping.py took 0.119 seconds
[2026-04-01T21:57:58.610+0530] {processor.py:161} INFO - Started process (PID=10172) to work on /Users/aswin/Documents/data-engineering-practice/ETL_Airflow_DBT/airflow/airflow_env/lib/python3.11/site-packages/airflow/example_dags/example_dynamic_task_mapping.py
[2026-04-01T21:57:58.611+0530] {processor.py:830} INFO - Processing file /Users/aswin/Documents/data-engineering-practice/ETL_Airflow_DBT/airflow/airflow_env/lib/python3.11/site-packages/airflow/example_dags/example_dynamic_task_mapping.py for tasks to queue
[2026-04-01T21:57:58.612+0530] {logging_mixin.py:188} INFO - [2026-04-01T21:57:58.612+0530] {dagbag.py:540} INFO - Filling up the DagBag from /Users/aswin/Documents/data-engineering-practice/ETL_Airflow_DBT/airflow/airflow_env/lib/python3.11/site-packages/airflow/example_dags/example_dynamic_task_mapping.py
[2026-04-01T21:57:58.637+0530] {processor.py:840} INFO - DAG(s) 'example_dynamic_task_mapping' retrieved from /Users/aswin/Documents/data-engineering-practice/ETL_Airflow_DBT/airflow/airflow_env/lib/python3.11/site-packages/airflow/example_dags/example_dynamic_task_mapping.py
[2026-04-01T21:57:58.729+0530] {logging_mixin.py:188} INFO - [2026-04-01T21:57:58.729+0530] {dag.py:3096} INFO - Sync 1 DAGs
[2026-04-01T21:57:58.746+0530] {logging_mixin.py:188} INFO - [2026-04-01T21:57:58.746+0530] {dag.py:3954} INFO - Setting next_dagrun for example_dynamic_task_mapping to 2022-03-04 00:00:00+00:00, run_after=2022-03-05 00:00:00+00:00
[2026-04-01T21:57:58.760+0530] {processor.py:183} INFO - Processing /Users/aswin/Documents/data-engineering-practice/ETL_Airflow_DBT/airflow/airflow_env/lib/python3.11/site-packages/airflow/example_dags/example_dynamic_task_mapping.py took 0.152 seconds
[2026-04-01T21:58:32.410+0530] {processor.py:161} INFO - Started process (PID=10290) to work on /Users/aswin/Documents/data-engineering-practice/ETL_Airflow_DBT/airflow/airflow_env/lib/python3.11/site-packages/airflow/example_dags/example_dynamic_task_mapping.py
[2026-04-01T21:58:32.411+0530] {processor.py:830} INFO - Processing file /Users/aswin/Documents/data-engineering-practice/ETL_Airflow_DBT/airflow/airflow_env/lib/python3.11/site-packages/airflow/example_dags/example_dynamic_task_mapping.py for tasks to queue
[2026-04-01T21:58:32.412+0530] {logging_mixin.py:188} INFO - [2026-04-01T21:58:32.412+0530] {dagbag.py:540} INFO - Filling up the DagBag from /Users/aswin/Documents/data-engineering-practice/ETL_Airflow_DBT/airflow/airflow_env/lib/python3.11/site-packages/airflow/example_dags/example_dynamic_task_mapping.py
[2026-04-01T21:58:32.427+0530] {processor.py:840} INFO - DAG(s) 'example_dynamic_task_mapping' retrieved from /Users/aswin/Documents/data-engineering-practice/ETL_Airflow_DBT/airflow/airflow_env/lib/python3.11/site-packages/airflow/example_dags/example_dynamic_task_mapping.py
[2026-04-01T21:58:32.480+0530] {logging_mixin.py:188} INFO - [2026-04-01T21:58:32.480+0530] {dag.py:3096} INFO - Sync 1 DAGs
[2026-04-01T21:58:32.490+0530] {logging_mixin.py:188} INFO - [2026-04-01T21:58:32.490+0530] {dag.py:3954} INFO - Setting next_dagrun for example_dynamic_task_mapping to 2022-03-04 00:00:00+00:00, run_after=2022-03-05 00:00:00+00:00
[2026-04-01T21:58:32.497+0530] {processor.py:183} INFO - Processing /Users/aswin/Documents/data-engineering-practice/ETL_Airflow_DBT/airflow/airflow_env/lib/python3.11/site-packages/airflow/example_dags/example_dynamic_task_mapping.py took 0.088 seconds
[2026-04-01T21:59:17.362+0530] {processor.py:161} INFO - Started process (PID=10410) to work on /Users/aswin/Documents/data-engineering-practice/ETL_Airflow_DBT/airflow/airflow_env/lib/python3.11/site-packages/airflow/example_dags/example_dynamic_task_mapping.py
[2026-04-01T21:59:17.362+0530] {processor.py:830} INFO - Processing file /Users/aswin/Documents/data-engineering-practice/ETL_Airflow_DBT/airflow/airflow_env/lib/python3.11/site-packages/airflow/example_dags/example_dynamic_task_mapping.py for tasks to queue
[2026-04-01T21:59:17.363+0530] {logging_mixin.py:188} INFO - [2026-04-01T21:59:17.363+0530] {dagbag.py:540} INFO - Filling up the DagBag from /Users/aswin/Documents/data-engineering-practice/ETL_Airflow_DBT/airflow/airflow_env/lib/python3.11/site-packages/airflow/example_dags/example_dynamic_task_mapping.py
[2026-04-01T21:59:17.382+0530] {processor.py:840} INFO - DAG(s) 'example_dynamic_task_mapping' retrieved from /Users/aswin/Documents/data-engineering-practice/ETL_Airflow_DBT/airflow/airflow_env/lib/python3.11/site-packages/airflow/example_dags/example_dynamic_task_mapping.py
[2026-04-01T21:59:17.442+0530] {logging_mixin.py:188} INFO - [2026-04-01T21:59:17.442+0530] {dag.py:3096} INFO - Sync 1 DAGs
[2026-04-01T21:59:17.456+0530] {logging_mixin.py:188} INFO - [2026-04-01T21:59:17.456+0530] {dag.py:3954} INFO - Setting next_dagrun for example_dynamic_task_mapping to 2022-03-04 00:00:00+00:00, run_after=2022-03-05 00:00:00+00:00
[2026-04-01T21:59:17.470+0530] {processor.py:183} INFO - Processing /Users/aswin/Documents/data-engineering-practice/ETL_Airflow_DBT/airflow/airflow_env/lib/python3.11/site-packages/airflow/example_dags/example_dynamic_task_mapping.py took 0.110 seconds
[2026-04-01T21:59:50.383+0530] {processor.py:161} INFO - Started process (PID=10528) to work on /Users/aswin/Documents/data-engineering-practice/ETL_Airflow_DBT/airflow/airflow_env/lib/python3.11/site-packages/airflow/example_dags/example_dynamic_task_mapping.py
[2026-04-01T21:59:50.383+0530] {processor.py:830} INFO - Processing file /Users/aswin/Documents/data-engineering-practice/ETL_Airflow_DBT/airflow/airflow_env/lib/python3.11/site-packages/airflow/example_dags/example_dynamic_task_mapping.py for tasks to queue
[2026-04-01T21:59:50.384+0530] {logging_mixin.py:188} INFO - [2026-04-01T21:59:50.384+0530] {dagbag.py:540} INFO - Filling up the DagBag from /Users/aswin/Documents/data-engineering-practice/ETL_Airflow_DBT/airflow/airflow_env/lib/python3.11/site-packages/airflow/example_dags/example_dynamic_task_mapping.py
[2026-04-01T21:59:50.402+0530] {processor.py:840} INFO - DAG(s) 'example_dynamic_task_mapping' retrieved from /Users/aswin/Documents/data-engineering-practice/ETL_Airflow_DBT/airflow/airflow_env/lib/python3.11/site-packages/airflow/example_dags/example_dynamic_task_mapping.py
[2026-04-01T21:59:50.452+0530] {logging_mixin.py:188} INFO - [2026-04-01T21:59:50.452+0530] {dag.py:3096} INFO - Sync 1 DAGs
[2026-04-01T21:59:50.469+0530] {logging_mixin.py:188} INFO - [2026-04-01T21:59:50.469+0530] {dag.py:3954} INFO - Setting next_dagrun for example_dynamic_task_mapping to 2022-03-04 00:00:00+00:00, run_after=2022-03-05 00:00:00+00:00
[2026-04-01T21:59:50.477+0530] {processor.py:183} INFO - Processing /Users/aswin/Documents/data-engineering-practice/ETL_Airflow_DBT/airflow/airflow_env/lib/python3.11/site-packages/airflow/example_dags/example_dynamic_task_mapping.py took 0.096 seconds
[2026-04-01T22:00:36.290+0530] {processor.py:161} INFO - Started process (PID=10659) to work on /Users/aswin/Documents/data-engineering-practice/ETL_Airflow_DBT/airflow/airflow_env/lib/python3.11/site-packages/airflow/example_dags/example_dynamic_task_mapping.py
[2026-04-01T22:00:36.291+0530] {processor.py:830} INFO - Processing file /Users/aswin/Documents/data-engineering-practice/ETL_Airflow_DBT/airflow/airflow_env/lib/python3.11/site-packages/airflow/example_dags/example_dynamic_task_mapping.py for tasks to queue
[2026-04-01T22:00:36.292+0530] {logging_mixin.py:188} INFO - [2026-04-01T22:00:36.292+0530] {dagbag.py:540} INFO - Filling up the DagBag from /Users/aswin/Documents/data-engineering-practice/ETL_Airflow_DBT/airflow/airflow_env/lib/python3.11/site-packages/airflow/example_dags/example_dynamic_task_mapping.py
[2026-04-01T22:00:36.307+0530] {processor.py:840} INFO - DAG(s) 'example_dynamic_task_mapping' retrieved from /Users/aswin/Documents/data-engineering-practice/ETL_Airflow_DBT/airflow/airflow_env/lib/python3.11/site-packages/airflow/example_dags/example_dynamic_task_mapping.py
[2026-04-01T22:00:36.359+0530] {logging_mixin.py:188} INFO - [2026-04-01T22:00:36.359+0530] {dag.py:3096} INFO - Sync 1 DAGs
[2026-04-01T22:00:36.371+0530] {logging_mixin.py:188} INFO - [2026-04-01T22:00:36.371+0530] {dag.py:3954} INFO - Setting next_dagrun for example_dynamic_task_mapping to 2022-03-04 00:00:00+00:00, run_after=2022-03-05 00:00:00+00:00
[2026-04-01T22:00:36.379+0530] {processor.py:183} INFO - Processing /Users/aswin/Documents/data-engineering-practice/ETL_Airflow_DBT/airflow/airflow_env/lib/python3.11/site-packages/airflow/example_dags/example_dynamic_task_mapping.py took 0.090 seconds
[2026-04-01T22:01:20.453+0530] {processor.py:161} INFO - Started process (PID=10795) to work on /Users/aswin/Documents/data-engineering-practice/ETL_Airflow_DBT/airflow/airflow_env/lib/python3.11/site-packages/airflow/example_dags/example_dynamic_task_mapping.py
[2026-04-01T22:01:20.453+0530] {processor.py:830} INFO - Processing file /Users/aswin/Documents/data-engineering-practice/ETL_Airflow_DBT/airflow/airflow_env/lib/python3.11/site-packages/airflow/example_dags/example_dynamic_task_mapping.py for tasks to queue
[2026-04-01T22:01:20.453+0530] {logging_mixin.py:188} INFO - [2026-04-01T22:01:20.453+0530] {dagbag.py:540} INFO - Filling up the DagBag from /Users/aswin/Documents/data-engineering-practice/ETL_Airflow_DBT/airflow/airflow_env/lib/python3.11/site-packages/airflow/example_dags/example_dynamic_task_mapping.py
[2026-04-01T22:01:20.472+0530] {processor.py:840} INFO - DAG(s) 'example_dynamic_task_mapping' retrieved from /Users/aswin/Documents/data-engineering-practice/ETL_Airflow_DBT/airflow/airflow_env/lib/python3.11/site-packages/airflow/example_dags/example_dynamic_task_mapping.py
[2026-04-01T22:01:20.535+0530] {logging_mixin.py:188} INFO - [2026-04-01T22:01:20.535+0530] {dag.py:3096} INFO - Sync 1 DAGs
[2026-04-01T22:01:20.549+0530] {logging_mixin.py:188} INFO - [2026-04-01T22:01:20.549+0530] {dag.py:3954} INFO - Setting next_dagrun for example_dynamic_task_mapping to 2022-03-04 00:00:00+00:00, run_after=2022-03-05 00:00:00+00:00
[2026-04-01T22:01:20.560+0530] {processor.py:183} INFO - Processing /Users/aswin/Documents/data-engineering-practice/ETL_Airflow_DBT/airflow/airflow_env/lib/python3.11/site-packages/airflow/example_dags/example_dynamic_task_mapping.py took 0.108 seconds
[2026-04-01T22:02:01.869+0530] {processor.py:161} INFO - Started process (PID=10935) to work on /Users/aswin/Documents/data-engineering-practice/ETL_Airflow_DBT/airflow/airflow_env/lib/python3.11/site-packages/airflow/example_dags/example_dynamic_task_mapping.py
[2026-04-01T22:02:01.870+0530] {processor.py:830} INFO - Processing file /Users/aswin/Documents/data-engineering-practice/ETL_Airflow_DBT/airflow/airflow_env/lib/python3.11/site-packages/airflow/example_dags/example_dynamic_task_mapping.py for tasks to queue
[2026-04-01T22:02:01.870+0530] {logging_mixin.py:188} INFO - [2026-04-01T22:02:01.870+0530] {dagbag.py:540} INFO - Filling up the DagBag from /Users/aswin/Documents/data-engineering-practice/ETL_Airflow_DBT/airflow/airflow_env/lib/python3.11/site-packages/airflow/example_dags/example_dynamic_task_mapping.py
[2026-04-01T22:02:01.886+0530] {processor.py:840} INFO - DAG(s) 'example_dynamic_task_mapping' retrieved from /Users/aswin/Documents/data-engineering-practice/ETL_Airflow_DBT/airflow/airflow_env/lib/python3.11/site-packages/airflow/example_dags/example_dynamic_task_mapping.py
[2026-04-01T22:02:01.937+0530] {logging_mixin.py:188} INFO - [2026-04-01T22:02:01.937+0530] {dag.py:3096} INFO - Sync 1 DAGs
[2026-04-01T22:02:01.950+0530] {logging_mixin.py:188} INFO - [2026-04-01T22:02:01.950+0530] {dag.py:3954} INFO - Setting next_dagrun for example_dynamic_task_mapping to 2022-03-04 00:00:00+00:00, run_after=2022-03-05 00:00:00+00:00
[2026-04-01T22:02:01.958+0530] {processor.py:183} INFO - Processing /Users/aswin/Documents/data-engineering-practice/ETL_Airflow_DBT/airflow/airflow_env/lib/python3.11/site-packages/airflow/example_dags/example_dynamic_task_mapping.py took 0.090 seconds
[2026-04-01T22:02:48.464+0530] {processor.py:161} INFO - Started process (PID=11066) to work on /Users/aswin/Documents/data-engineering-practice/ETL_Airflow_DBT/airflow/airflow_env/lib/python3.11/site-packages/airflow/example_dags/example_dynamic_task_mapping.py
[2026-04-01T22:02:48.465+0530] {processor.py:830} INFO - Processing file /Users/aswin/Documents/data-engineering-practice/ETL_Airflow_DBT/airflow/airflow_env/lib/python3.11/site-packages/airflow/example_dags/example_dynamic_task_mapping.py for tasks to queue
[2026-04-01T22:02:48.465+0530] {logging_mixin.py:188} INFO - [2026-04-01T22:02:48.465+0530] {dagbag.py:540} INFO - Filling up the DagBag from /Users/aswin/Documents/data-engineering-practice/ETL_Airflow_DBT/airflow/airflow_env/lib/python3.11/site-packages/airflow/example_dags/example_dynamic_task_mapping.py
[2026-04-01T22:02:48.481+0530] {processor.py:840} INFO - DAG(s) 'example_dynamic_task_mapping' retrieved from /Users/aswin/Documents/data-engineering-practice/ETL_Airflow_DBT/airflow/airflow_env/lib/python3.11/site-packages/airflow/example_dags/example_dynamic_task_mapping.py
[2026-04-01T22:02:48.539+0530] {logging_mixin.py:188} INFO - [2026-04-01T22:02:48.539+0530] {dag.py:3096} INFO - Sync 1 DAGs
[2026-04-01T22:02:48.549+0530] {logging_mixin.py:188} INFO - [2026-04-01T22:02:48.549+0530] {dag.py:3954} INFO - Setting next_dagrun for example_dynamic_task_mapping to 2022-03-04 00:00:00+00:00, run_after=2022-03-05 00:00:00+00:00
[2026-04-01T22:02:48.558+0530] {processor.py:183} INFO - Processing /Users/aswin/Documents/data-engineering-practice/ETL_Airflow_DBT/airflow/airflow_env/lib/python3.11/site-packages/airflow/example_dags/example_dynamic_task_mapping.py took 0.095 seconds
[2026-04-01T22:03:29.034+0530] {processor.py:161} INFO - Started process (PID=11189) to work on /Users/aswin/Documents/data-engineering-practice/ETL_Airflow_DBT/airflow/airflow_env/lib/python3.11/site-packages/airflow/example_dags/example_dynamic_task_mapping.py
[2026-04-01T22:03:29.035+0530] {processor.py:830} INFO - Processing file /Users/aswin/Documents/data-engineering-practice/ETL_Airflow_DBT/airflow/airflow_env/lib/python3.11/site-packages/airflow/example_dags/example_dynamic_task_mapping.py for tasks to queue
[2026-04-01T22:03:29.035+0530] {logging_mixin.py:188} INFO - [2026-04-01T22:03:29.035+0530] {dagbag.py:540} INFO - Filling up the DagBag from /Users/aswin/Documents/data-engineering-practice/ETL_Airflow_DBT/airflow/airflow_env/lib/python3.11/site-packages/airflow/example_dags/example_dynamic_task_mapping.py
[2026-04-01T22:03:29.052+0530] {processor.py:840} INFO - DAG(s) 'example_dynamic_task_mapping' retrieved from /Users/aswin/Documents/data-engineering-practice/ETL_Airflow_DBT/airflow/airflow_env/lib/python3.11/site-packages/airflow/example_dags/example_dynamic_task_mapping.py
[2026-04-01T22:03:29.103+0530] {logging_mixin.py:188} INFO - [2026-04-01T22:03:29.103+0530] {dag.py:3096} INFO - Sync 1 DAGs
[2026-04-01T22:03:29.112+0530] {logging_mixin.py:188} INFO - [2026-04-01T22:03:29.112+0530] {dag.py:3954} INFO - Setting next_dagrun for example_dynamic_task_mapping to 2022-03-04 00:00:00+00:00, run_after=2022-03-05 00:00:00+00:00
[2026-04-01T22:03:29.119+0530] {processor.py:183} INFO - Processing /Users/aswin/Documents/data-engineering-practice/ETL_Airflow_DBT/airflow/airflow_env/lib/python3.11/site-packages/airflow/example_dags/example_dynamic_task_mapping.py took 0.086 seconds
[2026-04-01T22:04:16.237+0530] {processor.py:161} INFO - Started process (PID=11325) to work on /Users/aswin/Documents/data-engineering-practice/ETL_Airflow_DBT/airflow/airflow_env/lib/python3.11/site-packages/airflow/example_dags/example_dynamic_task_mapping.py
[2026-04-01T22:04:16.237+0530] {processor.py:830} INFO - Processing file /Users/aswin/Documents/data-engineering-practice/ETL_Airflow_DBT/airflow/airflow_env/lib/python3.11/site-packages/airflow/example_dags/example_dynamic_task_mapping.py for tasks to queue
[2026-04-01T22:04:16.238+0530] {logging_mixin.py:188} INFO - [2026-04-01T22:04:16.238+0530] {dagbag.py:540} INFO - Filling up the DagBag from /Users/aswin/Documents/data-engineering-practice/ETL_Airflow_DBT/airflow/airflow_env/lib/python3.11/site-packages/airflow/example_dags/example_dynamic_task_mapping.py
[2026-04-01T22:04:16.260+0530] {processor.py:840} INFO - DAG(s) 'example_dynamic_task_mapping' retrieved from /Users/aswin/Documents/data-engineering-practice/ETL_Airflow_DBT/airflow/airflow_env/lib/python3.11/site-packages/airflow/example_dags/example_dynamic_task_mapping.py
[2026-04-01T22:04:16.327+0530] {logging_mixin.py:188} INFO - [2026-04-01T22:04:16.327+0530] {dag.py:3096} INFO - Sync 1 DAGs
[2026-04-01T22:04:16.344+0530] {logging_mixin.py:188} INFO - [2026-04-01T22:04:16.344+0530] {dag.py:3954} INFO - Setting next_dagrun for example_dynamic_task_mapping to 2022-03-04 00:00:00+00:00, run_after=2022-03-05 00:00:00+00:00
[2026-04-01T22:04:16.357+0530] {processor.py:183} INFO - Processing /Users/aswin/Documents/data-engineering-practice/ETL_Airflow_DBT/airflow/airflow_env/lib/python3.11/site-packages/airflow/example_dags/example_dynamic_task_mapping.py took 0.122 seconds
[2026-04-01T22:04:57.162+0530] {processor.py:161} INFO - Started process (PID=11451) to work on /Users/aswin/Documents/data-engineering-practice/ETL_Airflow_DBT/airflow/airflow_env/lib/python3.11/site-packages/airflow/example_dags/example_dynamic_task_mapping.py
[2026-04-01T22:04:57.163+0530] {processor.py:830} INFO - Processing file /Users/aswin/Documents/data-engineering-practice/ETL_Airflow_DBT/airflow/airflow_env/lib/python3.11/site-packages/airflow/example_dags/example_dynamic_task_mapping.py for tasks to queue
[2026-04-01T22:04:57.163+0530] {logging_mixin.py:188} INFO - [2026-04-01T22:04:57.163+0530] {dagbag.py:540} INFO - Filling up the DagBag from /Users/aswin/Documents/data-engineering-practice/ETL_Airflow_DBT/airflow/airflow_env/lib/python3.11/site-packages/airflow/example_dags/example_dynamic_task_mapping.py
[2026-04-01T22:04:57.182+0530] {processor.py:840} INFO - DAG(s) 'example_dynamic_task_mapping' retrieved from /Users/aswin/Documents/data-engineering-practice/ETL_Airflow_DBT/airflow/airflow_env/lib/python3.11/site-packages/airflow/example_dags/example_dynamic_task_mapping.py
[2026-04-01T22:04:57.245+0530] {logging_mixin.py:188} INFO - [2026-04-01T22:04:57.245+0530] {dag.py:3096} INFO - Sync 1 DAGs
[2026-04-01T22:04:57.259+0530] {logging_mixin.py:188} INFO - [2026-04-01T22:04:57.259+0530] {dag.py:3954} INFO - Setting next_dagrun for example_dynamic_task_mapping to 2022-03-04 00:00:00+00:00, run_after=2022-03-05 00:00:00+00:00
[2026-04-01T22:04:57.270+0530] {processor.py:183} INFO - Processing /Users/aswin/Documents/data-engineering-practice/ETL_Airflow_DBT/airflow/airflow_env/lib/python3.11/site-packages/airflow/example_dags/example_dynamic_task_mapping.py took 0.109 seconds
[2026-04-01T22:05:42.225+0530] {processor.py:161} INFO - Started process (PID=11577) to work on /Users/aswin/Documents/data-engineering-practice/ETL_Airflow_DBT/airflow/airflow_env/lib/python3.11/site-packages/airflow/example_dags/example_dynamic_task_mapping.py
[2026-04-01T22:05:42.227+0530] {processor.py:830} INFO - Processing file /Users/aswin/Documents/data-engineering-practice/ETL_Airflow_DBT/airflow/airflow_env/lib/python3.11/site-packages/airflow/example_dags/example_dynamic_task_mapping.py for tasks to queue
[2026-04-01T22:05:42.227+0530] {logging_mixin.py:188} INFO - [2026-04-01T22:05:42.227+0530] {dagbag.py:540} INFO - Filling up the DagBag from /Users/aswin/Documents/data-engineering-practice/ETL_Airflow_DBT/airflow/airflow_env/lib/python3.11/site-packages/airflow/example_dags/example_dynamic_task_mapping.py
[2026-04-01T22:05:42.256+0530] {processor.py:840} INFO - DAG(s) 'example_dynamic_task_mapping' retrieved from /Users/aswin/Documents/data-engineering-practice/ETL_Airflow_DBT/airflow/airflow_env/lib/python3.11/site-packages/airflow/example_dags/example_dynamic_task_mapping.py
[2026-04-01T22:05:42.351+0530] {logging_mixin.py:188} INFO - [2026-04-01T22:05:42.351+0530] {dag.py:3096} INFO - Sync 1 DAGs
[2026-04-01T22:05:42.370+0530] {logging_mixin.py:188} INFO - [2026-04-01T22:05:42.370+0530] {dag.py:3954} INFO - Setting next_dagrun for example_dynamic_task_mapping to 2022-03-04 00:00:00+00:00, run_after=2022-03-05 00:00:00+00:00
[2026-04-01T22:05:42.384+0530] {processor.py:183} INFO - Processing /Users/aswin/Documents/data-engineering-practice/ETL_Airflow_DBT/airflow/airflow_env/lib/python3.11/site-packages/airflow/example_dags/example_dynamic_task_mapping.py took 0.161 seconds
[2026-04-01T22:06:25.895+0530] {processor.py:161} INFO - Started process (PID=11707) to work on /Users/aswin/Documents/data-engineering-practice/ETL_Airflow_DBT/airflow/airflow_env/lib/python3.11/site-packages/airflow/example_dags/example_dynamic_task_mapping.py
[2026-04-01T22:06:25.896+0530] {processor.py:830} INFO - Processing file /Users/aswin/Documents/data-engineering-practice/ETL_Airflow_DBT/airflow/airflow_env/lib/python3.11/site-packages/airflow/example_dags/example_dynamic_task_mapping.py for tasks to queue
[2026-04-01T22:06:25.897+0530] {logging_mixin.py:188} INFO - [2026-04-01T22:06:25.897+0530] {dagbag.py:540} INFO - Filling up the DagBag from /Users/aswin/Documents/data-engineering-practice/ETL_Airflow_DBT/airflow/airflow_env/lib/python3.11/site-packages/airflow/example_dags/example_dynamic_task_mapping.py
[2026-04-01T22:06:25.941+0530] {processor.py:840} INFO - DAG(s) 'example_dynamic_task_mapping' retrieved from /Users/aswin/Documents/data-engineering-practice/ETL_Airflow_DBT/airflow/airflow_env/lib/python3.11/site-packages/airflow/example_dags/example_dynamic_task_mapping.py
[2026-04-01T22:06:31.986+0530] {logging_mixin.py:188} INFO - [2026-04-01T22:06:31.985+0530] {dag.py:3096} INFO - Sync 1 DAGs
[2026-04-01T22:06:32.029+0530] {logging_mixin.py:188} INFO - [2026-04-01T22:06:32.029+0530] {dag.py:3954} INFO - Setting next_dagrun for example_dynamic_task_mapping to 2022-03-04 00:00:00+00:00, run_after=2022-03-05 00:00:00+00:00
[2026-04-01T22:06:32.043+0530] {processor.py:183} INFO - Processing /Users/aswin/Documents/data-engineering-practice/ETL_Airflow_DBT/airflow/airflow_env/lib/python3.11/site-packages/airflow/example_dags/example_dynamic_task_mapping.py took 0.389 seconds
[2026-04-01T22:07:25.495+0530] {processor.py:161} INFO - Started process (PID=11854) to work on /Users/aswin/Documents/data-engineering-practice/ETL_Airflow_DBT/airflow/airflow_env/lib/python3.11/site-packages/airflow/example_dags/example_dynamic_task_mapping.py
[2026-04-01T22:07:25.495+0530] {processor.py:830} INFO - Processing file /Users/aswin/Documents/data-engineering-practice/ETL_Airflow_DBT/airflow/airflow_env/lib/python3.11/site-packages/airflow/example_dags/example_dynamic_task_mapping.py for tasks to queue
[2026-04-01T22:07:25.496+0530] {logging_mixin.py:188} INFO - [2026-04-01T22:07:25.496+0530] {dagbag.py:540} INFO - Filling up the DagBag from /Users/aswin/Documents/data-engineering-practice/ETL_Airflow_DBT/airflow/airflow_env/lib/python3.11/site-packages/airflow/example_dags/example_dynamic_task_mapping.py
[2026-04-01T22:07:25.511+0530] {processor.py:840} INFO - DAG(s) 'example_dynamic_task_mapping' retrieved from /Users/aswin/Documents/data-engineering-practice/ETL_Airflow_DBT/airflow/airflow_env/lib/python3.11/site-packages/airflow/example_dags/example_dynamic_task_mapping.py
[2026-04-01T22:07:25.562+0530] {logging_mixin.py:188} INFO - [2026-04-01T22:07:25.562+0530] {dag.py:3096} INFO - Sync 1 DAGs
[2026-04-01T22:07:25.573+0530] {logging_mixin.py:188} INFO - [2026-04-01T22:07:25.573+0530] {dag.py:3954} INFO - Setting next_dagrun for example_dynamic_task_mapping to 2022-03-04 00:00:00+00:00, run_after=2022-03-05 00:00:00+00:00
[2026-04-01T22:07:25.580+0530] {processor.py:183} INFO - Processing /Users/aswin/Documents/data-engineering-practice/ETL_Airflow_DBT/airflow/airflow_env/lib/python3.11/site-packages/airflow/example_dags/example_dynamic_task_mapping.py took 0.086 seconds
[2026-04-01T22:07:59.556+0530] {processor.py:161} INFO - Started process (PID=11974) to work on /Users/aswin/Documents/data-engineering-practice/ETL_Airflow_DBT/airflow/airflow_env/lib/python3.11/site-packages/airflow/example_dags/example_dynamic_task_mapping.py
[2026-04-01T22:07:59.557+0530] {processor.py:830} INFO - Processing file /Users/aswin/Documents/data-engineering-practice/ETL_Airflow_DBT/airflow/airflow_env/lib/python3.11/site-packages/airflow/example_dags/example_dynamic_task_mapping.py for tasks to queue
[2026-04-01T22:07:59.557+0530] {logging_mixin.py:188} INFO - [2026-04-01T22:07:59.557+0530] {dagbag.py:540} INFO - Filling up the DagBag from /Users/aswin/Documents/data-engineering-practice/ETL_Airflow_DBT/airflow/airflow_env/lib/python3.11/site-packages/airflow/example_dags/example_dynamic_task_mapping.py
[2026-04-01T22:07:59.572+0530] {processor.py:840} INFO - DAG(s) 'example_dynamic_task_mapping' retrieved from /Users/aswin/Documents/data-engineering-practice/ETL_Airflow_DBT/airflow/airflow_env/lib/python3.11/site-packages/airflow/example_dags/example_dynamic_task_mapping.py
[2026-04-01T22:07:59.623+0530] {logging_mixin.py:188} INFO - [2026-04-01T22:07:59.623+0530] {dag.py:3096} INFO - Sync 1 DAGs
[2026-04-01T22:07:59.634+0530] {logging_mixin.py:188} INFO - [2026-04-01T22:07:59.634+0530] {dag.py:3954} INFO - Setting next_dagrun for example_dynamic_task_mapping to 2022-03-04 00:00:00+00:00, run_after=2022-03-05 00:00:00+00:00
[2026-04-01T22:07:59.642+0530] {processor.py:183} INFO - Processing /Users/aswin/Documents/data-engineering-practice/ETL_Airflow_DBT/airflow/airflow_env/lib/python3.11/site-packages/airflow/example_dags/example_dynamic_task_mapping.py took 0.087 seconds
[2026-04-01T22:23:57.472+0530] {processor.py:161} INFO - Started process (PID=12095) to work on /Users/aswin/Documents/data-engineering-practice/ETL_Airflow_DBT/airflow/airflow_env/lib/python3.11/site-packages/airflow/example_dags/example_dynamic_task_mapping.py
[2026-04-01T22:23:57.473+0530] {processor.py:830} INFO - Processing file /Users/aswin/Documents/data-engineering-practice/ETL_Airflow_DBT/airflow/airflow_env/lib/python3.11/site-packages/airflow/example_dags/example_dynamic_task_mapping.py for tasks to queue
[2026-04-01T22:23:57.473+0530] {logging_mixin.py:188} INFO - [2026-04-01T22:23:57.473+0530] {dagbag.py:540} INFO - Filling up the DagBag from /Users/aswin/Documents/data-engineering-practice/ETL_Airflow_DBT/airflow/airflow_env/lib/python3.11/site-packages/airflow/example_dags/example_dynamic_task_mapping.py
[2026-04-01T22:23:57.491+0530] {processor.py:840} INFO - DAG(s) 'example_dynamic_task_mapping' retrieved from /Users/aswin/Documents/data-engineering-practice/ETL_Airflow_DBT/airflow/airflow_env/lib/python3.11/site-packages/airflow/example_dags/example_dynamic_task_mapping.py
[2026-04-01T22:23:57.556+0530] {logging_mixin.py:188} INFO - [2026-04-01T22:23:57.556+0530] {dag.py:3096} INFO - Sync 1 DAGs
[2026-04-01T22:23:57.567+0530] {logging_mixin.py:188} INFO - [2026-04-01T22:23:57.566+0530] {dag.py:3954} INFO - Setting next_dagrun for example_dynamic_task_mapping to 2022-03-04 00:00:00+00:00, run_after=2022-03-05 00:00:00+00:00
[2026-04-01T22:23:57.574+0530] {processor.py:183} INFO - Processing /Users/aswin/Documents/data-engineering-practice/ETL_Airflow_DBT/airflow/airflow_env/lib/python3.11/site-packages/airflow/example_dags/example_dynamic_task_mapping.py took 0.104 seconds
[2026-04-01T22:26:09.787+0530] {processor.py:161} INFO - Started process (PID=12276) to work on /Users/aswin/Documents/data-engineering-practice/ETL_Airflow_DBT/airflow/airflow_env/lib/python3.11/site-packages/airflow/example_dags/example_dynamic_task_mapping.py
[2026-04-01T22:26:09.789+0530] {processor.py:830} INFO - Processing file /Users/aswin/Documents/data-engineering-practice/ETL_Airflow_DBT/airflow/airflow_env/lib/python3.11/site-packages/airflow/example_dags/example_dynamic_task_mapping.py for tasks to queue
[2026-04-01T22:26:09.789+0530] {logging_mixin.py:188} INFO - [2026-04-01T22:26:09.789+0530] {dagbag.py:540} INFO - Filling up the DagBag from /Users/aswin/Documents/data-engineering-practice/ETL_Airflow_DBT/airflow/airflow_env/lib/python3.11/site-packages/airflow/example_dags/example_dynamic_task_mapping.py
[2026-04-01T22:26:09.805+0530] {processor.py:840} INFO - DAG(s) 'example_dynamic_task_mapping' retrieved from /Users/aswin/Documents/data-engineering-practice/ETL_Airflow_DBT/airflow/airflow_env/lib/python3.11/site-packages/airflow/example_dags/example_dynamic_task_mapping.py
[2026-04-01T22:26:09.862+0530] {logging_mixin.py:188} INFO - [2026-04-01T22:26:09.862+0530] {dag.py:3096} INFO - Sync 1 DAGs
[2026-04-01T22:26:09.870+0530] {logging_mixin.py:188} INFO - [2026-04-01T22:26:09.870+0530] {dag.py:3954} INFO - Setting next_dagrun for example_dynamic_task_mapping to 2022-03-04 00:00:00+00:00, run_after=2022-03-05 00:00:00+00:00
[2026-04-01T22:26:09.881+0530] {processor.py:183} INFO - Processing /Users/aswin/Documents/data-engineering-practice/ETL_Airflow_DBT/airflow/airflow_env/lib/python3.11/site-packages/airflow/example_dags/example_dynamic_task_mapping.py took 0.094 seconds
[2026-04-01T22:35:56.779+0530] {processor.py:161} INFO - Started process (PID=12538) to work on /Users/aswin/Documents/data-engineering-practice/ETL_Airflow_DBT/airflow/airflow_env/lib/python3.11/site-packages/airflow/example_dags/example_dynamic_task_mapping.py
[2026-04-01T22:35:56.780+0530] {processor.py:830} INFO - Processing file /Users/aswin/Documents/data-engineering-practice/ETL_Airflow_DBT/airflow/airflow_env/lib/python3.11/site-packages/airflow/example_dags/example_dynamic_task_mapping.py for tasks to queue
[2026-04-01T22:35:56.780+0530] {logging_mixin.py:188} INFO - [2026-04-01T22:35:56.780+0530] {dagbag.py:540} INFO - Filling up the DagBag from /Users/aswin/Documents/data-engineering-practice/ETL_Airflow_DBT/airflow/airflow_env/lib/python3.11/site-packages/airflow/example_dags/example_dynamic_task_mapping.py
[2026-04-01T22:35:56.797+0530] {processor.py:840} INFO - DAG(s) 'example_dynamic_task_mapping' retrieved from /Users/aswin/Documents/data-engineering-practice/ETL_Airflow_DBT/airflow/airflow_env/lib/python3.11/site-packages/airflow/example_dags/example_dynamic_task_mapping.py
[2026-04-01T22:35:56.855+0530] {logging_mixin.py:188} INFO - [2026-04-01T22:35:56.855+0530] {dag.py:3096} INFO - Sync 1 DAGs
[2026-04-01T22:35:56.867+0530] {logging_mixin.py:188} INFO - [2026-04-01T22:35:56.867+0530] {dag.py:3954} INFO - Setting next_dagrun for example_dynamic_task_mapping to 2022-03-04 00:00:00+00:00, run_after=2022-03-05 00:00:00+00:00
[2026-04-01T22:35:56.878+0530] {processor.py:183} INFO - Processing /Users/aswin/Documents/data-engineering-practice/ETL_Airflow_DBT/airflow/airflow_env/lib/python3.11/site-packages/airflow/example_dags/example_dynamic_task_mapping.py took 0.101 seconds
[2026-04-01T22:36:28.384+0530] {processor.py:161} INFO - Started process (PID=12707) to work on /Users/aswin/Documents/data-engineering-practice/ETL_Airflow_DBT/airflow/airflow_env/lib/python3.11/site-packages/airflow/example_dags/example_dynamic_task_mapping.py
[2026-04-01T22:36:28.385+0530] {processor.py:830} INFO - Processing file /Users/aswin/Documents/data-engineering-practice/ETL_Airflow_DBT/airflow/airflow_env/lib/python3.11/site-packages/airflow/example_dags/example_dynamic_task_mapping.py for tasks to queue
[2026-04-01T22:36:28.385+0530] {logging_mixin.py:188} INFO - [2026-04-01T22:36:28.385+0530] {dagbag.py:540} INFO - Filling up the DagBag from /Users/aswin/Documents/data-engineering-practice/ETL_Airflow_DBT/airflow/airflow_env/lib/python3.11/site-packages/airflow/example_dags/example_dynamic_task_mapping.py
[2026-04-01T22:36:28.402+0530] {processor.py:840} INFO - DAG(s) 'example_dynamic_task_mapping' retrieved from /Users/aswin/Documents/data-engineering-practice/ETL_Airflow_DBT/airflow/airflow_env/lib/python3.11/site-packages/airflow/example_dags/example_dynamic_task_mapping.py
[2026-04-01T22:36:28.455+0530] {logging_mixin.py:188} INFO - [2026-04-01T22:36:28.455+0530] {dag.py:3096} INFO - Sync 1 DAGs
[2026-04-01T22:36:28.465+0530] {logging_mixin.py:188} INFO - [2026-04-01T22:36:28.465+0530] {dag.py:3954} INFO - Setting next_dagrun for example_dynamic_task_mapping to 2022-03-04 00:00:00+00:00, run_after=2022-03-05 00:00:00+00:00
[2026-04-01T22:36:28.473+0530] {processor.py:183} INFO - Processing /Users/aswin/Documents/data-engineering-practice/ETL_Airflow_DBT/airflow/airflow_env/lib/python3.11/site-packages/airflow/example_dags/example_dynamic_task_mapping.py took 0.091 seconds
[2026-04-01T22:36:59.394+0530] {processor.py:161} INFO - Started process (PID=12822) to work on /Users/aswin/Documents/data-engineering-practice/ETL_Airflow_DBT/airflow/airflow_env/lib/python3.11/site-packages/airflow/example_dags/example_dynamic_task_mapping.py
[2026-04-01T22:36:59.395+0530] {processor.py:830} INFO - Processing file /Users/aswin/Documents/data-engineering-practice/ETL_Airflow_DBT/airflow/airflow_env/lib/python3.11/site-packages/airflow/example_dags/example_dynamic_task_mapping.py for tasks to queue
[2026-04-01T22:36:59.395+0530] {logging_mixin.py:188} INFO - [2026-04-01T22:36:59.395+0530] {dagbag.py:540} INFO - Filling up the DagBag from /Users/aswin/Documents/data-engineering-practice/ETL_Airflow_DBT/airflow/airflow_env/lib/python3.11/site-packages/airflow/example_dags/example_dynamic_task_mapping.py
[2026-04-01T22:36:59.412+0530] {processor.py:840} INFO - DAG(s) 'example_dynamic_task_mapping' retrieved from /Users/aswin/Documents/data-engineering-practice/ETL_Airflow_DBT/airflow/airflow_env/lib/python3.11/site-packages/airflow/example_dags/example_dynamic_task_mapping.py
[2026-04-01T22:36:59.467+0530] {logging_mixin.py:188} INFO - [2026-04-01T22:36:59.466+0530] {dag.py:3096} INFO - Sync 1 DAGs
[2026-04-01T22:36:59.478+0530] {logging_mixin.py:188} INFO - [2026-04-01T22:36:59.478+0530] {dag.py:3954} INFO - Setting next_dagrun for example_dynamic_task_mapping to 2022-03-04 00:00:00+00:00, run_after=2022-03-05 00:00:00+00:00
[2026-04-01T22:36:59.487+0530] {processor.py:183} INFO - Processing /Users/aswin/Documents/data-engineering-practice/ETL_Airflow_DBT/airflow/airflow_env/lib/python3.11/site-packages/airflow/example_dags/example_dynamic_task_mapping.py took 0.095 seconds
[2026-04-01T22:37:30.172+0530] {processor.py:161} INFO - Started process (PID=12960) to work on /Users/aswin/Documents/data-engineering-practice/ETL_Airflow_DBT/airflow/airflow_env/lib/python3.11/site-packages/airflow/example_dags/example_dynamic_task_mapping.py
[2026-04-01T22:37:30.172+0530] {processor.py:830} INFO - Processing file /Users/aswin/Documents/data-engineering-practice/ETL_Airflow_DBT/airflow/airflow_env/lib/python3.11/site-packages/airflow/example_dags/example_dynamic_task_mapping.py for tasks to queue
[2026-04-01T22:37:30.173+0530] {logging_mixin.py:188} INFO - [2026-04-01T22:37:30.173+0530] {dagbag.py:540} INFO - Filling up the DagBag from /Users/aswin/Documents/data-engineering-practice/ETL_Airflow_DBT/airflow/airflow_env/lib/python3.11/site-packages/airflow/example_dags/example_dynamic_task_mapping.py
[2026-04-01T22:37:30.188+0530] {processor.py:840} INFO - DAG(s) 'example_dynamic_task_mapping' retrieved from /Users/aswin/Documents/data-engineering-practice/ETL_Airflow_DBT/airflow/airflow_env/lib/python3.11/site-packages/airflow/example_dags/example_dynamic_task_mapping.py
[2026-04-01T22:37:30.249+0530] {logging_mixin.py:188} INFO - [2026-04-01T22:37:30.249+0530] {dag.py:3096} INFO - Sync 1 DAGs
[2026-04-01T22:37:30.262+0530] {logging_mixin.py:188} INFO - [2026-04-01T22:37:30.262+0530] {dag.py:3954} INFO - Setting next_dagrun for example_dynamic_task_mapping to 2022-03-04 00:00:00+00:00, run_after=2022-03-05 00:00:00+00:00
[2026-04-01T22:37:30.270+0530] {processor.py:183} INFO - Processing /Users/aswin/Documents/data-engineering-practice/ETL_Airflow_DBT/airflow/airflow_env/lib/python3.11/site-packages/airflow/example_dags/example_dynamic_task_mapping.py took 0.099 seconds
[2026-04-01T22:38:01.315+0530] {processor.py:161} INFO - Started process (PID=13083) to work on /Users/aswin/Documents/data-engineering-practice/ETL_Airflow_DBT/airflow/airflow_env/lib/python3.11/site-packages/airflow/example_dags/example_dynamic_task_mapping.py
[2026-04-01T22:38:01.316+0530] {processor.py:830} INFO - Processing file /Users/aswin/Documents/data-engineering-practice/ETL_Airflow_DBT/airflow/airflow_env/lib/python3.11/site-packages/airflow/example_dags/example_dynamic_task_mapping.py for tasks to queue
[2026-04-01T22:38:01.316+0530] {logging_mixin.py:188} INFO - [2026-04-01T22:38:01.316+0530] {dagbag.py:540} INFO - Filling up the DagBag from /Users/aswin/Documents/data-engineering-practice/ETL_Airflow_DBT/airflow/airflow_env/lib/python3.11/site-packages/airflow/example_dags/example_dynamic_task_mapping.py
[2026-04-01T22:38:01.332+0530] {processor.py:840} INFO - DAG(s) 'example_dynamic_task_mapping' retrieved from /Users/aswin/Documents/data-engineering-practice/ETL_Airflow_DBT/airflow/airflow_env/lib/python3.11/site-packages/airflow/example_dags/example_dynamic_task_mapping.py
[2026-04-01T22:38:01.385+0530] {logging_mixin.py:188} INFO - [2026-04-01T22:38:01.385+0530] {dag.py:3096} INFO - Sync 1 DAGs
[2026-04-01T22:38:01.394+0530] {logging_mixin.py:188} INFO - [2026-04-01T22:38:01.394+0530] {dag.py:3954} INFO - Setting next_dagrun for example_dynamic_task_mapping to 2022-03-04 00:00:00+00:00, run_after=2022-03-05 00:00:00+00:00
[2026-04-01T22:38:01.405+0530] {processor.py:183} INFO - Processing /Users/aswin/Documents/data-engineering-practice/ETL_Airflow_DBT/airflow/airflow_env/lib/python3.11/site-packages/airflow/example_dags/example_dynamic_task_mapping.py took 0.091 seconds
[2026-04-02T04:58:23.922+0530] {processor.py:161} INFO - Started process (PID=14283) to work on /Users/aswin/Documents/data-engineering-practice/ETL_Airflow_DBT/airflow/airflow_env/lib/python3.11/site-packages/airflow/example_dags/example_dynamic_task_mapping.py
[2026-04-02T04:58:23.923+0530] {processor.py:830} INFO - Processing file /Users/aswin/Documents/data-engineering-practice/ETL_Airflow_DBT/airflow/airflow_env/lib/python3.11/site-packages/airflow/example_dags/example_dynamic_task_mapping.py for tasks to queue
[2026-04-02T04:58:23.923+0530] {logging_mixin.py:188} INFO - [2026-04-02T04:58:23.923+0530] {dagbag.py:540} INFO - Filling up the DagBag from /Users/aswin/Documents/data-engineering-practice/ETL_Airflow_DBT/airflow/airflow_env/lib/python3.11/site-packages/airflow/example_dags/example_dynamic_task_mapping.py
[2026-04-02T04:58:23.939+0530] {processor.py:840} INFO - DAG(s) 'example_dynamic_task_mapping' retrieved from /Users/aswin/Documents/data-engineering-practice/ETL_Airflow_DBT/airflow/airflow_env/lib/python3.11/site-packages/airflow/example_dags/example_dynamic_task_mapping.py
[2026-04-02T04:58:23.991+0530] {logging_mixin.py:188} INFO - [2026-04-02T04:58:23.991+0530] {dag.py:3096} INFO - Sync 1 DAGs
[2026-04-02T04:58:24.001+0530] {logging_mixin.py:188} INFO - [2026-04-02T04:58:24.001+0530] {dag.py:3954} INFO - Setting next_dagrun for example_dynamic_task_mapping to 2022-03-04 00:00:00+00:00, run_after=2022-03-05 00:00:00+00:00
[2026-04-02T04:58:24.009+0530] {processor.py:183} INFO - Processing /Users/aswin/Documents/data-engineering-practice/ETL_Airflow_DBT/airflow/airflow_env/lib/python3.11/site-packages/airflow/example_dags/example_dynamic_task_mapping.py took 0.089 seconds
[2026-04-02T04:58:54.978+0530] {processor.py:161} INFO - Started process (PID=14425) to work on /Users/aswin/Documents/data-engineering-practice/ETL_Airflow_DBT/airflow/airflow_env/lib/python3.11/site-packages/airflow/example_dags/example_dynamic_task_mapping.py
[2026-04-02T04:58:54.979+0530] {processor.py:830} INFO - Processing file /Users/aswin/Documents/data-engineering-practice/ETL_Airflow_DBT/airflow/airflow_env/lib/python3.11/site-packages/airflow/example_dags/example_dynamic_task_mapping.py for tasks to queue
[2026-04-02T04:58:54.979+0530] {logging_mixin.py:188} INFO - [2026-04-02T04:58:54.979+0530] {dagbag.py:540} INFO - Filling up the DagBag from /Users/aswin/Documents/data-engineering-practice/ETL_Airflow_DBT/airflow/airflow_env/lib/python3.11/site-packages/airflow/example_dags/example_dynamic_task_mapping.py
[2026-04-02T04:58:54.995+0530] {processor.py:840} INFO - DAG(s) 'example_dynamic_task_mapping' retrieved from /Users/aswin/Documents/data-engineering-practice/ETL_Airflow_DBT/airflow/airflow_env/lib/python3.11/site-packages/airflow/example_dags/example_dynamic_task_mapping.py
[2026-04-02T04:58:55.046+0530] {logging_mixin.py:188} INFO - [2026-04-02T04:58:55.046+0530] {dag.py:3096} INFO - Sync 1 DAGs
[2026-04-02T04:58:55.057+0530] {logging_mixin.py:188} INFO - [2026-04-02T04:58:55.057+0530] {dag.py:3954} INFO - Setting next_dagrun for example_dynamic_task_mapping to 2022-03-04 00:00:00+00:00, run_after=2022-03-05 00:00:00+00:00
[2026-04-02T04:58:55.065+0530] {processor.py:183} INFO - Processing /Users/aswin/Documents/data-engineering-practice/ETL_Airflow_DBT/airflow/airflow_env/lib/python3.11/site-packages/airflow/example_dags/example_dynamic_task_mapping.py took 0.088 seconds
[2026-04-02T04:59:26.100+0530] {processor.py:161} INFO - Started process (PID=14550) to work on /Users/aswin/Documents/data-engineering-practice/ETL_Airflow_DBT/airflow/airflow_env/lib/python3.11/site-packages/airflow/example_dags/example_dynamic_task_mapping.py
[2026-04-02T04:59:26.101+0530] {processor.py:830} INFO - Processing file /Users/aswin/Documents/data-engineering-practice/ETL_Airflow_DBT/airflow/airflow_env/lib/python3.11/site-packages/airflow/example_dags/example_dynamic_task_mapping.py for tasks to queue
[2026-04-02T04:59:26.101+0530] {logging_mixin.py:188} INFO - [2026-04-02T04:59:26.101+0530] {dagbag.py:540} INFO - Filling up the DagBag from /Users/aswin/Documents/data-engineering-practice/ETL_Airflow_DBT/airflow/airflow_env/lib/python3.11/site-packages/airflow/example_dags/example_dynamic_task_mapping.py
[2026-04-02T04:59:26.117+0530] {processor.py:840} INFO - DAG(s) 'example_dynamic_task_mapping' retrieved from /Users/aswin/Documents/data-engineering-practice/ETL_Airflow_DBT/airflow/airflow_env/lib/python3.11/site-packages/airflow/example_dags/example_dynamic_task_mapping.py
[2026-04-02T04:59:26.168+0530] {logging_mixin.py:188} INFO - [2026-04-02T04:59:26.167+0530] {dag.py:3096} INFO - Sync 1 DAGs
[2026-04-02T04:59:26.179+0530] {logging_mixin.py:188} INFO - [2026-04-02T04:59:26.179+0530] {dag.py:3954} INFO - Setting next_dagrun for example_dynamic_task_mapping to 2022-03-04 00:00:00+00:00, run_after=2022-03-05 00:00:00+00:00
[2026-04-02T04:59:26.187+0530] {processor.py:183} INFO - Processing /Users/aswin/Documents/data-engineering-practice/ETL_Airflow_DBT/airflow/airflow_env/lib/python3.11/site-packages/airflow/example_dags/example_dynamic_task_mapping.py took 0.088 seconds
[2026-04-02T04:59:57.466+0530] {processor.py:161} INFO - Started process (PID=14679) to work on /Users/aswin/Documents/data-engineering-practice/ETL_Airflow_DBT/airflow/airflow_env/lib/python3.11/site-packages/airflow/example_dags/example_dynamic_task_mapping.py
[2026-04-02T04:59:57.467+0530] {processor.py:830} INFO - Processing file /Users/aswin/Documents/data-engineering-practice/ETL_Airflow_DBT/airflow/airflow_env/lib/python3.11/site-packages/airflow/example_dags/example_dynamic_task_mapping.py for tasks to queue
[2026-04-02T04:59:57.467+0530] {logging_mixin.py:188} INFO - [2026-04-02T04:59:57.467+0530] {dagbag.py:540} INFO - Filling up the DagBag from /Users/aswin/Documents/data-engineering-practice/ETL_Airflow_DBT/airflow/airflow_env/lib/python3.11/site-packages/airflow/example_dags/example_dynamic_task_mapping.py
[2026-04-02T04:59:57.485+0530] {processor.py:840} INFO - DAG(s) 'example_dynamic_task_mapping' retrieved from /Users/aswin/Documents/data-engineering-practice/ETL_Airflow_DBT/airflow/airflow_env/lib/python3.11/site-packages/airflow/example_dags/example_dynamic_task_mapping.py
[2026-04-02T04:59:57.535+0530] {logging_mixin.py:188} INFO - [2026-04-02T04:59:57.535+0530] {dag.py:3096} INFO - Sync 1 DAGs
[2026-04-02T04:59:57.545+0530] {logging_mixin.py:188} INFO - [2026-04-02T04:59:57.545+0530] {dag.py:3954} INFO - Setting next_dagrun for example_dynamic_task_mapping to 2022-03-04 00:00:00+00:00, run_after=2022-03-05 00:00:00+00:00
[2026-04-02T04:59:57.553+0530] {processor.py:183} INFO - Processing /Users/aswin/Documents/data-engineering-practice/ETL_Airflow_DBT/airflow/airflow_env/lib/python3.11/site-packages/airflow/example_dags/example_dynamic_task_mapping.py took 0.088 seconds
[2026-04-02T05:00:28.670+0530] {processor.py:161} INFO - Started process (PID=14821) to work on /Users/aswin/Documents/data-engineering-practice/ETL_Airflow_DBT/airflow/airflow_env/lib/python3.11/site-packages/airflow/example_dags/example_dynamic_task_mapping.py
[2026-04-02T05:00:28.671+0530] {processor.py:830} INFO - Processing file /Users/aswin/Documents/data-engineering-practice/ETL_Airflow_DBT/airflow/airflow_env/lib/python3.11/site-packages/airflow/example_dags/example_dynamic_task_mapping.py for tasks to queue
[2026-04-02T05:00:28.672+0530] {logging_mixin.py:188} INFO - [2026-04-02T05:00:28.671+0530] {dagbag.py:540} INFO - Filling up the DagBag from /Users/aswin/Documents/data-engineering-practice/ETL_Airflow_DBT/airflow/airflow_env/lib/python3.11/site-packages/airflow/example_dags/example_dynamic_task_mapping.py
[2026-04-02T05:00:28.687+0530] {processor.py:840} INFO - DAG(s) 'example_dynamic_task_mapping' retrieved from /Users/aswin/Documents/data-engineering-practice/ETL_Airflow_DBT/airflow/airflow_env/lib/python3.11/site-packages/airflow/example_dags/example_dynamic_task_mapping.py
[2026-04-02T05:00:28.740+0530] {logging_mixin.py:188} INFO - [2026-04-02T05:00:28.739+0530] {dag.py:3096} INFO - Sync 1 DAGs
[2026-04-02T05:00:28.748+0530] {logging_mixin.py:188} INFO - [2026-04-02T05:00:28.748+0530] {dag.py:3954} INFO - Setting next_dagrun for example_dynamic_task_mapping to 2022-03-04 00:00:00+00:00, run_after=2022-03-05 00:00:00+00:00
[2026-04-02T05:00:28.758+0530] {processor.py:183} INFO - Processing /Users/aswin/Documents/data-engineering-practice/ETL_Airflow_DBT/airflow/airflow_env/lib/python3.11/site-packages/airflow/example_dags/example_dynamic_task_mapping.py took 0.088 seconds
[2026-04-02T05:00:59.784+0530] {processor.py:161} INFO - Started process (PID=14952) to work on /Users/aswin/Documents/data-engineering-practice/ETL_Airflow_DBT/airflow/airflow_env/lib/python3.11/site-packages/airflow/example_dags/example_dynamic_task_mapping.py
[2026-04-02T05:00:59.784+0530] {processor.py:830} INFO - Processing file /Users/aswin/Documents/data-engineering-practice/ETL_Airflow_DBT/airflow/airflow_env/lib/python3.11/site-packages/airflow/example_dags/example_dynamic_task_mapping.py for tasks to queue
[2026-04-02T05:00:59.785+0530] {logging_mixin.py:188} INFO - [2026-04-02T05:00:59.785+0530] {dagbag.py:540} INFO - Filling up the DagBag from /Users/aswin/Documents/data-engineering-practice/ETL_Airflow_DBT/airflow/airflow_env/lib/python3.11/site-packages/airflow/example_dags/example_dynamic_task_mapping.py
[2026-04-02T05:00:59.801+0530] {processor.py:840} INFO - DAG(s) 'example_dynamic_task_mapping' retrieved from /Users/aswin/Documents/data-engineering-practice/ETL_Airflow_DBT/airflow/airflow_env/lib/python3.11/site-packages/airflow/example_dags/example_dynamic_task_mapping.py
[2026-04-02T05:00:59.856+0530] {logging_mixin.py:188} INFO - [2026-04-02T05:00:59.856+0530] {dag.py:3096} INFO - Sync 1 DAGs
[2026-04-02T05:00:59.866+0530] {logging_mixin.py:188} INFO - [2026-04-02T05:00:59.866+0530] {dag.py:3954} INFO - Setting next_dagrun for example_dynamic_task_mapping to 2022-03-04 00:00:00+00:00, run_after=2022-03-05 00:00:00+00:00
[2026-04-02T05:00:59.875+0530] {processor.py:183} INFO - Processing /Users/aswin/Documents/data-engineering-practice/ETL_Airflow_DBT/airflow/airflow_env/lib/python3.11/site-packages/airflow/example_dags/example_dynamic_task_mapping.py took 0.093 seconds
[2026-04-02T05:01:31.036+0530] {processor.py:161} INFO - Started process (PID=15077) to work on /Users/aswin/Documents/data-engineering-practice/ETL_Airflow_DBT/airflow/airflow_env/lib/python3.11/site-packages/airflow/example_dags/example_dynamic_task_mapping.py
[2026-04-02T05:01:31.036+0530] {processor.py:830} INFO - Processing file /Users/aswin/Documents/data-engineering-practice/ETL_Airflow_DBT/airflow/airflow_env/lib/python3.11/site-packages/airflow/example_dags/example_dynamic_task_mapping.py for tasks to queue
[2026-04-02T05:01:31.037+0530] {logging_mixin.py:188} INFO - [2026-04-02T05:01:31.037+0530] {dagbag.py:540} INFO - Filling up the DagBag from /Users/aswin/Documents/data-engineering-practice/ETL_Airflow_DBT/airflow/airflow_env/lib/python3.11/site-packages/airflow/example_dags/example_dynamic_task_mapping.py
[2026-04-02T05:01:31.052+0530] {processor.py:840} INFO - DAG(s) 'example_dynamic_task_mapping' retrieved from /Users/aswin/Documents/data-engineering-practice/ETL_Airflow_DBT/airflow/airflow_env/lib/python3.11/site-packages/airflow/example_dags/example_dynamic_task_mapping.py
[2026-04-02T05:01:31.103+0530] {logging_mixin.py:188} INFO - [2026-04-02T05:01:31.102+0530] {dag.py:3096} INFO - Sync 1 DAGs
[2026-04-02T05:01:31.113+0530] {logging_mixin.py:188} INFO - [2026-04-02T05:01:31.112+0530] {dag.py:3954} INFO - Setting next_dagrun for example_dynamic_task_mapping to 2022-03-04 00:00:00+00:00, run_after=2022-03-05 00:00:00+00:00
[2026-04-02T05:01:31.122+0530] {processor.py:183} INFO - Processing /Users/aswin/Documents/data-engineering-practice/ETL_Airflow_DBT/airflow/airflow_env/lib/python3.11/site-packages/airflow/example_dags/example_dynamic_task_mapping.py took 0.088 seconds
[2026-04-02T05:02:02.069+0530] {processor.py:161} INFO - Started process (PID=15203) to work on /Users/aswin/Documents/data-engineering-practice/ETL_Airflow_DBT/airflow/airflow_env/lib/python3.11/site-packages/airflow/example_dags/example_dynamic_task_mapping.py
[2026-04-02T05:02:02.070+0530] {processor.py:830} INFO - Processing file /Users/aswin/Documents/data-engineering-practice/ETL_Airflow_DBT/airflow/airflow_env/lib/python3.11/site-packages/airflow/example_dags/example_dynamic_task_mapping.py for tasks to queue
[2026-04-02T05:02:02.070+0530] {logging_mixin.py:188} INFO - [2026-04-02T05:02:02.070+0530] {dagbag.py:540} INFO - Filling up the DagBag from /Users/aswin/Documents/data-engineering-practice/ETL_Airflow_DBT/airflow/airflow_env/lib/python3.11/site-packages/airflow/example_dags/example_dynamic_task_mapping.py
[2026-04-02T05:02:02.085+0530] {processor.py:840} INFO - DAG(s) 'example_dynamic_task_mapping' retrieved from /Users/aswin/Documents/data-engineering-practice/ETL_Airflow_DBT/airflow/airflow_env/lib/python3.11/site-packages/airflow/example_dags/example_dynamic_task_mapping.py
[2026-04-02T05:02:02.137+0530] {logging_mixin.py:188} INFO - [2026-04-02T05:02:02.137+0530] {dag.py:3096} INFO - Sync 1 DAGs
[2026-04-02T05:02:02.146+0530] {logging_mixin.py:188} INFO - [2026-04-02T05:02:02.146+0530] {dag.py:3954} INFO - Setting next_dagrun for example_dynamic_task_mapping to 2022-03-04 00:00:00+00:00, run_after=2022-03-05 00:00:00+00:00
[2026-04-02T05:02:02.156+0530] {processor.py:183} INFO - Processing /Users/aswin/Documents/data-engineering-practice/ETL_Airflow_DBT/airflow/airflow_env/lib/python3.11/site-packages/airflow/example_dags/example_dynamic_task_mapping.py took 0.088 seconds
[2026-04-02T05:02:33.921+0530] {processor.py:161} INFO - Started process (PID=15328) to work on /Users/aswin/Documents/data-engineering-practice/ETL_Airflow_DBT/airflow/airflow_env/lib/python3.11/site-packages/airflow/example_dags/example_dynamic_task_mapping.py
[2026-04-02T05:02:33.922+0530] {processor.py:830} INFO - Processing file /Users/aswin/Documents/data-engineering-practice/ETL_Airflow_DBT/airflow/airflow_env/lib/python3.11/site-packages/airflow/example_dags/example_dynamic_task_mapping.py for tasks to queue
[2026-04-02T05:02:33.922+0530] {logging_mixin.py:188} INFO - [2026-04-02T05:02:33.922+0530] {dagbag.py:540} INFO - Filling up the DagBag from /Users/aswin/Documents/data-engineering-practice/ETL_Airflow_DBT/airflow/airflow_env/lib/python3.11/site-packages/airflow/example_dags/example_dynamic_task_mapping.py
[2026-04-02T05:02:33.938+0530] {processor.py:840} INFO - DAG(s) 'example_dynamic_task_mapping' retrieved from /Users/aswin/Documents/data-engineering-practice/ETL_Airflow_DBT/airflow/airflow_env/lib/python3.11/site-packages/airflow/example_dags/example_dynamic_task_mapping.py
[2026-04-02T05:02:33.990+0530] {logging_mixin.py:188} INFO - [2026-04-02T05:02:33.990+0530] {dag.py:3096} INFO - Sync 1 DAGs
[2026-04-02T05:02:33.999+0530] {logging_mixin.py:188} INFO - [2026-04-02T05:02:33.999+0530] {dag.py:3954} INFO - Setting next_dagrun for example_dynamic_task_mapping to 2022-03-04 00:00:00+00:00, run_after=2022-03-05 00:00:00+00:00
[2026-04-02T05:02:34.008+0530] {processor.py:183} INFO - Processing /Users/aswin/Documents/data-engineering-practice/ETL_Airflow_DBT/airflow/airflow_env/lib/python3.11/site-packages/airflow/example_dags/example_dynamic_task_mapping.py took 0.088 seconds
[2026-04-02T05:03:05.063+0530] {processor.py:161} INFO - Started process (PID=15446) to work on /Users/aswin/Documents/data-engineering-practice/ETL_Airflow_DBT/airflow/airflow_env/lib/python3.11/site-packages/airflow/example_dags/example_dynamic_task_mapping.py
[2026-04-02T05:03:05.064+0530] {processor.py:830} INFO - Processing file /Users/aswin/Documents/data-engineering-practice/ETL_Airflow_DBT/airflow/airflow_env/lib/python3.11/site-packages/airflow/example_dags/example_dynamic_task_mapping.py for tasks to queue
[2026-04-02T05:03:05.064+0530] {logging_mixin.py:188} INFO - [2026-04-02T05:03:05.064+0530] {dagbag.py:540} INFO - Filling up the DagBag from /Users/aswin/Documents/data-engineering-practice/ETL_Airflow_DBT/airflow/airflow_env/lib/python3.11/site-packages/airflow/example_dags/example_dynamic_task_mapping.py
[2026-04-02T05:03:05.080+0530] {processor.py:840} INFO - DAG(s) 'example_dynamic_task_mapping' retrieved from /Users/aswin/Documents/data-engineering-practice/ETL_Airflow_DBT/airflow/airflow_env/lib/python3.11/site-packages/airflow/example_dags/example_dynamic_task_mapping.py
[2026-04-02T05:03:05.130+0530] {logging_mixin.py:188} INFO - [2026-04-02T05:03:05.130+0530] {dag.py:3096} INFO - Sync 1 DAGs
[2026-04-02T05:03:05.142+0530] {logging_mixin.py:188} INFO - [2026-04-02T05:03:05.142+0530] {dag.py:3954} INFO - Setting next_dagrun for example_dynamic_task_mapping to 2022-03-04 00:00:00+00:00, run_after=2022-03-05 00:00:00+00:00
[2026-04-02T05:03:05.151+0530] {processor.py:183} INFO - Processing /Users/aswin/Documents/data-engineering-practice/ETL_Airflow_DBT/airflow/airflow_env/lib/python3.11/site-packages/airflow/example_dags/example_dynamic_task_mapping.py took 0.089 seconds
[2026-04-02T05:03:36.186+0530] {processor.py:161} INFO - Started process (PID=15565) to work on /Users/aswin/Documents/data-engineering-practice/ETL_Airflow_DBT/airflow/airflow_env/lib/python3.11/site-packages/airflow/example_dags/example_dynamic_task_mapping.py
[2026-04-02T05:03:36.187+0530] {processor.py:830} INFO - Processing file /Users/aswin/Documents/data-engineering-practice/ETL_Airflow_DBT/airflow/airflow_env/lib/python3.11/site-packages/airflow/example_dags/example_dynamic_task_mapping.py for tasks to queue
[2026-04-02T05:03:36.187+0530] {logging_mixin.py:188} INFO - [2026-04-02T05:03:36.187+0530] {dagbag.py:540} INFO - Filling up the DagBag from /Users/aswin/Documents/data-engineering-practice/ETL_Airflow_DBT/airflow/airflow_env/lib/python3.11/site-packages/airflow/example_dags/example_dynamic_task_mapping.py
[2026-04-02T05:03:36.203+0530] {processor.py:840} INFO - DAG(s) 'example_dynamic_task_mapping' retrieved from /Users/aswin/Documents/data-engineering-practice/ETL_Airflow_DBT/airflow/airflow_env/lib/python3.11/site-packages/airflow/example_dags/example_dynamic_task_mapping.py
[2026-04-02T05:03:36.255+0530] {logging_mixin.py:188} INFO - [2026-04-02T05:03:36.255+0530] {dag.py:3096} INFO - Sync 1 DAGs
[2026-04-02T05:03:36.264+0530] {logging_mixin.py:188} INFO - [2026-04-02T05:03:36.264+0530] {dag.py:3954} INFO - Setting next_dagrun for example_dynamic_task_mapping to 2022-03-04 00:00:00+00:00, run_after=2022-03-05 00:00:00+00:00
[2026-04-02T05:03:36.273+0530] {processor.py:183} INFO - Processing /Users/aswin/Documents/data-engineering-practice/ETL_Airflow_DBT/airflow/airflow_env/lib/python3.11/site-packages/airflow/example_dags/example_dynamic_task_mapping.py took 0.088 seconds
[2026-04-02T05:04:07.254+0530] {processor.py:161} INFO - Started process (PID=15687) to work on /Users/aswin/Documents/data-engineering-practice/ETL_Airflow_DBT/airflow/airflow_env/lib/python3.11/site-packages/airflow/example_dags/example_dynamic_task_mapping.py
[2026-04-02T05:04:07.255+0530] {processor.py:830} INFO - Processing file /Users/aswin/Documents/data-engineering-practice/ETL_Airflow_DBT/airflow/airflow_env/lib/python3.11/site-packages/airflow/example_dags/example_dynamic_task_mapping.py for tasks to queue
[2026-04-02T05:04:07.255+0530] {logging_mixin.py:188} INFO - [2026-04-02T05:04:07.255+0530] {dagbag.py:540} INFO - Filling up the DagBag from /Users/aswin/Documents/data-engineering-practice/ETL_Airflow_DBT/airflow/airflow_env/lib/python3.11/site-packages/airflow/example_dags/example_dynamic_task_mapping.py
[2026-04-02T05:04:07.272+0530] {processor.py:840} INFO - DAG(s) 'example_dynamic_task_mapping' retrieved from /Users/aswin/Documents/data-engineering-practice/ETL_Airflow_DBT/airflow/airflow_env/lib/python3.11/site-packages/airflow/example_dags/example_dynamic_task_mapping.py
[2026-04-02T05:04:07.325+0530] {logging_mixin.py:188} INFO - [2026-04-02T05:04:07.325+0530] {dag.py:3096} INFO - Sync 1 DAGs
[2026-04-02T05:04:07.335+0530] {logging_mixin.py:188} INFO - [2026-04-02T05:04:07.335+0530] {dag.py:3954} INFO - Setting next_dagrun for example_dynamic_task_mapping to 2022-03-04 00:00:00+00:00, run_after=2022-03-05 00:00:00+00:00
[2026-04-02T05:04:07.343+0530] {processor.py:183} INFO - Processing /Users/aswin/Documents/data-engineering-practice/ETL_Airflow_DBT/airflow/airflow_env/lib/python3.11/site-packages/airflow/example_dags/example_dynamic_task_mapping.py took 0.091 seconds
[2026-04-02T05:04:38.118+0530] {processor.py:161} INFO - Started process (PID=15803) to work on /Users/aswin/Documents/data-engineering-practice/ETL_Airflow_DBT/airflow/airflow_env/lib/python3.11/site-packages/airflow/example_dags/example_dynamic_task_mapping.py
[2026-04-02T05:04:38.118+0530] {processor.py:830} INFO - Processing file /Users/aswin/Documents/data-engineering-practice/ETL_Airflow_DBT/airflow/airflow_env/lib/python3.11/site-packages/airflow/example_dags/example_dynamic_task_mapping.py for tasks to queue
[2026-04-02T05:04:38.119+0530] {logging_mixin.py:188} INFO - [2026-04-02T05:04:38.119+0530] {dagbag.py:540} INFO - Filling up the DagBag from /Users/aswin/Documents/data-engineering-practice/ETL_Airflow_DBT/airflow/airflow_env/lib/python3.11/site-packages/airflow/example_dags/example_dynamic_task_mapping.py
[2026-04-02T05:04:38.134+0530] {processor.py:840} INFO - DAG(s) 'example_dynamic_task_mapping' retrieved from /Users/aswin/Documents/data-engineering-practice/ETL_Airflow_DBT/airflow/airflow_env/lib/python3.11/site-packages/airflow/example_dags/example_dynamic_task_mapping.py
[2026-04-02T05:04:38.184+0530] {logging_mixin.py:188} INFO - [2026-04-02T05:04:38.184+0530] {dag.py:3096} INFO - Sync 1 DAGs
[2026-04-02T05:04:38.194+0530] {logging_mixin.py:188} INFO - [2026-04-02T05:04:38.194+0530] {dag.py:3954} INFO - Setting next_dagrun for example_dynamic_task_mapping to 2022-03-04 00:00:00+00:00, run_after=2022-03-05 00:00:00+00:00
[2026-04-02T05:04:38.202+0530] {processor.py:183} INFO - Processing /Users/aswin/Documents/data-engineering-practice/ETL_Airflow_DBT/airflow/airflow_env/lib/python3.11/site-packages/airflow/example_dags/example_dynamic_task_mapping.py took 0.085 seconds
[2026-04-02T05:05:09.138+0530] {processor.py:161} INFO - Started process (PID=15917) to work on /Users/aswin/Documents/data-engineering-practice/ETL_Airflow_DBT/airflow/airflow_env/lib/python3.11/site-packages/airflow/example_dags/example_dynamic_task_mapping.py
[2026-04-02T05:05:09.139+0530] {processor.py:830} INFO - Processing file /Users/aswin/Documents/data-engineering-practice/ETL_Airflow_DBT/airflow/airflow_env/lib/python3.11/site-packages/airflow/example_dags/example_dynamic_task_mapping.py for tasks to queue
[2026-04-02T05:05:09.139+0530] {logging_mixin.py:188} INFO - [2026-04-02T05:05:09.139+0530] {dagbag.py:540} INFO - Filling up the DagBag from /Users/aswin/Documents/data-engineering-practice/ETL_Airflow_DBT/airflow/airflow_env/lib/python3.11/site-packages/airflow/example_dags/example_dynamic_task_mapping.py
[2026-04-02T05:05:09.154+0530] {processor.py:840} INFO - DAG(s) 'example_dynamic_task_mapping' retrieved from /Users/aswin/Documents/data-engineering-practice/ETL_Airflow_DBT/airflow/airflow_env/lib/python3.11/site-packages/airflow/example_dags/example_dynamic_task_mapping.py
[2026-04-02T05:05:09.205+0530] {logging_mixin.py:188} INFO - [2026-04-02T05:05:09.205+0530] {dag.py:3096} INFO - Sync 1 DAGs
[2026-04-02T05:05:09.215+0530] {logging_mixin.py:188} INFO - [2026-04-02T05:05:09.215+0530] {dag.py:3954} INFO - Setting next_dagrun for example_dynamic_task_mapping to 2022-03-04 00:00:00+00:00, run_after=2022-03-05 00:00:00+00:00
[2026-04-02T05:05:09.222+0530] {processor.py:183} INFO - Processing /Users/aswin/Documents/data-engineering-practice/ETL_Airflow_DBT/airflow/airflow_env/lib/python3.11/site-packages/airflow/example_dags/example_dynamic_task_mapping.py took 0.085 seconds
[2026-04-02T05:05:40.642+0530] {processor.py:161} INFO - Started process (PID=16037) to work on /Users/aswin/Documents/data-engineering-practice/ETL_Airflow_DBT/airflow/airflow_env/lib/python3.11/site-packages/airflow/example_dags/example_dynamic_task_mapping.py
[2026-04-02T05:05:40.643+0530] {processor.py:830} INFO - Processing file /Users/aswin/Documents/data-engineering-practice/ETL_Airflow_DBT/airflow/airflow_env/lib/python3.11/site-packages/airflow/example_dags/example_dynamic_task_mapping.py for tasks to queue
[2026-04-02T05:05:40.643+0530] {logging_mixin.py:188} INFO - [2026-04-02T05:05:40.643+0530] {dagbag.py:540} INFO - Filling up the DagBag from /Users/aswin/Documents/data-engineering-practice/ETL_Airflow_DBT/airflow/airflow_env/lib/python3.11/site-packages/airflow/example_dags/example_dynamic_task_mapping.py
[2026-04-02T05:05:40.659+0530] {processor.py:840} INFO - DAG(s) 'example_dynamic_task_mapping' retrieved from /Users/aswin/Documents/data-engineering-practice/ETL_Airflow_DBT/airflow/airflow_env/lib/python3.11/site-packages/airflow/example_dags/example_dynamic_task_mapping.py
[2026-04-02T05:05:40.715+0530] {logging_mixin.py:188} INFO - [2026-04-02T05:05:40.715+0530] {dag.py:3096} INFO - Sync 1 DAGs
[2026-04-02T05:05:40.725+0530] {logging_mixin.py:188} INFO - [2026-04-02T05:05:40.724+0530] {dag.py:3954} INFO - Setting next_dagrun for example_dynamic_task_mapping to 2022-03-04 00:00:00+00:00, run_after=2022-03-05 00:00:00+00:00
[2026-04-02T05:05:40.734+0530] {processor.py:183} INFO - Processing /Users/aswin/Documents/data-engineering-practice/ETL_Airflow_DBT/airflow/airflow_env/lib/python3.11/site-packages/airflow/example_dags/example_dynamic_task_mapping.py took 0.093 seconds
[2026-04-02T05:06:11.727+0530] {processor.py:161} INFO - Started process (PID=16158) to work on /Users/aswin/Documents/data-engineering-practice/ETL_Airflow_DBT/airflow/airflow_env/lib/python3.11/site-packages/airflow/example_dags/example_dynamic_task_mapping.py
[2026-04-02T05:06:11.728+0530] {processor.py:830} INFO - Processing file /Users/aswin/Documents/data-engineering-practice/ETL_Airflow_DBT/airflow/airflow_env/lib/python3.11/site-packages/airflow/example_dags/example_dynamic_task_mapping.py for tasks to queue
[2026-04-02T05:06:11.729+0530] {logging_mixin.py:188} INFO - [2026-04-02T05:06:11.729+0530] {dagbag.py:540} INFO - Filling up the DagBag from /Users/aswin/Documents/data-engineering-practice/ETL_Airflow_DBT/airflow/airflow_env/lib/python3.11/site-packages/airflow/example_dags/example_dynamic_task_mapping.py
[2026-04-02T05:06:11.744+0530] {processor.py:840} INFO - DAG(s) 'example_dynamic_task_mapping' retrieved from /Users/aswin/Documents/data-engineering-practice/ETL_Airflow_DBT/airflow/airflow_env/lib/python3.11/site-packages/airflow/example_dags/example_dynamic_task_mapping.py
[2026-04-02T05:06:11.796+0530] {logging_mixin.py:188} INFO - [2026-04-02T05:06:11.796+0530] {dag.py:3096} INFO - Sync 1 DAGs
[2026-04-02T05:06:11.805+0530] {logging_mixin.py:188} INFO - [2026-04-02T05:06:11.805+0530] {dag.py:3954} INFO - Setting next_dagrun for example_dynamic_task_mapping to 2022-03-04 00:00:00+00:00, run_after=2022-03-05 00:00:00+00:00
[2026-04-02T05:06:11.814+0530] {processor.py:183} INFO - Processing /Users/aswin/Documents/data-engineering-practice/ETL_Airflow_DBT/airflow/airflow_env/lib/python3.11/site-packages/airflow/example_dags/example_dynamic_task_mapping.py took 0.088 seconds
[2026-04-02T05:06:42.844+0530] {processor.py:161} INFO - Started process (PID=16271) to work on /Users/aswin/Documents/data-engineering-practice/ETL_Airflow_DBT/airflow/airflow_env/lib/python3.11/site-packages/airflow/example_dags/example_dynamic_task_mapping.py
[2026-04-02T05:06:42.845+0530] {processor.py:830} INFO - Processing file /Users/aswin/Documents/data-engineering-practice/ETL_Airflow_DBT/airflow/airflow_env/lib/python3.11/site-packages/airflow/example_dags/example_dynamic_task_mapping.py for tasks to queue
[2026-04-02T05:06:42.845+0530] {logging_mixin.py:188} INFO - [2026-04-02T05:06:42.845+0530] {dagbag.py:540} INFO - Filling up the DagBag from /Users/aswin/Documents/data-engineering-practice/ETL_Airflow_DBT/airflow/airflow_env/lib/python3.11/site-packages/airflow/example_dags/example_dynamic_task_mapping.py
[2026-04-02T05:06:42.860+0530] {processor.py:840} INFO - DAG(s) 'example_dynamic_task_mapping' retrieved from /Users/aswin/Documents/data-engineering-practice/ETL_Airflow_DBT/airflow/airflow_env/lib/python3.11/site-packages/airflow/example_dags/example_dynamic_task_mapping.py
[2026-04-02T05:06:42.912+0530] {logging_mixin.py:188} INFO - [2026-04-02T05:06:42.912+0530] {dag.py:3096} INFO - Sync 1 DAGs
[2026-04-02T05:06:42.922+0530] {logging_mixin.py:188} INFO - [2026-04-02T05:06:42.922+0530] {dag.py:3954} INFO - Setting next_dagrun for example_dynamic_task_mapping to 2022-03-04 00:00:00+00:00, run_after=2022-03-05 00:00:00+00:00
[2026-04-02T05:06:42.930+0530] {processor.py:183} INFO - Processing /Users/aswin/Documents/data-engineering-practice/ETL_Airflow_DBT/airflow/airflow_env/lib/python3.11/site-packages/airflow/example_dags/example_dynamic_task_mapping.py took 0.087 seconds
[2026-04-02T05:07:14.039+0530] {processor.py:161} INFO - Started process (PID=16384) to work on /Users/aswin/Documents/data-engineering-practice/ETL_Airflow_DBT/airflow/airflow_env/lib/python3.11/site-packages/airflow/example_dags/example_dynamic_task_mapping.py
[2026-04-02T05:07:14.039+0530] {processor.py:830} INFO - Processing file /Users/aswin/Documents/data-engineering-practice/ETL_Airflow_DBT/airflow/airflow_env/lib/python3.11/site-packages/airflow/example_dags/example_dynamic_task_mapping.py for tasks to queue
[2026-04-02T05:07:14.040+0530] {logging_mixin.py:188} INFO - [2026-04-02T05:07:14.040+0530] {dagbag.py:540} INFO - Filling up the DagBag from /Users/aswin/Documents/data-engineering-practice/ETL_Airflow_DBT/airflow/airflow_env/lib/python3.11/site-packages/airflow/example_dags/example_dynamic_task_mapping.py
[2026-04-02T05:07:14.054+0530] {processor.py:840} INFO - DAG(s) 'example_dynamic_task_mapping' retrieved from /Users/aswin/Documents/data-engineering-practice/ETL_Airflow_DBT/airflow/airflow_env/lib/python3.11/site-packages/airflow/example_dags/example_dynamic_task_mapping.py
[2026-04-02T05:07:14.104+0530] {logging_mixin.py:188} INFO - [2026-04-02T05:07:14.104+0530] {dag.py:3096} INFO - Sync 1 DAGs
[2026-04-02T05:07:14.113+0530] {logging_mixin.py:188} INFO - [2026-04-02T05:07:14.113+0530] {dag.py:3954} INFO - Setting next_dagrun for example_dynamic_task_mapping to 2022-03-04 00:00:00+00:00, run_after=2022-03-05 00:00:00+00:00
[2026-04-02T05:07:14.122+0530] {processor.py:183} INFO - Processing /Users/aswin/Documents/data-engineering-practice/ETL_Airflow_DBT/airflow/airflow_env/lib/python3.11/site-packages/airflow/example_dags/example_dynamic_task_mapping.py took 0.084 seconds
[2026-04-02T05:07:45.083+0530] {processor.py:161} INFO - Started process (PID=16498) to work on /Users/aswin/Documents/data-engineering-practice/ETL_Airflow_DBT/airflow/airflow_env/lib/python3.11/site-packages/airflow/example_dags/example_dynamic_task_mapping.py
[2026-04-02T05:07:45.085+0530] {processor.py:830} INFO - Processing file /Users/aswin/Documents/data-engineering-practice/ETL_Airflow_DBT/airflow/airflow_env/lib/python3.11/site-packages/airflow/example_dags/example_dynamic_task_mapping.py for tasks to queue
[2026-04-02T05:07:45.085+0530] {logging_mixin.py:188} INFO - [2026-04-02T05:07:45.085+0530] {dagbag.py:540} INFO - Filling up the DagBag from /Users/aswin/Documents/data-engineering-practice/ETL_Airflow_DBT/airflow/airflow_env/lib/python3.11/site-packages/airflow/example_dags/example_dynamic_task_mapping.py
[2026-04-02T05:07:45.100+0530] {processor.py:840} INFO - DAG(s) 'example_dynamic_task_mapping' retrieved from /Users/aswin/Documents/data-engineering-practice/ETL_Airflow_DBT/airflow/airflow_env/lib/python3.11/site-packages/airflow/example_dags/example_dynamic_task_mapping.py
[2026-04-02T05:07:45.151+0530] {logging_mixin.py:188} INFO - [2026-04-02T05:07:45.151+0530] {dag.py:3096} INFO - Sync 1 DAGs
[2026-04-02T05:07:45.160+0530] {logging_mixin.py:188} INFO - [2026-04-02T05:07:45.160+0530] {dag.py:3954} INFO - Setting next_dagrun for example_dynamic_task_mapping to 2022-03-04 00:00:00+00:00, run_after=2022-03-05 00:00:00+00:00
[2026-04-02T05:07:45.168+0530] {processor.py:183} INFO - Processing /Users/aswin/Documents/data-engineering-practice/ETL_Airflow_DBT/airflow/airflow_env/lib/python3.11/site-packages/airflow/example_dags/example_dynamic_task_mapping.py took 0.086 seconds
[2026-04-02T05:08:16.064+0530] {processor.py:161} INFO - Started process (PID=16612) to work on /Users/aswin/Documents/data-engineering-practice/ETL_Airflow_DBT/airflow/airflow_env/lib/python3.11/site-packages/airflow/example_dags/example_dynamic_task_mapping.py
[2026-04-02T05:08:16.065+0530] {processor.py:830} INFO - Processing file /Users/aswin/Documents/data-engineering-practice/ETL_Airflow_DBT/airflow/airflow_env/lib/python3.11/site-packages/airflow/example_dags/example_dynamic_task_mapping.py for tasks to queue
[2026-04-02T05:08:16.065+0530] {logging_mixin.py:188} INFO - [2026-04-02T05:08:16.065+0530] {dagbag.py:540} INFO - Filling up the DagBag from /Users/aswin/Documents/data-engineering-practice/ETL_Airflow_DBT/airflow/airflow_env/lib/python3.11/site-packages/airflow/example_dags/example_dynamic_task_mapping.py
[2026-04-02T05:08:16.079+0530] {processor.py:840} INFO - DAG(s) 'example_dynamic_task_mapping' retrieved from /Users/aswin/Documents/data-engineering-practice/ETL_Airflow_DBT/airflow/airflow_env/lib/python3.11/site-packages/airflow/example_dags/example_dynamic_task_mapping.py
[2026-04-02T05:08:16.133+0530] {logging_mixin.py:188} INFO - [2026-04-02T05:08:16.133+0530] {dag.py:3096} INFO - Sync 1 DAGs
[2026-04-02T05:08:16.145+0530] {logging_mixin.py:188} INFO - [2026-04-02T05:08:16.145+0530] {dag.py:3954} INFO - Setting next_dagrun for example_dynamic_task_mapping to 2022-03-04 00:00:00+00:00, run_after=2022-03-05 00:00:00+00:00
[2026-04-02T05:08:16.153+0530] {processor.py:183} INFO - Processing /Users/aswin/Documents/data-engineering-practice/ETL_Airflow_DBT/airflow/airflow_env/lib/python3.11/site-packages/airflow/example_dags/example_dynamic_task_mapping.py took 0.091 seconds
[2026-04-02T05:08:47.176+0530] {processor.py:161} INFO - Started process (PID=16726) to work on /Users/aswin/Documents/data-engineering-practice/ETL_Airflow_DBT/airflow/airflow_env/lib/python3.11/site-packages/airflow/example_dags/example_dynamic_task_mapping.py
[2026-04-02T05:08:47.177+0530] {processor.py:830} INFO - Processing file /Users/aswin/Documents/data-engineering-practice/ETL_Airflow_DBT/airflow/airflow_env/lib/python3.11/site-packages/airflow/example_dags/example_dynamic_task_mapping.py for tasks to queue
[2026-04-02T05:08:47.177+0530] {logging_mixin.py:188} INFO - [2026-04-02T05:08:47.177+0530] {dagbag.py:540} INFO - Filling up the DagBag from /Users/aswin/Documents/data-engineering-practice/ETL_Airflow_DBT/airflow/airflow_env/lib/python3.11/site-packages/airflow/example_dags/example_dynamic_task_mapping.py
[2026-04-02T05:08:47.192+0530] {processor.py:840} INFO - DAG(s) 'example_dynamic_task_mapping' retrieved from /Users/aswin/Documents/data-engineering-practice/ETL_Airflow_DBT/airflow/airflow_env/lib/python3.11/site-packages/airflow/example_dags/example_dynamic_task_mapping.py
[2026-04-02T05:08:47.243+0530] {logging_mixin.py:188} INFO - [2026-04-02T05:08:47.242+0530] {dag.py:3096} INFO - Sync 1 DAGs
[2026-04-02T05:08:47.253+0530] {logging_mixin.py:188} INFO - [2026-04-02T05:08:47.253+0530] {dag.py:3954} INFO - Setting next_dagrun for example_dynamic_task_mapping to 2022-03-04 00:00:00+00:00, run_after=2022-03-05 00:00:00+00:00
[2026-04-02T05:08:47.262+0530] {processor.py:183} INFO - Processing /Users/aswin/Documents/data-engineering-practice/ETL_Airflow_DBT/airflow/airflow_env/lib/python3.11/site-packages/airflow/example_dags/example_dynamic_task_mapping.py took 0.087 seconds
[2026-04-02T05:09:18.140+0530] {processor.py:161} INFO - Started process (PID=16838) to work on /Users/aswin/Documents/data-engineering-practice/ETL_Airflow_DBT/airflow/airflow_env/lib/python3.11/site-packages/airflow/example_dags/example_dynamic_task_mapping.py
[2026-04-02T05:09:18.141+0530] {processor.py:830} INFO - Processing file /Users/aswin/Documents/data-engineering-practice/ETL_Airflow_DBT/airflow/airflow_env/lib/python3.11/site-packages/airflow/example_dags/example_dynamic_task_mapping.py for tasks to queue
[2026-04-02T05:09:18.141+0530] {logging_mixin.py:188} INFO - [2026-04-02T05:09:18.141+0530] {dagbag.py:540} INFO - Filling up the DagBag from /Users/aswin/Documents/data-engineering-practice/ETL_Airflow_DBT/airflow/airflow_env/lib/python3.11/site-packages/airflow/example_dags/example_dynamic_task_mapping.py
[2026-04-02T05:09:18.157+0530] {processor.py:840} INFO - DAG(s) 'example_dynamic_task_mapping' retrieved from /Users/aswin/Documents/data-engineering-practice/ETL_Airflow_DBT/airflow/airflow_env/lib/python3.11/site-packages/airflow/example_dags/example_dynamic_task_mapping.py
[2026-04-02T05:09:18.210+0530] {logging_mixin.py:188} INFO - [2026-04-02T05:09:18.210+0530] {dag.py:3096} INFO - Sync 1 DAGs
[2026-04-02T05:09:18.220+0530] {logging_mixin.py:188} INFO - [2026-04-02T05:09:18.220+0530] {dag.py:3954} INFO - Setting next_dagrun for example_dynamic_task_mapping to 2022-03-04 00:00:00+00:00, run_after=2022-03-05 00:00:00+00:00
[2026-04-02T05:09:18.228+0530] {processor.py:183} INFO - Processing /Users/aswin/Documents/data-engineering-practice/ETL_Airflow_DBT/airflow/airflow_env/lib/python3.11/site-packages/airflow/example_dags/example_dynamic_task_mapping.py took 0.089 seconds
[2026-04-02T05:09:49.246+0530] {processor.py:161} INFO - Started process (PID=16958) to work on /Users/aswin/Documents/data-engineering-practice/ETL_Airflow_DBT/airflow/airflow_env/lib/python3.11/site-packages/airflow/example_dags/example_dynamic_task_mapping.py
[2026-04-02T05:09:49.246+0530] {processor.py:830} INFO - Processing file /Users/aswin/Documents/data-engineering-practice/ETL_Airflow_DBT/airflow/airflow_env/lib/python3.11/site-packages/airflow/example_dags/example_dynamic_task_mapping.py for tasks to queue
[2026-04-02T05:09:49.247+0530] {logging_mixin.py:188} INFO - [2026-04-02T05:09:49.247+0530] {dagbag.py:540} INFO - Filling up the DagBag from /Users/aswin/Documents/data-engineering-practice/ETL_Airflow_DBT/airflow/airflow_env/lib/python3.11/site-packages/airflow/example_dags/example_dynamic_task_mapping.py
[2026-04-02T05:09:49.262+0530] {processor.py:840} INFO - DAG(s) 'example_dynamic_task_mapping' retrieved from /Users/aswin/Documents/data-engineering-practice/ETL_Airflow_DBT/airflow/airflow_env/lib/python3.11/site-packages/airflow/example_dags/example_dynamic_task_mapping.py
[2026-04-02T05:09:49.316+0530] {logging_mixin.py:188} INFO - [2026-04-02T05:09:49.315+0530] {dag.py:3096} INFO - Sync 1 DAGs
[2026-04-02T05:09:49.329+0530] {logging_mixin.py:188} INFO - [2026-04-02T05:09:49.329+0530] {dag.py:3954} INFO - Setting next_dagrun for example_dynamic_task_mapping to 2022-03-04 00:00:00+00:00, run_after=2022-03-05 00:00:00+00:00
[2026-04-02T05:09:49.337+0530] {processor.py:183} INFO - Processing /Users/aswin/Documents/data-engineering-practice/ETL_Airflow_DBT/airflow/airflow_env/lib/python3.11/site-packages/airflow/example_dags/example_dynamic_task_mapping.py took 0.092 seconds
[2026-04-02T05:10:20.488+0530] {processor.py:161} INFO - Started process (PID=17081) to work on /Users/aswin/Documents/data-engineering-practice/ETL_Airflow_DBT/airflow/airflow_env/lib/python3.11/site-packages/airflow/example_dags/example_dynamic_task_mapping.py
[2026-04-02T05:10:20.489+0530] {processor.py:830} INFO - Processing file /Users/aswin/Documents/data-engineering-practice/ETL_Airflow_DBT/airflow/airflow_env/lib/python3.11/site-packages/airflow/example_dags/example_dynamic_task_mapping.py for tasks to queue
[2026-04-02T05:10:20.489+0530] {logging_mixin.py:188} INFO - [2026-04-02T05:10:20.489+0530] {dagbag.py:540} INFO - Filling up the DagBag from /Users/aswin/Documents/data-engineering-practice/ETL_Airflow_DBT/airflow/airflow_env/lib/python3.11/site-packages/airflow/example_dags/example_dynamic_task_mapping.py
[2026-04-02T05:10:20.504+0530] {processor.py:840} INFO - DAG(s) 'example_dynamic_task_mapping' retrieved from /Users/aswin/Documents/data-engineering-practice/ETL_Airflow_DBT/airflow/airflow_env/lib/python3.11/site-packages/airflow/example_dags/example_dynamic_task_mapping.py
[2026-04-02T05:10:20.556+0530] {logging_mixin.py:188} INFO - [2026-04-02T05:10:20.556+0530] {dag.py:3096} INFO - Sync 1 DAGs
[2026-04-02T05:10:20.567+0530] {logging_mixin.py:188} INFO - [2026-04-02T05:10:20.567+0530] {dag.py:3954} INFO - Setting next_dagrun for example_dynamic_task_mapping to 2022-03-04 00:00:00+00:00, run_after=2022-03-05 00:00:00+00:00
[2026-04-02T05:10:20.574+0530] {processor.py:183} INFO - Processing /Users/aswin/Documents/data-engineering-practice/ETL_Airflow_DBT/airflow/airflow_env/lib/python3.11/site-packages/airflow/example_dags/example_dynamic_task_mapping.py took 0.087 seconds
[2026-04-02T05:10:51.585+0530] {processor.py:161} INFO - Started process (PID=17199) to work on /Users/aswin/Documents/data-engineering-practice/ETL_Airflow_DBT/airflow/airflow_env/lib/python3.11/site-packages/airflow/example_dags/example_dynamic_task_mapping.py
[2026-04-02T05:10:51.587+0530] {processor.py:830} INFO - Processing file /Users/aswin/Documents/data-engineering-practice/ETL_Airflow_DBT/airflow/airflow_env/lib/python3.11/site-packages/airflow/example_dags/example_dynamic_task_mapping.py for tasks to queue
[2026-04-02T05:10:51.587+0530] {logging_mixin.py:188} INFO - [2026-04-02T05:10:51.587+0530] {dagbag.py:540} INFO - Filling up the DagBag from /Users/aswin/Documents/data-engineering-practice/ETL_Airflow_DBT/airflow/airflow_env/lib/python3.11/site-packages/airflow/example_dags/example_dynamic_task_mapping.py
[2026-04-02T05:10:51.602+0530] {processor.py:840} INFO - DAG(s) 'example_dynamic_task_mapping' retrieved from /Users/aswin/Documents/data-engineering-practice/ETL_Airflow_DBT/airflow/airflow_env/lib/python3.11/site-packages/airflow/example_dags/example_dynamic_task_mapping.py
[2026-04-02T05:10:51.653+0530] {logging_mixin.py:188} INFO - [2026-04-02T05:10:51.653+0530] {dag.py:3096} INFO - Sync 1 DAGs
[2026-04-02T05:10:51.665+0530] {logging_mixin.py:188} INFO - [2026-04-02T05:10:51.665+0530] {dag.py:3954} INFO - Setting next_dagrun for example_dynamic_task_mapping to 2022-03-04 00:00:00+00:00, run_after=2022-03-05 00:00:00+00:00
[2026-04-02T05:10:51.673+0530] {processor.py:183} INFO - Processing /Users/aswin/Documents/data-engineering-practice/ETL_Airflow_DBT/airflow/airflow_env/lib/python3.11/site-packages/airflow/example_dags/example_dynamic_task_mapping.py took 0.088 seconds
[2026-04-02T05:11:22.614+0530] {processor.py:161} INFO - Started process (PID=17317) to work on /Users/aswin/Documents/data-engineering-practice/ETL_Airflow_DBT/airflow/airflow_env/lib/python3.11/site-packages/airflow/example_dags/example_dynamic_task_mapping.py
[2026-04-02T05:11:22.615+0530] {processor.py:830} INFO - Processing file /Users/aswin/Documents/data-engineering-practice/ETL_Airflow_DBT/airflow/airflow_env/lib/python3.11/site-packages/airflow/example_dags/example_dynamic_task_mapping.py for tasks to queue
[2026-04-02T05:11:22.615+0530] {logging_mixin.py:188} INFO - [2026-04-02T05:11:22.615+0530] {dagbag.py:540} INFO - Filling up the DagBag from /Users/aswin/Documents/data-engineering-practice/ETL_Airflow_DBT/airflow/airflow_env/lib/python3.11/site-packages/airflow/example_dags/example_dynamic_task_mapping.py
[2026-04-02T05:11:22.630+0530] {processor.py:840} INFO - DAG(s) 'example_dynamic_task_mapping' retrieved from /Users/aswin/Documents/data-engineering-practice/ETL_Airflow_DBT/airflow/airflow_env/lib/python3.11/site-packages/airflow/example_dags/example_dynamic_task_mapping.py
[2026-04-02T05:11:22.682+0530] {logging_mixin.py:188} INFO - [2026-04-02T05:11:22.682+0530] {dag.py:3096} INFO - Sync 1 DAGs
[2026-04-02T05:11:22.693+0530] {logging_mixin.py:188} INFO - [2026-04-02T05:11:22.692+0530] {dag.py:3954} INFO - Setting next_dagrun for example_dynamic_task_mapping to 2022-03-04 00:00:00+00:00, run_after=2022-03-05 00:00:00+00:00
[2026-04-02T05:11:22.700+0530] {processor.py:183} INFO - Processing /Users/aswin/Documents/data-engineering-practice/ETL_Airflow_DBT/airflow/airflow_env/lib/python3.11/site-packages/airflow/example_dags/example_dynamic_task_mapping.py took 0.088 seconds
[2026-04-02T05:11:53.865+0530] {processor.py:161} INFO - Started process (PID=17430) to work on /Users/aswin/Documents/data-engineering-practice/ETL_Airflow_DBT/airflow/airflow_env/lib/python3.11/site-packages/airflow/example_dags/example_dynamic_task_mapping.py
[2026-04-02T05:11:53.865+0530] {processor.py:830} INFO - Processing file /Users/aswin/Documents/data-engineering-practice/ETL_Airflow_DBT/airflow/airflow_env/lib/python3.11/site-packages/airflow/example_dags/example_dynamic_task_mapping.py for tasks to queue
[2026-04-02T05:11:53.866+0530] {logging_mixin.py:188} INFO - [2026-04-02T05:11:53.866+0530] {dagbag.py:540} INFO - Filling up the DagBag from /Users/aswin/Documents/data-engineering-practice/ETL_Airflow_DBT/airflow/airflow_env/lib/python3.11/site-packages/airflow/example_dags/example_dynamic_task_mapping.py
[2026-04-02T05:11:53.880+0530] {processor.py:840} INFO - DAG(s) 'example_dynamic_task_mapping' retrieved from /Users/aswin/Documents/data-engineering-practice/ETL_Airflow_DBT/airflow/airflow_env/lib/python3.11/site-packages/airflow/example_dags/example_dynamic_task_mapping.py
[2026-04-02T05:11:53.932+0530] {logging_mixin.py:188} INFO - [2026-04-02T05:11:53.932+0530] {dag.py:3096} INFO - Sync 1 DAGs
[2026-04-02T05:11:53.945+0530] {logging_mixin.py:188} INFO - [2026-04-02T05:11:53.945+0530] {dag.py:3954} INFO - Setting next_dagrun for example_dynamic_task_mapping to 2022-03-04 00:00:00+00:00, run_after=2022-03-05 00:00:00+00:00
[2026-04-02T05:11:53.954+0530] {processor.py:183} INFO - Processing /Users/aswin/Documents/data-engineering-practice/ETL_Airflow_DBT/airflow/airflow_env/lib/python3.11/site-packages/airflow/example_dags/example_dynamic_task_mapping.py took 0.090 seconds
[2026-04-02T05:12:24.897+0530] {processor.py:161} INFO - Started process (PID=17542) to work on /Users/aswin/Documents/data-engineering-practice/ETL_Airflow_DBT/airflow/airflow_env/lib/python3.11/site-packages/airflow/example_dags/example_dynamic_task_mapping.py
[2026-04-02T05:12:24.898+0530] {processor.py:830} INFO - Processing file /Users/aswin/Documents/data-engineering-practice/ETL_Airflow_DBT/airflow/airflow_env/lib/python3.11/site-packages/airflow/example_dags/example_dynamic_task_mapping.py for tasks to queue
[2026-04-02T05:12:24.899+0530] {logging_mixin.py:188} INFO - [2026-04-02T05:12:24.899+0530] {dagbag.py:540} INFO - Filling up the DagBag from /Users/aswin/Documents/data-engineering-practice/ETL_Airflow_DBT/airflow/airflow_env/lib/python3.11/site-packages/airflow/example_dags/example_dynamic_task_mapping.py
[2026-04-02T05:12:24.915+0530] {processor.py:840} INFO - DAG(s) 'example_dynamic_task_mapping' retrieved from /Users/aswin/Documents/data-engineering-practice/ETL_Airflow_DBT/airflow/airflow_env/lib/python3.11/site-packages/airflow/example_dags/example_dynamic_task_mapping.py
[2026-04-02T05:12:24.969+0530] {logging_mixin.py:188} INFO - [2026-04-02T05:12:24.969+0530] {dag.py:3096} INFO - Sync 1 DAGs
[2026-04-02T05:12:24.979+0530] {logging_mixin.py:188} INFO - [2026-04-02T05:12:24.979+0530] {dag.py:3954} INFO - Setting next_dagrun for example_dynamic_task_mapping to 2022-03-04 00:00:00+00:00, run_after=2022-03-05 00:00:00+00:00
[2026-04-02T05:12:24.987+0530] {processor.py:183} INFO - Processing /Users/aswin/Documents/data-engineering-practice/ETL_Airflow_DBT/airflow/airflow_env/lib/python3.11/site-packages/airflow/example_dags/example_dynamic_task_mapping.py took 0.091 seconds
[2026-04-02T05:14:55.155+0530] {processor.py:161} INFO - Started process (PID=17715) to work on /Users/aswin/Documents/data-engineering-practice/ETL_Airflow_DBT/airflow/airflow_env/lib/python3.11/site-packages/airflow/example_dags/example_dynamic_task_mapping.py
[2026-04-02T05:14:55.155+0530] {processor.py:830} INFO - Processing file /Users/aswin/Documents/data-engineering-practice/ETL_Airflow_DBT/airflow/airflow_env/lib/python3.11/site-packages/airflow/example_dags/example_dynamic_task_mapping.py for tasks to queue
[2026-04-02T05:14:55.155+0530] {logging_mixin.py:188} INFO - [2026-04-02T05:14:55.155+0530] {dagbag.py:540} INFO - Filling up the DagBag from /Users/aswin/Documents/data-engineering-practice/ETL_Airflow_DBT/airflow/airflow_env/lib/python3.11/site-packages/airflow/example_dags/example_dynamic_task_mapping.py
[2026-04-02T05:14:55.171+0530] {processor.py:840} INFO - DAG(s) 'example_dynamic_task_mapping' retrieved from /Users/aswin/Documents/data-engineering-practice/ETL_Airflow_DBT/airflow/airflow_env/lib/python3.11/site-packages/airflow/example_dags/example_dynamic_task_mapping.py
[2026-04-02T05:14:55.225+0530] {logging_mixin.py:188} INFO - [2026-04-02T05:14:55.225+0530] {dag.py:3096} INFO - Sync 1 DAGs
[2026-04-02T05:14:55.235+0530] {logging_mixin.py:188} INFO - [2026-04-02T05:14:55.235+0530] {dag.py:3954} INFO - Setting next_dagrun for example_dynamic_task_mapping to 2022-03-04 00:00:00+00:00, run_after=2022-03-05 00:00:00+00:00
[2026-04-02T05:14:55.245+0530] {processor.py:183} INFO - Processing /Users/aswin/Documents/data-engineering-practice/ETL_Airflow_DBT/airflow/airflow_env/lib/python3.11/site-packages/airflow/example_dags/example_dynamic_task_mapping.py took 0.092 seconds
[2026-04-02T05:15:26.056+0530] {processor.py:161} INFO - Started process (PID=17841) to work on /Users/aswin/Documents/data-engineering-practice/ETL_Airflow_DBT/airflow/airflow_env/lib/python3.11/site-packages/airflow/example_dags/example_dynamic_task_mapping.py
[2026-04-02T05:15:26.056+0530] {processor.py:830} INFO - Processing file /Users/aswin/Documents/data-engineering-practice/ETL_Airflow_DBT/airflow/airflow_env/lib/python3.11/site-packages/airflow/example_dags/example_dynamic_task_mapping.py for tasks to queue
[2026-04-02T05:15:26.057+0530] {logging_mixin.py:188} INFO - [2026-04-02T05:15:26.057+0530] {dagbag.py:540} INFO - Filling up the DagBag from /Users/aswin/Documents/data-engineering-practice/ETL_Airflow_DBT/airflow/airflow_env/lib/python3.11/site-packages/airflow/example_dags/example_dynamic_task_mapping.py
[2026-04-02T05:15:26.073+0530] {processor.py:840} INFO - DAG(s) 'example_dynamic_task_mapping' retrieved from /Users/aswin/Documents/data-engineering-practice/ETL_Airflow_DBT/airflow/airflow_env/lib/python3.11/site-packages/airflow/example_dags/example_dynamic_task_mapping.py
[2026-04-02T05:15:26.126+0530] {logging_mixin.py:188} INFO - [2026-04-02T05:15:26.126+0530] {dag.py:3096} INFO - Sync 1 DAGs
[2026-04-02T05:15:26.135+0530] {logging_mixin.py:188} INFO - [2026-04-02T05:15:26.135+0530] {dag.py:3954} INFO - Setting next_dagrun for example_dynamic_task_mapping to 2022-03-04 00:00:00+00:00, run_after=2022-03-05 00:00:00+00:00
[2026-04-02T05:15:26.144+0530] {processor.py:183} INFO - Processing /Users/aswin/Documents/data-engineering-practice/ETL_Airflow_DBT/airflow/airflow_env/lib/python3.11/site-packages/airflow/example_dags/example_dynamic_task_mapping.py took 0.089 seconds
[2026-04-02T05:15:57.373+0530] {processor.py:161} INFO - Started process (PID=17970) to work on /Users/aswin/Documents/data-engineering-practice/ETL_Airflow_DBT/airflow/airflow_env/lib/python3.11/site-packages/airflow/example_dags/example_dynamic_task_mapping.py
[2026-04-02T05:15:57.374+0530] {processor.py:830} INFO - Processing file /Users/aswin/Documents/data-engineering-practice/ETL_Airflow_DBT/airflow/airflow_env/lib/python3.11/site-packages/airflow/example_dags/example_dynamic_task_mapping.py for tasks to queue
[2026-04-02T05:15:57.374+0530] {logging_mixin.py:188} INFO - [2026-04-02T05:15:57.374+0530] {dagbag.py:540} INFO - Filling up the DagBag from /Users/aswin/Documents/data-engineering-practice/ETL_Airflow_DBT/airflow/airflow_env/lib/python3.11/site-packages/airflow/example_dags/example_dynamic_task_mapping.py
[2026-04-02T05:15:57.391+0530] {processor.py:840} INFO - DAG(s) 'example_dynamic_task_mapping' retrieved from /Users/aswin/Documents/data-engineering-practice/ETL_Airflow_DBT/airflow/airflow_env/lib/python3.11/site-packages/airflow/example_dags/example_dynamic_task_mapping.py
[2026-04-02T05:15:57.443+0530] {logging_mixin.py:188} INFO - [2026-04-02T05:15:57.443+0530] {dag.py:3096} INFO - Sync 1 DAGs
[2026-04-02T05:15:57.453+0530] {logging_mixin.py:188} INFO - [2026-04-02T05:15:57.453+0530] {dag.py:3954} INFO - Setting next_dagrun for example_dynamic_task_mapping to 2022-03-04 00:00:00+00:00, run_after=2022-03-05 00:00:00+00:00
[2026-04-02T05:15:57.461+0530] {processor.py:183} INFO - Processing /Users/aswin/Documents/data-engineering-practice/ETL_Airflow_DBT/airflow/airflow_env/lib/python3.11/site-packages/airflow/example_dags/example_dynamic_task_mapping.py took 0.090 seconds
[2026-04-02T05:16:28.765+0530] {processor.py:161} INFO - Started process (PID=18097) to work on /Users/aswin/Documents/data-engineering-practice/ETL_Airflow_DBT/airflow/airflow_env/lib/python3.11/site-packages/airflow/example_dags/example_dynamic_task_mapping.py
[2026-04-02T05:16:28.766+0530] {processor.py:830} INFO - Processing file /Users/aswin/Documents/data-engineering-practice/ETL_Airflow_DBT/airflow/airflow_env/lib/python3.11/site-packages/airflow/example_dags/example_dynamic_task_mapping.py for tasks to queue
[2026-04-02T05:16:28.766+0530] {logging_mixin.py:188} INFO - [2026-04-02T05:16:28.766+0530] {dagbag.py:540} INFO - Filling up the DagBag from /Users/aswin/Documents/data-engineering-practice/ETL_Airflow_DBT/airflow/airflow_env/lib/python3.11/site-packages/airflow/example_dags/example_dynamic_task_mapping.py
[2026-04-02T05:16:28.783+0530] {processor.py:840} INFO - DAG(s) 'example_dynamic_task_mapping' retrieved from /Users/aswin/Documents/data-engineering-practice/ETL_Airflow_DBT/airflow/airflow_env/lib/python3.11/site-packages/airflow/example_dags/example_dynamic_task_mapping.py
[2026-04-02T05:16:28.840+0530] {logging_mixin.py:188} INFO - [2026-04-02T05:16:28.840+0530] {dag.py:3096} INFO - Sync 1 DAGs
[2026-04-02T05:16:28.854+0530] {logging_mixin.py:188} INFO - [2026-04-02T05:16:28.854+0530] {dag.py:3954} INFO - Setting next_dagrun for example_dynamic_task_mapping to 2022-03-04 00:00:00+00:00, run_after=2022-03-05 00:00:00+00:00
[2026-04-02T05:16:28.865+0530] {processor.py:183} INFO - Processing /Users/aswin/Documents/data-engineering-practice/ETL_Airflow_DBT/airflow/airflow_env/lib/python3.11/site-packages/airflow/example_dags/example_dynamic_task_mapping.py took 0.101 seconds
[2026-04-02T05:16:59.797+0530] {processor.py:161} INFO - Started process (PID=18223) to work on /Users/aswin/Documents/data-engineering-practice/ETL_Airflow_DBT/airflow/airflow_env/lib/python3.11/site-packages/airflow/example_dags/example_dynamic_task_mapping.py
[2026-04-02T05:16:59.798+0530] {processor.py:830} INFO - Processing file /Users/aswin/Documents/data-engineering-practice/ETL_Airflow_DBT/airflow/airflow_env/lib/python3.11/site-packages/airflow/example_dags/example_dynamic_task_mapping.py for tasks to queue
[2026-04-02T05:16:59.798+0530] {logging_mixin.py:188} INFO - [2026-04-02T05:16:59.798+0530] {dagbag.py:540} INFO - Filling up the DagBag from /Users/aswin/Documents/data-engineering-practice/ETL_Airflow_DBT/airflow/airflow_env/lib/python3.11/site-packages/airflow/example_dags/example_dynamic_task_mapping.py
[2026-04-02T05:16:59.815+0530] {processor.py:840} INFO - DAG(s) 'example_dynamic_task_mapping' retrieved from /Users/aswin/Documents/data-engineering-practice/ETL_Airflow_DBT/airflow/airflow_env/lib/python3.11/site-packages/airflow/example_dags/example_dynamic_task_mapping.py
[2026-04-02T05:16:59.867+0530] {logging_mixin.py:188} INFO - [2026-04-02T05:16:59.867+0530] {dag.py:3096} INFO - Sync 1 DAGs
[2026-04-02T05:16:59.878+0530] {logging_mixin.py:188} INFO - [2026-04-02T05:16:59.877+0530] {dag.py:3954} INFO - Setting next_dagrun for example_dynamic_task_mapping to 2022-03-04 00:00:00+00:00, run_after=2022-03-05 00:00:00+00:00
[2026-04-02T05:16:59.885+0530] {processor.py:183} INFO - Processing /Users/aswin/Documents/data-engineering-practice/ETL_Airflow_DBT/airflow/airflow_env/lib/python3.11/site-packages/airflow/example_dags/example_dynamic_task_mapping.py took 0.089 seconds
[2026-04-02T05:17:31.445+0530] {processor.py:161} INFO - Started process (PID=18359) to work on /Users/aswin/Documents/data-engineering-practice/ETL_Airflow_DBT/airflow/airflow_env/lib/python3.11/site-packages/airflow/example_dags/example_dynamic_task_mapping.py
[2026-04-02T05:17:31.446+0530] {processor.py:830} INFO - Processing file /Users/aswin/Documents/data-engineering-practice/ETL_Airflow_DBT/airflow/airflow_env/lib/python3.11/site-packages/airflow/example_dags/example_dynamic_task_mapping.py for tasks to queue
[2026-04-02T05:17:31.447+0530] {logging_mixin.py:188} INFO - [2026-04-02T05:17:31.447+0530] {dagbag.py:540} INFO - Filling up the DagBag from /Users/aswin/Documents/data-engineering-practice/ETL_Airflow_DBT/airflow/airflow_env/lib/python3.11/site-packages/airflow/example_dags/example_dynamic_task_mapping.py
[2026-04-02T05:17:31.462+0530] {processor.py:840} INFO - DAG(s) 'example_dynamic_task_mapping' retrieved from /Users/aswin/Documents/data-engineering-practice/ETL_Airflow_DBT/airflow/airflow_env/lib/python3.11/site-packages/airflow/example_dags/example_dynamic_task_mapping.py
[2026-04-02T05:17:31.514+0530] {logging_mixin.py:188} INFO - [2026-04-02T05:17:31.513+0530] {dag.py:3096} INFO - Sync 1 DAGs
[2026-04-02T05:17:31.524+0530] {logging_mixin.py:188} INFO - [2026-04-02T05:17:31.524+0530] {dag.py:3954} INFO - Setting next_dagrun for example_dynamic_task_mapping to 2022-03-04 00:00:00+00:00, run_after=2022-03-05 00:00:00+00:00
[2026-04-02T05:17:31.532+0530] {processor.py:183} INFO - Processing /Users/aswin/Documents/data-engineering-practice/ETL_Airflow_DBT/airflow/airflow_env/lib/python3.11/site-packages/airflow/example_dags/example_dynamic_task_mapping.py took 0.087 seconds
[2026-04-02T05:18:02.426+0530] {processor.py:161} INFO - Started process (PID=18489) to work on /Users/aswin/Documents/data-engineering-practice/ETL_Airflow_DBT/airflow/airflow_env/lib/python3.11/site-packages/airflow/example_dags/example_dynamic_task_mapping.py
[2026-04-02T05:18:02.427+0530] {processor.py:830} INFO - Processing file /Users/aswin/Documents/data-engineering-practice/ETL_Airflow_DBT/airflow/airflow_env/lib/python3.11/site-packages/airflow/example_dags/example_dynamic_task_mapping.py for tasks to queue
[2026-04-02T05:18:02.427+0530] {logging_mixin.py:188} INFO - [2026-04-02T05:18:02.427+0530] {dagbag.py:540} INFO - Filling up the DagBag from /Users/aswin/Documents/data-engineering-practice/ETL_Airflow_DBT/airflow/airflow_env/lib/python3.11/site-packages/airflow/example_dags/example_dynamic_task_mapping.py
[2026-04-02T05:18:02.442+0530] {processor.py:840} INFO - DAG(s) 'example_dynamic_task_mapping' retrieved from /Users/aswin/Documents/data-engineering-practice/ETL_Airflow_DBT/airflow/airflow_env/lib/python3.11/site-packages/airflow/example_dags/example_dynamic_task_mapping.py
[2026-04-02T05:18:02.495+0530] {logging_mixin.py:188} INFO - [2026-04-02T05:18:02.494+0530] {dag.py:3096} INFO - Sync 1 DAGs
[2026-04-02T05:18:02.505+0530] {logging_mixin.py:188} INFO - [2026-04-02T05:18:02.505+0530] {dag.py:3954} INFO - Setting next_dagrun for example_dynamic_task_mapping to 2022-03-04 00:00:00+00:00, run_after=2022-03-05 00:00:00+00:00
[2026-04-02T05:18:02.513+0530] {processor.py:183} INFO - Processing /Users/aswin/Documents/data-engineering-practice/ETL_Airflow_DBT/airflow/airflow_env/lib/python3.11/site-packages/airflow/example_dags/example_dynamic_task_mapping.py took 0.088 seconds
[2026-04-02T05:18:33.880+0530] {processor.py:161} INFO - Started process (PID=18616) to work on /Users/aswin/Documents/data-engineering-practice/ETL_Airflow_DBT/airflow/airflow_env/lib/python3.11/site-packages/airflow/example_dags/example_dynamic_task_mapping.py
[2026-04-02T05:18:33.881+0530] {processor.py:830} INFO - Processing file /Users/aswin/Documents/data-engineering-practice/ETL_Airflow_DBT/airflow/airflow_env/lib/python3.11/site-packages/airflow/example_dags/example_dynamic_task_mapping.py for tasks to queue
[2026-04-02T05:18:33.881+0530] {logging_mixin.py:188} INFO - [2026-04-02T05:18:33.881+0530] {dagbag.py:540} INFO - Filling up the DagBag from /Users/aswin/Documents/data-engineering-practice/ETL_Airflow_DBT/airflow/airflow_env/lib/python3.11/site-packages/airflow/example_dags/example_dynamic_task_mapping.py
[2026-04-02T05:18:33.897+0530] {processor.py:840} INFO - DAG(s) 'example_dynamic_task_mapping' retrieved from /Users/aswin/Documents/data-engineering-practice/ETL_Airflow_DBT/airflow/airflow_env/lib/python3.11/site-packages/airflow/example_dags/example_dynamic_task_mapping.py
[2026-04-02T05:18:33.948+0530] {logging_mixin.py:188} INFO - [2026-04-02T05:18:33.948+0530] {dag.py:3096} INFO - Sync 1 DAGs
[2026-04-02T05:18:33.958+0530] {logging_mixin.py:188} INFO - [2026-04-02T05:18:33.958+0530] {dag.py:3954} INFO - Setting next_dagrun for example_dynamic_task_mapping to 2022-03-04 00:00:00+00:00, run_after=2022-03-05 00:00:00+00:00
[2026-04-02T05:18:33.967+0530] {processor.py:183} INFO - Processing /Users/aswin/Documents/data-engineering-practice/ETL_Airflow_DBT/airflow/airflow_env/lib/python3.11/site-packages/airflow/example_dags/example_dynamic_task_mapping.py took 0.088 seconds
[2026-04-02T05:19:05.093+0530] {processor.py:161} INFO - Started process (PID=18740) to work on /Users/aswin/Documents/data-engineering-practice/ETL_Airflow_DBT/airflow/airflow_env/lib/python3.11/site-packages/airflow/example_dags/example_dynamic_task_mapping.py
[2026-04-02T05:19:05.094+0530] {processor.py:830} INFO - Processing file /Users/aswin/Documents/data-engineering-practice/ETL_Airflow_DBT/airflow/airflow_env/lib/python3.11/site-packages/airflow/example_dags/example_dynamic_task_mapping.py for tasks to queue
[2026-04-02T05:19:05.094+0530] {logging_mixin.py:188} INFO - [2026-04-02T05:19:05.094+0530] {dagbag.py:540} INFO - Filling up the DagBag from /Users/aswin/Documents/data-engineering-practice/ETL_Airflow_DBT/airflow/airflow_env/lib/python3.11/site-packages/airflow/example_dags/example_dynamic_task_mapping.py
[2026-04-02T05:19:05.110+0530] {processor.py:840} INFO - DAG(s) 'example_dynamic_task_mapping' retrieved from /Users/aswin/Documents/data-engineering-practice/ETL_Airflow_DBT/airflow/airflow_env/lib/python3.11/site-packages/airflow/example_dags/example_dynamic_task_mapping.py
[2026-04-02T05:19:05.163+0530] {logging_mixin.py:188} INFO - [2026-04-02T05:19:05.163+0530] {dag.py:3096} INFO - Sync 1 DAGs
[2026-04-02T05:19:05.172+0530] {logging_mixin.py:188} INFO - [2026-04-02T05:19:05.172+0530] {dag.py:3954} INFO - Setting next_dagrun for example_dynamic_task_mapping to 2022-03-04 00:00:00+00:00, run_after=2022-03-05 00:00:00+00:00
[2026-04-02T05:19:05.180+0530] {processor.py:183} INFO - Processing /Users/aswin/Documents/data-engineering-practice/ETL_Airflow_DBT/airflow/airflow_env/lib/python3.11/site-packages/airflow/example_dags/example_dynamic_task_mapping.py took 0.088 seconds
[2026-04-02T05:19:36.134+0530] {processor.py:161} INFO - Started process (PID=18865) to work on /Users/aswin/Documents/data-engineering-practice/ETL_Airflow_DBT/airflow/airflow_env/lib/python3.11/site-packages/airflow/example_dags/example_dynamic_task_mapping.py
[2026-04-02T05:19:36.135+0530] {processor.py:830} INFO - Processing file /Users/aswin/Documents/data-engineering-practice/ETL_Airflow_DBT/airflow/airflow_env/lib/python3.11/site-packages/airflow/example_dags/example_dynamic_task_mapping.py for tasks to queue
[2026-04-02T05:19:36.135+0530] {logging_mixin.py:188} INFO - [2026-04-02T05:19:36.135+0530] {dagbag.py:540} INFO - Filling up the DagBag from /Users/aswin/Documents/data-engineering-practice/ETL_Airflow_DBT/airflow/airflow_env/lib/python3.11/site-packages/airflow/example_dags/example_dynamic_task_mapping.py
[2026-04-02T05:19:36.151+0530] {processor.py:840} INFO - DAG(s) 'example_dynamic_task_mapping' retrieved from /Users/aswin/Documents/data-engineering-practice/ETL_Airflow_DBT/airflow/airflow_env/lib/python3.11/site-packages/airflow/example_dags/example_dynamic_task_mapping.py
[2026-04-02T05:19:36.203+0530] {logging_mixin.py:188} INFO - [2026-04-02T05:19:36.202+0530] {dag.py:3096} INFO - Sync 1 DAGs
[2026-04-02T05:19:36.212+0530] {logging_mixin.py:188} INFO - [2026-04-02T05:19:36.212+0530] {dag.py:3954} INFO - Setting next_dagrun for example_dynamic_task_mapping to 2022-03-04 00:00:00+00:00, run_after=2022-03-05 00:00:00+00:00
[2026-04-02T05:19:36.220+0530] {processor.py:183} INFO - Processing /Users/aswin/Documents/data-engineering-practice/ETL_Airflow_DBT/airflow/airflow_env/lib/python3.11/site-packages/airflow/example_dags/example_dynamic_task_mapping.py took 0.087 seconds
[2026-04-02T05:20:07.698+0530] {processor.py:161} INFO - Started process (PID=18991) to work on /Users/aswin/Documents/data-engineering-practice/ETL_Airflow_DBT/airflow/airflow_env/lib/python3.11/site-packages/airflow/example_dags/example_dynamic_task_mapping.py
[2026-04-02T05:20:07.699+0530] {processor.py:830} INFO - Processing file /Users/aswin/Documents/data-engineering-practice/ETL_Airflow_DBT/airflow/airflow_env/lib/python3.11/site-packages/airflow/example_dags/example_dynamic_task_mapping.py for tasks to queue
[2026-04-02T05:20:07.699+0530] {logging_mixin.py:188} INFO - [2026-04-02T05:20:07.699+0530] {dagbag.py:540} INFO - Filling up the DagBag from /Users/aswin/Documents/data-engineering-practice/ETL_Airflow_DBT/airflow/airflow_env/lib/python3.11/site-packages/airflow/example_dags/example_dynamic_task_mapping.py
[2026-04-02T05:20:07.715+0530] {processor.py:840} INFO - DAG(s) 'example_dynamic_task_mapping' retrieved from /Users/aswin/Documents/data-engineering-practice/ETL_Airflow_DBT/airflow/airflow_env/lib/python3.11/site-packages/airflow/example_dags/example_dynamic_task_mapping.py
[2026-04-02T05:20:07.770+0530] {logging_mixin.py:188} INFO - [2026-04-02T05:20:07.770+0530] {dag.py:3096} INFO - Sync 1 DAGs
[2026-04-02T05:20:07.780+0530] {logging_mixin.py:188} INFO - [2026-04-02T05:20:07.780+0530] {dag.py:3954} INFO - Setting next_dagrun for example_dynamic_task_mapping to 2022-03-04 00:00:00+00:00, run_after=2022-03-05 00:00:00+00:00
[2026-04-02T05:20:07.788+0530] {processor.py:183} INFO - Processing /Users/aswin/Documents/data-engineering-practice/ETL_Airflow_DBT/airflow/airflow_env/lib/python3.11/site-packages/airflow/example_dags/example_dynamic_task_mapping.py took 0.091 seconds
[2026-04-02T05:20:38.980+0530] {processor.py:161} INFO - Started process (PID=19129) to work on /Users/aswin/Documents/data-engineering-practice/ETL_Airflow_DBT/airflow/airflow_env/lib/python3.11/site-packages/airflow/example_dags/example_dynamic_task_mapping.py
[2026-04-02T05:20:38.981+0530] {processor.py:830} INFO - Processing file /Users/aswin/Documents/data-engineering-practice/ETL_Airflow_DBT/airflow/airflow_env/lib/python3.11/site-packages/airflow/example_dags/example_dynamic_task_mapping.py for tasks to queue
[2026-04-02T05:20:38.981+0530] {logging_mixin.py:188} INFO - [2026-04-02T05:20:38.981+0530] {dagbag.py:540} INFO - Filling up the DagBag from /Users/aswin/Documents/data-engineering-practice/ETL_Airflow_DBT/airflow/airflow_env/lib/python3.11/site-packages/airflow/example_dags/example_dynamic_task_mapping.py
[2026-04-02T05:20:38.997+0530] {processor.py:840} INFO - DAG(s) 'example_dynamic_task_mapping' retrieved from /Users/aswin/Documents/data-engineering-practice/ETL_Airflow_DBT/airflow/airflow_env/lib/python3.11/site-packages/airflow/example_dags/example_dynamic_task_mapping.py
[2026-04-02T05:20:39.048+0530] {logging_mixin.py:188} INFO - [2026-04-02T05:20:39.048+0530] {dag.py:3096} INFO - Sync 1 DAGs
[2026-04-02T05:20:39.058+0530] {logging_mixin.py:188} INFO - [2026-04-02T05:20:39.058+0530] {dag.py:3954} INFO - Setting next_dagrun for example_dynamic_task_mapping to 2022-03-04 00:00:00+00:00, run_after=2022-03-05 00:00:00+00:00
[2026-04-02T05:20:39.067+0530] {processor.py:183} INFO - Processing /Users/aswin/Documents/data-engineering-practice/ETL_Airflow_DBT/airflow/airflow_env/lib/python3.11/site-packages/airflow/example_dags/example_dynamic_task_mapping.py took 0.089 seconds
[2026-04-02T05:21:09.982+0530] {processor.py:161} INFO - Started process (PID=19254) to work on /Users/aswin/Documents/data-engineering-practice/ETL_Airflow_DBT/airflow/airflow_env/lib/python3.11/site-packages/airflow/example_dags/example_dynamic_task_mapping.py
[2026-04-02T05:21:09.983+0530] {processor.py:830} INFO - Processing file /Users/aswin/Documents/data-engineering-practice/ETL_Airflow_DBT/airflow/airflow_env/lib/python3.11/site-packages/airflow/example_dags/example_dynamic_task_mapping.py for tasks to queue
[2026-04-02T05:21:09.983+0530] {logging_mixin.py:188} INFO - [2026-04-02T05:21:09.983+0530] {dagbag.py:540} INFO - Filling up the DagBag from /Users/aswin/Documents/data-engineering-practice/ETL_Airflow_DBT/airflow/airflow_env/lib/python3.11/site-packages/airflow/example_dags/example_dynamic_task_mapping.py
[2026-04-02T05:21:09.998+0530] {processor.py:840} INFO - DAG(s) 'example_dynamic_task_mapping' retrieved from /Users/aswin/Documents/data-engineering-practice/ETL_Airflow_DBT/airflow/airflow_env/lib/python3.11/site-packages/airflow/example_dags/example_dynamic_task_mapping.py
[2026-04-02T05:21:10.053+0530] {logging_mixin.py:188} INFO - [2026-04-02T05:21:10.053+0530] {dag.py:3096} INFO - Sync 1 DAGs
[2026-04-02T05:21:10.064+0530] {logging_mixin.py:188} INFO - [2026-04-02T05:21:10.063+0530] {dag.py:3954} INFO - Setting next_dagrun for example_dynamic_task_mapping to 2022-03-04 00:00:00+00:00, run_after=2022-03-05 00:00:00+00:00
[2026-04-02T05:21:10.072+0530] {processor.py:183} INFO - Processing /Users/aswin/Documents/data-engineering-practice/ETL_Airflow_DBT/airflow/airflow_env/lib/python3.11/site-packages/airflow/example_dags/example_dynamic_task_mapping.py took 0.091 seconds
[2026-04-02T05:21:41.440+0530] {processor.py:161} INFO - Started process (PID=19378) to work on /Users/aswin/Documents/data-engineering-practice/ETL_Airflow_DBT/airflow/airflow_env/lib/python3.11/site-packages/airflow/example_dags/example_dynamic_task_mapping.py
[2026-04-02T05:21:41.441+0530] {processor.py:830} INFO - Processing file /Users/aswin/Documents/data-engineering-practice/ETL_Airflow_DBT/airflow/airflow_env/lib/python3.11/site-packages/airflow/example_dags/example_dynamic_task_mapping.py for tasks to queue
[2026-04-02T05:21:41.442+0530] {logging_mixin.py:188} INFO - [2026-04-02T05:21:41.442+0530] {dagbag.py:540} INFO - Filling up the DagBag from /Users/aswin/Documents/data-engineering-practice/ETL_Airflow_DBT/airflow/airflow_env/lib/python3.11/site-packages/airflow/example_dags/example_dynamic_task_mapping.py
[2026-04-02T05:21:41.457+0530] {processor.py:840} INFO - DAG(s) 'example_dynamic_task_mapping' retrieved from /Users/aswin/Documents/data-engineering-practice/ETL_Airflow_DBT/airflow/airflow_env/lib/python3.11/site-packages/airflow/example_dags/example_dynamic_task_mapping.py
[2026-04-02T05:21:41.509+0530] {logging_mixin.py:188} INFO - [2026-04-02T05:21:41.509+0530] {dag.py:3096} INFO - Sync 1 DAGs
[2026-04-02T05:21:41.519+0530] {logging_mixin.py:188} INFO - [2026-04-02T05:21:41.519+0530] {dag.py:3954} INFO - Setting next_dagrun for example_dynamic_task_mapping to 2022-03-04 00:00:00+00:00, run_after=2022-03-05 00:00:00+00:00
[2026-04-02T05:21:41.526+0530] {processor.py:183} INFO - Processing /Users/aswin/Documents/data-engineering-practice/ETL_Airflow_DBT/airflow/airflow_env/lib/python3.11/site-packages/airflow/example_dags/example_dynamic_task_mapping.py took 0.087 seconds
[2026-04-02T05:22:12.280+0530] {processor.py:161} INFO - Started process (PID=19502) to work on /Users/aswin/Documents/data-engineering-practice/ETL_Airflow_DBT/airflow/airflow_env/lib/python3.11/site-packages/airflow/example_dags/example_dynamic_task_mapping.py
[2026-04-02T05:22:12.280+0530] {processor.py:830} INFO - Processing file /Users/aswin/Documents/data-engineering-practice/ETL_Airflow_DBT/airflow/airflow_env/lib/python3.11/site-packages/airflow/example_dags/example_dynamic_task_mapping.py for tasks to queue
[2026-04-02T05:22:12.281+0530] {logging_mixin.py:188} INFO - [2026-04-02T05:22:12.281+0530] {dagbag.py:540} INFO - Filling up the DagBag from /Users/aswin/Documents/data-engineering-practice/ETL_Airflow_DBT/airflow/airflow_env/lib/python3.11/site-packages/airflow/example_dags/example_dynamic_task_mapping.py
[2026-04-02T05:22:12.298+0530] {processor.py:840} INFO - DAG(s) 'example_dynamic_task_mapping' retrieved from /Users/aswin/Documents/data-engineering-practice/ETL_Airflow_DBT/airflow/airflow_env/lib/python3.11/site-packages/airflow/example_dags/example_dynamic_task_mapping.py
[2026-04-02T05:22:12.353+0530] {logging_mixin.py:188} INFO - [2026-04-02T05:22:12.353+0530] {dag.py:3096} INFO - Sync 1 DAGs
[2026-04-02T05:22:12.363+0530] {logging_mixin.py:188} INFO - [2026-04-02T05:22:12.363+0530] {dag.py:3954} INFO - Setting next_dagrun for example_dynamic_task_mapping to 2022-03-04 00:00:00+00:00, run_after=2022-03-05 00:00:00+00:00
[2026-04-02T05:22:12.374+0530] {processor.py:183} INFO - Processing /Users/aswin/Documents/data-engineering-practice/ETL_Airflow_DBT/airflow/airflow_env/lib/python3.11/site-packages/airflow/example_dags/example_dynamic_task_mapping.py took 0.096 seconds
[2026-04-02T05:22:43.270+0530] {processor.py:161} INFO - Started process (PID=19627) to work on /Users/aswin/Documents/data-engineering-practice/ETL_Airflow_DBT/airflow/airflow_env/lib/python3.11/site-packages/airflow/example_dags/example_dynamic_task_mapping.py
[2026-04-02T05:22:43.271+0530] {processor.py:830} INFO - Processing file /Users/aswin/Documents/data-engineering-practice/ETL_Airflow_DBT/airflow/airflow_env/lib/python3.11/site-packages/airflow/example_dags/example_dynamic_task_mapping.py for tasks to queue
[2026-04-02T05:22:43.271+0530] {logging_mixin.py:188} INFO - [2026-04-02T05:22:43.271+0530] {dagbag.py:540} INFO - Filling up the DagBag from /Users/aswin/Documents/data-engineering-practice/ETL_Airflow_DBT/airflow/airflow_env/lib/python3.11/site-packages/airflow/example_dags/example_dynamic_task_mapping.py
[2026-04-02T05:22:43.288+0530] {processor.py:840} INFO - DAG(s) 'example_dynamic_task_mapping' retrieved from /Users/aswin/Documents/data-engineering-practice/ETL_Airflow_DBT/airflow/airflow_env/lib/python3.11/site-packages/airflow/example_dags/example_dynamic_task_mapping.py
[2026-04-02T05:22:43.338+0530] {logging_mixin.py:188} INFO - [2026-04-02T05:22:43.338+0530] {dag.py:3096} INFO - Sync 1 DAGs
[2026-04-02T05:22:43.346+0530] {logging_mixin.py:188} INFO - [2026-04-02T05:22:43.346+0530] {dag.py:3954} INFO - Setting next_dagrun for example_dynamic_task_mapping to 2022-03-04 00:00:00+00:00, run_after=2022-03-05 00:00:00+00:00
[2026-04-02T05:22:43.353+0530] {processor.py:183} INFO - Processing /Users/aswin/Documents/data-engineering-practice/ETL_Airflow_DBT/airflow/airflow_env/lib/python3.11/site-packages/airflow/example_dags/example_dynamic_task_mapping.py took 0.084 seconds
[2026-04-02T05:23:14.337+0530] {processor.py:161} INFO - Started process (PID=19776) to work on /Users/aswin/Documents/data-engineering-practice/ETL_Airflow_DBT/airflow/airflow_env/lib/python3.11/site-packages/airflow/example_dags/example_dynamic_task_mapping.py
[2026-04-02T05:23:14.338+0530] {processor.py:830} INFO - Processing file /Users/aswin/Documents/data-engineering-practice/ETL_Airflow_DBT/airflow/airflow_env/lib/python3.11/site-packages/airflow/example_dags/example_dynamic_task_mapping.py for tasks to queue
[2026-04-02T05:23:14.338+0530] {logging_mixin.py:188} INFO - [2026-04-02T05:23:14.338+0530] {dagbag.py:540} INFO - Filling up the DagBag from /Users/aswin/Documents/data-engineering-practice/ETL_Airflow_DBT/airflow/airflow_env/lib/python3.11/site-packages/airflow/example_dags/example_dynamic_task_mapping.py
[2026-04-02T05:23:14.354+0530] {processor.py:840} INFO - DAG(s) 'example_dynamic_task_mapping' retrieved from /Users/aswin/Documents/data-engineering-practice/ETL_Airflow_DBT/airflow/airflow_env/lib/python3.11/site-packages/airflow/example_dags/example_dynamic_task_mapping.py
[2026-04-02T05:23:14.406+0530] {logging_mixin.py:188} INFO - [2026-04-02T05:23:14.406+0530] {dag.py:3096} INFO - Sync 1 DAGs
[2026-04-02T05:23:14.417+0530] {logging_mixin.py:188} INFO - [2026-04-02T05:23:14.417+0530] {dag.py:3954} INFO - Setting next_dagrun for example_dynamic_task_mapping to 2022-03-04 00:00:00+00:00, run_after=2022-03-05 00:00:00+00:00
[2026-04-02T05:23:14.424+0530] {processor.py:183} INFO - Processing /Users/aswin/Documents/data-engineering-practice/ETL_Airflow_DBT/airflow/airflow_env/lib/python3.11/site-packages/airflow/example_dags/example_dynamic_task_mapping.py took 0.088 seconds
[2026-04-02T05:23:45.390+0530] {processor.py:161} INFO - Started process (PID=19904) to work on /Users/aswin/Documents/data-engineering-practice/ETL_Airflow_DBT/airflow/airflow_env/lib/python3.11/site-packages/airflow/example_dags/example_dynamic_task_mapping.py
[2026-04-02T05:23:45.390+0530] {processor.py:830} INFO - Processing file /Users/aswin/Documents/data-engineering-practice/ETL_Airflow_DBT/airflow/airflow_env/lib/python3.11/site-packages/airflow/example_dags/example_dynamic_task_mapping.py for tasks to queue
[2026-04-02T05:23:45.391+0530] {logging_mixin.py:188} INFO - [2026-04-02T05:23:45.391+0530] {dagbag.py:540} INFO - Filling up the DagBag from /Users/aswin/Documents/data-engineering-practice/ETL_Airflow_DBT/airflow/airflow_env/lib/python3.11/site-packages/airflow/example_dags/example_dynamic_task_mapping.py
[2026-04-02T05:23:45.406+0530] {processor.py:840} INFO - DAG(s) 'example_dynamic_task_mapping' retrieved from /Users/aswin/Documents/data-engineering-practice/ETL_Airflow_DBT/airflow/airflow_env/lib/python3.11/site-packages/airflow/example_dags/example_dynamic_task_mapping.py
[2026-04-02T05:23:45.466+0530] {logging_mixin.py:188} INFO - [2026-04-02T05:23:45.466+0530] {dag.py:3096} INFO - Sync 1 DAGs
[2026-04-02T05:23:45.477+0530] {logging_mixin.py:188} INFO - [2026-04-02T05:23:45.477+0530] {dag.py:3954} INFO - Setting next_dagrun for example_dynamic_task_mapping to 2022-03-04 00:00:00+00:00, run_after=2022-03-05 00:00:00+00:00
[2026-04-02T05:23:45.488+0530] {processor.py:183} INFO - Processing /Users/aswin/Documents/data-engineering-practice/ETL_Airflow_DBT/airflow/airflow_env/lib/python3.11/site-packages/airflow/example_dags/example_dynamic_task_mapping.py took 0.099 seconds
[2026-04-02T05:24:16.390+0530] {processor.py:161} INFO - Started process (PID=20034) to work on /Users/aswin/Documents/data-engineering-practice/ETL_Airflow_DBT/airflow/airflow_env/lib/python3.11/site-packages/airflow/example_dags/example_dynamic_task_mapping.py
[2026-04-02T05:24:16.391+0530] {processor.py:830} INFO - Processing file /Users/aswin/Documents/data-engineering-practice/ETL_Airflow_DBT/airflow/airflow_env/lib/python3.11/site-packages/airflow/example_dags/example_dynamic_task_mapping.py for tasks to queue
[2026-04-02T05:24:16.391+0530] {logging_mixin.py:188} INFO - [2026-04-02T05:24:16.391+0530] {dagbag.py:540} INFO - Filling up the DagBag from /Users/aswin/Documents/data-engineering-practice/ETL_Airflow_DBT/airflow/airflow_env/lib/python3.11/site-packages/airflow/example_dags/example_dynamic_task_mapping.py
[2026-04-02T05:24:16.407+0530] {processor.py:840} INFO - DAG(s) 'example_dynamic_task_mapping' retrieved from /Users/aswin/Documents/data-engineering-practice/ETL_Airflow_DBT/airflow/airflow_env/lib/python3.11/site-packages/airflow/example_dags/example_dynamic_task_mapping.py
[2026-04-02T05:24:16.457+0530] {logging_mixin.py:188} INFO - [2026-04-02T05:24:16.457+0530] {dag.py:3096} INFO - Sync 1 DAGs
[2026-04-02T05:24:16.468+0530] {logging_mixin.py:188} INFO - [2026-04-02T05:24:16.468+0530] {dag.py:3954} INFO - Setting next_dagrun for example_dynamic_task_mapping to 2022-03-04 00:00:00+00:00, run_after=2022-03-05 00:00:00+00:00
[2026-04-02T05:24:16.475+0530] {processor.py:183} INFO - Processing /Users/aswin/Documents/data-engineering-practice/ETL_Airflow_DBT/airflow/airflow_env/lib/python3.11/site-packages/airflow/example_dags/example_dynamic_task_mapping.py took 0.086 seconds
[2026-04-02T05:24:47.634+0530] {processor.py:161} INFO - Started process (PID=20167) to work on /Users/aswin/Documents/data-engineering-practice/ETL_Airflow_DBT/airflow/airflow_env/lib/python3.11/site-packages/airflow/example_dags/example_dynamic_task_mapping.py
[2026-04-02T05:24:47.634+0530] {processor.py:830} INFO - Processing file /Users/aswin/Documents/data-engineering-practice/ETL_Airflow_DBT/airflow/airflow_env/lib/python3.11/site-packages/airflow/example_dags/example_dynamic_task_mapping.py for tasks to queue
[2026-04-02T05:24:47.634+0530] {logging_mixin.py:188} INFO - [2026-04-02T05:24:47.634+0530] {dagbag.py:540} INFO - Filling up the DagBag from /Users/aswin/Documents/data-engineering-practice/ETL_Airflow_DBT/airflow/airflow_env/lib/python3.11/site-packages/airflow/example_dags/example_dynamic_task_mapping.py
[2026-04-02T05:24:47.649+0530] {processor.py:840} INFO - DAG(s) 'example_dynamic_task_mapping' retrieved from /Users/aswin/Documents/data-engineering-practice/ETL_Airflow_DBT/airflow/airflow_env/lib/python3.11/site-packages/airflow/example_dags/example_dynamic_task_mapping.py
[2026-04-02T05:24:47.718+0530] {logging_mixin.py:188} INFO - [2026-04-02T05:24:47.717+0530] {dag.py:3096} INFO - Sync 1 DAGs
[2026-04-02T05:24:47.728+0530] {logging_mixin.py:188} INFO - [2026-04-02T05:24:47.728+0530] {dag.py:3954} INFO - Setting next_dagrun for example_dynamic_task_mapping to 2022-03-04 00:00:00+00:00, run_after=2022-03-05 00:00:00+00:00
[2026-04-02T05:24:47.738+0530] {processor.py:183} INFO - Processing /Users/aswin/Documents/data-engineering-practice/ETL_Airflow_DBT/airflow/airflow_env/lib/python3.11/site-packages/airflow/example_dags/example_dynamic_task_mapping.py took 0.105 seconds
[2026-04-02T05:25:19.173+0530] {processor.py:161} INFO - Started process (PID=20298) to work on /Users/aswin/Documents/data-engineering-practice/ETL_Airflow_DBT/airflow/airflow_env/lib/python3.11/site-packages/airflow/example_dags/example_dynamic_task_mapping.py
[2026-04-02T05:25:19.174+0530] {processor.py:830} INFO - Processing file /Users/aswin/Documents/data-engineering-practice/ETL_Airflow_DBT/airflow/airflow_env/lib/python3.11/site-packages/airflow/example_dags/example_dynamic_task_mapping.py for tasks to queue
[2026-04-02T05:25:19.174+0530] {logging_mixin.py:188} INFO - [2026-04-02T05:25:19.174+0530] {dagbag.py:540} INFO - Filling up the DagBag from /Users/aswin/Documents/data-engineering-practice/ETL_Airflow_DBT/airflow/airflow_env/lib/python3.11/site-packages/airflow/example_dags/example_dynamic_task_mapping.py
[2026-04-02T05:25:19.191+0530] {processor.py:840} INFO - DAG(s) 'example_dynamic_task_mapping' retrieved from /Users/aswin/Documents/data-engineering-practice/ETL_Airflow_DBT/airflow/airflow_env/lib/python3.11/site-packages/airflow/example_dags/example_dynamic_task_mapping.py
[2026-04-02T05:25:19.243+0530] {logging_mixin.py:188} INFO - [2026-04-02T05:25:19.243+0530] {dag.py:3096} INFO - Sync 1 DAGs
[2026-04-02T05:25:19.252+0530] {logging_mixin.py:188} INFO - [2026-04-02T05:25:19.252+0530] {dag.py:3954} INFO - Setting next_dagrun for example_dynamic_task_mapping to 2022-03-04 00:00:00+00:00, run_after=2022-03-05 00:00:00+00:00
[2026-04-02T05:25:19.260+0530] {processor.py:183} INFO - Processing /Users/aswin/Documents/data-engineering-practice/ETL_Airflow_DBT/airflow/airflow_env/lib/python3.11/site-packages/airflow/example_dags/example_dynamic_task_mapping.py took 0.088 seconds
[2026-04-02T05:25:50.684+0530] {processor.py:161} INFO - Started process (PID=20428) to work on /Users/aswin/Documents/data-engineering-practice/ETL_Airflow_DBT/airflow/airflow_env/lib/python3.11/site-packages/airflow/example_dags/example_dynamic_task_mapping.py
[2026-04-02T05:25:50.685+0530] {processor.py:830} INFO - Processing file /Users/aswin/Documents/data-engineering-practice/ETL_Airflow_DBT/airflow/airflow_env/lib/python3.11/site-packages/airflow/example_dags/example_dynamic_task_mapping.py for tasks to queue
[2026-04-02T05:25:50.686+0530] {logging_mixin.py:188} INFO - [2026-04-02T05:25:50.686+0530] {dagbag.py:540} INFO - Filling up the DagBag from /Users/aswin/Documents/data-engineering-practice/ETL_Airflow_DBT/airflow/airflow_env/lib/python3.11/site-packages/airflow/example_dags/example_dynamic_task_mapping.py
[2026-04-02T05:25:50.701+0530] {processor.py:840} INFO - DAG(s) 'example_dynamic_task_mapping' retrieved from /Users/aswin/Documents/data-engineering-practice/ETL_Airflow_DBT/airflow/airflow_env/lib/python3.11/site-packages/airflow/example_dags/example_dynamic_task_mapping.py
[2026-04-02T05:25:50.753+0530] {logging_mixin.py:188} INFO - [2026-04-02T05:25:50.753+0530] {dag.py:3096} INFO - Sync 1 DAGs
[2026-04-02T05:25:50.769+0530] {logging_mixin.py:188} INFO - [2026-04-02T05:25:50.769+0530] {dag.py:3954} INFO - Setting next_dagrun for example_dynamic_task_mapping to 2022-03-04 00:00:00+00:00, run_after=2022-03-05 00:00:00+00:00
[2026-04-02T05:25:50.786+0530] {processor.py:183} INFO - Processing /Users/aswin/Documents/data-engineering-practice/ETL_Airflow_DBT/airflow/airflow_env/lib/python3.11/site-packages/airflow/example_dags/example_dynamic_task_mapping.py took 0.103 seconds
[2026-04-02T05:26:21.515+0530] {processor.py:161} INFO - Started process (PID=20556) to work on /Users/aswin/Documents/data-engineering-practice/ETL_Airflow_DBT/airflow/airflow_env/lib/python3.11/site-packages/airflow/example_dags/example_dynamic_task_mapping.py
[2026-04-02T05:26:21.516+0530] {processor.py:830} INFO - Processing file /Users/aswin/Documents/data-engineering-practice/ETL_Airflow_DBT/airflow/airflow_env/lib/python3.11/site-packages/airflow/example_dags/example_dynamic_task_mapping.py for tasks to queue
[2026-04-02T05:26:21.516+0530] {logging_mixin.py:188} INFO - [2026-04-02T05:26:21.516+0530] {dagbag.py:540} INFO - Filling up the DagBag from /Users/aswin/Documents/data-engineering-practice/ETL_Airflow_DBT/airflow/airflow_env/lib/python3.11/site-packages/airflow/example_dags/example_dynamic_task_mapping.py
[2026-04-02T05:26:21.532+0530] {processor.py:840} INFO - DAG(s) 'example_dynamic_task_mapping' retrieved from /Users/aswin/Documents/data-engineering-practice/ETL_Airflow_DBT/airflow/airflow_env/lib/python3.11/site-packages/airflow/example_dags/example_dynamic_task_mapping.py
[2026-04-02T05:26:21.590+0530] {logging_mixin.py:188} INFO - [2026-04-02T05:26:21.589+0530] {dag.py:3096} INFO - Sync 1 DAGs
[2026-04-02T05:26:21.599+0530] {logging_mixin.py:188} INFO - [2026-04-02T05:26:21.599+0530] {dag.py:3954} INFO - Setting next_dagrun for example_dynamic_task_mapping to 2022-03-04 00:00:00+00:00, run_after=2022-03-05 00:00:00+00:00
[2026-04-02T05:26:21.606+0530] {processor.py:183} INFO - Processing /Users/aswin/Documents/data-engineering-practice/ETL_Airflow_DBT/airflow/airflow_env/lib/python3.11/site-packages/airflow/example_dags/example_dynamic_task_mapping.py took 0.092 seconds
[2026-04-02T05:26:52.534+0530] {processor.py:161} INFO - Started process (PID=20686) to work on /Users/aswin/Documents/data-engineering-practice/ETL_Airflow_DBT/airflow/airflow_env/lib/python3.11/site-packages/airflow/example_dags/example_dynamic_task_mapping.py
[2026-04-02T05:26:52.535+0530] {processor.py:830} INFO - Processing file /Users/aswin/Documents/data-engineering-practice/ETL_Airflow_DBT/airflow/airflow_env/lib/python3.11/site-packages/airflow/example_dags/example_dynamic_task_mapping.py for tasks to queue
[2026-04-02T05:26:52.535+0530] {logging_mixin.py:188} INFO - [2026-04-02T05:26:52.535+0530] {dagbag.py:540} INFO - Filling up the DagBag from /Users/aswin/Documents/data-engineering-practice/ETL_Airflow_DBT/airflow/airflow_env/lib/python3.11/site-packages/airflow/example_dags/example_dynamic_task_mapping.py
[2026-04-02T05:26:52.550+0530] {processor.py:840} INFO - DAG(s) 'example_dynamic_task_mapping' retrieved from /Users/aswin/Documents/data-engineering-practice/ETL_Airflow_DBT/airflow/airflow_env/lib/python3.11/site-packages/airflow/example_dags/example_dynamic_task_mapping.py
[2026-04-02T05:26:52.601+0530] {logging_mixin.py:188} INFO - [2026-04-02T05:26:52.601+0530] {dag.py:3096} INFO - Sync 1 DAGs
[2026-04-02T05:26:52.611+0530] {logging_mixin.py:188} INFO - [2026-04-02T05:26:52.611+0530] {dag.py:3954} INFO - Setting next_dagrun for example_dynamic_task_mapping to 2022-03-04 00:00:00+00:00, run_after=2022-03-05 00:00:00+00:00
[2026-04-02T05:26:52.618+0530] {processor.py:183} INFO - Processing /Users/aswin/Documents/data-engineering-practice/ETL_Airflow_DBT/airflow/airflow_env/lib/python3.11/site-packages/airflow/example_dags/example_dynamic_task_mapping.py took 0.086 seconds
[2026-04-02T05:27:23.582+0530] {processor.py:161} INFO - Started process (PID=20823) to work on /Users/aswin/Documents/data-engineering-practice/ETL_Airflow_DBT/airflow/airflow_env/lib/python3.11/site-packages/airflow/example_dags/example_dynamic_task_mapping.py
[2026-04-02T05:27:23.584+0530] {processor.py:830} INFO - Processing file /Users/aswin/Documents/data-engineering-practice/ETL_Airflow_DBT/airflow/airflow_env/lib/python3.11/site-packages/airflow/example_dags/example_dynamic_task_mapping.py for tasks to queue
[2026-04-02T05:27:23.584+0530] {logging_mixin.py:188} INFO - [2026-04-02T05:27:23.584+0530] {dagbag.py:540} INFO - Filling up the DagBag from /Users/aswin/Documents/data-engineering-practice/ETL_Airflow_DBT/airflow/airflow_env/lib/python3.11/site-packages/airflow/example_dags/example_dynamic_task_mapping.py
[2026-04-02T05:27:23.601+0530] {processor.py:840} INFO - DAG(s) 'example_dynamic_task_mapping' retrieved from /Users/aswin/Documents/data-engineering-practice/ETL_Airflow_DBT/airflow/airflow_env/lib/python3.11/site-packages/airflow/example_dags/example_dynamic_task_mapping.py
[2026-04-02T05:27:23.654+0530] {logging_mixin.py:188} INFO - [2026-04-02T05:27:23.654+0530] {dag.py:3096} INFO - Sync 1 DAGs
[2026-04-02T05:27:23.664+0530] {logging_mixin.py:188} INFO - [2026-04-02T05:27:23.664+0530] {dag.py:3954} INFO - Setting next_dagrun for example_dynamic_task_mapping to 2022-03-04 00:00:00+00:00, run_after=2022-03-05 00:00:00+00:00
[2026-04-02T05:27:23.672+0530] {processor.py:183} INFO - Processing /Users/aswin/Documents/data-engineering-practice/ETL_Airflow_DBT/airflow/airflow_env/lib/python3.11/site-packages/airflow/example_dags/example_dynamic_task_mapping.py took 0.090 seconds
[2026-04-02T05:27:54.443+0530] {processor.py:161} INFO - Started process (PID=20949) to work on /Users/aswin/Documents/data-engineering-practice/ETL_Airflow_DBT/airflow/airflow_env/lib/python3.11/site-packages/airflow/example_dags/example_dynamic_task_mapping.py
[2026-04-02T05:27:54.444+0530] {processor.py:830} INFO - Processing file /Users/aswin/Documents/data-engineering-practice/ETL_Airflow_DBT/airflow/airflow_env/lib/python3.11/site-packages/airflow/example_dags/example_dynamic_task_mapping.py for tasks to queue
[2026-04-02T05:27:54.444+0530] {logging_mixin.py:188} INFO - [2026-04-02T05:27:54.444+0530] {dagbag.py:540} INFO - Filling up the DagBag from /Users/aswin/Documents/data-engineering-practice/ETL_Airflow_DBT/airflow/airflow_env/lib/python3.11/site-packages/airflow/example_dags/example_dynamic_task_mapping.py
[2026-04-02T05:27:54.459+0530] {processor.py:840} INFO - DAG(s) 'example_dynamic_task_mapping' retrieved from /Users/aswin/Documents/data-engineering-practice/ETL_Airflow_DBT/airflow/airflow_env/lib/python3.11/site-packages/airflow/example_dags/example_dynamic_task_mapping.py
[2026-04-02T05:27:54.513+0530] {logging_mixin.py:188} INFO - [2026-04-02T05:27:54.513+0530] {dag.py:3096} INFO - Sync 1 DAGs
[2026-04-02T05:27:54.525+0530] {logging_mixin.py:188} INFO - [2026-04-02T05:27:54.525+0530] {dag.py:3954} INFO - Setting next_dagrun for example_dynamic_task_mapping to 2022-03-04 00:00:00+00:00, run_after=2022-03-05 00:00:00+00:00
[2026-04-02T05:27:54.533+0530] {processor.py:183} INFO - Processing /Users/aswin/Documents/data-engineering-practice/ETL_Airflow_DBT/airflow/airflow_env/lib/python3.11/site-packages/airflow/example_dags/example_dynamic_task_mapping.py took 0.091 seconds
