[2026-03-11T05:30:04.580+0530] {processor.py:161} INFO - Started process (PID=35082) to work on /Users/aswin/Documents/data-engineering-practice/ETL_Airflow_DBT/airflow/airflow_env/lib/python3.11/site-packages/airflow/example_dags/example_task_group_decorator.py
[2026-03-11T05:30:04.580+0530] {processor.py:830} INFO - Processing file /Users/aswin/Documents/data-engineering-practice/ETL_Airflow_DBT/airflow/airflow_env/lib/python3.11/site-packages/airflow/example_dags/example_task_group_decorator.py for tasks to queue
[2026-03-11T05:30:04.580+0530] {logging_mixin.py:188} INFO - [2026-03-11T05:30:04.580+0530] {dagbag.py:540} INFO - Filling up the DagBag from /Users/aswin/Documents/data-engineering-practice/ETL_Airflow_DBT/airflow/airflow_env/lib/python3.11/site-packages/airflow/example_dags/example_task_group_decorator.py
[2026-03-11T05:30:04.597+0530] {processor.py:840} INFO - DAG(s) 'example_task_group_decorator' retrieved from /Users/aswin/Documents/data-engineering-practice/ETL_Airflow_DBT/airflow/airflow_env/lib/python3.11/site-packages/airflow/example_dags/example_task_group_decorator.py
[2026-03-11T05:30:04.628+0530] {logging_mixin.py:188} INFO - [2026-03-11T05:30:04.628+0530] {dag.py:3096} INFO - Sync 1 DAGs
[2026-03-11T05:30:04.634+0530] {logging_mixin.py:188} INFO - [2026-03-11T05:30:04.634+0530] {dag.py:3954} INFO - Setting next_dagrun for example_task_group_decorator to 2026-03-10 00:00:00+00:00, run_after=2026-03-11 00:00:00+00:00
[2026-03-11T05:30:04.640+0530] {processor.py:183} INFO - Processing /Users/aswin/Documents/data-engineering-practice/ETL_Airflow_DBT/airflow/airflow_env/lib/python3.11/site-packages/airflow/example_dags/example_task_group_decorator.py took 0.062 seconds
[2026-03-11T05:31:36.099+0530] {processor.py:161} INFO - Started process (PID=35167) to work on /Users/aswin/Documents/data-engineering-practice/ETL_Airflow_DBT/airflow/airflow_env/lib/python3.11/site-packages/airflow/example_dags/example_task_group_decorator.py
[2026-03-11T05:31:36.100+0530] {processor.py:830} INFO - Processing file /Users/aswin/Documents/data-engineering-practice/ETL_Airflow_DBT/airflow/airflow_env/lib/python3.11/site-packages/airflow/example_dags/example_task_group_decorator.py for tasks to queue
[2026-03-11T05:31:36.100+0530] {logging_mixin.py:188} INFO - [2026-03-11T05:31:36.100+0530] {dagbag.py:540} INFO - Filling up the DagBag from /Users/aswin/Documents/data-engineering-practice/ETL_Airflow_DBT/airflow/airflow_env/lib/python3.11/site-packages/airflow/example_dags/example_task_group_decorator.py
[2026-03-11T05:31:36.116+0530] {processor.py:840} INFO - DAG(s) 'example_task_group_decorator' retrieved from /Users/aswin/Documents/data-engineering-practice/ETL_Airflow_DBT/airflow/airflow_env/lib/python3.11/site-packages/airflow/example_dags/example_task_group_decorator.py
[2026-03-11T05:31:36.146+0530] {logging_mixin.py:188} INFO - [2026-03-11T05:31:36.146+0530] {dag.py:3096} INFO - Sync 1 DAGs
[2026-03-11T05:31:36.151+0530] {logging_mixin.py:188} INFO - [2026-03-11T05:31:36.151+0530] {dag.py:3954} INFO - Setting next_dagrun for example_task_group_decorator to 2026-03-10 00:00:00+00:00, run_after=2026-03-11 00:00:00+00:00
[2026-03-11T05:31:36.157+0530] {processor.py:183} INFO - Processing /Users/aswin/Documents/data-engineering-practice/ETL_Airflow_DBT/airflow/airflow_env/lib/python3.11/site-packages/airflow/example_dags/example_task_group_decorator.py took 0.059 seconds
[2026-03-11T05:33:10.398+0530] {processor.py:161} INFO - Started process (PID=35249) to work on /Users/aswin/Documents/data-engineering-practice/ETL_Airflow_DBT/airflow/airflow_env/lib/python3.11/site-packages/airflow/example_dags/example_task_group_decorator.py
[2026-03-11T05:33:10.399+0530] {processor.py:830} INFO - Processing file /Users/aswin/Documents/data-engineering-practice/ETL_Airflow_DBT/airflow/airflow_env/lib/python3.11/site-packages/airflow/example_dags/example_task_group_decorator.py for tasks to queue
[2026-03-11T05:33:10.399+0530] {logging_mixin.py:188} INFO - [2026-03-11T05:33:10.399+0530] {dagbag.py:540} INFO - Filling up the DagBag from /Users/aswin/Documents/data-engineering-practice/ETL_Airflow_DBT/airflow/airflow_env/lib/python3.11/site-packages/airflow/example_dags/example_task_group_decorator.py
[2026-03-11T05:33:10.415+0530] {processor.py:840} INFO - DAG(s) 'example_task_group_decorator' retrieved from /Users/aswin/Documents/data-engineering-practice/ETL_Airflow_DBT/airflow/airflow_env/lib/python3.11/site-packages/airflow/example_dags/example_task_group_decorator.py
[2026-03-11T05:33:10.446+0530] {logging_mixin.py:188} INFO - [2026-03-11T05:33:10.446+0530] {dag.py:3096} INFO - Sync 1 DAGs
[2026-03-11T05:33:10.452+0530] {logging_mixin.py:188} INFO - [2026-03-11T05:33:10.452+0530] {dag.py:3954} INFO - Setting next_dagrun for example_task_group_decorator to 2026-03-10 00:00:00+00:00, run_after=2026-03-11 00:00:00+00:00
[2026-03-11T05:33:10.458+0530] {processor.py:183} INFO - Processing /Users/aswin/Documents/data-engineering-practice/ETL_Airflow_DBT/airflow/airflow_env/lib/python3.11/site-packages/airflow/example_dags/example_task_group_decorator.py took 0.060 seconds
[2026-03-11T05:34:44.311+0530] {processor.py:161} INFO - Started process (PID=35323) to work on /Users/aswin/Documents/data-engineering-practice/ETL_Airflow_DBT/airflow/airflow_env/lib/python3.11/site-packages/airflow/example_dags/example_task_group_decorator.py
[2026-03-11T05:34:44.312+0530] {processor.py:830} INFO - Processing file /Users/aswin/Documents/data-engineering-practice/ETL_Airflow_DBT/airflow/airflow_env/lib/python3.11/site-packages/airflow/example_dags/example_task_group_decorator.py for tasks to queue
[2026-03-11T05:34:44.312+0530] {logging_mixin.py:188} INFO - [2026-03-11T05:34:44.312+0530] {dagbag.py:540} INFO - Filling up the DagBag from /Users/aswin/Documents/data-engineering-practice/ETL_Airflow_DBT/airflow/airflow_env/lib/python3.11/site-packages/airflow/example_dags/example_task_group_decorator.py
[2026-03-11T05:34:44.327+0530] {processor.py:840} INFO - DAG(s) 'example_task_group_decorator' retrieved from /Users/aswin/Documents/data-engineering-practice/ETL_Airflow_DBT/airflow/airflow_env/lib/python3.11/site-packages/airflow/example_dags/example_task_group_decorator.py
[2026-03-11T05:34:44.360+0530] {logging_mixin.py:188} INFO - [2026-03-11T05:34:44.359+0530] {dag.py:3096} INFO - Sync 1 DAGs
[2026-03-11T05:34:44.365+0530] {logging_mixin.py:188} INFO - [2026-03-11T05:34:44.365+0530] {dag.py:3954} INFO - Setting next_dagrun for example_task_group_decorator to 2026-03-10 00:00:00+00:00, run_after=2026-03-11 00:00:00+00:00
[2026-03-11T05:34:44.371+0530] {processor.py:183} INFO - Processing /Users/aswin/Documents/data-engineering-practice/ETL_Airflow_DBT/airflow/airflow_env/lib/python3.11/site-packages/airflow/example_dags/example_task_group_decorator.py took 0.061 seconds
[2026-03-11T05:36:20.190+0530] {processor.py:161} INFO - Started process (PID=35401) to work on /Users/aswin/Documents/data-engineering-practice/ETL_Airflow_DBT/airflow/airflow_env/lib/python3.11/site-packages/airflow/example_dags/example_task_group_decorator.py
[2026-03-11T05:36:20.191+0530] {processor.py:830} INFO - Processing file /Users/aswin/Documents/data-engineering-practice/ETL_Airflow_DBT/airflow/airflow_env/lib/python3.11/site-packages/airflow/example_dags/example_task_group_decorator.py for tasks to queue
[2026-03-11T05:36:20.191+0530] {logging_mixin.py:188} INFO - [2026-03-11T05:36:20.191+0530] {dagbag.py:540} INFO - Filling up the DagBag from /Users/aswin/Documents/data-engineering-practice/ETL_Airflow_DBT/airflow/airflow_env/lib/python3.11/site-packages/airflow/example_dags/example_task_group_decorator.py
[2026-03-11T05:36:20.206+0530] {processor.py:840} INFO - DAG(s) 'example_task_group_decorator' retrieved from /Users/aswin/Documents/data-engineering-practice/ETL_Airflow_DBT/airflow/airflow_env/lib/python3.11/site-packages/airflow/example_dags/example_task_group_decorator.py
[2026-03-11T05:36:20.236+0530] {logging_mixin.py:188} INFO - [2026-03-11T05:36:20.236+0530] {dag.py:3096} INFO - Sync 1 DAGs
[2026-03-11T05:36:20.241+0530] {logging_mixin.py:188} INFO - [2026-03-11T05:36:20.241+0530] {dag.py:3954} INFO - Setting next_dagrun for example_task_group_decorator to 2026-03-10 00:00:00+00:00, run_after=2026-03-11 00:00:00+00:00
[2026-03-11T05:36:20.247+0530] {processor.py:183} INFO - Processing /Users/aswin/Documents/data-engineering-practice/ETL_Airflow_DBT/airflow/airflow_env/lib/python3.11/site-packages/airflow/example_dags/example_task_group_decorator.py took 0.058 seconds
[2026-03-11T05:37:46.700+0530] {processor.py:161} INFO - Started process (PID=35481) to work on /Users/aswin/Documents/data-engineering-practice/ETL_Airflow_DBT/airflow/airflow_env/lib/python3.11/site-packages/airflow/example_dags/example_task_group_decorator.py
[2026-03-11T05:37:46.700+0530] {processor.py:830} INFO - Processing file /Users/aswin/Documents/data-engineering-practice/ETL_Airflow_DBT/airflow/airflow_env/lib/python3.11/site-packages/airflow/example_dags/example_task_group_decorator.py for tasks to queue
[2026-03-11T05:37:46.700+0530] {logging_mixin.py:188} INFO - [2026-03-11T05:37:46.700+0530] {dagbag.py:540} INFO - Filling up the DagBag from /Users/aswin/Documents/data-engineering-practice/ETL_Airflow_DBT/airflow/airflow_env/lib/python3.11/site-packages/airflow/example_dags/example_task_group_decorator.py
[2026-03-11T05:37:46.716+0530] {processor.py:840} INFO - DAG(s) 'example_task_group_decorator' retrieved from /Users/aswin/Documents/data-engineering-practice/ETL_Airflow_DBT/airflow/airflow_env/lib/python3.11/site-packages/airflow/example_dags/example_task_group_decorator.py
[2026-03-11T05:37:46.748+0530] {logging_mixin.py:188} INFO - [2026-03-11T05:37:46.748+0530] {dag.py:3096} INFO - Sync 1 DAGs
[2026-03-11T05:37:46.753+0530] {logging_mixin.py:188} INFO - [2026-03-11T05:37:46.753+0530] {dag.py:3954} INFO - Setting next_dagrun for example_task_group_decorator to 2026-03-10 00:00:00+00:00, run_after=2026-03-11 00:00:00+00:00
[2026-03-11T05:37:46.759+0530] {processor.py:183} INFO - Processing /Users/aswin/Documents/data-engineering-practice/ETL_Airflow_DBT/airflow/airflow_env/lib/python3.11/site-packages/airflow/example_dags/example_task_group_decorator.py took 0.060 seconds
[2026-03-11T05:39:23.702+0530] {processor.py:161} INFO - Started process (PID=35561) to work on /Users/aswin/Documents/data-engineering-practice/ETL_Airflow_DBT/airflow/airflow_env/lib/python3.11/site-packages/airflow/example_dags/example_task_group_decorator.py
[2026-03-11T05:39:23.703+0530] {processor.py:830} INFO - Processing file /Users/aswin/Documents/data-engineering-practice/ETL_Airflow_DBT/airflow/airflow_env/lib/python3.11/site-packages/airflow/example_dags/example_task_group_decorator.py for tasks to queue
[2026-03-11T05:39:23.703+0530] {logging_mixin.py:188} INFO - [2026-03-11T05:39:23.703+0530] {dagbag.py:540} INFO - Filling up the DagBag from /Users/aswin/Documents/data-engineering-practice/ETL_Airflow_DBT/airflow/airflow_env/lib/python3.11/site-packages/airflow/example_dags/example_task_group_decorator.py
[2026-03-11T05:39:23.719+0530] {processor.py:840} INFO - DAG(s) 'example_task_group_decorator' retrieved from /Users/aswin/Documents/data-engineering-practice/ETL_Airflow_DBT/airflow/airflow_env/lib/python3.11/site-packages/airflow/example_dags/example_task_group_decorator.py
[2026-03-11T05:39:23.749+0530] {logging_mixin.py:188} INFO - [2026-03-11T05:39:23.749+0530] {dag.py:3096} INFO - Sync 1 DAGs
[2026-03-11T05:39:23.754+0530] {logging_mixin.py:188} INFO - [2026-03-11T05:39:23.754+0530] {dag.py:3954} INFO - Setting next_dagrun for example_task_group_decorator to 2026-03-10 00:00:00+00:00, run_after=2026-03-11 00:00:00+00:00
[2026-03-11T05:39:23.759+0530] {processor.py:183} INFO - Processing /Users/aswin/Documents/data-engineering-practice/ETL_Airflow_DBT/airflow/airflow_env/lib/python3.11/site-packages/airflow/example_dags/example_task_group_decorator.py took 0.059 seconds
[2026-03-11T05:40:55.043+0530] {processor.py:161} INFO - Started process (PID=35636) to work on /Users/aswin/Documents/data-engineering-practice/ETL_Airflow_DBT/airflow/airflow_env/lib/python3.11/site-packages/airflow/example_dags/example_task_group_decorator.py
[2026-03-11T05:40:55.044+0530] {processor.py:830} INFO - Processing file /Users/aswin/Documents/data-engineering-practice/ETL_Airflow_DBT/airflow/airflow_env/lib/python3.11/site-packages/airflow/example_dags/example_task_group_decorator.py for tasks to queue
[2026-03-11T05:40:55.044+0530] {logging_mixin.py:188} INFO - [2026-03-11T05:40:55.044+0530] {dagbag.py:540} INFO - Filling up the DagBag from /Users/aswin/Documents/data-engineering-practice/ETL_Airflow_DBT/airflow/airflow_env/lib/python3.11/site-packages/airflow/example_dags/example_task_group_decorator.py
[2026-03-11T05:40:55.059+0530] {processor.py:840} INFO - DAG(s) 'example_task_group_decorator' retrieved from /Users/aswin/Documents/data-engineering-practice/ETL_Airflow_DBT/airflow/airflow_env/lib/python3.11/site-packages/airflow/example_dags/example_task_group_decorator.py
[2026-03-11T05:40:55.089+0530] {logging_mixin.py:188} INFO - [2026-03-11T05:40:55.089+0530] {dag.py:3096} INFO - Sync 1 DAGs
[2026-03-11T05:40:55.094+0530] {logging_mixin.py:188} INFO - [2026-03-11T05:40:55.094+0530] {dag.py:3954} INFO - Setting next_dagrun for example_task_group_decorator to 2026-03-10 00:00:00+00:00, run_after=2026-03-11 00:00:00+00:00
[2026-03-11T05:40:55.100+0530] {processor.py:183} INFO - Processing /Users/aswin/Documents/data-engineering-practice/ETL_Airflow_DBT/airflow/airflow_env/lib/python3.11/site-packages/airflow/example_dags/example_task_group_decorator.py took 0.058 seconds
[2026-03-11T05:42:29.304+0530] {processor.py:161} INFO - Started process (PID=35765) to work on /Users/aswin/Documents/data-engineering-practice/ETL_Airflow_DBT/airflow/airflow_env/lib/python3.11/site-packages/airflow/example_dags/example_task_group_decorator.py
[2026-03-11T05:42:29.305+0530] {processor.py:830} INFO - Processing file /Users/aswin/Documents/data-engineering-practice/ETL_Airflow_DBT/airflow/airflow_env/lib/python3.11/site-packages/airflow/example_dags/example_task_group_decorator.py for tasks to queue
[2026-03-11T05:42:29.305+0530] {logging_mixin.py:188} INFO - [2026-03-11T05:42:29.305+0530] {dagbag.py:540} INFO - Filling up the DagBag from /Users/aswin/Documents/data-engineering-practice/ETL_Airflow_DBT/airflow/airflow_env/lib/python3.11/site-packages/airflow/example_dags/example_task_group_decorator.py
[2026-03-11T05:42:29.322+0530] {processor.py:840} INFO - DAG(s) 'example_task_group_decorator' retrieved from /Users/aswin/Documents/data-engineering-practice/ETL_Airflow_DBT/airflow/airflow_env/lib/python3.11/site-packages/airflow/example_dags/example_task_group_decorator.py
[2026-03-11T05:42:29.355+0530] {logging_mixin.py:188} INFO - [2026-03-11T05:42:29.354+0530] {dag.py:3096} INFO - Sync 1 DAGs
[2026-03-11T05:42:29.360+0530] {logging_mixin.py:188} INFO - [2026-03-11T05:42:29.360+0530] {dag.py:3954} INFO - Setting next_dagrun for example_task_group_decorator to 2026-03-10 00:00:00+00:00, run_after=2026-03-11 00:00:00+00:00
[2026-03-11T05:42:29.366+0530] {processor.py:183} INFO - Processing /Users/aswin/Documents/data-engineering-practice/ETL_Airflow_DBT/airflow/airflow_env/lib/python3.11/site-packages/airflow/example_dags/example_task_group_decorator.py took 0.063 seconds
[2026-03-11T05:44:04.483+0530] {processor.py:161} INFO - Started process (PID=35912) to work on /Users/aswin/Documents/data-engineering-practice/ETL_Airflow_DBT/airflow/airflow_env/lib/python3.11/site-packages/airflow/example_dags/example_task_group_decorator.py
[2026-03-11T05:44:04.484+0530] {processor.py:830} INFO - Processing file /Users/aswin/Documents/data-engineering-practice/ETL_Airflow_DBT/airflow/airflow_env/lib/python3.11/site-packages/airflow/example_dags/example_task_group_decorator.py for tasks to queue
[2026-03-11T05:44:04.484+0530] {logging_mixin.py:188} INFO - [2026-03-11T05:44:04.484+0530] {dagbag.py:540} INFO - Filling up the DagBag from /Users/aswin/Documents/data-engineering-practice/ETL_Airflow_DBT/airflow/airflow_env/lib/python3.11/site-packages/airflow/example_dags/example_task_group_decorator.py
[2026-03-11T05:44:04.499+0530] {processor.py:840} INFO - DAG(s) 'example_task_group_decorator' retrieved from /Users/aswin/Documents/data-engineering-practice/ETL_Airflow_DBT/airflow/airflow_env/lib/python3.11/site-packages/airflow/example_dags/example_task_group_decorator.py
[2026-03-11T05:44:04.530+0530] {logging_mixin.py:188} INFO - [2026-03-11T05:44:04.529+0530] {dag.py:3096} INFO - Sync 1 DAGs
[2026-03-11T05:44:04.534+0530] {logging_mixin.py:188} INFO - [2026-03-11T05:44:04.534+0530] {dag.py:3954} INFO - Setting next_dagrun for example_task_group_decorator to 2026-03-10 00:00:00+00:00, run_after=2026-03-11 00:00:00+00:00
[2026-03-11T05:44:04.540+0530] {processor.py:183} INFO - Processing /Users/aswin/Documents/data-engineering-practice/ETL_Airflow_DBT/airflow/airflow_env/lib/python3.11/site-packages/airflow/example_dags/example_task_group_decorator.py took 0.057 seconds
[2026-03-11T05:45:45.420+0530] {processor.py:161} INFO - Started process (PID=36017) to work on /Users/aswin/Documents/data-engineering-practice/ETL_Airflow_DBT/airflow/airflow_env/lib/python3.11/site-packages/airflow/example_dags/example_task_group_decorator.py
[2026-03-11T05:45:45.421+0530] {processor.py:830} INFO - Processing file /Users/aswin/Documents/data-engineering-practice/ETL_Airflow_DBT/airflow/airflow_env/lib/python3.11/site-packages/airflow/example_dags/example_task_group_decorator.py for tasks to queue
[2026-03-11T05:45:45.421+0530] {logging_mixin.py:188} INFO - [2026-03-11T05:45:45.421+0530] {dagbag.py:540} INFO - Filling up the DagBag from /Users/aswin/Documents/data-engineering-practice/ETL_Airflow_DBT/airflow/airflow_env/lib/python3.11/site-packages/airflow/example_dags/example_task_group_decorator.py
[2026-03-11T05:45:45.437+0530] {processor.py:840} INFO - DAG(s) 'example_task_group_decorator' retrieved from /Users/aswin/Documents/data-engineering-practice/ETL_Airflow_DBT/airflow/airflow_env/lib/python3.11/site-packages/airflow/example_dags/example_task_group_decorator.py
[2026-03-11T05:45:45.470+0530] {logging_mixin.py:188} INFO - [2026-03-11T05:45:45.470+0530] {dag.py:3096} INFO - Sync 1 DAGs
[2026-03-11T05:45:45.476+0530] {logging_mixin.py:188} INFO - [2026-03-11T05:45:45.476+0530] {dag.py:3954} INFO - Setting next_dagrun for example_task_group_decorator to 2026-03-10 00:00:00+00:00, run_after=2026-03-11 00:00:00+00:00
[2026-03-11T05:45:45.483+0530] {processor.py:183} INFO - Processing /Users/aswin/Documents/data-engineering-practice/ETL_Airflow_DBT/airflow/airflow_env/lib/python3.11/site-packages/airflow/example_dags/example_task_group_decorator.py took 0.064 seconds
[2026-03-11T05:47:18.403+0530] {processor.py:161} INFO - Started process (PID=36098) to work on /Users/aswin/Documents/data-engineering-practice/ETL_Airflow_DBT/airflow/airflow_env/lib/python3.11/site-packages/airflow/example_dags/example_task_group_decorator.py
[2026-03-11T05:47:18.403+0530] {processor.py:830} INFO - Processing file /Users/aswin/Documents/data-engineering-practice/ETL_Airflow_DBT/airflow/airflow_env/lib/python3.11/site-packages/airflow/example_dags/example_task_group_decorator.py for tasks to queue
[2026-03-11T05:47:18.403+0530] {logging_mixin.py:188} INFO - [2026-03-11T05:47:18.403+0530] {dagbag.py:540} INFO - Filling up the DagBag from /Users/aswin/Documents/data-engineering-practice/ETL_Airflow_DBT/airflow/airflow_env/lib/python3.11/site-packages/airflow/example_dags/example_task_group_decorator.py
[2026-03-11T05:47:18.419+0530] {processor.py:840} INFO - DAG(s) 'example_task_group_decorator' retrieved from /Users/aswin/Documents/data-engineering-practice/ETL_Airflow_DBT/airflow/airflow_env/lib/python3.11/site-packages/airflow/example_dags/example_task_group_decorator.py
[2026-03-11T05:47:18.451+0530] {logging_mixin.py:188} INFO - [2026-03-11T05:47:18.451+0530] {dag.py:3096} INFO - Sync 1 DAGs
[2026-03-11T05:47:18.456+0530] {logging_mixin.py:188} INFO - [2026-03-11T05:47:18.456+0530] {dag.py:3954} INFO - Setting next_dagrun for example_task_group_decorator to 2026-03-10 00:00:00+00:00, run_after=2026-03-11 00:00:00+00:00
[2026-03-11T05:47:18.462+0530] {processor.py:183} INFO - Processing /Users/aswin/Documents/data-engineering-practice/ETL_Airflow_DBT/airflow/airflow_env/lib/python3.11/site-packages/airflow/example_dags/example_task_group_decorator.py took 0.061 seconds
[2026-03-11T05:48:48.036+0530] {processor.py:161} INFO - Started process (PID=36168) to work on /Users/aswin/Documents/data-engineering-practice/ETL_Airflow_DBT/airflow/airflow_env/lib/python3.11/site-packages/airflow/example_dags/example_task_group_decorator.py
[2026-03-11T05:48:48.036+0530] {processor.py:830} INFO - Processing file /Users/aswin/Documents/data-engineering-practice/ETL_Airflow_DBT/airflow/airflow_env/lib/python3.11/site-packages/airflow/example_dags/example_task_group_decorator.py for tasks to queue
[2026-03-11T05:48:48.036+0530] {logging_mixin.py:188} INFO - [2026-03-11T05:48:48.036+0530] {dagbag.py:540} INFO - Filling up the DagBag from /Users/aswin/Documents/data-engineering-practice/ETL_Airflow_DBT/airflow/airflow_env/lib/python3.11/site-packages/airflow/example_dags/example_task_group_decorator.py
[2026-03-11T05:48:48.051+0530] {processor.py:840} INFO - DAG(s) 'example_task_group_decorator' retrieved from /Users/aswin/Documents/data-engineering-practice/ETL_Airflow_DBT/airflow/airflow_env/lib/python3.11/site-packages/airflow/example_dags/example_task_group_decorator.py
[2026-03-11T05:48:48.082+0530] {logging_mixin.py:188} INFO - [2026-03-11T05:48:48.082+0530] {dag.py:3096} INFO - Sync 1 DAGs
[2026-03-11T05:48:48.087+0530] {logging_mixin.py:188} INFO - [2026-03-11T05:48:48.086+0530] {dag.py:3954} INFO - Setting next_dagrun for example_task_group_decorator to 2026-03-10 00:00:00+00:00, run_after=2026-03-11 00:00:00+00:00
[2026-03-11T05:48:48.092+0530] {processor.py:183} INFO - Processing /Users/aswin/Documents/data-engineering-practice/ETL_Airflow_DBT/airflow/airflow_env/lib/python3.11/site-packages/airflow/example_dags/example_task_group_decorator.py took 0.057 seconds
[2026-03-11T05:50:20.313+0530] {processor.py:161} INFO - Started process (PID=36248) to work on /Users/aswin/Documents/data-engineering-practice/ETL_Airflow_DBT/airflow/airflow_env/lib/python3.11/site-packages/airflow/example_dags/example_task_group_decorator.py
[2026-03-11T05:50:20.314+0530] {processor.py:830} INFO - Processing file /Users/aswin/Documents/data-engineering-practice/ETL_Airflow_DBT/airflow/airflow_env/lib/python3.11/site-packages/airflow/example_dags/example_task_group_decorator.py for tasks to queue
[2026-03-11T05:50:20.314+0530] {logging_mixin.py:188} INFO - [2026-03-11T05:50:20.314+0530] {dagbag.py:540} INFO - Filling up the DagBag from /Users/aswin/Documents/data-engineering-practice/ETL_Airflow_DBT/airflow/airflow_env/lib/python3.11/site-packages/airflow/example_dags/example_task_group_decorator.py
[2026-03-11T05:50:20.329+0530] {processor.py:840} INFO - DAG(s) 'example_task_group_decorator' retrieved from /Users/aswin/Documents/data-engineering-practice/ETL_Airflow_DBT/airflow/airflow_env/lib/python3.11/site-packages/airflow/example_dags/example_task_group_decorator.py
[2026-03-11T05:50:20.359+0530] {logging_mixin.py:188} INFO - [2026-03-11T05:50:20.359+0530] {dag.py:3096} INFO - Sync 1 DAGs
[2026-03-11T05:50:20.364+0530] {logging_mixin.py:188} INFO - [2026-03-11T05:50:20.364+0530] {dag.py:3954} INFO - Setting next_dagrun for example_task_group_decorator to 2026-03-10 00:00:00+00:00, run_after=2026-03-11 00:00:00+00:00
[2026-03-11T05:50:20.369+0530] {processor.py:183} INFO - Processing /Users/aswin/Documents/data-engineering-practice/ETL_Airflow_DBT/airflow/airflow_env/lib/python3.11/site-packages/airflow/example_dags/example_task_group_decorator.py took 0.057 seconds
[2026-03-11T05:51:57.300+0530] {processor.py:161} INFO - Started process (PID=36401) to work on /Users/aswin/Documents/data-engineering-practice/ETL_Airflow_DBT/airflow/airflow_env/lib/python3.11/site-packages/airflow/example_dags/example_task_group_decorator.py
[2026-03-11T05:51:57.300+0530] {processor.py:830} INFO - Processing file /Users/aswin/Documents/data-engineering-practice/ETL_Airflow_DBT/airflow/airflow_env/lib/python3.11/site-packages/airflow/example_dags/example_task_group_decorator.py for tasks to queue
[2026-03-11T05:51:57.300+0530] {logging_mixin.py:188} INFO - [2026-03-11T05:51:57.300+0530] {dagbag.py:540} INFO - Filling up the DagBag from /Users/aswin/Documents/data-engineering-practice/ETL_Airflow_DBT/airflow/airflow_env/lib/python3.11/site-packages/airflow/example_dags/example_task_group_decorator.py
[2026-03-11T05:51:57.316+0530] {processor.py:840} INFO - DAG(s) 'example_task_group_decorator' retrieved from /Users/aswin/Documents/data-engineering-practice/ETL_Airflow_DBT/airflow/airflow_env/lib/python3.11/site-packages/airflow/example_dags/example_task_group_decorator.py
[2026-03-11T05:51:57.346+0530] {logging_mixin.py:188} INFO - [2026-03-11T05:51:57.346+0530] {dag.py:3096} INFO - Sync 1 DAGs
[2026-03-11T05:51:57.351+0530] {logging_mixin.py:188} INFO - [2026-03-11T05:51:57.351+0530] {dag.py:3954} INFO - Setting next_dagrun for example_task_group_decorator to 2026-03-10 00:00:00+00:00, run_after=2026-03-11 00:00:00+00:00
[2026-03-11T05:51:57.356+0530] {processor.py:183} INFO - Processing /Users/aswin/Documents/data-engineering-practice/ETL_Airflow_DBT/airflow/airflow_env/lib/python3.11/site-packages/airflow/example_dags/example_task_group_decorator.py took 0.058 seconds
[2026-03-11T05:53:28.755+0530] {processor.py:161} INFO - Started process (PID=36507) to work on /Users/aswin/Documents/data-engineering-practice/ETL_Airflow_DBT/airflow/airflow_env/lib/python3.11/site-packages/airflow/example_dags/example_task_group_decorator.py
[2026-03-11T05:53:28.756+0530] {processor.py:830} INFO - Processing file /Users/aswin/Documents/data-engineering-practice/ETL_Airflow_DBT/airflow/airflow_env/lib/python3.11/site-packages/airflow/example_dags/example_task_group_decorator.py for tasks to queue
[2026-03-11T05:53:28.756+0530] {logging_mixin.py:188} INFO - [2026-03-11T05:53:28.756+0530] {dagbag.py:540} INFO - Filling up the DagBag from /Users/aswin/Documents/data-engineering-practice/ETL_Airflow_DBT/airflow/airflow_env/lib/python3.11/site-packages/airflow/example_dags/example_task_group_decorator.py
[2026-03-11T05:53:28.771+0530] {processor.py:840} INFO - DAG(s) 'example_task_group_decorator' retrieved from /Users/aswin/Documents/data-engineering-practice/ETL_Airflow_DBT/airflow/airflow_env/lib/python3.11/site-packages/airflow/example_dags/example_task_group_decorator.py
[2026-03-11T05:53:28.802+0530] {logging_mixin.py:188} INFO - [2026-03-11T05:53:28.802+0530] {dag.py:3096} INFO - Sync 1 DAGs
[2026-03-11T05:53:28.807+0530] {logging_mixin.py:188} INFO - [2026-03-11T05:53:28.807+0530] {dag.py:3954} INFO - Setting next_dagrun for example_task_group_decorator to 2026-03-10 00:00:00+00:00, run_after=2026-03-11 00:00:00+00:00
[2026-03-11T05:53:28.813+0530] {processor.py:183} INFO - Processing /Users/aswin/Documents/data-engineering-practice/ETL_Airflow_DBT/airflow/airflow_env/lib/python3.11/site-packages/airflow/example_dags/example_task_group_decorator.py took 0.059 seconds
[2026-03-11T05:55:03.099+0530] {processor.py:161} INFO - Started process (PID=36601) to work on /Users/aswin/Documents/data-engineering-practice/ETL_Airflow_DBT/airflow/airflow_env/lib/python3.11/site-packages/airflow/example_dags/example_task_group_decorator.py
[2026-03-11T05:55:03.100+0530] {processor.py:830} INFO - Processing file /Users/aswin/Documents/data-engineering-practice/ETL_Airflow_DBT/airflow/airflow_env/lib/python3.11/site-packages/airflow/example_dags/example_task_group_decorator.py for tasks to queue
[2026-03-11T05:55:03.100+0530] {logging_mixin.py:188} INFO - [2026-03-11T05:55:03.100+0530] {dagbag.py:540} INFO - Filling up the DagBag from /Users/aswin/Documents/data-engineering-practice/ETL_Airflow_DBT/airflow/airflow_env/lib/python3.11/site-packages/airflow/example_dags/example_task_group_decorator.py
[2026-03-11T05:55:03.116+0530] {processor.py:840} INFO - DAG(s) 'example_task_group_decorator' retrieved from /Users/aswin/Documents/data-engineering-practice/ETL_Airflow_DBT/airflow/airflow_env/lib/python3.11/site-packages/airflow/example_dags/example_task_group_decorator.py
[2026-03-11T05:55:03.146+0530] {logging_mixin.py:188} INFO - [2026-03-11T05:55:03.146+0530] {dag.py:3096} INFO - Sync 1 DAGs
[2026-03-11T05:55:03.151+0530] {logging_mixin.py:188} INFO - [2026-03-11T05:55:03.151+0530] {dag.py:3954} INFO - Setting next_dagrun for example_task_group_decorator to 2026-03-10 00:00:00+00:00, run_after=2026-03-11 00:00:00+00:00
[2026-03-11T05:55:03.156+0530] {processor.py:183} INFO - Processing /Users/aswin/Documents/data-engineering-practice/ETL_Airflow_DBT/airflow/airflow_env/lib/python3.11/site-packages/airflow/example_dags/example_task_group_decorator.py took 0.058 seconds
[2026-03-11T05:56:34.674+0530] {processor.py:161} INFO - Started process (PID=36677) to work on /Users/aswin/Documents/data-engineering-practice/ETL_Airflow_DBT/airflow/airflow_env/lib/python3.11/site-packages/airflow/example_dags/example_task_group_decorator.py
[2026-03-11T05:56:34.676+0530] {processor.py:830} INFO - Processing file /Users/aswin/Documents/data-engineering-practice/ETL_Airflow_DBT/airflow/airflow_env/lib/python3.11/site-packages/airflow/example_dags/example_task_group_decorator.py for tasks to queue
[2026-03-11T05:56:34.676+0530] {logging_mixin.py:188} INFO - [2026-03-11T05:56:34.676+0530] {dagbag.py:540} INFO - Filling up the DagBag from /Users/aswin/Documents/data-engineering-practice/ETL_Airflow_DBT/airflow/airflow_env/lib/python3.11/site-packages/airflow/example_dags/example_task_group_decorator.py
[2026-03-11T05:56:34.692+0530] {processor.py:840} INFO - DAG(s) 'example_task_group_decorator' retrieved from /Users/aswin/Documents/data-engineering-practice/ETL_Airflow_DBT/airflow/airflow_env/lib/python3.11/site-packages/airflow/example_dags/example_task_group_decorator.py
[2026-03-11T05:56:34.723+0530] {logging_mixin.py:188} INFO - [2026-03-11T05:56:34.723+0530] {dag.py:3096} INFO - Sync 1 DAGs
[2026-03-11T05:56:34.729+0530] {logging_mixin.py:188} INFO - [2026-03-11T05:56:34.729+0530] {dag.py:3954} INFO - Setting next_dagrun for example_task_group_decorator to 2026-03-10 00:00:00+00:00, run_after=2026-03-11 00:00:00+00:00
[2026-03-11T05:56:34.735+0530] {processor.py:183} INFO - Processing /Users/aswin/Documents/data-engineering-practice/ETL_Airflow_DBT/airflow/airflow_env/lib/python3.11/site-packages/airflow/example_dags/example_task_group_decorator.py took 0.061 seconds
[2026-03-11T05:58:12.315+0530] {processor.py:161} INFO - Started process (PID=36757) to work on /Users/aswin/Documents/data-engineering-practice/ETL_Airflow_DBT/airflow/airflow_env/lib/python3.11/site-packages/airflow/example_dags/example_task_group_decorator.py
[2026-03-11T05:58:12.316+0530] {processor.py:830} INFO - Processing file /Users/aswin/Documents/data-engineering-practice/ETL_Airflow_DBT/airflow/airflow_env/lib/python3.11/site-packages/airflow/example_dags/example_task_group_decorator.py for tasks to queue
[2026-03-11T05:58:12.316+0530] {logging_mixin.py:188} INFO - [2026-03-11T05:58:12.316+0530] {dagbag.py:540} INFO - Filling up the DagBag from /Users/aswin/Documents/data-engineering-practice/ETL_Airflow_DBT/airflow/airflow_env/lib/python3.11/site-packages/airflow/example_dags/example_task_group_decorator.py
[2026-03-11T05:58:12.332+0530] {processor.py:840} INFO - DAG(s) 'example_task_group_decorator' retrieved from /Users/aswin/Documents/data-engineering-practice/ETL_Airflow_DBT/airflow/airflow_env/lib/python3.11/site-packages/airflow/example_dags/example_task_group_decorator.py
[2026-03-11T05:58:12.363+0530] {logging_mixin.py:188} INFO - [2026-03-11T05:58:12.362+0530] {dag.py:3096} INFO - Sync 1 DAGs
[2026-03-11T05:58:12.367+0530] {logging_mixin.py:188} INFO - [2026-03-11T05:58:12.367+0530] {dag.py:3954} INFO - Setting next_dagrun for example_task_group_decorator to 2026-03-10 00:00:00+00:00, run_after=2026-03-11 00:00:00+00:00
[2026-03-11T05:58:12.373+0530] {processor.py:183} INFO - Processing /Users/aswin/Documents/data-engineering-practice/ETL_Airflow_DBT/airflow/airflow_env/lib/python3.11/site-packages/airflow/example_dags/example_task_group_decorator.py took 0.060 seconds
[2026-03-11T05:59:44.063+0530] {processor.py:161} INFO - Started process (PID=36833) to work on /Users/aswin/Documents/data-engineering-practice/ETL_Airflow_DBT/airflow/airflow_env/lib/python3.11/site-packages/airflow/example_dags/example_task_group_decorator.py
[2026-03-11T05:59:44.064+0530] {processor.py:830} INFO - Processing file /Users/aswin/Documents/data-engineering-practice/ETL_Airflow_DBT/airflow/airflow_env/lib/python3.11/site-packages/airflow/example_dags/example_task_group_decorator.py for tasks to queue
[2026-03-11T05:59:44.064+0530] {logging_mixin.py:188} INFO - [2026-03-11T05:59:44.064+0530] {dagbag.py:540} INFO - Filling up the DagBag from /Users/aswin/Documents/data-engineering-practice/ETL_Airflow_DBT/airflow/airflow_env/lib/python3.11/site-packages/airflow/example_dags/example_task_group_decorator.py
[2026-03-11T05:59:44.080+0530] {processor.py:840} INFO - DAG(s) 'example_task_group_decorator' retrieved from /Users/aswin/Documents/data-engineering-practice/ETL_Airflow_DBT/airflow/airflow_env/lib/python3.11/site-packages/airflow/example_dags/example_task_group_decorator.py
[2026-03-11T05:59:44.110+0530] {logging_mixin.py:188} INFO - [2026-03-11T05:59:44.110+0530] {dag.py:3096} INFO - Sync 1 DAGs
[2026-03-11T05:59:44.115+0530] {logging_mixin.py:188} INFO - [2026-03-11T05:59:44.114+0530] {dag.py:3954} INFO - Setting next_dagrun for example_task_group_decorator to 2026-03-10 00:00:00+00:00, run_after=2026-03-11 00:00:00+00:00
[2026-03-11T05:59:44.120+0530] {processor.py:183} INFO - Processing /Users/aswin/Documents/data-engineering-practice/ETL_Airflow_DBT/airflow/airflow_env/lib/python3.11/site-packages/airflow/example_dags/example_task_group_decorator.py took 0.058 seconds
[2026-03-11T06:01:16.467+0530] {processor.py:161} INFO - Started process (PID=36912) to work on /Users/aswin/Documents/data-engineering-practice/ETL_Airflow_DBT/airflow/airflow_env/lib/python3.11/site-packages/airflow/example_dags/example_task_group_decorator.py
[2026-03-11T06:01:16.468+0530] {processor.py:830} INFO - Processing file /Users/aswin/Documents/data-engineering-practice/ETL_Airflow_DBT/airflow/airflow_env/lib/python3.11/site-packages/airflow/example_dags/example_task_group_decorator.py for tasks to queue
[2026-03-11T06:01:16.468+0530] {logging_mixin.py:188} INFO - [2026-03-11T06:01:16.468+0530] {dagbag.py:540} INFO - Filling up the DagBag from /Users/aswin/Documents/data-engineering-practice/ETL_Airflow_DBT/airflow/airflow_env/lib/python3.11/site-packages/airflow/example_dags/example_task_group_decorator.py
[2026-03-11T06:01:16.483+0530] {processor.py:840} INFO - DAG(s) 'example_task_group_decorator' retrieved from /Users/aswin/Documents/data-engineering-practice/ETL_Airflow_DBT/airflow/airflow_env/lib/python3.11/site-packages/airflow/example_dags/example_task_group_decorator.py
[2026-03-11T06:01:16.513+0530] {logging_mixin.py:188} INFO - [2026-03-11T06:01:16.513+0530] {dag.py:3096} INFO - Sync 1 DAGs
[2026-03-11T06:01:16.518+0530] {logging_mixin.py:188} INFO - [2026-03-11T06:01:16.518+0530] {dag.py:3954} INFO - Setting next_dagrun for example_task_group_decorator to 2026-03-10 00:00:00+00:00, run_after=2026-03-11 00:00:00+00:00
[2026-03-11T06:01:16.524+0530] {processor.py:183} INFO - Processing /Users/aswin/Documents/data-engineering-practice/ETL_Airflow_DBT/airflow/airflow_env/lib/python3.11/site-packages/airflow/example_dags/example_task_group_decorator.py took 0.057 seconds
[2026-03-11T06:02:58.463+0530] {processor.py:161} INFO - Started process (PID=37001) to work on /Users/aswin/Documents/data-engineering-practice/ETL_Airflow_DBT/airflow/airflow_env/lib/python3.11/site-packages/airflow/example_dags/example_task_group_decorator.py
[2026-03-11T06:02:58.464+0530] {processor.py:830} INFO - Processing file /Users/aswin/Documents/data-engineering-practice/ETL_Airflow_DBT/airflow/airflow_env/lib/python3.11/site-packages/airflow/example_dags/example_task_group_decorator.py for tasks to queue
[2026-03-11T06:02:58.464+0530] {logging_mixin.py:188} INFO - [2026-03-11T06:02:58.464+0530] {dagbag.py:540} INFO - Filling up the DagBag from /Users/aswin/Documents/data-engineering-practice/ETL_Airflow_DBT/airflow/airflow_env/lib/python3.11/site-packages/airflow/example_dags/example_task_group_decorator.py
[2026-03-11T06:02:58.479+0530] {processor.py:840} INFO - DAG(s) 'example_task_group_decorator' retrieved from /Users/aswin/Documents/data-engineering-practice/ETL_Airflow_DBT/airflow/airflow_env/lib/python3.11/site-packages/airflow/example_dags/example_task_group_decorator.py
[2026-03-11T06:02:58.510+0530] {logging_mixin.py:188} INFO - [2026-03-11T06:02:58.510+0530] {dag.py:3096} INFO - Sync 1 DAGs
[2026-03-11T06:02:58.515+0530] {logging_mixin.py:188} INFO - [2026-03-11T06:02:58.515+0530] {dag.py:3954} INFO - Setting next_dagrun for example_task_group_decorator to 2026-03-10 00:00:00+00:00, run_after=2026-03-11 00:00:00+00:00
[2026-03-11T06:02:58.521+0530] {processor.py:183} INFO - Processing /Users/aswin/Documents/data-engineering-practice/ETL_Airflow_DBT/airflow/airflow_env/lib/python3.11/site-packages/airflow/example_dags/example_task_group_decorator.py took 0.058 seconds
[2026-03-11T06:04:33.317+0530] {processor.py:161} INFO - Started process (PID=37074) to work on /Users/aswin/Documents/data-engineering-practice/ETL_Airflow_DBT/airflow/airflow_env/lib/python3.11/site-packages/airflow/example_dags/example_task_group_decorator.py
[2026-03-11T06:04:33.318+0530] {processor.py:830} INFO - Processing file /Users/aswin/Documents/data-engineering-practice/ETL_Airflow_DBT/airflow/airflow_env/lib/python3.11/site-packages/airflow/example_dags/example_task_group_decorator.py for tasks to queue
[2026-03-11T06:04:33.318+0530] {logging_mixin.py:188} INFO - [2026-03-11T06:04:33.318+0530] {dagbag.py:540} INFO - Filling up the DagBag from /Users/aswin/Documents/data-engineering-practice/ETL_Airflow_DBT/airflow/airflow_env/lib/python3.11/site-packages/airflow/example_dags/example_task_group_decorator.py
[2026-03-11T06:04:33.334+0530] {processor.py:840} INFO - DAG(s) 'example_task_group_decorator' retrieved from /Users/aswin/Documents/data-engineering-practice/ETL_Airflow_DBT/airflow/airflow_env/lib/python3.11/site-packages/airflow/example_dags/example_task_group_decorator.py
[2026-03-11T06:04:33.364+0530] {logging_mixin.py:188} INFO - [2026-03-11T06:04:33.364+0530] {dag.py:3096} INFO - Sync 1 DAGs
[2026-03-11T06:04:33.369+0530] {logging_mixin.py:188} INFO - [2026-03-11T06:04:33.369+0530] {dag.py:3954} INFO - Setting next_dagrun for example_task_group_decorator to 2026-03-10 00:00:00+00:00, run_after=2026-03-11 00:00:00+00:00
[2026-03-11T06:04:33.375+0530] {processor.py:183} INFO - Processing /Users/aswin/Documents/data-engineering-practice/ETL_Airflow_DBT/airflow/airflow_env/lib/python3.11/site-packages/airflow/example_dags/example_task_group_decorator.py took 0.058 seconds
[2026-03-11T06:06:07.181+0530] {processor.py:161} INFO - Started process (PID=37148) to work on /Users/aswin/Documents/data-engineering-practice/ETL_Airflow_DBT/airflow/airflow_env/lib/python3.11/site-packages/airflow/example_dags/example_task_group_decorator.py
[2026-03-11T06:06:07.182+0530] {processor.py:830} INFO - Processing file /Users/aswin/Documents/data-engineering-practice/ETL_Airflow_DBT/airflow/airflow_env/lib/python3.11/site-packages/airflow/example_dags/example_task_group_decorator.py for tasks to queue
[2026-03-11T06:06:07.182+0530] {logging_mixin.py:188} INFO - [2026-03-11T06:06:07.182+0530] {dagbag.py:540} INFO - Filling up the DagBag from /Users/aswin/Documents/data-engineering-practice/ETL_Airflow_DBT/airflow/airflow_env/lib/python3.11/site-packages/airflow/example_dags/example_task_group_decorator.py
[2026-03-11T06:06:07.198+0530] {processor.py:840} INFO - DAG(s) 'example_task_group_decorator' retrieved from /Users/aswin/Documents/data-engineering-practice/ETL_Airflow_DBT/airflow/airflow_env/lib/python3.11/site-packages/airflow/example_dags/example_task_group_decorator.py
[2026-03-11T06:06:07.230+0530] {logging_mixin.py:188} INFO - [2026-03-11T06:06:07.230+0530] {dag.py:3096} INFO - Sync 1 DAGs
[2026-03-11T06:06:07.235+0530] {logging_mixin.py:188} INFO - [2026-03-11T06:06:07.235+0530] {dag.py:3954} INFO - Setting next_dagrun for example_task_group_decorator to 2026-03-10 00:00:00+00:00, run_after=2026-03-11 00:00:00+00:00
[2026-03-11T06:06:07.241+0530] {processor.py:183} INFO - Processing /Users/aswin/Documents/data-engineering-practice/ETL_Airflow_DBT/airflow/airflow_env/lib/python3.11/site-packages/airflow/example_dags/example_task_group_decorator.py took 0.060 seconds
[2026-03-11T06:07:48.821+0530] {processor.py:161} INFO - Started process (PID=37239) to work on /Users/aswin/Documents/data-engineering-practice/ETL_Airflow_DBT/airflow/airflow_env/lib/python3.11/site-packages/airflow/example_dags/example_task_group_decorator.py
[2026-03-11T06:07:48.821+0530] {processor.py:830} INFO - Processing file /Users/aswin/Documents/data-engineering-practice/ETL_Airflow_DBT/airflow/airflow_env/lib/python3.11/site-packages/airflow/example_dags/example_task_group_decorator.py for tasks to queue
[2026-03-11T06:07:48.821+0530] {logging_mixin.py:188} INFO - [2026-03-11T06:07:48.821+0530] {dagbag.py:540} INFO - Filling up the DagBag from /Users/aswin/Documents/data-engineering-practice/ETL_Airflow_DBT/airflow/airflow_env/lib/python3.11/site-packages/airflow/example_dags/example_task_group_decorator.py
[2026-03-11T06:07:48.837+0530] {processor.py:840} INFO - DAG(s) 'example_task_group_decorator' retrieved from /Users/aswin/Documents/data-engineering-practice/ETL_Airflow_DBT/airflow/airflow_env/lib/python3.11/site-packages/airflow/example_dags/example_task_group_decorator.py
[2026-03-11T06:07:48.867+0530] {logging_mixin.py:188} INFO - [2026-03-11T06:07:48.867+0530] {dag.py:3096} INFO - Sync 1 DAGs
[2026-03-11T06:07:48.872+0530] {logging_mixin.py:188} INFO - [2026-03-11T06:07:48.872+0530] {dag.py:3954} INFO - Setting next_dagrun for example_task_group_decorator to 2026-03-10 00:00:00+00:00, run_after=2026-03-11 00:00:00+00:00
[2026-03-11T06:07:48.877+0530] {processor.py:183} INFO - Processing /Users/aswin/Documents/data-engineering-practice/ETL_Airflow_DBT/airflow/airflow_env/lib/python3.11/site-packages/airflow/example_dags/example_task_group_decorator.py took 0.058 seconds
[2026-03-11T06:09:24.848+0530] {processor.py:161} INFO - Started process (PID=37329) to work on /Users/aswin/Documents/data-engineering-practice/ETL_Airflow_DBT/airflow/airflow_env/lib/python3.11/site-packages/airflow/example_dags/example_task_group_decorator.py
[2026-03-11T06:09:24.848+0530] {processor.py:830} INFO - Processing file /Users/aswin/Documents/data-engineering-practice/ETL_Airflow_DBT/airflow/airflow_env/lib/python3.11/site-packages/airflow/example_dags/example_task_group_decorator.py for tasks to queue
[2026-03-11T06:09:24.849+0530] {logging_mixin.py:188} INFO - [2026-03-11T06:09:24.849+0530] {dagbag.py:540} INFO - Filling up the DagBag from /Users/aswin/Documents/data-engineering-practice/ETL_Airflow_DBT/airflow/airflow_env/lib/python3.11/site-packages/airflow/example_dags/example_task_group_decorator.py
[2026-03-11T06:09:24.864+0530] {processor.py:840} INFO - DAG(s) 'example_task_group_decorator' retrieved from /Users/aswin/Documents/data-engineering-practice/ETL_Airflow_DBT/airflow/airflow_env/lib/python3.11/site-packages/airflow/example_dags/example_task_group_decorator.py
[2026-03-11T06:09:24.897+0530] {logging_mixin.py:188} INFO - [2026-03-11T06:09:24.896+0530] {dag.py:3096} INFO - Sync 1 DAGs
[2026-03-11T06:09:24.902+0530] {logging_mixin.py:188} INFO - [2026-03-11T06:09:24.902+0530] {dag.py:3954} INFO - Setting next_dagrun for example_task_group_decorator to 2026-03-10 00:00:00+00:00, run_after=2026-03-11 00:00:00+00:00
[2026-03-11T06:09:24.908+0530] {processor.py:183} INFO - Processing /Users/aswin/Documents/data-engineering-practice/ETL_Airflow_DBT/airflow/airflow_env/lib/python3.11/site-packages/airflow/example_dags/example_task_group_decorator.py took 0.061 seconds
[2026-03-11T06:11:00.173+0530] {processor.py:161} INFO - Started process (PID=37406) to work on /Users/aswin/Documents/data-engineering-practice/ETL_Airflow_DBT/airflow/airflow_env/lib/python3.11/site-packages/airflow/example_dags/example_task_group_decorator.py
[2026-03-11T06:11:00.174+0530] {processor.py:830} INFO - Processing file /Users/aswin/Documents/data-engineering-practice/ETL_Airflow_DBT/airflow/airflow_env/lib/python3.11/site-packages/airflow/example_dags/example_task_group_decorator.py for tasks to queue
[2026-03-11T06:11:00.174+0530] {logging_mixin.py:188} INFO - [2026-03-11T06:11:00.174+0530] {dagbag.py:540} INFO - Filling up the DagBag from /Users/aswin/Documents/data-engineering-practice/ETL_Airflow_DBT/airflow/airflow_env/lib/python3.11/site-packages/airflow/example_dags/example_task_group_decorator.py
[2026-03-11T06:11:00.189+0530] {processor.py:840} INFO - DAG(s) 'example_task_group_decorator' retrieved from /Users/aswin/Documents/data-engineering-practice/ETL_Airflow_DBT/airflow/airflow_env/lib/python3.11/site-packages/airflow/example_dags/example_task_group_decorator.py
[2026-03-11T06:11:00.219+0530] {logging_mixin.py:188} INFO - [2026-03-11T06:11:00.219+0530] {dag.py:3096} INFO - Sync 1 DAGs
[2026-03-11T06:11:00.224+0530] {logging_mixin.py:188} INFO - [2026-03-11T06:11:00.224+0530] {dag.py:3954} INFO - Setting next_dagrun for example_task_group_decorator to 2026-03-10 00:00:00+00:00, run_after=2026-03-11 00:00:00+00:00
[2026-03-11T06:11:00.230+0530] {processor.py:183} INFO - Processing /Users/aswin/Documents/data-engineering-practice/ETL_Airflow_DBT/airflow/airflow_env/lib/python3.11/site-packages/airflow/example_dags/example_task_group_decorator.py took 0.058 seconds
[2026-03-11T06:12:35.524+0530] {processor.py:161} INFO - Started process (PID=37522) to work on /Users/aswin/Documents/data-engineering-practice/ETL_Airflow_DBT/airflow/airflow_env/lib/python3.11/site-packages/airflow/example_dags/example_task_group_decorator.py
[2026-03-11T06:12:35.525+0530] {processor.py:830} INFO - Processing file /Users/aswin/Documents/data-engineering-practice/ETL_Airflow_DBT/airflow/airflow_env/lib/python3.11/site-packages/airflow/example_dags/example_task_group_decorator.py for tasks to queue
[2026-03-11T06:12:35.526+0530] {logging_mixin.py:188} INFO - [2026-03-11T06:12:35.526+0530] {dagbag.py:540} INFO - Filling up the DagBag from /Users/aswin/Documents/data-engineering-practice/ETL_Airflow_DBT/airflow/airflow_env/lib/python3.11/site-packages/airflow/example_dags/example_task_group_decorator.py
[2026-03-11T06:12:35.541+0530] {processor.py:840} INFO - DAG(s) 'example_task_group_decorator' retrieved from /Users/aswin/Documents/data-engineering-practice/ETL_Airflow_DBT/airflow/airflow_env/lib/python3.11/site-packages/airflow/example_dags/example_task_group_decorator.py
[2026-03-11T06:12:35.571+0530] {logging_mixin.py:188} INFO - [2026-03-11T06:12:35.571+0530] {dag.py:3096} INFO - Sync 1 DAGs
[2026-03-11T06:12:35.576+0530] {logging_mixin.py:188} INFO - [2026-03-11T06:12:35.576+0530] {dag.py:3954} INFO - Setting next_dagrun for example_task_group_decorator to 2026-03-10 00:00:00+00:00, run_after=2026-03-11 00:00:00+00:00
[2026-03-11T06:12:35.582+0530] {processor.py:183} INFO - Processing /Users/aswin/Documents/data-engineering-practice/ETL_Airflow_DBT/airflow/airflow_env/lib/python3.11/site-packages/airflow/example_dags/example_task_group_decorator.py took 0.059 seconds
[2026-03-11T06:14:11.020+0530] {processor.py:161} INFO - Started process (PID=37672) to work on /Users/aswin/Documents/data-engineering-practice/ETL_Airflow_DBT/airflow/airflow_env/lib/python3.11/site-packages/airflow/example_dags/example_task_group_decorator.py
[2026-03-11T06:14:11.021+0530] {processor.py:830} INFO - Processing file /Users/aswin/Documents/data-engineering-practice/ETL_Airflow_DBT/airflow/airflow_env/lib/python3.11/site-packages/airflow/example_dags/example_task_group_decorator.py for tasks to queue
[2026-03-11T06:14:11.022+0530] {logging_mixin.py:188} INFO - [2026-03-11T06:14:11.022+0530] {dagbag.py:540} INFO - Filling up the DagBag from /Users/aswin/Documents/data-engineering-practice/ETL_Airflow_DBT/airflow/airflow_env/lib/python3.11/site-packages/airflow/example_dags/example_task_group_decorator.py
[2026-03-11T06:14:11.037+0530] {processor.py:840} INFO - DAG(s) 'example_task_group_decorator' retrieved from /Users/aswin/Documents/data-engineering-practice/ETL_Airflow_DBT/airflow/airflow_env/lib/python3.11/site-packages/airflow/example_dags/example_task_group_decorator.py
[2026-03-11T06:14:11.067+0530] {logging_mixin.py:188} INFO - [2026-03-11T06:14:11.067+0530] {dag.py:3096} INFO - Sync 1 DAGs
[2026-03-11T06:14:11.072+0530] {logging_mixin.py:188} INFO - [2026-03-11T06:14:11.072+0530] {dag.py:3954} INFO - Setting next_dagrun for example_task_group_decorator to 2026-03-10 00:00:00+00:00, run_after=2026-03-11 00:00:00+00:00
[2026-03-11T06:14:11.077+0530] {processor.py:183} INFO - Processing /Users/aswin/Documents/data-engineering-practice/ETL_Airflow_DBT/airflow/airflow_env/lib/python3.11/site-packages/airflow/example_dags/example_task_group_decorator.py took 0.058 seconds
[2026-03-11T06:15:44.677+0530] {processor.py:161} INFO - Started process (PID=37781) to work on /Users/aswin/Documents/data-engineering-practice/ETL_Airflow_DBT/airflow/airflow_env/lib/python3.11/site-packages/airflow/example_dags/example_task_group_decorator.py
[2026-03-11T06:15:44.678+0530] {processor.py:830} INFO - Processing file /Users/aswin/Documents/data-engineering-practice/ETL_Airflow_DBT/airflow/airflow_env/lib/python3.11/site-packages/airflow/example_dags/example_task_group_decorator.py for tasks to queue
[2026-03-11T06:15:44.678+0530] {logging_mixin.py:188} INFO - [2026-03-11T06:15:44.678+0530] {dagbag.py:540} INFO - Filling up the DagBag from /Users/aswin/Documents/data-engineering-practice/ETL_Airflow_DBT/airflow/airflow_env/lib/python3.11/site-packages/airflow/example_dags/example_task_group_decorator.py
[2026-03-11T06:15:44.693+0530] {processor.py:840} INFO - DAG(s) 'example_task_group_decorator' retrieved from /Users/aswin/Documents/data-engineering-practice/ETL_Airflow_DBT/airflow/airflow_env/lib/python3.11/site-packages/airflow/example_dags/example_task_group_decorator.py
[2026-03-11T06:15:44.723+0530] {logging_mixin.py:188} INFO - [2026-03-11T06:15:44.723+0530] {dag.py:3096} INFO - Sync 1 DAGs
[2026-03-11T06:15:44.728+0530] {logging_mixin.py:188} INFO - [2026-03-11T06:15:44.728+0530] {dag.py:3954} INFO - Setting next_dagrun for example_task_group_decorator to 2026-03-10 00:00:00+00:00, run_after=2026-03-11 00:00:00+00:00
[2026-03-11T06:15:44.733+0530] {processor.py:183} INFO - Processing /Users/aswin/Documents/data-engineering-practice/ETL_Airflow_DBT/airflow/airflow_env/lib/python3.11/site-packages/airflow/example_dags/example_task_group_decorator.py took 0.058 seconds
[2026-03-11T06:17:21.257+0530] {processor.py:161} INFO - Started process (PID=37938) to work on /Users/aswin/Documents/data-engineering-practice/ETL_Airflow_DBT/airflow/airflow_env/lib/python3.11/site-packages/airflow/example_dags/example_task_group_decorator.py
[2026-03-11T06:17:21.258+0530] {processor.py:830} INFO - Processing file /Users/aswin/Documents/data-engineering-practice/ETL_Airflow_DBT/airflow/airflow_env/lib/python3.11/site-packages/airflow/example_dags/example_task_group_decorator.py for tasks to queue
[2026-03-11T06:17:21.258+0530] {logging_mixin.py:188} INFO - [2026-03-11T06:17:21.258+0530] {dagbag.py:540} INFO - Filling up the DagBag from /Users/aswin/Documents/data-engineering-practice/ETL_Airflow_DBT/airflow/airflow_env/lib/python3.11/site-packages/airflow/example_dags/example_task_group_decorator.py
[2026-03-11T06:17:21.273+0530] {processor.py:840} INFO - DAG(s) 'example_task_group_decorator' retrieved from /Users/aswin/Documents/data-engineering-practice/ETL_Airflow_DBT/airflow/airflow_env/lib/python3.11/site-packages/airflow/example_dags/example_task_group_decorator.py
[2026-03-11T06:17:21.304+0530] {logging_mixin.py:188} INFO - [2026-03-11T06:17:21.303+0530] {dag.py:3096} INFO - Sync 1 DAGs
[2026-03-11T06:17:21.308+0530] {logging_mixin.py:188} INFO - [2026-03-11T06:17:21.308+0530] {dag.py:3954} INFO - Setting next_dagrun for example_task_group_decorator to 2026-03-10 00:00:00+00:00, run_after=2026-03-11 00:00:00+00:00
[2026-03-11T06:17:21.314+0530] {processor.py:183} INFO - Processing /Users/aswin/Documents/data-engineering-practice/ETL_Airflow_DBT/airflow/airflow_env/lib/python3.11/site-packages/airflow/example_dags/example_task_group_decorator.py took 0.058 seconds
[2026-03-11T06:18:53.448+0530] {processor.py:161} INFO - Started process (PID=38076) to work on /Users/aswin/Documents/data-engineering-practice/ETL_Airflow_DBT/airflow/airflow_env/lib/python3.11/site-packages/airflow/example_dags/example_task_group_decorator.py
[2026-03-11T06:18:53.449+0530] {processor.py:830} INFO - Processing file /Users/aswin/Documents/data-engineering-practice/ETL_Airflow_DBT/airflow/airflow_env/lib/python3.11/site-packages/airflow/example_dags/example_task_group_decorator.py for tasks to queue
[2026-03-11T06:18:53.449+0530] {logging_mixin.py:188} INFO - [2026-03-11T06:18:53.449+0530] {dagbag.py:540} INFO - Filling up the DagBag from /Users/aswin/Documents/data-engineering-practice/ETL_Airflow_DBT/airflow/airflow_env/lib/python3.11/site-packages/airflow/example_dags/example_task_group_decorator.py
[2026-03-11T06:18:53.466+0530] {processor.py:840} INFO - DAG(s) 'example_task_group_decorator' retrieved from /Users/aswin/Documents/data-engineering-practice/ETL_Airflow_DBT/airflow/airflow_env/lib/python3.11/site-packages/airflow/example_dags/example_task_group_decorator.py
[2026-03-11T06:18:53.496+0530] {logging_mixin.py:188} INFO - [2026-03-11T06:18:53.496+0530] {dag.py:3096} INFO - Sync 1 DAGs
[2026-03-11T06:18:53.501+0530] {logging_mixin.py:188} INFO - [2026-03-11T06:18:53.501+0530] {dag.py:3954} INFO - Setting next_dagrun for example_task_group_decorator to 2026-03-10 00:00:00+00:00, run_after=2026-03-11 00:00:00+00:00
[2026-03-11T06:18:53.507+0530] {processor.py:183} INFO - Processing /Users/aswin/Documents/data-engineering-practice/ETL_Airflow_DBT/airflow/airflow_env/lib/python3.11/site-packages/airflow/example_dags/example_task_group_decorator.py took 0.060 seconds
[2026-03-11T06:20:35.142+0530] {processor.py:161} INFO - Started process (PID=38278) to work on /Users/aswin/Documents/data-engineering-practice/ETL_Airflow_DBT/airflow/airflow_env/lib/python3.11/site-packages/airflow/example_dags/example_task_group_decorator.py
[2026-03-11T06:20:35.143+0530] {processor.py:830} INFO - Processing file /Users/aswin/Documents/data-engineering-practice/ETL_Airflow_DBT/airflow/airflow_env/lib/python3.11/site-packages/airflow/example_dags/example_task_group_decorator.py for tasks to queue
[2026-03-11T06:20:35.143+0530] {logging_mixin.py:188} INFO - [2026-03-11T06:20:35.143+0530] {dagbag.py:540} INFO - Filling up the DagBag from /Users/aswin/Documents/data-engineering-practice/ETL_Airflow_DBT/airflow/airflow_env/lib/python3.11/site-packages/airflow/example_dags/example_task_group_decorator.py
[2026-03-11T06:20:35.159+0530] {processor.py:840} INFO - DAG(s) 'example_task_group_decorator' retrieved from /Users/aswin/Documents/data-engineering-practice/ETL_Airflow_DBT/airflow/airflow_env/lib/python3.11/site-packages/airflow/example_dags/example_task_group_decorator.py
[2026-03-11T06:20:35.190+0530] {logging_mixin.py:188} INFO - [2026-03-11T06:20:35.190+0530] {dag.py:3096} INFO - Sync 1 DAGs
[2026-03-11T06:20:35.195+0530] {logging_mixin.py:188} INFO - [2026-03-11T06:20:35.195+0530] {dag.py:3954} INFO - Setting next_dagrun for example_task_group_decorator to 2026-03-10 00:00:00+00:00, run_after=2026-03-11 00:00:00+00:00
[2026-03-11T06:20:35.201+0530] {processor.py:183} INFO - Processing /Users/aswin/Documents/data-engineering-practice/ETL_Airflow_DBT/airflow/airflow_env/lib/python3.11/site-packages/airflow/example_dags/example_task_group_decorator.py took 0.060 seconds
[2026-03-11T06:22:12.166+0530] {processor.py:161} INFO - Started process (PID=38417) to work on /Users/aswin/Documents/data-engineering-practice/ETL_Airflow_DBT/airflow/airflow_env/lib/python3.11/site-packages/airflow/example_dags/example_task_group_decorator.py
[2026-03-11T06:22:12.167+0530] {processor.py:830} INFO - Processing file /Users/aswin/Documents/data-engineering-practice/ETL_Airflow_DBT/airflow/airflow_env/lib/python3.11/site-packages/airflow/example_dags/example_task_group_decorator.py for tasks to queue
[2026-03-11T06:22:12.167+0530] {logging_mixin.py:188} INFO - [2026-03-11T06:22:12.167+0530] {dagbag.py:540} INFO - Filling up the DagBag from /Users/aswin/Documents/data-engineering-practice/ETL_Airflow_DBT/airflow/airflow_env/lib/python3.11/site-packages/airflow/example_dags/example_task_group_decorator.py
[2026-03-11T06:22:12.183+0530] {processor.py:840} INFO - DAG(s) 'example_task_group_decorator' retrieved from /Users/aswin/Documents/data-engineering-practice/ETL_Airflow_DBT/airflow/airflow_env/lib/python3.11/site-packages/airflow/example_dags/example_task_group_decorator.py
[2026-03-11T06:22:12.214+0530] {logging_mixin.py:188} INFO - [2026-03-11T06:22:12.214+0530] {dag.py:3096} INFO - Sync 1 DAGs
[2026-03-11T06:22:12.219+0530] {logging_mixin.py:188} INFO - [2026-03-11T06:22:12.219+0530] {dag.py:3954} INFO - Setting next_dagrun for example_task_group_decorator to 2026-03-10 00:00:00+00:00, run_after=2026-03-11 00:00:00+00:00
[2026-03-11T06:22:12.225+0530] {processor.py:183} INFO - Processing /Users/aswin/Documents/data-engineering-practice/ETL_Airflow_DBT/airflow/airflow_env/lib/python3.11/site-packages/airflow/example_dags/example_task_group_decorator.py took 0.060 seconds
[2026-03-11T06:23:46.235+0530] {processor.py:161} INFO - Started process (PID=38565) to work on /Users/aswin/Documents/data-engineering-practice/ETL_Airflow_DBT/airflow/airflow_env/lib/python3.11/site-packages/airflow/example_dags/example_task_group_decorator.py
[2026-03-11T06:23:46.237+0530] {processor.py:830} INFO - Processing file /Users/aswin/Documents/data-engineering-practice/ETL_Airflow_DBT/airflow/airflow_env/lib/python3.11/site-packages/airflow/example_dags/example_task_group_decorator.py for tasks to queue
[2026-03-11T06:23:46.237+0530] {logging_mixin.py:188} INFO - [2026-03-11T06:23:46.237+0530] {dagbag.py:540} INFO - Filling up the DagBag from /Users/aswin/Documents/data-engineering-practice/ETL_Airflow_DBT/airflow/airflow_env/lib/python3.11/site-packages/airflow/example_dags/example_task_group_decorator.py
[2026-03-11T06:23:46.252+0530] {processor.py:840} INFO - DAG(s) 'example_task_group_decorator' retrieved from /Users/aswin/Documents/data-engineering-practice/ETL_Airflow_DBT/airflow/airflow_env/lib/python3.11/site-packages/airflow/example_dags/example_task_group_decorator.py
[2026-03-11T06:23:46.282+0530] {logging_mixin.py:188} INFO - [2026-03-11T06:23:46.282+0530] {dag.py:3096} INFO - Sync 1 DAGs
[2026-03-11T06:23:46.287+0530] {logging_mixin.py:188} INFO - [2026-03-11T06:23:46.287+0530] {dag.py:3954} INFO - Setting next_dagrun for example_task_group_decorator to 2026-03-10 00:00:00+00:00, run_after=2026-03-11 00:00:00+00:00
[2026-03-11T06:23:46.292+0530] {processor.py:183} INFO - Processing /Users/aswin/Documents/data-engineering-practice/ETL_Airflow_DBT/airflow/airflow_env/lib/python3.11/site-packages/airflow/example_dags/example_task_group_decorator.py took 0.058 seconds
[2026-03-11T06:25:18.088+0530] {processor.py:161} INFO - Started process (PID=38737) to work on /Users/aswin/Documents/data-engineering-practice/ETL_Airflow_DBT/airflow/airflow_env/lib/python3.11/site-packages/airflow/example_dags/example_task_group_decorator.py
[2026-03-11T06:25:18.089+0530] {processor.py:830} INFO - Processing file /Users/aswin/Documents/data-engineering-practice/ETL_Airflow_DBT/airflow/airflow_env/lib/python3.11/site-packages/airflow/example_dags/example_task_group_decorator.py for tasks to queue
[2026-03-11T06:25:18.089+0530] {logging_mixin.py:188} INFO - [2026-03-11T06:25:18.089+0530] {dagbag.py:540} INFO - Filling up the DagBag from /Users/aswin/Documents/data-engineering-practice/ETL_Airflow_DBT/airflow/airflow_env/lib/python3.11/site-packages/airflow/example_dags/example_task_group_decorator.py
[2026-03-11T06:25:18.105+0530] {processor.py:840} INFO - DAG(s) 'example_task_group_decorator' retrieved from /Users/aswin/Documents/data-engineering-practice/ETL_Airflow_DBT/airflow/airflow_env/lib/python3.11/site-packages/airflow/example_dags/example_task_group_decorator.py
[2026-03-11T06:25:18.135+0530] {logging_mixin.py:188} INFO - [2026-03-11T06:25:18.135+0530] {dag.py:3096} INFO - Sync 1 DAGs
[2026-03-11T06:25:18.140+0530] {logging_mixin.py:188} INFO - [2026-03-11T06:25:18.140+0530] {dag.py:3954} INFO - Setting next_dagrun for example_task_group_decorator to 2026-03-10 00:00:00+00:00, run_after=2026-03-11 00:00:00+00:00
[2026-03-11T06:25:18.145+0530] {processor.py:183} INFO - Processing /Users/aswin/Documents/data-engineering-practice/ETL_Airflow_DBT/airflow/airflow_env/lib/python3.11/site-packages/airflow/example_dags/example_task_group_decorator.py took 0.058 seconds
[2026-03-11T06:26:54.072+0530] {processor.py:161} INFO - Started process (PID=38900) to work on /Users/aswin/Documents/data-engineering-practice/ETL_Airflow_DBT/airflow/airflow_env/lib/python3.11/site-packages/airflow/example_dags/example_task_group_decorator.py
[2026-03-11T06:26:54.073+0530] {processor.py:830} INFO - Processing file /Users/aswin/Documents/data-engineering-practice/ETL_Airflow_DBT/airflow/airflow_env/lib/python3.11/site-packages/airflow/example_dags/example_task_group_decorator.py for tasks to queue
[2026-03-11T06:26:54.073+0530] {logging_mixin.py:188} INFO - [2026-03-11T06:26:54.073+0530] {dagbag.py:540} INFO - Filling up the DagBag from /Users/aswin/Documents/data-engineering-practice/ETL_Airflow_DBT/airflow/airflow_env/lib/python3.11/site-packages/airflow/example_dags/example_task_group_decorator.py
[2026-03-11T06:26:54.089+0530] {processor.py:840} INFO - DAG(s) 'example_task_group_decorator' retrieved from /Users/aswin/Documents/data-engineering-practice/ETL_Airflow_DBT/airflow/airflow_env/lib/python3.11/site-packages/airflow/example_dags/example_task_group_decorator.py
[2026-03-11T06:26:54.119+0530] {logging_mixin.py:188} INFO - [2026-03-11T06:26:54.119+0530] {dag.py:3096} INFO - Sync 1 DAGs
[2026-03-11T06:26:54.124+0530] {logging_mixin.py:188} INFO - [2026-03-11T06:26:54.124+0530] {dag.py:3954} INFO - Setting next_dagrun for example_task_group_decorator to 2026-03-10 00:00:00+00:00, run_after=2026-03-11 00:00:00+00:00
[2026-03-11T06:26:54.130+0530] {processor.py:183} INFO - Processing /Users/aswin/Documents/data-engineering-practice/ETL_Airflow_DBT/airflow/airflow_env/lib/python3.11/site-packages/airflow/example_dags/example_task_group_decorator.py took 0.059 seconds
[2026-03-11T06:28:26.186+0530] {processor.py:161} INFO - Started process (PID=39025) to work on /Users/aswin/Documents/data-engineering-practice/ETL_Airflow_DBT/airflow/airflow_env/lib/python3.11/site-packages/airflow/example_dags/example_task_group_decorator.py
[2026-03-11T06:28:26.187+0530] {processor.py:830} INFO - Processing file /Users/aswin/Documents/data-engineering-practice/ETL_Airflow_DBT/airflow/airflow_env/lib/python3.11/site-packages/airflow/example_dags/example_task_group_decorator.py for tasks to queue
[2026-03-11T06:28:26.187+0530] {logging_mixin.py:188} INFO - [2026-03-11T06:28:26.187+0530] {dagbag.py:540} INFO - Filling up the DagBag from /Users/aswin/Documents/data-engineering-practice/ETL_Airflow_DBT/airflow/airflow_env/lib/python3.11/site-packages/airflow/example_dags/example_task_group_decorator.py
[2026-03-11T06:28:26.202+0530] {processor.py:840} INFO - DAG(s) 'example_task_group_decorator' retrieved from /Users/aswin/Documents/data-engineering-practice/ETL_Airflow_DBT/airflow/airflow_env/lib/python3.11/site-packages/airflow/example_dags/example_task_group_decorator.py
[2026-03-11T06:28:26.233+0530] {logging_mixin.py:188} INFO - [2026-03-11T06:28:26.233+0530] {dag.py:3096} INFO - Sync 1 DAGs
[2026-03-11T06:28:26.237+0530] {logging_mixin.py:188} INFO - [2026-03-11T06:28:26.237+0530] {dag.py:3954} INFO - Setting next_dagrun for example_task_group_decorator to 2026-03-10 00:00:00+00:00, run_after=2026-03-11 00:00:00+00:00
[2026-03-11T06:28:26.243+0530] {processor.py:183} INFO - Processing /Users/aswin/Documents/data-engineering-practice/ETL_Airflow_DBT/airflow/airflow_env/lib/python3.11/site-packages/airflow/example_dags/example_task_group_decorator.py took 0.058 seconds
[2026-03-11T06:29:55.081+0530] {processor.py:161} INFO - Started process (PID=39098) to work on /Users/aswin/Documents/data-engineering-practice/ETL_Airflow_DBT/airflow/airflow_env/lib/python3.11/site-packages/airflow/example_dags/example_task_group_decorator.py
[2026-03-11T06:29:55.082+0530] {processor.py:830} INFO - Processing file /Users/aswin/Documents/data-engineering-practice/ETL_Airflow_DBT/airflow/airflow_env/lib/python3.11/site-packages/airflow/example_dags/example_task_group_decorator.py for tasks to queue
[2026-03-11T06:29:55.082+0530] {logging_mixin.py:188} INFO - [2026-03-11T06:29:55.082+0530] {dagbag.py:540} INFO - Filling up the DagBag from /Users/aswin/Documents/data-engineering-practice/ETL_Airflow_DBT/airflow/airflow_env/lib/python3.11/site-packages/airflow/example_dags/example_task_group_decorator.py
[2026-03-11T06:29:55.098+0530] {processor.py:840} INFO - DAG(s) 'example_task_group_decorator' retrieved from /Users/aswin/Documents/data-engineering-practice/ETL_Airflow_DBT/airflow/airflow_env/lib/python3.11/site-packages/airflow/example_dags/example_task_group_decorator.py
[2026-03-11T06:29:55.128+0530] {logging_mixin.py:188} INFO - [2026-03-11T06:29:55.128+0530] {dag.py:3096} INFO - Sync 1 DAGs
[2026-03-11T06:29:55.133+0530] {logging_mixin.py:188} INFO - [2026-03-11T06:29:55.133+0530] {dag.py:3954} INFO - Setting next_dagrun for example_task_group_decorator to 2026-03-10 00:00:00+00:00, run_after=2026-03-11 00:00:00+00:00
[2026-03-11T06:29:55.138+0530] {processor.py:183} INFO - Processing /Users/aswin/Documents/data-engineering-practice/ETL_Airflow_DBT/airflow/airflow_env/lib/python3.11/site-packages/airflow/example_dags/example_task_group_decorator.py took 0.058 seconds
[2026-03-11T06:31:28.374+0530] {processor.py:161} INFO - Started process (PID=39204) to work on /Users/aswin/Documents/data-engineering-practice/ETL_Airflow_DBT/airflow/airflow_env/lib/python3.11/site-packages/airflow/example_dags/example_task_group_decorator.py
[2026-03-11T06:31:28.375+0530] {processor.py:830} INFO - Processing file /Users/aswin/Documents/data-engineering-practice/ETL_Airflow_DBT/airflow/airflow_env/lib/python3.11/site-packages/airflow/example_dags/example_task_group_decorator.py for tasks to queue
[2026-03-11T06:31:28.375+0530] {logging_mixin.py:188} INFO - [2026-03-11T06:31:28.375+0530] {dagbag.py:540} INFO - Filling up the DagBag from /Users/aswin/Documents/data-engineering-practice/ETL_Airflow_DBT/airflow/airflow_env/lib/python3.11/site-packages/airflow/example_dags/example_task_group_decorator.py
[2026-03-11T06:31:28.390+0530] {processor.py:840} INFO - DAG(s) 'example_task_group_decorator' retrieved from /Users/aswin/Documents/data-engineering-practice/ETL_Airflow_DBT/airflow/airflow_env/lib/python3.11/site-packages/airflow/example_dags/example_task_group_decorator.py
[2026-03-11T06:31:28.421+0530] {logging_mixin.py:188} INFO - [2026-03-11T06:31:28.421+0530] {dag.py:3096} INFO - Sync 1 DAGs
[2026-03-11T06:31:28.426+0530] {logging_mixin.py:188} INFO - [2026-03-11T06:31:28.426+0530] {dag.py:3954} INFO - Setting next_dagrun for example_task_group_decorator to 2026-03-10 00:00:00+00:00, run_after=2026-03-11 00:00:00+00:00
[2026-03-11T06:31:28.431+0530] {processor.py:183} INFO - Processing /Users/aswin/Documents/data-engineering-practice/ETL_Airflow_DBT/airflow/airflow_env/lib/python3.11/site-packages/airflow/example_dags/example_task_group_decorator.py took 0.058 seconds
[2026-03-11T06:33:04.149+0530] {processor.py:161} INFO - Started process (PID=39374) to work on /Users/aswin/Documents/data-engineering-practice/ETL_Airflow_DBT/airflow/airflow_env/lib/python3.11/site-packages/airflow/example_dags/example_task_group_decorator.py
[2026-03-11T06:33:04.150+0530] {processor.py:830} INFO - Processing file /Users/aswin/Documents/data-engineering-practice/ETL_Airflow_DBT/airflow/airflow_env/lib/python3.11/site-packages/airflow/example_dags/example_task_group_decorator.py for tasks to queue
[2026-03-11T06:33:04.150+0530] {logging_mixin.py:188} INFO - [2026-03-11T06:33:04.150+0530] {dagbag.py:540} INFO - Filling up the DagBag from /Users/aswin/Documents/data-engineering-practice/ETL_Airflow_DBT/airflow/airflow_env/lib/python3.11/site-packages/airflow/example_dags/example_task_group_decorator.py
[2026-03-11T06:33:04.166+0530] {processor.py:840} INFO - DAG(s) 'example_task_group_decorator' retrieved from /Users/aswin/Documents/data-engineering-practice/ETL_Airflow_DBT/airflow/airflow_env/lib/python3.11/site-packages/airflow/example_dags/example_task_group_decorator.py
[2026-03-11T06:33:04.200+0530] {logging_mixin.py:188} INFO - [2026-03-11T06:33:04.200+0530] {dag.py:3096} INFO - Sync 1 DAGs
[2026-03-11T06:33:04.205+0530] {logging_mixin.py:188} INFO - [2026-03-11T06:33:04.205+0530] {dag.py:3954} INFO - Setting next_dagrun for example_task_group_decorator to 2026-03-10 00:00:00+00:00, run_after=2026-03-11 00:00:00+00:00
[2026-03-11T06:33:04.212+0530] {processor.py:183} INFO - Processing /Users/aswin/Documents/data-engineering-practice/ETL_Airflow_DBT/airflow/airflow_env/lib/python3.11/site-packages/airflow/example_dags/example_task_group_decorator.py took 0.064 seconds
[2026-03-11T06:34:37.710+0530] {processor.py:161} INFO - Started process (PID=39452) to work on /Users/aswin/Documents/data-engineering-practice/ETL_Airflow_DBT/airflow/airflow_env/lib/python3.11/site-packages/airflow/example_dags/example_task_group_decorator.py
[2026-03-11T06:34:37.711+0530] {processor.py:830} INFO - Processing file /Users/aswin/Documents/data-engineering-practice/ETL_Airflow_DBT/airflow/airflow_env/lib/python3.11/site-packages/airflow/example_dags/example_task_group_decorator.py for tasks to queue
[2026-03-11T06:34:37.711+0530] {logging_mixin.py:188} INFO - [2026-03-11T06:34:37.711+0530] {dagbag.py:540} INFO - Filling up the DagBag from /Users/aswin/Documents/data-engineering-practice/ETL_Airflow_DBT/airflow/airflow_env/lib/python3.11/site-packages/airflow/example_dags/example_task_group_decorator.py
[2026-03-11T06:34:37.726+0530] {processor.py:840} INFO - DAG(s) 'example_task_group_decorator' retrieved from /Users/aswin/Documents/data-engineering-practice/ETL_Airflow_DBT/airflow/airflow_env/lib/python3.11/site-packages/airflow/example_dags/example_task_group_decorator.py
[2026-03-11T06:34:37.756+0530] {logging_mixin.py:188} INFO - [2026-03-11T06:34:37.756+0530] {dag.py:3096} INFO - Sync 1 DAGs
[2026-03-11T06:34:37.761+0530] {logging_mixin.py:188} INFO - [2026-03-11T06:34:37.761+0530] {dag.py:3954} INFO - Setting next_dagrun for example_task_group_decorator to 2026-03-10 00:00:00+00:00, run_after=2026-03-11 00:00:00+00:00
[2026-03-11T06:34:37.767+0530] {processor.py:183} INFO - Processing /Users/aswin/Documents/data-engineering-practice/ETL_Airflow_DBT/airflow/airflow_env/lib/python3.11/site-packages/airflow/example_dags/example_task_group_decorator.py took 0.057 seconds
[2026-03-11T06:36:07.766+0530] {processor.py:161} INFO - Started process (PID=39525) to work on /Users/aswin/Documents/data-engineering-practice/ETL_Airflow_DBT/airflow/airflow_env/lib/python3.11/site-packages/airflow/example_dags/example_task_group_decorator.py
[2026-03-11T06:36:07.767+0530] {processor.py:830} INFO - Processing file /Users/aswin/Documents/data-engineering-practice/ETL_Airflow_DBT/airflow/airflow_env/lib/python3.11/site-packages/airflow/example_dags/example_task_group_decorator.py for tasks to queue
[2026-03-11T06:36:07.767+0530] {logging_mixin.py:188} INFO - [2026-03-11T06:36:07.767+0530] {dagbag.py:540} INFO - Filling up the DagBag from /Users/aswin/Documents/data-engineering-practice/ETL_Airflow_DBT/airflow/airflow_env/lib/python3.11/site-packages/airflow/example_dags/example_task_group_decorator.py
[2026-03-11T06:36:07.782+0530] {processor.py:840} INFO - DAG(s) 'example_task_group_decorator' retrieved from /Users/aswin/Documents/data-engineering-practice/ETL_Airflow_DBT/airflow/airflow_env/lib/python3.11/site-packages/airflow/example_dags/example_task_group_decorator.py
[2026-03-11T06:36:07.812+0530] {logging_mixin.py:188} INFO - [2026-03-11T06:36:07.812+0530] {dag.py:3096} INFO - Sync 1 DAGs
[2026-03-11T06:36:07.817+0530] {logging_mixin.py:188} INFO - [2026-03-11T06:36:07.817+0530] {dag.py:3954} INFO - Setting next_dagrun for example_task_group_decorator to 2026-03-10 00:00:00+00:00, run_after=2026-03-11 00:00:00+00:00
[2026-03-11T06:36:07.822+0530] {processor.py:183} INFO - Processing /Users/aswin/Documents/data-engineering-practice/ETL_Airflow_DBT/airflow/airflow_env/lib/python3.11/site-packages/airflow/example_dags/example_task_group_decorator.py took 0.058 seconds
[2026-03-11T06:37:39.983+0530] {processor.py:161} INFO - Started process (PID=39598) to work on /Users/aswin/Documents/data-engineering-practice/ETL_Airflow_DBT/airflow/airflow_env/lib/python3.11/site-packages/airflow/example_dags/example_task_group_decorator.py
[2026-03-11T06:37:39.984+0530] {processor.py:830} INFO - Processing file /Users/aswin/Documents/data-engineering-practice/ETL_Airflow_DBT/airflow/airflow_env/lib/python3.11/site-packages/airflow/example_dags/example_task_group_decorator.py for tasks to queue
[2026-03-11T06:37:39.984+0530] {logging_mixin.py:188} INFO - [2026-03-11T06:37:39.984+0530] {dagbag.py:540} INFO - Filling up the DagBag from /Users/aswin/Documents/data-engineering-practice/ETL_Airflow_DBT/airflow/airflow_env/lib/python3.11/site-packages/airflow/example_dags/example_task_group_decorator.py
[2026-03-11T06:37:39.999+0530] {processor.py:840} INFO - DAG(s) 'example_task_group_decorator' retrieved from /Users/aswin/Documents/data-engineering-practice/ETL_Airflow_DBT/airflow/airflow_env/lib/python3.11/site-packages/airflow/example_dags/example_task_group_decorator.py
[2026-03-11T06:37:40.030+0530] {logging_mixin.py:188} INFO - [2026-03-11T06:37:40.030+0530] {dag.py:3096} INFO - Sync 1 DAGs
[2026-03-11T06:37:40.035+0530] {logging_mixin.py:188} INFO - [2026-03-11T06:37:40.035+0530] {dag.py:3954} INFO - Setting next_dagrun for example_task_group_decorator to 2026-03-10 00:00:00+00:00, run_after=2026-03-11 00:00:00+00:00
[2026-03-11T06:37:40.041+0530] {processor.py:183} INFO - Processing /Users/aswin/Documents/data-engineering-practice/ETL_Airflow_DBT/airflow/airflow_env/lib/python3.11/site-packages/airflow/example_dags/example_task_group_decorator.py took 0.059 seconds
[2026-03-11T06:39:09.900+0530] {processor.py:161} INFO - Started process (PID=39669) to work on /Users/aswin/Documents/data-engineering-practice/ETL_Airflow_DBT/airflow/airflow_env/lib/python3.11/site-packages/airflow/example_dags/example_task_group_decorator.py
[2026-03-11T06:39:09.901+0530] {processor.py:830} INFO - Processing file /Users/aswin/Documents/data-engineering-practice/ETL_Airflow_DBT/airflow/airflow_env/lib/python3.11/site-packages/airflow/example_dags/example_task_group_decorator.py for tasks to queue
[2026-03-11T06:39:09.901+0530] {logging_mixin.py:188} INFO - [2026-03-11T06:39:09.901+0530] {dagbag.py:540} INFO - Filling up the DagBag from /Users/aswin/Documents/data-engineering-practice/ETL_Airflow_DBT/airflow/airflow_env/lib/python3.11/site-packages/airflow/example_dags/example_task_group_decorator.py
[2026-03-11T06:39:09.917+0530] {processor.py:840} INFO - DAG(s) 'example_task_group_decorator' retrieved from /Users/aswin/Documents/data-engineering-practice/ETL_Airflow_DBT/airflow/airflow_env/lib/python3.11/site-packages/airflow/example_dags/example_task_group_decorator.py
[2026-03-11T06:39:09.947+0530] {logging_mixin.py:188} INFO - [2026-03-11T06:39:09.946+0530] {dag.py:3096} INFO - Sync 1 DAGs
[2026-03-11T06:39:09.951+0530] {logging_mixin.py:188} INFO - [2026-03-11T06:39:09.951+0530] {dag.py:3954} INFO - Setting next_dagrun for example_task_group_decorator to 2026-03-10 00:00:00+00:00, run_after=2026-03-11 00:00:00+00:00
[2026-03-11T06:39:09.957+0530] {processor.py:183} INFO - Processing /Users/aswin/Documents/data-engineering-practice/ETL_Airflow_DBT/airflow/airflow_env/lib/python3.11/site-packages/airflow/example_dags/example_task_group_decorator.py took 0.058 seconds
[2026-03-11T06:40:43.642+0530] {processor.py:161} INFO - Started process (PID=39767) to work on /Users/aswin/Documents/data-engineering-practice/ETL_Airflow_DBT/airflow/airflow_env/lib/python3.11/site-packages/airflow/example_dags/example_task_group_decorator.py
[2026-03-11T06:40:43.643+0530] {processor.py:830} INFO - Processing file /Users/aswin/Documents/data-engineering-practice/ETL_Airflow_DBT/airflow/airflow_env/lib/python3.11/site-packages/airflow/example_dags/example_task_group_decorator.py for tasks to queue
[2026-03-11T06:40:43.643+0530] {logging_mixin.py:188} INFO - [2026-03-11T06:40:43.643+0530] {dagbag.py:540} INFO - Filling up the DagBag from /Users/aswin/Documents/data-engineering-practice/ETL_Airflow_DBT/airflow/airflow_env/lib/python3.11/site-packages/airflow/example_dags/example_task_group_decorator.py
[2026-03-11T06:40:43.658+0530] {processor.py:840} INFO - DAG(s) 'example_task_group_decorator' retrieved from /Users/aswin/Documents/data-engineering-practice/ETL_Airflow_DBT/airflow/airflow_env/lib/python3.11/site-packages/airflow/example_dags/example_task_group_decorator.py
[2026-03-11T06:40:43.688+0530] {logging_mixin.py:188} INFO - [2026-03-11T06:40:43.688+0530] {dag.py:3096} INFO - Sync 1 DAGs
[2026-03-11T06:40:43.693+0530] {logging_mixin.py:188} INFO - [2026-03-11T06:40:43.693+0530] {dag.py:3954} INFO - Setting next_dagrun for example_task_group_decorator to 2026-03-10 00:00:00+00:00, run_after=2026-03-11 00:00:00+00:00
[2026-03-11T06:40:43.699+0530] {processor.py:183} INFO - Processing /Users/aswin/Documents/data-engineering-practice/ETL_Airflow_DBT/airflow/airflow_env/lib/python3.11/site-packages/airflow/example_dags/example_task_group_decorator.py took 0.058 seconds
[2026-03-11T06:42:17.118+0530] {processor.py:161} INFO - Started process (PID=39873) to work on /Users/aswin/Documents/data-engineering-practice/ETL_Airflow_DBT/airflow/airflow_env/lib/python3.11/site-packages/airflow/example_dags/example_task_group_decorator.py
[2026-03-11T06:42:17.119+0530] {processor.py:830} INFO - Processing file /Users/aswin/Documents/data-engineering-practice/ETL_Airflow_DBT/airflow/airflow_env/lib/python3.11/site-packages/airflow/example_dags/example_task_group_decorator.py for tasks to queue
[2026-03-11T06:42:17.119+0530] {logging_mixin.py:188} INFO - [2026-03-11T06:42:17.119+0530] {dagbag.py:540} INFO - Filling up the DagBag from /Users/aswin/Documents/data-engineering-practice/ETL_Airflow_DBT/airflow/airflow_env/lib/python3.11/site-packages/airflow/example_dags/example_task_group_decorator.py
[2026-03-11T06:42:17.134+0530] {processor.py:840} INFO - DAG(s) 'example_task_group_decorator' retrieved from /Users/aswin/Documents/data-engineering-practice/ETL_Airflow_DBT/airflow/airflow_env/lib/python3.11/site-packages/airflow/example_dags/example_task_group_decorator.py
[2026-03-11T06:42:17.165+0530] {logging_mixin.py:188} INFO - [2026-03-11T06:42:17.165+0530] {dag.py:3096} INFO - Sync 1 DAGs
[2026-03-11T06:42:17.170+0530] {logging_mixin.py:188} INFO - [2026-03-11T06:42:17.170+0530] {dag.py:3954} INFO - Setting next_dagrun for example_task_group_decorator to 2026-03-10 00:00:00+00:00, run_after=2026-03-11 00:00:00+00:00
[2026-03-11T06:42:17.175+0530] {processor.py:183} INFO - Processing /Users/aswin/Documents/data-engineering-practice/ETL_Airflow_DBT/airflow/airflow_env/lib/python3.11/site-packages/airflow/example_dags/example_task_group_decorator.py took 0.058 seconds
[2026-03-11T06:43:46.871+0530] {processor.py:161} INFO - Started process (PID=39944) to work on /Users/aswin/Documents/data-engineering-practice/ETL_Airflow_DBT/airflow/airflow_env/lib/python3.11/site-packages/airflow/example_dags/example_task_group_decorator.py
[2026-03-11T06:43:46.871+0530] {processor.py:830} INFO - Processing file /Users/aswin/Documents/data-engineering-practice/ETL_Airflow_DBT/airflow/airflow_env/lib/python3.11/site-packages/airflow/example_dags/example_task_group_decorator.py for tasks to queue
[2026-03-11T06:43:46.871+0530] {logging_mixin.py:188} INFO - [2026-03-11T06:43:46.871+0530] {dagbag.py:540} INFO - Filling up the DagBag from /Users/aswin/Documents/data-engineering-practice/ETL_Airflow_DBT/airflow/airflow_env/lib/python3.11/site-packages/airflow/example_dags/example_task_group_decorator.py
[2026-03-11T06:43:46.886+0530] {processor.py:840} INFO - DAG(s) 'example_task_group_decorator' retrieved from /Users/aswin/Documents/data-engineering-practice/ETL_Airflow_DBT/airflow/airflow_env/lib/python3.11/site-packages/airflow/example_dags/example_task_group_decorator.py
[2026-03-11T06:43:46.917+0530] {logging_mixin.py:188} INFO - [2026-03-11T06:43:46.917+0530] {dag.py:3096} INFO - Sync 1 DAGs
[2026-03-11T06:43:46.922+0530] {logging_mixin.py:188} INFO - [2026-03-11T06:43:46.921+0530] {dag.py:3954} INFO - Setting next_dagrun for example_task_group_decorator to 2026-03-10 00:00:00+00:00, run_after=2026-03-11 00:00:00+00:00
[2026-03-11T06:43:46.927+0530] {processor.py:183} INFO - Processing /Users/aswin/Documents/data-engineering-practice/ETL_Airflow_DBT/airflow/airflow_env/lib/python3.11/site-packages/airflow/example_dags/example_task_group_decorator.py took 0.057 seconds
[2026-03-11T06:45:21.202+0530] {processor.py:161} INFO - Started process (PID=40020) to work on /Users/aswin/Documents/data-engineering-practice/ETL_Airflow_DBT/airflow/airflow_env/lib/python3.11/site-packages/airflow/example_dags/example_task_group_decorator.py
[2026-03-11T06:45:21.203+0530] {processor.py:830} INFO - Processing file /Users/aswin/Documents/data-engineering-practice/ETL_Airflow_DBT/airflow/airflow_env/lib/python3.11/site-packages/airflow/example_dags/example_task_group_decorator.py for tasks to queue
[2026-03-11T06:45:21.203+0530] {logging_mixin.py:188} INFO - [2026-03-11T06:45:21.203+0530] {dagbag.py:540} INFO - Filling up the DagBag from /Users/aswin/Documents/data-engineering-practice/ETL_Airflow_DBT/airflow/airflow_env/lib/python3.11/site-packages/airflow/example_dags/example_task_group_decorator.py
[2026-03-11T06:45:21.218+0530] {processor.py:840} INFO - DAG(s) 'example_task_group_decorator' retrieved from /Users/aswin/Documents/data-engineering-practice/ETL_Airflow_DBT/airflow/airflow_env/lib/python3.11/site-packages/airflow/example_dags/example_task_group_decorator.py
[2026-03-11T06:45:21.248+0530] {logging_mixin.py:188} INFO - [2026-03-11T06:45:21.248+0530] {dag.py:3096} INFO - Sync 1 DAGs
[2026-03-11T06:45:21.253+0530] {logging_mixin.py:188} INFO - [2026-03-11T06:45:21.253+0530] {dag.py:3954} INFO - Setting next_dagrun for example_task_group_decorator to 2026-03-10 00:00:00+00:00, run_after=2026-03-11 00:00:00+00:00
[2026-03-11T06:45:21.258+0530] {processor.py:183} INFO - Processing /Users/aswin/Documents/data-engineering-practice/ETL_Airflow_DBT/airflow/airflow_env/lib/python3.11/site-packages/airflow/example_dags/example_task_group_decorator.py took 0.057 seconds
[2026-03-11T06:46:56.587+0530] {processor.py:161} INFO - Started process (PID=40096) to work on /Users/aswin/Documents/data-engineering-practice/ETL_Airflow_DBT/airflow/airflow_env/lib/python3.11/site-packages/airflow/example_dags/example_task_group_decorator.py
[2026-03-11T06:46:56.588+0530] {processor.py:830} INFO - Processing file /Users/aswin/Documents/data-engineering-practice/ETL_Airflow_DBT/airflow/airflow_env/lib/python3.11/site-packages/airflow/example_dags/example_task_group_decorator.py for tasks to queue
[2026-03-11T06:46:56.588+0530] {logging_mixin.py:188} INFO - [2026-03-11T06:46:56.588+0530] {dagbag.py:540} INFO - Filling up the DagBag from /Users/aswin/Documents/data-engineering-practice/ETL_Airflow_DBT/airflow/airflow_env/lib/python3.11/site-packages/airflow/example_dags/example_task_group_decorator.py
[2026-03-11T06:46:56.603+0530] {processor.py:840} INFO - DAG(s) 'example_task_group_decorator' retrieved from /Users/aswin/Documents/data-engineering-practice/ETL_Airflow_DBT/airflow/airflow_env/lib/python3.11/site-packages/airflow/example_dags/example_task_group_decorator.py
[2026-03-11T06:46:56.633+0530] {logging_mixin.py:188} INFO - [2026-03-11T06:46:56.633+0530] {dag.py:3096} INFO - Sync 1 DAGs
[2026-03-11T06:46:56.638+0530] {logging_mixin.py:188} INFO - [2026-03-11T06:46:56.638+0530] {dag.py:3954} INFO - Setting next_dagrun for example_task_group_decorator to 2026-03-10 00:00:00+00:00, run_after=2026-03-11 00:00:00+00:00
[2026-03-11T06:46:56.644+0530] {processor.py:183} INFO - Processing /Users/aswin/Documents/data-engineering-practice/ETL_Airflow_DBT/airflow/airflow_env/lib/python3.11/site-packages/airflow/example_dags/example_task_group_decorator.py took 0.057 seconds
[2026-03-11T06:48:28.099+0530] {processor.py:161} INFO - Started process (PID=40170) to work on /Users/aswin/Documents/data-engineering-practice/ETL_Airflow_DBT/airflow/airflow_env/lib/python3.11/site-packages/airflow/example_dags/example_task_group_decorator.py
[2026-03-11T06:48:28.099+0530] {processor.py:830} INFO - Processing file /Users/aswin/Documents/data-engineering-practice/ETL_Airflow_DBT/airflow/airflow_env/lib/python3.11/site-packages/airflow/example_dags/example_task_group_decorator.py for tasks to queue
[2026-03-11T06:48:28.100+0530] {logging_mixin.py:188} INFO - [2026-03-11T06:48:28.099+0530] {dagbag.py:540} INFO - Filling up the DagBag from /Users/aswin/Documents/data-engineering-practice/ETL_Airflow_DBT/airflow/airflow_env/lib/python3.11/site-packages/airflow/example_dags/example_task_group_decorator.py
[2026-03-11T06:48:28.115+0530] {processor.py:840} INFO - DAG(s) 'example_task_group_decorator' retrieved from /Users/aswin/Documents/data-engineering-practice/ETL_Airflow_DBT/airflow/airflow_env/lib/python3.11/site-packages/airflow/example_dags/example_task_group_decorator.py
[2026-03-11T06:48:28.145+0530] {logging_mixin.py:188} INFO - [2026-03-11T06:48:28.145+0530] {dag.py:3096} INFO - Sync 1 DAGs
[2026-03-11T06:48:28.150+0530] {logging_mixin.py:188} INFO - [2026-03-11T06:48:28.150+0530] {dag.py:3954} INFO - Setting next_dagrun for example_task_group_decorator to 2026-03-10 00:00:00+00:00, run_after=2026-03-11 00:00:00+00:00
[2026-03-11T06:48:28.155+0530] {processor.py:183} INFO - Processing /Users/aswin/Documents/data-engineering-practice/ETL_Airflow_DBT/airflow/airflow_env/lib/python3.11/site-packages/airflow/example_dags/example_task_group_decorator.py took 0.057 seconds
[2026-03-11T06:49:57.997+0530] {processor.py:161} INFO - Started process (PID=40246) to work on /Users/aswin/Documents/data-engineering-practice/ETL_Airflow_DBT/airflow/airflow_env/lib/python3.11/site-packages/airflow/example_dags/example_task_group_decorator.py
[2026-03-11T06:49:57.998+0530] {processor.py:830} INFO - Processing file /Users/aswin/Documents/data-engineering-practice/ETL_Airflow_DBT/airflow/airflow_env/lib/python3.11/site-packages/airflow/example_dags/example_task_group_decorator.py for tasks to queue
[2026-03-11T06:49:57.998+0530] {logging_mixin.py:188} INFO - [2026-03-11T06:49:57.998+0530] {dagbag.py:540} INFO - Filling up the DagBag from /Users/aswin/Documents/data-engineering-practice/ETL_Airflow_DBT/airflow/airflow_env/lib/python3.11/site-packages/airflow/example_dags/example_task_group_decorator.py
[2026-03-11T06:49:58.013+0530] {processor.py:840} INFO - DAG(s) 'example_task_group_decorator' retrieved from /Users/aswin/Documents/data-engineering-practice/ETL_Airflow_DBT/airflow/airflow_env/lib/python3.11/site-packages/airflow/example_dags/example_task_group_decorator.py
[2026-03-11T06:49:58.043+0530] {logging_mixin.py:188} INFO - [2026-03-11T06:49:58.043+0530] {dag.py:3096} INFO - Sync 1 DAGs
[2026-03-11T06:49:58.048+0530] {logging_mixin.py:188} INFO - [2026-03-11T06:49:58.048+0530] {dag.py:3954} INFO - Setting next_dagrun for example_task_group_decorator to 2026-03-10 00:00:00+00:00, run_after=2026-03-11 00:00:00+00:00
[2026-03-11T06:49:58.054+0530] {processor.py:183} INFO - Processing /Users/aswin/Documents/data-engineering-practice/ETL_Airflow_DBT/airflow/airflow_env/lib/python3.11/site-packages/airflow/example_dags/example_task_group_decorator.py took 0.058 seconds
[2026-03-11T06:51:27.825+0530] {processor.py:161} INFO - Started process (PID=40329) to work on /Users/aswin/Documents/data-engineering-practice/ETL_Airflow_DBT/airflow/airflow_env/lib/python3.11/site-packages/airflow/example_dags/example_task_group_decorator.py
[2026-03-11T06:51:27.825+0530] {processor.py:830} INFO - Processing file /Users/aswin/Documents/data-engineering-practice/ETL_Airflow_DBT/airflow/airflow_env/lib/python3.11/site-packages/airflow/example_dags/example_task_group_decorator.py for tasks to queue
[2026-03-11T06:51:27.825+0530] {logging_mixin.py:188} INFO - [2026-03-11T06:51:27.825+0530] {dagbag.py:540} INFO - Filling up the DagBag from /Users/aswin/Documents/data-engineering-practice/ETL_Airflow_DBT/airflow/airflow_env/lib/python3.11/site-packages/airflow/example_dags/example_task_group_decorator.py
[2026-03-11T06:51:27.841+0530] {processor.py:840} INFO - DAG(s) 'example_task_group_decorator' retrieved from /Users/aswin/Documents/data-engineering-practice/ETL_Airflow_DBT/airflow/airflow_env/lib/python3.11/site-packages/airflow/example_dags/example_task_group_decorator.py
[2026-03-11T06:51:27.872+0530] {logging_mixin.py:188} INFO - [2026-03-11T06:51:27.872+0530] {dag.py:3096} INFO - Sync 1 DAGs
[2026-03-11T06:51:27.877+0530] {logging_mixin.py:188} INFO - [2026-03-11T06:51:27.877+0530] {dag.py:3954} INFO - Setting next_dagrun for example_task_group_decorator to 2026-03-10 00:00:00+00:00, run_after=2026-03-11 00:00:00+00:00
[2026-03-11T06:51:27.883+0530] {processor.py:183} INFO - Processing /Users/aswin/Documents/data-engineering-practice/ETL_Airflow_DBT/airflow/airflow_env/lib/python3.11/site-packages/airflow/example_dags/example_task_group_decorator.py took 0.059 seconds
[2026-03-11T06:52:58.027+0530] {processor.py:161} INFO - Started process (PID=40428) to work on /Users/aswin/Documents/data-engineering-practice/ETL_Airflow_DBT/airflow/airflow_env/lib/python3.11/site-packages/airflow/example_dags/example_task_group_decorator.py
[2026-03-11T06:52:58.028+0530] {processor.py:830} INFO - Processing file /Users/aswin/Documents/data-engineering-practice/ETL_Airflow_DBT/airflow/airflow_env/lib/python3.11/site-packages/airflow/example_dags/example_task_group_decorator.py for tasks to queue
[2026-03-11T06:52:58.028+0530] {logging_mixin.py:188} INFO - [2026-03-11T06:52:58.028+0530] {dagbag.py:540} INFO - Filling up the DagBag from /Users/aswin/Documents/data-engineering-practice/ETL_Airflow_DBT/airflow/airflow_env/lib/python3.11/site-packages/airflow/example_dags/example_task_group_decorator.py
[2026-03-11T06:52:58.043+0530] {processor.py:840} INFO - DAG(s) 'example_task_group_decorator' retrieved from /Users/aswin/Documents/data-engineering-practice/ETL_Airflow_DBT/airflow/airflow_env/lib/python3.11/site-packages/airflow/example_dags/example_task_group_decorator.py
[2026-03-11T06:52:58.073+0530] {logging_mixin.py:188} INFO - [2026-03-11T06:52:58.073+0530] {dag.py:3096} INFO - Sync 1 DAGs
[2026-03-11T06:52:58.078+0530] {logging_mixin.py:188} INFO - [2026-03-11T06:52:58.078+0530] {dag.py:3954} INFO - Setting next_dagrun for example_task_group_decorator to 2026-03-10 00:00:00+00:00, run_after=2026-03-11 00:00:00+00:00
[2026-03-11T06:52:58.084+0530] {processor.py:183} INFO - Processing /Users/aswin/Documents/data-engineering-practice/ETL_Airflow_DBT/airflow/airflow_env/lib/python3.11/site-packages/airflow/example_dags/example_task_group_decorator.py took 0.058 seconds
[2026-03-11T06:54:27.337+0530] {processor.py:161} INFO - Started process (PID=40516) to work on /Users/aswin/Documents/data-engineering-practice/ETL_Airflow_DBT/airflow/airflow_env/lib/python3.11/site-packages/airflow/example_dags/example_task_group_decorator.py
[2026-03-11T06:54:27.338+0530] {processor.py:830} INFO - Processing file /Users/aswin/Documents/data-engineering-practice/ETL_Airflow_DBT/airflow/airflow_env/lib/python3.11/site-packages/airflow/example_dags/example_task_group_decorator.py for tasks to queue
[2026-03-11T06:54:27.338+0530] {logging_mixin.py:188} INFO - [2026-03-11T06:54:27.338+0530] {dagbag.py:540} INFO - Filling up the DagBag from /Users/aswin/Documents/data-engineering-practice/ETL_Airflow_DBT/airflow/airflow_env/lib/python3.11/site-packages/airflow/example_dags/example_task_group_decorator.py
[2026-03-11T06:54:27.353+0530] {processor.py:840} INFO - DAG(s) 'example_task_group_decorator' retrieved from /Users/aswin/Documents/data-engineering-practice/ETL_Airflow_DBT/airflow/airflow_env/lib/python3.11/site-packages/airflow/example_dags/example_task_group_decorator.py
[2026-03-11T06:54:27.383+0530] {logging_mixin.py:188} INFO - [2026-03-11T06:54:27.383+0530] {dag.py:3096} INFO - Sync 1 DAGs
[2026-03-11T06:54:27.388+0530] {logging_mixin.py:188} INFO - [2026-03-11T06:54:27.388+0530] {dag.py:3954} INFO - Setting next_dagrun for example_task_group_decorator to 2026-03-10 00:00:00+00:00, run_after=2026-03-11 00:00:00+00:00
[2026-03-11T06:54:27.394+0530] {processor.py:183} INFO - Processing /Users/aswin/Documents/data-engineering-practice/ETL_Airflow_DBT/airflow/airflow_env/lib/python3.11/site-packages/airflow/example_dags/example_task_group_decorator.py took 0.057 seconds
[2026-03-11T07:01:28.608+0530] {processor.py:161} INFO - Started process (PID=40570) to work on /Users/aswin/Documents/data-engineering-practice/ETL_Airflow_DBT/airflow/airflow_env/lib/python3.11/site-packages/airflow/example_dags/example_task_group_decorator.py
[2026-03-11T07:01:28.609+0530] {processor.py:830} INFO - Processing file /Users/aswin/Documents/data-engineering-practice/ETL_Airflow_DBT/airflow/airflow_env/lib/python3.11/site-packages/airflow/example_dags/example_task_group_decorator.py for tasks to queue
[2026-03-11T07:01:28.609+0530] {logging_mixin.py:188} INFO - [2026-03-11T07:01:28.609+0530] {dagbag.py:540} INFO - Filling up the DagBag from /Users/aswin/Documents/data-engineering-practice/ETL_Airflow_DBT/airflow/airflow_env/lib/python3.11/site-packages/airflow/example_dags/example_task_group_decorator.py
[2026-03-11T07:01:28.625+0530] {processor.py:840} INFO - DAG(s) 'example_task_group_decorator' retrieved from /Users/aswin/Documents/data-engineering-practice/ETL_Airflow_DBT/airflow/airflow_env/lib/python3.11/site-packages/airflow/example_dags/example_task_group_decorator.py
[2026-03-11T07:01:28.657+0530] {logging_mixin.py:188} INFO - [2026-03-11T07:01:28.656+0530] {dag.py:3096} INFO - Sync 1 DAGs
[2026-03-11T07:01:28.662+0530] {logging_mixin.py:188} INFO - [2026-03-11T07:01:28.662+0530] {dag.py:3954} INFO - Setting next_dagrun for example_task_group_decorator to 2026-03-10 00:00:00+00:00, run_after=2026-03-11 00:00:00+00:00
[2026-03-11T07:01:28.667+0530] {processor.py:183} INFO - Processing /Users/aswin/Documents/data-engineering-practice/ETL_Airflow_DBT/airflow/airflow_env/lib/python3.11/site-packages/airflow/example_dags/example_task_group_decorator.py took 0.060 seconds
[2026-03-11T09:07:01.364+0530] {processor.py:161} INFO - Started process (PID=40713) to work on /Users/aswin/Documents/data-engineering-practice/ETL_Airflow_DBT/airflow/airflow_env/lib/python3.11/site-packages/airflow/example_dags/example_task_group_decorator.py
[2026-03-11T09:07:01.365+0530] {processor.py:830} INFO - Processing file /Users/aswin/Documents/data-engineering-practice/ETL_Airflow_DBT/airflow/airflow_env/lib/python3.11/site-packages/airflow/example_dags/example_task_group_decorator.py for tasks to queue
[2026-03-11T09:07:01.365+0530] {logging_mixin.py:188} INFO - [2026-03-11T09:07:01.365+0530] {dagbag.py:540} INFO - Filling up the DagBag from /Users/aswin/Documents/data-engineering-practice/ETL_Airflow_DBT/airflow/airflow_env/lib/python3.11/site-packages/airflow/example_dags/example_task_group_decorator.py
[2026-03-11T09:07:01.381+0530] {processor.py:840} INFO - DAG(s) 'example_task_group_decorator' retrieved from /Users/aswin/Documents/data-engineering-practice/ETL_Airflow_DBT/airflow/airflow_env/lib/python3.11/site-packages/airflow/example_dags/example_task_group_decorator.py
[2026-03-11T09:07:01.411+0530] {logging_mixin.py:188} INFO - [2026-03-11T09:07:01.411+0530] {dag.py:3096} INFO - Sync 1 DAGs
[2026-03-11T09:07:01.416+0530] {logging_mixin.py:188} INFO - [2026-03-11T09:07:01.416+0530] {dag.py:3954} INFO - Setting next_dagrun for example_task_group_decorator to 2026-03-10 00:00:00+00:00, run_after=2026-03-11 00:00:00+00:00
[2026-03-11T09:07:01.422+0530] {processor.py:183} INFO - Processing /Users/aswin/Documents/data-engineering-practice/ETL_Airflow_DBT/airflow/airflow_env/lib/python3.11/site-packages/airflow/example_dags/example_task_group_decorator.py took 0.059 seconds
[2026-03-11T11:35:03.457+0530] {processor.py:161} INFO - Started process (PID=40948) to work on /Users/aswin/Documents/data-engineering-practice/ETL_Airflow_DBT/airflow/airflow_env/lib/python3.11/site-packages/airflow/example_dags/example_task_group_decorator.py
[2026-03-11T11:35:03.458+0530] {processor.py:830} INFO - Processing file /Users/aswin/Documents/data-engineering-practice/ETL_Airflow_DBT/airflow/airflow_env/lib/python3.11/site-packages/airflow/example_dags/example_task_group_decorator.py for tasks to queue
[2026-03-11T11:35:03.458+0530] {logging_mixin.py:188} INFO - [2026-03-11T11:35:03.458+0530] {dagbag.py:540} INFO - Filling up the DagBag from /Users/aswin/Documents/data-engineering-practice/ETL_Airflow_DBT/airflow/airflow_env/lib/python3.11/site-packages/airflow/example_dags/example_task_group_decorator.py
[2026-03-11T11:35:03.473+0530] {processor.py:840} INFO - DAG(s) 'example_task_group_decorator' retrieved from /Users/aswin/Documents/data-engineering-practice/ETL_Airflow_DBT/airflow/airflow_env/lib/python3.11/site-packages/airflow/example_dags/example_task_group_decorator.py
[2026-03-11T11:35:03.503+0530] {logging_mixin.py:188} INFO - [2026-03-11T11:35:03.503+0530] {dag.py:3096} INFO - Sync 1 DAGs
[2026-03-11T11:35:03.508+0530] {logging_mixin.py:188} INFO - [2026-03-11T11:35:03.508+0530] {dag.py:3954} INFO - Setting next_dagrun for example_task_group_decorator to 2026-03-10 00:00:00+00:00, run_after=2026-03-11 00:00:00+00:00
[2026-03-11T11:35:03.514+0530] {processor.py:183} INFO - Processing /Users/aswin/Documents/data-engineering-practice/ETL_Airflow_DBT/airflow/airflow_env/lib/python3.11/site-packages/airflow/example_dags/example_task_group_decorator.py took 0.058 seconds
[2026-03-11T11:50:11.405+0530] {processor.py:161} INFO - Started process (PID=41016) to work on /Users/aswin/Documents/data-engineering-practice/ETL_Airflow_DBT/airflow/airflow_env/lib/python3.11/site-packages/airflow/example_dags/example_task_group_decorator.py
[2026-03-11T11:50:11.406+0530] {processor.py:830} INFO - Processing file /Users/aswin/Documents/data-engineering-practice/ETL_Airflow_DBT/airflow/airflow_env/lib/python3.11/site-packages/airflow/example_dags/example_task_group_decorator.py for tasks to queue
[2026-03-11T11:50:11.406+0530] {logging_mixin.py:188} INFO - [2026-03-11T11:50:11.406+0530] {dagbag.py:540} INFO - Filling up the DagBag from /Users/aswin/Documents/data-engineering-practice/ETL_Airflow_DBT/airflow/airflow_env/lib/python3.11/site-packages/airflow/example_dags/example_task_group_decorator.py
[2026-03-11T11:50:11.421+0530] {processor.py:840} INFO - DAG(s) 'example_task_group_decorator' retrieved from /Users/aswin/Documents/data-engineering-practice/ETL_Airflow_DBT/airflow/airflow_env/lib/python3.11/site-packages/airflow/example_dags/example_task_group_decorator.py
[2026-03-11T11:50:11.451+0530] {logging_mixin.py:188} INFO - [2026-03-11T11:50:11.451+0530] {dag.py:3096} INFO - Sync 1 DAGs
[2026-03-11T11:50:11.456+0530] {logging_mixin.py:188} INFO - [2026-03-11T11:50:11.456+0530] {dag.py:3954} INFO - Setting next_dagrun for example_task_group_decorator to 2026-03-10 00:00:00+00:00, run_after=2026-03-11 00:00:00+00:00
[2026-03-11T11:50:11.461+0530] {processor.py:183} INFO - Processing /Users/aswin/Documents/data-engineering-practice/ETL_Airflow_DBT/airflow/airflow_env/lib/python3.11/site-packages/airflow/example_dags/example_task_group_decorator.py took 0.057 seconds
[2026-03-11T12:16:03.758+0530] {processor.py:161} INFO - Started process (PID=41084) to work on /Users/aswin/Documents/data-engineering-practice/ETL_Airflow_DBT/airflow/airflow_env/lib/python3.11/site-packages/airflow/example_dags/example_task_group_decorator.py
[2026-03-11T12:16:03.758+0530] {processor.py:830} INFO - Processing file /Users/aswin/Documents/data-engineering-practice/ETL_Airflow_DBT/airflow/airflow_env/lib/python3.11/site-packages/airflow/example_dags/example_task_group_decorator.py for tasks to queue
[2026-03-11T12:16:03.759+0530] {logging_mixin.py:188} INFO - [2026-03-11T12:16:03.759+0530] {dagbag.py:540} INFO - Filling up the DagBag from /Users/aswin/Documents/data-engineering-practice/ETL_Airflow_DBT/airflow/airflow_env/lib/python3.11/site-packages/airflow/example_dags/example_task_group_decorator.py
[2026-03-11T12:16:03.775+0530] {processor.py:840} INFO - DAG(s) 'example_task_group_decorator' retrieved from /Users/aswin/Documents/data-engineering-practice/ETL_Airflow_DBT/airflow/airflow_env/lib/python3.11/site-packages/airflow/example_dags/example_task_group_decorator.py
[2026-03-11T12:16:03.805+0530] {logging_mixin.py:188} INFO - [2026-03-11T12:16:03.805+0530] {dag.py:3096} INFO - Sync 1 DAGs
[2026-03-11T12:16:03.810+0530] {logging_mixin.py:188} INFO - [2026-03-11T12:16:03.810+0530] {dag.py:3954} INFO - Setting next_dagrun for example_task_group_decorator to 2026-03-10 00:00:00+00:00, run_after=2026-03-11 00:00:00+00:00
[2026-03-11T12:16:03.816+0530] {processor.py:183} INFO - Processing /Users/aswin/Documents/data-engineering-practice/ETL_Airflow_DBT/airflow/airflow_env/lib/python3.11/site-packages/airflow/example_dags/example_task_group_decorator.py took 0.059 seconds
[2026-03-11T12:17:20.439+0530] {processor.py:161} INFO - Started process (PID=41164) to work on /Users/aswin/Documents/data-engineering-practice/ETL_Airflow_DBT/airflow/airflow_env/lib/python3.11/site-packages/airflow/example_dags/example_task_group_decorator.py
[2026-03-11T12:17:20.440+0530] {processor.py:830} INFO - Processing file /Users/aswin/Documents/data-engineering-practice/ETL_Airflow_DBT/airflow/airflow_env/lib/python3.11/site-packages/airflow/example_dags/example_task_group_decorator.py for tasks to queue
[2026-03-11T12:17:20.440+0530] {logging_mixin.py:188} INFO - [2026-03-11T12:17:20.440+0530] {dagbag.py:540} INFO - Filling up the DagBag from /Users/aswin/Documents/data-engineering-practice/ETL_Airflow_DBT/airflow/airflow_env/lib/python3.11/site-packages/airflow/example_dags/example_task_group_decorator.py
[2026-03-11T12:17:20.458+0530] {processor.py:840} INFO - DAG(s) 'example_task_group_decorator' retrieved from /Users/aswin/Documents/data-engineering-practice/ETL_Airflow_DBT/airflow/airflow_env/lib/python3.11/site-packages/airflow/example_dags/example_task_group_decorator.py
[2026-03-11T12:17:20.492+0530] {logging_mixin.py:188} INFO - [2026-03-11T12:17:20.492+0530] {dag.py:3096} INFO - Sync 1 DAGs
[2026-03-11T12:17:20.498+0530] {logging_mixin.py:188} INFO - [2026-03-11T12:17:20.498+0530] {dag.py:3954} INFO - Setting next_dagrun for example_task_group_decorator to 2026-03-10 00:00:00+00:00, run_after=2026-03-11 00:00:00+00:00
[2026-03-11T12:17:20.504+0530] {processor.py:183} INFO - Processing /Users/aswin/Documents/data-engineering-practice/ETL_Airflow_DBT/airflow/airflow_env/lib/python3.11/site-packages/airflow/example_dags/example_task_group_decorator.py took 0.066 seconds
[2026-03-11T12:18:59.789+0530] {processor.py:161} INFO - Started process (PID=41288) to work on /Users/aswin/Documents/data-engineering-practice/ETL_Airflow_DBT/airflow/airflow_env/lib/python3.11/site-packages/airflow/example_dags/example_task_group_decorator.py
[2026-03-11T12:18:59.791+0530] {processor.py:830} INFO - Processing file /Users/aswin/Documents/data-engineering-practice/ETL_Airflow_DBT/airflow/airflow_env/lib/python3.11/site-packages/airflow/example_dags/example_task_group_decorator.py for tasks to queue
[2026-03-11T12:18:59.791+0530] {logging_mixin.py:188} INFO - [2026-03-11T12:18:59.791+0530] {dagbag.py:540} INFO - Filling up the DagBag from /Users/aswin/Documents/data-engineering-practice/ETL_Airflow_DBT/airflow/airflow_env/lib/python3.11/site-packages/airflow/example_dags/example_task_group_decorator.py
[2026-03-11T12:18:59.809+0530] {processor.py:840} INFO - DAG(s) 'example_task_group_decorator' retrieved from /Users/aswin/Documents/data-engineering-practice/ETL_Airflow_DBT/airflow/airflow_env/lib/python3.11/site-packages/airflow/example_dags/example_task_group_decorator.py
[2026-03-11T12:18:59.843+0530] {logging_mixin.py:188} INFO - [2026-03-11T12:18:59.843+0530] {dag.py:3096} INFO - Sync 1 DAGs
[2026-03-11T12:18:59.849+0530] {logging_mixin.py:188} INFO - [2026-03-11T12:18:59.849+0530] {dag.py:3954} INFO - Setting next_dagrun for example_task_group_decorator to 2026-03-10 00:00:00+00:00, run_after=2026-03-11 00:00:00+00:00
[2026-03-11T12:18:59.856+0530] {processor.py:183} INFO - Processing /Users/aswin/Documents/data-engineering-practice/ETL_Airflow_DBT/airflow/airflow_env/lib/python3.11/site-packages/airflow/example_dags/example_task_group_decorator.py took 0.067 seconds
[2026-03-11T12:20:37.134+0530] {processor.py:161} INFO - Started process (PID=41372) to work on /Users/aswin/Documents/data-engineering-practice/ETL_Airflow_DBT/airflow/airflow_env/lib/python3.11/site-packages/airflow/example_dags/example_task_group_decorator.py
[2026-03-11T12:20:37.134+0530] {processor.py:830} INFO - Processing file /Users/aswin/Documents/data-engineering-practice/ETL_Airflow_DBT/airflow/airflow_env/lib/python3.11/site-packages/airflow/example_dags/example_task_group_decorator.py for tasks to queue
[2026-03-11T12:20:37.134+0530] {logging_mixin.py:188} INFO - [2026-03-11T12:20:37.134+0530] {dagbag.py:540} INFO - Filling up the DagBag from /Users/aswin/Documents/data-engineering-practice/ETL_Airflow_DBT/airflow/airflow_env/lib/python3.11/site-packages/airflow/example_dags/example_task_group_decorator.py
[2026-03-11T12:20:37.152+0530] {processor.py:840} INFO - DAG(s) 'example_task_group_decorator' retrieved from /Users/aswin/Documents/data-engineering-practice/ETL_Airflow_DBT/airflow/airflow_env/lib/python3.11/site-packages/airflow/example_dags/example_task_group_decorator.py
[2026-03-11T12:20:37.187+0530] {logging_mixin.py:188} INFO - [2026-03-11T12:20:37.187+0530] {dag.py:3096} INFO - Sync 1 DAGs
[2026-03-11T12:20:37.193+0530] {logging_mixin.py:188} INFO - [2026-03-11T12:20:37.193+0530] {dag.py:3954} INFO - Setting next_dagrun for example_task_group_decorator to 2026-03-10 00:00:00+00:00, run_after=2026-03-11 00:00:00+00:00
[2026-03-11T12:20:37.199+0530] {processor.py:183} INFO - Processing /Users/aswin/Documents/data-engineering-practice/ETL_Airflow_DBT/airflow/airflow_env/lib/python3.11/site-packages/airflow/example_dags/example_task_group_decorator.py took 0.067 seconds
[2026-03-11T12:22:18.501+0530] {processor.py:161} INFO - Started process (PID=41447) to work on /Users/aswin/Documents/data-engineering-practice/ETL_Airflow_DBT/airflow/airflow_env/lib/python3.11/site-packages/airflow/example_dags/example_task_group_decorator.py
[2026-03-11T12:22:18.502+0530] {processor.py:830} INFO - Processing file /Users/aswin/Documents/data-engineering-practice/ETL_Airflow_DBT/airflow/airflow_env/lib/python3.11/site-packages/airflow/example_dags/example_task_group_decorator.py for tasks to queue
[2026-03-11T12:22:18.502+0530] {logging_mixin.py:188} INFO - [2026-03-11T12:22:18.502+0530] {dagbag.py:540} INFO - Filling up the DagBag from /Users/aswin/Documents/data-engineering-practice/ETL_Airflow_DBT/airflow/airflow_env/lib/python3.11/site-packages/airflow/example_dags/example_task_group_decorator.py
[2026-03-11T12:22:18.517+0530] {processor.py:840} INFO - DAG(s) 'example_task_group_decorator' retrieved from /Users/aswin/Documents/data-engineering-practice/ETL_Airflow_DBT/airflow/airflow_env/lib/python3.11/site-packages/airflow/example_dags/example_task_group_decorator.py
[2026-03-11T12:22:18.547+0530] {logging_mixin.py:188} INFO - [2026-03-11T12:22:18.547+0530] {dag.py:3096} INFO - Sync 1 DAGs
[2026-03-11T12:22:18.552+0530] {logging_mixin.py:188} INFO - [2026-03-11T12:22:18.552+0530] {dag.py:3954} INFO - Setting next_dagrun for example_task_group_decorator to 2026-03-10 00:00:00+00:00, run_after=2026-03-11 00:00:00+00:00
[2026-03-11T12:22:18.558+0530] {processor.py:183} INFO - Processing /Users/aswin/Documents/data-engineering-practice/ETL_Airflow_DBT/airflow/airflow_env/lib/python3.11/site-packages/airflow/example_dags/example_task_group_decorator.py took 0.058 seconds
[2026-03-11T12:23:49.992+0530] {processor.py:161} INFO - Started process (PID=41521) to work on /Users/aswin/Documents/data-engineering-practice/ETL_Airflow_DBT/airflow/airflow_env/lib/python3.11/site-packages/airflow/example_dags/example_task_group_decorator.py
[2026-03-11T12:23:49.993+0530] {processor.py:830} INFO - Processing file /Users/aswin/Documents/data-engineering-practice/ETL_Airflow_DBT/airflow/airflow_env/lib/python3.11/site-packages/airflow/example_dags/example_task_group_decorator.py for tasks to queue
[2026-03-11T12:23:49.994+0530] {logging_mixin.py:188} INFO - [2026-03-11T12:23:49.994+0530] {dagbag.py:540} INFO - Filling up the DagBag from /Users/aswin/Documents/data-engineering-practice/ETL_Airflow_DBT/airflow/airflow_env/lib/python3.11/site-packages/airflow/example_dags/example_task_group_decorator.py
[2026-03-11T12:23:50.009+0530] {processor.py:840} INFO - DAG(s) 'example_task_group_decorator' retrieved from /Users/aswin/Documents/data-engineering-practice/ETL_Airflow_DBT/airflow/airflow_env/lib/python3.11/site-packages/airflow/example_dags/example_task_group_decorator.py
[2026-03-11T12:23:50.039+0530] {logging_mixin.py:188} INFO - [2026-03-11T12:23:50.039+0530] {dag.py:3096} INFO - Sync 1 DAGs
[2026-03-11T12:23:50.045+0530] {logging_mixin.py:188} INFO - [2026-03-11T12:23:50.045+0530] {dag.py:3954} INFO - Setting next_dagrun for example_task_group_decorator to 2026-03-10 00:00:00+00:00, run_after=2026-03-11 00:00:00+00:00
[2026-03-11T12:23:50.051+0530] {processor.py:183} INFO - Processing /Users/aswin/Documents/data-engineering-practice/ETL_Airflow_DBT/airflow/airflow_env/lib/python3.11/site-packages/airflow/example_dags/example_task_group_decorator.py took 0.060 seconds
[2026-03-11T12:25:26.903+0530] {processor.py:161} INFO - Started process (PID=41597) to work on /Users/aswin/Documents/data-engineering-practice/ETL_Airflow_DBT/airflow/airflow_env/lib/python3.11/site-packages/airflow/example_dags/example_task_group_decorator.py
[2026-03-11T12:25:26.904+0530] {processor.py:830} INFO - Processing file /Users/aswin/Documents/data-engineering-practice/ETL_Airflow_DBT/airflow/airflow_env/lib/python3.11/site-packages/airflow/example_dags/example_task_group_decorator.py for tasks to queue
[2026-03-11T12:25:26.904+0530] {logging_mixin.py:188} INFO - [2026-03-11T12:25:26.904+0530] {dagbag.py:540} INFO - Filling up the DagBag from /Users/aswin/Documents/data-engineering-practice/ETL_Airflow_DBT/airflow/airflow_env/lib/python3.11/site-packages/airflow/example_dags/example_task_group_decorator.py
[2026-03-11T12:25:26.923+0530] {processor.py:840} INFO - DAG(s) 'example_task_group_decorator' retrieved from /Users/aswin/Documents/data-engineering-practice/ETL_Airflow_DBT/airflow/airflow_env/lib/python3.11/site-packages/airflow/example_dags/example_task_group_decorator.py
[2026-03-11T12:25:26.956+0530] {logging_mixin.py:188} INFO - [2026-03-11T12:25:26.956+0530] {dag.py:3096} INFO - Sync 1 DAGs
[2026-03-11T12:25:26.962+0530] {logging_mixin.py:188} INFO - [2026-03-11T12:25:26.962+0530] {dag.py:3954} INFO - Setting next_dagrun for example_task_group_decorator to 2026-03-10 00:00:00+00:00, run_after=2026-03-11 00:00:00+00:00
[2026-03-11T12:25:26.967+0530] {processor.py:183} INFO - Processing /Users/aswin/Documents/data-engineering-practice/ETL_Airflow_DBT/airflow/airflow_env/lib/python3.11/site-packages/airflow/example_dags/example_task_group_decorator.py took 0.065 seconds
